Linux 5.14.0-570.60.1.el9_6.x86_64 *****) 	03/24/2026 	_x86_64_	(64 CPU)

05:29:48 PM   UID       PID    %usr %system  %guest   %wait    %CPU   CPU  Command
05:29:49 PM 100998   3032224    0.00    0.00    0.00    0.00    0.00    10  postgres
05:29:49 PM 100998   3032225    0.00    0.00    0.00    0.00    0.00    12  postgres
05:29:49 PM 100998   3032227    0.00    0.00    0.00    0.00    0.00    10  postgres
05:29:49 PM 100998   3032228    0.00    0.00    0.00    0.00    0.00    12  postgres
05:29:49 PM 100998   3032489    0.00    0.00    0.00    0.00    0.00    14  postgres
05:29:49 PM 100998   3032493    0.00    0.00    0.00    0.00    0.00    10  postgres
05:29:49 PM 100998   3032494    0.00    0.00    0.00    0.00    0.00    14  postgres
05:29:49 PM 100998   3032495    0.00    0.00    0.00    0.00    0.00    10  postgres
05:29:49 PM 100998   3032496    0.00    0.00    0.00    0.00    0.00    14  postgres
05:29:49 PM 100998   3032497    0.00    0.00    0.00    0.00    0.00    10  postgres
05:29:49 PM 100998   3032499    0.00    0.00    0.00    0.00    0.00    14  postgres
05:29:49 PM 100998   3032502    0.00    0.00    0.00    0.00    0.00    10  postgres
05:29:49 PM 100998   3032518    0.00    0.00    0.00    0.00    0.00    14  postgres
05:29:49 PM 100998   3032520    0.00    0.00    0.00    0.00    0.00    10  postgres
05:29:49 PM 100998   3032521    0.00    0.00    0.00    0.00    0.00    14  postgres
05:29:49 PM 100998   3032523    0.00    0.00    0.00    0.00    0.00    10  postgres
05:29:49 PM 100998   3032525    0.00    0.00    0.00    0.00    0.00    14  postgres
05:29:49 PM 100998   3032530    0.00    0.00    0.00    0.00    0.00    10  postgres
05:29:49 PM 100998   3032539    0.00    0.00    0.00    0.00    0.00    14  postgres
05:29:49 PM 100998   3032560    0.00    0.00    0.00    0.00    0.00    10  postgres
05:29:49 PM 100998   3032564    0.00    0.00    0.00    0.00    0.00    14  postgres
05:29:49 PM 100998   3032571    0.00    0.00    0.00    0.00    0.00    10  postgres
05:29:49 PM 100998   3032592    0.00    0.00    0.00    0.00    0.00    14  postgres
05:29:49 PM 100998   3032648    0.00    0.00    0.00    0.00    0.00    10  postgres
05:29:49 PM 100998   3032701    0.00    0.00    0.00    0.00    0.00    14  postgres
05:29:49 PM 100998   3032755    0.00    0.00    0.00    0.00    0.00    10  postgres
05:29:49 PM 100998   3032796    0.00    0.00    0.00    0.00    0.00    14  postgres
05:29:49 PM 100998   3032798    0.00    0.00    0.00    0.00    0.00    10  postgres
05:29:49 PM 100998   3032799    0.00    0.00    0.00    0.00    0.00    14  postgres
05:29:49 PM 100998   3032800    0.00    0.00    0.00    0.00    0.00    10  postgres
05:29:49 PM 100998   3032801    0.00    0.00    0.00    0.00    0.00    14  postgres
05:29:49 PM 100998   3032802    0.00    0.00    0.00    0.00    0.00    10  postgres
05:29:49 PM 100998   3032803    0.00    0.00    0.00    0.00    0.00    14  postgres
05:29:49 PM 100998   3032804    0.00    0.00    0.00    0.00    0.00    10  postgres
05:29:49 PM 100998   3032807    0.00    0.00    0.00    0.00    0.00    14  postgres
05:29:49 PM 100998   3032809    0.00    0.00    0.00    0.00    0.00    10  postgres
05:29:49 PM 100998   3032811    0.00    0.00    0.00    0.00    0.00    14  postgres
05:29:49 PM 100998   3032813    0.00    0.00    0.00    0.00    0.00    10  postgres
05:29:49 PM 100998   3032818    0.00    0.00    0.00    0.00    0.00    14  postgres
05:29:49 PM 100998   3032847    0.00    0.00    0.00    0.00    0.00    10  postgres
05:29:49 PM 100998   3032851    0.00    0.00    0.00    0.00    0.00    14  postgres
05:29:49 PM 100998   3032871    0.00    0.00    0.00    0.00    0.00    10  postgres
05:29:49 PM 100998   3032922    0.00    0.00    0.00    0.00    0.00    14  postgres
05:29:49 PM 100998   3032972    0.00    0.00    0.00    0.00    0.00    10  postgres
05:29:49 PM 100998   3033023    0.00    0.00    0.00    0.00    0.00    14  postgres
05:29:49 PM 100998   3033066    0.00    0.00    0.00    0.00    0.00    10  postgres
05:29:49 PM 100998   3033081    0.00    0.00    0.00    0.00    0.00    14  postgres
05:29:49 PM 100998   3033082    0.00    0.00    0.00    0.00    0.00    10  postgres
05:29:49 PM 100998   3033083    0.00    0.00    0.00    0.00    0.00    14  postgres
05:29:49 PM 100998   3033084    0.00    0.00    0.00    0.00    0.00    10  postgres
05:29:49 PM 100998   3033085    0.00    0.00    0.00    0.00    0.00    14  postgres
05:29:49 PM 100998   3033086    0.00    0.00    0.00    0.00    0.00    10  postgres
05:29:49 PM 100998   3033087    0.00    0.00    0.00    0.00    0.00    14  postgres
05:29:49 PM 100998   3033090    0.00    0.00    0.00    0.00    0.00    10  postgres

05:29:49 PM   UID       PID    %usr %system  %guest   %wait    %CPU   CPU  Command
05:29:50 PM 100998   3032224    0.00    0.00    0.00    0.00    0.00    10  postgres
05:29:50 PM 100998   3032225    0.00    0.00    0.00    0.00    0.00    12  postgres
05:29:50 PM 100998   3032227    0.00    0.00    0.00    0.00    0.00    10  postgres
05:29:50 PM 100998   3032228    0.00    0.00    0.00    0.00    0.00    12  postgres
05:29:50 PM 100998   3032489    0.00    0.00    0.00    0.00    0.00    14  postgres
05:29:50 PM 100998   3032493    0.00    0.00    0.00    0.00    0.00    10  postgres
05:29:50 PM 100998   3032494    0.00    0.00    0.00    0.00    0.00    14  postgres
05:29:50 PM 100998   3032495    0.00    0.00    0.00    0.00    0.00    10  postgres
05:29:50 PM 100998   3032496    0.00    0.00    0.00    0.00    0.00    14  postgres
05:29:50 PM 100998   3032497    0.00    0.00    0.00    0.00    0.00    10  postgres
05:29:50 PM 100998   3032499    0.00    0.00    0.00    0.00    0.00    14  postgres
05:29:50 PM 100998   3032502    0.00    0.00    0.00    0.00    0.00    10  postgres
05:29:50 PM 100998   3032518    0.00    0.00    0.00    0.00    0.00    14  postgres
05:29:50 PM 100998   3032520    0.00    0.00    0.00    0.00    0.00    10  postgres
05:29:50 PM 100998   3032521    0.00    0.00    0.00    0.00    0.00    14  postgres
05:29:50 PM 100998   3032523    0.00    0.00    0.00    0.00    0.00    10  postgres
05:29:50 PM 100998   3032525    0.00    0.00    0.00    0.00    0.00    14  postgres
05:29:50 PM 100998   3032530    0.00    0.00    0.00    0.00    0.00    10  postgres
05:29:50 PM 100998   3032539    0.00    0.00    0.00    0.00    0.00    14  postgres
05:29:50 PM 100998   3032560    0.00    0.00    0.00    0.00    0.00    10  postgres
05:29:50 PM 100998   3032564    0.00    0.00    0.00    0.00    0.00    14  postgres
05:29:50 PM 100998   3032571    0.00    0.00    0.00    0.00    0.00    10  postgres
05:29:50 PM 100998   3032592    0.00    0.00    0.00    0.00    0.00    14  postgres
05:29:50 PM 100998   3032648    0.00    0.00    0.00    0.00    0.00    10  postgres
05:29:50 PM 100998   3032701    0.00    0.00    0.00    0.00    0.00    14  postgres
05:29:50 PM 100998   3032755    0.00    0.00    0.00    0.00    0.00    10  postgres
05:29:50 PM 100998   3032796    0.00    0.00    0.00    0.00    0.00    14  postgres
05:29:50 PM 100998   3032798    0.00    0.00    0.00    0.00    0.00    10  postgres
05:29:50 PM 100998   3032799    0.00    0.00    0.00    0.00    0.00    14  postgres
05:29:50 PM 100998   3032800    0.00    0.00    0.00    0.00    0.00    10  postgres
05:29:50 PM 100998   3032801    0.00    0.00    0.00    0.00    0.00    14  postgres
05:29:50 PM 100998   3032802    0.00    0.00    0.00    0.00    0.00    10  postgres
05:29:50 PM 100998   3032803    0.00    0.00    0.00    0.00    0.00    14  postgres
05:29:50 PM 100998   3032804    0.00    0.00    0.00    0.00    0.00    10  postgres
05:29:50 PM 100998   3032807    0.00    0.00    0.00    0.00    0.00    14  postgres
05:29:50 PM 100998   3032809    0.00    0.00    0.00    0.00    0.00    10  postgres
05:29:50 PM 100998   3032811    0.00    0.00    0.00    0.00    0.00    14  postgres
05:29:50 PM 100998   3032813    0.00    0.00    0.00    0.00    0.00    10  postgres
05:29:50 PM 100998   3032818    0.00    0.00    0.00    0.00    0.00    14  postgres
05:29:50 PM 100998   3032847    0.00    0.00    0.00    0.00    0.00    10  postgres
05:29:50 PM 100998   3032851    0.00    0.00    0.00    0.00    0.00    14  postgres
05:29:50 PM 100998   3032871    0.00    0.00    0.00    0.00    0.00    10  postgres
05:29:50 PM 100998   3032922    0.00    0.00    0.00    0.00    0.00    14  postgres
05:29:50 PM 100998   3032972    0.00    0.00    0.00    0.00    0.00    10  postgres
05:29:50 PM 100998   3033023    0.00    0.00    0.00    0.00    0.00    14  postgres
05:29:50 PM 100998   3033066    0.00    0.00    0.00    0.00    0.00    10  postgres
05:29:50 PM 100998   3033081    0.00    0.00    0.00    0.00    0.00    14  postgres
05:29:50 PM 100998   3033082    0.00    0.00    0.00    0.00    0.00    10  postgres
05:29:50 PM 100998   3033083    0.00    0.00    0.00    0.00    0.00    14  postgres
05:29:50 PM 100998   3033084    0.00    0.00    0.00    0.00    0.00    10  postgres
05:29:50 PM 100998   3033085    0.00    0.00    0.00    0.00    0.00    14  postgres
05:29:50 PM 100998   3033086    0.00    0.00    0.00    0.00    0.00    10  postgres
05:29:50 PM 100998   3033087    0.00    0.00    0.00    0.00    0.00    14  postgres
05:29:50 PM 100998   3033090    0.00    0.00    0.00    0.00    0.00    10  postgres

05:29:50 PM   UID       PID    %usr %system  %guest   %wait    %CPU   CPU  Command
05:29:51 PM 100998   3032224    0.00    0.00    0.00    0.00    0.00    10  postgres
05:29:51 PM 100998   3032225    0.00    0.00    0.00    0.00    0.00    12  postgres
05:29:51 PM 100998   3032227    0.00    0.00    0.00    0.00    0.00    10  postgres
05:29:51 PM 100998   3032228    0.00    0.00    0.00    0.00    0.00    12  postgres
05:29:51 PM 100998   3032489    0.00    0.00    0.00    0.00    0.00    14  postgres
05:29:51 PM 100998   3032493    0.00    0.00    0.00    0.00    0.00    10  postgres
05:29:51 PM 100998   3032494    0.00    0.00    0.00    0.00    0.00    14  postgres
05:29:51 PM 100998   3032495    0.00    0.00    0.00    0.00    0.00    10  postgres
05:29:51 PM 100998   3032496    0.00    0.00    0.00    0.00    0.00    14  postgres
05:29:51 PM 100998   3032497    0.00    0.00    0.00    0.00    0.00    10  postgres
05:29:51 PM 100998   3032499    0.00    0.00    0.00    0.00    0.00    14  postgres
05:29:51 PM 100998   3032502    0.00    0.00    0.00    0.00    0.00    10  postgres
05:29:51 PM 100998   3032518    0.00    0.00    0.00    0.00    0.00    14  postgres
05:29:51 PM 100998   3032520    0.00    0.00    0.00    0.00    0.00    10  postgres
05:29:51 PM 100998   3032521    0.00    0.00    0.00    0.00    0.00    14  postgres
05:29:51 PM 100998   3032523    0.00    0.00    0.00    0.00    0.00    10  postgres
05:29:51 PM 100998   3032525    0.00    0.00    0.00    0.00    0.00    14  postgres
05:29:51 PM 100998   3032530    0.00    0.00    0.00    0.00    0.00    10  postgres
05:29:51 PM 100998   3032539    0.00    0.00    0.00    0.00    0.00    14  postgres
05:29:51 PM 100998   3032560    0.00    0.00    0.00    0.00    0.00    10  postgres
05:29:51 PM 100998   3032564    0.00    0.00    0.00    0.00    0.00    14  postgres
05:29:51 PM 100998   3032571    0.00    0.00    0.00    0.00    0.00    10  postgres
05:29:51 PM 100998   3032592    0.00    0.00    0.00    0.00    0.00    14  postgres
05:29:51 PM 100998   3032648    0.00    0.00    0.00    0.00    0.00    10  postgres
05:29:51 PM 100998   3032701    0.00    0.00    0.00    0.00    0.00    14  postgres
05:29:51 PM 100998   3032755    0.00    0.00    0.00    0.00    0.00    10  postgres
05:29:51 PM 100998   3032796    0.00    0.00    0.00    0.00    0.00    14  postgres
05:29:51 PM 100998   3032798    0.00    0.00    0.00    0.00    0.00    10  postgres
05:29:51 PM 100998   3032799    0.00    0.00    0.00    0.00    0.00    14  postgres
05:29:51 PM 100998   3032800    0.00    0.00    0.00    0.00    0.00    10  postgres
05:29:51 PM 100998   3032801    0.00    0.00    0.00    0.00    0.00    14  postgres
05:29:51 PM 100998   3032802    0.00    0.00    0.00    0.00    0.00    10  postgres
05:29:51 PM 100998   3032803    0.00    0.00    0.00    0.00    0.00    14  postgres
05:29:51 PM 100998   3032804    0.00    0.00    0.00    0.00    0.00    10  postgres
05:29:51 PM 100998   3032807    0.00    0.00    0.00    0.00    0.00    14  postgres
05:29:51 PM 100998   3032809    0.00    0.00    0.00    0.00    0.00    10  postgres
05:29:51 PM 100998   3032811    0.00    0.00    0.00    0.00    0.00    14  postgres
05:29:51 PM 100998   3032813    0.00    0.00    0.00    0.00    0.00    10  postgres
05:29:51 PM 100998   3032818    0.00    0.00    0.00    0.00    0.00    14  postgres
05:29:51 PM 100998   3032847    0.00    0.00    0.00    0.00    0.00    10  postgres
05:29:51 PM 100998   3032851    0.00    0.00    0.00    0.00    0.00    14  postgres
05:29:51 PM 100998   3032871    0.00    0.00    0.00    0.00    0.00    10  postgres
05:29:51 PM 100998   3032922    0.00    0.00    0.00    0.00    0.00    14  postgres
05:29:51 PM 100998   3032972    0.00    0.00    0.00    0.00    0.00    10  postgres
05:29:51 PM 100998   3033023    0.00    0.00    0.00    0.00    0.00    14  postgres
05:29:51 PM 100998   3033066    0.00    0.00    0.00    0.00    0.00    10  postgres
05:29:51 PM 100998   3033081    0.00    0.00    0.00    0.00    0.00    14  postgres
05:29:51 PM 100998   3033082    0.00    0.00    0.00    0.00    0.00    10  postgres
05:29:51 PM 100998   3033083    0.00    0.00    0.00    0.00    0.00    14  postgres
05:29:51 PM 100998   3033084    0.00    0.00    0.00    0.00    0.00    10  postgres
05:29:51 PM 100998   3033085    0.00    0.00    0.00    0.00    0.00    14  postgres
05:29:51 PM 100998   3033086    0.00    0.00    0.00    0.00    0.00    10  postgres
05:29:51 PM 100998   3033087    0.00    0.00    0.00    0.00    0.00    14  postgres
05:29:51 PM 100998   3033090    0.00    0.00    0.00    0.00    0.00    10  postgres

05:29:51 PM   UID       PID    %usr %system  %guest   %wait    %CPU   CPU  Command
05:29:52 PM 100998   3032224    0.00    0.00    0.00    0.00    0.00    10  postgres
05:29:52 PM 100998   3032225    0.00    0.00    0.00    0.00    0.00    12  postgres
05:29:52 PM 100998   3032227    0.00    0.00    0.00    0.00    0.00    10  postgres
05:29:52 PM 100998   3032228    0.00    0.00    0.00    0.00    0.00    12  postgres
05:29:52 PM 100998   3032489    0.00    0.00    0.00    0.00    0.00    14  postgres
05:29:52 PM 100998   3032493    0.00    0.00    0.00    0.00    0.00    10  postgres
05:29:52 PM 100998   3032494    0.00    0.00    0.00    0.00    0.00    14  postgres
05:29:52 PM 100998   3032495    0.00    0.00    0.00    0.00    0.00    10  postgres
05:29:52 PM 100998   3032496    0.00    0.00    0.00    0.00    0.00    14  postgres
05:29:52 PM 100998   3032497    0.00    0.00    0.00    0.00    0.00    10  postgres
05:29:52 PM 100998   3032499    0.00    0.00    0.00    0.00    0.00    14  postgres
05:29:52 PM 100998   3032502    0.00    0.00    0.00    0.00    0.00    10  postgres
05:29:52 PM 100998   3032518    0.00    0.00    0.00    0.00    0.00    14  postgres
05:29:52 PM 100998   3032520    0.00    0.00    0.00    0.00    0.00    10  postgres
05:29:52 PM 100998   3032521    0.00    0.00    0.00    0.00    0.00    14  postgres
05:29:52 PM 100998   3032523    0.00    0.00    0.00    0.00    0.00    10  postgres
05:29:52 PM 100998   3032525    0.00    0.00    0.00    0.00    0.00    14  postgres
05:29:52 PM 100998   3032530    0.00    0.00    0.00    0.00    0.00    10  postgres
05:29:52 PM 100998   3032539    0.00    0.00    0.00    0.00    0.00    14  postgres
05:29:52 PM 100998   3032560    0.00    0.00    0.00    0.00    0.00    10  postgres
05:29:52 PM 100998   3032564    0.00    0.00    0.00    0.00    0.00    14  postgres
05:29:52 PM 100998   3032571    0.00    0.00    0.00    0.00    0.00    10  postgres
05:29:52 PM 100998   3032592    0.00    0.00    0.00    0.00    0.00    14  postgres
05:29:52 PM 100998   3032648    0.00    0.00    0.00    0.00    0.00    10  postgres
05:29:52 PM 100998   3032701    0.00    0.00    0.00    0.00    0.00    14  postgres
05:29:52 PM 100998   3032755    0.00    0.00    0.00    0.00    0.00    10  postgres
05:29:52 PM 100998   3032796    0.00    0.00    0.00    0.00    0.00    14  postgres
05:29:52 PM 100998   3032798    0.00    0.00    0.00    0.00    0.00    10  postgres
05:29:52 PM 100998   3032799    0.00    0.00    0.00    0.00    0.00    14  postgres
05:29:52 PM 100998   3032800    0.00    0.00    0.00    0.00    0.00    10  postgres
05:29:52 PM 100998   3032801    0.00    0.00    0.00    0.00    0.00    14  postgres
05:29:52 PM 100998   3032802    0.00    0.00    0.00    0.00    0.00    10  postgres
05:29:52 PM 100998   3032803    0.00    0.00    0.00    0.00    0.00    14  postgres
05:29:52 PM 100998   3032804    0.00    0.00    0.00    0.00    0.00    10  postgres
05:29:52 PM 100998   3032807    0.00    0.00    0.00    0.00    0.00    14  postgres
05:29:52 PM 100998   3032809    0.00    0.00    0.00    0.00    0.00    10  postgres
05:29:52 PM 100998   3032811    0.00    0.00    0.00    0.00    0.00    14  postgres
05:29:52 PM 100998   3032813    0.00    0.00    0.00    0.00    0.00    10  postgres
05:29:52 PM 100998   3032818    0.00    0.00    0.00    0.00    0.00    14  postgres
05:29:52 PM 100998   3032847    0.00    0.00    0.00    0.00    0.00    10  postgres
05:29:52 PM 100998   3032851    0.00    0.00    0.00    0.00    0.00    14  postgres
05:29:52 PM 100998   3032871    0.00    0.00    0.00    0.00    0.00    10  postgres
05:29:52 PM 100998   3032922    0.00    0.00    0.00    0.00    0.00    14  postgres
05:29:52 PM 100998   3032972    0.00    0.00    0.00    0.00    0.00    10  postgres
05:29:52 PM 100998   3033023    0.00    0.00    0.00    0.00    0.00    14  postgres
05:29:52 PM 100998   3033066    0.00    0.00    0.00    0.00    0.00    10  postgres
05:29:52 PM 100998   3033081    0.00    0.00    0.00    0.00    0.00    14  postgres
05:29:52 PM 100998   3033082    0.00    0.00    0.00    0.00    0.00    10  postgres
05:29:52 PM 100998   3033083    0.00    0.00    0.00    0.00    0.00    14  postgres
05:29:52 PM 100998   3033084    0.00    0.00    0.00    0.00    0.00    10  postgres
05:29:52 PM 100998   3033085    0.00    0.00    0.00    0.00    0.00    14  postgres
05:29:52 PM 100998   3033086    0.00    0.00    0.00    0.00    0.00    10  postgres
05:29:52 PM 100998   3033087    0.00    0.00    0.00    0.00    0.00    14  postgres
05:29:52 PM 100998   3033090    0.00    0.00    0.00    0.00    0.00    10  postgres

05:29:52 PM   UID       PID    %usr %system  %guest   %wait    %CPU   CPU  Command
05:29:53 PM 100998   3032224    0.00    0.00    0.00    0.00    0.00    10  postgres
05:29:53 PM 100998   3032225    0.00    0.00    0.00    0.00    0.00    12  postgres
05:29:53 PM 100998   3032227    0.00    0.00    0.00    0.00    0.00    10  postgres
05:29:53 PM 100998   3032228    0.00    0.00    0.00    0.00    0.00    12  postgres
05:29:53 PM 100998   3032489    0.00    0.00    0.00    0.00    0.00    14  postgres
05:29:53 PM 100998   3032493    0.00    0.00    0.00    0.00    0.00    10  postgres
05:29:53 PM 100998   3032494    0.00    0.00    0.00    0.00    0.00    14  postgres
05:29:53 PM 100998   3032495    0.00    0.00    0.00    0.00    0.00    10  postgres
05:29:53 PM 100998   3032496    0.00    0.00    0.00    0.00    0.00    14  postgres
05:29:53 PM 100998   3032497    0.00    0.00    0.00    0.00    0.00    10  postgres
05:29:53 PM 100998   3032499    0.00    0.00    0.00    0.00    0.00    14  postgres
05:29:53 PM 100998   3032502    0.00    0.00    0.00    0.00    0.00    10  postgres
05:29:53 PM 100998   3032518    0.00    0.00    0.00    0.00    0.00    14  postgres
05:29:53 PM 100998   3032520    0.00    0.00    0.00    0.00    0.00    10  postgres
05:29:53 PM 100998   3032521    0.00    0.00    0.00    0.00    0.00    14  postgres
05:29:53 PM 100998   3032523    0.00    0.00    0.00    0.00    0.00    10  postgres
05:29:53 PM 100998   3032525    0.00    0.00    0.00    0.00    0.00    14  postgres
05:29:53 PM 100998   3032530    0.00    0.00    0.00    0.00    0.00    10  postgres
05:29:53 PM 100998   3032539    0.00    0.00    0.00    0.00    0.00    14  postgres
05:29:53 PM 100998   3032560    0.00    0.00    0.00    0.00    0.00    10  postgres
05:29:53 PM 100998   3032564    0.00    0.00    0.00    0.00    0.00    14  postgres
05:29:53 PM 100998   3032571    0.00    0.00    0.00    0.00    0.00    10  postgres
05:29:53 PM 100998   3032592    0.00    0.00    0.00    0.00    0.00    14  postgres
05:29:53 PM 100998   3032648    0.00    0.00    0.00    0.00    0.00    10  postgres
05:29:53 PM 100998   3032701    0.00    0.00    0.00    0.00    0.00    14  postgres
05:29:53 PM 100998   3032755    0.00    0.00    0.00    0.00    0.00    10  postgres
05:29:53 PM 100998   3032796    0.00    0.00    0.00    0.00    0.00    14  postgres
05:29:53 PM 100998   3032798    0.00    0.00    0.00    0.00    0.00    10  postgres
05:29:53 PM 100998   3032799    0.00    0.00    0.00    0.00    0.00    14  postgres
05:29:53 PM 100998   3032800    0.00    0.00    0.00    0.00    0.00    10  postgres
05:29:53 PM 100998   3032801    0.00    0.00    0.00    0.00    0.00    14  postgres
05:29:53 PM 100998   3032802    0.00    0.00    0.00    0.00    0.00    10  postgres
05:29:53 PM 100998   3032803    0.00    0.00    0.00    0.00    0.00    14  postgres
05:29:53 PM 100998   3032804    0.00    0.00    0.00    0.00    0.00    10  postgres
05:29:53 PM 100998   3032807    0.00    0.00    0.00    0.00    0.00    14  postgres
05:29:53 PM 100998   3032809    0.00    0.00    0.00    0.00    0.00    10  postgres
05:29:53 PM 100998   3032811    0.00    0.00    0.00    0.00    0.00    14  postgres
05:29:53 PM 100998   3032813    0.00    0.00    0.00    0.00    0.00    10  postgres
05:29:53 PM 100998   3032818    0.00    0.00    0.00    0.00    0.00    14  postgres
05:29:53 PM 100998   3032847    0.00    0.00    0.00    0.00    0.00    10  postgres
05:29:53 PM 100998   3032851    0.00    0.00    0.00    0.00    0.00    14  postgres
05:29:53 PM 100998   3032871    0.00    0.00    0.00    0.00    0.00    10  postgres
05:29:53 PM 100998   3032922    0.00    0.00    0.00    0.00    0.00    14  postgres
05:29:53 PM 100998   3032972    0.00    0.00    0.00    0.00    0.00    10  postgres
05:29:53 PM 100998   3033023    0.00    0.00    0.00    0.00    0.00    14  postgres
05:29:53 PM 100998   3033066    0.00    0.00    0.00    0.00    0.00    10  postgres
05:29:53 PM 100998   3033081    0.00    0.00    0.00    0.00    0.00    14  postgres
05:29:53 PM 100998   3033082    0.00    0.00    0.00    0.00    0.00    10  postgres
05:29:53 PM 100998   3033083    0.00    0.00    0.00    0.00    0.00    14  postgres
05:29:53 PM 100998   3033084    0.00    0.00    0.00    0.00    0.00    10  postgres
05:29:53 PM 100998   3033085    0.00    0.00    0.00    0.00    0.00    14  postgres
05:29:53 PM 100998   3033086    0.00    0.00    0.00    0.00    0.00    10  postgres
05:29:53 PM 100998   3033087    0.00    0.00    0.00    0.00    0.00    14  postgres
05:29:53 PM 100998   3033090    0.00    0.00    0.00    0.00    0.00    10  postgres

05:29:53 PM   UID       PID    %usr %system  %guest   %wait    %CPU   CPU  Command
05:29:54 PM 100998   3032224    0.00    0.00    0.00    0.00    0.00    10  postgres
05:29:54 PM 100998   3032225    0.00    0.00    0.00    0.00    0.00    12  postgres
05:29:54 PM 100998   3032227    0.00    0.00    0.00    0.00    0.00    10  postgres
05:29:54 PM 100998   3032228    0.00    0.00    0.00    0.00    0.00    12  postgres
05:29:54 PM 100998   3032489    0.00    0.00    0.00    0.00    0.00    14  postgres
05:29:54 PM 100998   3032493    0.00    0.00    0.00    0.00    0.00    10  postgres
05:29:54 PM 100998   3032494    0.00    0.00    0.00    0.00    0.00    14  postgres
05:29:54 PM 100998   3032495    0.00    0.00    0.00    0.00    0.00    10  postgres
05:29:54 PM 100998   3032496    0.00    0.00    0.00    0.00    0.00    14  postgres
05:29:54 PM 100998   3032497    0.00    0.00    0.00    0.00    0.00    10  postgres
05:29:54 PM 100998   3032499    0.00    0.00    0.00    0.00    0.00    14  postgres
05:29:54 PM 100998   3032502    0.00    0.00    0.00    0.00    0.00    10  postgres
05:29:54 PM 100998   3032518    0.00    0.00    0.00    0.00    0.00    14  postgres
05:29:54 PM 100998   3032520    0.00    0.00    0.00    0.00    0.00    10  postgres
05:29:54 PM 100998   3032521    0.00    0.00    0.00    0.00    0.00    14  postgres
05:29:54 PM 100998   3032523    0.00    0.00    0.00    0.00    0.00    10  postgres
05:29:54 PM 100998   3032525    0.00    0.00    0.00    0.00    0.00    14  postgres
05:29:54 PM 100998   3032530    0.00    0.00    0.00    0.00    0.00    10  postgres
05:29:54 PM 100998   3032539    0.00    0.00    0.00    0.00    0.00    14  postgres
05:29:54 PM 100998   3032560    0.00    0.00    0.00    0.00    0.00    10  postgres
05:29:54 PM 100998   3032564    0.00    0.00    0.00    0.00    0.00    14  postgres
05:29:54 PM 100998   3032571    0.00    0.00    0.00    0.00    0.00    10  postgres
05:29:54 PM 100998   3032592    0.00    0.00    0.00    0.00    0.00    14  postgres
05:29:54 PM 100998   3032648    0.00    0.00    0.00    0.00    0.00    10  postgres
05:29:54 PM 100998   3032701    0.00    0.00    0.00    0.00    0.00    14  postgres
05:29:54 PM 100998   3032755    0.00    0.00    0.00    0.00    0.00    10  postgres
05:29:54 PM 100998   3032796    0.00    0.00    0.00    0.00    0.00    14  postgres
05:29:54 PM 100998   3032798    0.00    0.00    0.00    0.00    0.00    10  postgres
05:29:54 PM 100998   3032799    0.00    0.00    0.00    0.00    0.00    14  postgres
05:29:54 PM 100998   3032800    0.00    0.00    0.00    0.00    0.00    10  postgres
05:29:54 PM 100998   3032801    0.00    0.00    0.00    0.00    0.00    14  postgres
05:29:54 PM 100998   3032802    0.00    0.00    0.00    0.00    0.00    10  postgres
05:29:54 PM 100998   3032803    0.00    0.00    0.00    0.00    0.00    14  postgres
05:29:54 PM 100998   3032804    0.00    0.00    0.00    0.00    0.00    10  postgres
05:29:54 PM 100998   3032807    0.00    0.00    0.00    0.00    0.00    14  postgres
05:29:54 PM 100998   3032809    0.00    0.00    0.00    0.00    0.00    10  postgres
05:29:54 PM 100998   3032811    0.00    0.00    0.00    0.00    0.00    14  postgres
05:29:54 PM 100998   3032813    0.00    0.00    0.00    0.00    0.00    10  postgres
05:29:54 PM 100998   3032818    0.00    0.00    0.00    0.00    0.00    14  postgres
05:29:54 PM 100998   3032847    0.00    0.00    0.00    0.00    0.00    10  postgres
05:29:54 PM 100998   3032851    0.00    0.00    0.00    0.00    0.00    14  postgres
05:29:54 PM 100998   3032871    0.00    0.00    0.00    0.00    0.00    10  postgres
05:29:54 PM 100998   3032922    0.00    0.00    0.00    0.00    0.00    14  postgres
05:29:54 PM 100998   3032972    0.00    0.00    0.00    0.00    0.00    10  postgres
05:29:54 PM 100998   3033023    0.00    0.00    0.00    0.00    0.00    14  postgres
05:29:54 PM 100998   3033066    0.00    0.00    0.00    0.00    0.00    10  postgres
05:29:54 PM 100998   3033081    0.00    0.00    0.00    0.00    0.00    14  postgres
05:29:54 PM 100998   3033082    0.00    0.00    0.00    0.00    0.00    10  postgres
05:29:54 PM 100998   3033083    0.00    0.00    0.00    0.00    0.00    14  postgres
05:29:54 PM 100998   3033084    0.00    0.00    0.00    0.00    0.00    10  postgres
05:29:54 PM 100998   3033085    0.00    0.00    0.00    0.00    0.00    14  postgres
05:29:54 PM 100998   3033086    0.00    0.00    0.00    0.00    0.00    10  postgres
05:29:54 PM 100998   3033087    0.00    0.00    0.00    0.00    0.00    14  postgres
05:29:54 PM 100998   3033090    0.00    0.00    0.00    0.00    0.00    10  postgres

05:29:54 PM   UID       PID    %usr %system  %guest   %wait    %CPU   CPU  Command
05:29:55 PM 100998   3032224    0.00    0.00    0.00    0.00    0.00    10  postgres
05:29:55 PM 100998   3032225    0.00    0.00    0.00    0.00    0.00    14  postgres
05:29:55 PM 100998   3032227    0.00    0.00    0.00    0.00    0.00    10  postgres
05:29:55 PM 100998   3032228    0.00    0.00    0.00    0.00    0.00    12  postgres
05:29:55 PM 100998   3032489    0.00    0.00    0.00    1.00    0.00    12  postgres
05:29:55 PM 100998   3032493    0.00    0.00    0.00    0.00    0.00    12  postgres
05:29:55 PM 100998   3032494    0.00    0.00    0.00    0.00    0.00    12  postgres
05:29:55 PM 100998   3032495    0.00    0.00    0.00    1.00    0.00    14  postgres
05:29:55 PM 100998   3032496    0.00    0.00    0.00    1.00    0.00    12  postgres
05:29:55 PM 100998   3032497    0.00    0.00    0.00    0.00    0.00    14  postgres
05:29:55 PM 100998   3032499    0.00    0.00    0.00    1.00    0.00    10  postgres
05:29:55 PM 100998   3032502    0.00    0.00    0.00    1.00    0.00    12  postgres
05:29:55 PM 100998   3032518    0.00    0.00    0.00    1.00    0.00    12  postgres
05:29:55 PM 100998   3032520    0.00    0.00    0.00    1.00    0.00    12  postgres
05:29:55 PM 100998   3032521    0.00    0.00    0.00    0.00    0.00    10  postgres
05:29:55 PM 100998   3032523    0.00    0.00    0.00    0.00    0.00    10  postgres
05:29:55 PM 100998   3032525    0.00    0.00    0.00    1.00    0.00    10  postgres
05:29:55 PM 100998   3032530    0.00    0.00    0.00    1.00    0.00    10  postgres
05:29:55 PM 100998   3032539    0.00    0.00    0.00    0.00    0.00    12  postgres
05:29:55 PM 100998   3032560    0.00    0.00    0.00    0.00    0.00    12  postgres
05:29:55 PM 100998   3032564    0.00    0.00    0.00    1.00    0.00    12  postgres
05:29:55 PM 100998   3032571    0.00    0.00    0.00    0.00    0.00    10  postgres
05:29:55 PM 100998   3032592    0.00    0.00    0.00    0.00    0.00    12  postgres
05:29:55 PM 100998   3032648    0.00    0.00    0.00    0.00    0.00    12  postgres
05:29:55 PM 100998   3032701    0.00    0.00    0.00    1.00    0.00    10  postgres
05:29:55 PM 100998   3032755    0.00    0.00    0.00    1.00    0.00    12  postgres
05:29:55 PM 100998   3032796    0.00    0.00    0.00    0.00    0.00    12  postgres
05:29:55 PM 100998   3032798    0.00    0.00    0.00    0.00    0.00    14  postgres
05:29:55 PM 100998   3032799    0.00    0.00    0.00    1.00    0.00    10  postgres
05:29:55 PM 100998   3032800    0.00    0.00    0.00    0.00    0.00    10  postgres
05:29:55 PM 100998   3032801    0.00    0.00    0.00    1.00    0.00    14  postgres
05:29:55 PM 100998   3032802    0.00    0.00    0.00    0.00    0.00    12  postgres
05:29:55 PM 100998   3032803    0.00    0.00    0.00    1.00    0.00    12  postgres
05:29:55 PM 100998   3032804    0.00    0.00    0.00    1.00    0.00    10  postgres
05:29:55 PM 100998   3032807    0.00    0.00    0.00    1.00    0.00    14  postgres
05:29:55 PM 100998   3032809    0.00    0.00    0.00    0.00    0.00    14  postgres
05:29:55 PM 100998   3032811    0.00    0.00    0.00    1.00    0.00    12  postgres
05:29:55 PM 100998   3032813    0.00    0.00    0.00    0.00    0.00    12  postgres
05:29:55 PM 100998   3032818    0.00    0.00    0.00    1.00    0.00    14  postgres
05:29:55 PM 100998   3032847    0.00    0.00    0.00    0.00    0.00    12  postgres
05:29:55 PM 100998   3032851    0.00    0.00    0.00    0.00    0.00    10  postgres
05:29:55 PM 100998   3032871    0.00    0.00    0.00    0.00    0.00    14  postgres
05:29:55 PM 100998   3032922    0.00    0.00    0.00    1.00    0.00    10  postgres
05:29:55 PM 100998   3032972    0.00    0.00    0.00    0.00    0.00    10  postgres
05:29:55 PM 100998   3033023    0.00    0.00    0.00    0.00    0.00    14  postgres
05:29:55 PM 100998   3033066    0.00    0.00    0.00    1.00    0.00    14  postgres
05:29:55 PM 100998   3033081    0.00    0.00    0.00    1.00    0.00    12  postgres
05:29:55 PM 100998   3033082    0.00    0.00    0.00    0.00    0.00    14  postgres
05:29:55 PM 100998   3033083    0.00    0.00    0.00    1.00    0.00    12  postgres
05:29:55 PM 100998   3033084    0.00    0.00    0.00    0.00    0.00    10  postgres
05:29:55 PM 100998   3033085    0.00    0.00    0.00    0.00    0.00    14  postgres
05:29:55 PM 100998   3033086    0.00    0.00    0.00    0.00    0.00    12  postgres
05:29:55 PM 100998   3033087    0.00    0.00    0.00    1.00    0.00    14  postgres
05:29:55 PM 100998   3033090    0.00    0.00    0.00    1.00    0.00    10  postgres

05:29:55 PM   UID       PID    %usr %system  %guest   %wait    %CPU   CPU  Command
05:29:56 PM 100998   3032224    0.00    0.00    0.00    0.00    0.00    10  postgres
05:29:56 PM 100998   3032225    0.00    0.00    0.00    0.00    0.00    12  postgres
05:29:56 PM 100998   3032227    0.00    0.00    0.00    0.00    0.00    10  postgres
05:29:56 PM 100998   3032228    0.00    0.00    0.00    0.00    0.00    12  postgres
05:29:56 PM 100998   3032489    1.00    0.00    0.00    0.00    1.00    12  postgres
05:29:56 PM 100998   3032493    1.00    1.00    0.00    0.00    2.00    14  postgres
05:29:56 PM 100998   3032494    1.00    0.00    0.00    0.00    1.00    12  postgres
05:29:56 PM 100998   3032495    1.00    0.00    0.00    0.00    1.00    12  postgres
05:29:56 PM 100998   3032496    1.00    0.00    0.00    0.00    1.00    14  postgres
05:29:56 PM 100998   3032497    1.00    0.00    0.00    0.00    1.00    10  postgres
05:29:56 PM 100998   3032499    1.00    0.00    0.00    0.00    1.00    12  postgres
05:29:56 PM 100998   3032502    1.00    0.00    0.00    0.00    1.00    14  postgres
05:29:56 PM 100998   3032518    0.00    0.00    0.00    0.00    0.00    10  postgres
05:29:56 PM 100998   3032520    1.00    0.00    0.00    0.00    1.00    10  postgres
05:29:56 PM 100998   3032521    0.00    0.00    0.00    0.00    0.00    10  postgres
05:29:56 PM 100998   3032523    0.00    0.00    0.00    0.00    0.00    14  postgres
05:29:56 PM 100998   3032525    0.00    0.00    0.00    0.00    0.00    14  postgres
05:29:56 PM 100998   3032530    0.00    0.00    0.00    0.00    0.00    14  postgres
05:29:56 PM 100998   3032539    0.00    1.00    0.00    0.00    1.00    14  postgres
05:29:56 PM 100998   3032560    0.00    0.00    0.00    0.00    0.00    14  postgres
05:29:56 PM 100998   3032564    0.00    0.00    0.00    0.00    0.00    14  postgres
05:29:56 PM 100998   3032571    0.00    0.00    0.00    0.00    0.00    14  postgres
05:29:56 PM 100998   3032592    0.00    0.00    0.00    0.00    0.00    14  postgres
05:29:56 PM 100998   3032648    0.00    0.00    0.00    0.00    0.00    10  postgres
05:29:56 PM 100998   3032701    0.00    0.00    0.00    0.00    0.00    12  postgres
05:29:56 PM 100998   3032755    0.00    0.00    0.00    0.00    0.00    14  postgres
05:29:56 PM 100998   3032796    0.00    0.00    0.00    0.00    0.00    14  postgres
05:29:56 PM 100998   3032798    0.00    0.00    0.00    0.00    0.00    14  postgres
05:29:56 PM 100998   3032799    1.00    0.00    0.00    0.00    1.00    10  postgres
05:29:56 PM 100998   3032800    0.00    0.00    0.00    0.00    0.00    10  postgres
05:29:56 PM 100998   3032801    0.00    0.00    0.00    0.00    0.00    12  postgres
05:29:56 PM 100998   3032802    0.00    0.00    0.00    0.00    0.00    10  postgres
05:29:56 PM 100998   3032803    0.00    0.00    0.00    0.00    0.00    12  postgres
05:29:56 PM 100998   3032804    1.00    0.00    0.00    0.00    1.00    12  postgres
05:29:56 PM 100998   3032807    0.00    0.00    0.00    0.00    0.00    10  postgres
05:29:56 PM 100998   3032809    0.00    0.00    0.00    0.00    0.00    10  postgres
05:29:56 PM 100998   3032811    0.00    0.00    0.00    0.00    0.00    14  postgres
05:29:56 PM 100998   3032813    0.00    0.00    0.00    0.00    0.00    12  postgres
05:29:56 PM 100998   3032818    1.00    0.00    0.00    0.00    1.00    14  postgres
05:29:56 PM 100998   3032847    0.00    0.00    0.00    0.00    0.00    14  postgres
05:29:56 PM 100998   3032851    0.00    0.00    0.00    0.00    0.00    14  postgres
05:29:56 PM 100998   3032871    1.00    0.00    0.00    0.00    1.00    12  postgres
05:29:56 PM 100998   3032922    0.00    0.00    0.00    0.00    0.00    10  postgres
05:29:56 PM 100998   3032972    1.00    0.00    0.00    0.00    1.00    12  postgres
05:29:56 PM 100998   3033023    0.00    0.00    0.00    0.00    0.00    10  postgres
05:29:56 PM 100998   3033066    0.00    0.00    0.00    0.00    0.00    10  postgres
05:29:56 PM 100998   3033081    0.00    0.00    0.00    0.00    0.00    12  postgres
05:29:56 PM 100998   3033082    0.00    0.00    0.00    0.00    0.00    10  postgres
05:29:56 PM 100998   3033083    0.00    0.00    0.00    0.00    0.00    14  postgres
05:29:56 PM 100998   3033084    0.00    0.00    0.00    0.00    0.00    14  postgres
05:29:56 PM 100998   3033085    0.00    0.00    0.00    0.00    0.00    14  postgres
05:29:56 PM 100998   3033086    0.00    0.00    0.00    0.00    0.00    10  postgres
05:29:56 PM 100998   3033087    0.00    0.00    0.00    0.00    0.00    12  postgres
05:29:56 PM 100998   3033090    0.00    0.00    0.00    0.00    0.00    10  postgres

05:29:56 PM   UID       PID    %usr %system  %guest   %wait    %CPU   CPU  Command
05:29:57 PM 100998   3032224    0.00    0.00    0.00    0.00    0.00    10  postgres
05:29:57 PM 100998   3032225    0.00    0.00    0.00    0.00    0.00    12  postgres
05:29:57 PM 100998   3032227    0.00    0.00    0.00    0.00    0.00    14  postgres
05:29:57 PM 100998   3032228    0.00    0.00    0.00    0.00    0.00    12  postgres
05:29:57 PM 100998   3032489    1.00    0.00    0.00    0.00    1.00    14  postgres
05:29:57 PM 100998   3032493    1.00    0.00    0.00    0.00    1.00    14  postgres
05:29:57 PM 100998   3032494    1.00    1.00    0.00    0.00    2.00    10  postgres
05:29:57 PM 100998   3032495    1.00    1.00    0.00    0.00    2.00    14  postgres
05:29:57 PM 100998   3032496    1.00    1.00    0.00    0.00    2.00    14  postgres
05:29:57 PM 100998   3032497    0.00    1.00    0.00    0.00    1.00    12  postgres
05:29:57 PM 100998   3032499    1.00    1.00    0.00    0.00    2.00    12  postgres
05:29:57 PM 100998   3032502    0.00    0.00    0.00    0.00    0.00    14  postgres
05:29:57 PM 100998   3032518    1.00    0.00    0.00    0.00    1.00    14  postgres
05:29:57 PM 100998   3032520    0.00    0.00    0.00    0.00    0.00    10  postgres
05:29:57 PM 100998   3032521    1.00    1.00    0.00    0.00    2.00    14  postgres
05:29:57 PM 100998   3032523    1.00    0.00    0.00    0.00    1.00    14  postgres
05:29:57 PM 100998   3032525    0.00    0.00    0.00    0.00    0.00    14  postgres
05:29:57 PM 100998   3032530    1.00    0.00    0.00    0.00    1.00    14  postgres
05:29:57 PM 100998   3032539    1.00    0.00    0.00    0.00    1.00    10  postgres
05:29:57 PM 100998   3032560    1.00    0.00    0.00    0.00    1.00    10  postgres
05:29:57 PM 100998   3032564    0.00    0.00    0.00    0.00    0.00    14  postgres
05:29:57 PM 100998   3032571    1.00    0.00    0.00    0.00    1.00    12  postgres
05:29:57 PM 100998   3032592    1.00    1.00    0.00    0.00    2.00    12  postgres
05:29:57 PM 100998   3032648    1.00    0.00    0.00    0.00    1.00    14  postgres
05:29:57 PM 100998   3032701    1.00    0.00    0.00    0.00    1.00    14  postgres
05:29:57 PM 100998   3032755    1.00    0.00    0.00    0.00    1.00    14  postgres
05:29:57 PM 100998   3032796    1.00    0.00    0.00    0.00    1.00    12  postgres
05:29:57 PM 100998   3032798    1.00    0.00    0.00    0.00    1.00    14  postgres
05:29:57 PM 100998   3032799    0.00    0.00    0.00    0.00    0.00    12  postgres
05:29:57 PM 100998   3032800    1.00    0.00    0.00    0.00    1.00    12  postgres
05:29:57 PM 100998   3032801    1.00    0.00    0.00    0.00    1.00    14  postgres
05:29:57 PM 100998   3032802    1.00    0.00    0.00    0.00    1.00    10  postgres
05:29:57 PM 100998   3032803    0.00    0.00    0.00    0.00    0.00    14  postgres
05:29:57 PM 100998   3032804    0.00    0.00    0.00    0.00    0.00    10  postgres
05:29:57 PM 100998   3032807    1.00    0.00    0.00    0.00    1.00    12  postgres
05:29:57 PM 100998   3032809    0.00    0.00    0.00    0.00    0.00    10  postgres
05:29:57 PM 100998   3032811    0.00    0.00    0.00    0.00    0.00    12  postgres
05:29:57 PM 100998   3032813    0.00    0.00    0.00    0.00    0.00    12  postgres
05:29:57 PM 100998   3032818    0.00    0.00    0.00    0.00    0.00    14  postgres
05:29:57 PM 100998   3032847    1.00    0.00    0.00    0.00    1.00    12  postgres
05:29:57 PM 100998   3032851    0.00    0.00    0.00    0.00    0.00    10  postgres
05:29:57 PM 100998   3032871    0.00    0.00    0.00    0.00    0.00    14  postgres
05:29:57 PM 100998   3032922    0.00    0.00    0.00    0.00    0.00    14  postgres
05:29:57 PM 100998   3032972    0.00    0.00    0.00    0.00    0.00    12  postgres
05:29:57 PM 100998   3033023    0.00    0.00    0.00    0.00    0.00    14  postgres
05:29:57 PM 100998   3033066    1.00    0.00    0.00    0.00    1.00    12  postgres
05:29:57 PM 100998   3033081    0.00    0.00    0.00    0.00    0.00    12  postgres
05:29:57 PM 100998   3033082    0.00    0.00    0.00    0.00    0.00    14  postgres
05:29:57 PM 100998   3033083    1.00    0.00    0.00    0.00    1.00    14  postgres
05:29:57 PM 100998   3033084    1.00    0.00    0.00    0.00    1.00    14  postgres
05:29:57 PM 100998   3033085    0.00    0.00    0.00    0.00    0.00    10  postgres
05:29:57 PM 100998   3033086    0.00    0.00    0.00    0.00    0.00    14  postgres
05:29:57 PM 100998   3033087    0.00    0.00    0.00    0.00    0.00    14  postgres
05:29:57 PM 100998   3033090    0.00    0.00    0.00    0.00    0.00    10  postgres

05:29:57 PM   UID       PID    %usr %system  %guest   %wait    %CPU   CPU  Command
05:29:58 PM 100998   3032224    0.00    0.00    0.00    0.00    0.00    10  postgres
05:29:58 PM 100998   3032225    0.00    0.00    0.00    0.00    0.00    14  postgres
05:29:58 PM 100998   3032227    0.00    0.00    0.00    0.00    0.00    14  postgres
05:29:58 PM 100998   3032228    0.00    0.00    0.00    0.00    0.00    12  postgres
05:29:58 PM 100998   3032489    1.00    1.00    0.00    0.00    2.00    14  postgres
05:29:58 PM 100998   3032493    0.00    0.00    0.00    0.00    0.00    12  postgres
05:29:58 PM 100998   3032494    0.00    0.00    0.00    0.00    0.00    10  postgres
05:29:58 PM 100998   3032495    0.00    0.00    0.00    0.00    0.00    10  postgres
05:29:58 PM 100998   3032496    0.00    0.00    0.00    0.00    0.00    14  postgres
05:29:58 PM 100998   3032497    1.00    0.00    0.00    0.00    1.00    12  postgres
05:29:58 PM 100998   3032499    0.00    0.00    0.00    0.00    0.00    12  postgres
05:29:58 PM 100998   3032502    1.00    1.00    0.00    0.00    2.00    14  postgres
05:29:58 PM 100998   3032518    1.00    0.00    0.00    0.00    1.00    12  postgres
05:29:58 PM 100998   3032520    0.00    1.00    0.00    0.00    1.00    14  postgres
05:29:58 PM 100998   3032521    0.00    0.00    0.00    0.00    0.00    14  postgres
05:29:58 PM 100998   3032523    0.00    0.00    0.00    0.00    0.00    10  postgres
05:29:58 PM 100998   3032525    1.00    1.00    0.00    0.00    2.00    12  postgres
05:29:58 PM 100998   3032530    0.00    1.00    0.00    0.00    1.00    14  postgres
05:29:58 PM 100998   3032539    0.00    0.00    0.00    0.00    0.00    10  postgres
05:29:58 PM 100998   3032560    0.00    1.00    0.00    0.00    1.00    12  postgres
05:29:58 PM 100998   3032564    1.00    0.00    0.00    0.00    1.00    14  postgres
05:29:58 PM 100998   3032571    0.00    1.00    0.00    0.00    1.00    14  postgres
05:29:58 PM 100998   3032592    0.00    0.00    0.00    0.00    0.00    14  postgres
05:29:58 PM 100998   3032648    1.00    0.00    0.00    0.00    1.00    10  postgres
05:29:58 PM 100998   3032701    1.00    1.00    0.00    0.00    2.00    10  postgres
05:29:58 PM 100998   3032755    0.00    0.00    0.00    0.00    0.00    10  postgres
05:29:58 PM 100998   3032796    0.00    0.00    0.00    0.00    0.00    12  postgres
05:29:58 PM 100998   3032798    0.00    1.00    0.00    0.00    1.00    14  postgres
05:29:58 PM 100998   3032799    1.00    0.00    0.00    0.00    1.00    12  postgres
05:29:58 PM 100998   3032800    0.00    0.00    0.00    0.00    0.00    14  postgres
05:29:58 PM 100998   3032801    0.00    0.00    0.00    0.00    0.00    14  postgres
05:29:58 PM 100998   3032802    0.00    0.00    0.00    0.00    0.00    12  postgres
05:29:58 PM 100998   3032803    1.00    0.00    0.00    0.00    1.00    14  postgres
05:29:58 PM 100998   3032804    0.00    0.00    0.00    0.00    0.00    14  postgres
05:29:58 PM 100998   3032807    0.00    0.00    0.00    0.00    0.00    10  postgres
05:29:58 PM 100998   3032809    1.00    0.00    0.00    0.00    1.00    10  postgres
05:29:58 PM 100998   3032811    1.00    0.00    0.00    0.00    1.00    14  postgres
05:29:58 PM 100998   3032813    0.00    0.00    0.00    0.00    0.00    10  postgres
05:29:58 PM 100998   3032818    1.00    0.00    0.00    0.00    1.00    14  postgres
05:29:58 PM 100998   3032847    0.00    0.00    0.00    0.00    0.00    10  postgres
05:29:58 PM 100998   3032851    0.00    0.00    0.00    0.00    0.00    14  postgres
05:29:58 PM 100998   3032871    1.00    0.00    0.00    0.00    1.00    10  postgres
05:29:58 PM 100998   3032922    0.00    0.00    0.00    0.00    0.00    14  postgres
05:29:58 PM 100998   3032972    0.00    0.00    0.00    0.00    0.00    10  postgres
05:29:58 PM 100998   3033023    1.00    0.00    0.00    0.00    1.00    10  postgres
05:29:58 PM 100998   3033066    0.00    0.00    0.00    0.00    0.00    12  postgres
05:29:58 PM 100998   3033081    0.00    0.00    0.00    0.00    0.00    12  postgres
05:29:58 PM 100998   3033082    0.00    0.00    0.00    0.00    0.00    12  postgres
05:29:58 PM 100998   3033083    0.00    0.00    0.00    0.00    0.00    14  postgres
05:29:58 PM 100998   3033084    0.00    1.00    0.00    0.00    1.00    10  postgres
05:29:58 PM 100998   3033085    1.00    0.00    0.00    0.00    1.00    14  postgres
05:29:58 PM 100998   3033086    1.00    0.00    0.00    0.00    1.00    10  postgres
05:29:58 PM 100998   3033087    0.00    0.00    0.00    0.00    0.00    14  postgres
05:29:58 PM 100998   3033090    1.00    0.00    0.00    0.00    1.00    14  postgres

05:29:58 PM   UID       PID    %usr %system  %guest   %wait    %CPU   CPU  Command
05:29:59 PM 100998   3032224    0.00    0.00    0.00    0.00    0.00    10  postgres
05:29:59 PM 100998   3032225    0.00    0.00    0.00    0.00    0.00    14  postgres
05:29:59 PM 100998   3032227    0.00    0.00    0.00    0.00    0.00    14  postgres
05:29:59 PM 100998   3032228    0.00    0.00    0.00    0.00    0.00    12  postgres
05:29:59 PM 100998   3032489    1.00    1.00    0.00    0.00    2.00    10  postgres
05:29:59 PM 100998   3032493    1.00    0.00    0.00    0.00    1.00    10  postgres
05:29:59 PM 100998   3032494    1.00    1.00    0.00    0.00    2.00    10  postgres
05:29:59 PM 100998   3032495    1.00    1.00    0.00    0.00    2.00    10  postgres
05:29:59 PM 100998   3032496    1.00    0.00    0.00    0.00    1.00    10  postgres
05:29:59 PM 100998   3032497    1.00    0.00    0.00    0.00    1.00    12  postgres
05:29:59 PM 100998   3032499    2.00    0.00    0.00    0.00    2.00    12  postgres
05:29:59 PM 100998   3032502    0.00    0.00    0.00    0.00    0.00    10  postgres
05:29:59 PM 100998   3032518    1.00    1.00    0.00    0.00    2.00    10  postgres
05:29:59 PM 100998   3032520    1.00    0.00    0.00    0.00    1.00    12  postgres
05:29:59 PM 100998   3032521    1.00    0.00    0.00    0.00    1.00    10  postgres
05:29:59 PM 100998   3032523    1.00    0.00    0.00    0.00    1.00    14  postgres
05:29:59 PM 100998   3032525    0.00    0.00    0.00    0.00    0.00    12  postgres
05:29:59 PM 100998   3032530    0.00    0.00    0.00    0.00    0.00    14  postgres
05:29:59 PM 100998   3032539    0.00    0.00    0.00    0.00    0.00    14  postgres
05:29:59 PM 100998   3032560    0.00    0.00    0.00    0.00    0.00    10  postgres
05:29:59 PM 100998   3032564    0.00    0.00    0.00    0.00    0.00    14  postgres
05:29:59 PM 100998   3032571    1.00    0.00    0.00    0.00    1.00    14  postgres
05:29:59 PM 100998   3032592    1.00    0.00    0.00    0.00    1.00    14  postgres
05:29:59 PM 100998   3032648    0.00    0.00    0.00    0.00    0.00    12  postgres
05:29:59 PM 100998   3032701    0.00    0.00    0.00    0.00    0.00    10  postgres
05:29:59 PM 100998   3032755    1.00    0.00    0.00    0.00    1.00    12  postgres
05:29:59 PM 100998   3032796    0.00    1.00    0.00    0.00    1.00    14  postgres
05:29:59 PM 100998   3032798    1.00    0.00    0.00    0.00    1.00    10  postgres
05:29:59 PM 100998   3032799    0.00    0.00    0.00    0.00    0.00    10  postgres
05:29:59 PM 100998   3032800    0.00    0.00    0.00    0.00    0.00    12  postgres
05:29:59 PM 100998   3032801    0.00    1.00    0.00    0.00    1.00    14  postgres
05:29:59 PM 100998   3032802    0.00    0.00    0.00    0.00    0.00    12  postgres
05:29:59 PM 100998   3032803    0.00    1.00    0.00    0.00    1.00    10  postgres
05:29:59 PM 100998   3032804    1.00    0.00    0.00    0.00    1.00    12  postgres
05:29:59 PM 100998   3032807    0.00    0.00    0.00    0.00    0.00    12  postgres
05:29:59 PM 100998   3032809    0.00    0.00    0.00    0.00    0.00    10  postgres
05:29:59 PM 100998   3032811    0.00    1.00    0.00    0.00    1.00    10  postgres
05:29:59 PM 100998   3032813    0.00    0.00    0.00    0.00    0.00    12  postgres
05:29:59 PM 100998   3032818    0.00    0.00    0.00    0.00    0.00    10  postgres
05:29:59 PM 100998   3032847    0.00    0.00    0.00    0.00    0.00    14  postgres
05:29:59 PM 100998   3032851    0.00    0.00    0.00    0.00    0.00    14  postgres
05:29:59 PM 100998   3032871    0.00    0.00    0.00    0.00    0.00    10  postgres
05:29:59 PM 100998   3032922    1.00    0.00    0.00    0.00    1.00    14  postgres
05:29:59 PM 100998   3032972    0.00    0.00    0.00    0.00    0.00    10  postgres
05:29:59 PM 100998   3033023    0.00    0.00    0.00    0.00    0.00    14  postgres
05:29:59 PM 100998   3033066    0.00    0.00    0.00    0.00    0.00    14  postgres
05:29:59 PM 100998   3033081    0.00    1.00    0.00    0.00    1.00    10  postgres
05:29:59 PM 100998   3033082    0.00    0.00    0.00    0.00    0.00    12  postgres
05:29:59 PM 100998   3033083    0.00    0.00    0.00    0.00    0.00    10  postgres
05:29:59 PM 100998   3033084    0.00    0.00    0.00    0.00    0.00    14  postgres
05:29:59 PM 100998   3033085    0.00    1.00    0.00    0.00    1.00    10  postgres
05:29:59 PM 100998   3033086    0.00    0.00    0.00    0.00    0.00    12  postgres
05:29:59 PM 100998   3033087    0.00    0.00    0.00    0.00    0.00    12  postgres
05:29:59 PM 100998   3033090    0.00    0.00    0.00    0.00    0.00    14  postgres

05:29:59 PM   UID       PID    %usr %system  %guest   %wait    %CPU   CPU  Command
05:30:00 PM 100998   3032224    0.00    0.00    0.00    0.00    0.00    10  postgres
05:30:00 PM 100998   3032225    0.00    0.00    0.00    0.00    0.00    14  postgres
05:30:00 PM 100998   3032227    0.00    0.00    0.00    0.00    0.00    14  postgres
05:30:00 PM 100998   3032228    0.00    0.00    0.00    0.00    0.00    12  postgres
05:30:00 PM 100998   3032489    0.00    1.00    0.00    0.00    1.00    10  postgres
05:30:00 PM 100998   3032493    1.00    0.00    0.00    0.00    1.00    14  postgres
05:30:00 PM 100998   3032494    0.00    0.00    0.00    0.00    0.00    14  postgres
05:30:00 PM 100998   3032495    1.00    0.00    0.00    0.00    1.00    10  postgres
05:30:00 PM 100998   3032496    0.00    1.00    0.00    0.00    1.00    14  postgres
05:30:00 PM 100998   3032497    0.00    0.00    0.00    0.00    0.00    14  postgres
05:30:00 PM 100998   3032499    0.00    1.00    0.00    0.00    1.00    14  postgres
05:30:00 PM 100998   3032502    1.00    0.00    0.00    0.00    1.00    12  postgres
05:30:00 PM 100998   3032518    0.00    0.00    0.00    0.00    0.00    14  postgres
05:30:00 PM 100998   3032520    0.00    0.00    0.00    0.00    0.00    10  postgres
05:30:00 PM 100998   3032521    0.00    1.00    0.00    0.00    1.00    14  postgres
05:30:00 PM 100998   3032523    1.00    1.00    0.00    0.00    2.00    14  postgres
05:30:00 PM 100998   3032525    0.00    0.00    0.00    0.00    0.00    10  postgres
05:30:00 PM 100998   3032530    1.00    0.00    0.00    0.00    1.00    10  postgres
05:30:00 PM 100998   3032539    1.00    1.00    0.00    0.00    2.00    12  postgres
05:30:00 PM 100998   3032560    0.00    0.00    0.00    0.00    0.00    10  postgres
05:30:00 PM 100998   3032564    0.00    1.00    0.00    0.00    1.00    14  postgres
05:30:00 PM 100998   3032571    0.00    0.00    0.00    0.00    0.00    10  postgres
05:30:00 PM 100998   3032592    0.00    0.00    0.00    0.00    0.00    14  postgres
05:30:00 PM 100998   3032648    1.00    0.00    0.00    0.00    1.00    10  postgres
05:30:00 PM 100998   3032701    1.00    0.00    0.00    0.00    1.00    14  postgres
05:30:00 PM 100998   3032755    0.00    1.00    0.00    0.00    1.00    10  postgres
05:30:00 PM 100998   3032796    1.00    0.00    0.00    0.00    1.00    10  postgres
05:30:00 PM 100998   3032798    0.00    0.00    0.00    0.00    0.00    14  postgres
05:30:00 PM 100998   3032799    0.00    1.00    0.00    0.00    1.00    10  postgres
05:30:00 PM 100998   3032800    0.00    0.00    0.00    0.00    0.00    10  postgres
05:30:00 PM 100998   3032801    0.00    0.00    0.00    0.00    0.00    14  postgres
05:30:00 PM 100998   3032802    1.00    1.00    0.00    0.00    2.00    14  postgres
05:30:00 PM 100998   3032803    0.00    0.00    0.00    0.00    0.00    10  postgres
05:30:00 PM 100998   3032804    0.00    0.00    0.00    0.00    0.00    14  postgres
05:30:00 PM 100998   3032807    0.00    0.00    0.00    0.00    0.00    10  postgres
05:30:00 PM 100998   3032809    0.00    0.00    0.00    0.00    0.00    10  postgres
05:30:00 PM 100998   3032811    0.00    0.00    0.00    0.00    0.00    14  postgres
05:30:00 PM 100998   3032813    0.00    0.00    0.00    0.00    0.00    12  postgres
05:30:00 PM 100998   3032818    0.00    0.00    0.00    0.00    0.00    14  postgres
05:30:00 PM 100998   3032847    0.00    0.00    0.00    0.00    0.00    14  postgres
05:30:00 PM 100998   3032851    1.00    0.00    0.00    0.00    1.00    10  postgres
05:30:00 PM 100998   3032871    0.00    0.00    0.00    0.00    0.00    14  postgres
05:30:00 PM 100998   3032922    0.00    0.00    0.00    0.00    0.00    14  postgres
05:30:00 PM 100998   3032972    1.00    0.00    0.00    0.00    1.00    12  postgres
05:30:00 PM 100998   3033023    0.00    0.00    0.00    0.00    0.00    10  postgres
05:30:00 PM 100998   3033066    0.00    1.00    0.00    0.00    1.00    10  postgres
05:30:00 PM 100998   3033081    1.00    0.00    0.00    0.00    1.00    12  postgres
05:30:00 PM 100998   3033082    1.00    0.00    0.00    0.00    1.00    14  postgres
05:30:00 PM 100998   3033083    0.00    0.00    0.00    0.00    0.00    14  postgres
05:30:00 PM 100998   3033084    0.00    0.00    0.00    0.00    0.00    14  postgres
05:30:00 PM 100998   3033085    0.00    0.00    0.00    0.00    0.00    10  postgres
05:30:00 PM 100998   3033086    0.00    0.00    0.00    0.00    0.00    12  postgres
05:30:00 PM 100998   3033087    1.00    1.00    0.00    0.00    2.00    14  postgres
05:30:00 PM 100998   3033090    0.00    0.00    0.00    0.00    0.00    12  postgres

05:30:00 PM   UID       PID    %usr %system  %guest   %wait    %CPU   CPU  Command
05:30:01 PM 100998   3032224    0.00    0.00    0.00    0.00    0.00    10  postgres
05:30:01 PM 100998   3032225    0.00    0.00    0.00    0.00    0.00    12  postgres
05:30:01 PM 100998   3032227    0.00    0.00    0.00    0.00    0.00    14  postgres
05:30:01 PM 100998   3032228    0.00    0.00    0.00    0.00    0.00    12  postgres
05:30:01 PM 100998   3032489    2.00    0.00    0.00    0.00    2.00    14  postgres
05:30:01 PM 100998   3032493    1.00    1.00    0.00    1.00    2.00    10  postgres
05:30:01 PM 100998   3032494    1.00    1.00    0.00    0.00    2.00    10  postgres
05:30:01 PM 100998   3032495    0.00    0.00    0.00    0.00    0.00    12  postgres
05:30:01 PM 100998   3032496    1.00    0.00    0.00    0.00    1.00    12  postgres
05:30:01 PM 100998   3032497    1.00    0.00    0.00    0.00    1.00    12  postgres
05:30:01 PM 100998   3032499    0.00    0.00    0.00    0.00    0.00    10  postgres
05:30:01 PM 100998   3032502    0.00    1.00    0.00    0.00    1.00    12  postgres
05:30:01 PM 100998   3032518    1.00    0.00    0.00    0.00    1.00    10  postgres
05:30:01 PM 100998   3032520    0.00    0.00    0.00    0.00    0.00    14  postgres
05:30:01 PM 100998   3032521    0.00    0.00    0.00    0.00    0.00    14  postgres
05:30:01 PM 100998   3032523    0.00    0.00    0.00    0.00    0.00    14  postgres
05:30:01 PM 100998   3032525    1.00    0.00    0.00    0.00    1.00    12  postgres
05:30:01 PM 100998   3032530    0.00    0.00    0.00    0.00    0.00    14  postgres
05:30:01 PM 100998   3032539    0.00    0.00    0.00    0.00    0.00    10  postgres
05:30:01 PM 100998   3032560    1.00    0.00    0.00    0.00    1.00    14  postgres
05:30:01 PM 100998   3032564    1.00    0.00    0.00    0.00    1.00    12  postgres
05:30:01 PM 100998   3032571    1.00    0.00    0.00    0.00    1.00    12  postgres
05:30:01 PM 100998   3032592    0.00    0.00    0.00    0.00    0.00    14  postgres
05:30:01 PM 100998   3032648    0.00    1.00    0.00    0.00    1.00    10  postgres
05:30:01 PM 100998   3032701    0.00    0.00    0.00    0.00    0.00    10  postgres
05:30:01 PM 100998   3032755    0.00    0.00    0.00    0.00    0.00    14  postgres
05:30:01 PM 100998   3032796    1.00    0.00    0.00    0.00    1.00    14  postgres
05:30:01 PM 100998   3032798    0.00    1.00    0.00    0.00    1.00    14  postgres
05:30:01 PM 100998   3032799    1.00    0.00    0.00    0.00    1.00    10  postgres
05:30:01 PM 100998   3032800    0.00    0.00    0.00    0.00    0.00    12  postgres
05:30:01 PM 100998   3032801    0.00    0.00    0.00    0.00    0.00    10  postgres
05:30:01 PM 100998   3032802    0.00    0.00    0.00    0.00    0.00    10  postgres
05:30:01 PM 100998   3032803    1.00    0.00    0.00    0.00    1.00    12  postgres
05:30:01 PM 100998   3032804    0.00    0.00    0.00    0.00    0.00    12  postgres
05:30:01 PM 100998   3032807    0.00    0.00    0.00    0.00    0.00    12  postgres
05:30:01 PM 100998   3032809    0.00    0.00    0.00    0.00    0.00    10  postgres
05:30:01 PM 100998   3032811    0.00    0.00    0.00    0.00    0.00    12  postgres
05:30:01 PM 100998   3032813    1.00    1.00    0.00    0.00    2.00    12  postgres
05:30:01 PM 100998   3032818    0.00    0.00    0.00    0.00    0.00    10  postgres
05:30:01 PM 100998   3032847    1.00    0.00    0.00    0.00    1.00    10  postgres
05:30:01 PM 100998   3032851    0.00    0.00    0.00    0.00    0.00    12  postgres
05:30:01 PM 100998   3032871    0.00    0.00    0.00    0.00    0.00    14  postgres
05:30:01 PM 100998   3032922    0.00    0.00    0.00    0.00    0.00    14  postgres
05:30:01 PM 100998   3032972    0.00    0.00    0.00    0.00    0.00    10  postgres
05:30:01 PM 100998   3033023    0.00    0.00    0.00    0.00    0.00    14  postgres
05:30:01 PM 100998   3033066    0.00    0.00    0.00    0.00    0.00    14  postgres
05:30:01 PM 100998   3033081    0.00    0.00    0.00    0.00    0.00    12  postgres
05:30:01 PM 100998   3033082    0.00    0.00    0.00    0.00    0.00    10  postgres
05:30:01 PM 100998   3033083    0.00    0.00    0.00    0.00    0.00    10  postgres
05:30:01 PM 100998   3033084    1.00    0.00    0.00    0.00    1.00    10  postgres
05:30:01 PM 100998   3033085    0.00    0.00    0.00    0.00    0.00    12  postgres
05:30:01 PM 100998   3033086    0.00    0.00    0.00    0.00    0.00    12  postgres
05:30:01 PM 100998   3033087    0.00    0.00    0.00    0.00    0.00    14  postgres
05:30:01 PM 100998   3033090    0.00    0.00    0.00    0.00    0.00    10  postgres

05:30:01 PM   UID       PID    %usr %system  %guest   %wait    %CPU   CPU  Command
05:30:02 PM 100998   3032224    0.00    0.00    0.00    0.00    0.00    10  postgres
05:30:02 PM 100998   3032225    0.00    0.00    0.00    0.00    0.00    12  postgres
05:30:02 PM 100998   3032227    0.00    0.00    0.00    0.00    0.00    14  postgres
05:30:02 PM 100998   3032228    0.00    0.00    0.00    0.00    0.00    12  postgres
05:30:02 PM 100998   3032489    0.00    0.00    0.00    0.00    0.00    12  postgres
05:30:02 PM 100998   3032493    0.00    0.00    0.00    0.00    0.00    14  postgres
05:30:02 PM 100998   3032494    0.00    0.00    0.00    0.00    0.00    10  postgres
05:30:02 PM 100998   3032495    1.00    1.00    0.00    0.00    2.00    12  postgres
05:30:02 PM 100998   3032496    0.00    1.00    0.00    0.00    1.00    10  postgres
05:30:02 PM 100998   3032497    0.00    1.00    0.00    0.00    1.00    10  postgres
05:30:02 PM 100998   3032499    1.00    0.00    0.00    0.00    1.00    12  postgres
05:30:02 PM 100998   3032502    0.00    0.00    0.00    0.00    0.00    14  postgres
05:30:02 PM 100998   3032518    0.00    1.00    0.00    0.00    1.00    14  postgres
05:30:02 PM 100998   3032520    1.00    0.00    0.00    0.00    1.00    14  postgres
05:30:02 PM 100998   3032521    1.00    0.00    0.00    0.00    1.00    14  postgres
05:30:02 PM 100998   3032523    0.00    0.00    0.00    0.00    0.00    14  postgres
05:30:02 PM 100998   3032525    0.00    1.00    0.00    0.00    1.00    14  postgres
05:30:02 PM 100998   3032530    0.00    0.00    0.00    0.00    0.00    10  postgres
05:30:02 PM 100998   3032539    0.00    0.00    0.00    0.00    0.00    14  postgres
05:30:02 PM 100998   3032560    0.00    0.00    0.00    0.00    0.00    12  postgres
05:30:02 PM 100998   3032564    0.00    0.00    0.00    0.00    0.00    14  postgres
05:30:02 PM 100998   3032571    0.00    0.00    0.00    0.00    0.00    10  postgres
05:30:02 PM 100998   3032592    1.00    1.00    0.00    0.00    2.00    10  postgres
05:30:02 PM 100998   3032648    0.00    0.00    0.00    0.00    0.00    12  postgres
05:30:02 PM 100998   3032701    0.00    0.00    0.00    0.00    0.00    14  postgres
05:30:02 PM 100998   3032755    0.00    0.00    0.00    0.00    0.00    10  postgres
05:30:02 PM 100998   3032796    0.00    0.00    0.00    0.00    0.00    12  postgres
05:30:02 PM 100998   3032798    0.00    0.00    0.00    0.00    0.00    14  postgres
05:30:02 PM 100998   3032799    0.00    0.00    0.00    0.00    0.00    10  postgres
05:30:02 PM 100998   3032800    1.00    1.00    0.00    0.00    2.00    12  postgres
05:30:02 PM 100998   3032801    0.00    0.00    0.00    0.00    0.00    10  postgres
05:30:02 PM 100998   3032802    0.00    0.00    0.00    0.00    0.00    14  postgres
05:30:02 PM 100998   3032803    0.00    0.00    0.00    0.00    0.00    14  postgres
05:30:02 PM 100998   3032804    0.00    1.00    0.00    0.00    1.00    12  postgres
05:30:02 PM 100998   3032807    1.00    0.00    0.00    0.00    1.00    14  postgres
05:30:02 PM 100998   3032809    0.00    1.00    0.00    0.00    1.00    14  postgres
05:30:02 PM 100998   3032811    1.00    0.00    0.00    0.00    1.00    12  postgres
05:30:02 PM 100998   3032813    0.00    0.00    0.00    0.00    0.00    10  postgres
05:30:02 PM 100998   3032818    0.00    0.00    0.00    0.00    0.00    14  postgres
05:30:02 PM 100998   3032847    0.00    0.00    0.00    0.00    0.00    10  postgres
05:30:02 PM 100998   3032851    0.00    0.00    0.00    0.00    0.00    12  postgres
05:30:02 PM 100998   3032871    0.00    0.00    0.00    0.00    0.00    14  postgres
05:30:02 PM 100998   3032922    0.00    1.00    0.00    0.00    1.00    12  postgres
05:30:02 PM 100998   3032972    0.00    1.00    0.00    0.00    1.00    12  postgres
05:30:02 PM 100998   3033023    0.00    0.00    0.00    0.00    0.00    12  postgres
05:30:02 PM 100998   3033066    0.00    0.00    0.00    0.00    0.00    14  postgres
05:30:02 PM 100998   3033081    0.00    0.00    0.00    0.00    0.00    12  postgres
05:30:02 PM 100998   3033082    0.00    0.00    0.00    0.00    0.00    12  postgres
05:30:02 PM 100998   3033083    0.00    0.00    0.00    0.00    0.00    14  postgres
05:30:02 PM 100998   3033084    0.00    0.00    0.00    0.00    0.00    12  postgres
05:30:02 PM 100998   3033085    0.00    0.00    0.00    0.00    0.00    10  postgres
05:30:02 PM 100998   3033086    0.00    1.00    0.00    0.00    1.00    10  postgres
05:30:02 PM 100998   3033087    0.00    0.00    0.00    0.00    0.00    12  postgres
05:30:02 PM 100998   3033090    0.00    0.00    0.00    0.00    0.00    12  postgres

05:30:02 PM   UID       PID    %usr %system  %guest   %wait    %CPU   CPU  Command
05:30:03 PM 100998   3032224    0.00    0.00    0.00    0.00    0.00    10  postgres
05:30:03 PM 100998   3032225    0.00    0.00    0.00    0.00    0.00    12  postgres
05:30:03 PM 100998   3032227    0.00    0.00    0.00    0.00    0.00    14  postgres
05:30:03 PM 100998   3032228    0.00    0.00    0.00    0.00    0.00    12  postgres
05:30:03 PM 100998   3032489    0.00    1.00    0.00    0.00    1.00    14  postgres
05:30:03 PM 100998   3032493    1.00    1.00    0.00    0.00    2.00    12  postgres
05:30:03 PM 100998   3032494    1.00    0.00    0.00    0.00    1.00    10  postgres
05:30:03 PM 100998   3032495    0.00    0.00    0.00    0.00    0.00    14  postgres
05:30:03 PM 100998   3032496    0.00    0.00    0.00    0.00    0.00    14  postgres
05:30:03 PM 100998   3032497    1.00    0.00    0.00    0.00    1.00    12  postgres
05:30:03 PM 100998   3032499    0.00    0.00    0.00    0.00    0.00    12  postgres
05:30:03 PM 100998   3032502    1.00    0.00    0.00    0.00    1.00    12  postgres
05:30:03 PM 100998   3032518    0.00    0.00    0.00    0.00    0.00    10  postgres
05:30:03 PM 100998   3032520    0.00    1.00    0.00    0.00    1.00    12  postgres
05:30:03 PM 100998   3032521    0.00    0.00    0.00    0.00    0.00    14  postgres
05:30:03 PM 100998   3032523    1.00    0.00    0.00    0.00    1.00    14  postgres
05:30:03 PM 100998   3032525    0.00    0.00    0.00    0.00    0.00    12  postgres
05:30:03 PM 100998   3032530    1.00    0.00    0.00    0.00    1.00    12  postgres
05:30:03 PM 100998   3032539    0.00    1.00    0.00    0.00    1.00    10  postgres
05:30:03 PM 100998   3032560    0.00    0.00    0.00    0.00    0.00    14  postgres
05:30:03 PM 100998   3032564    0.00    0.00    0.00    0.00    0.00    10  postgres
05:30:03 PM 100998   3032571    0.00    0.00    0.00    0.00    0.00    14  postgres
05:30:03 PM 100998   3032592    0.00    0.00    0.00    0.00    0.00    14  postgres
05:30:03 PM 100998   3032648    0.00    0.00    0.00    0.00    0.00    10  postgres
05:30:03 PM 100998   3032701    1.00    0.00    0.00    0.00    1.00    10  postgres
05:30:03 PM 100998   3032755    0.00    1.00    0.00    0.00    1.00    14  postgres
05:30:03 PM 100998   3032796    1.00    1.00    0.00    0.00    2.00    12  postgres
05:30:03 PM 100998   3032798    0.00    0.00    0.00    0.00    0.00    12  postgres
05:30:03 PM 100998   3032799    0.00    0.00    0.00    0.00    0.00    10  postgres
05:30:03 PM 100998   3032800    0.00    0.00    0.00    0.00    0.00    12  postgres
05:30:03 PM 100998   3032801    1.00    0.00    0.00    0.00    1.00    10  postgres
05:30:03 PM 100998   3032802    0.00    0.00    0.00    0.00    0.00    10  postgres
05:30:03 PM 100998   3032803    0.00    0.00    0.00    0.00    0.00    12  postgres
05:30:03 PM 100998   3032804    0.00    0.00    0.00    0.00    0.00    14  postgres
05:30:03 PM 100998   3032807    0.00    0.00    0.00    0.00    0.00    12  postgres
05:30:03 PM 100998   3032809    1.00    0.00    0.00    0.00    1.00    10  postgres
05:30:03 PM 100998   3032811    0.00    0.00    0.00    0.00    0.00    10  postgres
05:30:03 PM 100998   3032813    0.00    0.00    0.00    0.00    0.00    10  postgres
05:30:03 PM 100998   3032818    1.00    1.00    0.00    0.00    2.00    12  postgres
05:30:03 PM 100998   3032847    0.00    0.00    0.00    0.00    0.00    14  postgres
05:30:03 PM 100998   3032851    0.00    0.00    0.00    0.00    0.00    12  postgres
05:30:03 PM 100998   3032871    0.00    0.00    0.00    0.00    0.00    14  postgres
05:30:03 PM 100998   3032922    0.00    0.00    0.00    0.00    0.00    12  postgres
05:30:03 PM 100998   3032972    0.00    0.00    0.00    0.00    0.00    12  postgres
05:30:03 PM 100998   3033023    0.00    0.00    0.00    0.00    0.00    12  postgres
05:30:03 PM 100998   3033066    1.00    0.00    0.00    0.00    1.00    14  postgres
05:30:03 PM 100998   3033081    0.00    0.00    0.00    0.00    0.00    10  postgres
05:30:03 PM 100998   3033082    0.00    1.00    0.00    0.00    1.00    12  postgres
05:30:03 PM 100998   3033083    1.00    1.00    0.00    0.00    2.00    10  postgres
05:30:03 PM 100998   3033084    0.00    0.00    0.00    0.00    0.00    14  postgres
05:30:03 PM 100998   3033085    0.00    0.00    0.00    0.00    0.00    10  postgres
05:30:03 PM 100998   3033086    0.00    0.00    0.00    0.00    0.00    10  postgres
05:30:03 PM 100998   3033087    0.00    0.00    0.00    0.00    0.00    10  postgres
05:30:03 PM 100998   3033090    1.00    0.00    0.00    0.00    1.00    14  postgres

05:30:03 PM   UID       PID    %usr %system  %guest   %wait    %CPU   CPU  Command
05:30:04 PM 100998   3032224    0.00    0.00    0.00    0.00    0.00    10  postgres
05:30:04 PM 100998   3032225    0.00    0.00    0.00    0.00    0.00    12  postgres
05:30:04 PM 100998   3032227    0.00    0.00    0.00    0.00    0.00    14  postgres
05:30:04 PM 100998   3032228    0.00    0.00    0.00    0.00    0.00    12  postgres
05:30:04 PM 100998   3032489    1.00    0.00    0.00    0.00    1.00    10  postgres
05:30:04 PM 100998   3032493    0.00    0.00    0.00    0.00    0.00    10  postgres
05:30:04 PM 100998   3032494    0.00    1.00    0.00    0.00    1.00    10  postgres
05:30:04 PM 100998   3032495    1.00    0.00    0.00    0.00    1.00    12  postgres
05:30:04 PM 100998   3032496    1.00    0.00    0.00    0.00    1.00    10  postgres
05:30:04 PM 100998   3032497    0.00    0.00    0.00    0.00    0.00    12  postgres
05:30:04 PM 100998   3032499    1.00    1.00    0.00    0.00    2.00    12  postgres
05:30:04 PM 100998   3032502    0.00    1.00    0.00    0.00    1.00    12  postgres
05:30:04 PM 100998   3032518    1.00    0.00    0.00    0.00    1.00    10  postgres
05:30:04 PM 100998   3032520    0.00    0.00    0.00    0.00    0.00    10  postgres
05:30:04 PM 100998   3032521    1.00    1.00    0.00    0.00    2.00    10  postgres
05:30:04 PM 100998   3032523    0.00    1.00    0.00    0.00    1.00    10  postgres
05:30:04 PM 100998   3032525    1.00    0.00    0.00    0.00    1.00    12  postgres
05:30:04 PM 100998   3032530    0.00    0.00    0.00    0.00    0.00    10  postgres
05:30:04 PM 100998   3032539    1.00    0.00    0.00    0.00    1.00    12  postgres
05:30:04 PM 100998   3032560    1.00    1.00    0.00    0.00    2.00    14  postgres
05:30:04 PM 100998   3032564    0.00    1.00    0.00    0.00    1.00    14  postgres
05:30:04 PM 100998   3032571    0.00    1.00    0.00    0.00    1.00    14  postgres
05:30:04 PM 100998   3032592    0.00    0.00    0.00    0.00    0.00    14  postgres
05:30:04 PM 100998   3032648    0.00    0.00    0.00    0.00    0.00    10  postgres
05:30:04 PM 100998   3032701    0.00    1.00    0.00    0.00    1.00    14  postgres
05:30:04 PM 100998   3032755    0.00    0.00    0.00    0.00    0.00    10  postgres
05:30:04 PM 100998   3032796    0.00    0.00    0.00    0.00    0.00    12  postgres
05:30:04 PM 100998   3032798    0.00    1.00    0.00    0.00    1.00    12  postgres
05:30:04 PM 100998   3032799    0.00    0.00    0.00    0.00    0.00    14  postgres
05:30:04 PM 100998   3032800    0.00    0.00    0.00    0.00    0.00    10  postgres
05:30:04 PM 100998   3032801    0.00    0.00    0.00    0.00    0.00    14  postgres
05:30:04 PM 100998   3032802    1.00    0.00    0.00    0.00    1.00    10  postgres
05:30:04 PM 100998   3032803    0.00    1.00    0.00    0.00    1.00    10  postgres
05:30:04 PM 100998   3032804    1.00    0.00    0.00    0.00    1.00    12  postgres
05:30:04 PM 100998   3032807    0.00    0.00    0.00    0.00    0.00    14  postgres
05:30:04 PM 100998   3032809    0.00    0.00    0.00    0.00    0.00    10  postgres
05:30:04 PM 100998   3032811    0.00    0.00    0.00    0.00    0.00    10  postgres
05:30:04 PM 100998   3032813    0.00    0.00    0.00    0.00    0.00    14  postgres
05:30:04 PM 100998   3032818    0.00    0.00    0.00    0.00    0.00    10  postgres
05:30:04 PM 100998   3032847    0.00    1.00    0.00    0.00    1.00    14  postgres
05:30:04 PM 100998   3032851    1.00    0.00    0.00    0.00    1.00    10  postgres
05:30:04 PM 100998   3032871    0.00    0.00    0.00    0.00    0.00    12  postgres
05:30:04 PM 100998   3032922    0.00    0.00    0.00    0.00    0.00    10  postgres
05:30:04 PM 100998   3032972    0.00    0.00    0.00    0.00    0.00    14  postgres
05:30:04 PM 100998   3033023    1.00    1.00    0.00    0.00    2.00    14  postgres
05:30:04 PM 100998   3033066    0.00    0.00    0.00    0.00    0.00    14  postgres
05:30:04 PM 100998   3033081    0.00    0.00    0.00    0.00    0.00    12  postgres
05:30:04 PM 100998   3033082    0.00    0.00    0.00    0.00    0.00    10  postgres
05:30:04 PM 100998   3033083    0.00    0.00    0.00    0.00    0.00    12  postgres
05:30:04 PM 100998   3033084    0.00    1.00    0.00    0.00    1.00    10  postgres
05:30:04 PM 100998   3033085    1.00    0.00    0.00    0.00    1.00    12  postgres
05:30:04 PM 100998   3033086    0.00    0.00    0.00    0.00    0.00    14  postgres
05:30:04 PM 100998   3033087    1.00    0.00    0.00    0.00    1.00    12  postgres
05:30:04 PM 100998   3033090    0.00    0.00    0.00    0.00    0.00    14  postgres

05:30:04 PM   UID       PID    %usr %system  %guest   %wait    %CPU   CPU  Command
05:30:05 PM 100998   3032224    0.00    0.00    0.00    0.00    0.00    10  postgres
05:30:05 PM 100998   3032225    0.00    0.00    0.00    0.00    0.00    12  postgres
05:30:05 PM 100998   3032227    0.00    0.00    0.00    0.00    0.00    14  postgres
05:30:05 PM 100998   3032228    0.00    0.00    0.00    0.00    0.00    12  postgres
05:30:05 PM 100998   3032489    0.00    0.00    0.00    0.00    0.00    14  postgres
05:30:05 PM 100998   3032493    1.00    0.00    0.00    0.00    1.00    10  postgres
05:30:05 PM 100998   3032494    0.00    0.00    0.00    0.00    0.00    12  postgres
05:30:05 PM 100998   3032495    0.00    0.00    0.00    0.00    0.00    10  postgres
05:30:05 PM 100998   3032496    0.00    0.00    0.00    0.00    0.00    12  postgres
05:30:05 PM 100998   3032497    0.00    0.00    0.00    0.00    0.00    10  postgres
05:30:05 PM 100998   3032499    0.00    0.00    0.00    0.00    0.00    14  postgres
05:30:05 PM 100998   3032502    0.00    0.00    0.00    0.00    0.00    14  postgres
05:30:05 PM 100998   3032518    0.00    0.00    0.00    0.00    0.00    14  postgres
05:30:05 PM 100998   3032520    0.00    0.00    0.00    0.00    0.00    12  postgres
05:30:05 PM 100998   3032521    0.00    0.00    0.00    0.00    0.00    10  postgres
05:30:05 PM 100998   3032523    0.00    0.00    0.00    0.00    0.00    10  postgres
05:30:05 PM 100998   3032525    0.00    0.00    0.00    0.00    0.00    10  postgres
05:30:05 PM 100998   3032530    0.00    0.00    0.00    0.00    0.00    14  postgres
05:30:05 PM 100998   3032539    0.00    0.00    0.00    0.00    0.00    10  postgres
05:30:05 PM 100998   3032560    0.00    0.00    0.00    0.00    0.00    10  postgres
05:30:05 PM 100998   3032564    1.00    0.00    0.00    0.00    1.00    14  postgres
05:30:05 PM 100998   3032571    0.00    0.00    0.00    0.00    0.00    12  postgres
05:30:05 PM 100998   3032592    1.00    0.00    0.00    0.00    1.00    10  postgres
05:30:05 PM 100998   3032648    0.00    0.00    0.00    0.00    0.00    12  postgres
05:30:05 PM 100998   3032701    0.00    0.00    0.00    0.00    0.00    14  postgres
05:30:05 PM 100998   3032755    1.00    0.00    0.00    0.00    1.00    10  postgres
05:30:05 PM 100998   3032796    0.00    0.00    0.00    0.00    0.00    12  postgres
05:30:05 PM 100998   3032798    0.00    0.00    0.00    0.00    0.00    14  postgres
05:30:05 PM 100998   3032799    1.00    0.00    0.00    0.00    1.00    14  postgres
05:30:05 PM 100998   3032800    0.00    0.00    0.00    0.00    0.00    10  postgres
05:30:05 PM 100998   3032801    0.00    0.00    0.00    0.00    0.00    10  postgres
05:30:05 PM 100998   3032802    0.00    0.00    0.00    0.00    0.00    10  postgres
05:30:05 PM 100998   3032803    0.00    0.00    0.00    0.00    0.00    12  postgres
05:30:05 PM 100998   3032804    0.00    0.00    0.00    0.00    0.00    14  postgres
05:30:05 PM 100998   3032807    0.00    0.00    0.00    0.00    0.00    10  postgres
05:30:05 PM 100998   3032809    0.00    0.00    0.00    0.00    0.00    14  postgres
05:30:05 PM 100998   3032811    0.00    0.00    0.00    0.00    0.00    10  postgres
05:30:05 PM 100998   3032813    0.00    0.00    0.00    0.00    0.00    14  postgres
05:30:05 PM 100998   3032818    0.00    0.00    0.00    0.00    0.00    12  postgres
05:30:05 PM 100998   3032847    0.00    0.00    0.00    0.00    0.00    10  postgres
05:30:05 PM 100998   3032851    0.00    1.00    0.00    0.00    1.00    10  postgres
05:30:05 PM 100998   3032871    1.00    0.00    0.00    0.00    1.00    10  postgres
05:30:05 PM 100998   3032922    1.00    0.00    0.00    0.00    1.00    10  postgres
05:30:05 PM 100998   3032972    0.00    0.00    0.00    0.00    0.00    14  postgres
05:30:05 PM 100998   3033023    0.00    0.00    0.00    0.00    0.00    12  postgres
05:30:05 PM 100998   3033066    0.00    0.00    0.00    0.00    0.00    12  postgres
05:30:05 PM 100998   3033081    1.00    0.00    0.00    0.00    1.00    14  postgres
05:30:05 PM 100998   3033082    0.00    0.00    0.00    0.00    0.00    12  postgres
05:30:05 PM 100998   3033083    0.00    0.00    0.00    0.00    0.00    12  postgres
05:30:05 PM 100998   3033084    0.00    0.00    0.00    0.00    0.00    12  postgres
05:30:05 PM 100998   3033085    0.00    0.00    0.00    0.00    0.00    14  postgres
05:30:05 PM 100998   3033086    1.00    0.00    0.00    0.00    1.00    12  postgres
05:30:05 PM 100998   3033087    0.00    0.00    0.00    0.00    0.00    12  postgres
05:30:05 PM 100998   3033090    0.00    1.00    0.00    0.00    1.00    12  postgres

05:30:05 PM   UID       PID    %usr %system  %guest   %wait    %CPU   CPU  Command
05:30:06 PM 100998   3032224    0.00    0.00    0.00    0.00    0.00    10  postgres
05:30:06 PM 100998   3032225    0.00    0.00    0.00    0.00    0.00    12  postgres
05:30:06 PM 100998   3032227    0.00    0.00    0.00    0.00    0.00    14  postgres
05:30:06 PM 100998   3032228    0.00    0.00    0.00    0.00    0.00    12  postgres
05:30:06 PM 100998   3032489    0.00    1.00    0.00    0.00    1.00    12  postgres
05:30:06 PM 100998   3032493    0.00    1.00    0.00    0.00    1.00    14  postgres
05:30:06 PM 100998   3032494    1.00    0.00    0.00    0.00    1.00    10  postgres
05:30:06 PM 100998   3032495    0.00    0.00    0.00    0.00    0.00    14  postgres
05:30:06 PM 100998   3032496    0.00    0.00    0.00    0.00    0.00    14  postgres
05:30:06 PM 100998   3032497    1.00    0.00    0.00    0.00    1.00    10  postgres
05:30:06 PM 100998   3032499    0.00    0.00    0.00    0.00    0.00    12  postgres
05:30:06 PM 100998   3032502    0.00    0.00    0.00    0.00    0.00    14  postgres
05:30:06 PM 100998   3032518    0.00    0.00    0.00    0.00    0.00    12  postgres
05:30:06 PM 100998   3032520    0.00    0.00    0.00    0.00    0.00    12  postgres
05:30:06 PM 100998   3032521    0.00    0.00    0.00    0.00    0.00    14  postgres
05:30:06 PM 100998   3032523    0.00    0.00    0.00    0.00    0.00    10  postgres
05:30:06 PM 100998   3032525    0.00    0.00    0.00    0.00    0.00    12  postgres
05:30:06 PM 100998   3032530    1.00    1.00    0.00    0.00    2.00    12  postgres
05:30:06 PM 100998   3032539    0.00    0.00    0.00    0.00    0.00    10  postgres
05:30:06 PM 100998   3032560    0.00    0.00    0.00    0.00    0.00    10  postgres
05:30:06 PM 100998   3032564    0.00    0.00    0.00    0.00    0.00    10  postgres
05:30:06 PM 100998   3032571    1.00    0.00    0.00    0.00    1.00    14  postgres
05:30:06 PM 100998   3032592    0.00    0.00    0.00    0.00    0.00    10  postgres
05:30:06 PM 100998   3032648    0.00    1.00    0.00    0.00    1.00    10  postgres
05:30:06 PM 100998   3032701    1.00    0.00    0.00    0.00    1.00    12  postgres
05:30:06 PM 100998   3032755    0.00    0.00    0.00    0.00    0.00    14  postgres
05:30:06 PM 100998   3032796    0.00    0.00    0.00    1.00    0.00    10  postgres
05:30:06 PM 100998   3032798    1.00    0.00    0.00    0.00    1.00    14  postgres
05:30:06 PM 100998   3032799    0.00    0.00    0.00    0.00    0.00    14  postgres
05:30:06 PM 100998   3032800    0.00    0.00    0.00    0.00    0.00    14  postgres
05:30:06 PM 100998   3032801    0.00    1.00    0.00    0.00    1.00    14  postgres
05:30:06 PM 100998   3032802    0.00    1.00    0.00    0.00    1.00    10  postgres
05:30:06 PM 100998   3032803    0.00    0.00    0.00    0.00    0.00    12  postgres
05:30:06 PM 100998   3032804    0.00    0.00    0.00    0.00    0.00    10  postgres
05:30:06 PM 100998   3032807    1.00    0.00    0.00    0.00    1.00    10  postgres
05:30:06 PM 100998   3032809    0.00    0.00    0.00    0.00    0.00    14  postgres
05:30:06 PM 100998   3032811    0.00    1.00    0.00    0.00    1.00    10  postgres
05:30:06 PM 100998   3032813    0.00    0.00    0.00    0.00    0.00    14  postgres
05:30:06 PM 100998   3032818    0.00    0.00    0.00    0.00    0.00    10  postgres
05:30:06 PM 100998   3032847    0.00    0.00    0.00    0.00    0.00    10  postgres
05:30:06 PM 100998   3032851    0.00    0.00    0.00    0.00    0.00    14  postgres
05:30:06 PM 100998   3032871    0.00    1.00    0.00    0.00    1.00    12  postgres
05:30:06 PM 100998   3032922    0.00    0.00    0.00    0.00    0.00    10  postgres
05:30:06 PM 100998   3032972    0.00    0.00    0.00    0.00    0.00    14  postgres
05:30:06 PM 100998   3033023    0.00    0.00    0.00    0.00    0.00    14  postgres
05:30:06 PM 100998   3033066    0.00    0.00    0.00    0.00    0.00    14  postgres
05:30:06 PM 100998   3033081    0.00    0.00    0.00    0.00    0.00    12  postgres
05:30:06 PM 100998   3033082    0.00    0.00    0.00    0.00    0.00    12  postgres
05:30:06 PM 100998   3033083    0.00    0.00    0.00    0.00    0.00    12  postgres
05:30:06 PM 100998   3033084    0.00    0.00    0.00    0.00    0.00    12  postgres
05:30:06 PM 100998   3033085    0.00    0.00    0.00    0.00    0.00    14  postgres
05:30:06 PM 100998   3033086    0.00    0.00    0.00    0.00    0.00    10  postgres
05:30:06 PM 100998   3033087    0.00    0.00    0.00    0.00    0.00    10  postgres
05:30:06 PM 100998   3033090    0.00    0.00    0.00    0.00    0.00    12  postgres

05:30:06 PM   UID       PID    %usr %system  %guest   %wait    %CPU   CPU  Command
05:30:07 PM 100998   3032224    0.00    0.00    0.00    0.00    0.00    10  postgres
05:30:07 PM 100998   3032225    0.00    0.00    0.00    0.00    0.00    12  postgres
05:30:07 PM 100998   3032227    0.00    0.00    0.00    0.00    0.00    14  postgres
05:30:07 PM 100998   3032228    0.00    0.00    0.00    0.00    0.00    12  postgres
05:30:07 PM 100998   3032489    1.00    0.00    0.00    0.00    1.00    10  postgres
05:30:07 PM 100998   3032493    0.00    0.00    0.00    0.00    0.00    14  postgres
05:30:07 PM 100998   3032494    0.00    0.00    0.00    0.00    0.00    14  postgres
05:30:07 PM 100998   3032495    1.00    1.00    0.00    0.00    2.00    12  postgres
05:30:07 PM 100998   3032496    1.00    1.00    0.00    0.00    2.00    10  postgres
05:30:07 PM 100998   3032497    0.00    1.00    0.00    0.00    1.00    14  postgres
05:30:07 PM 100998   3032499    0.00    0.00    0.00    0.00    0.00    12  postgres
05:30:07 PM 100998   3032502    1.00    0.00    0.00    0.00    1.00    10  postgres
05:30:07 PM 100998   3032518    0.00    1.00    0.00    0.00    1.00    10  postgres
05:30:07 PM 100998   3032520    1.00    1.00    0.00    0.00    2.00    14  postgres
05:30:07 PM 100998   3032521    0.00    0.00    0.00    0.00    0.00    10  postgres
05:30:07 PM 100998   3032523    1.00    0.00    0.00    0.00    1.00    14  postgres
05:30:07 PM 100998   3032525    1.00    0.00    0.00    0.00    1.00    10  postgres
05:30:07 PM 100998   3032530    0.00    0.00    0.00    0.00    0.00    14  postgres
05:30:07 PM 100998   3032539    0.00    0.00    0.00    0.00    0.00    10  postgres
05:30:07 PM 100998   3032560    0.00    0.00    0.00    0.00    0.00    10  postgres
05:30:07 PM 100998   3032564    0.00    0.00    0.00    0.00    0.00    10  postgres
05:30:07 PM 100998   3032571    0.00    0.00    0.00    0.00    0.00    12  postgres
05:30:07 PM 100998   3032592    0.00    1.00    0.00    0.00    1.00    10  postgres
05:30:07 PM 100998   3032648    1.00    0.00    0.00    0.00    1.00    14  postgres
05:30:07 PM 100998   3032701    0.00    0.00    0.00    0.00    0.00    10  postgres
05:30:07 PM 100998   3032755    0.00    0.00    0.00    0.00    0.00    14  postgres
05:30:07 PM 100998   3032796    0.00    0.00    0.00    0.00    0.00    10  postgres
05:30:07 PM 100998   3032798    0.00    0.00    0.00    0.00    0.00    10  postgres
05:30:07 PM 100998   3032799    0.00    1.00    0.00    0.00    1.00    14  postgres
05:30:07 PM 100998   3032800    1.00    0.00    0.00    0.00    1.00    10  postgres
05:30:07 PM 100998   3032801    0.00    0.00    0.00    0.00    0.00    14  postgres
05:30:07 PM 100998   3032802    0.00    0.00    0.00    0.00    0.00    12  postgres
05:30:07 PM 100998   3032803    0.00    0.00    0.00    0.00    0.00    12  postgres
05:30:07 PM 100998   3032804    0.00    1.00    0.00    0.00    1.00    12  postgres
05:30:07 PM 100998   3032807    0.00    1.00    0.00    0.00    1.00    10  postgres
05:30:07 PM 100998   3032809    0.00    0.00    0.00    0.00    0.00    10  postgres
05:30:07 PM 100998   3032811    0.00    0.00    0.00    0.00    0.00    14  postgres
05:30:07 PM 100998   3032813    1.00    0.00    0.00    0.00    1.00    14  postgres
05:30:07 PM 100998   3032818    0.00    0.00    0.00    0.00    0.00    14  postgres
05:30:07 PM 100998   3032847    0.00    0.00    0.00    0.00    0.00    12  postgres
05:30:07 PM 100998   3032851    0.00    0.00    0.00    0.00    0.00    10  postgres
05:30:07 PM 100998   3032871    0.00    0.00    0.00    0.00    0.00    12  postgres
05:30:07 PM 100998   3032922    0.00    0.00    0.00    0.00    0.00    10  postgres
05:30:07 PM 100998   3032972    0.00    1.00    0.00    0.00    1.00    10  postgres
05:30:07 PM 100998   3033023    0.00    0.00    0.00    0.00    0.00    10  postgres
05:30:07 PM 100998   3033066    1.00    0.00    0.00    0.00    1.00    12  postgres
05:30:07 PM 100998   3033081    0.00    1.00    0.00    0.00    1.00    14  postgres
05:30:07 PM 100998   3033082    1.00    0.00    0.00    0.00    1.00    12  postgres
05:30:07 PM 100998   3033083    1.00    0.00    0.00    0.00    1.00    14  postgres
05:30:07 PM 100998   3033084    1.00    0.00    0.00    0.00    1.00    12  postgres
05:30:07 PM 100998   3033085    0.00    1.00    0.00    0.00    1.00    12  postgres
05:30:07 PM 100998   3033086    0.00    0.00    0.00    0.00    0.00    10  postgres
05:30:07 PM 100998   3033087    0.00    0.00    0.00    0.00    0.00    14  postgres
05:30:07 PM 100998   3033090    0.00    0.00    0.00    0.00    0.00    12  postgres

05:30:07 PM   UID       PID    %usr %system  %guest   %wait    %CPU   CPU  Command
05:30:08 PM 100998   3032224    0.00    0.00    0.00    0.00    0.00    10  postgres
05:30:08 PM 100998   3032225    0.00    0.00    0.00    0.00    0.00    12  postgres
05:30:08 PM 100998   3032227    0.00    0.00    0.00    0.00    0.00    14  postgres
05:30:08 PM 100998   3032228    0.00    0.00    0.00    0.00    0.00    12  postgres
05:30:08 PM 100998   3032489    0.00    1.00    0.00    0.00    1.00    10  postgres
05:30:08 PM 100998   3032493    1.00    0.00    0.00    0.00    1.00    12  postgres
05:30:08 PM 100998   3032494    0.00    1.00    0.00    0.00    1.00    12  postgres
05:30:08 PM 100998   3032495    0.00    0.00    0.00    0.00    0.00    14  postgres
05:30:08 PM 100998   3032496    0.00    0.00    0.00    0.00    0.00    14  postgres
05:30:08 PM 100998   3032497    0.00    0.00    0.00    0.00    0.00    14  postgres
05:30:08 PM 100998   3032499    0.00    1.00    0.00    0.00    1.00    12  postgres
05:30:08 PM 100998   3032502    0.00    1.00    0.00    0.00    1.00    14  postgres
05:30:08 PM 100998   3032518    0.00    0.00    0.00    0.00    0.00    14  postgres
05:30:08 PM 100998   3032520    0.00    0.00    0.00    0.00    0.00    12  postgres
05:30:08 PM 100998   3032521    1.00    0.00    0.00    0.00    1.00    10  postgres
05:30:08 PM 100998   3032523    0.00    1.00    0.00    0.00    1.00    10  postgres
05:30:08 PM 100998   3032525    0.00    1.00    0.00    0.00    1.00    12  postgres
05:30:08 PM 100998   3032530    0.00    0.00    0.00    0.00    0.00    14  postgres
05:30:08 PM 100998   3032539    1.00    1.00    0.00    0.00    2.00    10  postgres
05:30:08 PM 100998   3032560    0.00    0.00    0.00    0.00    0.00    10  postgres
05:30:08 PM 100998   3032564    0.00    1.00    0.00    0.00    1.00    14  postgres
05:30:08 PM 100998   3032571    0.00    1.00    0.00    0.00    1.00    10  postgres
05:30:08 PM 100998   3032592    0.00    0.00    0.00    0.00    0.00    14  postgres
05:30:08 PM 100998   3032648    0.00    0.00    0.00    0.00    0.00    14  postgres
05:30:08 PM 100998   3032701    1.00    0.00    0.00    0.00    1.00    10  postgres
05:30:08 PM 100998   3032755    0.00    0.00    0.00    0.00    0.00    12  postgres
05:30:08 PM 100998   3032796    0.00    0.00    0.00    0.00    0.00    12  postgres
05:30:08 PM 100998   3032798    0.00    0.00    0.00    0.00    0.00    10  postgres
05:30:08 PM 100998   3032799    0.00    0.00    0.00    0.00    0.00    14  postgres
05:30:08 PM 100998   3032800    0.00    0.00    0.00    0.00    0.00    10  postgres
05:30:08 PM 100998   3032801    1.00    0.00    0.00    0.00    1.00    14  postgres
05:30:08 PM 100998   3032802    0.00    0.00    0.00    0.00    0.00    14  postgres
05:30:08 PM 100998   3032803    1.00    0.00    0.00    0.00    1.00    12  postgres
05:30:08 PM 100998   3032804    0.00    0.00    0.00    0.00    0.00    10  postgres
05:30:08 PM 100998   3032807    0.00    0.00    0.00    0.00    0.00    14  postgres
05:30:08 PM 100998   3032809    1.00    1.00    0.00    0.00    2.00    12  postgres
05:30:08 PM 100998   3032811    0.00    0.00    0.00    0.00    0.00    14  postgres
05:30:08 PM 100998   3032813    0.00    0.00    0.00    0.00    0.00    10  postgres
05:30:08 PM 100998   3032818    1.00    0.00    0.00    0.00    1.00    14  postgres
05:30:08 PM 100998   3032847    1.00    0.00    0.00    0.00    1.00    14  postgres
05:30:08 PM 100998   3032851    1.00    0.00    0.00    0.00    1.00    12  postgres
05:30:08 PM 100998   3032871    0.00    0.00    0.00    0.00    0.00    14  postgres
05:30:08 PM 100998   3032922    0.00    0.00    0.00    0.00    0.00    14  postgres
05:30:08 PM 100998   3032972    1.00    0.00    0.00    0.00    1.00    10  postgres
05:30:08 PM 100998   3033023    1.00    0.00    0.00    0.00    1.00    14  postgres
05:30:08 PM 100998   3033066    0.00    0.00    0.00    0.00    0.00    12  postgres
05:30:08 PM 100998   3033081    0.00    0.00    0.00    0.00    0.00    12  postgres
05:30:08 PM 100998   3033082    0.00    0.00    0.00    0.00    0.00    10  postgres
05:30:08 PM 100998   3033083    0.00    0.00    0.00    0.00    0.00    10  postgres
05:30:08 PM 100998   3033084    0.00    0.00    0.00    0.00    0.00    14  postgres
05:30:08 PM 100998   3033085    0.00    0.00    0.00    0.00    0.00    14  postgres
05:30:08 PM 100998   3033086    0.00    0.00    0.00    0.00    0.00    12  postgres
05:30:08 PM 100998   3033087    0.00    0.00    0.00    0.00    0.00    12  postgres
05:30:08 PM 100998   3033090    0.00    0.00    0.00    0.00    0.00    14  postgres

05:30:08 PM   UID       PID    %usr %system  %guest   %wait    %CPU   CPU  Command
05:30:09 PM 100998   3032224    0.00    0.00    0.00    0.00    0.00    10  postgres
05:30:09 PM 100998   3032225    0.00    0.00    0.00    0.00    0.00    12  postgres
05:30:09 PM 100998   3032227    0.00    0.00    0.00    0.00    0.00    14  postgres
05:30:09 PM 100998   3032228    0.00    0.00    0.00    0.00    0.00    12  postgres
05:30:09 PM 100998   3032489    1.00    0.00    0.00    0.00    1.00    12  postgres
05:30:09 PM 100998   3032493    0.00    1.00    0.00    0.00    1.00    14  postgres
05:30:09 PM 100998   3032494    1.00    0.00    0.00    0.00    1.00    10  postgres
05:30:09 PM 100998   3032495    1.00    0.00    0.00    0.00    1.00    14  postgres
05:30:09 PM 100998   3032496    1.00    0.00    0.00    0.00    1.00    14  postgres
05:30:09 PM 100998   3032497    0.00    0.00    0.00    0.00    0.00    12  postgres
05:30:09 PM 100998   3032499    1.00    1.00    0.00    0.00    2.00    10  postgres
05:30:09 PM 100998   3032502    1.00    0.00    0.00    0.00    1.00    12  postgres
05:30:09 PM 100998   3032518    1.00    0.00    0.00    0.00    1.00    10  postgres
05:30:09 PM 100998   3032520    0.00    0.00    0.00    0.00    0.00    12  postgres
05:30:09 PM 100998   3032521    0.00    1.00    0.00    0.00    1.00    14  postgres
05:30:09 PM 100998   3032523    0.00    0.00    0.00    0.00    0.00    10  postgres
05:30:09 PM 100998   3032525    0.00    0.00    0.00    0.00    0.00    14  postgres
05:30:09 PM 100998   3032530    0.00    0.00    0.00    0.00    0.00    10  postgres
05:30:09 PM 100998   3032539    0.00    0.00    0.00    0.00    0.00    10  postgres
05:30:09 PM 100998   3032560    1.00    1.00    0.00    0.00    2.00    14  postgres
05:30:09 PM 100998   3032564    1.00    0.00    0.00    0.00    1.00    10  postgres
05:30:09 PM 100998   3032571    1.00    0.00    0.00    0.00    1.00    14  postgres
05:30:09 PM 100998   3032592    0.00    0.00    0.00    0.00    0.00    10  postgres
05:30:09 PM 100998   3032648    0.00    0.00    0.00    0.00    0.00    10  postgres
05:30:09 PM 100998   3032701    0.00    0.00    0.00    0.00    0.00    14  postgres
05:30:09 PM 100998   3032755    1.00    0.00    0.00    0.00    1.00    12  postgres
05:30:09 PM 100998   3032796    1.00    1.00    0.00    0.00    2.00    14  postgres
05:30:09 PM 100998   3032798    0.00    1.00    0.00    0.00    1.00    12  postgres
05:30:09 PM 100998   3032799    0.00    0.00    0.00    0.00    0.00    12  postgres
05:30:09 PM 100998   3032800    0.00    1.00    0.00    0.00    1.00    14  postgres
05:30:09 PM 100998   3032801    0.00    0.00    0.00    0.00    0.00    12  postgres
05:30:09 PM 100998   3032802    0.00    0.00    0.00    0.00    0.00    14  postgres
05:30:09 PM 100998   3032803    0.00    1.00    0.00    0.00    1.00    14  postgres
05:30:09 PM 100998   3032804    0.00    0.00    0.00    0.00    0.00    10  postgres
05:30:09 PM 100998   3032807    0.00    0.00    0.00    0.00    0.00    12  postgres
05:30:09 PM 100998   3032809    0.00    0.00    0.00    0.00    0.00    10  postgres
05:30:09 PM 100998   3032811    1.00    0.00    0.00    0.00    1.00    10  postgres
05:30:09 PM 100998   3032813    0.00    1.00    0.00    0.00    1.00    14  postgres
05:30:09 PM 100998   3032818    0.00    0.00    0.00    0.00    0.00    14  postgres
05:30:09 PM 100998   3032847    0.00    0.00    0.00    0.00    0.00    12  postgres
05:30:09 PM 100998   3032851    0.00    0.00    0.00    0.00    0.00    12  postgres
05:30:09 PM 100998   3032871    0.00    0.00    0.00    0.00    0.00    14  postgres
05:30:09 PM 100998   3032922    0.00    0.00    0.00    0.00    0.00    12  postgres
05:30:09 PM 100998   3032972    0.00    0.00    0.00    0.00    0.00    12  postgres
05:30:09 PM 100998   3033023    0.00    0.00    0.00    0.00    0.00    10  postgres
05:30:09 PM 100998   3033066    0.00    1.00    0.00    0.00    1.00    14  postgres
05:30:09 PM 100998   3033081    0.00    0.00    0.00    0.00    0.00    14  postgres
05:30:09 PM 100998   3033082    0.00    1.00    0.00    0.00    1.00    12  postgres
05:30:09 PM 100998   3033083    0.00    0.00    0.00    0.00    0.00    14  postgres
05:30:09 PM 100998   3033084    0.00    0.00    0.00    0.00    0.00    10  postgres
05:30:09 PM 100998   3033085    1.00    0.00    0.00    0.00    1.00    14  postgres
05:30:09 PM 100998   3033086    0.00    1.00    0.00    0.00    1.00    12  postgres
05:30:09 PM 100998   3033087    1.00    0.00    0.00    0.00    1.00    14  postgres
05:30:09 PM 100998   3033090    1.00    0.00    0.00    0.00    1.00    12  postgres

05:30:09 PM   UID       PID    %usr %system  %guest   %wait    %CPU   CPU  Command
05:30:10 PM 100998   3032224    0.00    0.00    0.00    0.00    0.00    10  postgres
05:30:10 PM 100998   3032225    0.00    0.00    0.00    0.00    0.00    12  postgres
05:30:10 PM 100998   3032227    0.00    0.00    0.00    0.00    0.00    14  postgres
05:30:10 PM 100998   3032228    0.00    0.00    0.00    0.00    0.00    12  postgres
05:30:10 PM 100998   3032489    0.00    0.00    0.00    0.00    0.00    10  postgres
05:30:10 PM 100998   3032493    1.00    0.00    0.00    0.00    1.00    14  postgres
05:30:10 PM 100998   3032494    0.00    0.00    0.00    0.00    0.00    10  postgres
05:30:10 PM 100998   3032495    0.00    1.00    0.00    0.00    1.00    10  postgres
05:30:10 PM 100998   3032496    0.00    0.00    0.00    0.00    0.00    12  postgres
05:30:10 PM 100998   3032497    1.00    0.00    0.00    0.00    1.00    10  postgres
05:30:10 PM 100998   3032499    0.00    0.00    0.00    0.00    0.00    12  postgres
05:30:10 PM 100998   3032502    0.00    0.00    0.00    0.00    0.00    10  postgres
05:30:10 PM 100998   3032518    0.00    0.00    0.00    0.00    0.00    14  postgres
05:30:10 PM 100998   3032520    0.00    0.00    0.00    0.00    0.00    14  postgres
05:30:10 PM 100998   3032521    0.00    0.00    0.00    0.00    0.00    12  postgres
05:30:10 PM 100998   3032523    0.00    0.00    0.00    0.00    0.00    14  postgres
05:30:10 PM 100998   3032525    1.00    0.00    0.00    0.00    1.00    10  postgres
05:30:10 PM 100998   3032530    1.00    0.00    0.00    0.00    1.00    12  postgres
05:30:10 PM 100998   3032539    0.00    0.00    0.00    0.00    0.00    14  postgres
05:30:10 PM 100998   3032560    0.00    0.00    0.00    0.00    0.00    12  postgres
05:30:10 PM 100998   3032564    0.00    0.00    0.00    0.00    0.00    12  postgres
05:30:10 PM 100998   3032571    0.00    0.00    0.00    0.00    0.00    14  postgres
05:30:10 PM 100998   3032592    1.00    0.00    0.00    0.00    1.00    10  postgres
05:30:10 PM 100998   3032648    0.00    0.00    0.00    0.00    0.00    10  postgres
05:30:10 PM 100998   3032701    0.00    0.00    0.00    0.00    0.00    14  postgres
05:30:10 PM 100998   3032755    0.00    0.00    0.00    0.00    0.00    10  postgres
05:30:10 PM 100998   3032796    0.00    0.00    0.00    0.00    0.00    14  postgres
05:30:10 PM 100998   3032798    0.00    0.00    0.00    0.00    0.00    12  postgres
05:30:10 PM 100998   3032799    0.00    0.00    0.00    0.00    0.00    14  postgres
05:30:10 PM 100998   3032800    0.00    0.00    0.00    0.00    0.00    14  postgres
05:30:10 PM 100998   3032801    0.00    0.00    0.00    0.00    0.00    14  postgres
05:30:10 PM 100998   3032802    0.00    0.00    0.00    0.00    0.00    14  postgres
05:30:10 PM 100998   3032803    0.00    0.00    0.00    0.00    0.00    12  postgres
05:30:10 PM 100998   3032804    0.00    0.00    0.00    0.00    0.00    10  postgres
05:30:10 PM 100998   3032807    0.00    0.00    0.00    0.00    0.00    12  postgres
05:30:10 PM 100998   3032809    0.00    0.00    0.00    0.00    0.00    10  postgres
05:30:10 PM 100998   3032811    0.00    0.00    0.00    0.00    0.00    12  postgres
05:30:10 PM 100998   3032813    0.00    0.00    0.00    0.00    0.00    12  postgres
05:30:10 PM 100998   3032818    0.00    0.00    0.00    0.00    0.00    12  postgres
05:30:10 PM 100998   3032847    0.00    1.00    0.00    0.00    1.00    14  postgres
05:30:10 PM 100998   3032851    0.00    0.00    0.00    0.00    0.00    12  postgres
05:30:10 PM 100998   3032871    1.00    1.00    0.00    0.00    2.00    14  postgres
05:30:10 PM 100998   3032922    1.00    0.00    0.00    0.00    1.00    14  postgres
05:30:10 PM 100998   3032972    0.00    0.00    0.00    0.00    0.00    12  postgres
05:30:10 PM 100998   3033023    0.00    0.00    0.00    0.00    0.00    12  postgres
05:30:10 PM 100998   3033066    0.00    0.00    0.00    0.00    0.00    12  postgres
05:30:10 PM 100998   3033081    0.00    0.00    0.00    0.00    0.00    10  postgres
05:30:10 PM 100998   3033082    0.00    0.00    0.00    0.00    0.00    10  postgres
05:30:10 PM 100998   3033083    0.00    0.00    0.00    0.00    0.00    14  postgres
05:30:10 PM 100998   3033084    0.00    0.00    0.00    0.00    0.00    10  postgres
05:30:10 PM 100998   3033085    0.00    0.00    0.00    0.00    0.00    10  postgres
05:30:10 PM 100998   3033086    0.00    0.00    0.00    0.00    0.00    12  postgres
05:30:10 PM 100998   3033087    0.00    0.00    0.00    0.00    0.00    12  postgres
05:30:10 PM 100998   3033090    0.00    1.00    0.00    0.00    1.00    14  postgres

05:30:10 PM   UID       PID    %usr %system  %guest   %wait    %CPU   CPU  Command
05:30:11 PM 100998   3032224    0.00    0.00    0.00    0.00    0.00    10  postgres
05:30:11 PM 100998   3032225    0.00    0.00    0.00    0.00    0.00    12  postgres
05:30:11 PM 100998   3032227    0.00    0.00    0.00    0.00    0.00    14  postgres
05:30:11 PM 100998   3032228    0.00    0.00    0.00    0.00    0.00    12  postgres
05:30:11 PM 100998   3032489    0.00    0.00    0.00    0.00    0.00    10  postgres
05:30:11 PM 100998   3032493    0.00    1.00    0.00    0.00    1.00    14  postgres
05:30:11 PM 100998   3032494    0.00    0.00    0.00    0.00    0.00    10  postgres
05:30:11 PM 100998   3032495    0.00    0.00    0.00    0.00    0.00    12  postgres
05:30:11 PM 100998   3032496    1.00    0.00    0.00    0.00    1.00    12  postgres
05:30:11 PM 100998   3032497    0.00    0.00    0.00    0.00    0.00    12  postgres
05:30:11 PM 100998   3032499    0.00    0.00    0.00    0.00    0.00    10  postgres
05:30:11 PM 100998   3032502    0.00    0.00    0.00    0.00    0.00    14  postgres
05:30:11 PM 100998   3032518    0.00    1.00    0.00    0.00    1.00    14  postgres
05:30:11 PM 100998   3032520    1.00    0.00    0.00    0.00    1.00    12  postgres
05:30:11 PM 100998   3032521    1.00    0.00    0.00    0.00    1.00    14  postgres
05:30:11 PM 100998   3032523    1.00    0.00    0.00    0.00    1.00    10  postgres
05:30:11 PM 100998   3032525    0.00    0.00    0.00    0.00    0.00    10  postgres
05:30:11 PM 100998   3032530    0.00    1.00    0.00    0.00    1.00    14  postgres
05:30:11 PM 100998   3032539    0.00    1.00    0.00    0.00    1.00    12  postgres
05:30:11 PM 100998   3032560    0.00    0.00    0.00    0.00    0.00    12  postgres
05:30:11 PM 100998   3032564    0.00    0.00    0.00    0.00    0.00    10  postgres
05:30:11 PM 100998   3032571    0.00    0.00    0.00    0.00    0.00    12  postgres
05:30:11 PM 100998   3032592    0.00    0.00    0.00    0.00    0.00    14  postgres
05:30:11 PM 100998   3032648    1.00    1.00    0.00    0.00    2.00    10  postgres
05:30:11 PM 100998   3032701    0.00    1.00    0.00    0.00    1.00    10  postgres
05:30:11 PM 100998   3032755    0.00    0.00    0.00    0.00    0.00    12  postgres
05:30:11 PM 100998   3032796    0.00    0.00    0.00    0.00    0.00    14  postgres
05:30:11 PM 100998   3032798    1.00    0.00    0.00    0.00    1.00    12  postgres
05:30:11 PM 100998   3032799    1.00    0.00    0.00    0.00    1.00    10  postgres
05:30:11 PM 100998   3032800    1.00    0.00    0.00    0.00    1.00    14  postgres
05:30:11 PM 100998   3032801    0.00    0.00    0.00    0.00    0.00    12  postgres
05:30:11 PM 100998   3032802    0.00    1.00    0.00    0.00    1.00    14  postgres
05:30:11 PM 100998   3032803    0.00    0.00    0.00    0.00    0.00    12  postgres
05:30:11 PM 100998   3032804    1.00    0.00    0.00    0.00    1.00    14  postgres
05:30:11 PM 100998   3032807    0.00    0.00    0.00    0.00    0.00    10  postgres
05:30:11 PM 100998   3032809    0.00    0.00    0.00    0.00    0.00    10  postgres
05:30:11 PM 100998   3032811    0.00    0.00    0.00    0.00    0.00    12  postgres
05:30:11 PM 100998   3032813    1.00    0.00    0.00    0.00    1.00    12  postgres
05:30:11 PM 100998   3032818    0.00    0.00    0.00    0.00    0.00    12  postgres
05:30:11 PM 100998   3032847    0.00    0.00    0.00    0.00    0.00    14  postgres
05:30:11 PM 100998   3032851    0.00    0.00    0.00    0.00    0.00    10  postgres
05:30:11 PM 100998   3032871    0.00    0.00    0.00    0.00    0.00    14  postgres
05:30:11 PM 100998   3032922    0.00    1.00    0.00    0.00    1.00    12  postgres
05:30:11 PM 100998   3032972    1.00    0.00    0.00    0.00    1.00    10  postgres
05:30:11 PM 100998   3033023    0.00    0.00    0.00    0.00    0.00    12  postgres
05:30:11 PM 100998   3033066    0.00    0.00    0.00    0.00    0.00    12  postgres
05:30:11 PM 100998   3033081    0.00    0.00    0.00    0.00    0.00    10  postgres
05:30:11 PM 100998   3033082    1.00    0.00    0.00    0.00    1.00    12  postgres
05:30:11 PM 100998   3033083    0.00    0.00    0.00    0.00    0.00    10  postgres
05:30:11 PM 100998   3033084    1.00    0.00    0.00    0.00    1.00    12  postgres
05:30:11 PM 100998   3033085    0.00    0.00    0.00    0.00    0.00    14  postgres
05:30:11 PM 100998   3033086    1.00    0.00    0.00    0.00    1.00    12  postgres
05:30:11 PM 100998   3033087    0.00    0.00    0.00    0.00    0.00    14  postgres
05:30:11 PM 100998   3033090    0.00    0.00    0.00    0.00    0.00    12  postgres

05:30:11 PM   UID       PID    %usr %system  %guest   %wait    %CPU   CPU  Command
05:30:12 PM 100998   3032224    0.00    0.00    0.00    0.00    0.00    10  postgres
05:30:12 PM 100998   3032225    0.00    0.00    0.00    0.00    0.00    12  postgres
05:30:12 PM 100998   3032227    0.00    0.00    0.00    0.00    0.00    14  postgres
05:30:12 PM 100998   3032228    0.00    0.00    0.00    0.00    0.00    12  postgres
05:30:12 PM 100998   3032489    0.00    0.99    0.00    0.00    0.99    10  postgres
05:30:12 PM 100998   3032493    0.00    0.00    0.00    0.00    0.00    12  postgres
05:30:12 PM 100998   3032494    0.99    0.99    0.00    0.00    1.98    10  postgres
05:30:12 PM 100998   3032495    0.99    0.00    0.00    0.00    0.99    12  postgres
05:30:12 PM 100998   3032496    0.00    0.00    0.00    0.00    0.00    12  postgres
05:30:12 PM 100998   3032497    0.00    0.99    0.00    0.00    0.99    14  postgres
05:30:12 PM 100998   3032499    0.00    0.00    0.00    0.00    0.00    10  postgres
05:30:12 PM 100998   3032502    0.00    0.99    0.00    0.00    0.99    12  postgres
05:30:12 PM 100998   3032518    0.99    0.00    0.00    0.00    0.99    12  postgres
05:30:12 PM 100998   3032520    0.00    0.00    0.00    0.00    0.00    14  postgres
05:30:12 PM 100998   3032521    0.00    0.00    0.00    0.00    0.00    14  postgres
05:30:12 PM 100998   3032523    0.00    0.00    0.00    0.00    0.00    12  postgres
05:30:12 PM 100998   3032525    0.00    0.00    0.00    0.00    0.00    14  postgres
05:30:12 PM 100998   3032530    0.00    0.00    0.00    0.00    0.00    14  postgres
05:30:12 PM 100998   3032539    0.99    0.00    0.00    0.00    0.99    14  postgres
05:30:12 PM 100998   3032560    0.00    0.00    0.00    0.00    0.00    10  postgres
05:30:12 PM 100998   3032564    0.00    0.00    0.00    0.00    0.00    12  postgres
05:30:12 PM 100998   3032571    0.00    0.00    0.00    0.00    0.00    12  postgres
05:30:12 PM 100998   3032592    0.00    0.99    0.00    0.00    0.99    14  postgres
05:30:12 PM 100998   3032648    0.00    0.00    0.00    0.00    0.00    12  postgres
05:30:12 PM 100998   3032701    0.99    0.00    0.00    0.00    0.99    10  postgres
05:30:12 PM 100998   3032755    0.99    0.99    0.00    0.00    1.98    12  postgres
05:30:12 PM 100998   3032796    0.00    0.00    0.00    0.00    0.00    10  postgres
05:30:12 PM 100998   3032798    0.00    0.00    0.00    0.00    0.00    14  postgres
05:30:12 PM 100998   3032799    0.00    0.99    0.00    0.00    0.99    12  postgres
05:30:12 PM 100998   3032800    0.00    0.00    0.00    0.00    0.00    14  postgres
05:30:12 PM 100998   3032801    0.99    0.00    0.00    0.00    0.99    14  postgres
05:30:12 PM 100998   3032802    0.99    0.00    0.00    0.00    0.99    14  postgres
05:30:12 PM 100998   3032803    0.00    0.00    0.00    0.00    0.00    14  postgres
05:30:12 PM 100998   3032804    0.00    0.00    0.00    0.00    0.00    12  postgres
05:30:12 PM 100998   3032807    0.00    0.99    0.00    0.00    0.99    14  postgres
05:30:12 PM 100998   3032809    0.00    0.00    0.00    0.00    0.00    12  postgres
05:30:12 PM 100998   3032811    0.00    0.00    0.00    0.00    0.00    10  postgres
05:30:12 PM 100998   3032813    0.00    0.00    0.00    0.00    0.00    10  postgres
05:30:12 PM 100998   3032818    0.00    0.99    0.00    0.00    0.99    12  postgres
05:30:12 PM 100998   3032847    0.00    0.00    0.00    0.00    0.00    10  postgres
05:30:12 PM 100998   3032851    0.00    0.00    0.00    0.00    0.00    12  postgres
05:30:12 PM 100998   3032871    0.00    0.00    0.00    0.00    0.00    10  postgres
05:30:12 PM 100998   3032922    0.00    0.00    0.00    0.00    0.00    12  postgres
05:30:12 PM 100998   3032972    0.00    0.00    0.00    0.00    0.00    10  postgres
05:30:12 PM 100998   3033023    0.99    0.00    0.00    0.00    0.99    10  postgres
05:30:12 PM 100998   3033066    0.99    0.00    0.00    0.00    0.99    14  postgres
05:30:12 PM 100998   3033081    0.99    0.00    0.00    0.00    0.99    14  postgres
05:30:12 PM 100998   3033082    0.00    0.00    0.00    0.00    0.00    10  postgres
05:30:12 PM 100998   3033083    0.00    0.99    0.00    0.00    0.99    14  postgres
05:30:12 PM 100998   3033084    0.00    0.00    0.00    0.00    0.00    14  postgres
05:30:12 PM 100998   3033085    0.00    0.00    0.00    0.00    0.00    10  postgres
05:30:12 PM 100998   3033086    0.00    0.00    0.00    0.00    0.00    12  postgres
05:30:12 PM 100998   3033087    0.00    0.99    0.00    0.00    0.99    10  postgres
05:30:12 PM 100998   3033090    0.00    0.00    0.00    0.00    0.00    14  postgres

05:30:12 PM   UID       PID    %usr %system  %guest   %wait    %CPU   CPU  Command
05:30:13 PM 100998   3032224    0.00    0.00    0.00    0.00    0.00    10  postgres
05:30:13 PM 100998   3032225    0.00    0.00    0.00    0.00    0.00    12  postgres
05:30:13 PM 100998   3032227    0.00    0.00    0.00    0.00    0.00    14  postgres
05:30:13 PM 100998   3032228    0.00    0.00    0.00    0.00    0.00    12  postgres
05:30:13 PM 100998   3032489    1.00    0.00    0.00    0.00    1.00    10  postgres
05:30:13 PM 100998   3032493    1.00    0.00    0.00    0.00    1.00    12  postgres
05:30:13 PM 100998   3032494    0.00    0.00    0.00    0.00    0.00    10  postgres
05:30:13 PM 100998   3032495    0.00    0.00    0.00    0.00    0.00    10  postgres
05:30:13 PM 100998   3032496    0.00    1.00    0.00    0.00    1.00    14  postgres
05:30:13 PM 100998   3032497    1.00    0.00    0.00    0.00    1.00    14  postgres
05:30:13 PM 100998   3032499    1.00    1.00    0.00    0.00    2.00    14  postgres
05:30:13 PM 100998   3032502    1.00    0.00    0.00    0.00    1.00    14  postgres
05:30:13 PM 100998   3032518    0.00    0.00    0.00    0.00    0.00    12  postgres
05:30:13 PM 100998   3032520    1.00    1.00    0.00    0.00    2.00    14  postgres
05:30:13 PM 100998   3032521    0.00    0.00    0.00    0.00    0.00    12  postgres
05:30:13 PM 100998   3032523    0.00    1.00    0.00    0.00    1.00    10  postgres
05:30:13 PM 100998   3032525    0.00    1.00    0.00    0.00    1.00    14  postgres
05:30:13 PM 100998   3032530    0.00    0.00    0.00    0.00    0.00    14  postgres
05:30:13 PM 100998   3032539    0.00    0.00    0.00    0.00    0.00    14  postgres
05:30:13 PM 100998   3032560    1.00    0.00    0.00    0.00    1.00    12  postgres
05:30:13 PM 100998   3032564    1.00    0.00    0.00    0.00    1.00    10  postgres
05:30:13 PM 100998   3032571    1.00    0.00    0.00    0.00    1.00    10  postgres
05:30:13 PM 100998   3032592    0.00    0.00    0.00    0.00    0.00    12  postgres
05:30:13 PM 100998   3032648    0.00    0.00    0.00    0.00    0.00    10  postgres
05:30:13 PM 100998   3032701    0.00    0.00    0.00    0.00    0.00    12  postgres
05:30:13 PM 100998   3032755    0.00    0.00    0.00    0.00    0.00    10  postgres
05:30:13 PM 100998   3032796    0.00    0.00    0.00    0.00    0.00    10  postgres
05:30:13 PM 100998   3032798    0.00    0.00    0.00    0.00    0.00    14  postgres
05:30:13 PM 100998   3032799    0.00    0.00    0.00    0.00    0.00    14  postgres
05:30:13 PM 100998   3032800    0.00    0.00    0.00    0.00    0.00    14  postgres
05:30:13 PM 100998   3032801    0.00    0.00    0.00    0.00    0.00    14  postgres
05:30:13 PM 100998   3032802    0.00    0.00    0.00    0.00    0.00    10  postgres
05:30:13 PM 100998   3032803    0.00    0.00    0.00    0.00    0.00    14  postgres
05:30:13 PM 100998   3032804    0.00    0.00    0.00    0.00    0.00    12  postgres
05:30:13 PM 100998   3032807    0.00    0.00    0.00    0.00    0.00    12  postgres
05:30:13 PM 100998   3032809    1.00    0.00    0.00    0.00    1.00    12  postgres
05:30:13 PM 100998   3032811    1.00    0.00    0.00    0.00    1.00    12  postgres
05:30:13 PM 100998   3032813    0.00    0.00    0.00    0.00    0.00    12  postgres
05:30:13 PM 100998   3032818    0.00    0.00    0.00    0.00    0.00    10  postgres
05:30:13 PM 100998   3032847    0.00    0.00    0.00    0.00    0.00    10  postgres
05:30:13 PM 100998   3032851    1.00    1.00    0.00    0.00    2.00    12  postgres
05:30:13 PM 100998   3032871    0.00    0.00    0.00    0.00    0.00    14  postgres
05:30:13 PM 100998   3032922    0.00    0.00    0.00    0.00    0.00    10  postgres
05:30:13 PM 100998   3032972    0.00    0.00    0.00    0.00    0.00    10  postgres
05:30:13 PM 100998   3033023    0.00    0.00    0.00    0.00    0.00    14  postgres
05:30:13 PM 100998   3033066    0.00    0.00    0.00    0.00    0.00    14  postgres
05:30:13 PM 100998   3033081    0.00    1.00    0.00    0.00    1.00    12  postgres
05:30:13 PM 100998   3033082    0.00    0.00    0.00    0.00    0.00    14  postgres
05:30:13 PM 100998   3033083    1.00    0.00    0.00    0.00    1.00    14  postgres
05:30:13 PM 100998   3033084    0.00    0.00    0.00    0.00    0.00    12  postgres
05:30:13 PM 100998   3033085    0.00    0.00    0.00    0.00    0.00    12  postgres
05:30:13 PM 100998   3033086    0.00    0.00    0.00    0.00    0.00    10  postgres
05:30:13 PM 100998   3033087    0.00    0.00    0.00    0.00    0.00    10  postgres
05:30:13 PM 100998   3033090    0.00    0.00    0.00    0.00    0.00    10  postgres

05:30:13 PM   UID       PID    %usr %system  %guest   %wait    %CPU   CPU  Command
05:30:14 PM 100998   3032224    0.00    0.00    0.00    0.00    0.00    10  postgres
05:30:14 PM 100998   3032225    0.00    0.00    0.00    0.00    0.00    12  postgres
05:30:14 PM 100998   3032227    0.00    0.00    0.00    0.00    0.00    14  postgres
05:30:14 PM 100998   3032228    0.00    0.00    0.00    0.00    0.00    12  postgres
05:30:14 PM 100998   3032489    0.00    1.00    0.00    0.00    1.00    10  postgres
05:30:14 PM 100998   3032493    0.00    1.00    0.00    0.00    1.00    10  postgres
05:30:14 PM 100998   3032494    0.00    1.00    0.00    0.00    1.00    14  postgres
05:30:14 PM 100998   3032495    0.00    1.00    0.00    0.00    1.00    14  postgres
05:30:14 PM 100998   3032496    1.00    0.00    0.00    0.00    1.00    14  postgres
05:30:14 PM 100998   3032497    0.00    1.00    0.00    0.00    1.00    12  postgres
05:30:14 PM 100998   3032499    0.00    0.00    0.00    0.00    0.00    14  postgres
05:30:14 PM 100998   3032502    0.00    0.00    0.00    0.00    0.00    12  postgres
05:30:14 PM 100998   3032518    1.00    1.00    0.00    0.00    2.00    14  postgres
05:30:14 PM 100998   3032520    0.00    0.00    0.00    0.00    0.00    14  postgres
05:30:14 PM 100998   3032521    1.00    1.00    0.00    0.00    2.00    12  postgres
05:30:14 PM 100998   3032523    1.00    0.00    0.00    0.00    1.00    12  postgres
05:30:14 PM 100998   3032525    0.00    0.00    0.00    0.00    0.00    14  postgres
05:30:14 PM 100998   3032530    1.00    0.00    0.00    0.00    1.00    14  postgres
05:30:14 PM 100998   3032539    0.00    1.00    0.00    0.00    1.00    12  postgres
05:30:14 PM 100998   3032560    0.00    0.00    0.00    0.00    0.00    12  postgres
05:30:14 PM 100998   3032564    0.00    0.00    0.00    0.00    0.00    14  postgres
05:30:14 PM 100998   3032571    0.00    0.00    0.00    0.00    0.00    12  postgres
05:30:14 PM 100998   3032592    1.00    0.00    0.00    0.00    1.00    10  postgres
05:30:14 PM 100998   3032648    1.00    0.00    0.00    0.00    1.00    12  postgres
05:30:14 PM 100998   3032701    0.00    0.00    0.00    0.00    0.00    14  postgres
05:30:14 PM 100998   3032755    0.00    0.00    0.00    0.00    0.00    10  postgres
05:30:14 PM 100998   3032796    0.00    0.00    0.00    0.00    0.00    12  postgres
05:30:14 PM 100998   3032798    0.00    1.00    0.00    0.00    1.00    10  postgres
05:30:14 PM 100998   3032799    0.00    0.00    0.00    0.00    0.00    12  postgres
05:30:14 PM 100998   3032800    0.00    0.00    0.00    0.00    0.00    10  postgres
05:30:14 PM 100998   3032801    0.00    1.00    0.00    0.00    1.00    10  postgres
05:30:14 PM 100998   3032802    0.00    0.00    0.00    0.00    0.00    12  postgres
05:30:14 PM 100998   3032803    1.00    1.00    0.00    0.00    2.00    14  postgres
05:30:14 PM 100998   3032804    0.00    0.00    0.00    0.00    0.00    14  postgres
05:30:14 PM 100998   3032807    0.00    1.00    0.00    0.00    1.00    12  postgres
05:30:14 PM 100998   3032809    0.00    0.00    0.00    0.00    0.00    14  postgres
05:30:14 PM 100998   3032811    0.00    0.00    0.00    0.00    0.00    10  postgres
05:30:14 PM 100998   3032813    0.00    0.00    0.00    0.00    0.00    14  postgres
05:30:14 PM 100998   3032818    1.00    0.00    0.00    0.00    1.00    10  postgres
05:30:14 PM 100998   3032847    1.00    0.00    0.00    0.00    1.00    10  postgres
05:30:14 PM 100998   3032851    0.00    0.00    0.00    0.00    0.00    10  postgres
05:30:14 PM 100998   3032871    0.00    0.00    0.00    0.00    0.00    14  postgres
05:30:14 PM 100998   3032922    0.00    0.00    0.00    0.00    0.00    10  postgres
05:30:14 PM 100998   3032972    0.00    0.00    0.00    0.00    0.00    14  postgres
05:30:14 PM 100998   3033023    0.00    0.00    0.00    0.00    0.00    14  postgres
05:30:14 PM 100998   3033066    0.00    0.00    0.00    0.00    0.00    14  postgres
05:30:14 PM 100998   3033081    0.00    0.00    0.00    0.00    0.00    10  postgres
05:30:14 PM 100998   3033082    0.00    0.00    0.00    0.00    0.00    10  postgres
05:30:14 PM 100998   3033083    0.00    0.00    0.00    0.00    0.00    12  postgres
05:30:14 PM 100998   3033084    0.00    1.00    0.00    0.00    1.00    14  postgres
05:30:14 PM 100998   3033085    0.00    0.00    0.00    0.00    0.00    10  postgres
05:30:14 PM 100998   3033086    0.00    0.00    0.00    0.00    0.00    10  postgres
05:30:14 PM 100998   3033087    0.00    0.00    0.00    0.00    0.00    10  postgres
05:30:14 PM 100998   3033090    0.00    0.00    0.00    0.00    0.00    14  postgres

05:30:14 PM   UID       PID    %usr %system  %guest   %wait    %CPU   CPU  Command
05:30:15 PM 100998   3032224    0.00    0.00    0.00    0.00    0.00    10  postgres
05:30:15 PM 100998   3032225    0.00    0.00    0.00    0.00    0.00    14  postgres
05:30:15 PM 100998   3032227    0.00    0.00    0.00    0.00    0.00    14  postgres
05:30:15 PM 100998   3032228    0.00    0.00    0.00    0.00    0.00    12  postgres
05:30:15 PM 100998   3032489    1.00    0.00    0.00    0.00    1.00    14  postgres
05:30:15 PM 100998   3032493    1.00    0.00    0.00    0.00    1.00    12  postgres
05:30:15 PM 100998   3032494    1.00    0.00    0.00    0.00    1.00    12  postgres
05:30:15 PM 100998   3032495    1.00    0.00    0.00    0.00    1.00    12  postgres
05:30:15 PM 100998   3032496    0.00    0.00    0.00    0.00    0.00    10  postgres
05:30:15 PM 100998   3032497    1.00    0.00    0.00    0.00    1.00    12  postgres
05:30:15 PM 100998   3032499    1.00    0.00    0.00    0.00    1.00    14  postgres
05:30:15 PM 100998   3032502    0.00    1.00    0.00    0.00    1.00    10  postgres
05:30:15 PM 100998   3032518    1.00    0.00    0.00    0.00    1.00    10  postgres
05:30:15 PM 100998   3032520    1.00    0.00    0.00    0.00    1.00    14  postgres
05:30:15 PM 100998   3032521    0.00    0.00    0.00    0.00    0.00    10  postgres
05:30:15 PM 100998   3032523    0.00    0.00    0.00    0.00    0.00    12  postgres
05:30:15 PM 100998   3032525    0.00    1.00    0.00    0.00    1.00    12  postgres
05:30:15 PM 100998   3032530    0.00    0.00    0.00    0.00    0.00    10  postgres
05:30:15 PM 100998   3032539    0.00    0.00    0.00    0.00    0.00    12  postgres
05:30:15 PM 100998   3032560    0.00    1.00    0.00    0.00    1.00    12  postgres
05:30:15 PM 100998   3032564    0.00    1.00    0.00    0.00    1.00    12  postgres
05:30:15 PM 100998   3032571    0.00    1.00    0.00    0.00    1.00    14  postgres
05:30:15 PM 100998   3032592    0.00    0.00    0.00    0.00    0.00    14  postgres
05:30:15 PM 100998   3032648    0.00    0.00    0.00    0.00    0.00    14  postgres
05:30:15 PM 100998   3032701    1.00    0.00    0.00    0.00    1.00    10  postgres
05:30:15 PM 100998   3032755    0.00    0.00    0.00    0.00    0.00    10  postgres
05:30:15 PM 100998   3032796    1.00    0.00    0.00    0.00    1.00    10  postgres
05:30:15 PM 100998   3032798    1.00    0.00    0.00    0.00    1.00    14  postgres
05:30:15 PM 100998   3032799    0.00    0.00    0.00    0.00    0.00    10  postgres
05:30:15 PM 100998   3032800    1.00    1.00    0.00    0.00    2.00    12  postgres
05:30:15 PM 100998   3032801    1.00    0.00    0.00    0.00    1.00    14  postgres
05:30:15 PM 100998   3032802    1.00    0.00    0.00    0.00    1.00    14  postgres
05:30:15 PM 100998   3032803    0.00    0.00    0.00    0.00    0.00    10  postgres
05:30:15 PM 100998   3032804    1.00    0.00    0.00    0.00    1.00    12  postgres
05:30:15 PM 100998   3032807    1.00    0.00    0.00    0.00    1.00    14  postgres
05:30:15 PM 100998   3032809    0.00    0.00    0.00    0.00    0.00    10  postgres
05:30:15 PM 100998   3032811    0.00    1.00    0.00    0.00    1.00    12  postgres
05:30:15 PM 100998   3032813    0.00    0.00    0.00    0.00    0.00    12  postgres
05:30:15 PM 100998   3032818    0.00    0.00    0.00    0.00    0.00    14  postgres
05:30:15 PM 100998   3032847    0.00    0.00    0.00    0.00    0.00    12  postgres
05:30:15 PM 100998   3032851    0.00    0.00    0.00    0.00    0.00    12  postgres
05:30:15 PM 100998   3032871    1.00    0.00    0.00    0.00    1.00    12  postgres
05:30:15 PM 100998   3032922    1.00    0.00    0.00    0.00    1.00    10  postgres
05:30:15 PM 100998   3032972    0.00    1.00    0.00    0.00    1.00    14  postgres
05:30:15 PM 100998   3033023    0.00    0.00    0.00    0.00    0.00    12  postgres
05:30:15 PM 100998   3033066    0.00    0.00    0.00    0.00    0.00    14  postgres
05:30:15 PM 100998   3033081    0.00    0.00    0.00    0.00    0.00    10  postgres
05:30:15 PM 100998   3033082    1.00    0.00    0.00    0.00    1.00    10  postgres
05:30:15 PM 100998   3033083    0.00    0.00    0.00    0.00    0.00    10  postgres
05:30:15 PM 100998   3033084    0.00    0.00    0.00    0.00    0.00    14  postgres
05:30:15 PM 100998   3033085    1.00    0.00    0.00    0.00    1.00    10  postgres
05:30:15 PM 100998   3033086    0.00    1.00    0.00    0.00    1.00    14  postgres
05:30:15 PM 100998   3033087    1.00    0.00    0.00    0.00    1.00    12  postgres
05:30:15 PM 100998   3033090    0.00    0.00    0.00    0.00    0.00    10  postgres

05:30:15 PM   UID       PID    %usr %system  %guest   %wait    %CPU   CPU  Command
05:30:16 PM 100998   3032224    0.00    0.00    0.00    0.00    0.00    10  postgres
05:30:16 PM 100998   3032225    0.00    0.00    0.00    0.00    0.00    14  postgres
05:30:16 PM 100998   3032227    0.00    0.00    0.00    0.00    0.00    14  postgres
05:30:16 PM 100998   3032228    0.00    0.00    0.00    0.00    0.00    12  postgres
05:30:16 PM 100998   3032489    0.00    0.00    0.00    0.00    0.00    10  postgres
05:30:16 PM 100998   3032493    0.00    0.00    0.00    0.00    0.00    14  postgres
05:30:16 PM 100998   3032494    0.00    0.00    0.00    0.00    0.00    14  postgres
05:30:16 PM 100998   3032495    0.00    0.00    0.00    0.00    0.00    12  postgres
05:30:16 PM 100998   3032496    1.00    1.00    0.00    0.00    2.00    12  postgres
05:30:16 PM 100998   3032497    0.00    0.00    0.00    0.00    0.00    14  postgres
05:30:16 PM 100998   3032499    0.00    0.00    0.00    0.00    0.00    12  postgres
05:30:16 PM 100998   3032502    1.00    0.00    0.00    0.00    1.00    12  postgres
05:30:16 PM 100998   3032518    0.00    0.00    0.00    0.00    0.00    12  postgres
05:30:16 PM 100998   3032520    0.00    0.00    0.00    0.00    0.00    12  postgres
05:30:16 PM 100998   3032521    0.00    0.00    0.00    0.00    0.00    10  postgres
05:30:16 PM 100998   3032523    1.00    0.00    0.00    0.00    1.00    12  postgres
05:30:16 PM 100998   3032525    1.00    0.00    0.00    0.00    1.00    10  postgres
05:30:16 PM 100998   3032530    1.00    0.00    0.00    0.00    1.00    12  postgres
05:30:16 PM 100998   3032539    1.00    0.00    0.00    0.00    1.00    14  postgres
05:30:16 PM 100998   3032560    1.00    0.00    0.00    0.00    1.00    14  postgres
05:30:16 PM 100998   3032564    1.00    0.00    0.00    0.00    1.00    14  postgres
05:30:16 PM 100998   3032571    0.00    0.00    0.00    0.00    0.00    12  postgres
05:30:16 PM 100998   3032592    0.00    1.00    0.00    0.00    1.00    10  postgres
05:30:16 PM 100998   3032648    0.00    1.00    0.00    0.00    1.00    12  postgres
05:30:16 PM 100998   3032701    0.00    1.00    0.00    0.00    1.00    10  postgres
05:30:16 PM 100998   3032755    1.00    0.00    0.00    0.00    1.00    10  postgres
05:30:16 PM 100998   3032796    0.00    0.00    0.00    0.00    0.00    14  postgres
05:30:16 PM 100998   3032798    0.00    0.00    0.00    0.00    0.00    14  postgres
05:30:16 PM 100998   3032799    1.00    1.00    0.00    0.00    2.00    10  postgres
05:30:16 PM 100998   3032800    0.00    0.00    0.00    0.00    0.00    14  postgres
05:30:16 PM 100998   3032801    0.00    0.00    0.00    0.00    0.00    14  postgres
05:30:16 PM 100998   3032802    0.00    1.00    0.00    0.00    1.00    12  postgres
05:30:16 PM 100998   3032803    0.00    0.00    0.00    0.00    0.00    12  postgres
05:30:16 PM 100998   3032804    0.00    0.00    0.00    0.00    0.00    10  postgres
05:30:16 PM 100998   3032807    0.00    0.00    0.00    0.00    0.00    14  postgres
05:30:16 PM 100998   3032809    0.00    1.00    0.00    0.00    1.00    10  postgres
05:30:16 PM 100998   3032811    0.00    0.00    0.00    0.00    0.00    12  postgres
05:30:16 PM 100998   3032813    0.00    1.00    0.00    0.00    1.00    10  postgres
05:30:16 PM 100998   3032818    0.00    0.00    0.00    0.00    0.00    12  postgres
05:30:16 PM 100998   3032847    0.00    0.00    0.00    0.00    0.00    12  postgres
05:30:16 PM 100998   3032851    0.00    0.00    0.00    0.00    0.00    14  postgres
05:30:16 PM 100998   3032871    0.00    1.00    0.00    0.00    1.00    12  postgres
05:30:16 PM 100998   3032922    0.00    0.00    0.00    0.00    0.00    12  postgres
05:30:16 PM 100998   3032972    1.00    0.00    0.00    0.00    1.00    12  postgres
05:30:16 PM 100998   3033023    1.00    0.00    0.00    0.00    1.00    14  postgres
05:30:16 PM 100998   3033066    1.00    0.00    0.00    0.00    1.00    10  postgres
05:30:16 PM 100998   3033081    0.00    0.00    0.00    0.00    0.00    10  postgres
05:30:16 PM 100998   3033082    0.00    0.00    0.00    0.00    0.00    10  postgres
05:30:16 PM 100998   3033083    0.00    0.00    0.00    0.00    0.00    10  postgres
05:30:16 PM 100998   3033084    0.00    0.00    0.00    0.00    0.00    12  postgres
05:30:16 PM 100998   3033085    0.00    0.00    0.00    0.00    0.00    10  postgres
05:30:16 PM 100998   3033086    0.00    0.00    0.00    0.00    0.00    14  postgres
05:30:16 PM 100998   3033087    0.00    0.00    0.00    0.00    0.00    12  postgres
05:30:16 PM 100998   3033090    1.00    0.00    0.00    0.00    1.00    14  postgres

05:30:16 PM   UID       PID    %usr %system  %guest   %wait    %CPU   CPU  Command
05:30:17 PM 100998   3032224    0.00    0.00    0.00    0.00    0.00    10  postgres
05:30:17 PM 100998   3032225    0.00    0.00    0.00    0.00    0.00    14  postgres
05:30:17 PM 100998   3032227    0.00    0.00    0.00    0.00    0.00    14  postgres
05:30:17 PM 100998   3032228    0.00    0.00    0.00    0.00    0.00    12  postgres
05:30:17 PM 100998   3032489    1.00    1.00    0.00    0.00    2.00    10  postgres
05:30:17 PM 100998   3032493    1.00    1.00    0.00    0.00    2.00    10  postgres
05:30:17 PM 100998   3032494    0.00    1.00    0.00    0.00    1.00    10  postgres
05:30:17 PM 100998   3032495    0.00    0.00    0.00    0.00    0.00    12  postgres
05:30:17 PM 100998   3032496    0.00    0.00    0.00    0.00    0.00    10  postgres
05:30:17 PM 100998   3032497    0.00    0.00    0.00    0.00    0.00    14  postgres
05:30:17 PM 100998   3032499    1.00    0.00    0.00    0.00    1.00    12  postgres
05:30:17 PM 100998   3032502    1.00    0.00    0.00    0.00    1.00    14  postgres
05:30:17 PM 100998   3032518    0.00    1.00    0.00    0.00    1.00    10  postgres
05:30:17 PM 100998   3032520    1.00    0.00    0.00    0.00    1.00    10  postgres
05:30:17 PM 100998   3032521    1.00    0.00    0.00    0.00    1.00    14  postgres
05:30:17 PM 100998   3032523    0.00    0.00    0.00    0.00    0.00    12  postgres
05:30:17 PM 100998   3032525    0.00    0.00    0.00    0.00    0.00    12  postgres
05:30:17 PM 100998   3032530    0.00    1.00    0.00    0.00    1.00    14  postgres
05:30:17 PM 100998   3032539    0.00    0.00    0.00    0.00    0.00    10  postgres
05:30:17 PM 100998   3032560    0.00    0.00    0.00    0.00    0.00    12  postgres
05:30:17 PM 100998   3032564    0.00    0.00    0.00    0.00    0.00    10  postgres
05:30:17 PM 100998   3032571    1.00    0.00    0.00    0.00    1.00    10  postgres
05:30:17 PM 100998   3032592    1.00    0.00    0.00    0.00    1.00    14  postgres
05:30:17 PM 100998   3032648    1.00    0.00    0.00    0.00    1.00    10  postgres
05:30:17 PM 100998   3032701    0.00    0.00    0.00    0.00    0.00    14  postgres
05:30:17 PM 100998   3032755    0.00    0.00    0.00    0.00    0.00    10  postgres
05:30:17 PM 100998   3032796    0.00    1.00    0.00    0.00    1.00    10  postgres
05:30:17 PM 100998   3032798    0.00    0.00    0.00    0.00    0.00    14  postgres
05:30:17 PM 100998   3032799    0.00    0.00    0.00    0.00    0.00    10  postgres
05:30:17 PM 100998   3032800    0.00    0.00    0.00    0.00    0.00    12  postgres
05:30:17 PM 100998   3032801    0.00    0.00    0.00    0.00    0.00    14  postgres
05:30:17 PM 100998   3032802    0.00    0.00    0.00    0.00    0.00    12  postgres
05:30:17 PM 100998   3032803    0.00    0.00    0.00    0.00    0.00    10  postgres
05:30:17 PM 100998   3032804    0.00    0.00    0.00    0.00    0.00    12  postgres
05:30:17 PM 100998   3032807    0.00    0.00    0.00    0.00    0.00    10  postgres
05:30:17 PM 100998   3032809    0.00    0.00    0.00    0.00    0.00    12  postgres
05:30:17 PM 100998   3032811    0.00    0.00    0.00    0.00    0.00    12  postgres
05:30:17 PM 100998   3032813    1.00    0.00    0.00    0.00    1.00    12  postgres
05:30:17 PM 100998   3032818    0.00    0.00    0.00    0.00    0.00    10  postgres
05:30:17 PM 100998   3032847    0.00    0.00    0.00    0.00    0.00    14  postgres
05:30:17 PM 100998   3032851    1.00    0.00    0.00    0.00    1.00    14  postgres
05:30:17 PM 100998   3032871    0.00    0.00    0.00    0.00    0.00    12  postgres
05:30:17 PM 100998   3032922    0.00    0.00    0.00    0.00    0.00    12  postgres
05:30:17 PM 100998   3032972    0.00    0.00    0.00    0.00    0.00    14  postgres
05:30:17 PM 100998   3033023    0.00    1.00    0.00    0.00    1.00    12  postgres
05:30:17 PM 100998   3033066    0.00    0.00    0.00    0.00    0.00    10  postgres
05:30:17 PM 100998   3033081    1.00    0.00    0.00    0.00    1.00    10  postgres
05:30:17 PM 100998   3033082    0.00    0.00    0.00    0.00    0.00    10  postgres
05:30:17 PM 100998   3033083    0.00    0.00    0.00    0.00    0.00    10  postgres
05:30:17 PM 100998   3033084    1.00    0.00    0.00    0.00    1.00    10  postgres
05:30:17 PM 100998   3033085    0.00    0.00    0.00    0.00    0.00    10  postgres
05:30:17 PM 100998   3033086    0.00    0.00    0.00    0.00    0.00    14  postgres
05:30:17 PM 100998   3033087    0.00    1.00    0.00    0.00    1.00    10  postgres
05:30:17 PM 100998   3033090    0.00    0.00    0.00    0.00    0.00    12  postgres

05:30:17 PM   UID       PID    %usr %system  %guest   %wait    %CPU   CPU  Command
05:30:18 PM 100998   3032224    0.00    0.00    0.00    0.00    0.00    10  postgres
05:30:18 PM 100998   3032225    0.00    0.00    0.00    0.00    0.00    14  postgres
05:30:18 PM 100998   3032227    0.00    0.00    0.00    0.00    0.00    14  postgres
05:30:18 PM 100998   3032228    0.00    0.00    0.00    0.00    0.00    12  postgres
05:30:18 PM 100998   3032489    0.00    0.00    0.00    0.00    0.00    12  postgres
05:30:18 PM 100998   3032493    0.00    1.00    0.00    0.00    1.00    10  postgres
05:30:18 PM 100998   3032494    1.00    0.00    0.00    0.00    1.00    14  postgres
05:30:18 PM 100998   3032495    1.00    1.00    0.00    0.00    2.00    12  postgres
05:30:18 PM 100998   3032496    0.00    0.00    0.00    0.00    0.00    10  postgres
05:30:18 PM 100998   3032497    1.00    1.00    0.00    0.00    2.00    14  postgres
05:30:18 PM 100998   3032499    0.00    1.00    0.00    0.00    1.00    10  postgres
05:30:18 PM 100998   3032502    0.00    0.00    0.00    0.00    0.00    12  postgres
05:30:18 PM 100998   3032518    1.00    0.00    0.00    0.00    1.00    14  postgres
05:30:18 PM 100998   3032520    0.00    1.00    0.00    0.00    1.00    10  postgres
05:30:18 PM 100998   3032521    0.00    0.00    0.00    0.00    0.00    12  postgres
05:30:18 PM 100998   3032523    0.00    1.00    0.00    0.00    1.00    12  postgres
05:30:18 PM 100998   3032525    0.00    0.00    0.00    0.00    0.00    14  postgres
05:30:18 PM 100998   3032530    0.00    0.00    0.00    0.00    0.00    10  postgres
05:30:18 PM 100998   3032539    1.00    1.00    0.00    0.00    2.00    10  postgres
05:30:18 PM 100998   3032560    0.00    0.00    0.00    0.00    0.00    10  postgres
05:30:18 PM 100998   3032564    0.00    0.00    0.00    0.00    0.00    10  postgres
05:30:18 PM 100998   3032571    0.00    1.00    0.00    0.00    1.00    14  postgres
05:30:18 PM 100998   3032592    0.00    0.00    0.00    0.00    0.00    14  postgres
05:30:18 PM 100998   3032648    0.00    0.00    0.00    0.00    0.00    14  postgres
05:30:18 PM 100998   3032701    0.00    0.00    0.00    0.00    0.00    14  postgres
05:30:18 PM 100998   3032755    0.00    1.00    0.00    0.00    1.00    12  postgres
05:30:18 PM 100998   3032796    0.00    0.00    0.00    0.00    0.00    10  postgres
05:30:18 PM 100998   3032798    0.00    0.00    0.00    1.00    0.00    14  postgres
05:30:18 PM 100998   3032799    0.00    0.00    0.00    0.00    0.00    12  postgres
05:30:18 PM 100998   3032800    0.00    0.00    0.00    0.00    0.00    14  postgres
05:30:18 PM 100998   3032801    1.00    0.00    0.00    0.00    1.00    14  postgres
05:30:18 PM 100998   3032802    0.00    0.00    0.00    0.00    0.00    14  postgres
05:30:18 PM 100998   3032803    1.00    0.00    0.00    0.00    1.00    14  postgres
05:30:18 PM 100998   3032804    1.00    1.00    0.00    0.00    2.00    10  postgres
05:30:18 PM 100998   3032807    0.00    0.00    0.00    0.00    0.00    12  postgres
05:30:18 PM 100998   3032809    1.00    0.00    0.00    0.00    1.00    14  postgres
05:30:18 PM 100998   3032811    1.00    0.00    0.00    0.00    1.00    10  postgres
05:30:18 PM 100998   3032813    0.00    0.00    0.00    0.00    0.00    12  postgres
05:30:18 PM 100998   3032818    1.00    0.00    0.00    0.00    1.00    10  postgres
05:30:18 PM 100998   3032847    1.00    0.00    0.00    0.00    1.00    14  postgres
05:30:18 PM 100998   3032851    0.00    1.00    0.00    0.00    1.00    14  postgres
05:30:18 PM 100998   3032871    0.00    0.00    0.00    0.00    0.00    10  postgres
05:30:18 PM 100998   3032922    1.00    1.00    0.00    0.00    2.00    12  postgres
05:30:18 PM 100998   3032972    0.00    0.00    0.00    0.00    0.00    14  postgres
05:30:18 PM 100998   3033023    0.00    0.00    0.00    0.00    0.00    10  postgres
05:30:18 PM 100998   3033066    0.00    0.00    0.00    0.00    0.00    10  postgres
05:30:18 PM 100998   3033081    0.00    0.00    0.00    0.00    0.00    14  postgres
05:30:18 PM 100998   3033082    0.00    0.00    0.00    0.00    0.00    12  postgres
05:30:18 PM 100998   3033083    1.00    1.00    0.00    0.00    2.00    14  postgres
05:30:18 PM 100998   3033084    0.00    0.00    0.00    0.00    0.00    10  postgres
05:30:18 PM 100998   3033085    0.00    0.00    0.00    0.00    0.00    12  postgres
05:30:18 PM 100998   3033086    0.00    0.00    0.00    0.00    0.00    12  postgres
05:30:18 PM 100998   3033087    0.00    0.00    0.00    0.00    0.00    10  postgres
05:30:18 PM 100998   3033090    0.00    0.00    0.00    0.00    0.00    10  postgres

05:30:18 PM   UID       PID    %usr %system  %guest   %wait    %CPU   CPU  Command
05:30:19 PM 100998   3032224    0.00    0.00    0.00    0.00    0.00    10  postgres
05:30:19 PM 100998   3032225    0.00    0.00    0.00    0.00    0.00    14  postgres
05:30:19 PM 100998   3032227    0.00    0.00    0.00    0.00    0.00    14  postgres
05:30:19 PM 100998   3032228    0.00    0.00    0.00    0.00    0.00    12  postgres
05:30:19 PM 100998   3032489    1.00    1.00    0.00    0.00    2.00    10  postgres
05:30:19 PM 100998   3032493    1.00    0.00    0.00    0.00    1.00    10  postgres
05:30:19 PM 100998   3032494    1.00    0.00    0.00    0.00    1.00    12  postgres
05:30:19 PM 100998   3032495    1.00    1.00    0.00    0.00    2.00    12  postgres
05:30:19 PM 100998   3032496    1.00    1.00    0.00    0.00    2.00    12  postgres
05:30:19 PM 100998   3032497    0.00    0.00    0.00    0.00    0.00    14  postgres
05:30:19 PM 100998   3032499    1.00    0.00    0.00    0.00    1.00    10  postgres
05:30:19 PM 100998   3032502    1.00    1.00    0.00    0.00    2.00    14  postgres
05:30:19 PM 100998   3032518    0.00    0.00    0.00    0.00    0.00    12  postgres
05:30:19 PM 100998   3032520    0.00    0.00    0.00    0.00    0.00    12  postgres
05:30:19 PM 100998   3032521    0.00    1.00    0.00    0.00    1.00    12  postgres
05:30:19 PM 100998   3032523    1.00    0.00    0.00    0.00    1.00    14  postgres
05:30:19 PM 100998   3032525    1.00    0.00    0.00    0.00    1.00    12  postgres
05:30:19 PM 100998   3032530    1.00    0.00    0.00    0.00    1.00    10  postgres
05:30:19 PM 100998   3032539    0.00    0.00    0.00    0.00    0.00    12  postgres
05:30:19 PM 100998   3032560    0.00    0.00    0.00    0.00    0.00    10  postgres
05:30:19 PM 100998   3032564    1.00    1.00    0.00    0.00    2.00    10  postgres
05:30:19 PM 100998   3032571    0.00    0.00    0.00    0.00    0.00    10  postgres
05:30:19 PM 100998   3032592    1.00    0.00    0.00    0.00    1.00    10  postgres
05:30:19 PM 100998   3032648    0.00    0.00    0.00    0.00    0.00    14  postgres
05:30:19 PM 100998   3032701    1.00    0.00    0.00    0.00    1.00    12  postgres
05:30:19 PM 100998   3032755    0.00    0.00    0.00    0.00    0.00    14  postgres
05:30:19 PM 100998   3032796    0.00    0.00    0.00    0.00    0.00    10  postgres
05:30:19 PM 100998   3032798    1.00    1.00    0.00    0.00    2.00    14  postgres
05:30:19 PM 100998   3032799    1.00    0.00    0.00    0.00    1.00    10  postgres
05:30:19 PM 100998   3032800    1.00    0.00    0.00    0.00    1.00    12  postgres
05:30:19 PM 100998   3032801    0.00    0.00    0.00    0.00    0.00    14  postgres
05:30:19 PM 100998   3032802    1.00    0.00    0.00    0.00    1.00    10  postgres
05:30:19 PM 100998   3032803    0.00    0.00    0.00    0.00    0.00    10  postgres
05:30:19 PM 100998   3032804    0.00    0.00    0.00    0.00    0.00    12  postgres
05:30:19 PM 100998   3032807    1.00    0.00    0.00    0.00    1.00    12  postgres
05:30:19 PM 100998   3032809    0.00    0.00    0.00    0.00    0.00    14  postgres
05:30:19 PM 100998   3032811    0.00    0.00    0.00    0.00    0.00    12  postgres
05:30:19 PM 100998   3032813    0.00    0.00    0.00    0.00    0.00    10  postgres
05:30:19 PM 100998   3032818    0.00    0.00    0.00    0.00    0.00    12  postgres
05:30:19 PM 100998   3032847    0.00    0.00    0.00    0.00    0.00    10  postgres
05:30:19 PM 100998   3032851    0.00    0.00    0.00    0.00    0.00    14  postgres
05:30:19 PM 100998   3032871    0.00    0.00    0.00    0.00    0.00    10  postgres
05:30:19 PM 100998   3032922    0.00    0.00    0.00    0.00    0.00    10  postgres
05:30:19 PM 100998   3032972    0.00    0.00    0.00    0.00    0.00    14  postgres
05:30:19 PM 100998   3033023    0.00    0.00    0.00    0.00    0.00    14  postgres
05:30:19 PM 100998   3033066    0.00    1.00    0.00    0.00    1.00    14  postgres
05:30:19 PM 100998   3033081    0.00    0.00    0.00    0.00    0.00    12  postgres
05:30:19 PM 100998   3033082    0.00    0.00    0.00    0.00    0.00    10  postgres
05:30:19 PM 100998   3033083    0.00    0.00    0.00    0.00    0.00    12  postgres
05:30:19 PM 100998   3033084    0.00    0.00    0.00    0.00    0.00    10  postgres
05:30:19 PM 100998   3033085    0.00    0.00    0.00    0.00    0.00    14  postgres
05:30:19 PM 100998   3033086    0.00    0.00    0.00    0.00    0.00    12  postgres
05:30:19 PM 100998   3033087    0.00    0.00    0.00    0.00    0.00    12  postgres
05:30:19 PM 100998   3033090    0.00    1.00    0.00    0.00    1.00    12  postgres

05:30:19 PM   UID       PID    %usr %system  %guest   %wait    %CPU   CPU  Command
05:30:20 PM 100998   3032224    0.00    0.00    0.00    0.00    0.00    10  postgres
05:30:20 PM 100998   3032225    0.00    0.00    0.00    0.00    0.00    14  postgres
05:30:20 PM 100998   3032227    0.00    0.00    0.00    0.00    0.00    14  postgres
05:30:20 PM 100998   3032228    0.00    0.00    0.00    0.00    0.00    12  postgres
05:30:20 PM 100998   3032489    1.00    0.00    0.00    0.00    1.00    12  postgres
05:30:20 PM 100998   3032493    1.00    0.00    0.00    0.00    1.00    10  postgres
05:30:20 PM 100998   3032494    1.00    1.00    0.00    0.00    2.00    12  postgres
05:30:20 PM 100998   3032495    2.00    0.00    0.00    0.00    2.00    12  postgres
05:30:20 PM 100998   3032496    0.00    0.00    0.00    0.00    0.00    12  postgres
05:30:20 PM 100998   3032497    1.00    1.00    0.00    0.00    2.00    14  postgres
05:30:20 PM 100998   3032499    1.00    0.00    0.00    0.00    1.00    12  postgres
05:30:20 PM 100998   3032502    0.00    0.00    0.00    0.00    0.00    10  postgres
05:30:20 PM 100998   3032518    0.00    1.00    0.00    0.00    1.00    12  postgres
05:30:20 PM 100998   3032520    0.00    0.00    0.00    0.00    0.00    14  postgres
05:30:20 PM 100998   3032521    1.00    0.00    0.00    0.00    1.00    12  postgres
05:30:20 PM 100998   3032523    1.00    0.00    0.00    0.00    1.00    10  postgres
05:30:20 PM 100998   3032525    0.00    1.00    0.00    0.00    1.00    12  postgres
05:30:20 PM 100998   3032530    0.00    0.00    0.00    0.00    0.00    12  postgres
05:30:20 PM 100998   3032539    0.00    0.00    0.00    0.00    0.00    14  postgres
05:30:20 PM 100998   3032560    1.00    0.00    0.00    0.00    1.00    10  postgres
05:30:20 PM 100998   3032564    0.00    0.00    0.00    0.00    0.00    10  postgres
05:30:20 PM 100998   3032571    0.00    0.00    0.00    0.00    0.00    10  postgres
05:30:20 PM 100998   3032592    0.00    0.00    0.00    0.00    0.00    12  postgres
05:30:20 PM 100998   3032648    0.00    0.00    0.00    0.00    0.00    14  postgres
05:30:20 PM 100998   3032701    0.00    0.00    0.00    0.00    0.00    10  postgres
05:30:20 PM 100998   3032755    0.00    0.00    0.00    0.00    0.00    14  postgres
05:30:20 PM 100998   3032796    1.00    0.00    0.00    0.00    1.00    10  postgres
05:30:20 PM 100998   3032798    0.00    0.00    0.00    0.00    0.00    14  postgres
05:30:20 PM 100998   3032799    0.00    0.00    0.00    0.00    0.00    10  postgres
05:30:20 PM 100998   3032800    0.00    0.00    0.00    0.00    0.00    12  postgres
05:30:20 PM 100998   3032801    0.00    0.00    0.00    0.00    0.00    14  postgres
05:30:20 PM 100998   3032802    0.00    0.00    0.00    0.00    0.00    12  postgres
05:30:20 PM 100998   3032803    0.00    0.00    0.00    0.00    0.00    14  postgres
05:30:20 PM 100998   3032804    0.00    0.00    0.00    0.00    0.00    12  postgres
05:30:20 PM 100998   3032807    0.00    1.00    0.00    0.00    1.00    10  postgres
05:30:20 PM 100998   3032809    0.00    0.00    0.00    0.00    0.00    14  postgres
05:30:20 PM 100998   3032811    0.00    0.00    0.00    0.00    0.00    12  postgres
05:30:20 PM 100998   3032813    0.00    0.00    0.00    0.00    0.00    10  postgres
05:30:20 PM 100998   3032818    0.00    1.00    0.00    0.00    1.00    14  postgres
05:30:20 PM 100998   3032847    0.00    1.00    0.00    0.00    1.00    10  postgres
05:30:20 PM 100998   3032851    0.00    0.00    0.00    0.00    0.00    14  postgres
05:30:20 PM 100998   3032871    1.00    0.00    0.00    0.00    1.00    14  postgres
05:30:20 PM 100998   3032922    0.00    0.00    0.00    0.00    0.00    14  postgres
05:30:20 PM 100998   3032972    1.00    0.00    0.00    0.00    1.00    14  postgres
05:30:20 PM 100998   3033023    1.00    0.00    0.00    0.00    1.00    12  postgres
05:30:20 PM 100998   3033066    0.00    0.00    0.00    0.00    0.00    12  postgres
05:30:20 PM 100998   3033081    0.00    1.00    0.00    0.00    1.00    14  postgres
05:30:20 PM 100998   3033082    1.00    0.00    0.00    0.00    1.00    10  postgres
05:30:20 PM 100998   3033083    0.00    0.00    0.00    0.00    0.00    14  postgres
05:30:20 PM 100998   3033084    0.00    1.00    0.00    0.00    1.00    10  postgres
05:30:20 PM 100998   3033085    0.00    0.00    0.00    0.00    0.00    10  postgres
05:30:20 PM 100998   3033086    0.00    0.00    0.00    0.00    0.00    10  postgres
05:30:20 PM 100998   3033087    0.00    0.00    0.00    0.00    0.00    10  postgres
05:30:20 PM 100998   3033090    0.00    0.00    0.00    0.00    0.00    12  postgres

05:30:20 PM   UID       PID    %usr %system  %guest   %wait    %CPU   CPU  Command
05:30:21 PM 100998   3032224    0.00    0.00    0.00    0.00    0.00    10  postgres
05:30:21 PM 100998   3032225    0.00    0.00    0.00    0.00    0.00    12  postgres
05:30:21 PM 100998   3032227    0.00    0.00    0.00    0.00    0.00    14  postgres
05:30:21 PM 100998   3032228    0.00    0.00    0.00    0.00    0.00    12  postgres
05:30:21 PM 100998   3032489    1.00    1.00    0.00    0.00    2.00    12  postgres
05:30:21 PM 100998   3032493    1.00    1.00    0.00    0.00    2.00    10  postgres
05:30:21 PM 100998   3032494    1.00    1.00    0.00    0.00    2.00    12  postgres
05:30:21 PM 100998   3032495    0.00    1.00    0.00    0.00    1.00    10  postgres
05:30:21 PM 100998   3032496    1.00    1.00    0.00    0.00    2.00    12  postgres
05:30:21 PM 100998   3032497    1.00    0.00    0.00    0.00    1.00    14  postgres
05:30:21 PM 100998   3032499    0.00    0.00    0.00    0.00    0.00    10  postgres
05:30:21 PM 100998   3032502    1.00    1.00    0.00    0.00    2.00    14  postgres
05:30:21 PM 100998   3032518    1.00    0.00    0.00    0.00    1.00    14  postgres
05:30:21 PM 100998   3032520    1.00    0.00    0.00    0.00    1.00    10  postgres
05:30:21 PM 100998   3032521    1.00    1.00    0.00    0.00    2.00    10  postgres
05:30:21 PM 100998   3032523    0.00    0.00    0.00    0.00    0.00    10  postgres
05:30:21 PM 100998   3032525    0.00    0.00    0.00    0.00    0.00    12  postgres
05:30:21 PM 100998   3032530    0.00    0.00    0.00    0.00    0.00    10  postgres
05:30:21 PM 100998   3032539    1.00    0.00    0.00    0.00    1.00    12  postgres
05:30:21 PM 100998   3032560    1.00    1.00    0.00    0.00    2.00    12  postgres
05:30:21 PM 100998   3032564    1.00    0.00    0.00    0.00    1.00    10  postgres
05:30:21 PM 100998   3032571    0.00    0.00    0.00    0.00    0.00    10  postgres
05:30:21 PM 100998   3032592    0.00    1.00    0.00    0.00    1.00    14  postgres
05:30:21 PM 100998   3032648    0.00    1.00    0.00    0.00    1.00    10  postgres
05:30:21 PM 100998   3032701    0.00    0.00    0.00    0.00    0.00    12  postgres
05:30:21 PM 100998   3032755    1.00    0.00    0.00    0.00    1.00    12  postgres
05:30:21 PM 100998   3032796    0.00    0.00    0.00    0.00    0.00    14  postgres
05:30:21 PM 100998   3032798    0.00    0.00    0.00    0.00    0.00    10  postgres
05:30:21 PM 100998   3032799    0.00    0.00    0.00    0.00    0.00    12  postgres
05:30:21 PM 100998   3032800    0.00    0.00    0.00    0.00    0.00    14  postgres
05:30:21 PM 100998   3032801    0.00    0.00    0.00    0.00    0.00    14  postgres
05:30:21 PM 100998   3032802    0.00    0.00    0.00    0.00    0.00    12  postgres
05:30:21 PM 100998   3032803    0.00    0.00    0.00    0.00    0.00    10  postgres
05:30:21 PM 100998   3032804    0.00    0.00    0.00    0.00    0.00    12  postgres
05:30:21 PM 100998   3032807    0.00    0.00    0.00    0.00    0.00    12  postgres
05:30:21 PM 100998   3032809    0.00    0.00    0.00    0.00    0.00    10  postgres
05:30:21 PM 100998   3032811    0.00    1.00    0.00    0.00    1.00    14  postgres
05:30:21 PM 100998   3032813    1.00    0.00    0.00    0.00    1.00    10  postgres
05:30:21 PM 100998   3032818    0.00    0.00    0.00    0.00    0.00    10  postgres
05:30:21 PM 100998   3032847    0.00    0.00    0.00    0.00    0.00    10  postgres
05:30:21 PM 100998   3032851    0.00    0.00    0.00    0.00    0.00    14  postgres
05:30:21 PM 100998   3032871    0.00    0.00    0.00    0.00    0.00    14  postgres
05:30:21 PM 100998   3032922    0.00    0.00    0.00    0.00    0.00    14  postgres
05:30:21 PM 100998   3032972    0.00    0.00    0.00    0.00    0.00    14  postgres
05:30:21 PM 100998   3033023    0.00    0.00    0.00    0.00    0.00    14  postgres
05:30:21 PM 100998   3033066    0.00    0.00    0.00    0.00    0.00    10  postgres
05:30:21 PM 100998   3033081    0.00    0.00    0.00    0.00    0.00    14  postgres
05:30:21 PM 100998   3033082    0.00    0.00    0.00    0.00    0.00    12  postgres
05:30:21 PM 100998   3033083    0.00    0.00    0.00    0.00    0.00    14  postgres
05:30:21 PM 100998   3033084    0.00    0.00    0.00    0.00    0.00    10  postgres
05:30:21 PM 100998   3033085    1.00    1.00    0.00    0.00    2.00    10  postgres
05:30:21 PM 100998   3033086    1.00    0.00    0.00    0.00    1.00    12  postgres
05:30:21 PM 100998   3033087    0.00    0.00    0.00    0.00    0.00    12  postgres
05:30:21 PM 100998   3033090    1.00    0.00    0.00    0.00    1.00    14  postgres

05:30:21 PM   UID       PID    %usr %system  %guest   %wait    %CPU   CPU  Command
05:30:22 PM 100998   3032224    0.00    0.00    0.00    0.00    0.00    10  postgres
05:30:22 PM 100998   3032225    0.00    0.00    0.00    0.00    0.00    12  postgres
05:30:22 PM 100998   3032227    0.00    0.00    0.00    0.00    0.00    14  postgres
05:30:22 PM 100998   3032228    0.00    0.00    0.00    0.00    0.00    12  postgres
05:30:22 PM 100998   3032489    2.00    1.00    0.00    0.00    3.00    12  postgres
05:30:22 PM 100998   3032493    1.00    1.00    0.00    0.00    2.00    14  postgres
05:30:22 PM 100998   3032494    1.00    0.00    0.00    0.00    1.00    10  postgres
05:30:22 PM 100998   3032495    2.00    1.00    0.00    0.00    3.00    12  postgres
05:30:22 PM 100998   3032496    1.00    0.00    0.00    0.00    1.00    14  postgres
05:30:22 PM 100998   3032497    1.00    0.00    0.00    0.00    1.00    12  postgres
05:30:22 PM 100998   3032499    0.00    0.00    0.00    0.00    0.00    12  postgres
05:30:22 PM 100998   3032502    0.00    0.00    0.00    0.00    0.00    10  postgres
05:30:22 PM 100998   3032518    1.00    1.00    0.00    0.00    2.00    10  postgres
05:30:22 PM 100998   3032520    0.00    0.00    0.00    0.00    0.00    14  postgres
05:30:22 PM 100998   3032521    0.00    0.00    0.00    0.00    0.00    12  postgres
05:30:22 PM 100998   3032523    1.00    1.00    0.00    0.00    2.00    12  postgres
05:30:22 PM 100998   3032525    1.00    0.00    0.00    0.00    1.00    12  postgres
05:30:22 PM 100998   3032530    0.00    0.00    0.00    0.00    0.00    10  postgres
05:30:22 PM 100998   3032539    0.00    1.00    0.00    0.00    1.00    12  postgres
05:30:22 PM 100998   3032560    0.00    0.00    0.00    0.00    0.00    14  postgres
05:30:22 PM 100998   3032564    0.00    0.00    0.00    0.00    0.00    10  postgres
05:30:22 PM 100998   3032571    0.00    0.00    0.00    0.00    0.00    10  postgres
05:30:22 PM 100998   3032592    0.00    0.00    0.00    0.00    0.00    14  postgres
05:30:22 PM 100998   3032648    1.00    0.00    0.00    0.00    1.00    12  postgres
05:30:22 PM 100998   3032701    0.00    0.00    0.00    0.00    0.00    14  postgres
05:30:22 PM 100998   3032755    0.00    0.00    0.00    0.00    0.00    12  postgres
05:30:22 PM 100998   3032796    0.00    0.00    0.00    0.00    0.00    12  postgres
05:30:22 PM 100998   3032798    0.00    0.00    0.00    0.00    0.00    14  postgres
05:30:22 PM 100998   3032799    0.00    0.00    0.00    0.00    0.00    10  postgres
05:30:22 PM 100998   3032800    0.00    0.00    0.00    0.00    0.00    14  postgres
05:30:22 PM 100998   3032801    0.00    0.00    0.00    0.00    0.00    14  postgres
05:30:22 PM 100998   3032802    0.00    0.00    0.00    0.00    0.00    14  postgres
05:30:22 PM 100998   3032803    0.00    0.00    0.00    0.00    0.00    10  postgres
05:30:22 PM 100998   3032804    1.00    0.00    0.00    0.00    1.00    14  postgres
05:30:22 PM 100998   3032807    0.00    0.00    0.00    0.00    0.00    14  postgres
05:30:22 PM 100998   3032809    0.00    0.00    0.00    0.00    0.00    10  postgres
05:30:22 PM 100998   3032811    0.00    0.00    0.00    0.00    0.00    14  postgres
05:30:22 PM 100998   3032813    0.00    0.00    0.00    0.00    0.00    10  postgres
05:30:22 PM 100998   3032818    1.00    0.00    0.00    0.00    1.00    14  postgres
05:30:22 PM 100998   3032847    0.00    0.00    0.00    0.00    0.00    10  postgres
05:30:22 PM 100998   3032851    0.00    0.00    0.00    0.00    0.00    12  postgres
05:30:22 PM 100998   3032871    0.00    0.00    0.00    0.00    0.00    14  postgres
05:30:22 PM 100998   3032922    0.00    0.00    0.00    0.00    0.00    12  postgres
05:30:22 PM 100998   3032972    0.00    0.00    0.00    0.00    0.00    10  postgres
05:30:22 PM 100998   3033023    0.00    0.00    0.00    0.00    0.00    14  postgres
05:30:22 PM 100998   3033066    0.00    0.00    0.00    0.00    0.00    12  postgres
05:30:22 PM 100998   3033081    0.00    0.00    0.00    0.00    0.00    12  postgres
05:30:22 PM 100998   3033082    0.00    0.00    0.00    0.00    0.00    12  postgres
05:30:22 PM 100998   3033083    0.00    0.00    0.00    0.00    0.00    14  postgres
05:30:22 PM 100998   3033084    0.00    0.00    0.00    0.00    0.00    12  postgres
05:30:22 PM 100998   3033085    0.00    0.00    0.00    0.00    0.00    14  postgres
05:30:22 PM 100998   3033086    0.00    0.00    0.00    0.00    0.00    12  postgres
05:30:22 PM 100998   3033087    0.00    1.00    0.00    0.00    1.00    10  postgres
05:30:22 PM 100998   3033090    0.00    0.00    0.00    0.00    0.00    14  postgres

05:30:22 PM   UID       PID    %usr %system  %guest   %wait    %CPU   CPU  Command
05:30:23 PM 100998   3032224    0.00    0.00    0.00    0.00    0.00    10  postgres
05:30:23 PM 100998   3032225    0.00    0.00    0.00    0.00    0.00    12  postgres
05:30:23 PM 100998   3032227    0.00    0.00    0.00    0.00    0.00    14  postgres
05:30:23 PM 100998   3032228    0.00    0.00    0.00    0.00    0.00    12  postgres
05:30:23 PM 100998   3032489    2.00    0.00    0.00    0.00    2.00    10  postgres
05:30:23 PM 100998   3032493    1.00    0.00    0.00    0.00    1.00    10  postgres
05:30:23 PM 100998   3032494    0.00    1.00    0.00    0.00    1.00    14  postgres
05:30:23 PM 100998   3032495    1.00    0.00    0.00    0.00    1.00    14  postgres
05:30:23 PM 100998   3032496    1.00    1.00    0.00    0.00    2.00    10  postgres
05:30:23 PM 100998   3032497    1.00    1.00    0.00    0.00    2.00    12  postgres
05:30:23 PM 100998   3032499    1.00    1.00    0.00    0.00    2.00    10  postgres
05:30:23 PM 100998   3032502    1.00    0.00    0.00    0.00    1.00    12  postgres
05:30:23 PM 100998   3032518    1.00    0.00    0.00    0.00    1.00    10  postgres
05:30:23 PM 100998   3032520    1.00    0.00    0.00    0.00    1.00    14  postgres
05:30:23 PM 100998   3032521    1.00    0.00    0.00    0.00    1.00    10  postgres
05:30:23 PM 100998   3032523    0.00    0.00    0.00    0.00    0.00    10  postgres
05:30:23 PM 100998   3032525    0.00    1.00    0.00    0.00    1.00    12  postgres
05:30:23 PM 100998   3032530    1.00    0.00    0.00    0.00    1.00    14  postgres
05:30:23 PM 100998   3032539    1.00    0.00    0.00    0.00    1.00    14  postgres
05:30:23 PM 100998   3032560    1.00    0.00    0.00    0.00    1.00    14  postgres
05:30:23 PM 100998   3032564    0.00    0.00    0.00    0.00    0.00    10  postgres
05:30:23 PM 100998   3032571    1.00    1.00    0.00    0.00    2.00    14  postgres
05:30:23 PM 100998   3032592    0.00    0.00    0.00    0.00    0.00    12  postgres
05:30:23 PM 100998   3032648    0.00    0.00    0.00    0.00    0.00    10  postgres
05:30:23 PM 100998   3032701    0.00    0.00    0.00    0.00    0.00    14  postgres
05:30:23 PM 100998   3032755    1.00    1.00    0.00    0.00    2.00    14  postgres
05:30:23 PM 100998   3032796    1.00    1.00    0.00    0.00    2.00    10  postgres
05:30:23 PM 100998   3032798    0.00    1.00    0.00    0.00    1.00    12  postgres
05:30:23 PM 100998   3032799    0.00    0.00    0.00    0.00    0.00    12  postgres
05:30:23 PM 100998   3032800    0.00    0.00    0.00    0.00    0.00    10  postgres
05:30:23 PM 100998   3032801    1.00    0.00    0.00    0.00    1.00    12  postgres
05:30:23 PM 100998   3032802    1.00    0.00    0.00    0.00    1.00    10  postgres
05:30:23 PM 100998   3032803    0.00    0.00    0.00    0.00    0.00    10  postgres
05:30:23 PM 100998   3032804    0.00    0.00    0.00    0.00    0.00    10  postgres
05:30:23 PM 100998   3032807    0.00    0.00    0.00    0.00    0.00    12  postgres
05:30:23 PM 100998   3032809    0.00    0.00    0.00    0.00    0.00    10  postgres
05:30:23 PM 100998   3032811    0.00    0.00    0.00    0.00    0.00    10  postgres
05:30:23 PM 100998   3032813    0.00    0.00    0.00    0.00    0.00    14  postgres
05:30:23 PM 100998   3032818    0.00    0.00    0.00    0.00    0.00    14  postgres
05:30:23 PM 100998   3032847    0.00    0.00    0.00    0.00    0.00    14  postgres
05:30:23 PM 100998   3032851    1.00    0.00    0.00    0.00    1.00    14  postgres
05:30:23 PM 100998   3032871    0.00    0.00    0.00    0.00    0.00    14  postgres
05:30:23 PM 100998   3032922    0.00    0.00    0.00    0.00    0.00    12  postgres
05:30:23 PM 100998   3032972    0.00    0.00    0.00    0.00    0.00    10  postgres
05:30:23 PM 100998   3033023    0.00    0.00    0.00    0.00    0.00    14  postgres
05:30:23 PM 100998   3033066    0.00    0.00    0.00    0.00    0.00    12  postgres
05:30:23 PM 100998   3033081    0.00    0.00    0.00    0.00    0.00    12  postgres
05:30:23 PM 100998   3033082    0.00    1.00    0.00    0.00    1.00    14  postgres
05:30:23 PM 100998   3033083    0.00    0.00    0.00    0.00    0.00    12  postgres
05:30:23 PM 100998   3033084    0.00    0.00    0.00    0.00    0.00    10  postgres
05:30:23 PM 100998   3033085    0.00    0.00    0.00    0.00    0.00    12  postgres
05:30:23 PM 100998   3033086    0.00    0.00    0.00    0.00    0.00    12  postgres
05:30:23 PM 100998   3033087    0.00    0.00    0.00    0.00    0.00    12  postgres
05:30:23 PM 100998   3033090    0.00    0.00    0.00    0.00    0.00    10  postgres

05:30:23 PM   UID       PID    %usr %system  %guest   %wait    %CPU   CPU  Command
05:30:24 PM 100998   3032224    0.00    0.00    0.00    0.00    0.00    10  postgres
05:30:24 PM 100998   3032225    0.00    0.00    0.00    0.00    0.00    12  postgres
05:30:24 PM 100998   3032227    0.00    0.00    0.00    0.00    0.00    14  postgres
05:30:24 PM 100998   3032228    0.00    0.00    0.00    0.00    0.00    12  postgres
05:30:24 PM 100998   3032489    1.00    1.00    0.00    0.00    2.00    12  postgres
05:30:24 PM 100998   3032493    1.00    0.00    0.00    0.00    1.00    10  postgres
05:30:24 PM 100998   3032494    1.00    1.00    0.00    0.00    2.00    12  postgres
05:30:24 PM 100998   3032495    0.00    1.00    0.00    0.00    1.00    12  postgres
05:30:24 PM 100998   3032496    0.00    0.00    0.00    0.00    0.00    14  postgres
05:30:24 PM 100998   3032497    1.00    1.00    0.00    0.00    2.00    10  postgres
05:30:24 PM 100998   3032499    0.00    0.00    0.00    0.00    0.00    10  postgres
05:30:24 PM 100998   3032502    0.00    1.00    0.00    0.00    1.00    12  postgres
05:30:24 PM 100998   3032518    0.00    0.00    0.00    0.00    0.00    10  postgres
05:30:24 PM 100998   3032520    0.00    1.00    0.00    0.00    1.00    10  postgres
05:30:24 PM 100998   3032521    0.00    0.00    0.00    0.00    0.00    10  postgres
05:30:24 PM 100998   3032523    1.00    0.00    0.00    0.00    1.00    10  postgres
05:30:24 PM 100998   3032525    0.00    0.00    0.00    0.00    0.00    10  postgres
05:30:24 PM 100998   3032530    0.00    1.00    0.00    0.00    1.00    14  postgres
05:30:24 PM 100998   3032539    1.00    0.00    0.00    0.00    1.00    10  postgres
05:30:24 PM 100998   3032560    1.00    1.00    0.00    0.00    2.00    10  postgres
05:30:24 PM 100998   3032564    1.00    1.00    0.00    0.00    2.00    14  postgres
05:30:24 PM 100998   3032571    0.00    0.00    0.00    0.00    0.00    10  postgres
05:30:24 PM 100998   3032592    1.00    0.00    0.00    0.00    1.00    10  postgres
05:30:24 PM 100998   3032648    0.00    0.00    0.00    0.00    0.00    10  postgres
05:30:24 PM 100998   3032701    1.00    0.00    0.00    0.00    1.00    12  postgres
05:30:24 PM 100998   3032755    0.00    0.00    0.00    0.00    0.00    12  postgres
05:30:24 PM 100998   3032796    0.00    0.00    0.00    0.00    0.00    14  postgres
05:30:24 PM 100998   3032798    1.00    0.00    0.00    0.00    1.00    12  postgres
05:30:24 PM 100998   3032799    1.00    0.00    0.00    0.00    1.00    10  postgres
05:30:24 PM 100998   3032800    0.00    0.00    0.00    0.00    0.00    14  postgres
05:30:24 PM 100998   3032801    0.00    0.00    0.00    0.00    0.00    14  postgres
05:30:24 PM 100998   3032802    0.00    0.00    0.00    0.00    0.00    10  postgres
05:30:24 PM 100998   3032803    1.00    0.00    0.00    0.00    1.00    10  postgres
05:30:24 PM 100998   3032804    0.00    0.00    0.00    0.00    0.00    12  postgres
05:30:24 PM 100998   3032807    0.00    0.00    0.00    0.00    0.00    14  postgres
05:30:24 PM 100998   3032809    1.00    0.00    0.00    0.00    1.00    10  postgres
05:30:24 PM 100998   3032811    0.00    0.00    0.00    0.00    0.00    14  postgres
05:30:24 PM 100998   3032813    1.00    0.00    0.00    0.00    1.00    14  postgres
05:30:24 PM 100998   3032818    0.00    0.00    0.00    0.00    0.00    12  postgres
05:30:24 PM 100998   3032847    0.00    0.00    0.00    0.00    0.00    14  postgres
05:30:24 PM 100998   3032851    0.00    0.00    0.00    0.00    0.00    14  postgres
05:30:24 PM 100998   3032871    0.00    0.00    0.00    0.00    0.00    12  postgres
05:30:24 PM 100998   3032922    0.00    0.00    0.00    0.00    0.00    14  postgres
05:30:24 PM 100998   3032972    0.00    0.00    0.00    0.00    0.00    12  postgres
05:30:24 PM 100998   3033023    0.00    1.00    0.00    0.00    1.00    10  postgres
05:30:24 PM 100998   3033066    0.00    1.00    0.00    0.00    1.00    10  postgres
05:30:24 PM 100998   3033081    1.00    0.00    0.00    0.00    1.00    14  postgres
05:30:24 PM 100998   3033082    0.00    0.00    0.00    0.00    0.00    12  postgres
05:30:24 PM 100998   3033083    0.00    0.00    0.00    0.00    0.00    14  postgres
05:30:24 PM 100998   3033084    1.00    0.00    0.00    0.00    1.00    10  postgres
05:30:24 PM 100998   3033085    0.00    0.00    0.00    0.00    0.00    14  postgres
05:30:24 PM 100998   3033086    0.00    0.00    0.00    0.00    0.00    14  postgres
05:30:24 PM 100998   3033087    0.00    0.00    0.00    0.00    0.00    14  postgres
05:30:24 PM 100998   3033090    0.00    0.00    0.00    0.00    0.00    10  postgres

05:30:24 PM   UID       PID    %usr %system  %guest   %wait    %CPU   CPU  Command
05:30:25 PM 100998   3032224    0.00    0.00    0.00    0.00    0.00    10  postgres
05:30:25 PM 100998   3032225    0.00    0.00    0.00    0.00    0.00    14  postgres
05:30:25 PM 100998   3032227    0.00    0.00    0.00    0.00    0.00    14  postgres
05:30:25 PM 100998   3032228    0.00    0.00    0.00    0.00    0.00    12  postgres
05:30:25 PM 100998   3032489    1.00    1.00    0.00    0.00    2.00    14  postgres
05:30:25 PM 100998   3032493    1.00    1.00    0.00    0.00    2.00    10  postgres
05:30:25 PM 100998   3032494    1.00    0.00    0.00    0.00    1.00    12  postgres
05:30:25 PM 100998   3032495    1.00    0.00    0.00    0.00    1.00    10  postgres
05:30:25 PM 100998   3032496    1.00    0.00    0.00    0.00    1.00    10  postgres
05:30:25 PM 100998   3032497    0.00    0.00    0.00    0.00    0.00    12  postgres
05:30:25 PM 100998   3032499    1.00    1.00    0.00    0.00    2.00    10  postgres
05:30:25 PM 100998   3032502    1.00    0.00    0.00    0.00    1.00    14  postgres
05:30:25 PM 100998   3032518    1.00    1.00    0.00    0.00    2.00    12  postgres
05:30:25 PM 100998   3032520    1.00    0.00    0.00    0.00    1.00    10  postgres
05:30:25 PM 100998   3032521    0.00    1.00    0.00    0.00    1.00    12  postgres
05:30:25 PM 100998   3032523    0.00    0.00    0.00    0.00    0.00    10  postgres
05:30:25 PM 100998   3032525    0.00    0.00    0.00    0.00    0.00    14  postgres
05:30:25 PM 100998   3032530    0.00    0.00    0.00    0.00    0.00    14  postgres
05:30:25 PM 100998   3032539    0.00    1.00    0.00    0.00    1.00    10  postgres
05:30:25 PM 100998   3032560    0.00    0.00    0.00    0.00    0.00    14  postgres
05:30:25 PM 100998   3032564    0.00    0.00    0.00    0.00    0.00    14  postgres
05:30:25 PM 100998   3032571    1.00    0.00    0.00    0.00    1.00    12  postgres
05:30:25 PM 100998   3032592    1.00    0.00    0.00    0.00    1.00    12  postgres
05:30:25 PM 100998   3032648    0.00    0.00    0.00    0.00    0.00    12  postgres
05:30:25 PM 100998   3032701    0.00    0.00    0.00    0.00    0.00    10  postgres
05:30:25 PM 100998   3032755    0.00    0.00    0.00    0.00    0.00    12  postgres
05:30:25 PM 100998   3032796    0.00    0.00    0.00    0.00    0.00    14  postgres
05:30:25 PM 100998   3032798    0.00    0.00    0.00    0.00    0.00    12  postgres
05:30:25 PM 100998   3032799    0.00    0.00    0.00    0.00    0.00    12  postgres
05:30:25 PM 100998   3032800    0.00    1.00    0.00    0.00    1.00    10  postgres
05:30:25 PM 100998   3032801    0.00    1.00    0.00    0.00    1.00    14  postgres
05:30:25 PM 100998   3032802    0.00    0.00    0.00    0.00    0.00    14  postgres
05:30:25 PM 100998   3032803    0.00    0.00    0.00    0.00    0.00    14  postgres
05:30:25 PM 100998   3032804    0.00    0.00    0.00    0.00    0.00    12  postgres
05:30:25 PM 100998   3032807    0.00    0.00    0.00    0.00    0.00    12  postgres
05:30:25 PM 100998   3032809    0.00    0.00    0.00    0.00    0.00    12  postgres
05:30:25 PM 100998   3032811    0.00    0.00    0.00    0.00    0.00    14  postgres
05:30:25 PM 100998   3032813    0.00    0.00    0.00    0.00    0.00    14  postgres
05:30:25 PM 100998   3032818    0.00    0.00    0.00    0.00    0.00    12  postgres
05:30:25 PM 100998   3032847    1.00    0.00    0.00    0.00    1.00    14  postgres
05:30:25 PM 100998   3032851    0.00    0.00    0.00    0.00    0.00    14  postgres
05:30:25 PM 100998   3032871    1.00    0.00    0.00    0.00    1.00    12  postgres
05:30:25 PM 100998   3032922    1.00    0.00    0.00    0.00    1.00    12  postgres
05:30:25 PM 100998   3032972    1.00    1.00    0.00    0.00    2.00    10  postgres
05:30:25 PM 100998   3033023    0.00    0.00    0.00    0.00    0.00    10  postgres
05:30:25 PM 100998   3033066    1.00    0.00    0.00    0.00    1.00    12  postgres
05:30:25 PM 100998   3033081    0.00    0.00    0.00    0.00    0.00    12  postgres
05:30:25 PM 100998   3033082    1.00    0.00    0.00    0.00    1.00    10  postgres
05:30:25 PM 100998   3033083    1.00    0.00    0.00    0.00    1.00    12  postgres
05:30:25 PM 100998   3033084    0.00    0.00    0.00    0.00    0.00    10  postgres
05:30:25 PM 100998   3033085    0.00    0.00    0.00    0.00    0.00    14  postgres
05:30:25 PM 100998   3033086    0.00    0.00    0.00    0.00    0.00    12  postgres
05:30:25 PM 100998   3033087    0.00    0.00    0.00    0.00    0.00    14  postgres
05:30:25 PM 100998   3033090    0.00    0.00    0.00    0.00    0.00    12  postgres

05:30:25 PM   UID       PID    %usr %system  %guest   %wait    %CPU   CPU  Command
05:30:26 PM 100998   3032224    0.00    0.00    0.00    0.00    0.00    10  postgres
05:30:26 PM 100998   3032225    0.00    0.00    0.00    0.00    0.00    14  postgres
05:30:26 PM 100998   3032227    0.00    0.00    0.00    0.00    0.00    14  postgres
05:30:26 PM 100998   3032228    0.00    0.00    0.00    0.00    0.00    12  postgres
05:30:26 PM 100998   3032489    1.00    1.00    0.00    0.00    2.00    10  postgres
05:30:26 PM 100998   3032493    0.00    0.00    0.00    0.00    0.00    14  postgres
05:30:26 PM 100998   3032494    1.00    1.00    0.00    0.00    2.00    14  postgres
05:30:26 PM 100998   3032495    1.00    1.00    0.00    0.00    2.00    10  postgres
05:30:26 PM 100998   3032496    1.00    1.00    0.00    0.00    2.00    12  postgres
05:30:26 PM 100998   3032497    1.00    0.00    0.00    0.00    1.00    10  postgres
05:30:26 PM 100998   3032499    0.00    0.00    0.00    0.00    0.00    10  postgres
05:30:26 PM 100998   3032502    1.00    1.00    0.00    0.00    2.00    10  postgres
05:30:26 PM 100998   3032518    0.00    0.00    0.00    0.00    0.00    10  postgres
05:30:26 PM 100998   3032520    0.00    0.00    0.00    0.00    0.00    14  postgres
05:30:26 PM 100998   3032521    1.00    0.00    0.00    0.00    1.00    10  postgres
05:30:26 PM 100998   3032523    1.00    0.00    0.00    0.00    1.00    12  postgres
05:30:26 PM 100998   3032525    1.00    0.00    0.00    0.00    1.00    14  postgres
05:30:26 PM 100998   3032530    1.00    0.00    0.00    0.00    1.00    14  postgres
05:30:26 PM 100998   3032539    0.00    0.00    0.00    0.00    0.00    14  postgres
05:30:26 PM 100998   3032560    1.00    0.00    0.00    0.00    1.00    10  postgres
05:30:26 PM 100998   3032564    1.00    0.00    0.00    0.00    1.00    12  postgres
05:30:26 PM 100998   3032571    0.00    0.00    0.00    0.00    0.00    14  postgres
05:30:26 PM 100998   3032592    0.00    1.00    0.00    0.00    1.00    12  postgres
05:30:26 PM 100998   3032648    0.00    0.00    0.00    0.00    0.00    10  postgres
05:30:26 PM 100998   3032701    0.00    1.00    0.00    0.00    1.00    14  postgres
05:30:26 PM 100998   3032755    1.00    0.00    0.00    0.00    1.00    12  postgres
05:30:26 PM 100998   3032796    0.00    0.00    0.00    0.00    0.00    14  postgres
05:30:26 PM 100998   3032798    0.00    0.00    0.00    0.00    0.00    14  postgres
05:30:26 PM 100998   3032799    0.00    0.00    0.00    0.00    0.00    12  postgres
05:30:26 PM 100998   3032800    1.00    0.00    0.00    0.00    1.00    12  postgres
05:30:26 PM 100998   3032801    0.00    0.00    0.00    0.00    0.00    10  postgres
05:30:26 PM 100998   3032802    1.00    0.00    0.00    0.00    1.00    12  postgres
05:30:26 PM 100998   3032803    0.00    1.00    0.00    0.00    1.00    10  postgres
05:30:26 PM 100998   3032804    1.00    1.00    0.00    0.00    2.00    14  postgres
05:30:26 PM 100998   3032807    0.00    0.00    0.00    0.00    0.00    10  postgres
05:30:26 PM 100998   3032809    0.00    0.00    0.00    0.00    0.00    12  postgres
05:30:26 PM 100998   3032811    0.00    0.00    0.00    0.00    0.00    14  postgres
05:30:26 PM 100998   3032813    0.00    1.00    0.00    0.00    1.00    12  postgres
05:30:26 PM 100998   3032818    0.00    0.00    0.00    0.00    0.00    12  postgres
05:30:26 PM 100998   3032847    0.00    0.00    0.00    0.00    0.00    12  postgres
05:30:26 PM 100998   3032851    1.00    0.00    0.00    0.00    1.00    12  postgres
05:30:26 PM 100998   3032871    0.00    0.00    0.00    0.00    0.00    14  postgres
05:30:26 PM 100998   3032922    0.00    0.00    0.00    0.00    0.00    12  postgres
05:30:26 PM 100998   3032972    0.00    0.00    0.00    0.00    0.00    12  postgres
05:30:26 PM 100998   3033023    0.00    0.00    0.00    0.00    0.00    12  postgres
05:30:26 PM 100998   3033066    0.00    0.00    0.00    0.00    0.00    10  postgres
05:30:26 PM 100998   3033081    0.00    0.00    0.00    0.00    0.00    14  postgres
05:30:26 PM 100998   3033082    0.00    0.00    0.00    0.00    0.00    10  postgres
05:30:26 PM 100998   3033083    0.00    0.00    0.00    0.00    0.00    14  postgres
05:30:26 PM 100998   3033084    0.00    0.00    0.00    0.00    0.00    14  postgres
05:30:26 PM 100998   3033085    0.00    0.00    0.00    0.00    0.00    10  postgres
05:30:26 PM 100998   3033086    0.00    1.00    0.00    0.00    1.00    12  postgres
05:30:26 PM 100998   3033087    0.00    0.00    0.00    0.00    0.00    14  postgres
05:30:26 PM 100998   3033090    0.00    0.00    0.00    0.00    0.00    14  postgres

05:30:26 PM   UID       PID    %usr %system  %guest   %wait    %CPU   CPU  Command
05:30:27 PM 100998   3032224    0.00    0.00    0.00    0.00    0.00    10  postgres
05:30:27 PM 100998   3032225    0.00    0.00    0.00    0.00    0.00    14  postgres
05:30:27 PM 100998   3032227    0.00    0.00    0.00    0.00    0.00    14  postgres
05:30:27 PM 100998   3032228    0.00    0.00    0.00    0.00    0.00    12  postgres
05:30:27 PM 100998   3032489    2.00    0.00    0.00    0.00    2.00    12  postgres
05:30:27 PM 100998   3032493    1.00    1.00    0.00    0.00    2.00    14  postgres
05:30:27 PM 100998   3032494    0.00    0.00    0.00    0.00    0.00    14  postgres
05:30:27 PM 100998   3032495    1.00    0.00    0.00    0.00    1.00    12  postgres
05:30:27 PM 100998   3032496    0.00    0.00    0.00    0.00    0.00    10  postgres
05:30:27 PM 100998   3032497    1.00    1.00    0.00    0.00    2.00    12  postgres
05:30:27 PM 100998   3032499    1.00    0.00    0.00    0.00    1.00    14  postgres
05:30:27 PM 100998   3032502    0.00    0.00    0.00    0.00    0.00    10  postgres
05:30:27 PM 100998   3032518    1.00    1.00    0.00    0.00    2.00    12  postgres
05:30:27 PM 100998   3032520    1.00    1.00    0.00    0.00    2.00    12  postgres
05:30:27 PM 100998   3032521    0.00    0.00    0.00    0.00    0.00    10  postgres
05:30:27 PM 100998   3032523    0.00    1.00    0.00    0.00    1.00    12  postgres
05:30:27 PM 100998   3032525    0.00    0.00    0.00    0.00    0.00    14  postgres
05:30:27 PM 100998   3032530    0.00    1.00    0.00    0.00    1.00    12  postgres
05:30:27 PM 100998   3032539    0.00    0.00    0.00    0.00    0.00    10  postgres
05:30:27 PM 100998   3032560    0.00    0.00    0.00    0.00    0.00    14  postgres
05:30:27 PM 100998   3032564    0.00    1.00    0.00    0.00    1.00    14  postgres
05:30:27 PM 100998   3032571    0.00    0.00    0.00    0.00    0.00    10  postgres
05:30:27 PM 100998   3032592    1.00    0.00    0.00    0.00    1.00    12  postgres
05:30:27 PM 100998   3032648    1.00    0.00    0.00    0.00    1.00    12  postgres
05:30:27 PM 100998   3032701    1.00    0.00    0.00    0.00    1.00    10  postgres
05:30:27 PM 100998   3032755    0.00    0.00    0.00    0.00    0.00    12  postgres
05:30:27 PM 100998   3032796    1.00    0.00    0.00    0.00    1.00    12  postgres
05:30:27 PM 100998   3032798    1.00    0.00    0.00    0.00    1.00    10  postgres
05:30:27 PM 100998   3032799    0.00    1.00    0.00    0.00    1.00    10  postgres
05:30:27 PM 100998   3032800    0.00    0.00    0.00    0.00    0.00    14  postgres
05:30:27 PM 100998   3032801    1.00    0.00    0.00    0.00    1.00    10  postgres
05:30:27 PM 100998   3032802    0.00    0.00    0.00    0.00    0.00    12  postgres
05:30:27 PM 100998   3032803    0.00    0.00    0.00    0.00    0.00    12  postgres
05:30:27 PM 100998   3032804    0.00    0.00    0.00    0.00    0.00    12  postgres
05:30:27 PM 100998   3032807    0.00    1.00    0.00    0.00    1.00    14  postgres
05:30:27 PM 100998   3032809    0.00    1.00    0.00    0.00    1.00    12  postgres
05:30:27 PM 100998   3032811    1.00    0.00    0.00    0.00    1.00    10  postgres
05:30:27 PM 100998   3032813    0.00    0.00    0.00    0.00    0.00    12  postgres
05:30:27 PM 100998   3032818    0.00    0.00    0.00    0.00    0.00    14  postgres
05:30:27 PM 100998   3032847    0.00    0.00    0.00    0.00    0.00    12  postgres
05:30:27 PM 100998   3032851    0.00    1.00    0.00    0.00    1.00    14  postgres
05:30:27 PM 100998   3032871    0.00    0.00    0.00    0.00    0.00    14  postgres
05:30:27 PM 100998   3032922    0.00    0.00    0.00    0.00    0.00    12  postgres
05:30:27 PM 100998   3032972    0.00    0.00    0.00    0.00    0.00    12  postgres
05:30:27 PM 100998   3033023    1.00    0.00    0.00    0.00    1.00    14  postgres
05:30:27 PM 100998   3033066    0.00    0.00    0.00    0.00    0.00    14  postgres
05:30:27 PM 100998   3033081    0.00    0.00    0.00    0.00    0.00    14  postgres
05:30:27 PM 100998   3033082    0.00    0.00    0.00    0.00    0.00    10  postgres
05:30:27 PM 100998   3033083    0.00    0.00    0.00    0.00    0.00    14  postgres
05:30:27 PM 100998   3033084    0.00    0.00    0.00    0.00    0.00    14  postgres
05:30:27 PM 100998   3033085    0.00    0.00    0.00    0.00    0.00    10  postgres
05:30:27 PM 100998   3033086    0.00    0.00    0.00    0.00    0.00    12  postgres
05:30:27 PM 100998   3033087    1.00    1.00    0.00    0.00    2.00    12  postgres
05:30:27 PM 100998   3033090    0.00    0.00    0.00    0.00    0.00    10  postgres

05:30:27 PM   UID       PID    %usr %system  %guest   %wait    %CPU   CPU  Command
05:30:28 PM 100998   3032224    0.00    0.00    0.00    0.00    0.00    10  postgres
05:30:28 PM 100998   3032225    0.00    0.00    0.00    0.00    0.00    12  postgres
05:30:28 PM 100998   3032227    0.00    0.00    0.00    0.00    0.00    14  postgres
05:30:28 PM 100998   3032228    0.00    0.00    0.00    0.00    0.00    12  postgres
05:30:28 PM 100998   3032489    1.00    0.00    0.00    0.00    1.00    10  postgres
05:30:28 PM 100998   3032493    1.00    0.00    0.00    0.00    1.00    10  postgres
05:30:28 PM 100998   3032494    1.00    1.00    0.00    0.00    2.00    14  postgres
05:30:28 PM 100998   3032495    0.00    0.00    0.00    0.00    0.00    12  postgres
05:30:28 PM 100998   3032496    1.00    1.00    0.00    0.00    2.00    10  postgres
05:30:28 PM 100998   3032497    0.00    0.00    0.00    0.00    0.00    10  postgres
05:30:28 PM 100998   3032499    0.00    1.00    0.00    0.00    1.00    12  postgres
05:30:28 PM 100998   3032502    1.00    0.00    0.00    0.00    1.00    14  postgres
05:30:28 PM 100998   3032518    1.00    0.00    0.00    0.00    1.00    12  postgres
05:30:28 PM 100998   3032520    0.00    0.00    0.00    0.00    0.00    14  postgres
05:30:28 PM 100998   3032521    1.00    1.00    0.00    0.00    2.00    14  postgres
05:30:28 PM 100998   3032523    1.00    0.00    0.00    0.00    1.00    14  postgres
05:30:28 PM 100998   3032525    1.00    0.00    0.00    0.00    1.00    14  postgres
05:30:28 PM 100998   3032530    1.00    0.00    0.00    0.00    1.00    12  postgres
05:30:28 PM 100998   3032539    1.00    0.00    0.00    0.00    1.00    10  postgres
05:30:28 PM 100998   3032560    0.00    1.00    0.00    0.00    1.00    14  postgres
05:30:28 PM 100998   3032564    0.00    0.00    0.00    0.00    0.00    10  postgres
05:30:28 PM 100998   3032571    0.00    0.00    0.00    0.00    0.00    12  postgres
05:30:28 PM 100998   3032592    0.00    0.00    0.00    0.00    0.00    14  postgres
05:30:28 PM 100998   3032648    0.00    0.00    0.00    0.00    0.00    12  postgres
05:30:28 PM 100998   3032701    0.00    0.00    0.00    0.00    0.00    12  postgres
05:30:28 PM 100998   3032755    0.00    0.00    0.00    0.00    0.00    10  postgres
05:30:28 PM 100998   3032796    0.00    0.00    0.00    0.00    0.00    14  postgres
05:30:28 PM 100998   3032798    0.00    0.00    0.00    0.00    0.00    14  postgres
05:30:28 PM 100998   3032799    0.00    0.00    0.00    0.00    0.00    12  postgres
05:30:28 PM 100998   3032800    1.00    0.00    0.00    0.00    1.00    12  postgres
05:30:28 PM 100998   3032801    0.00    0.00    0.00    0.00    0.00    14  postgres
05:30:28 PM 100998   3032802    0.00    0.00    0.00    0.00    0.00    14  postgres
05:30:28 PM 100998   3032803    0.00    0.00    0.00    0.00    0.00    10  postgres
05:30:28 PM 100998   3032804    0.00    0.00    0.00    0.00    0.00    14  postgres
05:30:28 PM 100998   3032807    1.00    0.00    0.00    0.00    1.00    12  postgres
05:30:28 PM 100998   3032809    0.00    0.00    0.00    0.00    0.00    12  postgres
05:30:28 PM 100998   3032811    0.00    0.00    0.00    0.00    0.00    10  postgres
05:30:28 PM 100998   3032813    0.00    0.00    0.00    0.00    0.00    10  postgres
05:30:28 PM 100998   3032818    0.00    0.00    0.00    0.00    0.00    14  postgres
05:30:28 PM 100998   3032847    0.00    0.00    0.00    0.00    0.00    10  postgres
05:30:28 PM 100998   3032851    0.00    0.00    0.00    0.00    0.00    14  postgres
05:30:28 PM 100998   3032871    0.00    1.00    0.00    0.00    1.00    10  postgres
05:30:28 PM 100998   3032922    0.00    0.00    0.00    0.00    0.00    12  postgres
05:30:28 PM 100998   3032972    0.00    0.00    0.00    0.00    0.00    12  postgres
05:30:28 PM 100998   3033023    0.00    0.00    0.00    0.00    0.00    14  postgres
05:30:28 PM 100998   3033066    0.00    0.00    0.00    0.00    0.00    14  postgres
05:30:28 PM 100998   3033081    0.00    0.00    0.00    0.00    0.00    14  postgres
05:30:28 PM 100998   3033082    0.00    1.00    0.00    0.00    1.00    14  postgres
05:30:28 PM 100998   3033083    0.00    1.00    0.00    0.00    1.00    10  postgres
05:30:28 PM 100998   3033084    0.00    0.00    0.00    0.00    0.00    12  postgres
05:30:28 PM 100998   3033085    0.00    0.00    0.00    0.00    0.00    12  postgres
05:30:28 PM 100998   3033086    0.00    0.00    0.00    0.00    0.00    12  postgres
05:30:28 PM 100998   3033087    0.00    0.00    0.00    0.00    0.00    12  postgres
05:30:28 PM 100998   3033090    1.00    0.00    0.00    0.00    1.00    12  postgres

05:30:28 PM   UID       PID    %usr %system  %guest   %wait    %CPU   CPU  Command
05:30:29 PM 100998   3032224    0.00    0.00    0.00    0.00    0.00    10  postgres
05:30:29 PM 100998   3032225    0.00    0.00    0.00    0.00    0.00    12  postgres
05:30:29 PM 100998   3032227    0.00    0.00    0.00    0.00    0.00    14  postgres
05:30:29 PM 100998   3032228    0.00    0.00    0.00    0.00    0.00    12  postgres
05:30:29 PM 100998   3032489    0.00    1.00    0.00    0.00    1.00    14  postgres
05:30:29 PM 100998   3032493    1.00    1.00    0.00    0.00    2.00    10  postgres
05:30:29 PM 100998   3032494    1.00    0.00    0.00    0.00    1.00    14  postgres
05:30:29 PM 100998   3032495    1.00    1.00    0.00    0.00    2.00    14  postgres
05:30:29 PM 100998   3032496    1.00    0.00    0.00    0.00    1.00    12  postgres
05:30:29 PM 100998   3032497    1.00    1.00    0.00    0.00    2.00    12  postgres
05:30:29 PM 100998   3032499    0.00    0.00    0.00    0.00    0.00    12  postgres
05:30:29 PM 100998   3032502    1.00    1.00    0.00    0.00    2.00    14  postgres
05:30:29 PM 100998   3032518    0.00    1.00    0.00    0.00    1.00    14  postgres
05:30:29 PM 100998   3032520    1.00    0.00    0.00    0.00    1.00    14  postgres
05:30:29 PM 100998   3032521    0.00    0.00    0.00    0.00    0.00    12  postgres
05:30:29 PM 100998   3032523    0.00    0.00    0.00    0.00    0.00    14  postgres
05:30:29 PM 100998   3032525    0.00    1.00    0.00    0.00    1.00    10  postgres
05:30:29 PM 100998   3032530    0.00    0.00    0.00    0.00    0.00    14  postgres
05:30:29 PM 100998   3032539    0.00    1.00    0.00    0.00    1.00    10  postgres
05:30:29 PM 100998   3032560    1.00    0.00    0.00    0.00    1.00    10  postgres
05:30:29 PM 100998   3032564    0.00    0.00    0.00    0.00    0.00    10  postgres
05:30:29 PM 100998   3032571    1.00    0.00    0.00    0.00    1.00    14  postgres
05:30:29 PM 100998   3032592    0.00    0.00    0.00    0.00    0.00    12  postgres
05:30:29 PM 100998   3032648    0.00    1.00    0.00    0.00    1.00    12  postgres
05:30:29 PM 100998   3032701    0.00    0.00    0.00    0.00    0.00    14  postgres
05:30:29 PM 100998   3032755    1.00    0.00    0.00    0.00    1.00    10  postgres
05:30:29 PM 100998   3032796    0.00    0.00    0.00    0.00    0.00    10  postgres
05:30:29 PM 100998   3032798    0.00    0.00    0.00    0.00    0.00    10  postgres
05:30:29 PM 100998   3032799    1.00    0.00    0.00    0.00    1.00    12  postgres
05:30:29 PM 100998   3032800    0.00    1.00    0.00    0.00    1.00    14  postgres
05:30:29 PM 100998   3032801    1.00    0.00    0.00    0.00    1.00    12  postgres
05:30:29 PM 100998   3032802    0.00    0.00    0.00    0.00    0.00    10  postgres
05:30:29 PM 100998   3032803    1.00    0.00    0.00    0.00    1.00    12  postgres
05:30:29 PM 100998   3032804    0.00    0.00    0.00    0.00    0.00    12  postgres
05:30:29 PM 100998   3032807    0.00    0.00    0.00    0.00    0.00    14  postgres
05:30:29 PM 100998   3032809    0.00    0.00    0.00    0.00    0.00    12  postgres
05:30:29 PM 100998   3032811    0.00    0.00    0.00    0.00    0.00    12  postgres
05:30:29 PM 100998   3032813    1.00    0.00    0.00    0.00    1.00    14  postgres
05:30:29 PM 100998   3032818    0.00    0.00    0.00    0.00    0.00    10  postgres
05:30:29 PM 100998   3032847    1.00    0.00    0.00    0.00    1.00    12  postgres
05:30:29 PM 100998   3032851    0.00    0.00    0.00    0.00    0.00    10  postgres
05:30:29 PM 100998   3032871    0.00    0.00    0.00    0.00    0.00    12  postgres
05:30:29 PM 100998   3032922    0.00    0.00    0.00    0.00    0.00    12  postgres
05:30:29 PM 100998   3032972    0.00    0.00    0.00    0.00    0.00    12  postgres
05:30:29 PM 100998   3033023    0.00    0.00    0.00    0.00    0.00    10  postgres
05:30:29 PM 100998   3033066    0.00    0.00    0.00    0.00    0.00    10  postgres
05:30:29 PM 100998   3033081    0.00    1.00    0.00    0.00    1.00    12  postgres
05:30:29 PM 100998   3033082    0.00    0.00    0.00    0.00    0.00    14  postgres
05:30:29 PM 100998   3033083    1.00    0.00    0.00    0.00    1.00    10  postgres
05:30:29 PM 100998   3033084    1.00    0.00    0.00    0.00    1.00    14  postgres
05:30:29 PM 100998   3033085    1.00    0.00    0.00    0.00    1.00    10  postgres
05:30:29 PM 100998   3033086    1.00    0.00    0.00    0.00    1.00    12  postgres
05:30:29 PM 100998   3033087    1.00    0.00    0.00    0.00    1.00    10  postgres
05:30:29 PM 100998   3033090    0.00    0.00    0.00    0.00    0.00    10  postgres

05:30:29 PM   UID       PID    %usr %system  %guest   %wait    %CPU   CPU  Command
05:30:30 PM 100998   3032224    0.00    0.00    0.00    0.00    0.00    10  postgres
05:30:30 PM 100998   3032225    0.00    0.00    0.00    0.00    0.00    12  postgres
05:30:30 PM 100998   3032227    0.00    0.00    0.00    0.00    0.00    14  postgres
05:30:30 PM 100998   3032228    0.00    0.00    0.00    0.00    0.00    12  postgres
05:30:30 PM 100998   3032489    1.00    1.00    0.00    0.00    2.00    12  postgres
05:30:30 PM 100998   3032493    1.00    0.00    0.00    0.00    1.00    14  postgres
05:30:30 PM 100998   3032494    1.00    1.00    0.00    0.00    2.00    10  postgres
05:30:30 PM 100998   3032495    0.00    1.00    0.00    0.00    1.00    14  postgres
05:30:30 PM 100998   3032496    1.00    0.00    0.00    0.00    1.00    12  postgres
05:30:30 PM 100998   3032497    1.00    0.00    0.00    0.00    1.00    14  postgres
05:30:30 PM 100998   3032499    1.00    0.00    0.00    0.00    1.00    10  postgres
05:30:30 PM 100998   3032502    0.00    0.00    0.00    0.00    0.00    12  postgres
05:30:30 PM 100998   3032518    1.00    0.00    0.00    0.00    1.00    12  postgres
05:30:30 PM 100998   3032520    1.00    1.00    0.00    0.00    2.00    10  postgres
05:30:30 PM 100998   3032521    1.00    0.00    0.00    0.00    1.00    10  postgres
05:30:30 PM 100998   3032523    0.00    1.00    0.00    0.00    1.00    12  postgres
05:30:30 PM 100998   3032525    1.00    0.00    0.00    0.00    1.00    12  postgres
05:30:30 PM 100998   3032530    1.00    1.00    0.00    0.00    2.00    14  postgres
05:30:30 PM 100998   3032539    1.00    0.00    0.00    0.00    1.00    14  postgres
05:30:30 PM 100998   3032560    0.00    0.00    0.00    0.00    0.00    10  postgres
05:30:30 PM 100998   3032564    1.00    0.00    0.00    0.00    1.00    10  postgres
05:30:30 PM 100998   3032571    0.00    1.00    0.00    0.00    1.00    10  postgres
05:30:30 PM 100998   3032592    1.00    0.00    0.00    0.00    1.00    10  postgres
05:30:30 PM 100998   3032648    0.00    0.00    0.00    0.00    0.00    12  postgres
05:30:30 PM 100998   3032701    0.00    0.00    0.00    0.00    0.00    12  postgres
05:30:30 PM 100998   3032755    0.00    1.00    0.00    0.00    1.00    10  postgres
05:30:30 PM 100998   3032796    0.00    0.00    0.00    0.00    0.00    10  postgres
05:30:30 PM 100998   3032798    0.00    0.00    0.00    0.00    0.00    14  postgres
05:30:30 PM 100998   3032799    0.00    0.00    0.00    0.00    0.00    10  postgres
05:30:30 PM 100998   3032800    0.00    0.00    0.00    0.00    0.00    12  postgres
05:30:30 PM 100998   3032801    0.00    0.00    0.00    0.00    0.00    12  postgres
05:30:30 PM 100998   3032802    0.00    0.00    0.00    0.00    0.00    14  postgres
05:30:30 PM 100998   3032803    0.00    0.00    0.00    0.00    0.00    12  postgres
05:30:30 PM 100998   3032804    0.00    0.00    0.00    0.00    0.00    12  postgres
05:30:30 PM 100998   3032807    0.00    0.00    0.00    0.00    0.00    14  postgres
05:30:30 PM 100998   3032809    1.00    0.00    0.00    0.00    1.00    14  postgres
05:30:30 PM 100998   3032811    0.00    0.00    0.00    0.00    0.00    10  postgres
05:30:30 PM 100998   3032813    0.00    0.00    0.00    0.00    0.00    14  postgres
05:30:30 PM 100998   3032818    1.00    0.00    0.00    0.00    1.00    12  postgres
05:30:30 PM 100998   3032847    0.00    0.00    0.00    0.00    0.00    14  postgres
05:30:30 PM 100998   3032851    0.00    0.00    0.00    0.00    0.00    10  postgres
05:30:30 PM 100998   3032871    0.00    0.00    0.00    0.00    0.00    10  postgres
05:30:30 PM 100998   3032922    0.00    0.00    0.00    0.00    0.00    10  postgres
05:30:30 PM 100998   3032972    0.00    0.00    0.00    0.00    0.00    14  postgres
05:30:30 PM 100998   3033023    1.00    0.00    0.00    0.00    1.00    12  postgres
05:30:30 PM 100998   3033066    0.00    0.00    0.00    0.00    0.00    14  postgres
05:30:30 PM 100998   3033081    1.00    0.00    0.00    0.00    1.00    12  postgres
05:30:30 PM 100998   3033082    0.00    0.00    0.00    0.00    0.00    14  postgres
05:30:30 PM 100998   3033083    0.00    0.00    0.00    0.00    0.00    14  postgres
05:30:30 PM 100998   3033084    0.00    0.00    0.00    0.00    0.00    10  postgres
05:30:30 PM 100998   3033085    0.00    0.00    0.00    0.00    0.00    12  postgres
05:30:30 PM 100998   3033086    0.00    0.00    0.00    0.00    0.00    10  postgres
05:30:30 PM 100998   3033087    0.00    0.00    0.00    0.00    0.00    12  postgres
05:30:30 PM 100998   3033090    0.00    0.00    0.00    0.00    0.00    12  postgres

05:30:30 PM   UID       PID    %usr %system  %guest   %wait    %CPU   CPU  Command
05:30:31 PM 100998   3032224    0.00    0.00    0.00    0.00    0.00    10  postgres
05:30:31 PM 100998   3032225    0.00    0.00    0.00    0.00    0.00    10  postgres
05:30:31 PM 100998   3032227    0.00    0.00    0.00    0.00    0.00    14  postgres
05:30:31 PM 100998   3032228    0.00    0.00    0.00    0.00    0.00    12  postgres
05:30:31 PM 100998   3032489    1.00    0.00    0.00    0.00    1.00    10  postgres
05:30:31 PM 100998   3032493    1.00    1.00    0.00    0.00    2.00    12  postgres
05:30:31 PM 100998   3032494    0.00    1.00    0.00    0.00    1.00    14  postgres
05:30:31 PM 100998   3032495    1.00    0.00    0.00    0.00    1.00    14  postgres
05:30:31 PM 100998   3032496    1.00    1.00    0.00    0.00    2.00    14  postgres
05:30:31 PM 100998   3032497    1.00    0.00    0.00    0.00    1.00    14  postgres
05:30:31 PM 100998   3032499    1.00    1.00    0.00    0.00    2.00    14  postgres
05:30:31 PM 100998   3032502    1.00    1.00    0.00    0.00    2.00    14  postgres
05:30:31 PM 100998   3032518    0.00    0.00    0.00    0.00    0.00    14  postgres
05:30:31 PM 100998   3032520    0.00    0.00    0.00    0.00    0.00    12  postgres
05:30:31 PM 100998   3032521    0.00    1.00    0.00    0.00    1.00    14  postgres
05:30:31 PM 100998   3032523    1.00    0.00    0.00    0.00    1.00    10  postgres
05:30:31 PM 100998   3032525    0.00    1.00    0.00    0.00    1.00    12  postgres
05:30:31 PM 100998   3032530    0.00    0.00    0.00    0.00    0.00    14  postgres
05:30:31 PM 100998   3032539    0.00    0.00    0.00    0.00    0.00    10  postgres
05:30:31 PM 100998   3032560    0.00    0.00    0.00    0.00    0.00    12  postgres
05:30:31 PM 100998   3032564    0.00    0.00    0.00    0.00    0.00    14  postgres
05:30:31 PM 100998   3032571    0.00    0.00    0.00    0.00    0.00    12  postgres
05:30:31 PM 100998   3032592    0.00    0.00    0.00    0.00    0.00    10  postgres
05:30:31 PM 100998   3032648    1.00    0.00    0.00    0.00    1.00    14  postgres
05:30:31 PM 100998   3032701    0.00    0.00    0.00    0.00    0.00    14  postgres
05:30:31 PM 100998   3032755    0.00    0.00    0.00    0.00    0.00    14  postgres
05:30:31 PM 100998   3032796    0.00    0.00    0.00    0.00    0.00    10  postgres
05:30:31 PM 100998   3032798    0.00    0.00    0.00    0.00    0.00    10  postgres
05:30:31 PM 100998   3032799    0.00    0.00    0.00    0.00    0.00    10  postgres
05:30:31 PM 100998   3032800    0.00    0.00    0.00    0.00    0.00    12  postgres
05:30:31 PM 100998   3032801    0.00    0.00    0.00    0.00    0.00    12  postgres
05:30:31 PM 100998   3032802    0.00    0.00    0.00    0.00    0.00    10  postgres
05:30:31 PM 100998   3032803    0.00    0.00    0.00    0.00    0.00    12  postgres
05:30:31 PM 100998   3032804    0.00    0.00    0.00    0.00    0.00    12  postgres
05:30:31 PM 100998   3032807    1.00    0.00    0.00    0.00    1.00    10  postgres
05:30:31 PM 100998   3032809    0.00    0.00    0.00    0.00    0.00    10  postgres
05:30:31 PM 100998   3032811    0.00    1.00    0.00    0.00    1.00    10  postgres
05:30:31 PM 100998   3032813    0.00    0.00    0.00    0.00    0.00    14  postgres
05:30:31 PM 100998   3032818    0.00    1.00    0.00    0.00    1.00    12  postgres
05:30:31 PM 100998   3032847    0.00    0.00    0.00    0.00    0.00    12  postgres
05:30:31 PM 100998   3032851    0.00    0.00    0.00    0.00    0.00    14  postgres
05:30:31 PM 100998   3032871    0.00    0.00    0.00    0.00    0.00    12  postgres
05:30:31 PM 100998   3032922    0.00    0.00    0.00    0.00    0.00    12  postgres
05:30:31 PM 100998   3032972    1.00    0.00    0.00    0.00    1.00    10  postgres
05:30:31 PM 100998   3033023    0.00    0.00    0.00    0.00    0.00    12  postgres
05:30:31 PM 100998   3033066    1.00    0.00    0.00    0.00    1.00    14  postgres
05:30:31 PM 100998   3033081    0.00    0.00    0.00    0.00    0.00    14  postgres
05:30:31 PM 100998   3033082    0.00    0.00    0.00    0.00    0.00    10  postgres
05:30:31 PM 100998   3033083    0.00    0.00    0.00    0.00    0.00    10  postgres
05:30:31 PM 100998   3033084    0.00    0.00    0.00    0.00    0.00    10  postgres
05:30:31 PM 100998   3033085    0.00    0.00    0.00    0.00    0.00    14  postgres
05:30:31 PM 100998   3033086    0.00    0.00    0.00    0.00    0.00    12  postgres
05:30:31 PM 100998   3033087    0.00    0.00    0.00    0.00    0.00    10  postgres
05:30:31 PM 100998   3033090    0.00    0.00    0.00    0.00    0.00    14  postgres

05:30:31 PM   UID       PID    %usr %system  %guest   %wait    %CPU   CPU  Command
05:30:32 PM 100998   3032224    0.00    0.00    0.00    0.00    0.00    10  postgres
05:30:32 PM 100998   3032225    0.00    0.00    0.00    0.00    0.00    10  postgres
05:30:32 PM 100998   3032227    0.00    0.00    0.00    0.00    0.00    14  postgres
05:30:32 PM 100998   3032228    0.00    0.00    0.00    0.00    0.00    12  postgres
05:30:32 PM 100998   3032489    1.00    1.00    0.00    0.00    2.00    12  postgres
05:30:32 PM 100998   3032493    1.00    1.00    0.00    0.00    2.00    14  postgres
05:30:32 PM 100998   3032494    1.00    0.00    0.00    0.00    1.00    12  postgres
05:30:32 PM 100998   3032495    1.00    0.00    0.00    0.00    1.00    12  postgres
05:30:32 PM 100998   3032496    1.00    0.00    0.00    0.00    1.00    12  postgres
05:30:32 PM 100998   3032497    1.00    1.00    0.00    0.00    2.00    10  postgres
05:30:32 PM 100998   3032499    1.00    0.00    0.00    0.00    1.00    10  postgres
05:30:32 PM 100998   3032502    0.00    0.00    0.00    0.00    0.00    10  postgres
05:30:32 PM 100998   3032518    1.00    0.00    0.00    0.00    1.00    12  postgres
05:30:32 PM 100998   3032520    1.00    0.00    0.00    0.00    1.00    12  postgres
05:30:32 PM 100998   3032521    1.00    0.00    0.00    0.00    1.00    10  postgres
05:30:32 PM 100998   3032523    1.00    0.00    0.00    0.00    1.00    12  postgres
05:30:32 PM 100998   3032525    1.00    0.00    0.00    0.00    1.00    10  postgres
05:30:32 PM 100998   3032530    0.00    0.00    0.00    0.00    0.00    10  postgres
05:30:32 PM 100998   3032539    1.00    0.00    0.00    0.00    1.00    12  postgres
05:30:32 PM 100998   3032560    1.00    0.00    0.00    0.00    1.00    10  postgres
05:30:32 PM 100998   3032564    0.00    0.00    0.00    0.00    0.00    10  postgres
05:30:32 PM 100998   3032571    1.00    0.00    0.00    0.00    1.00    10  postgres
05:30:32 PM 100998   3032592    0.00    0.00    0.00    0.00    0.00    14  postgres
05:30:32 PM 100998   3032648    0.00    0.00    0.00    0.00    0.00    10  postgres
05:30:32 PM 100998   3032701    0.00    0.00    0.00    0.00    0.00    10  postgres
05:30:32 PM 100998   3032755    0.00    0.00    0.00    0.00    0.00    10  postgres
05:30:32 PM 100998   3032796    1.00    0.00    0.00    0.00    1.00    14  postgres
05:30:32 PM 100998   3032798    1.00    1.00    0.00    0.00    2.00    14  postgres
05:30:32 PM 100998   3032799    0.00    0.00    0.00    0.00    0.00    14  postgres
05:30:32 PM 100998   3032800    0.00    0.00    0.00    0.00    0.00    12  postgres
05:30:32 PM 100998   3032801    0.00    0.00    0.00    0.00    0.00    10  postgres
05:30:32 PM 100998   3032802    0.00    0.00    0.00    0.00    0.00    14  postgres
05:30:32 PM 100998   3032803    0.00    0.00    0.00    0.00    0.00    14  postgres
05:30:32 PM 100998   3032804    1.00    0.00    0.00    0.00    1.00    14  postgres
05:30:32 PM 100998   3032807    0.00    0.00    0.00    0.00    0.00    12  postgres
05:30:32 PM 100998   3032809    1.00    0.00    0.00    0.00    1.00    12  postgres
05:30:32 PM 100998   3032811    0.00    0.00    0.00    0.00    0.00    10  postgres
05:30:32 PM 100998   3032813    0.00    0.00    0.00    0.00    0.00    10  postgres
05:30:32 PM 100998   3032818    0.00    0.00    0.00    0.00    0.00    14  postgres
05:30:32 PM 100998   3032847    0.00    0.00    0.00    0.00    0.00    14  postgres
05:30:32 PM 100998   3032851    0.00    0.00    0.00    0.00    0.00    10  postgres
05:30:32 PM 100998   3032871    1.00    0.00    0.00    0.00    1.00    10  postgres
05:30:32 PM 100998   3032922    0.00    1.00    0.00    0.00    1.00    12  postgres
05:30:32 PM 100998   3032972    0.00    0.00    0.00    0.00    0.00    10  postgres
05:30:32 PM 100998   3033023    0.00    0.00    0.00    0.00    0.00    10  postgres
05:30:32 PM 100998   3033066    0.00    0.00    0.00    0.00    0.00    12  postgres
05:30:32 PM 100998   3033081    0.00    0.00    0.00    0.00    0.00    12  postgres
05:30:32 PM 100998   3033082    1.00    0.00    0.00    0.00    1.00    10  postgres
05:30:32 PM 100998   3033083    1.00    0.00    0.00    0.00    1.00    14  postgres
05:30:32 PM 100998   3033084    0.00    0.00    0.00    0.00    0.00    10  postgres
05:30:32 PM 100998   3033085    0.00    0.00    0.00    0.00    0.00    12  postgres
05:30:32 PM 100998   3033086    0.00    0.00    0.00    0.00    0.00    12  postgres
05:30:32 PM 100998   3033087    0.00    0.00    0.00    0.00    0.00    14  postgres
05:30:32 PM 100998   3033090    0.00    1.00    0.00    0.00    1.00    12  postgres

05:30:32 PM   UID       PID    %usr %system  %guest   %wait    %CPU   CPU  Command
05:30:33 PM 100998   3032224    0.00    0.00    0.00    0.00    0.00    10  postgres
05:30:33 PM 100998   3032225    0.00    0.00    0.00    0.00    0.00    12  postgres
05:30:33 PM 100998   3032227    0.00    0.00    0.00    0.00    0.00    14  postgres
05:30:33 PM 100998   3032228    0.00    0.00    0.00    0.00    0.00    12  postgres
05:30:33 PM 100998   3032489    1.00    1.00    0.00    0.00    2.00    10  postgres
05:30:33 PM 100998   3032493    0.00    0.00    0.00    0.00    0.00    14  postgres
05:30:33 PM 100998   3032494    1.00    0.00    0.00    0.00    1.00    14  postgres
05:30:33 PM 100998   3032495    1.00    1.00    0.00    0.00    2.00    10  postgres
05:30:33 PM 100998   3032496    2.00    1.00    0.00    0.00    3.00    10  postgres
05:30:33 PM 100998   3032497    1.00    0.00    0.00    0.00    1.00    14  postgres
05:30:33 PM 100998   3032499    0.00    0.00    0.00    0.00    0.00    12  postgres
05:30:33 PM 100998   3032502    1.00    0.00    0.00    0.00    1.00    12  postgres
05:30:33 PM 100998   3032518    1.00    1.00    0.00    0.00    2.00    12  postgres
05:30:33 PM 100998   3032520    0.00    1.00    0.00    0.00    1.00    10  postgres
05:30:33 PM 100998   3032521    0.00    1.00    0.00    0.00    1.00    10  postgres
05:30:33 PM 100998   3032523    0.00    0.00    0.00    0.00    0.00    14  postgres
05:30:33 PM 100998   3032525    0.00    1.00    0.00    0.00    1.00    12  postgres
05:30:33 PM 100998   3032530    0.00    0.00    0.00    0.00    0.00    12  postgres
05:30:33 PM 100998   3032539    0.00    0.00    0.00    0.00    0.00    10  postgres
05:30:33 PM 100998   3032560    0.00    0.00    0.00    0.00    0.00    10  postgres
05:30:33 PM 100998   3032564    1.00    1.00    0.00    0.00    2.00    12  postgres
05:30:33 PM 100998   3032571    0.00    0.00    0.00    0.00    0.00    10  postgres
05:30:33 PM 100998   3032592    1.00    0.00    0.00    0.00    1.00    14  postgres
05:30:33 PM 100998   3032648    0.00    0.00    0.00    0.00    0.00    14  postgres
05:30:33 PM 100998   3032701    1.00    1.00    0.00    0.00    2.00    10  postgres
05:30:33 PM 100998   3032755    0.00    0.00    0.00    0.00    0.00    10  postgres
05:30:33 PM 100998   3032796    0.00    0.00    0.00    0.00    0.00    10  postgres
05:30:33 PM 100998   3032798    0.00    0.00    0.00    0.00    0.00    12  postgres
05:30:33 PM 100998   3032799    1.00    0.00    0.00    0.00    1.00    10  postgres
05:30:33 PM 100998   3032800    0.00    0.00    0.00    0.00    0.00    14  postgres
05:30:33 PM 100998   3032801    0.00    0.00    0.00    0.00    0.00    10  postgres
05:30:33 PM 100998   3032802    1.00    0.00    0.00    0.00    1.00    12  postgres
05:30:33 PM 100998   3032803    0.00    1.00    0.00    0.00    1.00    12  postgres
05:30:33 PM 100998   3032804    0.00    0.00    0.00    0.00    0.00    14  postgres
05:30:33 PM 100998   3032807    0.00    0.00    0.00    0.00    0.00    12  postgres
05:30:33 PM 100998   3032809    0.00    0.00    0.00    0.00    0.00    10  postgres
05:30:33 PM 100998   3032811    1.00    0.00    0.00    0.00    1.00    12  postgres
05:30:33 PM 100998   3032813    0.00    0.00    0.00    0.00    0.00    12  postgres
05:30:33 PM 100998   3032818    0.00    0.00    0.00    0.00    0.00    12  postgres
05:30:33 PM 100998   3032847    0.00    0.00    0.00    0.00    0.00    12  postgres
05:30:33 PM 100998   3032851    1.00    0.00    0.00    0.00    1.00    10  postgres
05:30:33 PM 100998   3032871    0.00    0.00    0.00    0.00    0.00    12  postgres
05:30:33 PM 100998   3032922    1.00    0.00    0.00    0.00    1.00    10  postgres
05:30:33 PM 100998   3032972    0.00    0.00    0.00    0.00    0.00    10  postgres
05:30:33 PM 100998   3033023    0.00    1.00    0.00    0.00    1.00    10  postgres
05:30:33 PM 100998   3033066    0.00    0.00    0.00    0.00    0.00    12  postgres
05:30:33 PM 100998   3033081    0.00    0.00    0.00    0.00    0.00    12  postgres
05:30:33 PM 100998   3033082    0.00    0.00    0.00    0.00    0.00    10  postgres
05:30:33 PM 100998   3033083    0.00    0.00    0.00    0.00    0.00    12  postgres
05:30:33 PM 100998   3033084    0.00    0.00    0.00    0.00    0.00    12  postgres
05:30:33 PM 100998   3033085    0.00    0.00    0.00    0.00    0.00    12  postgres
05:30:33 PM 100998   3033086    0.00    0.00    0.00    0.00    0.00    14  postgres
05:30:33 PM 100998   3033087    0.00    0.00    0.00    0.00    0.00    12  postgres
05:30:33 PM 100998   3033090    0.00    0.00    0.00    0.00    0.00    12  postgres

05:30:33 PM   UID       PID    %usr %system  %guest   %wait    %CPU   CPU  Command
05:30:34 PM 100998   3032224    0.00    0.00    0.00    0.00    0.00    10  postgres
05:30:34 PM 100998   3032225    0.00    0.00    0.00    0.00    0.00    12  postgres
05:30:34 PM 100998   3032227    0.00    0.00    0.00    0.00    0.00    14  postgres
05:30:34 PM 100998   3032228    0.00    0.00    0.00    0.00    0.00    12  postgres
05:30:34 PM 100998   3032489    1.00    0.00    0.00    0.00    1.00    14  postgres
05:30:34 PM 100998   3032493    1.00    1.00    0.00    0.00    2.00    10  postgres
05:30:34 PM 100998   3032494    0.00    1.00    0.00    0.00    1.00    14  postgres
05:30:34 PM 100998   3032495    1.00    0.00    0.00    0.00    1.00    14  postgres
05:30:34 PM 100998   3032496    0.00    0.00    0.00    0.00    0.00    12  postgres
05:30:34 PM 100998   3032497    1.00    1.00    0.00    0.00    2.00    10  postgres
05:30:34 PM 100998   3032499    0.00    1.00    0.00    0.00    1.00    14  postgres
05:30:34 PM 100998   3032502    1.00    1.00    0.00    0.00    2.00    12  postgres
05:30:34 PM 100998   3032518    0.00    0.00    0.00    0.00    0.00    14  postgres
05:30:34 PM 100998   3032520    0.00    0.00    0.00    0.00    0.00    10  postgres
05:30:34 PM 100998   3032521    0.00    0.00    0.00    0.00    0.00    12  postgres
05:30:34 PM 100998   3032523    1.00    1.00    0.00    0.00    2.00    14  postgres
05:30:34 PM 100998   3032525    1.00    0.00    0.00    0.00    1.00    12  postgres
05:30:34 PM 100998   3032530    0.00    1.00    0.00    0.00    1.00    14  postgres
05:30:34 PM 100998   3032539    0.00    1.00    0.00    0.00    1.00    10  postgres
05:30:34 PM 100998   3032560    0.00    0.00    0.00    0.00    0.00    10  postgres
05:30:34 PM 100998   3032564    0.00    0.00    0.00    0.00    0.00    12  postgres
05:30:34 PM 100998   3032571    0.00    0.00    0.00    0.00    0.00    14  postgres
05:30:34 PM 100998   3032592    0.00    1.00    0.00    0.00    1.00    12  postgres
05:30:34 PM 100998   3032648    1.00    0.00    0.00    0.00    1.00    10  postgres
05:30:34 PM 100998   3032701    0.00    0.00    0.00    0.00    0.00    10  postgres
05:30:34 PM 100998   3032755    1.00    0.00    0.00    0.00    1.00    14  postgres
05:30:34 PM 100998   3032796    0.00    0.00    0.00    0.00    0.00    12  postgres
05:30:34 PM 100998   3032798    0.00    0.00    0.00    0.00    0.00    12  postgres
05:30:34 PM 100998   3032799    0.00    0.00    0.00    0.00    0.00    10  postgres
05:30:34 PM 100998   3032800    0.00    1.00    0.00    0.00    1.00    14  postgres
05:30:34 PM 100998   3032801    1.00    1.00    0.00    0.00    2.00    10  postgres
05:30:34 PM 100998   3032802    0.00    1.00    0.00    0.00    1.00    12  postgres
05:30:34 PM 100998   3032803    0.00    0.00    0.00    0.00    0.00    14  postgres
05:30:34 PM 100998   3032804    0.00    0.00    0.00    0.00    0.00    14  postgres
05:30:34 PM 100998   3032807    0.00    0.00    0.00    0.00    0.00    12  postgres
05:30:34 PM 100998   3032809    0.00    0.00    0.00    0.00    0.00    10  postgres
05:30:34 PM 100998   3032811    0.00    0.00    0.00    0.00    0.00    10  postgres
05:30:34 PM 100998   3032813    0.00    0.00    0.00    0.00    0.00    12  postgres
05:30:34 PM 100998   3032818    0.00    0.00    0.00    0.00    0.00    12  postgres
05:30:34 PM 100998   3032847    0.00    1.00    0.00    0.00    1.00    10  postgres
05:30:34 PM 100998   3032851    0.00    0.00    0.00    0.00    0.00    12  postgres
05:30:34 PM 100998   3032871    0.00    0.00    0.00    0.00    0.00    10  postgres
05:30:34 PM 100998   3032922    0.00    0.00    0.00    0.00    0.00    10  postgres
05:30:34 PM 100998   3032972    0.00    0.00    0.00    0.00    0.00    14  postgres
05:30:34 PM 100998   3033023    0.00    0.00    0.00    0.00    0.00    12  postgres
05:30:34 PM 100998   3033066    0.00    0.00    0.00    0.00    0.00    14  postgres
05:30:34 PM 100998   3033081    1.00    0.00    0.00    0.00    1.00    14  postgres
05:30:34 PM 100998   3033082    0.00    0.00    0.00    0.00    0.00    14  postgres
05:30:34 PM 100998   3033083    0.00    0.00    0.00    0.00    0.00    14  postgres
05:30:34 PM 100998   3033084    1.00    0.00    0.00    0.00    1.00    10  postgres
05:30:34 PM 100998   3033085    0.00    0.00    0.00    0.00    0.00    12  postgres
05:30:34 PM 100998   3033086    0.00    0.00    0.00    0.00    0.00    12  postgres
05:30:34 PM 100998   3033087    0.00    0.00    0.00    0.00    0.00    12  postgres
05:30:34 PM 100998   3033090    0.00    0.00    0.00    0.00    0.00    10  postgres

05:30:34 PM   UID       PID    %usr %system  %guest   %wait    %CPU   CPU  Command
05:30:35 PM 100998   3032224    0.00    0.00    0.00    0.00    0.00    10  postgres
05:30:35 PM 100998   3032225    0.00    0.00    0.00    0.00    0.00    10  postgres
05:30:35 PM 100998   3032227    0.00    0.00    0.00    0.00    0.00    14  postgres
05:30:35 PM 100998   3032228    0.00    0.00    0.00    0.00    0.00    12  postgres
05:30:35 PM 100998   3032489    1.00    1.00    0.00    0.00    2.00    14  postgres
05:30:35 PM 100998   3032493    1.00    0.00    0.00    0.00    1.00    12  postgres
05:30:35 PM 100998   3032494    2.00    0.00    0.00    0.00    2.00    10  postgres
05:30:35 PM 100998   3032495    1.00    1.00    0.00    0.00    2.00    12  postgres
05:30:35 PM 100998   3032496    1.00    1.00    0.00    0.00    2.00    10  postgres
05:30:35 PM 100998   3032497    1.00    0.00    0.00    0.00    1.00    14  postgres
05:30:35 PM 100998   3032499    1.00    0.00    0.00    0.00    1.00    14  postgres
05:30:35 PM 100998   3032502    0.00    0.00    0.00    0.00    0.00    10  postgres
05:30:35 PM 100998   3032518    1.00    1.00    0.00    0.00    2.00    12  postgres
05:30:35 PM 100998   3032520    1.00    0.00    0.00    0.00    1.00    10  postgres
05:30:35 PM 100998   3032521    1.00    0.00    0.00    0.00    1.00    10  postgres
05:30:35 PM 100998   3032523    0.00    0.00    0.00    0.00    0.00    12  postgres
05:30:35 PM 100998   3032525    0.00    0.00    0.00    0.00    0.00    10  postgres
05:30:35 PM 100998   3032530    1.00    0.00    0.00    0.00    1.00    10  postgres
05:30:35 PM 100998   3032539    1.00    0.00    0.00    0.00    1.00    12  postgres
05:30:35 PM 100998   3032560    0.00    0.00    0.00    0.00    0.00    14  postgres
05:30:35 PM 100998   3032564    1.00    0.00    0.00    0.00    1.00    10  postgres
05:30:35 PM 100998   3032571    0.00    1.00    0.00    0.00    1.00    12  postgres
05:30:35 PM 100998   3032592    1.00    0.00    0.00    0.00    1.00    12  postgres
05:30:35 PM 100998   3032648    0.00    1.00    0.00    0.00    1.00    14  postgres
05:30:35 PM 100998   3032701    1.00    0.00    0.00    0.00    1.00    10  postgres
05:30:35 PM 100998   3032755    0.00    0.00    0.00    0.00    0.00    14  postgres
05:30:35 PM 100998   3032796    1.00    1.00    0.00    0.00    2.00    10  postgres
05:30:35 PM 100998   3032798    0.00    0.00    0.00    0.00    0.00    10  postgres
05:30:35 PM 100998   3032799    0.00    1.00    0.00    0.00    1.00    10  postgres
05:30:35 PM 100998   3032800    0.00    0.00    0.00    0.00    0.00    14  postgres
05:30:35 PM 100998   3032801    0.00    0.00    0.00    0.00    0.00    14  postgres
05:30:35 PM 100998   3032802    0.00    0.00    0.00    0.00    0.00    12  postgres
05:30:35 PM 100998   3032803    0.00    0.00    0.00    0.00    0.00    14  postgres
05:30:35 PM 100998   3032804    0.00    0.00    0.00    0.00    0.00    10  postgres
05:30:35 PM 100998   3032807    0.00    0.00    0.00    0.00    0.00    12  postgres
05:30:35 PM 100998   3032809    0.00    0.00    0.00    0.00    0.00    14  postgres
05:30:35 PM 100998   3032811    0.00    0.00    0.00    0.00    0.00    14  postgres
05:30:35 PM 100998   3032813    1.00    0.00    0.00    0.00    1.00    14  postgres
05:30:35 PM 100998   3032818    0.00    0.00    0.00    0.00    0.00    10  postgres
05:30:35 PM 100998   3032847    0.00    0.00    0.00    0.00    0.00    10  postgres
05:30:35 PM 100998   3032851    0.00    0.00    0.00    0.00    0.00    14  postgres
05:30:35 PM 100998   3032871    0.00    0.00    0.00    0.00    0.00    10  postgres
05:30:35 PM 100998   3032922    0.00    0.00    0.00    0.00    0.00    12  postgres
05:30:35 PM 100998   3032972    1.00    0.00    0.00    0.00    1.00    14  postgres
05:30:35 PM 100998   3033023    1.00    0.00    0.00    0.00    1.00    10  postgres
05:30:35 PM 100998   3033066    0.00    0.00    0.00    0.00    0.00    10  postgres
05:30:35 PM 100998   3033081    0.00    0.00    0.00    0.00    0.00    12  postgres
05:30:35 PM 100998   3033082    0.00    0.00    0.00    0.00    0.00    14  postgres
05:30:35 PM 100998   3033083    0.00    0.00    0.00    0.00    0.00    12  postgres
05:30:35 PM 100998   3033084    0.00    0.00    0.00    0.00    0.00    10  postgres
05:30:35 PM 100998   3033085    0.00    0.00    0.00    0.00    0.00    12  postgres
05:30:35 PM 100998   3033086    0.00    0.00    0.00    0.00    0.00    10  postgres
05:30:35 PM 100998   3033087    0.00    0.00    0.00    0.00    0.00    12  postgres
05:30:35 PM 100998   3033090    1.00    0.00    0.00    0.00    1.00    14  postgres

05:30:35 PM   UID       PID    %usr %system  %guest   %wait    %CPU   CPU  Command
05:30:36 PM 100998   3032224    0.00    0.00    0.00    0.00    0.00    10  postgres
05:30:36 PM 100998   3032225    0.00    0.00    0.00    0.00    0.00    10  postgres
05:30:36 PM 100998   3032227    0.00    0.00    0.00    0.00    0.00    14  postgres
05:30:36 PM 100998   3032228    0.00    0.00    0.00    0.00    0.00    12  postgres
05:30:36 PM 100998   3032489    1.00    0.00    0.00    0.00    1.00    10  postgres
05:30:36 PM 100998   3032493    1.00    1.00    0.00    0.00    2.00    12  postgres
05:30:36 PM 100998   3032494    1.00    1.00    0.00    0.00    2.00    10  postgres
05:30:36 PM 100998   3032495    0.00    0.00    0.00    0.00    0.00    12  postgres
05:30:36 PM 100998   3032496    1.00    0.00    0.00    0.00    1.00    12  postgres
05:30:36 PM 100998   3032497    0.00    1.00    0.00    0.00    1.00    14  postgres
05:30:36 PM 100998   3032499    0.00    0.00    0.00    0.00    0.00    12  postgres
05:30:36 PM 100998   3032502    1.00    0.00    0.00    0.00    1.00    14  postgres
05:30:36 PM 100998   3032518    1.00    0.00    0.00    0.00    1.00    14  postgres
05:30:36 PM 100998   3032520    1.00    0.00    0.00    0.00    1.00    10  postgres
05:30:36 PM 100998   3032521    0.00    0.00    0.00    0.00    0.00    10  postgres
05:30:36 PM 100998   3032523    0.00    0.00    0.00    0.00    0.00    12  postgres
05:30:36 PM 100998   3032525    0.00    0.00    0.00    0.00    0.00    12  postgres
05:30:36 PM 100998   3032530    0.00    0.00    0.00    0.00    0.00    10  postgres
05:30:36 PM 100998   3032539    0.00    0.00    0.00    0.00    0.00    10  postgres
05:30:36 PM 100998   3032560    1.00    1.00    0.00    0.00    2.00    14  postgres
05:30:36 PM 100998   3032564    0.00    0.00    0.00    0.00    0.00    10  postgres
05:30:36 PM 100998   3032571    1.00    0.00    0.00    0.00    1.00    10  postgres
05:30:36 PM 100998   3032592    0.00    0.00    0.00    0.00    0.00    14  postgres
05:30:36 PM 100998   3032648    0.00    0.00    0.00    0.00    0.00    14  postgres
05:30:36 PM 100998   3032701    0.00    0.00    0.00    0.00    0.00    14  postgres
05:30:36 PM 100998   3032755    0.00    0.00    0.00    0.00    0.00    14  postgres
05:30:36 PM 100998   3032796    0.00    0.00    0.00    0.00    0.00    14  postgres
05:30:36 PM 100998   3032798    1.00    1.00    0.00    0.00    2.00    12  postgres
05:30:36 PM 100998   3032799    0.00    0.00    0.00    0.00    0.00    14  postgres
05:30:36 PM 100998   3032800    1.00    0.00    0.00    0.00    1.00    14  postgres
05:30:36 PM 100998   3032801    0.00    0.00    0.00    0.00    0.00    10  postgres
05:30:36 PM 100998   3032802    0.00    0.00    0.00    0.00    0.00    14  postgres
05:30:36 PM 100998   3032803    1.00    0.00    0.00    0.00    1.00    10  postgres
05:30:36 PM 100998   3032804    0.00    0.00    0.00    0.00    0.00    12  postgres
05:30:36 PM 100998   3032807    0.00    0.00    0.00    0.00    0.00    12  postgres
05:30:36 PM 100998   3032809    0.00    0.00    0.00    0.00    0.00    10  postgres
05:30:36 PM 100998   3032811    1.00    1.00    0.00    0.00    2.00    14  postgres
05:30:36 PM 100998   3032813    0.00    0.00    0.00    0.00    0.00    14  postgres
05:30:36 PM 100998   3032818    1.00    1.00    0.00    0.00    2.00    10  postgres
05:30:36 PM 100998   3032847    0.00    0.00    0.00    0.00    0.00    10  postgres
05:30:36 PM 100998   3032851    0.00    0.00    0.00    0.00    0.00    14  postgres
05:30:36 PM 100998   3032871    0.00    0.00    0.00    0.00    0.00    14  postgres
05:30:36 PM 100998   3032922    0.00    0.00    0.00    0.00    0.00    12  postgres
05:30:36 PM 100998   3032972    0.00    0.00    0.00    0.00    0.00    12  postgres
05:30:36 PM 100998   3033023    0.00    0.00    0.00    0.00    0.00    12  postgres
05:30:36 PM 100998   3033066    0.00    0.00    0.00    0.00    0.00    10  postgres
05:30:36 PM 100998   3033081    0.00    0.00    0.00    0.00    0.00    12  postgres
05:30:36 PM 100998   3033082    0.00    0.00    0.00    0.00    0.00    14  postgres
05:30:36 PM 100998   3033083    1.00    0.00    0.00    0.00    1.00    14  postgres
05:30:36 PM 100998   3033084    0.00    1.00    0.00    0.00    1.00    10  postgres
05:30:36 PM 100998   3033085    0.00    0.00    0.00    0.00    0.00    14  postgres
05:30:36 PM 100998   3033086    1.00    0.00    0.00    0.00    1.00    14  postgres
05:30:36 PM 100998   3033087    1.00    0.00    0.00    0.00    1.00    12  postgres
05:30:36 PM 100998   3033090    0.00    0.00    0.00    0.00    0.00    10  postgres

05:30:36 PM   UID       PID    %usr %system  %guest   %wait    %CPU   CPU  Command
05:30:37 PM 100998   3032224    0.00    0.00    0.00    0.00    0.00    10  postgres
05:30:37 PM 100998   3032225    0.00    0.00    0.00    0.00    0.00    10  postgres
05:30:37 PM 100998   3032227    0.00    0.00    0.00    0.00    0.00    14  postgres
05:30:37 PM 100998   3032228    0.00    0.00    0.00    0.00    0.00    12  postgres
05:30:37 PM 100998   3032489    2.00    0.00    0.00    0.00    2.00    14  postgres
05:30:37 PM 100998   3032493    1.00    0.00    0.00    0.00    1.00    10  postgres
05:30:37 PM 100998   3032494    1.00    0.00    0.00    0.00    1.00    10  postgres
05:30:37 PM 100998   3032495    1.00    1.00    0.00    0.00    2.00    14  postgres
05:30:37 PM 100998   3032496    1.00    1.00    0.00    0.00    2.00    12  postgres
05:30:37 PM 100998   3032497    1.00    0.00    0.00    0.00    1.00    12  postgres
05:30:37 PM 100998   3032499    1.00    1.00    0.00    0.00    2.00    12  postgres
05:30:37 PM 100998   3032502    0.00    0.00    0.00    0.00    0.00    12  postgres
05:30:37 PM 100998   3032518    0.00    0.00    0.00    0.00    0.00    10  postgres
05:30:37 PM 100998   3032520    0.00    1.00    0.00    0.00    1.00    10  postgres
05:30:37 PM 100998   3032521    1.00    1.00    0.00    0.00    2.00    14  postgres
05:30:37 PM 100998   3032523    0.00    0.00    0.00    0.00    0.00    10  postgres
05:30:37 PM 100998   3032525    1.00    0.00    0.00    0.00    1.00    12  postgres
05:30:37 PM 100998   3032530    1.00    0.00    0.00    0.00    1.00    14  postgres
05:30:37 PM 100998   3032539    0.00    0.00    0.00    0.00    0.00    14  postgres
05:30:37 PM 100998   3032560    1.00    0.00    0.00    1.00    1.00    10  postgres
05:30:37 PM 100998   3032564    1.00    0.00    0.00    0.00    1.00    12  postgres
05:30:37 PM 100998   3032571    0.00    0.00    0.00    0.00    0.00    14  postgres
05:30:37 PM 100998   3032592    1.00    0.00    0.00    0.00    1.00    14  postgres
05:30:37 PM 100998   3032648    0.00    0.00    0.00    0.00    0.00    12  postgres
05:30:37 PM 100998   3032701    0.00    0.00    0.00    0.00    0.00    10  postgres
05:30:37 PM 100998   3032755    0.00    1.00    0.00    0.00    1.00    12  postgres
05:30:37 PM 100998   3032796    0.00    0.00    0.00    0.00    0.00    14  postgres
05:30:37 PM 100998   3032798    0.00    0.00    0.00    0.00    0.00    14  postgres
05:30:37 PM 100998   3032799    1.00    0.00    0.00    0.00    1.00    12  postgres
05:30:37 PM 100998   3032800    0.00    0.00    0.00    0.00    0.00    12  postgres
05:30:37 PM 100998   3032801    0.00    0.00    0.00    0.00    0.00    10  postgres
05:30:37 PM 100998   3032802    0.00    0.00    0.00    0.00    0.00    14  postgres
05:30:37 PM 100998   3032803    0.00    1.00    0.00    0.00    1.00    12  postgres
05:30:37 PM 100998   3032804    1.00    0.00    0.00    0.00    1.00    14  postgres
05:30:37 PM 100998   3032807    1.00    1.00    0.00    0.00    2.00    10  postgres
05:30:37 PM 100998   3032809    1.00    0.00    0.00    0.00    1.00    14  postgres
05:30:37 PM 100998   3032811    0.00    0.00    0.00    0.00    0.00    10  postgres
05:30:37 PM 100998   3032813    0.00    1.00    0.00    0.00    1.00    12  postgres
05:30:37 PM 100998   3032818    0.00    0.00    0.00    0.00    0.00    10  postgres
05:30:37 PM 100998   3032847    1.00    0.00    0.00    0.00    1.00    12  postgres
05:30:37 PM 100998   3032851    0.00    1.00    0.00    0.00    1.00    12  postgres
05:30:37 PM 100998   3032871    0.00    1.00    0.00    0.00    1.00    12  postgres
05:30:37 PM 100998   3032922    0.00    0.00    0.00    0.00    0.00    10  postgres
05:30:37 PM 100998   3032972    0.00    0.00    0.00    0.00    0.00    12  postgres
05:30:37 PM 100998   3033023    0.00    0.00    0.00    0.00    0.00    10  postgres
05:30:37 PM 100998   3033066    0.00    0.00    0.00    0.00    0.00    10  postgres
05:30:37 PM 100998   3033081    0.00    0.00    0.00    0.00    0.00    10  postgres
05:30:37 PM 100998   3033082    1.00    1.00    0.00    0.00    2.00    12  postgres
05:30:37 PM 100998   3033083    0.00    0.00    0.00    0.00    0.00    14  postgres
05:30:37 PM 100998   3033084    0.00    0.00    0.00    0.00    0.00    10  postgres
05:30:37 PM 100998   3033085    0.00    0.00    0.00    0.00    0.00    12  postgres
05:30:37 PM 100998   3033086    0.00    0.00    0.00    0.00    0.00    14  postgres
05:30:37 PM 100998   3033087    0.00    0.00    0.00    0.00    0.00    14  postgres
05:30:37 PM 100998   3033090    0.00    0.00    0.00    0.00    0.00    12  postgres

05:30:37 PM   UID       PID    %usr %system  %guest   %wait    %CPU   CPU  Command
05:30:38 PM 100998   3032224    0.00    0.00    0.00    0.00    0.00    10  postgres
05:30:38 PM 100998   3032225    0.00    0.00    0.00    0.00    0.00    12  postgres
05:30:38 PM 100998   3032227    0.00    0.00    0.00    0.00    0.00    14  postgres
05:30:38 PM 100998   3032228    0.00    0.00    0.00    0.00    0.00    12  postgres
05:30:38 PM 100998   3032489    1.00    1.00    0.00    0.00    2.00    14  postgres
05:30:38 PM 100998   3032493    1.00    1.00    0.00    0.00    2.00    10  postgres
05:30:38 PM 100998   3032494    1.00    1.00    0.00    0.00    2.00    10  postgres
05:30:38 PM 100998   3032495    1.00    0.00    0.00    0.00    1.00    14  postgres
05:30:38 PM 100998   3032496    0.00    0.00    0.00    0.00    0.00    12  postgres
05:30:38 PM 100998   3032497    1.00    0.00    0.00    0.00    1.00    12  postgres
05:30:38 PM 100998   3032499    0.00    0.00    0.00    0.00    0.00    10  postgres
05:30:38 PM 100998   3032502    1.00    0.00    0.00    0.00    1.00    14  postgres
05:30:38 PM 100998   3032518    1.00    1.00    0.00    0.00    2.00    12  postgres
05:30:38 PM 100998   3032520    1.00    0.00    0.00    0.00    1.00    10  postgres
05:30:38 PM 100998   3032521    0.00    0.00    0.00    0.00    0.00    12  postgres
05:30:38 PM 100998   3032523    0.00    0.00    0.00    0.00    0.00    12  postgres
05:30:38 PM 100998   3032525    0.00    0.00    0.00    0.00    0.00    10  postgres
05:30:38 PM 100998   3032530    0.00    0.00    0.00    0.00    0.00    12  postgres
05:30:38 PM 100998   3032539    1.00    0.00    0.00    0.00    1.00    10  postgres
05:30:38 PM 100998   3032560    0.00    1.00    0.00    0.00    1.00    12  postgres
05:30:38 PM 100998   3032564    0.00    1.00    0.00    0.00    1.00    12  postgres
05:30:38 PM 100998   3032571    0.00    0.00    0.00    0.00    0.00    14  postgres
05:30:38 PM 100998   3032592    0.00    0.00    0.00    0.00    0.00    12  postgres
05:30:38 PM 100998   3032648    1.00    0.00    0.00    0.00    1.00    12  postgres
05:30:38 PM 100998   3032701    0.00    0.00    0.00    0.00    0.00    14  postgres
05:30:38 PM 100998   3032755    0.00    0.00    0.00    0.00    0.00    10  postgres
05:30:38 PM 100998   3032796    0.00    0.00    0.00    0.00    0.00    14  postgres
05:30:38 PM 100998   3032798    1.00    0.00    0.00    0.00    1.00    10  postgres
05:30:38 PM 100998   3032799    0.00    0.00    0.00    0.00    0.00    10  postgres
05:30:38 PM 100998   3032800    0.00    0.00    0.00    0.00    0.00    12  postgres
05:30:38 PM 100998   3032801    0.00    0.00    0.00    0.00    0.00    12  postgres
05:30:38 PM 100998   3032802    1.00    0.00    0.00    0.00    1.00    12  postgres
05:30:38 PM 100998   3032803    0.00    0.00    0.00    0.00    0.00    12  postgres
05:30:38 PM 100998   3032804    0.00    1.00    0.00    0.00    1.00    12  postgres
05:30:38 PM 100998   3032807    0.00    0.00    0.00    0.00    0.00    12  postgres
05:30:38 PM 100998   3032809    0.00    1.00    0.00    0.00    1.00    10  postgres
05:30:38 PM 100998   3032811    0.00    0.00    0.00    0.00    0.00    10  postgres
05:30:38 PM 100998   3032813    0.00    0.00    0.00    0.00    0.00    12  postgres
05:30:38 PM 100998   3032818    0.00    0.00    0.00    0.00    0.00    10  postgres
05:30:38 PM 100998   3032847    0.00    0.00    0.00    0.00    0.00    10  postgres
05:30:38 PM 100998   3032851    1.00    0.00    0.00    0.00    1.00    12  postgres
05:30:38 PM 100998   3032871    1.00    0.00    0.00    0.00    1.00    12  postgres
05:30:38 PM 100998   3032922    1.00    0.00    0.00    0.00    1.00    10  postgres
05:30:38 PM 100998   3032972    0.00    0.00    0.00    0.00    0.00    12  postgres
05:30:38 PM 100998   3033023    0.00    0.00    0.00    0.00    0.00    12  postgres
05:30:38 PM 100998   3033066    0.00    0.00    0.00    0.00    0.00    12  postgres
05:30:38 PM 100998   3033081    0.00    0.00    0.00    0.00    0.00    12  postgres
05:30:38 PM 100998   3033082    0.00    0.00    0.00    0.00    0.00    12  postgres
05:30:38 PM 100998   3033083    0.00    0.00    0.00    0.00    0.00    12  postgres
05:30:38 PM 100998   3033084    1.00    0.00    0.00    0.00    1.00    14  postgres
05:30:38 PM 100998   3033085    1.00    1.00    0.00    0.00    2.00    14  postgres
05:30:38 PM 100998   3033086    0.00    0.00    0.00    0.00    0.00    14  postgres
05:30:38 PM 100998   3033087    0.00    1.00    0.00    0.00    1.00    12  postgres
05:30:38 PM 100998   3033090    0.00    0.00    0.00    0.00    0.00    12  postgres

05:30:38 PM   UID       PID    %usr %system  %guest   %wait    %CPU   CPU  Command
05:30:39 PM 100998   3032224    0.00    0.00    0.00    0.00    0.00    10  postgres
05:30:39 PM 100998   3032225    0.00    0.00    0.00    0.00    0.00    12  postgres
05:30:39 PM 100998   3032227    0.00    0.00    0.00    0.00    0.00    14  postgres
05:30:39 PM 100998   3032228    0.00    0.00    0.00    0.00    0.00    12  postgres
05:30:39 PM 100998   3032489    1.00    0.00    0.00    0.00    1.00    10  postgres
05:30:39 PM 100998   3032493    1.00    1.00    0.00    0.00    2.00    10  postgres
05:30:39 PM 100998   3032494    1.00    0.00    0.00    0.00    1.00    12  postgres
05:30:39 PM 100998   3032495    0.00    0.00    0.00    0.00    0.00    14  postgres
05:30:39 PM 100998   3032496    1.00    0.00    0.00    0.00    1.00    10  postgres
05:30:39 PM 100998   3032497    0.00    0.00    0.00    0.00    0.00    14  postgres
05:30:39 PM 100998   3032499    1.00    0.00    0.00    0.00    1.00    10  postgres
05:30:39 PM 100998   3032502    0.00    0.00    0.00    0.00    0.00    10  postgres
05:30:39 PM 100998   3032518    0.00    0.00    0.00    0.00    0.00    12  postgres
05:30:39 PM 100998   3032520    0.00    1.00    0.00    0.00    1.00    14  postgres
05:30:39 PM 100998   3032521    0.00    0.00    0.00    0.00    0.00    10  postgres
05:30:39 PM 100998   3032523    1.00    1.00    0.00    0.00    2.00    12  postgres
05:30:39 PM 100998   3032525    0.00    0.00    0.00    0.00    0.00    14  postgres
05:30:39 PM 100998   3032530    1.00    0.00    0.00    0.00    1.00    10  postgres
05:30:39 PM 100998   3032539    0.00    0.00    0.00    0.00    0.00    10  postgres
05:30:39 PM 100998   3032560    0.00    0.00    0.00    0.00    0.00    14  postgres
05:30:39 PM 100998   3032564    1.00    0.00    0.00    0.00    1.00    14  postgres
05:30:39 PM 100998   3032571    1.00    1.00    0.00    0.00    2.00    14  postgres
05:30:39 PM 100998   3032592    0.00    0.00    0.00    0.00    0.00    12  postgres
05:30:39 PM 100998   3032648    0.00    1.00    0.00    0.00    1.00    14  postgres
05:30:39 PM 100998   3032701    1.00    0.00    0.00    0.00    1.00    12  postgres
05:30:39 PM 100998   3032755    0.00    0.00    0.00    0.00    0.00    10  postgres
05:30:39 PM 100998   3032796    0.00    0.00    0.00    0.00    0.00    12  postgres
05:30:39 PM 100998   3032798    1.00    0.00    0.00    0.00    1.00    14  postgres
05:30:39 PM 100998   3032799    0.00    0.00    0.00    0.00    0.00    10  postgres
05:30:39 PM 100998   3032800    0.00    0.00    0.00    0.00    0.00    12  postgres
05:30:39 PM 100998   3032801    0.00    1.00    0.00    0.00    1.00    14  postgres
05:30:39 PM 100998   3032802    0.00    1.00    0.00    0.00    1.00    14  postgres
05:30:39 PM 100998   3032803    0.00    0.00    0.00    0.00    0.00    10  postgres
05:30:39 PM 100998   3032804    0.00    0.00    0.00    0.00    0.00    12  postgres
05:30:39 PM 100998   3032807    0.00    0.00    0.00    0.00    0.00    10  postgres
05:30:39 PM 100998   3032809    0.00    0.00    0.00    0.00    0.00    10  postgres
05:30:39 PM 100998   3032811    0.00    0.00    0.00    0.00    0.00    10  postgres
05:30:39 PM 100998   3032813    1.00    0.00    0.00    0.00    1.00    14  postgres
05:30:39 PM 100998   3032818    0.00    0.00    0.00    0.00    0.00    14  postgres
05:30:39 PM 100998   3032847    0.00    0.00    0.00    0.00    0.00    10  postgres
05:30:39 PM 100998   3032851    0.00    0.00    0.00    0.00    0.00    12  postgres
05:30:39 PM 100998   3032871    0.00    0.00    0.00    0.00    0.00    12  postgres
05:30:39 PM 100998   3032922    0.00    0.00    0.00    0.00    0.00    12  postgres
05:30:39 PM 100998   3032972    0.00    0.00    0.00    0.00    0.00    12  postgres
05:30:39 PM 100998   3033023    0.00    1.00    0.00    0.00    1.00    14  postgres
05:30:39 PM 100998   3033066    1.00    0.00    0.00    0.00    1.00    10  postgres
05:30:39 PM 100998   3033081    0.00    0.00    0.00    0.00    0.00    10  postgres
05:30:39 PM 100998   3033082    0.00    0.00    0.00    0.00    0.00    12  postgres
05:30:39 PM 100998   3033083    1.00    0.00    0.00    0.00    1.00    12  postgres
05:30:39 PM 100998   3033084    0.00    0.00    0.00    0.00    0.00    10  postgres
05:30:39 PM 100998   3033085    0.00    0.00    0.00    0.00    0.00    12  postgres
05:30:39 PM 100998   3033086    0.00    0.00    0.00    0.00    0.00    12  postgres
05:30:39 PM 100998   3033087    0.00    0.00    0.00    0.00    0.00    12  postgres
05:30:39 PM 100998   3033090    0.00    0.00    0.00    0.00    0.00    12  postgres

05:30:39 PM   UID       PID    %usr %system  %guest   %wait    %CPU   CPU  Command
05:30:40 PM 100998   3032224    0.00    0.00    0.00    0.00    0.00    10  postgres
05:30:40 PM 100998   3032225    0.00    0.00    0.00    0.00    0.00    14  postgres
05:30:40 PM 100998   3032227    0.00    0.00    0.00    0.00    0.00    14  postgres
05:30:40 PM 100998   3032228    0.00    0.00    0.00    0.00    0.00    12  postgres
05:30:40 PM 100998   3032489    1.00    1.00    0.00    0.00    2.00    12  postgres
05:30:40 PM 100998   3032493    2.00    0.00    0.00    0.00    2.00    10  postgres
05:30:40 PM 100998   3032494    1.00    1.00    0.00    0.00    2.00    14  postgres
05:30:40 PM 100998   3032495    1.00    1.00    0.00    0.00    2.00    12  postgres
05:30:40 PM 100998   3032496    1.00    1.00    0.00    0.00    2.00    12  postgres
05:30:40 PM 100998   3032497    1.00    1.00    0.00    0.00    2.00    12  postgres
05:30:40 PM 100998   3032499    1.00    0.00    0.00    0.00    1.00    14  postgres
05:30:40 PM 100998   3032502    1.00    1.00    0.00    0.00    2.00    12  postgres
05:30:40 PM 100998   3032518    1.00    0.00    0.00    0.00    1.00    14  postgres
05:30:40 PM 100998   3032520    1.00    0.00    0.00    0.00    1.00    14  postgres
05:30:40 PM 100998   3032521    0.00    0.00    0.00    0.00    0.00    12  postgres
05:30:40 PM 100998   3032523    0.00    0.00    0.00    0.00    0.00    14  postgres
05:30:40 PM 100998   3032525    1.00    0.00    0.00    0.00    1.00    10  postgres
05:30:40 PM 100998   3032530    0.00    1.00    0.00    0.00    1.00    14  postgres
05:30:40 PM 100998   3032539    0.00    1.00    0.00    0.00    1.00    12  postgres
05:30:40 PM 100998   3032560    1.00    0.00    0.00    0.00    1.00    12  postgres
05:30:40 PM 100998   3032564    0.00    0.00    0.00    0.00    0.00    14  postgres
05:30:40 PM 100998   3032571    0.00    0.00    0.00    0.00    0.00    10  postgres
05:30:40 PM 100998   3032592    1.00    0.00    0.00    0.00    1.00    14  postgres
05:30:40 PM 100998   3032648    0.00    0.00    0.00    0.00    0.00    12  postgres
05:30:40 PM 100998   3032701    0.00    0.00    0.00    0.00    0.00    14  postgres
05:30:40 PM 100998   3032755    1.00    0.00    0.00    0.00    1.00    10  postgres
05:30:40 PM 100998   3032796    0.00    1.00    0.00    0.00    1.00    10  postgres
05:30:40 PM 100998   3032798    0.00    0.00    0.00    0.00    0.00    12  postgres
05:30:40 PM 100998   3032799    0.00    1.00    0.00    0.00    1.00    10  postgres
05:30:40 PM 100998   3032800    0.00    1.00    0.00    0.00    1.00    14  postgres
05:30:40 PM 100998   3032801    1.00    0.00    0.00    0.00    1.00    12  postgres
05:30:40 PM 100998   3032802    0.00    0.00    0.00    0.00    0.00    14  postgres
05:30:40 PM 100998   3032803    1.00    0.00    0.00    0.00    1.00    10  postgres
05:30:40 PM 100998   3032804    0.00    0.00    0.00    0.00    0.00    14  postgres
05:30:40 PM 100998   3032807    0.00    0.00    0.00    0.00    0.00    14  postgres
05:30:40 PM 100998   3032809    1.00    0.00    0.00    0.00    1.00    10  postgres
05:30:40 PM 100998   3032811    0.00    0.00    0.00    0.00    0.00    10  postgres
05:30:40 PM 100998   3032813    0.00    0.00    0.00    0.00    0.00    12  postgres
05:30:40 PM 100998   3032818    1.00    0.00    0.00    0.00    1.00    14  postgres
05:30:40 PM 100998   3032847    0.00    0.00    0.00    0.00    0.00    12  postgres
05:30:40 PM 100998   3032851    0.00    0.00    0.00    0.00    0.00    12  postgres
05:30:40 PM 100998   3032871    0.00    0.00    0.00    0.00    0.00    12  postgres
05:30:40 PM 100998   3032922    0.00    0.00    0.00    0.00    0.00    12  postgres
05:30:40 PM 100998   3032972    0.00    1.00    0.00    0.00    1.00    14  postgres
05:30:40 PM 100998   3033023    0.00    0.00    0.00    0.00    0.00    12  postgres
05:30:40 PM 100998   3033066    0.00    0.00    0.00    0.00    0.00    10  postgres
05:30:40 PM 100998   3033081    0.00    0.00    0.00    0.00    0.00    10  postgres
05:30:40 PM 100998   3033082    0.00    0.00    0.00    0.00    0.00    14  postgres
05:30:40 PM 100998   3033083    0.00    0.00    0.00    0.00    0.00    14  postgres
05:30:40 PM 100998   3033084    0.00    0.00    0.00    0.00    0.00    14  postgres
05:30:40 PM 100998   3033085    0.00    0.00    0.00    0.00    0.00    10  postgres
05:30:40 PM 100998   3033086    0.00    1.00    0.00    0.00    1.00    14  postgres
05:30:40 PM 100998   3033087    1.00    0.00    0.00    0.00    1.00    12  postgres
05:30:40 PM 100998   3033090    0.00    0.00    0.00    0.00    0.00    12  postgres

05:30:40 PM   UID       PID    %usr %system  %guest   %wait    %CPU   CPU  Command
05:30:41 PM 100998   3032224    0.00    0.00    0.00    0.00    0.00    10  postgres
05:30:41 PM 100998   3032225    0.00    0.00    0.00    0.00    0.00    14  postgres
05:30:41 PM 100998   3032227    0.00    0.00    0.00    0.00    0.00    14  postgres
05:30:41 PM 100998   3032228    0.00    0.00    0.00    0.00    0.00    12  postgres
05:30:41 PM 100998   3032489    1.00    1.00    0.00    0.00    2.00    12  postgres
05:30:41 PM 100998   3032493    1.00    1.00    0.00    0.00    2.00    14  postgres
05:30:41 PM 100998   3032494    1.00    1.00    0.00    0.00    2.00    14  postgres
05:30:41 PM 100998   3032495    1.00    1.00    0.00    0.00    2.00    12  postgres
05:30:41 PM 100998   3032496    1.00    0.00    0.00    0.00    1.00    14  postgres
05:30:41 PM 100998   3032497    1.00    0.00    0.00    0.00    1.00    14  postgres
05:30:41 PM 100998   3032499    0.00    1.00    0.00    0.00    1.00    10  postgres
05:30:41 PM 100998   3032502    1.00    0.00    0.00    0.00    1.00    12  postgres
05:30:41 PM 100998   3032518    1.00    1.00    0.00    0.00    2.00    14  postgres
05:30:41 PM 100998   3032520    1.00    1.00    0.00    0.00    2.00    14  postgres
05:30:41 PM 100998   3032521    1.00    1.00    0.00    0.00    2.00    12  postgres
05:30:41 PM 100998   3032523    0.00    1.00    0.00    0.00    1.00    12  postgres
05:30:41 PM 100998   3032525    0.00    0.00    0.00    0.00    0.00    12  postgres
05:30:41 PM 100998   3032530    1.00    0.00    0.00    0.00    1.00    12  postgres
05:30:41 PM 100998   3032539    0.00    0.00    0.00    0.00    0.00    10  postgres
05:30:41 PM 100998   3032560    0.00    0.00    0.00    0.00    0.00    10  postgres
05:30:41 PM 100998   3032564    0.00    1.00    0.00    0.00    1.00    10  postgres
05:30:41 PM 100998   3032571    0.00    0.00    0.00    0.00    0.00    10  postgres
05:30:41 PM 100998   3032592    0.00    1.00    0.00    0.00    1.00    10  postgres
05:30:41 PM 100998   3032648    1.00    0.00    0.00    0.00    1.00    12  postgres
05:30:41 PM 100998   3032701    0.00    0.00    0.00    0.00    0.00    12  postgres
05:30:41 PM 100998   3032755    0.00    0.00    0.00    0.00    0.00    12  postgres
05:30:41 PM 100998   3032796    1.00    0.00    0.00    0.00    1.00    14  postgres
05:30:41 PM 100998   3032798    0.00    0.00    0.00    0.00    0.00    14  postgres
05:30:41 PM 100998   3032799    0.00    0.00    0.00    0.00    0.00    14  postgres
05:30:41 PM 100998   3032800    0.00    0.00    0.00    0.00    0.00    14  postgres
05:30:41 PM 100998   3032801    0.00    0.00    0.00    0.00    0.00    10  postgres
05:30:41 PM 100998   3032802    0.00    0.00    0.00    0.00    0.00    10  postgres
05:30:41 PM 100998   3032803    0.00    0.00    0.00    0.00    0.00    12  postgres
05:30:41 PM 100998   3032804    0.00    0.00    0.00    0.00    0.00    10  postgres
05:30:41 PM 100998   3032807    0.00    0.00    0.00    0.00    0.00    10  postgres
05:30:41 PM 100998   3032809    0.00    0.00    0.00    0.00    0.00    10  postgres
05:30:41 PM 100998   3032811    1.00    0.00    0.00    0.00    1.00    14  postgres
05:30:41 PM 100998   3032813    0.00    0.00    0.00    0.00    0.00    12  postgres
05:30:41 PM 100998   3032818    0.00    0.00    0.00    0.00    0.00    14  postgres
05:30:41 PM 100998   3032847    0.00    0.00    0.00    0.00    0.00    12  postgres
05:30:41 PM 100998   3032851    0.00    0.00    0.00    0.00    0.00    12  postgres
05:30:41 PM 100998   3032871    0.00    0.00    0.00    0.00    0.00    10  postgres
05:30:41 PM 100998   3032922    0.00    0.00    0.00    0.00    0.00    14  postgres
05:30:41 PM 100998   3032972    0.00    0.00    0.00    0.00    0.00    12  postgres
05:30:41 PM 100998   3033023    0.00    0.00    0.00    0.00    0.00    14  postgres
05:30:41 PM 100998   3033066    0.00    1.00    0.00    0.00    1.00    12  postgres
05:30:41 PM 100998   3033081    1.00    1.00    0.00    0.00    2.00    12  postgres
05:30:41 PM 100998   3033082    0.00    0.00    0.00    0.00    0.00    12  postgres
05:30:41 PM 100998   3033083    0.00    1.00    0.00    0.00    1.00    14  postgres
05:30:41 PM 100998   3033084    0.00    0.00    0.00    0.00    0.00    14  postgres
05:30:41 PM 100998   3033085    0.00    0.00    0.00    0.00    0.00    10  postgres
05:30:41 PM 100998   3033086    0.00    0.00    0.00    0.00    0.00    12  postgres
05:30:41 PM 100998   3033087    0.00    0.00    0.00    0.00    0.00    10  postgres
05:30:41 PM 100998   3033090    1.00    0.00    0.00    0.00    1.00    12  postgres

05:30:41 PM   UID       PID    %usr %system  %guest   %wait    %CPU   CPU  Command
05:30:42 PM 100998   3032224    0.00    0.00    0.00    0.00    0.00    10  postgres
05:30:42 PM 100998   3032225    0.00    0.00    0.00    0.00    0.00    14  postgres
05:30:42 PM 100998   3032227    0.00    0.00    0.00    0.00    0.00    14  postgres
05:30:42 PM 100998   3032228    0.00    0.00    0.00    0.00    0.00    12  postgres
05:30:42 PM 100998   3032489    1.00    1.00    0.00    0.00    2.00    14  postgres
05:30:42 PM 100998   3032493    1.00    1.00    0.00    0.00    2.00    12  postgres
05:30:42 PM 100998   3032494    1.00    0.00    0.00    0.00    1.00    10  postgres
05:30:42 PM 100998   3032495    2.00    0.00    0.00    0.00    2.00    10  postgres
05:30:42 PM 100998   3032496    1.00    1.00    0.00    0.00    2.00    12  postgres
05:30:42 PM 100998   3032497    0.00    1.00    0.00    0.00    1.00    14  postgres
05:30:42 PM 100998   3032499    1.00    0.00    0.00    0.00    1.00    14  postgres
05:30:42 PM 100998   3032502    0.00    0.00    0.00    0.00    0.00    14  postgres
05:30:42 PM 100998   3032518    0.00    0.00    0.00    0.00    0.00    12  postgres
05:30:42 PM 100998   3032520    0.00    0.00    0.00    0.00    0.00    14  postgres
05:30:42 PM 100998   3032521    0.00    0.00    0.00    0.00    0.00    12  postgres
05:30:42 PM 100998   3032523    1.00    0.00    0.00    0.00    1.00    12  postgres
05:30:42 PM 100998   3032525    0.00    1.00    0.00    0.00    1.00    12  postgres
05:30:42 PM 100998   3032530    0.00    0.00    0.00    0.00    0.00    12  postgres
05:30:42 PM 100998   3032539    1.00    0.00    0.00    0.00    1.00    12  postgres
05:30:42 PM 100998   3032560    0.00    0.00    0.00    0.00    0.00    14  postgres
05:30:42 PM 100998   3032564    1.00    0.00    0.00    0.00    1.00    14  postgres
05:30:42 PM 100998   3032571    1.00    0.00    0.00    0.00    1.00    10  postgres
05:30:42 PM 100998   3032592    0.00    0.00    0.00    0.00    0.00    14  postgres
05:30:42 PM 100998   3032648    0.00    0.00    0.00    0.00    0.00    14  postgres
05:30:42 PM 100998   3032701    1.00    1.00    0.00    0.00    2.00    12  postgres
05:30:42 PM 100998   3032755    0.00    0.00    0.00    0.00    0.00    14  postgres
05:30:42 PM 100998   3032796    0.00    0.00    0.00    0.00    0.00    10  postgres
05:30:42 PM 100998   3032798    0.00    0.00    0.00    0.00    0.00    12  postgres
05:30:42 PM 100998   3032799    0.00    0.00    0.00    0.00    0.00    14  postgres
05:30:42 PM 100998   3032800    1.00    0.00    0.00    0.00    1.00    12  postgres
05:30:42 PM 100998   3032801    0.00    0.00    0.00    0.00    0.00    12  postgres
05:30:42 PM 100998   3032802    0.00    0.00    0.00    0.00    0.00    10  postgres
05:30:42 PM 100998   3032803    0.00    0.00    0.00    0.00    0.00    14  postgres
05:30:42 PM 100998   3032804    1.00    0.00    0.00    0.00    1.00    10  postgres
05:30:42 PM 100998   3032807    0.00    0.00    0.00    0.00    0.00    10  postgres
05:30:42 PM 100998   3032809    0.00    0.00    0.00    0.00    0.00    10  postgres
05:30:42 PM 100998   3032811    0.00    1.00    0.00    0.00    1.00    14  postgres
05:30:42 PM 100998   3032813    0.00    0.00    0.00    0.00    0.00    12  postgres
05:30:42 PM 100998   3032818    0.00    0.00    0.00    0.00    0.00    12  postgres
05:30:42 PM 100998   3032847    1.00    0.00    0.00    0.00    1.00    12  postgres
05:30:42 PM 100998   3032851    1.00    0.00    0.00    0.00    1.00    10  postgres
05:30:42 PM 100998   3032871    1.00    0.00    0.00    0.00    1.00    10  postgres
05:30:42 PM 100998   3032922    0.00    0.00    0.00    0.00    0.00    12  postgres
05:30:42 PM 100998   3032972    1.00    0.00    0.00    0.00    1.00    14  postgres
05:30:42 PM 100998   3033023    0.00    0.00    0.00    0.00    0.00    10  postgres
05:30:42 PM 100998   3033066    0.00    0.00    0.00    0.00    0.00    14  postgres
05:30:42 PM 100998   3033081    0.00    0.00    0.00    0.00    0.00    14  postgres
05:30:42 PM 100998   3033082    0.00    0.00    0.00    0.00    0.00    10  postgres
05:30:42 PM 100998   3033083    0.00    0.00    0.00    0.00    0.00    12  postgres
05:30:42 PM 100998   3033084    0.00    0.00    0.00    0.00    0.00    12  postgres
05:30:42 PM 100998   3033085    0.00    0.00    0.00    0.00    0.00    14  postgres
05:30:42 PM 100998   3033086    0.00    0.00    0.00    0.00    0.00    12  postgres
05:30:42 PM 100998   3033087    0.00    0.00    0.00    0.00    0.00    10  postgres
05:30:42 PM 100998   3033090    0.00    1.00    0.00    0.00    1.00    12  postgres

05:30:42 PM   UID       PID    %usr %system  %guest   %wait    %CPU   CPU  Command
05:30:43 PM 100998   3032224    0.00    0.00    0.00    0.00    0.00    10  postgres
05:30:43 PM 100998   3032225    0.00    0.00    0.00    0.00    0.00    14  postgres
05:30:43 PM 100998   3032227    0.00    0.00    0.00    0.00    0.00    14  postgres
05:30:43 PM 100998   3032228    0.00    0.00    0.00    0.00    0.00    12  postgres
05:30:43 PM 100998   3032489    1.00    0.00    0.00    0.00    1.00    14  postgres
05:30:43 PM 100998   3032493    1.00    0.00    0.00    0.00    1.00    14  postgres
05:30:43 PM 100998   3032494    1.00    0.00    0.00    0.00    1.00    12  postgres
05:30:43 PM 100998   3032495    0.00    1.00    0.00    0.00    1.00    12  postgres
05:30:43 PM 100998   3032496    0.00    0.00    0.00    0.00    0.00    14  postgres
05:30:43 PM 100998   3032497    1.00    0.00    0.00    0.00    1.00    12  postgres
05:30:43 PM 100998   3032499    1.00    1.00    0.00    0.00    2.00    14  postgres
05:30:43 PM 100998   3032502    1.00    1.00    0.00    0.00    2.00    12  postgres
05:30:43 PM 100998   3032518    0.00    0.00    0.00    0.00    0.00    14  postgres
05:30:43 PM 100998   3032520    0.00    1.00    0.00    0.00    1.00    12  postgres
05:30:43 PM 100998   3032521    1.00    0.00    0.00    0.00    1.00    10  postgres
05:30:43 PM 100998   3032523    0.00    0.00    0.00    0.00    0.00    10  postgres
05:30:43 PM 100998   3032525    0.00    0.00    0.00    0.00    0.00    14  postgres
05:30:43 PM 100998   3032530    1.00    0.00    0.00    0.00    1.00    10  postgres
05:30:43 PM 100998   3032539    0.00    0.00    0.00    0.00    0.00    10  postgres
05:30:43 PM 100998   3032560    0.00    0.00    0.00    0.00    0.00    14  postgres
05:30:43 PM 100998   3032564    0.00    0.00    0.00    0.00    0.00    12  postgres
05:30:43 PM 100998   3032571    1.00    0.00    0.00    0.00    1.00    10  postgres
05:30:43 PM 100998   3032592    1.00    0.00    0.00    0.00    1.00    12  postgres
05:30:43 PM 100998   3032648    0.00    0.00    0.00    0.00    0.00    12  postgres
05:30:43 PM 100998   3032701    0.00    0.00    0.00    0.00    0.00    12  postgres
05:30:43 PM 100998   3032755    1.00    0.00    0.00    0.00    1.00    12  postgres
05:30:43 PM 100998   3032796    0.00    0.00    0.00    0.00    0.00    12  postgres
05:30:43 PM 100998   3032798    0.00    0.00    0.00    0.00    0.00    12  postgres
05:30:43 PM 100998   3032799    1.00    0.00    0.00    0.00    1.00    14  postgres
05:30:43 PM 100998   3032800    0.00    0.00    0.00    0.00    0.00    12  postgres
05:30:43 PM 100998   3032801    0.00    0.00    0.00    0.00    0.00    10  postgres
05:30:43 PM 100998   3032802    0.00    0.00    0.00    0.00    0.00    14  postgres
05:30:43 PM 100998   3032803    0.00    0.00    0.00    0.00    0.00    12  postgres
05:30:43 PM 100998   3032804    0.00    1.00    0.00    0.00    1.00    12  postgres
05:30:43 PM 100998   3032807    1.00    0.00    0.00    0.00    1.00    12  postgres
05:30:43 PM 100998   3032809    0.00    0.00    0.00    0.00    0.00    10  postgres
05:30:43 PM 100998   3032811    0.00    0.00    0.00    0.00    0.00    14  postgres
05:30:43 PM 100998   3032813    0.00    0.00    0.00    0.00    0.00    14  postgres
05:30:43 PM 100998   3032818    0.00    0.00    0.00    0.00    0.00    12  postgres
05:30:43 PM 100998   3032847    0.00    0.00    0.00    0.00    0.00    14  postgres
05:30:43 PM 100998   3032851    0.00    0.00    0.00    0.00    0.00    10  postgres
05:30:43 PM 100998   3032871    0.00    0.00    0.00    0.00    0.00    14  postgres
05:30:43 PM 100998   3032922    0.00    0.00    0.00    0.00    0.00    10  postgres
05:30:43 PM 100998   3032972    0.00    0.00    0.00    0.00    0.00    14  postgres
05:30:43 PM 100998   3033023    0.00    0.00    0.00    0.00    0.00    14  postgres
05:30:43 PM 100998   3033066    0.00    0.00    0.00    0.00    0.00    10  postgres
05:30:43 PM 100998   3033081    0.00    0.00    0.00    0.00    0.00    10  postgres
05:30:43 PM 100998   3033082    0.00    0.00    0.00    0.00    0.00    14  postgres
05:30:43 PM 100998   3033083    0.00    0.00    0.00    0.00    0.00    12  postgres
05:30:43 PM 100998   3033084    0.00    1.00    0.00    0.00    1.00    10  postgres
05:30:43 PM 100998   3033085    1.00    0.00    0.00    0.00    1.00    14  postgres
05:30:43 PM 100998   3033086    1.00    0.00    0.00    0.00    1.00    14  postgres
05:30:43 PM 100998   3033087    0.00    0.00    0.00    0.00    0.00    10  postgres
05:30:43 PM 100998   3033090    0.00    0.00    0.00    0.00    0.00    14  postgres

05:30:43 PM   UID       PID    %usr %system  %guest   %wait    %CPU   CPU  Command
05:30:44 PM 100998   3032224    0.00    0.00    0.00    0.00    0.00    10  postgres
05:30:44 PM 100998   3032225    0.00    0.00    0.00    0.00    0.00    14  postgres
05:30:44 PM 100998   3032227    0.00    0.00    0.00    0.00    0.00    14  postgres
05:30:44 PM 100998   3032228    0.00    0.00    0.00    0.00    0.00    12  postgres
05:30:44 PM 100998   3032489    1.00    1.00    0.00    0.00    2.00    12  postgres
05:30:44 PM 100998   3032493    1.00    1.00    0.00    0.00    2.00    10  postgres
05:30:44 PM 100998   3032494    1.00    1.00    0.00    0.00    2.00    10  postgres
05:30:44 PM 100998   3032495    1.00    0.00    0.00    0.00    1.00    12  postgres
05:30:44 PM 100998   3032496    2.00    1.00    0.00    0.00    3.00    10  postgres
05:30:44 PM 100998   3032497    1.00    1.00    0.00    0.00    2.00    12  postgres
05:30:44 PM 100998   3032499    1.00    0.00    0.00    0.00    1.00    12  postgres
05:30:44 PM 100998   3032502    0.00    0.00    0.00    0.00    0.00    10  postgres
05:30:44 PM 100998   3032518    1.00    1.00    0.00    0.00    2.00    10  postgres
05:30:44 PM 100998   3032520    0.00    0.00    0.00    0.00    0.00    10  postgres
05:30:44 PM 100998   3032521    0.00    1.00    0.00    0.00    1.00    14  postgres
05:30:44 PM 100998   3032523    1.00    0.00    0.00    0.00    1.00    10  postgres
05:30:44 PM 100998   3032525    1.00    0.00    0.00    0.00    1.00    10  postgres
05:30:44 PM 100998   3032530    0.00    0.00    0.00    0.00    0.00    12  postgres
05:30:44 PM 100998   3032539    1.00    1.00    0.00    0.00    2.00    14  postgres
05:30:44 PM 100998   3032560    0.00    0.00    0.00    0.00    0.00    14  postgres
05:30:44 PM 100998   3032564    0.00    0.00    0.00    0.00    0.00    12  postgres
05:30:44 PM 100998   3032571    0.00    1.00    0.00    0.00    1.00    10  postgres
05:30:44 PM 100998   3032592    0.00    0.00    0.00    0.00    0.00    14  postgres
05:30:44 PM 100998   3032648    0.00    0.00    0.00    0.00    0.00    14  postgres
05:30:44 PM 100998   3032701    0.00    0.00    0.00    0.00    0.00    14  postgres
05:30:44 PM 100998   3032755    0.00    0.00    0.00    0.00    0.00    14  postgres
05:30:44 PM 100998   3032796    0.00    0.00    0.00    0.00    0.00    10  postgres
05:30:44 PM 100998   3032798    0.00    1.00    0.00    0.00    1.00    12  postgres
05:30:44 PM 100998   3032799    0.00    0.00    0.00    0.00    0.00    14  postgres
05:30:44 PM 100998   3032800    0.00    0.00    0.00    0.00    0.00    14  postgres
05:30:44 PM 100998   3032801    0.00    0.00    0.00    0.00    0.00    14  postgres
05:30:44 PM 100998   3032802    1.00    0.00    0.00    0.00    1.00    12  postgres
05:30:44 PM 100998   3032803    1.00    0.00    0.00    0.00    1.00    10  postgres
05:30:44 PM 100998   3032804    0.00    0.00    0.00    0.00    0.00    10  postgres
05:30:44 PM 100998   3032807    0.00    0.00    0.00    0.00    0.00    14  postgres
05:30:44 PM 100998   3032809    0.00    0.00    0.00    0.00    0.00    10  postgres
05:30:44 PM 100998   3032811    0.00    0.00    0.00    0.00    0.00    12  postgres
05:30:44 PM 100998   3032813    0.00    0.00    0.00    0.00    0.00    12  postgres
05:30:44 PM 100998   3032818    0.00    0.00    0.00    0.00    0.00    10  postgres
05:30:44 PM 100998   3032847    0.00    0.00    0.00    0.00    0.00    14  postgres
05:30:44 PM 100998   3032851    0.00    0.00    0.00    0.00    0.00    12  postgres
05:30:44 PM 100998   3032871    0.00    0.00    0.00    0.00    0.00    14  postgres
05:30:44 PM 100998   3032922    0.00    0.00    0.00    0.00    0.00    12  postgres
05:30:44 PM 100998   3032972    0.00    0.00    0.00    0.00    0.00    10  postgres
05:30:44 PM 100998   3033023    0.00    0.00    0.00    0.00    0.00    14  postgres
05:30:44 PM 100998   3033066    0.00    0.00    0.00    0.00    0.00    12  postgres
05:30:44 PM 100998   3033081    0.00    0.00    0.00    0.00    0.00    14  postgres
05:30:44 PM 100998   3033082    0.00    0.00    0.00    0.00    0.00    14  postgres
05:30:44 PM 100998   3033083    0.00    0.00    0.00    0.00    0.00    12  postgres
05:30:44 PM 100998   3033084    0.00    0.00    0.00    0.00    0.00    14  postgres
05:30:44 PM 100998   3033085    0.00    0.00    0.00    0.00    0.00    14  postgres
05:30:44 PM 100998   3033086    0.00    0.00    0.00    0.00    0.00    14  postgres
05:30:44 PM 100998   3033087    0.00    0.00    0.00    0.00    0.00    12  postgres
05:30:44 PM 100998   3033090    0.00    0.00    0.00    0.00    0.00    14  postgres

05:30:44 PM   UID       PID    %usr %system  %guest   %wait    %CPU   CPU  Command
05:30:45 PM 100998   3032224    0.00    0.00    0.00    0.00    0.00    10  postgres
05:30:45 PM 100998   3032225    0.00    0.00    0.00    0.00    0.00    14  postgres
05:30:45 PM 100998   3032227    0.00    0.00    0.00    0.00    0.00    14  postgres
05:30:45 PM 100998   3032228    0.00    0.00    0.00    0.00    0.00    12  postgres
05:30:45 PM 100998   3032489    2.00    1.00    0.00    0.00    3.00    12  postgres
05:30:45 PM 100998   3032493    1.00    0.00    0.00    0.00    1.00    14  postgres
05:30:45 PM 100998   3032494    2.00    1.00    0.00    0.00    3.00    10  postgres
05:30:45 PM 100998   3032495    2.00    1.00    0.00    0.00    3.00    10  postgres
05:30:45 PM 100998   3032496    1.00    0.00    0.00    0.00    1.00    10  postgres
05:30:45 PM 100998   3032497    1.00    0.00    0.00    0.00    1.00    14  postgres
05:30:45 PM 100998   3032499    1.00    0.00    0.00    0.00    1.00    10  postgres
05:30:45 PM 100998   3032502    1.00    1.00    0.00    0.00    2.00    14  postgres
05:30:45 PM 100998   3032518    1.00    0.00    0.00    0.00    1.00    10  postgres
05:30:45 PM 100998   3032520    1.00    0.00    0.00    0.00    1.00    10  postgres
05:30:45 PM 100998   3032521    0.00    0.00    0.00    0.00    0.00    10  postgres
05:30:45 PM 100998   3032523    0.00    1.00    0.00    0.00    1.00    10  postgres
05:30:45 PM 100998   3032525    0.00    0.00    0.00    0.00    0.00    12  postgres
05:30:45 PM 100998   3032530    0.00    0.00    0.00    0.00    0.00    12  postgres
05:30:45 PM 100998   3032539    0.00    0.00    0.00    0.00    0.00    12  postgres
05:30:45 PM 100998   3032560    1.00    0.00    0.00    0.00    1.00    12  postgres
05:30:45 PM 100998   3032564    0.00    0.00    0.00    0.00    0.00    12  postgres
05:30:45 PM 100998   3032571    1.00    0.00    0.00    0.00    1.00    14  postgres
05:30:45 PM 100998   3032592    0.00    0.00    0.00    0.00    0.00    14  postgres
05:30:45 PM 100998   3032648    0.00    0.00    0.00    0.00    0.00    14  postgres
05:30:45 PM 100998   3032701    0.00    0.00    0.00    0.00    0.00    14  postgres
05:30:45 PM 100998   3032755    0.00    0.00    0.00    0.00    0.00    12  postgres
05:30:45 PM 100998   3032796    1.00    0.00    0.00    0.00    1.00    10  postgres
05:30:45 PM 100998   3032798    0.00    0.00    0.00    0.00    0.00    12  postgres
05:30:45 PM 100998   3032799    0.00    1.00    0.00    0.00    1.00    12  postgres
05:30:45 PM 100998   3032800    0.00    0.00    0.00    0.00    0.00    14  postgres
05:30:45 PM 100998   3032801    0.00    0.00    0.00    0.00    0.00    14  postgres
05:30:45 PM 100998   3032802    0.00    0.00    0.00    0.00    0.00    10  postgres
05:30:45 PM 100998   3032803    0.00    0.00    0.00    0.00    0.00    12  postgres
05:30:45 PM 100998   3032804    0.00    0.00    0.00    0.00    0.00    10  postgres
05:30:45 PM 100998   3032807    0.00    1.00    0.00    0.00    1.00    10  postgres
05:30:45 PM 100998   3032809    0.00    0.00    0.00    0.00    0.00    10  postgres
05:30:45 PM 100998   3032811    0.00    0.00    0.00    0.00    0.00    12  postgres
05:30:45 PM 100998   3032813    0.00    0.00    0.00    0.00    0.00    12  postgres
05:30:45 PM 100998   3032818    0.00    0.00    0.00    0.00    0.00    14  postgres
05:30:45 PM 100998   3032847    0.00    1.00    0.00    0.00    1.00    10  postgres
05:30:45 PM 100998   3032851    0.00    1.00    0.00    0.00    1.00    10  postgres
05:30:45 PM 100998   3032871    0.00    0.00    0.00    0.00    0.00    14  postgres
05:30:45 PM 100998   3032922    0.00    0.00    0.00    0.00    0.00    12  postgres
05:30:45 PM 100998   3032972    0.00    0.00    0.00    0.00    0.00    14  postgres
05:30:45 PM 100998   3033023    0.00    0.00    0.00    0.00    0.00    14  postgres
05:30:45 PM 100998   3033066    0.00    0.00    0.00    0.00    0.00    14  postgres
05:30:45 PM 100998   3033081    1.00    0.00    0.00    0.00    1.00    12  postgres
05:30:45 PM 100998   3033082    1.00    0.00    0.00    0.00    1.00    12  postgres
05:30:45 PM 100998   3033083    0.00    0.00    0.00    0.00    0.00    12  postgres
05:30:45 PM 100998   3033084    1.00    0.00    0.00    0.00    1.00    14  postgres
05:30:45 PM 100998   3033085    0.00    0.00    0.00    0.00    0.00    10  postgres
05:30:45 PM 100998   3033086    0.00    0.00    0.00    0.00    0.00    12  postgres
05:30:45 PM 100998   3033087    0.00    0.00    0.00    0.00    0.00    14  postgres
05:30:45 PM 100998   3033090    0.00    0.00    0.00    0.00    0.00    14  postgres

05:30:45 PM   UID       PID    %usr %system  %guest   %wait    %CPU   CPU  Command
05:30:46 PM 100998   3032224    0.00    0.00    0.00    0.00    0.00    10  postgres
05:30:46 PM 100998   3032225    0.00    0.00    0.00    0.00    0.00    14  postgres
05:30:46 PM 100998   3032227    0.00    0.00    0.00    0.00    0.00    14  postgres
05:30:46 PM 100998   3032228    0.00    0.00    0.00    0.00    0.00    12  postgres
05:30:46 PM 100998   3032489    1.00    0.00    0.00    0.00    1.00    14  postgres
05:30:46 PM 100998   3032493    2.00    1.00    0.00    0.00    3.00    10  postgres
05:30:46 PM 100998   3032494    1.00    1.00    0.00    0.00    2.00    12  postgres
05:30:46 PM 100998   3032495    0.00    1.00    0.00    0.00    1.00    12  postgres
05:30:46 PM 100998   3032496    0.00    0.00    0.00    0.00    0.00    10  postgres
05:30:46 PM 100998   3032497    1.00    0.00    0.00    0.00    1.00    12  postgres
05:30:46 PM 100998   3032499    0.00    1.00    0.00    0.00    1.00    12  postgres
05:30:46 PM 100998   3032502    0.00    0.00    0.00    0.00    0.00    14  postgres
05:30:46 PM 100998   3032518    0.00    0.00    0.00    0.00    0.00    10  postgres
05:30:46 PM 100998   3032520    0.00    0.00    0.00    0.00    0.00    10  postgres
05:30:46 PM 100998   3032521    1.00    0.00    0.00    0.00    1.00    12  postgres
05:30:46 PM 100998   3032523    0.00    0.00    0.00    0.00    0.00    14  postgres
05:30:46 PM 100998   3032525    0.00    0.00    0.00    0.00    0.00    10  postgres
05:30:46 PM 100998   3032530    1.00    0.00    0.00    0.00    1.00    12  postgres
05:30:46 PM 100998   3032539    0.00    0.00    0.00    0.00    0.00    10  postgres
05:30:46 PM 100998   3032560    0.00    0.00    0.00    0.00    0.00    14  postgres
05:30:46 PM 100998   3032564    1.00    1.00    0.00    0.00    2.00    12  postgres
05:30:46 PM 100998   3032571    0.00    0.00    0.00    0.00    0.00    14  postgres
05:30:46 PM 100998   3032592    0.00    0.00    0.00    0.00    0.00    12  postgres
05:30:46 PM 100998   3032648    1.00    0.00    0.00    0.00    1.00    10  postgres
05:30:46 PM 100998   3032701    0.00    0.00    0.00    0.00    0.00    12  postgres
05:30:46 PM 100998   3032755    0.00    0.00    0.00    0.00    0.00    14  postgres
05:30:46 PM 100998   3032796    0.00    0.00    0.00    0.00    0.00    10  postgres
05:30:46 PM 100998   3032798    1.00    0.00    0.00    0.00    1.00    12  postgres
05:30:46 PM 100998   3032799    0.00    0.00    0.00    0.00    0.00    12  postgres
05:30:46 PM 100998   3032800    1.00    0.00    0.00    0.00    1.00    12  postgres
05:30:46 PM 100998   3032801    0.00    0.00    0.00    0.00    0.00    12  postgres
05:30:46 PM 100998   3032802    0.00    1.00    0.00    0.00    1.00    10  postgres
05:30:46 PM 100998   3032803    0.00    1.00    0.00    0.00    1.00    12  postgres
05:30:46 PM 100998   3032804    0.00    0.00    0.00    0.00    0.00    10  postgres
05:30:46 PM 100998   3032807    0.00    0.00    0.00    0.00    0.00    10  postgres
05:30:46 PM 100998   3032809    0.00    1.00    0.00    0.00    1.00    12  postgres
05:30:46 PM 100998   3032811    0.00    0.00    0.00    0.00    0.00    12  postgres
05:30:46 PM 100998   3032813    0.00    0.00    0.00    0.00    0.00    10  postgres
05:30:46 PM 100998   3032818    0.00    0.00    0.00    0.00    0.00    14  postgres
05:30:46 PM 100998   3032847    0.00    0.00    0.00    0.00    0.00    14  postgres
05:30:46 PM 100998   3032851    0.00    0.00    0.00    0.00    0.00    10  postgres
05:30:46 PM 100998   3032871    0.00    0.00    0.00    0.00    0.00    14  postgres
05:30:46 PM 100998   3032922    1.00    0.00    0.00    0.00    1.00    10  postgres
05:30:46 PM 100998   3032972    0.00    0.00    0.00    0.00    0.00    14  postgres
05:30:46 PM 100998   3033023    0.00    0.00    0.00    0.00    0.00    12  postgres
05:30:46 PM 100998   3033066    0.00    0.00    0.00    0.00    0.00    14  postgres
05:30:46 PM 100998   3033081    0.00    0.00    0.00    0.00    0.00    10  postgres
05:30:46 PM 100998   3033082    0.00    0.00    0.00    0.00    0.00    14  postgres
05:30:46 PM 100998   3033083    1.00    0.00    0.00    0.00    1.00    12  postgres
05:30:46 PM 100998   3033084    0.00    0.00    0.00    0.00    0.00    14  postgres
05:30:46 PM 100998   3033085    0.00    0.00    0.00    0.00    0.00    10  postgres
05:30:46 PM 100998   3033086    0.00    0.00    0.00    0.00    0.00    12  postgres
05:30:46 PM 100998   3033087    0.00    0.00    0.00    0.00    0.00    10  postgres
05:30:46 PM 100998   3033090    0.00    0.00    0.00    0.00    0.00    10  postgres

05:30:46 PM   UID       PID    %usr %system  %guest   %wait    %CPU   CPU  Command
05:30:47 PM 100998   3032224    0.00    0.00    0.00    0.00    0.00    10  postgres
05:30:47 PM 100998   3032225    0.00    0.00    0.00    0.00    0.00    14  postgres
05:30:47 PM 100998   3032227    0.00    0.00    0.00    0.00    0.00    14  postgres
05:30:47 PM 100998   3032228    0.00    0.00    0.00    0.00    0.00    12  postgres
05:30:47 PM 100998   3032489    0.00    0.00    0.00    0.00    0.00    10  postgres
05:30:47 PM 100998   3032493    0.00    0.00    0.00    0.00    0.00    14  postgres
05:30:47 PM 100998   3032494    0.00    0.00    0.00    0.00    0.00    12  postgres
05:30:47 PM 100998   3032495    0.00    0.00    0.00    0.00    0.00    10  postgres
05:30:47 PM 100998   3032496    1.00    1.00    0.00    0.00    2.00    14  postgres
05:30:47 PM 100998   3032497    0.00    0.00    0.00    0.00    0.00    10  postgres
05:30:47 PM 100998   3032499    0.00    0.00    0.00    0.00    0.00    10  postgres
05:30:47 PM 100998   3032502    1.00    0.00    0.00    0.00    1.00    12  postgres
05:30:47 PM 100998   3032518    0.00    1.00    0.00    0.00    1.00    10  postgres
05:30:47 PM 100998   3032520    1.00    0.00    0.00    0.00    1.00    12  postgres
05:30:47 PM 100998   3032521    0.00    1.00    0.00    0.00    1.00    14  postgres
05:30:47 PM 100998   3032523    0.00    0.00    0.00    0.00    0.00    12  postgres
05:30:47 PM 100998   3032525    1.00    0.00    0.00    0.00    1.00    12  postgres
05:30:47 PM 100998   3032530    0.00    0.00    0.00    0.00    0.00    10  postgres
05:30:47 PM 100998   3032539    1.00    0.00    0.00    0.00    1.00    14  postgres
05:30:47 PM 100998   3032560    0.00    0.00    0.00    0.00    0.00    14  postgres
05:30:47 PM 100998   3032564    0.00    0.00    0.00    0.00    0.00    12  postgres
05:30:47 PM 100998   3032571    1.00    0.00    0.00    0.00    1.00    12  postgres
05:30:47 PM 100998   3032592    0.00    0.00    0.00    0.00    0.00    12  postgres
05:30:47 PM 100998   3032648    0.00    0.00    0.00    0.00    0.00    12  postgres
05:30:47 PM 100998   3032701    1.00    1.00    0.00    0.00    2.00    12  postgres
05:30:47 PM 100998   3032755    0.00    0.00    0.00    0.00    0.00    10  postgres
05:30:47 PM 100998   3032796    0.00    0.00    0.00    0.00    0.00    14  postgres
05:30:47 PM 100998   3032798    0.00    0.00    0.00    0.00    0.00    10  postgres
05:30:47 PM 100998   3032799    1.00    0.00    0.00    0.00    1.00    10  postgres
05:30:47 PM 100998   3032800    0.00    0.00    0.00    0.00    0.00    10  postgres
05:30:47 PM 100998   3032801    1.00    1.00    0.00    0.00    2.00    10  postgres
05:30:47 PM 100998   3032802    0.00    0.00    0.00    0.00    0.00    10  postgres
05:30:47 PM 100998   3032803    0.00    0.00    0.00    0.00    0.00    12  postgres
05:30:47 PM 100998   3032804    1.00    0.00    0.00    0.00    1.00    14  postgres
05:30:47 PM 100998   3032807    1.00    0.00    0.00    0.00    1.00    12  postgres
05:30:47 PM 100998   3032809    1.00    0.00    0.00    0.00    1.00    12  postgres
05:30:47 PM 100998   3032811    0.00    0.00    0.00    0.00    0.00    12  postgres
05:30:47 PM 100998   3032813    0.00    0.00    0.00    0.00    0.00    12  postgres
05:30:47 PM 100998   3032818    1.00    0.00    0.00    0.00    1.00    14  postgres
05:30:47 PM 100998   3032847    0.00    0.00    0.00    0.00    0.00    10  postgres
05:30:47 PM 100998   3032851    0.00    0.00    0.00    0.00    0.00    14  postgres
05:30:47 PM 100998   3032871    0.00    0.00    0.00    0.00    0.00    12  postgres
05:30:47 PM 100998   3032922    0.00    0.00    0.00    0.00    0.00    14  postgres
05:30:47 PM 100998   3032972    1.00    0.00    0.00    0.00    1.00    10  postgres
05:30:47 PM 100998   3033023    0.00    0.00    0.00    0.00    0.00    12  postgres
05:30:47 PM 100998   3033066    0.00    0.00    0.00    0.00    0.00    14  postgres
05:30:47 PM 100998   3033081    0.00    0.00    0.00    0.00    0.00    12  postgres
05:30:47 PM 100998   3033082    0.00    0.00    0.00    0.00    0.00    14  postgres
05:30:47 PM 100998   3033083    0.00    0.00    0.00    0.00    0.00    14  postgres
05:30:47 PM 100998   3033084    0.00    0.00    0.00    0.00    0.00    14  postgres
05:30:47 PM 100998   3033085    1.00    0.00    0.00    0.00    1.00    10  postgres
05:30:47 PM 100998   3033086    1.00    0.00    0.00    0.00    1.00    12  postgres
05:30:47 PM 100998   3033087    1.00    0.00    0.00    0.00    1.00    10  postgres
05:30:47 PM 100998   3033090    0.00    0.00    0.00    0.00    0.00    10  postgres

05:30:47 PM   UID       PID    %usr %system  %guest   %wait    %CPU   CPU  Command
05:30:48 PM 100998   3032224    0.00    0.00    0.00    0.00    0.00    10  postgres
05:30:48 PM 100998   3032225    0.00    0.00    0.00    0.00    0.00    12  postgres
05:30:48 PM 100998   3032227    0.00    0.00    0.00    0.00    0.00    14  postgres
05:30:48 PM 100998   3032228    0.00    0.00    0.00    0.00    0.00    12  postgres
05:30:48 PM 100998   3032489    1.00    1.00    0.00    0.00    2.00    14  postgres
05:30:48 PM 100998   3032493    1.00    1.00    0.00    0.00    2.00    14  postgres
05:30:48 PM 100998   3032494    1.00    0.00    0.00    0.00    1.00    12  postgres
05:30:48 PM 100998   3032495    1.00    1.00    0.00    0.00    2.00    14  postgres
05:30:48 PM 100998   3032496    1.00    0.00    0.00    0.00    1.00    12  postgres
05:30:48 PM 100998   3032497    1.00    1.00    0.00    0.00    2.00    12  postgres
05:30:48 PM 100998   3032499    1.00    0.00    0.00    0.00    1.00    12  postgres
05:30:48 PM 100998   3032502    0.00    1.00    0.00    0.00    1.00    10  postgres
05:30:48 PM 100998   3032518    1.00    0.00    0.00    0.00    1.00    10  postgres
05:30:48 PM 100998   3032520    0.00    1.00    0.00    0.00    1.00    14  postgres
05:30:48 PM 100998   3032521    0.00    0.00    0.00    0.00    0.00    14  postgres
05:30:48 PM 100998   3032523    1.00    0.00    0.00    0.00    1.00    14  postgres
05:30:48 PM 100998   3032525    0.00    1.00    0.00    0.00    1.00    14  postgres
05:30:48 PM 100998   3032530    0.00    1.00    0.00    0.00    1.00    12  postgres
05:30:48 PM 100998   3032539    0.00    0.00    0.00    0.00    0.00    12  postgres
05:30:48 PM 100998   3032560    1.00    1.00    0.00    0.00    2.00    10  postgres
05:30:48 PM 100998   3032564    0.00    0.00    0.00    0.00    0.00    10  postgres
05:30:48 PM 100998   3032571    0.00    1.00    0.00    0.00    1.00    14  postgres
05:30:48 PM 100998   3032592    1.00    1.00    0.00    0.00    2.00    12  postgres
05:30:48 PM 100998   3032648    0.00    0.00    0.00    0.00    0.00    14  postgres
05:30:48 PM 100998   3032701    0.00    0.00    0.00    0.00    0.00    12  postgres
05:30:48 PM 100998   3032755    1.00    0.00    0.00    0.00    1.00    12  postgres
05:30:48 PM 100998   3032796    0.00    1.00    0.00    0.00    1.00    12  postgres
05:30:48 PM 100998   3032798    0.00    1.00    0.00    0.00    1.00    14  postgres
05:30:48 PM 100998   3032799    0.00    0.00    0.00    0.00    0.00    12  postgres
05:30:48 PM 100998   3032800    0.00    0.00    0.00    0.00    0.00    10  postgres
05:30:48 PM 100998   3032801    0.00    0.00    0.00    0.00    0.00    10  postgres
05:30:48 PM 100998   3032802    0.00    0.00    0.00    0.00    0.00    10  postgres
05:30:48 PM 100998   3032803    1.00    0.00    0.00    0.00    1.00    14  postgres
05:30:48 PM 100998   3032804    0.00    0.00    0.00    0.00    0.00    12  postgres
05:30:48 PM 100998   3032807    0.00    0.00    0.00    0.00    0.00    10  postgres
05:30:48 PM 100998   3032809    0.00    0.00    0.00    0.00    0.00    12  postgres
05:30:48 PM 100998   3032811    1.00    0.00    0.00    0.00    1.00    10  postgres
05:30:48 PM 100998   3032813    1.00    0.00    0.00    0.00    1.00    10  postgres
05:30:48 PM 100998   3032818    0.00    1.00    0.00    0.00    1.00    14  postgres
05:30:48 PM 100998   3032847    0.00    0.00    0.00    0.00    0.00    14  postgres
05:30:48 PM 100998   3032851    1.00    0.00    0.00    0.00    1.00    10  postgres
05:30:48 PM 100998   3032871    0.00    0.00    0.00    0.00    0.00    14  postgres
05:30:48 PM 100998   3032922    0.00    0.00    0.00    0.00    0.00    14  postgres
05:30:48 PM 100998   3032972    0.00    0.00    0.00    0.00    0.00    14  postgres
05:30:48 PM 100998   3033023    1.00    0.00    0.00    0.00    1.00    12  postgres
05:30:48 PM 100998   3033066    1.00    0.00    0.00    0.00    1.00    10  postgres
05:30:48 PM 100998   3033081    0.00    0.00    0.00    0.00    0.00    10  postgres
05:30:48 PM 100998   3033082    0.00    0.00    0.00    0.00    0.00    14  postgres
05:30:48 PM 100998   3033083    0.00    0.00    0.00    0.00    0.00    14  postgres
05:30:48 PM 100998   3033084    0.00    0.00    0.00    0.00    0.00    14  postgres
05:30:48 PM 100998   3033085    0.00    0.00    0.00    0.00    0.00    10  postgres
05:30:48 PM 100998   3033086    0.00    0.00    0.00    0.00    0.00    12  postgres
05:30:48 PM 100998   3033087    0.00    0.00    0.00    0.00    0.00    10  postgres
05:30:48 PM 100998   3033090    0.00    0.00    0.00    0.00    0.00    12  postgres

05:30:48 PM   UID       PID    %usr %system  %guest   %wait    %CPU   CPU  Command
05:30:49 PM 100998   3032224    0.00    0.00    0.00    0.00    0.00    10  postgres
05:30:49 PM 100998   3032225    0.00    0.00    0.00    0.00    0.00    10  postgres
05:30:49 PM 100998   3032227    0.00    0.00    0.00    0.00    0.00    14  postgres
05:30:49 PM 100998   3032228    0.00    0.00    0.00    0.00    0.00    12  postgres
05:30:49 PM 100998   3032489    1.00    0.00    0.00    0.00    1.00    10  postgres
05:30:49 PM 100998   3032493    1.00    1.00    0.00    0.00    2.00    14  postgres
05:30:49 PM 100998   3032494    1.00    0.00    0.00    1.00    1.00    10  postgres
05:30:49 PM 100998   3032495    0.00    0.00    0.00    0.00    0.00    10  postgres
05:30:49 PM 100998   3032496    1.00    1.00    0.00    0.00    2.00    14  postgres
05:30:49 PM 100998   3032497    0.00    0.00    0.00    0.00    0.00    14  postgres
05:30:49 PM 100998   3032499    1.00    1.00    0.00    0.00    2.00    10  postgres
05:30:49 PM 100998   3032502    1.00    0.00    0.00    0.00    1.00    10  postgres
05:30:49 PM 100998   3032518    1.00    0.00    0.00    0.00    1.00    10  postgres
05:30:49 PM 100998   3032520    0.00    0.00    0.00    0.00    0.00    14  postgres
05:30:49 PM 100998   3032521    0.00    0.00    0.00    0.00    0.00    14  postgres
05:30:49 PM 100998   3032523    0.00    1.00    0.00    0.00    1.00    10  postgres
05:30:49 PM 100998   3032525    1.00    0.00    0.00    0.00    1.00    14  postgres
05:30:49 PM 100998   3032530    1.00    1.00    0.00    0.00    2.00    12  postgres
05:30:49 PM 100998   3032539    0.00    1.00    0.00    0.00    1.00    14  postgres
05:30:49 PM 100998   3032560    0.00    0.00    0.00    0.00    0.00    14  postgres
05:30:49 PM 100998   3032564    1.00    0.00    0.00    0.00    1.00    10  postgres
05:30:49 PM 100998   3032571    0.00    0.00    0.00    0.00    0.00    12  postgres
05:30:49 PM 100998   3032592    0.00    0.00    0.00    0.00    0.00    12  postgres
05:30:49 PM 100998   3032648    0.00    0.00    0.00    0.00    0.00    10  postgres
05:30:49 PM 100998   3032701    0.00    0.00    0.00    0.00    0.00    12  postgres
05:30:49 PM 100998   3032755    1.00    0.00    0.00    0.00    1.00    12  postgres
05:30:49 PM 100998   3032796    1.00    0.00    0.00    0.00    1.00    10  postgres
05:30:49 PM 100998   3032798    0.00    0.00    0.00    0.00    0.00    14  postgres
05:30:49 PM 100998   3032799    0.00    0.00    0.00    0.00    0.00    12  postgres
05:30:49 PM 100998   3032800    0.00    1.00    0.00    0.00    1.00    10  postgres
05:30:49 PM 100998   3032801    0.00    0.00    0.00    0.00    0.00    12  postgres
05:30:49 PM 100998   3032802    0.00    0.00    0.00    0.00    0.00    14  postgres
05:30:49 PM 100998   3032803    0.00    0.00    0.00    0.00    0.00    14  postgres
05:30:49 PM 100998   3032804    0.00    1.00    0.00    0.00    1.00    14  postgres
05:30:49 PM 100998   3032807    0.00    0.00    0.00    0.00    0.00    14  postgres
05:30:49 PM 100998   3032809    0.00    0.00    0.00    0.00    0.00    10  postgres
05:30:49 PM 100998   3032811    0.00    1.00    0.00    0.00    1.00    10  postgres
05:30:49 PM 100998   3032813    0.00    0.00    0.00    0.00    0.00    12  postgres
05:30:49 PM 100998   3032818    0.00    0.00    0.00    0.00    0.00    10  postgres
05:30:49 PM 100998   3032847    0.00    0.00    0.00    0.00    0.00    12  postgres
05:30:49 PM 100998   3032851    0.00    0.00    0.00    0.00    0.00    12  postgres
05:30:49 PM 100998   3032871    1.00    1.00    0.00    0.00    2.00    14  postgres
05:30:49 PM 100998   3032922    0.00    0.00    0.00    0.00    0.00    14  postgres
05:30:49 PM 100998   3032972    0.00    0.00    0.00    0.00    0.00    14  postgres
05:30:49 PM 100998   3033023    0.00    1.00    0.00    0.00    1.00    12  postgres
05:30:49 PM 100998   3033066    0.00    0.00    0.00    0.00    0.00    14  postgres
05:30:49 PM 100998   3033081    0.00    0.00    0.00    0.00    0.00    12  postgres
05:30:49 PM 100998   3033082    0.00    0.00    0.00    0.00    0.00    14  postgres
05:30:49 PM 100998   3033083    0.00    0.00    0.00    0.00    0.00    14  postgres
05:30:49 PM 100998   3033084    1.00    1.00    0.00    0.00    2.00    14  postgres
05:30:49 PM 100998   3033085    0.00    0.00    0.00    0.00    0.00    12  postgres
05:30:49 PM 100998   3033086    0.00    0.00    0.00    0.00    0.00    10  postgres
05:30:49 PM 100998   3033087    0.00    1.00    0.00    0.00    1.00    10  postgres
05:30:49 PM 100998   3033090    1.00    0.00    0.00    0.00    1.00    14  postgres

05:30:49 PM   UID       PID    %usr %system  %guest   %wait    %CPU   CPU  Command
05:30:50 PM 100998   3032224    0.00    0.00    0.00    0.00    0.00    10  postgres
05:30:50 PM 100998   3032225    0.00    0.00    0.00    0.00    0.00    12  postgres
05:30:50 PM 100998   3032227    0.00    0.00    0.00    0.00    0.00    14  postgres
05:30:50 PM 100998   3032228    0.00    0.00    0.00    0.00    0.00    12  postgres
05:30:50 PM 100998   3032489    2.00    1.00    0.00    0.00    3.00    14  postgres
05:30:50 PM 100998   3032493    1.00    0.00    0.00    0.00    1.00    12  postgres
05:30:50 PM 100998   3032494    1.00    0.00    0.00    0.00    1.00    14  postgres
05:30:50 PM 100998   3032495    1.00    1.00    0.00    0.00    2.00    12  postgres
05:30:50 PM 100998   3032496    0.00    0.00    0.00    0.00    0.00    10  postgres
05:30:50 PM 100998   3032497    1.00    1.00    0.00    0.00    2.00    12  postgres
05:30:50 PM 100998   3032499    0.00    0.00    0.00    0.00    0.00    14  postgres
05:30:50 PM 100998   3032502    0.00    0.00    0.00    0.00    0.00    14  postgres
05:30:50 PM 100998   3032518    0.00    1.00    0.00    0.00    1.00    12  postgres
05:30:50 PM 100998   3032520    1.00    0.00    0.00    0.00    1.00    12  postgres
05:30:50 PM 100998   3032521    1.00    1.00    0.00    0.00    2.00    14  postgres
05:30:50 PM 100998   3032523    1.00    0.00    0.00    0.00    1.00    10  postgres
05:30:50 PM 100998   3032525    0.00    0.00    0.00    0.00    0.00    10  postgres
05:30:50 PM 100998   3032530    0.00    0.00    0.00    0.00    0.00    14  postgres
05:30:50 PM 100998   3032539    1.00    0.00    0.00    0.00    1.00    14  postgres
05:30:50 PM 100998   3032560    0.00    0.00    0.00    0.00    0.00    10  postgres
05:30:50 PM 100998   3032564    0.00    0.00    0.00    0.00    0.00    12  postgres
05:30:50 PM 100998   3032571    0.00    0.00    0.00    0.00    0.00    14  postgres
05:30:50 PM 100998   3032592    0.00    0.00    0.00    0.00    0.00    10  postgres
05:30:50 PM 100998   3032648    1.00    0.00    0.00    0.00    1.00    10  postgres
05:30:50 PM 100998   3032701    0.00    0.00    0.00    0.00    0.00    14  postgres
05:30:50 PM 100998   3032755    0.00    0.00    0.00    0.00    0.00    14  postgres
05:30:50 PM 100998   3032796    0.00    0.00    0.00    0.00    0.00    10  postgres
05:30:50 PM 100998   3032798    1.00    0.00    0.00    0.00    1.00    14  postgres
05:30:50 PM 100998   3032799    0.00    0.00    0.00    0.00    0.00    10  postgres
05:30:50 PM 100998   3032800    1.00    0.00    0.00    0.00    1.00    10  postgres
05:30:50 PM 100998   3032801    1.00    0.00    0.00    0.00    1.00    12  postgres
05:30:50 PM 100998   3032802    1.00    0.00    0.00    0.00    1.00    12  postgres
05:30:50 PM 100998   3032803    0.00    0.00    0.00    0.00    0.00    12  postgres
05:30:50 PM 100998   3032804    1.00    0.00    0.00    0.00    1.00    10  postgres
05:30:50 PM 100998   3032807    0.00    0.00    0.00    0.00    0.00    10  postgres
05:30:50 PM 100998   3032809    0.00    0.00    0.00    0.00    0.00    12  postgres
05:30:50 PM 100998   3032811    1.00    0.00    0.00    0.00    1.00    12  postgres
05:30:50 PM 100998   3032813    0.00    1.00    0.00    0.00    1.00    12  postgres
05:30:50 PM 100998   3032818    0.00    0.00    0.00    0.00    0.00    10  postgres
05:30:50 PM 100998   3032847    1.00    0.00    0.00    0.00    1.00    12  postgres
05:30:50 PM 100998   3032851    0.00    0.00    0.00    0.00    0.00    12  postgres
05:30:50 PM 100998   3032871    0.00    0.00    0.00    0.00    0.00    14  postgres
05:30:50 PM 100998   3032922    0.00    1.00    0.00    0.00    1.00    10  postgres
05:30:50 PM 100998   3032972    0.00    0.00    0.00    0.00    0.00    12  postgres
05:30:50 PM 100998   3033023    0.00    0.00    0.00    0.00    0.00    12  postgres
05:30:50 PM 100998   3033066    0.00    1.00    0.00    0.00    1.00    14  postgres
05:30:50 PM 100998   3033081    1.00    0.00    0.00    0.00    1.00    14  postgres
05:30:50 PM 100998   3033082    0.00    0.00    0.00    0.00    0.00    14  postgres
05:30:50 PM 100998   3033083    1.00    1.00    0.00    0.00    2.00    14  postgres
05:30:50 PM 100998   3033084    0.00    0.00    0.00    0.00    0.00    10  postgres
05:30:50 PM 100998   3033085    0.00    0.00    0.00    0.00    0.00    10  postgres
05:30:50 PM 100998   3033086    0.00    0.00    0.00    0.00    0.00    14  postgres
05:30:50 PM 100998   3033087    0.00    0.00    0.00    0.00    0.00    10  postgres
05:30:50 PM 100998   3033090    0.00    0.00    0.00    0.00    0.00    14  postgres

05:30:50 PM   UID       PID    %usr %system  %guest   %wait    %CPU   CPU  Command
05:30:51 PM 100998   3032224    0.00    0.00    0.00    0.00    0.00    10  postgres
05:30:51 PM 100998   3032225    0.00    0.00    0.00    0.00    0.00    12  postgres
05:30:51 PM 100998   3032227    0.00    0.00    0.00    0.00    0.00    14  postgres
05:30:51 PM 100998   3032228    0.00    0.00    0.00    0.00    0.00    12  postgres
05:30:51 PM 100998   3032489    1.00    1.00    0.00    0.00    2.00    14  postgres
05:30:51 PM 100998   3032493    1.00    1.00    0.00    0.00    2.00    14  postgres
05:30:51 PM 100998   3032494    1.00    1.00    0.00    0.00    2.00    10  postgres
05:30:51 PM 100998   3032495    1.00    0.00    0.00    0.00    1.00    14  postgres
05:30:51 PM 100998   3032496    1.00    0.00    0.00    0.00    1.00    12  postgres
05:30:51 PM 100998   3032497    0.00    0.00    0.00    0.00    0.00    12  postgres
05:30:51 PM 100998   3032499    1.00    0.00    0.00    0.00    1.00    14  postgres
05:30:51 PM 100998   3032502    1.00    0.00    0.00    0.00    1.00    14  postgres
05:30:51 PM 100998   3032518    0.00    0.00    0.00    0.00    0.00    10  postgres
05:30:51 PM 100998   3032520    0.00    1.00    0.00    0.00    1.00    12  postgres
05:30:51 PM 100998   3032521    0.00    0.00    0.00    0.00    0.00    10  postgres
05:30:51 PM 100998   3032523    0.00    0.00    0.00    0.00    0.00    14  postgres
05:30:51 PM 100998   3032525    0.00    0.00    0.00    0.00    0.00    14  postgres
05:30:51 PM 100998   3032530    0.00    0.00    0.00    0.00    0.00    10  postgres
05:30:51 PM 100998   3032539    1.00    0.00    0.00    0.00    1.00    12  postgres
05:30:51 PM 100998   3032560    0.00    0.00    0.00    0.00    0.00    10  postgres
05:30:51 PM 100998   3032564    0.00    1.00    0.00    0.00    1.00    14  postgres
05:30:51 PM 100998   3032571    1.00    0.00    0.00    0.00    1.00    12  postgres
05:30:51 PM 100998   3032592    0.00    1.00    0.00    0.00    1.00    12  postgres
05:30:51 PM 100998   3032648    0.00    0.00    0.00    0.00    0.00    10  postgres
05:30:51 PM 100998   3032701    0.00    0.00    0.00    0.00    0.00    14  postgres
05:30:51 PM 100998   3032755    0.00    0.00    0.00    0.00    0.00    12  postgres
05:30:51 PM 100998   3032796    1.00    0.00    0.00    0.00    1.00    14  postgres
05:30:51 PM 100998   3032798    0.00    0.00    0.00    0.00    0.00    12  postgres
05:30:51 PM 100998   3032799    0.00    0.00    0.00    0.00    0.00    14  postgres
05:30:51 PM 100998   3032800    0.00    0.00    0.00    0.00    0.00    14  postgres
05:30:51 PM 100998   3032801    0.00    0.00    0.00    0.00    0.00    10  postgres
05:30:51 PM 100998   3032802    0.00    0.00    0.00    0.00    0.00    12  postgres
05:30:51 PM 100998   3032803    0.00    0.00    0.00    0.00    0.00    12  postgres
05:30:51 PM 100998   3032804    0.00    0.00    0.00    0.00    0.00    14  postgres
05:30:51 PM 100998   3032807    1.00    0.00    0.00    0.00    1.00    10  postgres
05:30:51 PM 100998   3032809    0.00    0.00    0.00    0.00    0.00    10  postgres
05:30:51 PM 100998   3032811    0.00    0.00    0.00    0.00    0.00    10  postgres
05:30:51 PM 100998   3032813    0.00    0.00    0.00    0.00    0.00    14  postgres
05:30:51 PM 100998   3032818    0.00    0.00    0.00    0.00    0.00    10  postgres
05:30:51 PM 100998   3032847    0.00    0.00    0.00    0.00    0.00    14  postgres
05:30:51 PM 100998   3032851    0.00    0.00    0.00    0.00    0.00    12  postgres
05:30:51 PM 100998   3032871    0.00    0.00    0.00    0.00    0.00    14  postgres
05:30:51 PM 100998   3032922    1.00    0.00    0.00    0.00    1.00    10  postgres
05:30:51 PM 100998   3032972    0.00    0.00    0.00    0.00    0.00    12  postgres
05:30:51 PM 100998   3033023    0.00    0.00    0.00    0.00    0.00    14  postgres
05:30:51 PM 100998   3033066    0.00    0.00    0.00    0.00    0.00    10  postgres
05:30:51 PM 100998   3033081    0.00    1.00    0.00    0.00    1.00    10  postgres
05:30:51 PM 100998   3033082    0.00    0.00    0.00    0.00    0.00    14  postgres
05:30:51 PM 100998   3033083    0.00    0.00    0.00    0.00    0.00    14  postgres
05:30:51 PM 100998   3033084    0.00    0.00    0.00    0.00    0.00    14  postgres
05:30:51 PM 100998   3033085    1.00    0.00    0.00    0.00    1.00    12  postgres
05:30:51 PM 100998   3033086    0.00    0.00    0.00    0.00    0.00    14  postgres
05:30:51 PM 100998   3033087    1.00    0.00    0.00    0.00    1.00    10  postgres
05:30:51 PM 100998   3033090    0.00    1.00    0.00    0.00    1.00    10  postgres

05:30:51 PM   UID       PID    %usr %system  %guest   %wait    %CPU   CPU  Command
05:30:52 PM 100998   3032224    0.00    0.00    0.00    0.00    0.00    10  postgres
05:30:52 PM 100998   3032225    0.00    0.00    0.00    0.00    0.00    12  postgres
05:30:52 PM 100998   3032227    0.00    0.00    0.00    0.00    0.00    14  postgres
05:30:52 PM 100998   3032228    0.00    0.00    0.00    0.00    0.00    12  postgres
05:30:52 PM 100998   3032489    1.00    0.00    0.00    0.00    1.00    10  postgres
05:30:52 PM 100998   3032493    1.00    1.00    0.00    0.00    2.00    10  postgres
05:30:52 PM 100998   3032494    1.00    1.00    0.00    0.00    2.00    10  postgres
05:30:52 PM 100998   3032495    1.00    1.00    0.00    0.00    2.00    14  postgres
05:30:52 PM 100998   3032496    0.00    1.00    0.00    0.00    1.00    10  postgres
05:30:52 PM 100998   3032497    1.00    0.00    0.00    0.00    1.00    12  postgres
05:30:52 PM 100998   3032499    0.00    1.00    0.00    0.00    1.00    14  postgres
05:30:52 PM 100998   3032502    1.00    1.00    0.00    0.00    2.00    12  postgres
05:30:52 PM 100998   3032518    1.00    0.00    0.00    0.00    1.00    12  postgres
05:30:52 PM 100998   3032520    0.00    0.00    0.00    0.00    0.00    12  postgres
05:30:52 PM 100998   3032521    1.00    1.00    0.00    0.00    2.00    10  postgres
05:30:52 PM 100998   3032523    1.00    0.00    0.00    0.00    1.00    10  postgres
05:30:52 PM 100998   3032525    1.00    1.00    0.00    0.00    2.00    10  postgres
05:30:52 PM 100998   3032530    1.00    0.00    0.00    0.00    1.00    14  postgres
05:30:52 PM 100998   3032539    0.00    0.00    0.00    0.00    0.00    14  postgres
05:30:52 PM 100998   3032560    1.00    1.00    0.00    0.00    2.00    10  postgres
05:30:52 PM 100998   3032564    1.00    0.00    0.00    0.00    1.00    12  postgres
05:30:52 PM 100998   3032571    0.00    0.00    0.00    0.00    0.00    10  postgres
05:30:52 PM 100998   3032592    1.00    0.00    0.00    0.00    1.00    14  postgres
05:30:52 PM 100998   3032648    0.00    0.00    0.00    0.00    0.00    14  postgres
05:30:52 PM 100998   3032701    1.00    0.00    0.00    0.00    1.00    10  postgres
05:30:52 PM 100998   3032755    0.00    1.00    0.00    0.00    1.00    10  postgres
05:30:52 PM 100998   3032796    0.00    0.00    0.00    0.00    0.00    14  postgres
05:30:52 PM 100998   3032798    0.00    0.00    0.00    0.00    0.00    12  postgres
05:30:52 PM 100998   3032799    1.00    0.00    0.00    0.00    1.00    10  postgres
05:30:52 PM 100998   3032800    0.00    0.00    0.00    0.00    0.00    14  postgres
05:30:52 PM 100998   3032801    0.00    0.00    0.00    0.00    0.00    12  postgres
05:30:52 PM 100998   3032802    0.00    0.00    0.00    0.00    0.00    14  postgres
05:30:52 PM 100998   3032803    0.00    0.00    0.00    0.00    0.00    12  postgres
05:30:52 PM 100998   3032804    0.00    0.00    0.00    0.00    0.00    14  postgres
05:30:52 PM 100998   3032807    0.00    0.00    0.00    0.00    0.00    14  postgres
05:30:52 PM 100998   3032809    0.00    0.00    0.00    0.00    0.00    12  postgres
05:30:52 PM 100998   3032811    0.00    0.00    0.00    0.00    0.00    14  postgres
05:30:52 PM 100998   3032813    1.00    0.00    0.00    0.00    1.00    12  postgres
05:30:52 PM 100998   3032818    0.00    0.00    0.00    0.00    0.00    10  postgres
05:30:52 PM 100998   3032847    0.00    1.00    0.00    0.00    1.00    14  postgres
05:30:52 PM 100998   3032851    0.00    0.00    0.00    0.00    0.00    12  postgres
05:30:52 PM 100998   3032871    0.00    0.00    0.00    0.00    0.00    10  postgres
05:30:52 PM 100998   3032922    0.00    0.00    0.00    0.00    0.00    10  postgres
05:30:52 PM 100998   3032972    0.00    0.00    0.00    0.00    0.00    12  postgres
05:30:52 PM 100998   3033023    0.00    0.00    0.00    0.00    0.00    14  postgres
05:30:52 PM 100998   3033066    0.00    0.00    0.00    0.00    0.00    14  postgres
05:30:52 PM 100998   3033081    0.00    0.00    0.00    0.00    0.00    10  postgres
05:30:52 PM 100998   3033082    0.00    1.00    0.00    0.00    1.00    10  postgres
05:30:52 PM 100998   3033083    0.00    0.00    0.00    0.00    0.00    14  postgres
05:30:52 PM 100998   3033084    1.00    0.00    0.00    0.00    1.00    10  postgres
05:30:52 PM 100998   3033085    0.00    1.00    0.00    0.00    1.00    10  postgres
05:30:52 PM 100998   3033086    0.00    0.00    0.00    0.00    0.00    14  postgres
05:30:52 PM 100998   3033087    0.00    0.00    0.00    0.00    0.00    12  postgres
05:30:52 PM 100998   3033090    0.00    0.00    0.00    0.00    0.00    12  postgres

05:30:52 PM   UID       PID    %usr %system  %guest   %wait    %CPU   CPU  Command
05:30:53 PM 100998   3032224    0.00    0.00    0.00    0.00    0.00    10  postgres
05:30:53 PM 100998   3032225    0.00    0.00    0.00    0.00    0.00    12  postgres
05:30:53 PM 100998   3032227    0.00    0.00    0.00    0.00    0.00    14  postgres
05:30:53 PM 100998   3032228    0.00    0.00    0.00    0.00    0.00    12  postgres
05:30:53 PM 100998   3032489    2.00    1.00    0.00    0.00    3.00    14  postgres
05:30:53 PM 100998   3032493    1.00    0.00    0.00    0.00    1.00    10  postgres
05:30:53 PM 100998   3032494    1.00    0.00    0.00    0.00    1.00    14  postgres
05:30:53 PM 100998   3032495    0.00    0.00    0.00    0.00    0.00    10  postgres
05:30:53 PM 100998   3032496    1.00    1.00    0.00    0.00    2.00    14  postgres
05:30:53 PM 100998   3032497    1.00    1.00    0.00    0.00    2.00    12  postgres
05:30:53 PM 100998   3032499    1.00    0.00    0.00    0.00    1.00    14  postgres
05:30:53 PM 100998   3032502    0.00    0.00    0.00    0.00    0.00    12  postgres
05:30:53 PM 100998   3032518    0.00    0.00    0.00    0.00    0.00    14  postgres
05:30:53 PM 100998   3032520    0.00    0.00    0.00    0.00    0.00    10  postgres
05:30:53 PM 100998   3032521    0.00    0.00    0.00    0.00    0.00    14  postgres
05:30:53 PM 100998   3032523    1.00    0.00    0.00    0.00    1.00    10  postgres
05:30:53 PM 100998   3032525    0.00    0.00    0.00    0.00    0.00    14  postgres
05:30:53 PM 100998   3032530    0.00    0.00    0.00    0.00    0.00    12  postgres
05:30:53 PM 100998   3032539    0.00    0.00    0.00    0.00    0.00    14  postgres
05:30:53 PM 100998   3032560    0.00    0.00    0.00    0.00    0.00    10  postgres
05:30:53 PM 100998   3032564    0.00    0.00    0.00    0.00    0.00    14  postgres
05:30:53 PM 100998   3032571    1.00    1.00    0.00    0.00    2.00    12  postgres
05:30:53 PM 100998   3032592    0.00    0.00    0.00    0.00    0.00    12  postgres
05:30:53 PM 100998   3032648    1.00    1.00    0.00    0.00    2.00    14  postgres
05:30:53 PM 100998   3032701    0.00    0.00    0.00    0.00    0.00    12  postgres
05:30:53 PM 100998   3032755    1.00    0.00    0.00    0.00    1.00    14  postgres
05:30:53 PM 100998   3032796    0.00    0.00    0.00    0.00    0.00    10  postgres
05:30:53 PM 100998   3032798    0.00    0.00    0.00    0.00    0.00    12  postgres
05:30:53 PM 100998   3032799    0.00    0.00    0.00    0.00    0.00    10  postgres
05:30:53 PM 100998   3032800    0.00    0.00    0.00    0.00    0.00    14  postgres
05:30:53 PM 100998   3032801    0.00    0.00    0.00    0.00    0.00    10  postgres
05:30:53 PM 100998   3032802    1.00    0.00    0.00    0.00    1.00    14  postgres
05:30:53 PM 100998   3032803    0.00    1.00    0.00    0.00    1.00    14  postgres
05:30:53 PM 100998   3032804    1.00    0.00    0.00    0.00    1.00    14  postgres
05:30:53 PM 100998   3032807    0.00    0.00    0.00    0.00    0.00    14  postgres
05:30:53 PM 100998   3032809    0.00    0.00    0.00    0.00    0.00    12  postgres
05:30:53 PM 100998   3032811    0.00    0.00    0.00    0.00    0.00    12  postgres
05:30:53 PM 100998   3032813    0.00    0.00    0.00    0.00    0.00    12  postgres
05:30:53 PM 100998   3032818    0.00    0.00    0.00    0.00    0.00    12  postgres
05:30:53 PM 100998   3032847    0.00    0.00    0.00    0.00    0.00    12  postgres
05:30:53 PM 100998   3032851    0.00    0.00    0.00    0.00    0.00    12  postgres
05:30:53 PM 100998   3032871    0.00    0.00    0.00    0.00    0.00    10  postgres
05:30:53 PM 100998   3032922    0.00    0.00    0.00    0.00    0.00    12  postgres
05:30:53 PM 100998   3032972    0.00    0.00    0.00    0.00    0.00    14  postgres
05:30:53 PM 100998   3033023    1.00    0.00    0.00    0.00    1.00    14  postgres
05:30:53 PM 100998   3033066    0.00    0.00    0.00    0.00    0.00    10  postgres
05:30:53 PM 100998   3033081    0.00    0.00    0.00    0.00    0.00    12  postgres
05:30:53 PM 100998   3033082    1.00    0.00    0.00    0.00    1.00    12  postgres
05:30:53 PM 100998   3033083    0.00    0.00    0.00    0.00    0.00    10  postgres
05:30:53 PM 100998   3033084    0.00    0.00    0.00    0.00    0.00    12  postgres
05:30:53 PM 100998   3033085    0.00    0.00    0.00    0.00    0.00    12  postgres
05:30:53 PM 100998   3033086    0.00    0.00    0.00    0.00    0.00    14  postgres
05:30:53 PM 100998   3033087    0.00    0.00    0.00    0.00    0.00    10  postgres
05:30:53 PM 100998   3033090    0.00    0.00    0.00    0.00    0.00    10  postgres

05:30:53 PM   UID       PID    %usr %system  %guest   %wait    %CPU   CPU  Command
05:30:54 PM 100998   3032224    0.00    0.00    0.00    0.00    0.00    10  postgres
05:30:54 PM 100998   3032225    0.00    0.00    0.00    0.00    0.00    10  postgres
05:30:54 PM 100998   3032227    0.00    0.00    0.00    0.00    0.00    14  postgres
05:30:54 PM 100998   3032228    0.00    0.00    0.00    0.00    0.00    12  postgres
05:30:54 PM 100998   3032489    1.00    0.00    0.00    0.00    1.00    12  postgres
05:30:54 PM 100998   3032493    1.00    1.00    0.00    0.00    2.00    14  postgres
05:30:54 PM 100998   3032494    1.00    1.00    0.00    0.00    2.00    12  postgres
05:30:54 PM 100998   3032495    1.00    1.00    0.00    0.00    2.00    10  postgres
05:30:54 PM 100998   3032496    1.00    0.00    0.00    0.00    1.00    10  postgres
05:30:54 PM 100998   3032497    0.00    0.00    0.00    0.00    0.00    14  postgres
05:30:54 PM 100998   3032499    0.00    1.00    0.00    0.00    1.00    10  postgres
05:30:54 PM 100998   3032502    1.00    0.00    0.00    0.00    1.00    14  postgres
05:30:54 PM 100998   3032518    0.00    0.00    0.00    0.00    0.00    10  postgres
05:30:54 PM 100998   3032520    0.00    1.00    0.00    0.00    1.00    10  postgres
05:30:54 PM 100998   3032521    1.00    0.00    0.00    0.00    1.00    14  postgres
05:30:54 PM 100998   3032523    1.00    1.00    0.00    0.00    2.00    10  postgres
05:30:54 PM 100998   3032525    0.00    0.00    0.00    0.00    0.00    10  postgres
05:30:54 PM 100998   3032530    1.00    0.00    0.00    0.00    1.00    10  postgres
05:30:54 PM 100998   3032539    1.00    0.00    0.00    0.00    1.00    10  postgres
05:30:54 PM 100998   3032560    1.00    0.00    0.00    0.00    1.00    12  postgres
05:30:54 PM 100998   3032564    1.00    1.00    0.00    0.00    2.00    10  postgres
05:30:54 PM 100998   3032571    0.00    0.00    0.00    0.00    0.00    14  postgres
05:30:54 PM 100998   3032592    1.00    0.00    0.00    0.00    1.00    14  postgres
05:30:54 PM 100998   3032648    0.00    0.00    0.00    0.00    0.00    10  postgres
05:30:54 PM 100998   3032701    0.00    1.00    0.00    0.00    1.00    14  postgres
05:30:54 PM 100998   3032755    0.00    0.00    0.00    0.00    0.00    10  postgres
05:30:54 PM 100998   3032796    1.00    0.00    0.00    0.00    1.00    12  postgres
05:30:54 PM 100998   3032798    0.00    1.00    0.00    0.00    1.00    14  postgres
05:30:54 PM 100998   3032799    0.00    0.00    0.00    0.00    0.00    12  postgres
05:30:54 PM 100998   3032800    0.00    0.00    0.00    0.00    0.00    10  postgres
05:30:54 PM 100998   3032801    0.00    0.00    0.00    0.00    0.00    12  postgres
05:30:54 PM 100998   3032802    0.00    0.00    0.00    0.00    0.00    12  postgres
05:30:54 PM 100998   3032803    0.00    0.00    0.00    0.00    0.00    12  postgres
05:30:54 PM 100998   3032804    0.00    0.00    0.00    0.00    0.00    14  postgres
05:30:54 PM 100998   3032807    0.00    0.00    0.00    0.00    0.00    14  postgres
05:30:54 PM 100998   3032809    1.00    1.00    0.00    0.00    2.00    14  postgres
05:30:54 PM 100998   3032811    0.00    1.00    0.00    0.00    1.00    14  postgres
05:30:54 PM 100998   3032813    0.00    0.00    0.00    0.00    0.00    10  postgres
05:30:54 PM 100998   3032818    1.00    0.00    0.00    0.00    1.00    12  postgres
05:30:54 PM 100998   3032847    1.00    0.00    0.00    0.00    1.00    14  postgres
05:30:54 PM 100998   3032851    1.00    0.00    0.00    0.00    1.00    12  postgres
05:30:54 PM 100998   3032871    0.00    0.00    0.00    0.00    0.00    12  postgres
05:30:54 PM 100998   3032922    0.00    0.00    0.00    0.00    0.00    10  postgres
05:30:54 PM 100998   3032972    0.00    1.00    0.00    0.00    1.00    14  postgres
05:30:54 PM 100998   3033023    0.00    0.00    0.00    0.00    0.00    12  postgres
05:30:54 PM 100998   3033066    0.00    0.00    0.00    0.00    0.00    10  postgres
05:30:54 PM 100998   3033081    0.00    0.00    0.00    0.00    0.00    14  postgres
05:30:54 PM 100998   3033082    0.00    0.00    0.00    0.00    0.00    12  postgres
05:30:54 PM 100998   3033083    0.00    0.00    0.00    0.00    0.00    10  postgres
05:30:54 PM 100998   3033084    0.00    0.00    0.00    0.00    0.00    12  postgres
05:30:54 PM 100998   3033085    0.00    0.00    0.00    0.00    0.00    12  postgres
05:30:54 PM 100998   3033086    0.00    0.00    0.00    0.00    0.00    12  postgres
05:30:54 PM 100998   3033087    1.00    0.00    0.00    0.00    1.00    12  postgres
05:30:54 PM 100998   3033090    0.00    0.00    0.00    0.00    0.00    14  postgres

05:30:54 PM   UID       PID    %usr %system  %guest   %wait    %CPU   CPU  Command
05:30:55 PM 100998   3032224    0.00    0.00    0.00    0.00    0.00    10  postgres
05:30:55 PM 100998   3032225    0.00    0.00    0.00    0.00    0.00    10  postgres
05:30:55 PM 100998   3032227    0.00    0.00    0.00    0.00    0.00    14  postgres
05:30:55 PM 100998   3032228    0.00    0.00    0.00    0.00    0.00    12  postgres
05:30:55 PM 100998   3032489    1.00    1.00    0.00    0.00    2.00    10  postgres
05:30:55 PM 100998   3032493    1.00    0.00    0.00    0.00    1.00    14  postgres
05:30:55 PM 100998   3032494    1.00    0.00    0.00    0.00    1.00    10  postgres
05:30:55 PM 100998   3032495    1.00    1.00    0.00    0.00    2.00    10  postgres
05:30:55 PM 100998   3032496    1.00    1.00    0.00    0.00    2.00    14  postgres
05:30:55 PM 100998   3032497    0.00    0.00    0.00    0.00    0.00    14  postgres
05:30:55 PM 100998   3032499    1.00    0.00    0.00    0.00    1.00    14  postgres
05:30:55 PM 100998   3032502    1.00    1.00    0.00    0.00    2.00    14  postgres
05:30:55 PM 100998   3032518    1.00    1.00    0.00    0.00    2.00    14  postgres
05:30:55 PM 100998   3032520    1.00    0.00    0.00    0.00    1.00    12  postgres
05:30:55 PM 100998   3032521    1.00    0.00    0.00    0.00    1.00    10  postgres
05:30:55 PM 100998   3032523    0.00    0.00    0.00    0.00    0.00    10  postgres
05:30:55 PM 100998   3032525    1.00    0.00    0.00    0.00    1.00    12  postgres
05:30:55 PM 100998   3032530    1.00    1.00    0.00    0.00    2.00    14  postgres
05:30:55 PM 100998   3032539    0.00    0.00    0.00    0.00    0.00    10  postgres
05:30:55 PM 100998   3032560    0.00    0.00    0.00    0.00    0.00    10  postgres
05:30:55 PM 100998   3032564    0.00    0.00    0.00    0.00    0.00    10  postgres
05:30:55 PM 100998   3032571    0.00    0.00    0.00    0.00    0.00    12  postgres
05:30:55 PM 100998   3032592    0.00    0.00    0.00    0.00    0.00    12  postgres
05:30:55 PM 100998   3032648    0.00    0.00    0.00    0.00    0.00    10  postgres
05:30:55 PM 100998   3032701    0.00    0.00    0.00    0.00    0.00    10  postgres
05:30:55 PM 100998   3032755    0.00    0.00    0.00    0.00    0.00    14  postgres
05:30:55 PM 100998   3032796    0.00    1.00    0.00    0.00    1.00    14  postgres
05:30:55 PM 100998   3032798    1.00    0.00    0.00    0.00    1.00    12  postgres
05:30:55 PM 100998   3032799    0.00    0.00    0.00    0.00    0.00    14  postgres
05:30:55 PM 100998   3032800    0.00    1.00    0.00    0.00    1.00    14  postgres
05:30:55 PM 100998   3032801    0.00    0.00    0.00    0.00    0.00    12  postgres
05:30:55 PM 100998   3032802    0.00    0.00    0.00    0.00    0.00    14  postgres
05:30:55 PM 100998   3032803    0.00    0.00    0.00    0.00    0.00    12  postgres
05:30:55 PM 100998   3032804    0.00    0.00    0.00    0.00    0.00    14  postgres
05:30:55 PM 100998   3032807    0.00    1.00    0.00    0.00    1.00    12  postgres
05:30:55 PM 100998   3032809    0.00    0.00    0.00    0.00    0.00    14  postgres
05:30:55 PM 100998   3032811    1.00    0.00    0.00    0.00    1.00    12  postgres
05:30:55 PM 100998   3032813    0.00    0.00    0.00    0.00    0.00    10  postgres
05:30:55 PM 100998   3032818    0.00    0.00    0.00    0.00    0.00    14  postgres
05:30:55 PM 100998   3032847    0.00    0.00    0.00    0.00    0.00    10  postgres
05:30:55 PM 100998   3032851    0.00    1.00    0.00    0.00    1.00    10  postgres
05:30:55 PM 100998   3032871    1.00    0.00    0.00    0.00    1.00    12  postgres
05:30:55 PM 100998   3032922    0.00    0.00    0.00    0.00    0.00    12  postgres
05:30:55 PM 100998   3032972    1.00    0.00    0.00    0.00    1.00    14  postgres
05:30:55 PM 100998   3033023    0.00    0.00    0.00    0.00    0.00    12  postgres
05:30:55 PM 100998   3033066    1.00    0.00    0.00    0.00    1.00    10  postgres
05:30:55 PM 100998   3033081    1.00    0.00    0.00    0.00    1.00    10  postgres
05:30:55 PM 100998   3033082    0.00    0.00    0.00    0.00    0.00    10  postgres
05:30:55 PM 100998   3033083    0.00    0.00    0.00    0.00    0.00    14  postgres
05:30:55 PM 100998   3033084    0.00    0.00    0.00    0.00    0.00    10  postgres
05:30:55 PM 100998   3033085    0.00    0.00    0.00    0.00    0.00    10  postgres
05:30:55 PM 100998   3033086    0.00    0.00    0.00    0.00    0.00    10  postgres
05:30:55 PM 100998   3033087    0.00    0.00    0.00    0.00    0.00    10  postgres
05:30:55 PM 100998   3033090    0.00    0.00    0.00    0.00    0.00    12  postgres

05:30:55 PM   UID       PID    %usr %system  %guest   %wait    %CPU   CPU  Command
05:30:56 PM 100998   3032224    0.00    0.00    0.00    0.00    0.00    10  postgres
05:30:56 PM 100998   3032225    0.00    0.00    0.00    0.00    0.00    10  postgres
05:30:56 PM 100998   3032227    0.00    0.00    0.00    0.00    0.00    14  postgres
05:30:56 PM 100998   3032228    0.00    0.00    0.00    0.00    0.00    12  postgres
05:30:56 PM 100998   3032489    1.00    1.00    0.00    0.00    2.00    14  postgres
05:30:56 PM 100998   3032493    1.00    1.00    0.00    0.00    2.00    12  postgres
05:30:56 PM 100998   3032494    1.00    1.00    0.00    0.00    2.00    10  postgres
05:30:56 PM 100998   3032495    1.00    0.00    0.00    0.00    1.00    10  postgres
05:30:56 PM 100998   3032496    1.00    0.00    0.00    0.00    1.00    12  postgres
05:30:56 PM 100998   3032497    1.00    0.00    0.00    0.00    1.00    10  postgres
05:30:56 PM 100998   3032499    1.00    1.00    0.00    0.00    2.00    12  postgres
05:30:56 PM 100998   3032502    0.00    0.00    0.00    0.00    0.00    12  postgres
05:30:56 PM 100998   3032518    1.00    1.00    0.00    0.00    2.00    10  postgres
05:30:56 PM 100998   3032520    0.00    0.00    0.00    0.00    0.00    14  postgres
05:30:56 PM 100998   3032521    0.00    0.00    0.00    0.00    0.00    14  postgres
05:30:56 PM 100998   3032523    1.00    0.00    0.00    0.00    1.00    12  postgres
05:30:56 PM 100998   3032525    1.00    0.00    0.00    0.00    1.00    12  postgres
05:30:56 PM 100998   3032530    0.00    0.00    0.00    0.00    0.00    10  postgres
05:30:56 PM 100998   3032539    1.00    1.00    0.00    0.00    2.00    14  postgres
05:30:56 PM 100998   3032560    0.00    0.00    0.00    0.00    0.00    12  postgres
05:30:56 PM 100998   3032564    0.00    0.00    0.00    0.00    0.00    14  postgres
05:30:56 PM 100998   3032571    0.00    0.00    0.00    0.00    0.00    14  postgres
05:30:56 PM 100998   3032592    0.00    0.00    0.00    0.00    0.00    14  postgres
05:30:56 PM 100998   3032648    0.00    0.00    0.00    0.00    0.00    10  postgres
05:30:56 PM 100998   3032701    1.00    0.00    0.00    0.00    1.00    10  postgres
05:30:56 PM 100998   3032755    1.00    0.00    0.00    0.00    1.00    10  postgres
05:30:56 PM 100998   3032796    0.00    0.00    0.00    0.00    0.00    12  postgres
05:30:56 PM 100998   3032798    0.00    0.00    0.00    0.00    0.00    12  postgres
05:30:56 PM 100998   3032799    0.00    0.00    0.00    0.00    0.00    14  postgres
05:30:56 PM 100998   3032800    0.00    0.00    0.00    0.00    0.00    14  postgres
05:30:56 PM 100998   3032801    0.00    0.00    0.00    0.00    0.00    12  postgres
05:30:56 PM 100998   3032802    1.00    0.00    0.00    0.00    1.00    10  postgres
05:30:56 PM 100998   3032803    1.00    0.00    0.00    0.00    1.00    10  postgres
05:30:56 PM 100998   3032804    0.00    1.00    0.00    0.00    1.00    14  postgres
05:30:56 PM 100998   3032807    0.00    0.00    0.00    0.00    0.00    14  postgres
05:30:56 PM 100998   3032809    0.00    0.00    0.00    0.00    0.00    10  postgres
05:30:56 PM 100998   3032811    0.00    0.00    0.00    0.00    0.00    12  postgres
05:30:56 PM 100998   3032813    0.00    0.00    0.00    0.00    0.00    10  postgres
05:30:56 PM 100998   3032818    0.00    0.00    0.00    0.00    0.00    12  postgres
05:30:56 PM 100998   3032847    0.00    0.00    0.00    0.00    0.00    14  postgres
05:30:56 PM 100998   3032851    0.00    0.00    0.00    0.00    0.00    12  postgres
05:30:56 PM 100998   3032871    0.00    0.00    0.00    0.00    0.00    14  postgres
05:30:56 PM 100998   3032922    0.00    0.00    0.00    0.00    0.00    12  postgres
05:30:56 PM 100998   3032972    0.00    0.00    0.00    0.00    0.00    14  postgres
05:30:56 PM 100998   3033023    0.00    0.00    0.00    0.00    0.00    12  postgres
05:30:56 PM 100998   3033066    0.00    0.00    0.00    0.00    0.00    12  postgres
05:30:56 PM 100998   3033081    0.00    0.00    0.00    0.00    0.00    12  postgres
05:30:56 PM 100998   3033082    0.00    0.00    0.00    0.00    0.00    10  postgres
05:30:56 PM 100998   3033083    0.00    0.00    0.00    0.00    0.00    14  postgres
05:30:56 PM 100998   3033084    1.00    1.00    0.00    0.00    2.00    14  postgres
05:30:56 PM 100998   3033085    0.00    0.00    0.00    0.00    0.00    10  postgres
05:30:56 PM 100998   3033086    0.00    1.00    0.00    0.00    1.00    14  postgres
05:30:56 PM 100998   3033087    0.00    0.00    0.00    0.00    0.00    10  postgres
05:30:56 PM 100998   3033090    1.00    0.00    0.00    0.00    1.00    14  postgres

05:30:56 PM   UID       PID    %usr %system  %guest   %wait    %CPU   CPU  Command
05:30:57 PM 100998   3032224    0.00    0.00    0.00    0.00    0.00    10  postgres
05:30:57 PM 100998   3032225    0.00    0.00    0.00    0.00    0.00    12  postgres
05:30:57 PM 100998   3032227    0.00    0.00    0.00    0.00    0.00    14  postgres
05:30:57 PM 100998   3032228    0.00    0.00    0.00    0.00    0.00    12  postgres
05:30:57 PM 100998   3032489    2.00    1.00    0.00    0.00    3.00    12  postgres
05:30:57 PM 100998   3032493    1.00    0.00    0.00    0.00    1.00    12  postgres
05:30:57 PM 100998   3032494    1.00    1.00    0.00    0.00    2.00    10  postgres
05:30:57 PM 100998   3032495    2.00    1.00    0.00    0.00    3.00    12  postgres
05:30:57 PM 100998   3032496    1.00    1.00    0.00    0.00    2.00    12  postgres
05:30:57 PM 100998   3032497    1.00    1.00    0.00    0.00    2.00    14  postgres
05:30:57 PM 100998   3032499    0.00    0.00    0.00    0.00    0.00    14  postgres
05:30:57 PM 100998   3032502    1.00    0.00    0.00    0.00    1.00    10  postgres
05:30:57 PM 100998   3032518    0.00    0.00    0.00    0.00    0.00    10  postgres
05:30:57 PM 100998   3032520    0.00    0.00    0.00    0.00    0.00    10  postgres
05:30:57 PM 100998   3032521    1.00    0.00    0.00    0.00    1.00    10  postgres
05:30:57 PM 100998   3032523    0.00    0.00    0.00    0.00    0.00    14  postgres
05:30:57 PM 100998   3032525    0.00    1.00    0.00    0.00    1.00    10  postgres
05:30:57 PM 100998   3032530    0.00    0.00    0.00    0.00    0.00    10  postgres
05:30:57 PM 100998   3032539    0.00    0.00    0.00    0.00    0.00    10  postgres
05:30:57 PM 100998   3032560    1.00    1.00    0.00    0.00    2.00    12  postgres
05:30:57 PM 100998   3032564    1.00    0.00    0.00    0.00    1.00    10  postgres
05:30:57 PM 100998   3032571    1.00    0.00    0.00    0.00    1.00    12  postgres
05:30:57 PM 100998   3032592    0.00    0.00    0.00    0.00    0.00    10  postgres
05:30:57 PM 100998   3032648    0.00    0.00    0.00    0.00    0.00    12  postgres
05:30:57 PM 100998   3032701    0.00    0.00    0.00    0.00    0.00    14  postgres
05:30:57 PM 100998   3032755    0.00    1.00    0.00    0.00    1.00    10  postgres
05:30:57 PM 100998   3032796    0.00    0.00    0.00    0.00    0.00    14  postgres
05:30:57 PM 100998   3032798    0.00    0.00    0.00    0.00    0.00    10  postgres
05:30:57 PM 100998   3032799    1.00    0.00    0.00    0.00    1.00    14  postgres
05:30:57 PM 100998   3032800    0.00    0.00    0.00    0.00    0.00    10  postgres
05:30:57 PM 100998   3032801    0.00    0.00    0.00    0.00    0.00    12  postgres
05:30:57 PM 100998   3032802    0.00    1.00    0.00    0.00    1.00    14  postgres
05:30:57 PM 100998   3032803    0.00    0.00    0.00    0.00    0.00    14  postgres
05:30:57 PM 100998   3032804    0.00    0.00    0.00    0.00    0.00    14  postgres
05:30:57 PM 100998   3032807    1.00    0.00    0.00    0.00    1.00    10  postgres
05:30:57 PM 100998   3032809    0.00    0.00    0.00    0.00    0.00    14  postgres
05:30:57 PM 100998   3032811    0.00    0.00    0.00    0.00    0.00    14  postgres
05:30:57 PM 100998   3032813    0.00    0.00    0.00    0.00    0.00    14  postgres
05:30:57 PM 100998   3032818    0.00    1.00    0.00    0.00    1.00    14  postgres
05:30:57 PM 100998   3032847    0.00    0.00    0.00    0.00    0.00    10  postgres
05:30:57 PM 100998   3032851    0.00    0.00    0.00    0.00    0.00    12  postgres
05:30:57 PM 100998   3032871    0.00    0.00    0.00    0.00    0.00    14  postgres
05:30:57 PM 100998   3032922    1.00    0.00    0.00    0.00    1.00    14  postgres
05:30:57 PM 100998   3032972    0.00    0.00    0.00    0.00    0.00    14  postgres
05:30:57 PM 100998   3033023    0.00    0.00    0.00    0.00    0.00    12  postgres
05:30:57 PM 100998   3033066    0.00    0.00    0.00    0.00    0.00    14  postgres
05:30:57 PM 100998   3033081    0.00    0.00    0.00    0.00    0.00    14  postgres
05:30:57 PM 100998   3033082    0.00    0.00    0.00    0.00    0.00    10  postgres
05:30:57 PM 100998   3033083    1.00    1.00    0.00    0.00    2.00    14  postgres
05:30:57 PM 100998   3033084    0.00    0.00    0.00    0.00    0.00    14  postgres
05:30:57 PM 100998   3033085    0.00    0.00    0.00    0.00    0.00    10  postgres
05:30:57 PM 100998   3033086    1.00    0.00    0.00    0.00    1.00    14  postgres
05:30:57 PM 100998   3033087    1.00    0.00    0.00    0.00    1.00    10  postgres
05:30:57 PM 100998   3033090    0.00    0.00    0.00    0.00    0.00    14  postgres

05:30:57 PM   UID       PID    %usr %system  %guest   %wait    %CPU   CPU  Command
05:30:58 PM 100998   3032224    0.00    0.00    0.00    0.00    0.00    10  postgres
05:30:58 PM 100998   3032225    0.00    0.00    0.00    0.00    0.00    12  postgres
05:30:58 PM 100998   3032227    0.00    0.00    0.00    0.00    0.00    14  postgres
05:30:58 PM 100998   3032228    0.00    0.00    0.00    0.00    0.00    12  postgres
05:30:58 PM 100998   3032489    1.00    0.00    0.00    0.00    1.00    10  postgres
05:30:58 PM 100998   3032493    0.00    1.00    0.00    0.00    1.00    12  postgres
05:30:58 PM 100998   3032494    1.00    0.00    0.00    0.00    1.00    10  postgres
05:30:58 PM 100998   3032495    1.00    0.00    0.00    0.00    1.00    14  postgres
05:30:58 PM 100998   3032496    1.00    0.00    0.00    0.00    1.00    14  postgres
05:30:58 PM 100998   3032497    0.00    0.00    0.00    0.00    0.00    10  postgres
05:30:58 PM 100998   3032499    1.00    0.00    0.00    0.00    1.00    12  postgres
05:30:58 PM 100998   3032502    1.00    1.00    0.00    0.00    2.00    10  postgres
05:30:58 PM 100998   3032518    1.00    0.00    0.00    0.00    1.00    10  postgres
05:30:58 PM 100998   3032520    1.00    0.00    0.00    0.00    1.00    14  postgres
05:30:58 PM 100998   3032521    0.00    1.00    0.00    0.00    1.00    12  postgres
05:30:58 PM 100998   3032523    1.00    1.00    0.00    0.00    2.00    14  postgres
05:30:58 PM 100998   3032525    1.00    0.00    0.00    0.00    1.00    12  postgres
05:30:58 PM 100998   3032530    0.00    0.00    0.00    0.00    0.00    10  postgres
05:30:58 PM 100998   3032539    0.00    0.00    0.00    0.00    0.00    10  postgres
05:30:58 PM 100998   3032560    0.00    0.00    0.00    0.00    0.00    12  postgres
05:30:58 PM 100998   3032564    0.00    0.00    0.00    0.00    0.00    10  postgres
05:30:58 PM 100998   3032571    0.00    1.00    0.00    0.00    1.00    14  postgres
05:30:58 PM 100998   3032592    1.00    0.00    0.00    0.00    1.00    10  postgres
05:30:58 PM 100998   3032648    1.00    0.00    0.00    0.00    1.00    14  postgres
05:30:58 PM 100998   3032701    0.00    0.00    0.00    0.00    0.00    14  postgres
05:30:58 PM 100998   3032755    0.00    0.00    0.00    0.00    0.00    12  postgres
05:30:58 PM 100998   3032796    0.00    0.00    0.00    0.00    0.00    12  postgres
05:30:58 PM 100998   3032798    0.00    0.00    0.00    0.00    0.00    12  postgres
05:30:58 PM 100998   3032799    0.00    0.00    0.00    0.00    0.00    10  postgres
05:30:58 PM 100998   3032800    1.00    0.00    0.00    0.00    1.00    14  postgres
05:30:58 PM 100998   3032801    1.00    1.00    0.00    0.00    2.00    12  postgres
05:30:58 PM 100998   3032802    0.00    0.00    0.00    0.00    0.00    10  postgres
05:30:58 PM 100998   3032803    0.00    0.00    0.00    0.00    0.00    14  postgres
05:30:58 PM 100998   3032804    0.00    0.00    0.00    0.00    0.00    14  postgres
05:30:58 PM 100998   3032807    0.00    0.00    0.00    0.00    0.00    10  postgres
05:30:58 PM 100998   3032809    0.00    0.00    0.00    0.00    0.00    10  postgres
05:30:58 PM 100998   3032811    0.00    0.00    0.00    0.00    0.00    14  postgres
05:30:58 PM 100998   3032813    0.00    0.00    0.00    0.00    0.00    14  postgres
05:30:58 PM 100998   3032818    0.00    0.00    0.00    0.00    0.00    14  postgres
05:30:58 PM 100998   3032847    0.00    1.00    0.00    0.00    1.00    12  postgres
05:30:58 PM 100998   3032851    0.00    0.00    0.00    0.00    0.00    10  postgres
05:30:58 PM 100998   3032871    0.00    0.00    0.00    0.00    0.00    12  postgres
05:30:58 PM 100998   3032922    0.00    0.00    0.00    0.00    0.00    14  postgres
05:30:58 PM 100998   3032972    0.00    0.00    0.00    0.00    0.00    12  postgres
05:30:58 PM 100998   3033023    0.00    0.00    0.00    0.00    0.00    14  postgres
05:30:58 PM 100998   3033066    0.00    0.00    0.00    0.00    0.00    10  postgres
05:30:58 PM 100998   3033081    0.00    1.00    0.00    0.00    1.00    14  postgres
05:30:58 PM 100998   3033082    0.00    0.00    0.00    0.00    0.00    14  postgres
05:30:58 PM 100998   3033083    0.00    0.00    0.00    0.00    0.00    12  postgres
05:30:58 PM 100998   3033084    0.00    0.00    0.00    0.00    0.00    10  postgres
05:30:58 PM 100998   3033085    0.00    0.00    0.00    0.00    0.00    14  postgres
05:30:58 PM 100998   3033086    0.00    0.00    0.00    0.00    0.00    10  postgres
05:30:58 PM 100998   3033087    0.00    1.00    0.00    0.00    1.00    12  postgres
05:30:58 PM 100998   3033090    0.00    0.00    0.00    0.00    0.00    14  postgres

05:30:58 PM   UID       PID    %usr %system  %guest   %wait    %CPU   CPU  Command
05:30:59 PM 100998   3032224    0.00    0.00    0.00    0.00    0.00    10  postgres
05:30:59 PM 100998   3032225    0.00    0.00    0.00    0.00    0.00    10  postgres
05:30:59 PM 100998   3032227    0.00    0.00    0.00    0.00    0.00    14  postgres
05:30:59 PM 100998   3032228    0.00    0.00    0.00    0.00    0.00    12  postgres
05:30:59 PM 100998   3032489    1.00    1.00    0.00    0.00    2.00    14  postgres
05:30:59 PM 100998   3032493    1.00    0.00    0.00    0.00    1.00    14  postgres
05:30:59 PM 100998   3032494    0.00    0.00    0.00    0.00    0.00    14  postgres
05:30:59 PM 100998   3032495    0.00    1.00    0.00    0.00    1.00    10  postgres
05:30:59 PM 100998   3032496    1.00    1.00    0.00    0.00    2.00    10  postgres
05:30:59 PM 100998   3032497    1.00    0.00    0.00    0.00    1.00    14  postgres
05:30:59 PM 100998   3032499    1.00    0.00    0.00    0.00    1.00    12  postgres
05:30:59 PM 100998   3032502    1.00    0.00    0.00    0.00    1.00    14  postgres
05:30:59 PM 100998   3032518    0.00    0.00    0.00    0.00    0.00    10  postgres
05:30:59 PM 100998   3032520    1.00    0.00    0.00    0.00    1.00    14  postgres
05:30:59 PM 100998   3032521    1.00    0.00    0.00    0.00    1.00    14  postgres
05:30:59 PM 100998   3032523    0.00    0.00    0.00    0.00    0.00    14  postgres
05:30:59 PM 100998   3032525    0.00    0.00    0.00    0.00    0.00    10  postgres
05:30:59 PM 100998   3032530    1.00    0.00    0.00    0.00    1.00    14  postgres
05:30:59 PM 100998   3032539    1.00    0.00    0.00    0.00    1.00    10  postgres
05:30:59 PM 100998   3032560    1.00    1.00    0.00    0.00    2.00    14  postgres
05:30:59 PM 100998   3032564    0.00    1.00    0.00    0.00    1.00    12  postgres
05:30:59 PM 100998   3032571    1.00    0.00    0.00    0.00    1.00    14  postgres
05:30:59 PM 100998   3032592    0.00    1.00    0.00    0.00    1.00    12  postgres
05:30:59 PM 100998   3032648    0.00    1.00    0.00    0.00    1.00    14  postgres
05:30:59 PM 100998   3032701    1.00    0.00    0.00    0.00    1.00    14  postgres
05:30:59 PM 100998   3032755    0.00    0.00    0.00    0.00    0.00    10  postgres
05:30:59 PM 100998   3032796    1.00    0.00    0.00    0.00    1.00    14  postgres
05:30:59 PM 100998   3032798    1.00    0.00    0.00    0.00    1.00    12  postgres
05:30:59 PM 100998   3032799    0.00    0.00    0.00    0.00    0.00    14  postgres
05:30:59 PM 100998   3032800    0.00    0.00    0.00    0.00    0.00    10  postgres
05:30:59 PM 100998   3032801    0.00    0.00    0.00    0.00    0.00    14  postgres
05:30:59 PM 100998   3032802    0.00    0.00    0.00    0.00    0.00    10  postgres
05:30:59 PM 100998   3032803    0.00    0.00    0.00    0.00    0.00    14  postgres
05:30:59 PM 100998   3032804    0.00    0.00    0.00    0.00    0.00    14  postgres
05:30:59 PM 100998   3032807    0.00    0.00    0.00    0.00    0.00    12  postgres
05:30:59 PM 100998   3032809    1.00    1.00    0.00    0.00    2.00    10  postgres
05:30:59 PM 100998   3032811    0.00    0.00    0.00    0.00    0.00    10  postgres
05:30:59 PM 100998   3032813    1.00    1.00    0.00    0.00    2.00    10  postgres
05:30:59 PM 100998   3032818    0.00    0.00    0.00    0.00    0.00    10  postgres
05:30:59 PM 100998   3032847    1.00    0.00    0.00    0.00    1.00    10  postgres
05:30:59 PM 100998   3032851    0.00    0.00    0.00    0.00    0.00    10  postgres
05:30:59 PM 100998   3032871    0.00    0.00    0.00    0.00    0.00    14  postgres
05:30:59 PM 100998   3032922    0.00    1.00    0.00    0.00    1.00    10  postgres
05:30:59 PM 100998   3032972    0.00    0.00    0.00    0.00    0.00    10  postgres
05:30:59 PM 100998   3033023    0.00    0.00    0.00    0.00    0.00    10  postgres
05:30:59 PM 100998   3033066    0.00    0.00    0.00    0.00    0.00    10  postgres
05:30:59 PM 100998   3033081    0.00    0.00    0.00    0.00    0.00    14  postgres
05:30:59 PM 100998   3033082    1.00    0.00    0.00    0.00    1.00    14  postgres
05:30:59 PM 100998   3033083    0.00    0.00    0.00    0.00    0.00    10  postgres
05:30:59 PM 100998   3033084    0.00    0.00    0.00    0.00    0.00    10  postgres
05:30:59 PM 100998   3033085    0.00    0.00    0.00    0.00    0.00    12  postgres
05:30:59 PM 100998   3033086    0.00    0.00    0.00    0.00    0.00    10  postgres
05:30:59 PM 100998   3033087    0.00    0.00    0.00    0.00    0.00    14  postgres
05:30:59 PM 100998   3033090    0.00    0.00    0.00    0.00    0.00    14  postgres

05:30:59 PM   UID       PID    %usr %system  %guest   %wait    %CPU   CPU  Command
05:31:00 PM 100998   3032224    0.00    0.00    0.00    0.00    0.00    10  postgres
05:31:00 PM 100998   3032225    0.00    0.00    0.00    0.00    0.00    10  postgres
05:31:00 PM 100998   3032227    0.00    0.00    0.00    0.00    0.00    14  postgres
05:31:00 PM 100998   3032228    0.00    0.00    0.00    0.00    0.00    12  postgres
05:31:00 PM 100998   3032489    0.00    0.00    0.00    0.00    0.00    14  postgres
05:31:00 PM 100998   3032493    1.00    1.00    0.00    0.00    2.00    10  postgres
05:31:00 PM 100998   3032494    1.00    1.00    0.00    0.00    2.00    10  postgres
05:31:00 PM 100998   3032495    1.00    0.00    0.00    0.00    1.00    12  postgres
05:31:00 PM 100998   3032496    0.00    1.00    0.00    0.00    1.00    12  postgres
05:31:00 PM 100998   3032497    0.00    1.00    0.00    0.00    1.00    14  postgres
05:31:00 PM 100998   3032499    0.00    0.00    0.00    0.00    0.00    10  postgres
05:31:00 PM 100998   3032502    0.00    0.00    0.00    0.00    0.00    12  postgres
05:31:00 PM 100998   3032518    1.00    0.00    0.00    0.00    1.00    14  postgres
05:31:00 PM 100998   3032520    1.00    1.00    0.00    0.00    2.00    14  postgres
05:31:00 PM 100998   3032521    0.00    0.00    0.00    0.00    0.00    14  postgres
05:31:00 PM 100998   3032523    1.00    1.00    0.00    0.00    2.00    14  postgres
05:31:00 PM 100998   3032525    1.00    1.00    0.00    0.00    2.00    14  postgres
05:31:00 PM 100998   3032530    0.00    1.00    0.00    0.00    1.00    10  postgres
05:31:00 PM 100998   3032539    0.00    0.00    0.00    0.00    0.00    10  postgres
05:31:00 PM 100998   3032560    0.00    0.00    0.00    0.00    0.00    14  postgres
05:31:00 PM 100998   3032564    1.00    0.00    0.00    0.00    1.00    12  postgres
05:31:00 PM 100998   3032571    0.00    0.00    0.00    0.00    0.00    10  postgres
05:31:00 PM 100998   3032592    0.00    0.00    0.00    0.00    0.00    14  postgres
05:31:00 PM 100998   3032648    1.00    0.00    0.00    0.00    1.00    14  postgres
05:31:00 PM 100998   3032701    0.00    0.00    0.00    0.00    0.00    10  postgres
05:31:00 PM 100998   3032755    0.00    0.00    0.00    0.00    0.00    12  postgres
05:31:00 PM 100998   3032796    0.00    0.00    0.00    0.00    0.00    12  postgres
05:31:00 PM 100998   3032798    0.00    0.00    0.00    0.00    0.00    12  postgres
05:31:00 PM 100998   3032799    0.00    0.00    0.00    0.00    0.00    12  postgres
05:31:00 PM 100998   3032800    0.00    0.00    0.00    0.00    0.00    12  postgres
05:31:00 PM 100998   3032801    0.00    0.00    0.00    0.00    0.00    12  postgres
05:31:00 PM 100998   3032802    0.00    0.00    0.00    0.00    0.00    10  postgres
05:31:00 PM 100998   3032803    1.00    0.00    0.00    0.00    1.00    10  postgres
05:31:00 PM 100998   3032804    1.00    0.00    0.00    0.00    1.00    14  postgres
05:31:00 PM 100998   3032807    0.00    0.00    0.00    0.00    0.00    10  postgres
05:31:00 PM 100998   3032809    0.00    0.00    0.00    0.00    0.00    12  postgres
05:31:00 PM 100998   3032811    1.00    0.00    0.00    0.00    1.00    10  postgres
05:31:00 PM 100998   3032813    0.00    0.00    0.00    0.00    0.00    10  postgres
05:31:00 PM 100998   3032818    0.00    0.00    0.00    0.00    0.00    10  postgres
05:31:00 PM 100998   3032847    0.00    0.00    0.00    0.00    0.00    10  postgres
05:31:00 PM 100998   3032851    0.00    1.00    0.00    0.00    1.00    10  postgres
05:31:00 PM 100998   3032871    0.00    0.00    0.00    0.00    0.00    12  postgres
05:31:00 PM 100998   3032922    0.00    0.00    0.00    0.00    0.00    14  postgres
05:31:00 PM 100998   3032972    0.00    0.00    0.00    0.00    0.00    10  postgres
05:31:00 PM 100998   3033023    1.00    0.00    0.00    0.00    1.00    14  postgres
05:31:00 PM 100998   3033066    0.00    0.00    0.00    0.00    0.00    14  postgres
05:31:00 PM 100998   3033081    1.00    0.00    0.00    0.00    1.00    14  postgres
05:31:00 PM 100998   3033082    0.00    0.00    0.00    0.00    0.00    10  postgres
05:31:00 PM 100998   3033083    0.00    0.00    0.00    0.00    0.00    12  postgres
05:31:00 PM 100998   3033084    0.00    0.00    0.00    0.00    0.00    12  postgres
05:31:00 PM 100998   3033085    0.00    0.00    0.00    0.00    0.00    12  postgres
05:31:00 PM 100998   3033086    0.00    0.00    0.00    0.00    0.00    10  postgres
05:31:00 PM 100998   3033087    0.00    0.00    0.00    0.00    0.00    12  postgres
05:31:00 PM 100998   3033090    0.00    0.00    0.00    0.00    0.00    12  postgres

05:31:00 PM   UID       PID    %usr %system  %guest   %wait    %CPU   CPU  Command
05:31:01 PM 100998   3032224    0.00    0.00    0.00    0.00    0.00    10  postgres
05:31:01 PM 100998   3032225    0.00    0.00    0.00    0.00    0.00    12  postgres
05:31:01 PM 100998   3032227    0.00    0.00    0.00    0.00    0.00    14  postgres
05:31:01 PM 100998   3032228    0.00    0.00    0.00    0.00    0.00    12  postgres
05:31:01 PM 100998   3032489    1.00    1.00    0.00    0.00    2.00    12  postgres
05:31:01 PM 100998   3032493    1.00    0.00    0.00    0.00    1.00    10  postgres
05:31:01 PM 100998   3032494    1.00    0.00    0.00    0.00    1.00    10  postgres
05:31:01 PM 100998   3032495    1.00    0.00    0.00    0.00    1.00    14  postgres
05:31:01 PM 100998   3032496    1.00    0.00    0.00    0.00    1.00    14  postgres
05:31:01 PM 100998   3032497    1.00    0.00    0.00    0.00    1.00    10  postgres
05:31:01 PM 100998   3032499    1.00    0.00    0.00    0.00    1.00    12  postgres
05:31:01 PM 100998   3032502    1.00    1.00    0.00    0.00    2.00    12  postgres
05:31:01 PM 100998   3032518    0.00    1.00    0.00    0.00    1.00    10  postgres
05:31:01 PM 100998   3032520    0.00    0.00    0.00    0.00    0.00    12  postgres
05:31:01 PM 100998   3032521    0.00    0.00    0.00    0.00    0.00    10  postgres
05:31:01 PM 100998   3032523    0.00    0.00    0.00    0.00    0.00    10  postgres
05:31:01 PM 100998   3032525    0.00    0.00    0.00    0.00    0.00    12  postgres
05:31:01 PM 100998   3032530    1.00    0.00    0.00    0.00    1.00    10  postgres
05:31:01 PM 100998   3032539    1.00    0.00    0.00    0.00    1.00    14  postgres
05:31:01 PM 100998   3032560    0.00    0.00    0.00    0.00    0.00    14  postgres
05:31:01 PM 100998   3032564    1.00    0.00    0.00    0.00    1.00    10  postgres
05:31:01 PM 100998   3032571    1.00    0.00    0.00    0.00    1.00    10  postgres
05:31:01 PM 100998   3032592    0.00    0.00    0.00    0.00    0.00    14  postgres
05:31:01 PM 100998   3032648    0.00    0.00    0.00    0.00    0.00    12  postgres
05:31:01 PM 100998   3032701    0.00    1.00    0.00    0.00    1.00    14  postgres
05:31:01 PM 100998   3032755    1.00    0.00    0.00    0.00    1.00    12  postgres
05:31:01 PM 100998   3032796    0.00    0.00    0.00    0.00    0.00    12  postgres
05:31:01 PM 100998   3032798    1.00    0.00    0.00    0.00    1.00    14  postgres
05:31:01 PM 100998   3032799    1.00    1.00    0.00    0.00    2.00    10  postgres
05:31:01 PM 100998   3032800    0.00    0.00    0.00    0.00    0.00    10  postgres
05:31:01 PM 100998   3032801    0.00    0.00    0.00    0.00    0.00    14  postgres
05:31:01 PM 100998   3032802    1.00    0.00    0.00    0.00    1.00    12  postgres
05:31:01 PM 100998   3032803    0.00    0.00    0.00    0.00    0.00    10  postgres
05:31:01 PM 100998   3032804    0.00    0.00    0.00    0.00    0.00    12  postgres
05:31:01 PM 100998   3032807    0.00    0.00    0.00    0.00    0.00    10  postgres
05:31:01 PM 100998   3032809    0.00    0.00    0.00    0.00    0.00    10  postgres
05:31:01 PM 100998   3032811    0.00    0.00    0.00    0.00    0.00    10  postgres
05:31:01 PM 100998   3032813    0.00    0.00    0.00    0.00    0.00    10  postgres
05:31:01 PM 100998   3032818    0.00    0.00    0.00    0.00    0.00    12  postgres
05:31:01 PM 100998   3032847    0.00    0.00    0.00    0.00    0.00    14  postgres
05:31:01 PM 100998   3032851    1.00    0.00    0.00    0.00    1.00    14  postgres
05:31:01 PM 100998   3032871    1.00    0.00    0.00    0.00    1.00    12  postgres
05:31:01 PM 100998   3032922    0.00    0.00    0.00    0.00    0.00    10  postgres
05:31:01 PM 100998   3032972    0.00    0.00    0.00    0.00    0.00    14  postgres
05:31:01 PM 100998   3033023    0.00    0.00    0.00    0.00    0.00    14  postgres
05:31:01 PM 100998   3033066    1.00    0.00    0.00    0.00    1.00    10  postgres
05:31:01 PM 100998   3033081    0.00    0.00    0.00    0.00    0.00    12  postgres
05:31:01 PM 100998   3033082    0.00    1.00    0.00    0.00    1.00    10  postgres
05:31:01 PM 100998   3033083    0.00    0.00    0.00    0.00    0.00    10  postgres
05:31:01 PM 100998   3033084    0.00    0.00    0.00    0.00    0.00    12  postgres
05:31:01 PM 100998   3033085    1.00    0.00    0.00    0.00    1.00    14  postgres
05:31:01 PM 100998   3033086    0.00    0.00    0.00    0.00    0.00    14  postgres
05:31:01 PM 100998   3033087    0.00    0.00    0.00    0.00    0.00    12  postgres
05:31:01 PM 100998   3033090    0.00    0.00    0.00    0.00    0.00    10  postgres

05:31:01 PM   UID       PID    %usr %system  %guest   %wait    %CPU   CPU  Command
05:31:02 PM 100998   3032224    0.00    0.00    0.00    0.00    0.00    10  postgres
05:31:02 PM 100998   3032225    0.00    0.00    0.00    0.00    0.00    12  postgres
05:31:02 PM 100998   3032227    0.00    0.00    0.00    0.00    0.00    14  postgres
05:31:02 PM 100998   3032228    0.00    0.00    0.00    0.00    0.00    12  postgres
05:31:02 PM 100998   3032489    2.00    0.00    0.00    0.00    2.00    14  postgres
05:31:02 PM 100998   3032493    1.00    1.00    0.00    0.00    2.00    14  postgres
05:31:02 PM 100998   3032494    1.00    1.00    0.00    0.00    2.00    10  postgres
05:31:02 PM 100998   3032495    1.00    1.00    0.00    0.00    2.00    14  postgres
05:31:02 PM 100998   3032496    1.00    1.00    0.00    0.00    2.00    10  postgres
05:31:02 PM 100998   3032497    1.00    1.00    0.00    0.00    2.00    12  postgres
05:31:02 PM 100998   3032499    1.00    1.00    0.00    0.00    2.00    14  postgres
05:31:02 PM 100998   3032502    1.00    0.00    0.00    0.00    1.00    12  postgres
05:31:02 PM 100998   3032518    1.00    0.00    0.00    0.00    1.00    14  postgres
05:31:02 PM 100998   3032520    1.00    1.00    0.00    0.00    2.00    10  postgres
05:31:02 PM 100998   3032521    1.00    0.00    0.00    0.00    1.00    10  postgres
05:31:02 PM 100998   3032523    1.00    0.00    0.00    0.00    1.00    14  postgres
05:31:02 PM 100998   3032525    1.00    0.00    0.00    0.00    1.00    12  postgres
05:31:02 PM 100998   3032530    1.00    0.00    0.00    0.00    1.00    14  postgres
05:31:02 PM 100998   3032539    0.00    0.00    0.00    0.00    0.00    14  postgres
05:31:02 PM 100998   3032560    1.00    0.00    0.00    0.00    1.00    14  postgres
05:31:02 PM 100998   3032564    0.00    0.00    0.00    0.00    0.00    10  postgres
05:31:02 PM 100998   3032571    0.00    1.00    0.00    0.00    1.00    14  postgres
05:31:02 PM 100998   3032592    0.00    0.00    0.00    0.00    0.00    12  postgres
05:31:02 PM 100998   3032648    1.00    0.00    0.00    0.00    1.00    12  postgres
05:31:02 PM 100998   3032701    1.00    0.00    0.00    0.00    1.00    12  postgres
05:31:02 PM 100998   3032755    0.00    0.00    0.00    0.00    0.00    10  postgres
05:31:02 PM 100998   3032796    0.00    0.00    0.00    0.00    0.00    14  postgres
05:31:02 PM 100998   3032798    0.00    0.00    0.00    0.00    0.00    14  postgres
05:31:02 PM 100998   3032799    0.00    0.00    0.00    0.00    0.00    12  postgres
05:31:02 PM 100998   3032800    1.00    0.00    0.00    0.00    1.00    10  postgres
05:31:02 PM 100998   3032801    0.00    0.00    0.00    0.00    0.00    12  postgres
05:31:02 PM 100998   3032802    0.00    0.00    0.00    0.00    0.00    12  postgres
05:31:02 PM 100998   3032803    0.00    0.00    0.00    0.00    0.00    12  postgres
05:31:02 PM 100998   3032804    0.00    0.00    0.00    0.00    0.00    12  postgres
05:31:02 PM 100998   3032807    0.00    0.00    0.00    0.00    0.00    12  postgres
05:31:02 PM 100998   3032809    0.00    0.00    0.00    0.00    0.00    10  postgres
05:31:02 PM 100998   3032811    0.00    0.00    0.00    0.00    0.00    10  postgres
05:31:02 PM 100998   3032813    0.00    0.00    0.00    0.00    0.00    10  postgres
05:31:02 PM 100998   3032818    0.00    0.00    0.00    0.00    0.00    10  postgres
05:31:02 PM 100998   3032847    0.00    0.00    0.00    0.00    0.00    10  postgres
05:31:02 PM 100998   3032851    0.00    0.00    0.00    0.00    0.00    10  postgres
05:31:02 PM 100998   3032871    0.00    0.00    0.00    0.00    0.00    14  postgres
05:31:02 PM 100998   3032922    0.00    0.00    0.00    0.00    0.00    14  postgres
05:31:02 PM 100998   3032972    0.00    0.00    0.00    0.00    0.00    12  postgres
05:31:02 PM 100998   3033023    0.00    0.00    0.00    0.00    0.00    12  postgres
05:31:02 PM 100998   3033066    0.00    1.00    0.00    0.00    1.00    14  postgres
05:31:02 PM 100998   3033081    0.00    0.00    0.00    0.00    0.00    12  postgres
05:31:02 PM 100998   3033082    0.00    0.00    0.00    0.00    0.00    10  postgres
05:31:02 PM 100998   3033083    1.00    0.00    0.00    0.00    1.00    14  postgres
05:31:02 PM 100998   3033084    0.00    0.00    0.00    0.00    0.00    12  postgres
05:31:02 PM 100998   3033085    1.00    0.00    0.00    0.00    1.00    12  postgres
05:31:02 PM 100998   3033086    0.00    0.00    0.00    0.00    0.00    12  postgres
05:31:02 PM 100998   3033087    0.00    0.00    0.00    0.00    0.00    14  postgres
05:31:02 PM 100998   3033090    0.00    0.00    0.00    0.00    0.00    10  postgres

05:31:02 PM   UID       PID    %usr %system  %guest   %wait    %CPU   CPU  Command
05:31:03 PM 100998   3032224    0.00    0.00    0.00    0.00    0.00    10  postgres
05:31:03 PM 100998   3032225    0.00    0.00    0.00    0.00    0.00    12  postgres
05:31:03 PM 100998   3032227    0.00    0.00    0.00    0.00    0.00    14  postgres
05:31:03 PM 100998   3032228    0.00    0.00    0.00    0.00    0.00    12  postgres
05:31:03 PM 100998   3032489    1.00    0.00    0.00    0.00    1.00    14  postgres
05:31:03 PM 100998   3032493    1.00    0.00    0.00    0.00    1.00    10  postgres
05:31:03 PM 100998   3032494    1.00    0.00    0.00    0.00    1.00    14  postgres
05:31:03 PM 100998   3032495    1.00    0.00    0.00    0.00    1.00    12  postgres
05:31:03 PM 100998   3032496    0.00    0.00    0.00    0.00    0.00    12  postgres
05:31:03 PM 100998   3032497    1.00    0.00    0.00    0.00    1.00    14  postgres
05:31:03 PM 100998   3032499    1.00    0.00    0.00    0.00    1.00    12  postgres
05:31:03 PM 100998   3032502    0.00    0.00    0.00    0.00    0.00    10  postgres
05:31:03 PM 100998   3032518    0.00    1.00    0.00    0.00    1.00    14  postgres
05:31:03 PM 100998   3032520    1.00    0.00    0.00    0.00    1.00    14  postgres
05:31:03 PM 100998   3032521    1.00    1.00    0.00    0.00    2.00    14  postgres
05:31:03 PM 100998   3032523    0.00    1.00    0.00    0.00    1.00    10  postgres
05:31:03 PM 100998   3032525    0.00    1.00    0.00    0.00    1.00    14  postgres
05:31:03 PM 100998   3032530    0.00    1.00    0.00    0.00    1.00    10  postgres
05:31:03 PM 100998   3032539    1.00    1.00    0.00    0.00    2.00    12  postgres
05:31:03 PM 100998   3032560    0.00    0.00    0.00    0.00    0.00    12  postgres
05:31:03 PM 100998   3032564    0.00    1.00    0.00    0.00    1.00    14  postgres
05:31:03 PM 100998   3032571    0.00    0.00    0.00    0.00    0.00    12  postgres
05:31:03 PM 100998   3032592    1.00    0.00    0.00    0.00    1.00    12  postgres
05:31:03 PM 100998   3032648    0.00    0.00    0.00    0.00    0.00    10  postgres
05:31:03 PM 100998   3032701    0.00    0.00    0.00    0.00    0.00    14  postgres
05:31:03 PM 100998   3032755    0.00    0.00    0.00    0.00    0.00    10  postgres
05:31:03 PM 100998   3032796    1.00    0.00    0.00    0.00    1.00    14  postgres
05:31:03 PM 100998   3032798    0.00    1.00    0.00    0.00    1.00    10  postgres
05:31:03 PM 100998   3032799    0.00    0.00    0.00    0.00    0.00    14  postgres
05:31:03 PM 100998   3032800    0.00    0.00    0.00    0.00    0.00    14  postgres
05:31:03 PM 100998   3032801    0.00    0.00    0.00    0.00    0.00    14  postgres
05:31:03 PM 100998   3032802    0.00    0.00    0.00    0.00    0.00    14  postgres
05:31:03 PM 100998   3032803    0.00    0.00    0.00    0.00    0.00    12  postgres
05:31:03 PM 100998   3032804    0.00    0.00    0.00    0.00    0.00    12  postgres
05:31:03 PM 100998   3032807    0.00    1.00    0.00    0.00    1.00    12  postgres
05:31:03 PM 100998   3032809    0.00    0.00    0.00    0.00    0.00    14  postgres
05:31:03 PM 100998   3032811    0.00    0.00    0.00    0.00    0.00    12  postgres
05:31:03 PM 100998   3032813    1.00    0.00    0.00    0.00    1.00    14  postgres
05:31:03 PM 100998   3032818    0.00    0.00    0.00    0.00    0.00    12  postgres
05:31:03 PM 100998   3032847    0.00    0.00    0.00    0.00    0.00    14  postgres
05:31:03 PM 100998   3032851    0.00    0.00    0.00    0.00    0.00    14  postgres
05:31:03 PM 100998   3032871    0.00    1.00    0.00    0.00    1.00    14  postgres
05:31:03 PM 100998   3032922    0.00    0.00    0.00    0.00    0.00    10  postgres
05:31:03 PM 100998   3032972    1.00    0.00    0.00    0.00    1.00    14  postgres
05:31:03 PM 100998   3033023    0.00    1.00    0.00    0.00    1.00    14  postgres
05:31:03 PM 100998   3033066    0.00    0.00    0.00    0.00    0.00    14  postgres
05:31:03 PM 100998   3033081    1.00    0.00    0.00    0.00    1.00    10  postgres
05:31:03 PM 100998   3033082    0.00    0.00    0.00    0.00    0.00    12  postgres
05:31:03 PM 100998   3033083    0.00    0.00    0.00    0.00    0.00    10  postgres
05:31:03 PM 100998   3033084    1.00    0.00    0.00    0.00    1.00    12  postgres
05:31:03 PM 100998   3033085    0.00    0.00    0.00    0.00    0.00    12  postgres
05:31:03 PM 100998   3033086    0.00    0.00    0.00    0.00    0.00    14  postgres
05:31:03 PM 100998   3033087    0.00    0.00    0.00    0.00    0.00    12  postgres
05:31:03 PM 100998   3033090    0.00    0.00    0.00    0.00    0.00    10  postgres

05:31:03 PM   UID       PID    %usr %system  %guest   %wait    %CPU   CPU  Command
05:31:04 PM 100998   3032224    0.00    0.00    0.00    0.00    0.00    10  postgres
05:31:04 PM 100998   3032225    0.00    0.00    0.00    0.00    0.00    12  postgres
05:31:04 PM 100998   3032227    0.00    0.00    0.00    0.00    0.00    14  postgres
05:31:04 PM 100998   3032228    0.00    0.00    0.00    0.00    0.00    12  postgres
05:31:04 PM 100998   3032489    1.00    1.00    0.00    0.00    2.00    12  postgres
05:31:04 PM 100998   3032493    0.00    1.00    0.00    0.00    1.00    12  postgres
05:31:04 PM 100998   3032494    1.00    0.00    0.00    0.00    1.00    10  postgres
05:31:04 PM 100998   3032495    0.00    1.00    0.00    0.00    1.00    14  postgres
05:31:04 PM 100998   3032496    1.00    1.00    0.00    0.00    2.00    12  postgres
05:31:04 PM 100998   3032497    0.00    0.00    0.00    0.00    0.00    10  postgres
05:31:04 PM 100998   3032499    0.00    1.00    0.00    0.00    1.00    14  postgres
05:31:04 PM 100998   3032502    1.00    1.00    0.00    0.00    2.00    10  postgres
05:31:04 PM 100998   3032518    1.00    0.00    0.00    0.00    1.00    14  postgres
05:31:04 PM 100998   3032520    0.00    0.00    0.00    0.00    0.00    10  postgres
05:31:04 PM 100998   3032521    1.00    0.00    0.00    0.00    1.00    12  postgres
05:31:04 PM 100998   3032523    1.00    0.00    0.00    0.00    1.00    14  postgres
05:31:04 PM 100998   3032525    0.00    0.00    0.00    0.00    0.00    10  postgres
05:31:04 PM 100998   3032530    1.00    0.00    0.00    0.00    1.00    14  postgres
05:31:04 PM 100998   3032539    0.00    0.00    0.00    0.00    0.00    14  postgres
05:31:04 PM 100998   3032560    0.00    1.00    0.00    0.00    1.00    14  postgres
05:31:04 PM 100998   3032564    1.00    0.00    0.00    0.00    1.00    10  postgres
05:31:04 PM 100998   3032571    1.00    0.00    0.00    0.00    1.00    10  postgres
05:31:04 PM 100998   3032592    0.00    0.00    0.00    0.00    0.00    10  postgres
05:31:04 PM 100998   3032648    0.00    0.00    0.00    0.00    0.00    14  postgres
05:31:04 PM 100998   3032701    0.00    0.00    0.00    0.00    0.00    12  postgres
05:31:04 PM 100998   3032755    1.00    1.00    0.00    0.00    2.00    10  postgres
05:31:04 PM 100998   3032796    0.00    0.00    0.00    0.00    0.00    14  postgres
05:31:04 PM 100998   3032798    1.00    0.00    0.00    0.00    1.00    10  postgres
05:31:04 PM 100998   3032799    0.00    0.00    0.00    0.00    0.00    10  postgres
05:31:04 PM 100998   3032800    1.00    0.00    0.00    0.00    1.00    12  postgres
05:31:04 PM 100998   3032801    0.00    0.00    0.00    0.00    0.00    12  postgres
05:31:04 PM 100998   3032802    0.00    1.00    0.00    0.00    1.00    10  postgres
05:31:04 PM 100998   3032803    1.00    1.00    0.00    0.00    2.00    10  postgres
05:31:04 PM 100998   3032804    0.00    0.00    0.00    0.00    0.00    14  postgres
05:31:04 PM 100998   3032807    1.00    0.00    0.00    0.00    1.00    12  postgres
05:31:04 PM 100998   3032809    0.00    0.00    0.00    0.00    0.00    10  postgres
05:31:04 PM 100998   3032811    1.00    0.00    0.00    0.00    1.00    12  postgres
05:31:04 PM 100998   3032813    0.00    0.00    0.00    0.00    0.00    10  postgres
05:31:04 PM 100998   3032818    0.00    0.00    0.00    0.00    0.00    14  postgres
05:31:04 PM 100998   3032847    0.00    0.00    0.00    0.00    0.00    14  postgres
05:31:04 PM 100998   3032851    0.00    0.00    0.00    0.00    0.00    14  postgres
05:31:04 PM 100998   3032871    0.00    0.00    0.00    0.00    0.00    14  postgres
05:31:04 PM 100998   3032922    0.00    0.00    0.00    0.00    0.00    14  postgres
05:31:04 PM 100998   3032972    0.00    0.00    0.00    0.00    0.00    12  postgres
05:31:04 PM 100998   3033023    0.00    0.00    0.00    0.00    0.00    14  postgres
05:31:04 PM 100998   3033066    0.00    0.00    0.00    0.00    0.00    14  postgres
05:31:04 PM 100998   3033081    0.00    0.00    0.00    0.00    0.00    14  postgres
05:31:04 PM 100998   3033082    0.00    0.00    0.00    0.00    0.00    14  postgres
05:31:04 PM 100998   3033083    0.00    0.00    0.00    0.00    0.00    10  postgres
05:31:04 PM 100998   3033084    0.00    0.00    0.00    0.00    0.00    12  postgres
05:31:04 PM 100998   3033085    0.00    0.00    0.00    0.00    0.00    12  postgres
05:31:04 PM 100998   3033086    0.00    1.00    0.00    0.00    1.00    14  postgres
05:31:04 PM 100998   3033087    0.00    0.00    0.00    0.00    0.00    12  postgres
05:31:04 PM 100998   3033090    0.00    1.00    0.00    0.00    1.00    10  postgres

05:31:04 PM   UID       PID    %usr %system  %guest   %wait    %CPU   CPU  Command
05:31:05 PM 100998   3032224    0.00    0.00    0.00    0.00    0.00    10  postgres
05:31:05 PM 100998   3032225    0.00    0.00    0.00    0.00    0.00    12  postgres
05:31:05 PM 100998   3032227    0.00    0.00    0.00    0.00    0.00    14  postgres
05:31:05 PM 100998   3032228    0.00    0.00    0.00    0.00    0.00    12  postgres
05:31:05 PM 100998   3032489    1.00    1.00    0.00    0.00    2.00    14  postgres
05:31:05 PM 100998   3032493    1.00    0.00    0.00    0.00    1.00    12  postgres
05:31:05 PM 100998   3032494    1.00    1.00    0.00    0.00    2.00    12  postgres
05:31:05 PM 100998   3032495    1.00    0.00    0.00    0.00    1.00    10  postgres
05:31:05 PM 100998   3032496    0.00    0.00    0.00    0.00    0.00    14  postgres
05:31:05 PM 100998   3032497    1.00    1.00    0.00    0.00    2.00    10  postgres
05:31:05 PM 100998   3032499    1.00    0.00    0.00    0.00    1.00    10  postgres
05:31:05 PM 100998   3032502    0.00    0.00    0.00    0.00    0.00    14  postgres
05:31:05 PM 100998   3032518    0.00    0.00    0.00    0.00    0.00    14  postgres
05:31:05 PM 100998   3032520    1.00    1.00    0.00    0.00    2.00    10  postgres
05:31:05 PM 100998   3032521    0.00    0.00    0.00    0.00    0.00    10  postgres
05:31:05 PM 100998   3032523    0.00    0.00    0.00    0.00    0.00    14  postgres
05:31:05 PM 100998   3032525    1.00    0.00    0.00    0.00    1.00    10  postgres
05:31:05 PM 100998   3032530    0.00    0.00    0.00    0.00    0.00    10  postgres
05:31:05 PM 100998   3032539    0.00    0.00    0.00    0.00    0.00    10  postgres
05:31:05 PM 100998   3032560    1.00    0.00    0.00    0.00    1.00    12  postgres
05:31:05 PM 100998   3032564    0.00    0.00    0.00    0.00    0.00    14  postgres
05:31:05 PM 100998   3032571    0.00    0.00    0.00    0.00    0.00    12  postgres
05:31:05 PM 100998   3032592    0.00    0.00    0.00    0.00    0.00    14  postgres
05:31:05 PM 100998   3032648    0.00    0.00    0.00    0.00    0.00    14  postgres
05:31:05 PM 100998   3032701    1.00    0.00    0.00    0.00    1.00    10  postgres
05:31:05 PM 100998   3032755    0.00    0.00    0.00    0.00    0.00    12  postgres
05:31:05 PM 100998   3032796    1.00    0.00    0.00    0.00    1.00    14  postgres
05:31:05 PM 100998   3032798    0.00    0.00    0.00    0.00    0.00    14  postgres
05:31:05 PM 100998   3032799    1.00    0.00    0.00    0.00    1.00    14  postgres
05:31:05 PM 100998   3032800    0.00    0.00    0.00    0.00    0.00    10  postgres
05:31:05 PM 100998   3032801    0.00    0.00    0.00    0.00    0.00    14  postgres
05:31:05 PM 100998   3032802    0.00    0.00    0.00    0.00    0.00    12  postgres
05:31:05 PM 100998   3032803    0.00    0.00    0.00    0.00    0.00    10  postgres
05:31:05 PM 100998   3032804    1.00    0.00    0.00    0.00    1.00    10  postgres
05:31:05 PM 100998   3032807    0.00    0.00    0.00    0.00    0.00    10  postgres
05:31:05 PM 100998   3032809    0.00    0.00    0.00    0.00    0.00    10  postgres
05:31:05 PM 100998   3032811    0.00    0.00    0.00    0.00    0.00    10  postgres
05:31:05 PM 100998   3032813    0.00    1.00    0.00    0.00    1.00    14  postgres
05:31:05 PM 100998   3032818    0.00    0.00    0.00    0.00    0.00    14  postgres
05:31:05 PM 100998   3032847    1.00    1.00    0.00    0.00    2.00    12  postgres
05:31:05 PM 100998   3032851    0.00    0.00    0.00    0.00    0.00    10  postgres
05:31:05 PM 100998   3032871    0.00    0.00    0.00    0.00    0.00    14  postgres
05:31:05 PM 100998   3032922    0.00    0.00    0.00    0.00    0.00    14  postgres
05:31:05 PM 100998   3032972    0.00    1.00    0.00    0.00    1.00    10  postgres
05:31:05 PM 100998   3033023    1.00    0.00    0.00    0.00    1.00    14  postgres
05:31:05 PM 100998   3033066    0.00    0.00    0.00    0.00    0.00    14  postgres
05:31:05 PM 100998   3033081    0.00    0.00    0.00    0.00    0.00    12  postgres
05:31:05 PM 100998   3033082    0.00    0.00    0.00    0.00    0.00    12  postgres
05:31:05 PM 100998   3033083    0.00    0.00    0.00    0.00    0.00    14  postgres
05:31:05 PM 100998   3033084    0.00    0.00    0.00    0.00    0.00    14  postgres
05:31:05 PM 100998   3033085    0.00    0.00    0.00    0.00    0.00    12  postgres
05:31:05 PM 100998   3033086    1.00    0.00    0.00    0.00    1.00    14  postgres
05:31:05 PM 100998   3033087    1.00    0.00    0.00    0.00    1.00    12  postgres
05:31:05 PM 100998   3033090    1.00    0.00    0.00    0.00    1.00    14  postgres

05:31:05 PM   UID       PID    %usr %system  %guest   %wait    %CPU   CPU  Command
05:31:06 PM 100998   3032224    0.00    0.00    0.00    0.00    0.00    10  postgres
05:31:06 PM 100998   3032225    0.00    0.00    0.00    0.00    0.00    10  postgres
05:31:06 PM 100998   3032227    0.00    0.00    0.00    0.00    0.00    14  postgres
05:31:06 PM 100998   3032228    0.00    0.00    0.00    0.00    0.00    12  postgres
05:31:06 PM 100998   3032489    1.00    0.00    0.00    0.00    1.00    14  postgres
05:31:06 PM 100998   3032493    1.00    0.00    0.00    0.00    1.00    10  postgres
05:31:06 PM 100998   3032494    1.00    0.00    0.00    0.00    1.00    10  postgres
05:31:06 PM 100998   3032495    0.00    0.00    0.00    0.00    0.00    12  postgres
05:31:06 PM 100998   3032496    1.00    1.00    0.00    0.00    2.00    12  postgres
05:31:06 PM 100998   3032497    0.00    0.00    0.00    0.00    0.00    14  postgres
05:31:06 PM 100998   3032499    1.00    1.00    0.00    0.00    2.00    10  postgres
05:31:06 PM 100998   3032502    0.00    0.00    0.00    0.00    0.00    14  postgres
05:31:06 PM 100998   3032518    0.00    1.00    0.00    0.00    1.00    10  postgres
05:31:06 PM 100998   3032520    0.00    0.00    0.00    0.00    0.00    10  postgres
05:31:06 PM 100998   3032521    1.00    1.00    0.00    0.00    2.00    14  postgres
05:31:06 PM 100998   3032523    0.00    0.00    0.00    0.00    0.00    14  postgres
05:31:06 PM 100998   3032525    0.00    1.00    0.00    0.00    1.00    12  postgres
05:31:06 PM 100998   3032530    1.00    1.00    0.00    0.00    2.00    14  postgres
05:31:06 PM 100998   3032539    1.00    1.00    0.00    0.00    2.00    14  postgres
05:31:06 PM 100998   3032560    0.00    1.00    0.00    0.00    1.00    10  postgres
05:31:06 PM 100998   3032564    0.00    1.00    0.00    0.00    1.00    14  postgres
05:31:06 PM 100998   3032571    1.00    0.00    0.00    0.00    1.00    14  postgres
05:31:06 PM 100998   3032592    0.00    1.00    0.00    0.00    1.00    14  postgres
05:31:06 PM 100998   3032648    1.00    0.00    0.00    0.00    1.00    12  postgres
05:31:06 PM 100998   3032701    0.00    1.00    0.00    0.00    1.00    14  postgres
05:31:06 PM 100998   3032755    1.00    0.00    0.00    0.00    1.00    12  postgres
05:31:06 PM 100998   3032796    0.00    0.00    0.00    0.00    0.00    10  postgres
05:31:06 PM 100998   3032798    0.00    0.00    0.00    0.00    0.00    10  postgres
05:31:06 PM 100998   3032799    0.00    0.00    0.00    0.00    0.00    10  postgres
05:31:06 PM 100998   3032800    0.00    0.00    0.00    0.00    0.00    14  postgres
05:31:06 PM 100998   3032801    1.00    0.00    0.00    0.00    1.00    14  postgres
05:31:06 PM 100998   3032802    1.00    0.00    0.00    0.00    1.00    14  postgres
05:31:06 PM 100998   3032803    0.00    0.00    0.00    0.00    0.00    12  postgres
05:31:06 PM 100998   3032804    0.00    1.00    0.00    0.00    1.00    10  postgres
05:31:06 PM 100998   3032807    0.00    0.00    0.00    0.00    0.00    10  postgres
05:31:06 PM 100998   3032809    1.00    0.00    0.00    0.00    1.00    14  postgres
05:31:06 PM 100998   3032811    0.00    0.00    0.00    0.00    0.00    10  postgres
05:31:06 PM 100998   3032813    0.00    0.00    0.00    0.00    0.00    14  postgres
05:31:06 PM 100998   3032818    1.00    0.00    0.00    0.00    1.00    12  postgres
05:31:06 PM 100998   3032847    0.00    0.00    0.00    0.00    0.00    12  postgres
05:31:06 PM 100998   3032851    0.00    0.00    0.00    0.00    0.00    14  postgres
05:31:06 PM 100998   3032871    0.00    0.00    0.00    0.00    0.00    10  postgres
05:31:06 PM 100998   3032922    0.00    1.00    0.00    0.00    1.00    12  postgres
05:31:06 PM 100998   3032972    0.00    0.00    0.00    0.00    0.00    10  postgres
05:31:06 PM 100998   3033023    0.00    0.00    0.00    0.00    0.00    14  postgres
05:31:06 PM 100998   3033066    0.00    0.00    0.00    0.00    0.00    14  postgres
05:31:06 PM 100998   3033081    1.00    0.00    0.00    0.00    1.00    10  postgres
05:31:06 PM 100998   3033082    0.00    0.00    0.00    0.00    0.00    14  postgres
05:31:06 PM 100998   3033083    0.00    0.00    0.00    0.00    0.00    10  postgres
05:31:06 PM 100998   3033084    0.00    0.00    0.00    0.00    0.00    12  postgres
05:31:06 PM 100998   3033085    0.00    0.00    0.00    0.00    0.00    10  postgres
05:31:06 PM 100998   3033086    0.00    0.00    0.00    0.00    0.00    12  postgres
05:31:06 PM 100998   3033087    0.00    0.00    0.00    0.00    0.00    12  postgres
05:31:06 PM 100998   3033090    0.00    0.00    0.00    0.00    0.00    14  postgres

05:31:06 PM   UID       PID    %usr %system  %guest   %wait    %CPU   CPU  Command
05:31:07 PM 100998   3032224    0.00    0.00    0.00    0.00    0.00    10  postgres
05:31:07 PM 100998   3032225    0.00    0.00    0.00    0.00    0.00    10  postgres
05:31:07 PM 100998   3032227    0.00    0.00    0.00    0.00    0.00    14  postgres
05:31:07 PM 100998   3032228    0.00    0.00    0.00    0.00    0.00    12  postgres
05:31:07 PM 100998   3032489    1.00    1.00    0.00    0.00    2.00    14  postgres
05:31:07 PM 100998   3032493    1.00    0.00    0.00    0.00    1.00    14  postgres
05:31:07 PM 100998   3032494    1.00    1.00    0.00    0.00    2.00    14  postgres
05:31:07 PM 100998   3032495    0.00    1.00    0.00    0.00    1.00    14  postgres
05:31:07 PM 100998   3032496    1.00    0.00    0.00    0.00    1.00    10  postgres
05:31:07 PM 100998   3032497    1.00    0.00    0.00    0.00    1.00    12  postgres
05:31:07 PM 100998   3032499    1.00    0.00    0.00    0.00    1.00    10  postgres
05:31:07 PM 100998   3032502    1.00    0.00    0.00    0.00    1.00    10  postgres
05:31:07 PM 100998   3032518    1.00    0.00    0.00    0.00    1.00    10  postgres
05:31:07 PM 100998   3032520    1.00    0.00    0.00    0.00    1.00    12  postgres
05:31:07 PM 100998   3032521    0.00    0.00    0.00    0.00    0.00    12  postgres
05:31:07 PM 100998   3032523    1.00    1.00    0.00    0.00    2.00    10  postgres
05:31:07 PM 100998   3032525    1.00    0.00    0.00    0.00    1.00    14  postgres
05:31:07 PM 100998   3032530    0.00    0.00    0.00    0.00    0.00    10  postgres
05:31:07 PM 100998   3032539    0.00    0.00    0.00    0.00    0.00    10  postgres
05:31:07 PM 100998   3032560    0.00    0.00    0.00    0.00    0.00    14  postgres
05:31:07 PM 100998   3032564    1.00    0.00    0.00    0.00    1.00    12  postgres
05:31:07 PM 100998   3032571    0.00    0.00    0.00    0.00    0.00    10  postgres
05:31:07 PM 100998   3032592    1.00    0.00    0.00    0.00    1.00    14  postgres
05:31:07 PM 100998   3032648    0.00    1.00    0.00    0.00    1.00    14  postgres
05:31:07 PM 100998   3032701    0.00    0.00    0.00    0.00    0.00    12  postgres
05:31:07 PM 100998   3032755    0.00    0.00    0.00    0.00    0.00    14  postgres
05:31:07 PM 100998   3032796    0.00    0.00    0.00    0.00    0.00    10  postgres
05:31:07 PM 100998   3032798    0.00    0.00    0.00    0.00    0.00    10  postgres
05:31:07 PM 100998   3032799    1.00    0.00    0.00    0.00    1.00    10  postgres
05:31:07 PM 100998   3032800    0.00    1.00    0.00    0.00    1.00    14  postgres
05:31:07 PM 100998   3032801    0.00    1.00    0.00    0.00    1.00    14  postgres
05:31:07 PM 100998   3032802    0.00    0.00    0.00    0.00    0.00    10  postgres
05:31:07 PM 100998   3032803    0.00    0.00    0.00    0.00    0.00    12  postgres
05:31:07 PM 100998   3032804    0.00    0.00    0.00    0.00    0.00    10  postgres
05:31:07 PM 100998   3032807    0.00    0.00    0.00    0.00    0.00    10  postgres
05:31:07 PM 100998   3032809    0.00    0.00    0.00    0.00    0.00    10  postgres
05:31:07 PM 100998   3032811    0.00    1.00    0.00    0.00    1.00    14  postgres
05:31:07 PM 100998   3032813    0.00    0.00    0.00    0.00    0.00    14  postgres
05:31:07 PM 100998   3032818    0.00    0.00    0.00    0.00    0.00    12  postgres
05:31:07 PM 100998   3032847    0.00    0.00    0.00    0.00    0.00    14  postgres
05:31:07 PM 100998   3032851    1.00    0.00    0.00    0.00    1.00    14  postgres
05:31:07 PM 100998   3032871    0.00    0.00    0.00    0.00    0.00    10  postgres
05:31:07 PM 100998   3032922    1.00    0.00    0.00    0.00    1.00    12  postgres
05:31:07 PM 100998   3032972    1.00    0.00    0.00    0.00    1.00    12  postgres
05:31:07 PM 100998   3033023    0.00    0.00    0.00    0.00    0.00    12  postgres
05:31:07 PM 100998   3033066    0.00    0.00    0.00    0.00    0.00    10  postgres
05:31:07 PM 100998   3033081    0.00    1.00    0.00    0.00    1.00    14  postgres
05:31:07 PM 100998   3033082    0.00    0.00    0.00    0.00    0.00    10  postgres
05:31:07 PM 100998   3033083    1.00    0.00    0.00    0.00    1.00    14  postgres
05:31:07 PM 100998   3033084    0.00    0.00    0.00    0.00    0.00    12  postgres
05:31:07 PM 100998   3033085    0.00    0.00    0.00    0.00    0.00    14  postgres
05:31:07 PM 100998   3033086    0.00    0.00    0.00    0.00    0.00    14  postgres
05:31:07 PM 100998   3033087    0.00    1.00    0.00    0.00    1.00    10  postgres
05:31:07 PM 100998   3033090    0.00    0.00    0.00    0.00    0.00    12  postgres

05:31:07 PM   UID       PID    %usr %system  %guest   %wait    %CPU   CPU  Command
05:31:08 PM 100998   3032224    0.00    0.00    0.00    0.00    0.00    10  postgres
05:31:08 PM 100998   3032225    0.00    0.00    0.00    0.00    0.00    10  postgres
05:31:08 PM 100998   3032227    0.00    0.00    0.00    0.00    0.00    14  postgres
05:31:08 PM 100998   3032228    0.00    0.00    0.00    0.00    0.00    12  postgres
05:31:08 PM 100998   3032489    1.00    1.00    0.00    0.00    2.00    10  postgres
05:31:08 PM 100998   3032493    1.00    1.00    0.00    0.00    2.00    10  postgres
05:31:08 PM 100998   3032494    1.00    0.00    0.00    0.00    1.00    14  postgres
05:31:08 PM 100998   3032495    1.00    0.00    0.00    0.00    1.00    14  postgres
05:31:08 PM 100998   3032496    1.00    0.00    0.00    0.00    1.00    10  postgres
05:31:08 PM 100998   3032497    1.00    1.00    0.00    0.00    2.00    10  postgres
05:31:08 PM 100998   3032499    0.00    1.00    0.00    0.00    1.00    12  postgres
05:31:08 PM 100998   3032502    1.00    1.00    0.00    0.00    2.00    12  postgres
05:31:08 PM 100998   3032518    0.00    0.00    0.00    0.00    0.00    10  postgres
05:31:08 PM 100998   3032520    0.00    0.00    0.00    0.00    0.00    12  postgres
05:31:08 PM 100998   3032521    1.00    1.00    0.00    0.00    2.00    10  postgres
05:31:08 PM 100998   3032523    0.00    0.00    0.00    0.00    0.00    14  postgres
05:31:08 PM 100998   3032525    1.00    0.00    0.00    0.00    1.00    12  postgres
05:31:08 PM 100998   3032530    0.00    0.00    0.00    0.00    0.00    14  postgres
05:31:08 PM 100998   3032539    0.00    0.00    0.00    0.00    0.00    14  postgres
05:31:08 PM 100998   3032560    1.00    0.00    0.00    0.00    1.00    10  postgres
05:31:08 PM 100998   3032564    0.00    0.00    0.00    0.00    0.00    12  postgres
05:31:08 PM 100998   3032571    1.00    0.00    0.00    0.00    1.00    10  postgres
05:31:08 PM 100998   3032592    0.00    0.00    0.00    0.00    0.00    12  postgres
05:31:08 PM 100998   3032648    0.00    0.00    0.00    0.00    0.00    12  postgres
05:31:08 PM 100998   3032701    1.00    0.00    0.00    0.00    1.00    14  postgres
05:31:08 PM 100998   3032755    0.00    0.00    0.00    0.00    0.00    14  postgres
05:31:08 PM 100998   3032796    1.00    1.00    0.00    0.00    2.00    10  postgres
05:31:08 PM 100998   3032798    1.00    0.00    0.00    0.00    1.00    12  postgres
05:31:08 PM 100998   3032799    0.00    0.00    0.00    0.00    0.00    12  postgres
05:31:08 PM 100998   3032800    0.00    0.00    0.00    0.00    0.00    14  postgres
05:31:08 PM 100998   3032801    0.00    0.00    0.00    0.00    0.00    14  postgres
05:31:08 PM 100998   3032802    0.00    0.00    0.00    0.00    0.00    12  postgres
05:31:08 PM 100998   3032803    0.00    0.00    0.00    0.00    0.00    14  postgres
05:31:08 PM 100998   3032804    0.00    0.00    0.00    0.00    0.00    10  postgres
05:31:08 PM 100998   3032807    1.00    0.00    0.00    0.00    1.00    14  postgres
05:31:08 PM 100998   3032809    0.00    0.00    0.00    0.00    0.00    14  postgres
05:31:08 PM 100998   3032811    1.00    0.00    0.00    0.00    1.00    14  postgres
05:31:08 PM 100998   3032813    0.00    0.00    0.00    0.00    0.00    12  postgres
05:31:08 PM 100998   3032818    1.00    0.00    0.00    0.00    1.00    10  postgres
05:31:08 PM 100998   3032847    0.00    0.00    0.00    0.00    0.00    10  postgres
05:31:08 PM 100998   3032851    0.00    1.00    0.00    0.00    1.00    12  postgres
05:31:08 PM 100998   3032871    1.00    0.00    0.00    0.00    1.00    14  postgres
05:31:08 PM 100998   3032922    0.00    0.00    0.00    0.00    0.00    10  postgres
05:31:08 PM 100998   3032972    0.00    0.00    0.00    0.00    0.00    14  postgres
05:31:08 PM 100998   3033023    1.00    0.00    0.00    0.00    1.00    14  postgres
05:31:08 PM 100998   3033066    0.00    0.00    0.00    0.00    0.00    12  postgres
05:31:08 PM 100998   3033081    1.00    0.00    0.00    0.00    1.00    10  postgres
05:31:08 PM 100998   3033082    0.00    0.00    0.00    0.00    0.00    10  postgres
05:31:08 PM 100998   3033083    0.00    0.00    0.00    0.00    0.00    12  postgres
05:31:08 PM 100998   3033084    0.00    0.00    0.00    0.00    0.00    14  postgres
05:31:08 PM 100998   3033085    0.00    1.00    0.00    0.00    1.00    12  postgres
05:31:08 PM 100998   3033086    0.00    0.00    0.00    0.00    0.00    10  postgres
05:31:08 PM 100998   3033087    1.00    0.00    0.00    0.00    1.00    14  postgres
05:31:08 PM 100998   3033090    0.00    0.00    0.00    0.00    0.00    10  postgres

05:31:08 PM   UID       PID    %usr %system  %guest   %wait    %CPU   CPU  Command
05:31:09 PM 100998   3032224    0.00    0.00    0.00    0.00    0.00    10  postgres
05:31:09 PM 100998   3032225    0.00    0.00    0.00    0.00    0.00    10  postgres
05:31:09 PM 100998   3032227    0.00    0.00    0.00    0.00    0.00    14  postgres
05:31:09 PM 100998   3032228    0.00    0.00    0.00    0.00    0.00    12  postgres
05:31:09 PM 100998   3032489    1.00    1.00    0.00    0.00    2.00    10  postgres
05:31:09 PM 100998   3032493    1.00    1.00    0.00    0.00    2.00    10  postgres
05:31:09 PM 100998   3032494    1.00    1.00    0.00    0.00    2.00    10  postgres
05:31:09 PM 100998   3032495    1.00    0.00    0.00    0.00    1.00    12  postgres
05:31:09 PM 100998   3032496    0.00    1.00    0.00    0.00    1.00    12  postgres
05:31:09 PM 100998   3032497    0.00    0.00    0.00    0.00    0.00    14  postgres
05:31:09 PM 100998   3032499    0.00    0.00    0.00    0.00    0.00    12  postgres
05:31:09 PM 100998   3032502    1.00    0.00    0.00    0.00    1.00    14  postgres
05:31:09 PM 100998   3032518    1.00    0.00    0.00    0.00    1.00    14  postgres
05:31:09 PM 100998   3032520    0.00    0.00    0.00    0.00    0.00    14  postgres
05:31:09 PM 100998   3032521    1.00    0.00    0.00    0.00    1.00    14  postgres
05:31:09 PM 100998   3032523    1.00    0.00    0.00    0.00    1.00    14  postgres
05:31:09 PM 100998   3032525    0.00    0.00    0.00    0.00    0.00    10  postgres
05:31:09 PM 100998   3032530    1.00    0.00    0.00    0.00    1.00    12  postgres
05:31:09 PM 100998   3032539    1.00    0.00    0.00    0.00    1.00    10  postgres
05:31:09 PM 100998   3032560    0.00    1.00    0.00    0.00    1.00    12  postgres
05:31:09 PM 100998   3032564    0.00    0.00    0.00    0.00    0.00    10  postgres
05:31:09 PM 100998   3032571    0.00    0.00    0.00    0.00    0.00    14  postgres
05:31:09 PM 100998   3032592    0.00    0.00    0.00    0.00    0.00    14  postgres
05:31:09 PM 100998   3032648    1.00    0.00    0.00    0.00    1.00    12  postgres
05:31:09 PM 100998   3032701    0.00    0.00    0.00    0.00    0.00    14  postgres
05:31:09 PM 100998   3032755    1.00    0.00    0.00    0.00    1.00    10  postgres
05:31:09 PM 100998   3032796    0.00    0.00    0.00    0.00    0.00    14  postgres
05:31:09 PM 100998   3032798    0.00    0.00    0.00    0.00    0.00    12  postgres
05:31:09 PM 100998   3032799    0.00    0.00    0.00    0.00    0.00    12  postgres
05:31:09 PM 100998   3032800    0.00    0.00    0.00    0.00    0.00    10  postgres
05:31:09 PM 100998   3032801    0.00    0.00    0.00    0.00    0.00    10  postgres
05:31:09 PM 100998   3032802    0.00    0.00    0.00    0.00    0.00    10  postgres
05:31:09 PM 100998   3032803    0.00    1.00    0.00    0.00    1.00    14  postgres
05:31:09 PM 100998   3032804    1.00    0.00    0.00    0.00    1.00    10  postgres
05:31:09 PM 100998   3032807    0.00    0.00    0.00    0.00    0.00    12  postgres
05:31:09 PM 100998   3032809    0.00    0.00    0.00    0.00    0.00    10  postgres
05:31:09 PM 100998   3032811    0.00    0.00    0.00    0.00    0.00    14  postgres
05:31:09 PM 100998   3032813    0.00    0.00    0.00    0.00    0.00    10  postgres
05:31:09 PM 100998   3032818    0.00    0.00    0.00    0.00    0.00    12  postgres
05:31:09 PM 100998   3032847    1.00    0.00    0.00    0.00    1.00    12  postgres
05:31:09 PM 100998   3032851    0.00    0.00    0.00    0.00    0.00    12  postgres
05:31:09 PM 100998   3032871    0.00    0.00    0.00    0.00    0.00    12  postgres
05:31:09 PM 100998   3032922    0.00    0.00    0.00    0.00    0.00    10  postgres
05:31:09 PM 100998   3032972    0.00    0.00    0.00    0.00    0.00    14  postgres
05:31:09 PM 100998   3033023    0.00    0.00    0.00    0.00    0.00    14  postgres
05:31:09 PM 100998   3033066    1.00    1.00    0.00    0.00    2.00    10  postgres
05:31:09 PM 100998   3033081    0.00    0.00    0.00    0.00    0.00    12  postgres
05:31:09 PM 100998   3033082    1.00    0.00    0.00    0.00    1.00    14  postgres
05:31:09 PM 100998   3033083    0.00    0.00    0.00    0.00    0.00    14  postgres
05:31:09 PM 100998   3033084    1.00    0.00    0.00    0.00    1.00    14  postgres
05:31:09 PM 100998   3033085    0.00    0.00    0.00    0.00    0.00    10  postgres
05:31:09 PM 100998   3033086    0.00    0.00    0.00    0.00    0.00    14  postgres
05:31:09 PM 100998   3033087    0.00    0.00    0.00    0.00    0.00    14  postgres
05:31:09 PM 100998   3033090    0.00    0.00    0.00    0.00    0.00    12  postgres

05:31:09 PM   UID       PID    %usr %system  %guest   %wait    %CPU   CPU  Command
05:31:10 PM 100998   3032224    0.00    0.00    0.00    0.00    0.00    10  postgres
05:31:10 PM 100998   3032225    0.00    0.00    0.00    0.00    0.00    10  postgres
05:31:10 PM 100998   3032227    0.00    0.00    0.00    0.00    0.00    14  postgres
05:31:10 PM 100998   3032228    0.00    0.00    0.00    0.00    0.00    12  postgres
05:31:10 PM 100998   3032489    1.00    1.00    0.00    0.00    2.00    12  postgres
05:31:10 PM 100998   3032493    0.00    0.00    0.00    0.00    0.00    10  postgres
05:31:10 PM 100998   3032494    1.00    1.00    0.00    0.00    2.00    10  postgres
05:31:10 PM 100998   3032495    1.00    1.00    0.00    0.00    2.00    14  postgres
05:31:10 PM 100998   3032496    1.00    0.00    0.00    0.00    1.00    12  postgres
05:31:10 PM 100998   3032497    1.00    0.00    0.00    0.00    1.00    14  postgres
05:31:10 PM 100998   3032499    1.00    0.00    0.00    0.00    1.00    10  postgres
05:31:10 PM 100998   3032502    0.00    1.00    0.00    0.00    1.00    12  postgres
05:31:10 PM 100998   3032518    1.00    1.00    0.00    0.00    2.00    12  postgres
05:31:10 PM 100998   3032520    1.00    1.00    0.00    0.00    2.00    12  postgres
05:31:10 PM 100998   3032521    0.00    0.00    0.00    0.00    0.00    12  postgres
05:31:10 PM 100998   3032523    0.00    0.00    0.00    0.00    0.00    10  postgres
05:31:10 PM 100998   3032525    0.00    1.00    0.00    0.00    1.00    14  postgres
05:31:10 PM 100998   3032530    0.00    0.00    0.00    0.00    0.00    12  postgres
05:31:10 PM 100998   3032539    0.00    1.00    0.00    0.00    1.00    12  postgres
05:31:10 PM 100998   3032560    0.00    0.00    0.00    0.00    0.00    10  postgres
05:31:10 PM 100998   3032564    1.00    1.00    0.00    0.00    2.00    12  postgres
05:31:10 PM 100998   3032571    0.00    1.00    0.00    0.00    1.00    12  postgres
05:31:10 PM 100998   3032592    0.00    1.00    0.00    0.00    1.00    12  postgres
05:31:10 PM 100998   3032648    0.00    0.00    0.00    0.00    0.00    14  postgres
05:31:10 PM 100998   3032701    0.00    0.00    0.00    0.00    0.00    14  postgres
05:31:10 PM 100998   3032755    0.00    1.00    0.00    0.00    1.00    12  postgres
05:31:10 PM 100998   3032796    0.00    0.00    0.00    0.00    0.00    14  postgres
05:31:10 PM 100998   3032798    0.00    0.00    0.00    0.00    0.00    14  postgres
05:31:10 PM 100998   3032799    0.00    1.00    0.00    0.00    1.00    14  postgres
05:31:10 PM 100998   3032800    0.00    0.00    0.00    0.00    0.00    14  postgres
05:31:10 PM 100998   3032801    0.00    0.00    0.00    0.00    0.00    12  postgres
05:31:10 PM 100998   3032802    1.00    0.00    0.00    0.00    1.00    10  postgres
05:31:10 PM 100998   3032803    1.00    0.00    0.00    0.00    1.00    14  postgres
05:31:10 PM 100998   3032804    0.00    0.00    0.00    0.00    0.00    10  postgres
05:31:10 PM 100998   3032807    0.00    0.00    0.00    0.00    0.00    10  postgres
05:31:10 PM 100998   3032809    0.00    1.00    0.00    0.00    1.00    14  postgres
05:31:10 PM 100998   3032811    0.00    0.00    0.00    0.00    0.00    12  postgres
05:31:10 PM 100998   3032813    0.00    0.00    0.00    0.00    0.00    10  postgres
05:31:10 PM 100998   3032818    0.00    0.00    0.00    0.00    0.00    10  postgres
05:31:10 PM 100998   3032847    0.00    0.00    0.00    0.00    0.00    14  postgres
05:31:10 PM 100998   3032851    0.00    0.00    0.00    0.00    0.00    12  postgres
05:31:10 PM 100998   3032871    0.00    0.00    0.00    0.00    0.00    10  postgres
05:31:10 PM 100998   3032922    0.00    0.00    0.00    0.00    0.00    10  postgres
05:31:10 PM 100998   3032972    0.00    0.00    0.00    0.00    0.00    14  postgres
05:31:10 PM 100998   3033023    0.00    0.00    0.00    0.00    0.00    14  postgres
05:31:10 PM 100998   3033066    0.00    0.00    0.00    0.00    0.00    14  postgres
05:31:10 PM 100998   3033081    0.00    0.00    0.00    0.00    0.00    10  postgres
05:31:10 PM 100998   3033082    0.00    0.00    0.00    0.00    0.00    10  postgres
05:31:10 PM 100998   3033083    0.00    0.00    0.00    0.00    0.00    10  postgres
05:31:10 PM 100998   3033084    0.00    1.00    0.00    0.00    1.00    14  postgres
05:31:10 PM 100998   3033085    1.00    0.00    0.00    0.00    1.00    10  postgres
05:31:10 PM 100998   3033086    0.00    0.00    0.00    0.00    0.00    10  postgres
05:31:10 PM 100998   3033087    0.00    0.00    0.00    0.00    0.00    14  postgres
05:31:10 PM 100998   3033090    0.00    0.00    0.00    0.00    0.00    14  postgres

05:31:10 PM   UID       PID    %usr %system  %guest   %wait    %CPU   CPU  Command
05:31:11 PM 100998   3032224    0.00    0.00    0.00    0.00    0.00    10  postgres
05:31:11 PM 100998   3032225    0.00    0.00    0.00    0.00    0.00    12  postgres
05:31:11 PM 100998   3032227    0.00    0.00    0.00    0.00    0.00    14  postgres
05:31:11 PM 100998   3032228    0.00    0.00    0.00    0.00    0.00    12  postgres
05:31:11 PM 100998   3032489    1.00    0.00    0.00    0.00    1.00    14  postgres
05:31:11 PM 100998   3032493    1.00    1.00    0.00    0.00    2.00    14  postgres
05:31:11 PM 100998   3032494    1.00    0.00    0.00    0.00    1.00    10  postgres
05:31:11 PM 100998   3032495    0.00    0.00    0.00    0.00    0.00    12  postgres
05:31:11 PM 100998   3032496    1.00    1.00    0.00    0.00    2.00    12  postgres
05:31:11 PM 100998   3032497    0.00    1.00    0.00    0.00    1.00    12  postgres
05:31:11 PM 100998   3032499    0.00    1.00    0.00    0.00    1.00    10  postgres
05:31:11 PM 100998   3032502    1.00    0.00    0.00    0.00    1.00    14  postgres
05:31:11 PM 100998   3032518    0.00    0.00    0.00    0.00    0.00    10  postgres
05:31:11 PM 100998   3032520    0.00    0.00    0.00    0.00    0.00    14  postgres
05:31:11 PM 100998   3032521    1.00    0.00    0.00    0.00    1.00    10  postgres
05:31:11 PM 100998   3032523    1.00    1.00    0.00    0.00    2.00    14  postgres
05:31:11 PM 100998   3032525    1.00    0.00    0.00    0.00    1.00    10  postgres
05:31:11 PM 100998   3032530    0.00    1.00    0.00    0.00    1.00    12  postgres
05:31:11 PM 100998   3032539    1.00    0.00    0.00    0.00    1.00    12  postgres
05:31:11 PM 100998   3032560    0.00    0.00    0.00    0.00    0.00    14  postgres
05:31:11 PM 100998   3032564    0.00    0.00    0.00    0.00    0.00    12  postgres
05:31:11 PM 100998   3032571    1.00    0.00    0.00    0.00    1.00    10  postgres
05:31:11 PM 100998   3032592    0.00    0.00    0.00    0.00    0.00    12  postgres
05:31:11 PM 100998   3032648    0.00    0.00    0.00    0.00    0.00    14  postgres
05:31:11 PM 100998   3032701    0.00    0.00    0.00    0.00    0.00    14  postgres
05:31:11 PM 100998   3032755    0.00    0.00    0.00    0.00    0.00    14  postgres
05:31:11 PM 100998   3032796    0.00    0.00    0.00    0.00    0.00    14  postgres
05:31:11 PM 100998   3032798    0.00    1.00    0.00    0.00    1.00    12  postgres
05:31:11 PM 100998   3032799    1.00    0.00    0.00    0.00    1.00    14  postgres
05:31:11 PM 100998   3032800    1.00    0.00    0.00    0.00    1.00    10  postgres
05:31:11 PM 100998   3032801    1.00    0.00    0.00    0.00    1.00    10  postgres
05:31:11 PM 100998   3032802    0.00    0.00    0.00    0.00    0.00    12  postgres
05:31:11 PM 100998   3032803    0.00    0.00    0.00    0.00    0.00    14  postgres
05:31:11 PM 100998   3032804    0.00    0.00    0.00    0.00    0.00    10  postgres
05:31:11 PM 100998   3032807    0.00    1.00    0.00    0.00    1.00    10  postgres
05:31:11 PM 100998   3032809    0.00    0.00    0.00    0.00    0.00    14  postgres
05:31:11 PM 100998   3032811    0.00    0.00    0.00    0.00    0.00    10  postgres
05:31:11 PM 100998   3032813    0.00    0.00    0.00    0.00    0.00    10  postgres
05:31:11 PM 100998   3032818    0.00    0.00    0.00    0.00    0.00    12  postgres
05:31:11 PM 100998   3032847    0.00    0.00    0.00    0.00    0.00    12  postgres
05:31:11 PM 100998   3032851    0.00    0.00    0.00    0.00    0.00    12  postgres
05:31:11 PM 100998   3032871    0.00    0.00    0.00    0.00    0.00    10  postgres
05:31:11 PM 100998   3032922    0.00    0.00    0.00    0.00    0.00    14  postgres
05:31:11 PM 100998   3032972    1.00    0.00    0.00    0.00    1.00    10  postgres
05:31:11 PM 100998   3033023    0.00    0.00    0.00    0.00    0.00    12  postgres
05:31:11 PM 100998   3033066    0.00    0.00    0.00    0.00    0.00    14  postgres
05:31:11 PM 100998   3033081    0.00    0.00    0.00    0.00    0.00    12  postgres
05:31:11 PM 100998   3033082    0.00    1.00    0.00    0.00    1.00    10  postgres
05:31:11 PM 100998   3033083    0.00    0.00    0.00    0.00    0.00    10  postgres
05:31:11 PM 100998   3033084    0.00    0.00    0.00    0.00    0.00    10  postgres
05:31:11 PM 100998   3033085    0.00    0.00    0.00    0.00    0.00    10  postgres
05:31:11 PM 100998   3033086    0.00    0.00    0.00    0.00    0.00    12  postgres
05:31:11 PM 100998   3033087    0.00    0.00    0.00    0.00    0.00    14  postgres
05:31:11 PM 100998   3033090    1.00    0.00    0.00    0.00    1.00    10  postgres

05:31:11 PM   UID       PID    %usr %system  %guest   %wait    %CPU   CPU  Command
05:31:12 PM 100998   3032224    0.00    0.00    0.00    0.00    0.00    10  postgres
05:31:12 PM 100998   3032225    0.00    0.00    0.00    0.00    0.00    12  postgres
05:31:12 PM 100998   3032227    0.00    0.00    0.00    0.00    0.00    14  postgres
05:31:12 PM 100998   3032228    0.00    0.00    0.00    0.00    0.00    12  postgres
05:31:12 PM 100998   3032489    1.00    0.00    0.00    0.00    1.00    14  postgres
05:31:12 PM 100998   3032493    1.00    0.00    0.00    0.00    1.00    14  postgres
05:31:12 PM 100998   3032494    1.00    0.00    0.00    0.00    1.00    12  postgres
05:31:12 PM 100998   3032495    2.00    1.00    0.00    0.00    3.00    10  postgres
05:31:12 PM 100998   3032496    1.00    0.00    0.00    0.00    1.00    12  postgres
05:31:12 PM 100998   3032497    1.00    1.00    0.00    0.00    2.00    12  postgres
05:31:12 PM 100998   3032499    1.00    1.00    0.00    0.00    2.00    12  postgres
05:31:12 PM 100998   3032502    1.00    1.00    0.00    0.00    2.00    10  postgres
05:31:12 PM 100998   3032518    1.00    0.00    0.00    0.00    1.00    12  postgres
05:31:12 PM 100998   3032520    1.00    0.00    0.00    0.00    1.00    10  postgres
05:31:12 PM 100998   3032521    0.00    1.00    0.00    0.00    1.00    10  postgres
05:31:12 PM 100998   3032523    0.00    0.00    0.00    0.00    0.00    10  postgres
05:31:12 PM 100998   3032525    0.00    0.00    0.00    0.00    0.00    12  postgres
05:31:12 PM 100998   3032530    1.00    0.00    0.00    0.00    1.00    10  postgres
05:31:12 PM 100998   3032539    0.00    0.00    0.00    0.00    0.00    12  postgres
05:31:12 PM 100998   3032560    1.00    0.00    0.00    0.00    1.00    12  postgres
05:31:12 PM 100998   3032564    1.00    0.00    0.00    0.00    1.00    10  postgres
05:31:12 PM 100998   3032571    0.00    0.00    0.00    0.00    0.00    12  postgres
05:31:12 PM 100998   3032592    1.00    0.00    0.00    0.00    1.00    12  postgres
05:31:12 PM 100998   3032648    0.00    0.00    0.00    0.00    0.00    10  postgres
05:31:12 PM 100998   3032701    0.00    0.00    0.00    0.00    0.00    14  postgres
05:31:12 PM 100998   3032755    0.00    0.00    0.00    0.00    0.00    14  postgres
05:31:12 PM 100998   3032796    1.00    0.00    0.00    0.00    1.00    12  postgres
05:31:12 PM 100998   3032798    0.00    0.00    0.00    0.00    0.00    14  postgres
05:31:12 PM 100998   3032799    0.00    0.00    0.00    0.00    0.00    10  postgres
05:31:12 PM 100998   3032800    0.00    0.00    0.00    0.00    0.00    10  postgres
05:31:12 PM 100998   3032801    0.00    0.00    0.00    0.00    0.00    12  postgres
05:31:12 PM 100998   3032802    0.00    0.00    0.00    0.00    0.00    12  postgres
05:31:12 PM 100998   3032803    0.00    0.00    0.00    0.00    0.00    12  postgres
05:31:12 PM 100998   3032804    0.00    0.00    0.00    0.00    0.00    14  postgres
05:31:12 PM 100998   3032807    1.00    0.00    0.00    0.00    1.00    14  postgres
05:31:12 PM 100998   3032809    1.00    0.00    0.00    0.00    1.00    12  postgres
05:31:12 PM 100998   3032811    0.00    0.00    0.00    0.00    0.00    12  postgres
05:31:12 PM 100998   3032813    0.00    0.00    0.00    0.00    0.00    14  postgres
05:31:12 PM 100998   3032818    0.00    0.00    0.00    0.00    0.00    10  postgres
05:31:12 PM 100998   3032847    0.00    0.00    0.00    0.00    0.00    12  postgres
05:31:12 PM 100998   3032851    1.00    0.00    0.00    0.00    1.00    10  postgres
05:31:12 PM 100998   3032871    0.00    0.00    0.00    0.00    0.00    12  postgres
05:31:12 PM 100998   3032922    1.00    0.00    0.00    0.00    1.00    10  postgres
05:31:12 PM 100998   3032972    0.00    1.00    0.00    0.00    1.00    14  postgres
05:31:12 PM 100998   3033023    1.00    0.00    0.00    0.00    1.00    12  postgres
05:31:12 PM 100998   3033066    0.00    0.00    0.00    0.00    0.00    14  postgres
05:31:12 PM 100998   3033081    0.00    0.00    0.00    0.00    0.00    14  postgres
05:31:12 PM 100998   3033082    0.00    0.00    0.00    0.00    0.00    12  postgres
05:31:12 PM 100998   3033083    0.00    0.00    0.00    0.00    0.00    10  postgres
05:31:12 PM 100998   3033084    0.00    0.00    0.00    0.00    0.00    10  postgres
05:31:12 PM 100998   3033085    0.00    0.00    0.00    0.00    0.00    12  postgres
05:31:12 PM 100998   3033086    0.00    0.00    0.00    0.00    0.00    14  postgres
05:31:12 PM 100998   3033087    0.00    0.00    0.00    0.00    0.00    10  postgres
05:31:12 PM 100998   3033090    0.00    0.00    0.00    0.00    0.00    10  postgres

05:31:12 PM   UID       PID    %usr %system  %guest   %wait    %CPU   CPU  Command
05:31:13 PM 100998   3032224    0.00    0.00    0.00    0.00    0.00    10  postgres
05:31:13 PM 100998   3032225    0.00    0.00    0.00    0.00    0.00    12  postgres
05:31:13 PM 100998   3032227    0.00    0.00    0.00    0.00    0.00    14  postgres
05:31:13 PM 100998   3032228    0.00    0.00    0.00    0.00    0.00    12  postgres
05:31:13 PM 100998   3032489    2.00    1.00    0.00    0.00    3.00    10  postgres
05:31:13 PM 100998   3032493    1.00    1.00    0.00    0.00    2.00    12  postgres
05:31:13 PM 100998   3032494    1.00    1.00    0.00    0.00    2.00    12  postgres
05:31:13 PM 100998   3032495    1.00    0.00    0.00    0.00    1.00    12  postgres
05:31:13 PM 100998   3032496    1.00    1.00    0.00    0.00    2.00    14  postgres
05:31:13 PM 100998   3032497    2.00    0.00    0.00    0.00    2.00    10  postgres
05:31:13 PM 100998   3032499    1.00    0.00    0.00    0.00    1.00    10  postgres
05:31:13 PM 100998   3032502    1.00    0.00    0.00    0.00    1.00    14  postgres
05:31:13 PM 100998   3032518    0.00    0.00    0.00    0.00    0.00    10  postgres
05:31:13 PM 100998   3032520    1.00    1.00    0.00    0.00    2.00    12  postgres
05:31:13 PM 100998   3032521    1.00    0.00    0.00    0.00    1.00    10  postgres
05:31:13 PM 100998   3032523    1.00    0.00    0.00    0.00    1.00    14  postgres
05:31:13 PM 100998   3032525    1.00    0.00    0.00    0.00    1.00    12  postgres
05:31:13 PM 100998   3032530    0.00    0.00    0.00    0.00    0.00    10  postgres
05:31:13 PM 100998   3032539    0.00    0.00    0.00    0.00    0.00    10  postgres
05:31:13 PM 100998   3032560    0.00    0.00    0.00    0.00    0.00    12  postgres
05:31:13 PM 100998   3032564    0.00    0.00    0.00    0.00    0.00    10  postgres
05:31:13 PM 100998   3032571    1.00    0.00    0.00    0.00    1.00    12  postgres
05:31:13 PM 100998   3032592    0.00    0.00    0.00    0.00    0.00    10  postgres
05:31:13 PM 100998   3032648    0.00    1.00    0.00    0.00    1.00    10  postgres
05:31:13 PM 100998   3032701    1.00    1.00    0.00    0.00    2.00    10  postgres
05:31:13 PM 100998   3032755    0.00    0.00    0.00    0.00    0.00    14  postgres
05:31:13 PM 100998   3032796    0.00    1.00    0.00    0.00    1.00    14  postgres
05:31:13 PM 100998   3032798    1.00    0.00    0.00    0.00    1.00    12  postgres
05:31:13 PM 100998   3032799    0.00    0.00    0.00    0.00    0.00    14  postgres
05:31:13 PM 100998   3032800    0.00    0.00    0.00    0.00    0.00    10  postgres
05:31:13 PM 100998   3032801    0.00    0.00    0.00    0.00    0.00    10  postgres
05:31:13 PM 100998   3032802    0.00    0.00    0.00    0.00    0.00    10  postgres
05:31:13 PM 100998   3032803    0.00    0.00    0.00    0.00    0.00    14  postgres
05:31:13 PM 100998   3032804    0.00    0.00    0.00    0.00    0.00    12  postgres
05:31:13 PM 100998   3032807    0.00    0.00    0.00    0.00    0.00    12  postgres
05:31:13 PM 100998   3032809    0.00    0.00    0.00    0.00    0.00    12  postgres
05:31:13 PM 100998   3032811    0.00    0.00    0.00    0.00    0.00    12  postgres
05:31:13 PM 100998   3032813    1.00    0.00    0.00    0.00    1.00    10  postgres
05:31:13 PM 100998   3032818    0.00    0.00    0.00    0.00    0.00    10  postgres
05:31:13 PM 100998   3032847    0.00    0.00    0.00    0.00    0.00    10  postgres
05:31:13 PM 100998   3032851    0.00    0.00    0.00    0.00    0.00    10  postgres
05:31:13 PM 100998   3032871    0.00    0.00    0.00    0.00    0.00    12  postgres
05:31:13 PM 100998   3032922    0.00    0.00    0.00    0.00    0.00    14  postgres
05:31:13 PM 100998   3032972    0.00    0.00    0.00    0.00    0.00    14  postgres
05:31:13 PM 100998   3033023    0.00    1.00    0.00    0.00    1.00    12  postgres
05:31:13 PM 100998   3033066    0.00    0.00    0.00    0.00    0.00    12  postgres
05:31:13 PM 100998   3033081    1.00    0.00    0.00    0.00    1.00    10  postgres
05:31:13 PM 100998   3033082    0.00    0.00    0.00    0.00    0.00    12  postgres
05:31:13 PM 100998   3033083    0.00    0.00    0.00    0.00    0.00    10  postgres
05:31:13 PM 100998   3033084    0.00    0.00    0.00    0.00    0.00    10  postgres
05:31:13 PM 100998   3033085    0.00    0.00    0.00    0.00    0.00    12  postgres
05:31:13 PM 100998   3033086    0.00    0.00    0.00    0.00    0.00    10  postgres
05:31:13 PM 100998   3033087    0.00    0.00    0.00    0.00    0.00    14  postgres
05:31:13 PM 100998   3033090    0.00    0.00    0.00    0.00    0.00    10  postgres

05:31:13 PM   UID       PID    %usr %system  %guest   %wait    %CPU   CPU  Command
05:31:14 PM 100998   3032224    0.00    0.00    0.00    0.00    0.00    10  postgres
05:31:14 PM 100998   3032225    0.00    0.00    0.00    0.00    0.00    12  postgres
05:31:14 PM 100998   3032227    0.00    0.00    0.00    0.00    0.00    14  postgres
05:31:14 PM 100998   3032228    0.00    0.00    0.00    0.00    0.00    12  postgres
05:31:14 PM 100998   3032489    1.00    1.00    0.00    0.00    2.00    10  postgres
05:31:14 PM 100998   3032493    1.00    0.00    0.00    0.00    1.00    14  postgres
05:31:14 PM 100998   3032494    1.00    1.00    0.00    0.00    2.00    10  postgres
05:31:14 PM 100998   3032495    1.00    1.00    0.00    0.00    2.00    14  postgres
05:31:14 PM 100998   3032496    1.00    0.00    0.00    0.00    1.00    12  postgres
05:31:14 PM 100998   3032497    1.00    1.00    0.00    0.00    2.00    10  postgres
05:31:14 PM 100998   3032499    0.00    1.00    0.00    0.00    1.00    10  postgres
05:31:14 PM 100998   3032502    0.00    0.00    0.00    0.00    0.00    10  postgres
05:31:14 PM 100998   3032518    1.00    0.00    0.00    0.00    1.00    14  postgres
05:31:14 PM 100998   3032520    0.00    0.00    0.00    0.00    0.00    12  postgres
05:31:14 PM 100998   3032521    0.00    0.00    0.00    0.00    0.00    12  postgres
05:31:14 PM 100998   3032523    0.00    0.00    0.00    0.00    0.00    12  postgres
05:31:14 PM 100998   3032525    0.00    0.00    0.00    0.00    0.00    14  postgres
05:31:14 PM 100998   3032530    1.00    0.00    0.00    0.00    1.00    14  postgres
05:31:14 PM 100998   3032539    1.00    0.00    0.00    0.00    1.00    14  postgres
05:31:14 PM 100998   3032560    0.00    1.00    0.00    0.00    1.00    12  postgres
05:31:14 PM 100998   3032564    0.00    0.00    0.00    0.00    0.00    10  postgres
05:31:14 PM 100998   3032571    0.00    1.00    0.00    0.00    1.00    12  postgres
05:31:14 PM 100998   3032592    0.00    0.00    0.00    0.00    0.00    10  postgres
05:31:14 PM 100998   3032648    1.00    0.00    0.00    0.00    1.00    12  postgres
05:31:14 PM 100998   3032701    0.00    0.00    0.00    0.00    0.00    14  postgres
05:31:14 PM 100998   3032755    0.00    0.00    0.00    0.00    0.00    12  postgres
05:31:14 PM 100998   3032796    1.00    0.00    0.00    0.00    1.00    14  postgres
05:31:14 PM 100998   3032798    0.00    0.00    0.00    0.00    0.00    14  postgres
05:31:14 PM 100998   3032799    0.00    0.00    0.00    0.00    0.00    10  postgres
05:31:14 PM 100998   3032800    0.00    0.00    0.00    0.00    0.00    12  postgres
05:31:14 PM 100998   3032801    0.00    1.00    0.00    0.00    1.00    14  postgres
05:31:14 PM 100998   3032802    0.00    0.00    0.00    0.00    0.00    14  postgres
05:31:14 PM 100998   3032803    0.00    0.00    0.00    0.00    0.00    12  postgres
05:31:14 PM 100998   3032804    0.00    0.00    0.00    0.00    0.00    12  postgres
05:31:14 PM 100998   3032807    0.00    0.00    0.00    0.00    0.00    10  postgres
05:31:14 PM 100998   3032809    0.00    0.00    0.00    0.00    0.00    10  postgres
05:31:14 PM 100998   3032811    0.00    0.00    0.00    0.00    0.00    12  postgres
05:31:14 PM 100998   3032813    0.00    0.00    0.00    0.00    0.00    14  postgres
05:31:14 PM 100998   3032818    0.00    0.00    0.00    0.00    0.00    14  postgres
05:31:14 PM 100998   3032847    0.00    0.00    0.00    0.00    0.00    10  postgres
05:31:14 PM 100998   3032851    0.00    0.00    0.00    0.00    0.00    12  postgres
05:31:14 PM 100998   3032871    1.00    1.00    0.00    0.00    2.00    12  postgres
05:31:14 PM 100998   3032922    0.00    0.00    0.00    0.00    0.00    12  postgres
05:31:14 PM 100998   3032972    0.00    0.00    0.00    0.00    0.00    10  postgres
05:31:14 PM 100998   3033023    0.00    0.00    0.00    0.00    0.00    14  postgres
05:31:14 PM 100998   3033066    0.00    0.00    0.00    0.00    0.00    12  postgres
05:31:14 PM 100998   3033081    0.00    0.00    0.00    0.00    0.00    12  postgres
05:31:14 PM 100998   3033082    0.00    0.00    0.00    0.00    0.00    10  postgres
05:31:14 PM 100998   3033083    1.00    1.00    0.00    0.00    2.00    10  postgres
05:31:14 PM 100998   3033084    0.00    0.00    0.00    0.00    0.00    14  postgres
05:31:14 PM 100998   3033085    1.00    0.00    0.00    0.00    1.00    10  postgres
05:31:14 PM 100998   3033086    1.00    0.00    0.00    0.00    1.00    14  postgres
05:31:14 PM 100998   3033087    0.00    0.00    0.00    0.00    0.00    12  postgres
05:31:14 PM 100998   3033090    0.00    0.00    0.00    0.00    0.00    14  postgres

05:31:14 PM   UID       PID    %usr %system  %guest   %wait    %CPU   CPU  Command
05:31:15 PM 100998   3032224    0.00    0.00    0.00    0.00    0.00    10  postgres
05:31:15 PM 100998   3032225    0.00    0.00    0.00    0.00    0.00    10  postgres
05:31:15 PM 100998   3032227    0.00    0.00    0.00    0.00    0.00    14  postgres
05:31:15 PM 100998   3032228    0.00    0.00    0.00    0.00    0.00    12  postgres
05:31:15 PM 100998   3032489    1.00    0.00    0.00    0.00    1.00    14  postgres
05:31:15 PM 100998   3032493    1.00    1.00    0.00    0.00    2.00    12  postgres
05:31:15 PM 100998   3032494    0.00    0.00    0.00    0.00    0.00    10  postgres
05:31:15 PM 100998   3032495    1.00    0.00    0.00    0.00    1.00    14  postgres
05:31:15 PM 100998   3032496    0.00    1.00    0.00    0.00    1.00    14  postgres
05:31:15 PM 100998   3032497    1.00    0.00    0.00    0.00    1.00    10  postgres
05:31:15 PM 100998   3032499    1.00    0.00    0.00    0.00    1.00    14  postgres
05:31:15 PM 100998   3032502    0.00    1.00    0.00    0.00    1.00    10  postgres
05:31:15 PM 100998   3032518    1.00    0.00    0.00    0.00    1.00    12  postgres
05:31:15 PM 100998   3032520    0.00    0.00    0.00    0.00    0.00    10  postgres
05:31:15 PM 100998   3032521    0.00    1.00    0.00    0.00    1.00    14  postgres
05:31:15 PM 100998   3032523    0.00    1.00    0.00    0.00    1.00    14  postgres
05:31:15 PM 100998   3032525    0.00    1.00    0.00    0.00    1.00    12  postgres
05:31:15 PM 100998   3032530    0.00    0.00    0.00    0.00    0.00    14  postgres
05:31:15 PM 100998   3032539    0.00    1.00    0.00    0.00    1.00    10  postgres
05:31:15 PM 100998   3032560    1.00    0.00    0.00    0.00    1.00    14  postgres
05:31:15 PM 100998   3032564    0.00    0.00    0.00    0.00    0.00    12  postgres
05:31:15 PM 100998   3032571    0.00    0.00    0.00    0.00    0.00    12  postgres
05:31:15 PM 100998   3032592    0.00    1.00    0.00    0.00    1.00    14  postgres
05:31:15 PM 100998   3032648    0.00    0.00    0.00    0.00    0.00    12  postgres
05:31:15 PM 100998   3032701    0.00    0.00    0.00    0.00    0.00    12  postgres
05:31:15 PM 100998   3032755    1.00    0.00    0.00    0.00    1.00    12  postgres
05:31:15 PM 100998   3032796    0.00    0.00    0.00    0.00    0.00    12  postgres
05:31:15 PM 100998   3032798    0.00    0.00    0.00    0.00    0.00    12  postgres
05:31:15 PM 100998   3032799    1.00    0.00    0.00    0.00    1.00    14  postgres
05:31:15 PM 100998   3032800    0.00    0.00    0.00    0.00    0.00    14  postgres
05:31:15 PM 100998   3032801    0.00    0.00    0.00    0.00    0.00    10  postgres
05:31:15 PM 100998   3032802    1.00    0.00    0.00    0.00    1.00    12  postgres
05:31:15 PM 100998   3032803    0.00    0.00    0.00    0.00    0.00    14  postgres
05:31:15 PM 100998   3032804    0.00    0.00    0.00    0.00    0.00    10  postgres
05:31:15 PM 100998   3032807    0.00    0.00    0.00    0.00    0.00    10  postgres
05:31:15 PM 100998   3032809    1.00    0.00    0.00    0.00    1.00    10  postgres
05:31:15 PM 100998   3032811    1.00    0.00    0.00    0.00    1.00    12  postgres
05:31:15 PM 100998   3032813    0.00    0.00    0.00    0.00    0.00    12  postgres
05:31:15 PM 100998   3032818    1.00    0.00    0.00    0.00    1.00    14  postgres
05:31:15 PM 100998   3032847    1.00    0.00    0.00    0.00    1.00    10  postgres
05:31:15 PM 100998   3032851    0.00    0.00    0.00    0.00    0.00    12  postgres
05:31:15 PM 100998   3032871    0.00    0.00    0.00    0.00    0.00    12  postgres
05:31:15 PM 100998   3032922    0.00    0.00    0.00    0.00    0.00    14  postgres
05:31:15 PM 100998   3032972    0.00    0.00    0.00    0.00    0.00    14  postgres
05:31:15 PM 100998   3033023    0.00    0.00    0.00    0.00    0.00    12  postgres
05:31:15 PM 100998   3033066    0.00    1.00    0.00    0.00    1.00    10  postgres
05:31:15 PM 100998   3033081    0.00    0.00    0.00    0.00    0.00    12  postgres
05:31:15 PM 100998   3033082    0.00    0.00    0.00    0.00    0.00    10  postgres
05:31:15 PM 100998   3033083    0.00    0.00    0.00    0.00    0.00    14  postgres
05:31:15 PM 100998   3033084    0.00    0.00    0.00    0.00    0.00    10  postgres
05:31:15 PM 100998   3033085    0.00    0.00    0.00    0.00    0.00    10  postgres
05:31:15 PM 100998   3033086    0.00    0.00    0.00    0.00    0.00    10  postgres
05:31:15 PM 100998   3033087    0.00    1.00    0.00    0.00    1.00    12  postgres
05:31:15 PM 100998   3033090    0.00    1.00    0.00    0.00    1.00    10  postgres

05:31:15 PM   UID       PID    %usr %system  %guest   %wait    %CPU   CPU  Command
05:31:16 PM 100998   3032224    0.00    0.00    0.00    0.00    0.00    10  postgres
05:31:16 PM 100998   3032225    0.00    0.00    0.00    0.00    0.00    10  postgres
05:31:16 PM 100998   3032227    0.00    0.00    0.00    0.00    0.00    14  postgres
05:31:16 PM 100998   3032228    0.00    0.00    0.00    0.00    0.00    12  postgres
05:31:16 PM 100998   3032489    1.00    0.00    0.00    0.00    1.00    10  postgres
05:31:16 PM 100998   3032493    0.00    0.00    0.00    0.00    0.00    14  postgres
05:31:16 PM 100998   3032494    1.00    1.00    0.00    0.00    2.00    14  postgres
05:31:16 PM 100998   3032495    0.00    0.00    0.00    0.00    0.00    10  postgres
05:31:16 PM 100998   3032496    1.00    1.00    0.00    0.00    2.00    14  postgres
05:31:16 PM 100998   3032497    0.00    1.00    0.00    0.00    1.00    14  postgres
05:31:16 PM 100998   3032499    1.00    1.00    0.00    0.00    2.00    14  postgres
05:31:16 PM 100998   3032502    1.00    0.00    0.00    0.00    1.00    14  postgres
05:31:16 PM 100998   3032518    0.00    1.00    0.00    0.00    1.00    12  postgres
05:31:16 PM 100998   3032520    1.00    1.00    0.00    0.00    2.00    14  postgres
05:31:16 PM 100998   3032521    1.00    0.00    0.00    0.00    1.00    10  postgres
05:31:16 PM 100998   3032523    1.00    0.00    0.00    0.00    1.00    10  postgres
05:31:16 PM 100998   3032525    1.00    0.00    0.00    0.00    1.00    12  postgres
05:31:16 PM 100998   3032530    1.00    1.00    0.00    0.00    2.00    14  postgres
05:31:16 PM 100998   3032539    0.00    0.00    0.00    0.00    0.00    12  postgres
05:31:16 PM 100998   3032560    0.00    0.00    0.00    0.00    0.00    10  postgres
05:31:16 PM 100998   3032564    0.00    0.00    0.00    0.00    0.00    12  postgres
05:31:16 PM 100998   3032571    1.00    0.00    0.00    0.00    1.00    12  postgres
05:31:16 PM 100998   3032592    1.00    0.00    0.00    0.00    1.00    14  postgres
05:31:16 PM 100998   3032648    0.00    0.00    0.00    0.00    0.00    14  postgres
05:31:16 PM 100998   3032701    1.00    0.00    0.00    0.00    1.00    12  postgres
05:31:16 PM 100998   3032755    0.00    0.00    0.00    0.00    0.00    14  postgres
05:31:16 PM 100998   3032796    0.00    0.00    0.00    0.00    0.00    12  postgres
05:31:16 PM 100998   3032798    1.00    0.00    0.00    0.00    1.00    14  postgres
05:31:16 PM 100998   3032799    0.00    0.00    0.00    0.00    0.00    10  postgres
05:31:16 PM 100998   3032800    1.00    1.00    0.00    0.00    2.00    10  postgres
05:31:16 PM 100998   3032801    1.00    0.00    0.00    0.00    1.00    14  postgres
05:31:16 PM 100998   3032802    0.00    0.00    0.00    0.00    0.00    12  postgres
05:31:16 PM 100998   3032803    1.00    0.00    0.00    0.00    1.00    10  postgres
05:31:16 PM 100998   3032804    1.00    0.00    0.00    0.00    1.00    14  postgres
05:31:16 PM 100998   3032807    0.00    0.00    0.00    0.00    0.00    10  postgres
05:31:16 PM 100998   3032809    0.00    0.00    0.00    0.00    0.00    10  postgres
05:31:16 PM 100998   3032811    0.00    0.00    0.00    0.00    0.00    10  postgres
05:31:16 PM 100998   3032813    1.00    1.00    0.00    0.00    2.00    14  postgres
05:31:16 PM 100998   3032818    0.00    0.00    0.00    0.00    0.00    14  postgres
05:31:16 PM 100998   3032847    0.00    1.00    0.00    0.00    1.00    14  postgres
05:31:16 PM 100998   3032851    0.00    0.00    0.00    0.00    0.00    12  postgres
05:31:16 PM 100998   3032871    0.00    0.00    0.00    0.00    0.00    10  postgres
05:31:16 PM 100998   3032922    0.00    0.00    0.00    0.00    0.00    12  postgres
05:31:16 PM 100998   3032972    0.00    0.00    0.00    0.00    0.00    14  postgres
05:31:16 PM 100998   3033023    0.00    0.00    0.00    0.00    0.00    12  postgres
05:31:16 PM 100998   3033066    1.00    0.00    0.00    0.00    1.00    14  postgres
05:31:16 PM 100998   3033081    0.00    0.00    0.00    0.00    0.00    10  postgres
05:31:16 PM 100998   3033082    0.00    0.00    0.00    0.00    0.00    14  postgres
05:31:16 PM 100998   3033083    0.00    0.00    0.00    0.00    0.00    14  postgres
05:31:16 PM 100998   3033084    1.00    0.00    0.00    0.00    1.00    14  postgres
05:31:16 PM 100998   3033085    0.00    0.00    0.00    0.00    0.00    10  postgres
05:31:16 PM 100998   3033086    0.00    1.00    0.00    0.00    1.00    12  postgres
05:31:16 PM 100998   3033087    1.00    0.00    0.00    0.00    1.00    12  postgres
05:31:16 PM 100998   3033090    0.00    0.00    0.00    0.00    0.00    14  postgres

05:31:16 PM   UID       PID    %usr %system  %guest   %wait    %CPU   CPU  Command
05:31:17 PM 100998   3032224    0.00    0.00    0.00    0.00    0.00    10  postgres
05:31:17 PM 100998   3032225    0.00    0.00    0.00    0.00    0.00    10  postgres
05:31:17 PM 100998   3032227    0.00    0.00    0.00    0.00    0.00    14  postgres
05:31:17 PM 100998   3032228    0.00    0.00    0.00    0.00    0.00    12  postgres
05:31:17 PM 100998   3032489    0.00    1.00    0.00    0.00    1.00    12  postgres
05:31:17 PM 100998   3032493    0.00    1.00    0.00    0.00    1.00    10  postgres
05:31:17 PM 100998   3032494    0.00    0.00    0.00    0.00    0.00    12  postgres
05:31:17 PM 100998   3032495    1.00    1.00    0.00    0.00    2.00    10  postgres
05:31:17 PM 100998   3032496    0.00    0.00    0.00    0.00    0.00    12  postgres
05:31:17 PM 100998   3032497    0.00    0.00    0.00    0.00    0.00    12  postgres
05:31:17 PM 100998   3032499    0.00    0.00    0.00    0.00    0.00    14  postgres
05:31:17 PM 100998   3032502    0.00    1.00    0.00    0.00    1.00    12  postgres
05:31:17 PM 100998   3032518    1.00    0.00    0.00    0.00    1.00    12  postgres
05:31:17 PM 100998   3032520    1.00    0.00    0.00    0.00    1.00    10  postgres
05:31:17 PM 100998   3032521    0.00    0.00    0.00    0.00    0.00    12  postgres
05:31:17 PM 100998   3032523    0.00    0.00    0.00    0.00    0.00    12  postgres
05:31:17 PM 100998   3032525    0.00    0.00    0.00    0.00    0.00    10  postgres
05:31:17 PM 100998   3032530    0.00    0.00    0.00    0.00    0.00    14  postgres
05:31:17 PM 100998   3032539    0.00    0.00    0.00    0.00    0.00    12  postgres
05:31:17 PM 100998   3032560    0.00    0.00    0.00    0.00    0.00    10  postgres
05:31:17 PM 100998   3032564    0.00    1.00    0.00    0.00    1.00    10  postgres
05:31:17 PM 100998   3032571    0.00    1.00    0.00    0.00    1.00    10  postgres
05:31:17 PM 100998   3032592    0.00    0.00    0.00    0.00    0.00    14  postgres
05:31:17 PM 100998   3032648    1.00    1.00    0.00    0.00    2.00    12  postgres
05:31:17 PM 100998   3032701    0.00    0.00    0.00    0.00    0.00    14  postgres
05:31:17 PM 100998   3032755    0.00    0.00    0.00    0.00    0.00    14  postgres
05:31:17 PM 100998   3032796    1.00    0.00    0.00    0.00    1.00    10  postgres
05:31:17 PM 100998   3032798    0.00    0.00    0.00    0.00    0.00    12  postgres
05:31:17 PM 100998   3032799    0.00    1.00    0.00    0.00    1.00    14  postgres
05:31:17 PM 100998   3032800    0.00    0.00    0.00    0.00    0.00    10  postgres
05:31:17 PM 100998   3032801    0.00    1.00    0.00    0.00    1.00    10  postgres
05:31:17 PM 100998   3032802    0.00    1.00    0.00    0.00    1.00    14  postgres
05:31:17 PM 100998   3032803    0.00    0.00    0.00    0.00    0.00    14  postgres
05:31:17 PM 100998   3032804    0.00    0.00    0.00    0.00    0.00    12  postgres
05:31:17 PM 100998   3032807    0.00    0.00    0.00    0.00    0.00    12  postgres
05:31:17 PM 100998   3032809    0.00    0.00    0.00    0.00    0.00    10  postgres
05:31:17 PM 100998   3032811    0.00    0.00    0.00    0.00    0.00    10  postgres
05:31:17 PM 100998   3032813    0.00    0.00    0.00    0.00    0.00    12  postgres
05:31:17 PM 100998   3032818    0.00    0.00    0.00    0.00    0.00    14  postgres
05:31:17 PM 100998   3032847    0.00    0.00    0.00    0.00    0.00    14  postgres
05:31:17 PM 100998   3032851    0.00    0.00    0.00    0.00    0.00    14  postgres
05:31:17 PM 100998   3032871    0.00    0.00    0.00    0.00    0.00    12  postgres
05:31:17 PM 100998   3032922    1.00    1.00    0.00    0.00    2.00    12  postgres
05:31:17 PM 100998   3032972    0.00    0.00    0.00    0.00    0.00    12  postgres
05:31:17 PM 100998   3033023    1.00    0.00    0.00    0.00    1.00    14  postgres
05:31:17 PM 100998   3033066    0.00    0.00    0.00    0.00    0.00    12  postgres
05:31:17 PM 100998   3033081    0.00    0.00    0.00    0.00    0.00    12  postgres
05:31:17 PM 100998   3033082    1.00    0.00    0.00    0.00    1.00    10  postgres
05:31:17 PM 100998   3033083    0.00    0.00    0.00    0.00    0.00    12  postgres
05:31:17 PM 100998   3033084    0.00    1.00    0.00    0.00    1.00    14  postgres
05:31:17 PM 100998   3033085    0.00    0.00    0.00    0.00    0.00    12  postgres
05:31:17 PM 100998   3033086    0.00    0.00    0.00    0.00    0.00    14  postgres
05:31:17 PM 100998   3033087    0.00    0.00    0.00    0.00    0.00    10  postgres
05:31:17 PM 100998   3033090    1.00    0.00    0.00    0.00    1.00    14  postgres

05:31:17 PM   UID       PID    %usr %system  %guest   %wait    %CPU   CPU  Command
05:31:18 PM 100998   3032224    0.00    0.00    0.00    0.00    0.00    10  postgres
05:31:18 PM 100998   3032225    0.00    0.00    0.00    0.00    0.00    12  postgres
05:31:18 PM 100998   3032227    0.00    0.00    0.00    0.00    0.00    14  postgres
05:31:18 PM 100998   3032228    0.00    0.00    0.00    0.00    0.00    12  postgres
05:31:18 PM 100998   3032489    1.00    0.00    0.00    0.00    1.00    10  postgres
05:31:18 PM 100998   3032493    1.00    0.00    0.00    0.00    1.00    10  postgres
05:31:18 PM 100998   3032494    1.00    0.00    0.00    0.00    1.00    12  postgres
05:31:18 PM 100998   3032495    0.00    0.00    0.00    0.00    0.00    10  postgres
05:31:18 PM 100998   3032496    1.00    0.00    0.00    0.00    1.00    10  postgres
05:31:18 PM 100998   3032497    1.00    1.00    0.00    0.00    2.00    14  postgres
05:31:18 PM 100998   3032499    0.00    0.00    0.00    0.00    0.00    10  postgres
05:31:18 PM 100998   3032502    0.00    0.00    0.00    0.00    0.00    10  postgres
05:31:18 PM 100998   3032518    0.00    0.00    0.00    0.00    0.00    12  postgres
05:31:18 PM 100998   3032520    0.00    1.00    0.00    0.00    1.00    12  postgres
05:31:18 PM 100998   3032521    0.00    1.00    0.00    0.00    1.00    12  postgres
05:31:18 PM 100998   3032523    0.00    0.00    0.00    0.00    0.00    10  postgres
05:31:18 PM 100998   3032525    0.00    0.00    0.00    0.00    0.00    14  postgres
05:31:18 PM 100998   3032530    1.00    0.00    0.00    0.00    1.00    14  postgres
05:31:18 PM 100998   3032539    0.00    0.00    0.00    0.00    0.00    12  postgres
05:31:18 PM 100998   3032560    0.00    1.00    0.00    0.00    1.00    14  postgres
05:31:18 PM 100998   3032564    1.00    0.00    0.00    0.00    1.00    14  postgres
05:31:18 PM 100998   3032571    0.00    0.00    0.00    0.00    0.00    14  postgres
05:31:18 PM 100998   3032592    0.00    0.00    0.00    0.00    0.00    12  postgres
05:31:18 PM 100998   3032648    0.00    0.00    0.00    0.00    0.00    10  postgres
05:31:18 PM 100998   3032701    0.00    0.00    0.00    0.00    0.00    14  postgres
05:31:18 PM 100998   3032755    1.00    0.00    0.00    0.00    1.00    10  postgres
05:31:18 PM 100998   3032796    0.00    0.00    0.00    0.00    0.00    14  postgres
05:31:18 PM 100998   3032798    0.00    1.00    0.00    0.00    1.00    12  postgres
05:31:18 PM 100998   3032799    1.00    0.00    0.00    0.00    1.00    14  postgres
05:31:18 PM 100998   3032800    0.00    0.00    0.00    0.00    0.00    10  postgres
05:31:18 PM 100998   3032801    0.00    0.00    0.00    0.00    0.00    10  postgres
05:31:18 PM 100998   3032802    0.00    0.00    0.00    0.00    0.00    10  postgres
05:31:18 PM 100998   3032803    0.00    1.00    0.00    0.00    1.00    10  postgres
05:31:18 PM 100998   3032804    0.00    1.00    0.00    0.00    1.00    14  postgres
05:31:18 PM 100998   3032807    0.00    0.00    0.00    0.00    0.00    10  postgres
05:31:18 PM 100998   3032809    0.00    1.00    0.00    0.00    1.00    10  postgres
05:31:18 PM 100998   3032811    0.00    1.00    0.00    0.00    1.00    10  postgres
05:31:18 PM 100998   3032813    0.00    0.00    0.00    0.00    0.00    12  postgres
05:31:18 PM 100998   3032818    0.00    1.00    0.00    0.00    1.00    12  postgres
05:31:18 PM 100998   3032847    1.00    0.00    0.00    0.00    1.00    12  postgres
05:31:18 PM 100998   3032851    0.00    0.00    0.00    0.00    0.00    12  postgres
05:31:18 PM 100998   3032871    1.00    0.00    0.00    0.00    1.00    12  postgres
05:31:18 PM 100998   3032922    0.00    0.00    0.00    0.00    0.00    10  postgres
05:31:18 PM 100998   3032972    1.00    0.00    0.00    0.00    1.00    10  postgres
05:31:18 PM 100998   3033023    0.00    0.00    0.00    0.00    0.00    10  postgres
05:31:18 PM 100998   3033066    0.00    0.00    0.00    0.00    0.00    14  postgres
05:31:18 PM 100998   3033081    1.00    1.00    0.00    0.00    2.00    12  postgres
05:31:18 PM 100998   3033082    0.00    0.00    0.00    0.00    0.00    12  postgres
05:31:18 PM 100998   3033083    0.00    0.00    0.00    0.00    0.00    10  postgres
05:31:18 PM 100998   3033084    0.00    0.00    0.00    0.00    0.00    10  postgres
05:31:18 PM 100998   3033085    0.00    0.00    0.00    0.00    0.00    14  postgres
05:31:18 PM 100998   3033086    0.00    0.00    0.00    0.00    0.00    10  postgres
05:31:18 PM 100998   3033087    0.00    0.00    0.00    0.00    0.00    12  postgres
05:31:18 PM 100998   3033090    0.00    0.00    0.00    0.00    0.00    10  postgres

05:31:18 PM   UID       PID    %usr %system  %guest   %wait    %CPU   CPU  Command
05:31:19 PM 100998   3032224    0.00    0.00    0.00    0.00    0.00    10  postgres
05:31:19 PM 100998   3032225    0.00    0.00    0.00    0.00    0.00    12  postgres
05:31:19 PM 100998   3032227    0.00    0.00    0.00    0.00    0.00    14  postgres
05:31:19 PM 100998   3032228    0.00    0.00    0.00    0.00    0.00    12  postgres
05:31:19 PM 100998   3032489    0.00    0.00    0.00    0.00    0.00    14  postgres
05:31:19 PM 100998   3032493    0.00    0.00    0.00    0.00    0.00    14  postgres
05:31:19 PM 100998   3032494    0.00    0.00    0.00    0.00    0.00    14  postgres
05:31:19 PM 100998   3032495    0.00    0.00    0.00    0.00    0.00    14  postgres
05:31:19 PM 100998   3032496    0.00    1.00    0.00    0.00    1.00    12  postgres
05:31:19 PM 100998   3032497    1.00    0.00    0.00    0.00    1.00    14  postgres
05:31:19 PM 100998   3032499    1.00    1.00    0.00    0.00    2.00    14  postgres
05:31:19 PM 100998   3032502    1.00    0.00    0.00    0.00    1.00    10  postgres
05:31:19 PM 100998   3032518    1.00    0.00    0.00    0.00    1.00    10  postgres
05:31:19 PM 100998   3032520    1.00    0.00    0.00    0.00    1.00    12  postgres
05:31:19 PM 100998   3032521    1.00    0.00    0.00    0.00    1.00    10  postgres
05:31:19 PM 100998   3032523    1.00    1.00    0.00    0.00    2.00    10  postgres
05:31:19 PM 100998   3032525    0.00    0.00    0.00    0.00    0.00    14  postgres
05:31:19 PM 100998   3032530    0.00    0.00    0.00    0.00    0.00    12  postgres
05:31:19 PM 100998   3032539    0.00    1.00    0.00    0.00    1.00    12  postgres
05:31:19 PM 100998   3032560    1.00    0.00    0.00    0.00    1.00    12  postgres
05:31:19 PM 100998   3032564    0.00    0.00    0.00    0.00    0.00    12  postgres
05:31:19 PM 100998   3032571    0.00    0.00    0.00    0.00    0.00    14  postgres
05:31:19 PM 100998   3032592    1.00    0.00    0.00    0.00    1.00    14  postgres
05:31:19 PM 100998   3032648    0.00    0.00    0.00    0.00    0.00    10  postgres
05:31:19 PM 100998   3032701    0.00    0.00    0.00    0.00    0.00    14  postgres
05:31:19 PM 100998   3032755    0.00    0.00    0.00    0.00    0.00    10  postgres
05:31:19 PM 100998   3032796    0.00    0.00    0.00    0.00    0.00    14  postgres
05:31:19 PM 100998   3032798    0.00    0.00    0.00    0.00    0.00    12  postgres
05:31:19 PM 100998   3032799    0.00    0.00    0.00    0.00    0.00    14  postgres
05:31:19 PM 100998   3032800    0.00    0.00    0.00    0.00    0.00    12  postgres
05:31:19 PM 100998   3032801    0.00    0.00    0.00    0.00    0.00    14  postgres
05:31:19 PM 100998   3032802    0.00    0.00    0.00    0.00    0.00    14  postgres
05:31:19 PM 100998   3032803    0.00    0.00    0.00    0.00    0.00    10  postgres
05:31:19 PM 100998   3032804    0.00    0.00    0.00    0.00    0.00    14  postgres
05:31:19 PM 100998   3032807    0.00    0.00    0.00    0.00    0.00    10  postgres
05:31:19 PM 100998   3032809    0.00    0.00    0.00    0.00    0.00    12  postgres
05:31:19 PM 100998   3032811    1.00    0.00    0.00    0.00    1.00    10  postgres
05:31:19 PM 100998   3032813    0.00    0.00    0.00    0.00    0.00    12  postgres
05:31:19 PM 100998   3032818    0.00    0.00    0.00    0.00    0.00    12  postgres
05:31:19 PM 100998   3032847    0.00    0.00    0.00    0.00    0.00    14  postgres
05:31:19 PM 100998   3032851    0.00    0.00    0.00    0.00    0.00    10  postgres
05:31:19 PM 100998   3032871    0.00    0.00    0.00    0.00    0.00    10  postgres
05:31:19 PM 100998   3032922    0.00    0.00    0.00    0.00    0.00    10  postgres
05:31:19 PM 100998   3032972    0.00    0.00    0.00    0.00    0.00    14  postgres
05:31:19 PM 100998   3033023    0.00    0.00    0.00    0.00    0.00    14  postgres
05:31:19 PM 100998   3033066    1.00    0.00    0.00    0.00    1.00    10  postgres
05:31:19 PM 100998   3033081    0.00    0.00    0.00    0.00    0.00    10  postgres
05:31:19 PM 100998   3033082    0.00    0.00    0.00    0.00    0.00    14  postgres
05:31:19 PM 100998   3033083    1.00    0.00    0.00    0.00    1.00    10  postgres
05:31:19 PM 100998   3033084    0.00    0.00    0.00    0.00    0.00    14  postgres
05:31:19 PM 100998   3033085    1.00    0.00    0.00    0.00    1.00    12  postgres
05:31:19 PM 100998   3033086    0.00    0.00    0.00    0.00    0.00    10  postgres
05:31:19 PM 100998   3033087    0.00    0.00    0.00    0.00    0.00    10  postgres
05:31:19 PM 100998   3033090    0.00    0.00    0.00    0.00    0.00    12  postgres

05:31:19 PM   UID       PID    %usr %system  %guest   %wait    %CPU   CPU  Command
05:31:20 PM 100998   3032224    0.00    0.00    0.00    0.00    0.00    10  postgres
05:31:20 PM 100998   3032225    0.00    0.00    0.00    0.00    0.00    10  postgres
05:31:20 PM 100998   3032227    0.00    0.00    0.00    0.00    0.00    14  postgres
05:31:20 PM 100998   3032228    0.00    0.00    0.00    0.00    0.00    12  postgres
05:31:20 PM 100998   3032489    1.00    0.00    0.00    0.00    1.00    14  postgres
05:31:20 PM 100998   3032493    1.00    0.00    0.00    0.00    1.00    12  postgres
05:31:20 PM 100998   3032494    1.00    1.00    0.00    0.00    2.00    14  postgres
05:31:20 PM 100998   3032495    1.00    1.00    0.00    0.00    2.00    12  postgres
05:31:20 PM 100998   3032496    0.00    0.00    0.00    0.00    0.00    12  postgres
05:31:20 PM 100998   3032497    0.00    0.00    0.00    0.00    0.00    14  postgres
05:31:20 PM 100998   3032499    0.00    0.00    0.00    0.00    0.00    10  postgres
05:31:20 PM 100998   3032502    0.00    1.00    0.00    0.00    1.00    10  postgres
05:31:20 PM 100998   3032518    0.00    0.00    0.00    0.00    0.00    10  postgres
05:31:20 PM 100998   3032520    0.00    0.00    0.00    0.00    0.00    12  postgres
05:31:20 PM 100998   3032521    0.00    0.00    0.00    0.00    0.00    14  postgres
05:31:20 PM 100998   3032523    0.00    0.00    0.00    0.00    0.00    12  postgres
05:31:20 PM 100998   3032525    1.00    1.00    0.00    0.00    2.00    10  postgres
05:31:20 PM 100998   3032530    0.00    0.00    0.00    0.00    0.00    12  postgres
05:31:20 PM 100998   3032539    1.00    0.00    0.00    0.00    1.00    10  postgres
05:31:20 PM 100998   3032560    0.00    0.00    0.00    0.00    0.00    12  postgres
05:31:20 PM 100998   3032564    0.00    0.00    0.00    0.00    0.00    14  postgres
05:31:20 PM 100998   3032571    0.00    0.00    0.00    0.00    0.00    12  postgres
05:31:20 PM 100998   3032592    0.00    1.00    0.00    0.00    1.00    14  postgres
05:31:20 PM 100998   3032648    0.00    0.00    0.00    0.00    0.00    12  postgres
05:31:20 PM 100998   3032701    1.00    0.00    0.00    0.00    1.00    10  postgres
05:31:20 PM 100998   3032755    0.00    1.00    0.00    0.00    1.00    12  postgres
05:31:20 PM 100998   3032796    0.00    0.00    0.00    0.00    0.00    14  postgres
05:31:20 PM 100998   3032798    1.00    0.00    0.00    0.00    1.00    10  postgres
05:31:20 PM 100998   3032799    0.00    0.00    0.00    0.00    0.00    12  postgres
05:31:20 PM 100998   3032800    0.00    0.00    0.00    0.00    0.00    10  postgres
05:31:20 PM 100998   3032801    0.00    0.00    0.00    0.00    0.00    12  postgres
05:31:20 PM 100998   3032802    0.00    0.00    0.00    0.00    0.00    10  postgres
05:31:20 PM 100998   3032803    0.00    0.00    0.00    0.00    0.00    10  postgres
05:31:20 PM 100998   3032804    0.00    0.00    0.00    0.00    0.00    12  postgres
05:31:20 PM 100998   3032807    0.00    1.00    0.00    0.00    1.00    10  postgres
05:31:20 PM 100998   3032809    1.00    0.00    0.00    0.00    1.00    14  postgres
05:31:20 PM 100998   3032811    0.00    0.00    0.00    0.00    0.00    14  postgres
05:31:20 PM 100998   3032813    0.00    0.00    0.00    0.00    0.00    12  postgres
05:31:20 PM 100998   3032818    0.00    0.00    0.00    0.00    0.00    14  postgres
05:31:20 PM 100998   3032847    0.00    0.00    0.00    0.00    0.00    10  postgres
05:31:20 PM 100998   3032851    1.00    0.00    0.00    0.00    1.00    10  postgres
05:31:20 PM 100998   3032871    0.00    0.00    0.00    0.00    0.00    14  postgres
05:31:20 PM 100998   3032922    0.00    0.00    0.00    0.00    0.00    10  postgres
05:31:20 PM 100998   3032972    0.00    0.00    0.00    0.00    0.00    14  postgres
05:31:20 PM 100998   3033023    0.00    1.00    0.00    0.00    1.00    10  postgres
05:31:20 PM 100998   3033066    0.00    0.00    0.00    0.00    0.00    10  postgres
05:31:20 PM 100998   3033081    0.00    0.00    0.00    0.00    0.00    14  postgres
05:31:20 PM 100998   3033082    0.00    1.00    0.00    0.00    1.00    14  postgres
05:31:20 PM 100998   3033083    0.00    0.00    0.00    0.00    0.00    10  postgres
05:31:20 PM 100998   3033084    0.00    0.00    0.00    0.00    0.00    10  postgres
05:31:20 PM 100998   3033085    0.00    1.00    0.00    0.00    1.00    10  postgres
05:31:20 PM 100998   3033086    1.00    0.00    0.00    0.00    1.00    12  postgres
05:31:20 PM 100998   3033087    0.00    0.00    0.00    0.00    0.00    14  postgres
05:31:20 PM 100998   3033090    0.00    0.00    0.00    0.00    0.00    12  postgres

05:31:20 PM   UID       PID    %usr %system  %guest   %wait    %CPU   CPU  Command
05:31:21 PM 100998   3032224    0.00    0.00    0.00    0.00    0.00    10  postgres
05:31:21 PM 100998   3032225    0.00    0.00    0.00    0.00    0.00    12  postgres
05:31:21 PM 100998   3032227    0.00    0.00    0.00    0.00    0.00    14  postgres
05:31:21 PM 100998   3032228    0.00    0.00    0.00    0.00    0.00    12  postgres
05:31:21 PM 100998   3032489    0.00    1.00    0.00    0.00    1.00    10  postgres
05:31:21 PM 100998   3032493    0.00    0.00    0.00    0.00    0.00    12  postgres
05:31:21 PM 100998   3032494    0.00    0.00    0.00    0.00    0.00    12  postgres
05:31:21 PM 100998   3032495    0.00    0.00    0.00    0.00    0.00    12  postgres
05:31:21 PM 100998   3032496    1.00    0.00    0.00    0.00    1.00    14  postgres
05:31:21 PM 100998   3032497    0.00    1.00    0.00    0.00    1.00    14  postgres
05:31:21 PM 100998   3032499    0.00    0.00    0.00    0.00    0.00    12  postgres
05:31:21 PM 100998   3032502    0.00    0.00    0.00    0.00    0.00    10  postgres
05:31:21 PM 100998   3032518    1.00    0.00    0.00    0.00    1.00    12  postgres
05:31:21 PM 100998   3032520    1.00    0.00    0.00    0.00    1.00    12  postgres
05:31:21 PM 100998   3032521    0.00    0.00    0.00    0.00    0.00    10  postgres
05:31:21 PM 100998   3032523    0.00    0.00    0.00    0.00    0.00    10  postgres
05:31:21 PM 100998   3032525    0.00    0.00    0.00    0.00    0.00    14  postgres
05:31:21 PM 100998   3032530    1.00    0.00    0.00    0.00    1.00    14  postgres
05:31:21 PM 100998   3032539    0.00    0.00    0.00    0.00    0.00    10  postgres
05:31:21 PM 100998   3032560    0.00    0.00    0.00    0.00    0.00    14  postgres
05:31:21 PM 100998   3032564    1.00    0.00    0.00    0.00    1.00    12  postgres
05:31:21 PM 100998   3032571    1.00    0.00    0.00    0.00    1.00    12  postgres
05:31:21 PM 100998   3032592    0.00    0.00    0.00    0.00    0.00    14  postgres
05:31:21 PM 100998   3032648    1.00    0.00    0.00    0.00    1.00    12  postgres
05:31:21 PM 100998   3032701    0.00    1.00    0.00    0.00    1.00    10  postgres
05:31:21 PM 100998   3032755    0.00    0.00    0.00    0.00    0.00    10  postgres
05:31:21 PM 100998   3032796    1.00    1.00    0.00    0.00    2.00    10  postgres
05:31:21 PM 100998   3032798    0.00    0.00    0.00    0.00    0.00    14  postgres
05:31:21 PM 100998   3032799    0.00    0.00    0.00    0.00    0.00    14  postgres
05:31:21 PM 100998   3032800    0.00    0.00    0.00    0.00    0.00    12  postgres
05:31:21 PM 100998   3032801    1.00    1.00    0.00    0.00    2.00    12  postgres
05:31:21 PM 100998   3032802    0.00    0.00    0.00    0.00    0.00    10  postgres
05:31:21 PM 100998   3032803    0.00    0.00    0.00    0.00    0.00    14  postgres
05:31:21 PM 100998   3032804    1.00    0.00    0.00    0.00    1.00    14  postgres
05:31:21 PM 100998   3032807    0.00    0.00    0.00    0.00    0.00    10  postgres
05:31:21 PM 100998   3032809    0.00    0.00    0.00    0.00    0.00    14  postgres
05:31:21 PM 100998   3032811    0.00    0.00    0.00    0.00    0.00    12  postgres
05:31:21 PM 100998   3032813    0.00    1.00    0.00    0.00    1.00    12  postgres
05:31:21 PM 100998   3032818    0.00    0.00    0.00    0.00    0.00    10  postgres
05:31:21 PM 100998   3032847    0.00    0.00    0.00    0.00    0.00    12  postgres
05:31:21 PM 100998   3032851    0.00    1.00    0.00    0.00    1.00    10  postgres
05:31:21 PM 100998   3032871    1.00    0.00    0.00    0.00    1.00    14  postgres
05:31:21 PM 100998   3032922    1.00    0.00    0.00    0.00    1.00    12  postgres
05:31:21 PM 100998   3032972    0.00    0.00    0.00    0.00    0.00    10  postgres
05:31:21 PM 100998   3033023    1.00    0.00    0.00    0.00    1.00    10  postgres
05:31:21 PM 100998   3033066    0.00    0.00    0.00    0.00    0.00    10  postgres
05:31:21 PM 100998   3033081    0.00    0.00    0.00    0.00    0.00    10  postgres
05:31:21 PM 100998   3033082    0.00    0.00    0.00    0.00    0.00    10  postgres
05:31:21 PM 100998   3033083    0.00    0.00    0.00    0.00    0.00    12  postgres
05:31:21 PM 100998   3033084    0.00    0.00    0.00    0.00    0.00    14  postgres
05:31:21 PM 100998   3033085    0.00    0.00    0.00    0.00    0.00    14  postgres
05:31:21 PM 100998   3033086    0.00    0.00    0.00    0.00    0.00    14  postgres
05:31:21 PM 100998   3033087    0.00    0.00    0.00    0.00    0.00    14  postgres
05:31:21 PM 100998   3033090    0.00    0.00    0.00    0.00    0.00    14  postgres

05:31:21 PM   UID       PID    %usr %system  %guest   %wait    %CPU   CPU  Command
05:31:22 PM 100998   3032224    0.00    0.00    0.00    0.00    0.00    10  postgres
05:31:22 PM 100998   3032225    0.00    0.00    0.00    0.00    0.00    12  postgres
05:31:22 PM 100998   3032227    0.00    0.00    0.00    0.00    0.00    14  postgres
05:31:22 PM 100998   3032228    0.00    0.00    0.00    0.00    0.00    12  postgres
05:31:22 PM 100998   3032489    1.00    0.00    0.00    0.00    1.00    14  postgres
05:31:22 PM 100998   3032493    0.00    0.00    0.00    0.00    0.00    14  postgres
05:31:22 PM 100998   3032494    0.00    0.00    0.00    0.00    0.00    12  postgres
05:31:22 PM 100998   3032495    1.00    0.00    0.00    0.00    1.00    10  postgres
05:31:22 PM 100998   3032496    0.00    1.00    0.00    0.00    1.00    14  postgres
05:31:22 PM 100998   3032497    0.00    0.00    0.00    0.00    0.00    14  postgres
05:31:22 PM 100998   3032499    1.00    1.00    0.00    0.00    2.00    12  postgres
05:31:22 PM 100998   3032502    0.00    0.00    0.00    0.00    0.00    10  postgres
05:31:22 PM 100998   3032518    0.00    1.00    0.00    0.00    1.00    10  postgres
05:31:22 PM 100998   3032520    0.00    1.00    0.00    0.00    1.00    10  postgres
05:31:22 PM 100998   3032521    0.00    0.00    0.00    0.00    0.00    14  postgres
05:31:22 PM 100998   3032523    0.00    0.00    0.00    0.00    0.00    10  postgres
05:31:22 PM 100998   3032525    0.00    0.00    0.00    0.00    0.00    14  postgres
05:31:22 PM 100998   3032530    0.00    0.00    0.00    0.00    0.00    12  postgres
05:31:22 PM 100998   3032539    0.00    0.00    0.00    0.00    0.00    12  postgres
05:31:22 PM 100998   3032560    0.00    0.00    0.00    0.00    0.00    12  postgres
05:31:22 PM 100998   3032564    0.00    0.00    0.00    0.00    0.00    12  postgres
05:31:22 PM 100998   3032571    0.00    0.00    0.00    0.00    0.00    14  postgres
05:31:22 PM 100998   3032592    0.00    0.00    0.00    0.00    0.00    12  postgres
05:31:22 PM 100998   3032648    0.00    0.00    0.00    0.00    0.00    10  postgres
05:31:22 PM 100998   3032701    0.00    0.00    0.00    0.00    0.00    14  postgres
05:31:22 PM 100998   3032755    0.00    0.00    0.00    0.00    0.00    12  postgres
05:31:22 PM 100998   3032796    0.00    0.00    0.00    0.00    0.00    10  postgres
05:31:22 PM 100998   3032798    0.00    0.00    0.00    0.00    0.00    12  postgres
05:31:22 PM 100998   3032799    0.00    1.00    0.00    0.00    1.00    14  postgres
05:31:22 PM 100998   3032800    1.00    0.00    0.00    0.00    1.00    10  postgres
05:31:22 PM 100998   3032801    0.00    0.00    0.00    0.00    0.00    12  postgres
05:31:22 PM 100998   3032802    0.00    1.00    0.00    0.00    1.00    10  postgres
05:31:22 PM 100998   3032803    1.00    0.00    0.00    0.00    1.00    14  postgres
05:31:22 PM 100998   3032804    0.00    0.00    0.00    0.00    0.00    10  postgres
05:31:22 PM 100998   3032807    1.00    0.00    0.00    0.00    1.00    10  postgres
05:31:22 PM 100998   3032809    0.00    0.00    0.00    0.00    0.00    12  postgres
05:31:22 PM 100998   3032811    0.00    0.00    0.00    0.00    0.00    12  postgres
05:31:22 PM 100998   3032813    0.00    0.00    0.00    0.00    0.00    12  postgres
05:31:22 PM 100998   3032818    1.00    0.00    0.00    0.00    1.00    14  postgres
05:31:22 PM 100998   3032847    1.00    1.00    0.00    0.00    2.00    12  postgres
05:31:22 PM 100998   3032851    0.00    0.00    0.00    0.00    0.00    10  postgres
05:31:22 PM 100998   3032871    0.00    0.00    0.00    0.00    0.00    14  postgres
05:31:22 PM 100998   3032922    0.00    0.00    0.00    0.00    0.00    12  postgres
05:31:22 PM 100998   3032972    0.00    1.00    0.00    0.00    1.00    10  postgres
05:31:22 PM 100998   3033023    0.00    0.00    0.00    0.00    0.00    12  postgres
05:31:22 PM 100998   3033066    0.00    0.00    0.00    0.00    0.00    10  postgres
05:31:22 PM 100998   3033081    0.00    0.00    0.00    0.00    0.00    14  postgres
05:31:22 PM 100998   3033082    1.00    0.00    0.00    0.00    1.00    14  postgres
05:31:22 PM 100998   3033083    0.00    0.00    0.00    0.00    0.00    14  postgres
05:31:22 PM 100998   3033084    1.00    0.00    0.00    0.00    1.00    12  postgres
05:31:22 PM 100998   3033085    0.00    0.00    0.00    0.00    0.00    12  postgres
05:31:22 PM 100998   3033086    0.00    0.00    0.00    0.00    0.00    12  postgres
05:31:22 PM 100998   3033087    0.00    0.00    0.00    0.00    0.00    12  postgres
05:31:22 PM 100998   3033090    0.00    0.00    0.00    0.00    0.00    14  postgres

05:31:22 PM   UID       PID    %usr %system  %guest   %wait    %CPU   CPU  Command
05:31:23 PM 100998   3032224    0.00    0.00    0.00    0.00    0.00    10  postgres
05:31:23 PM 100998   3032225    0.00    0.00    0.00    0.00    0.00    12  postgres
05:31:23 PM 100998   3032227    0.00    0.00    0.00    0.00    0.00    14  postgres
05:31:23 PM 100998   3032228    0.00    0.00    0.00    0.00    0.00    12  postgres
05:31:23 PM 100998   3032489    0.00    0.00    0.00    0.00    0.00    14  postgres
05:31:23 PM 100998   3032493    1.00    1.00    0.00    0.00    2.00    14  postgres
05:31:23 PM 100998   3032494    1.00    1.00    0.00    0.00    2.00    14  postgres
05:31:23 PM 100998   3032495    0.00    0.00    0.00    0.00    0.00    12  postgres
05:31:23 PM 100998   3032496    1.00    0.00    0.00    0.00    1.00    14  postgres
05:31:23 PM 100998   3032497    1.00    0.00    0.00    0.00    1.00    10  postgres
05:31:23 PM 100998   3032499    0.00    0.00    0.00    0.00    0.00    14  postgres
05:31:23 PM 100998   3032502    1.00    0.00    0.00    0.00    1.00    14  postgres
05:31:23 PM 100998   3032518    0.00    0.00    0.00    0.00    0.00    10  postgres
05:31:23 PM 100998   3032520    1.00    0.00    0.00    0.00    1.00    12  postgres
05:31:23 PM 100998   3032521    1.00    1.00    0.00    0.00    2.00    10  postgres
05:31:23 PM 100998   3032523    1.00    0.00    0.00    0.00    1.00    12  postgres
05:31:23 PM 100998   3032525    0.00    0.00    0.00    0.00    0.00    10  postgres
05:31:23 PM 100998   3032530    0.00    0.00    0.00    0.00    0.00    12  postgres
05:31:23 PM 100998   3032539    1.00    1.00    0.00    0.00    2.00    14  postgres
05:31:23 PM 100998   3032560    0.00    1.00    0.00    0.00    1.00    10  postgres
05:31:23 PM 100998   3032564    0.00    0.00    0.00    0.00    0.00    12  postgres
05:31:23 PM 100998   3032571    0.00    1.00    0.00    0.00    1.00    12  postgres
05:31:23 PM 100998   3032592    0.00    0.00    0.00    0.00    0.00    10  postgres
05:31:23 PM 100998   3032648    0.00    1.00    0.00    0.00    1.00    14  postgres
05:31:23 PM 100998   3032701    0.00    0.00    0.00    0.00    0.00    10  postgres
05:31:23 PM 100998   3032755    1.00    0.00    0.00    0.00    1.00    14  postgres
05:31:23 PM 100998   3032796    0.00    0.00    0.00    0.00    0.00    14  postgres
05:31:23 PM 100998   3032798    0.00    0.00    0.00    0.00    0.00    14  postgres
05:31:23 PM 100998   3032799    1.00    0.00    0.00    0.00    1.00    10  postgres
05:31:23 PM 100998   3032800    0.00    0.00    0.00    0.00    0.00    14  postgres
05:31:23 PM 100998   3032801    0.00    0.00    0.00    0.00    0.00    12  postgres
05:31:23 PM 100998   3032802    0.00    0.00    0.00    0.00    0.00    10  postgres
05:31:23 PM 100998   3032803    0.00    0.00    0.00    0.00    0.00    14  postgres
05:31:23 PM 100998   3032804    0.00    0.00    0.00    0.00    0.00    10  postgres
05:31:23 PM 100998   3032807    0.00    0.00    0.00    0.00    0.00    10  postgres
05:31:23 PM 100998   3032809    0.00    0.00    0.00    0.00    0.00    10  postgres
05:31:23 PM 100998   3032811    0.00    0.00    0.00    0.00    0.00    12  postgres
05:31:23 PM 100998   3032813    1.00    0.00    0.00    0.00    1.00    12  postgres
05:31:23 PM 100998   3032818    0.00    0.00    0.00    0.00    0.00    14  postgres
05:31:23 PM 100998   3032847    0.00    0.00    0.00    0.00    0.00    12  postgres
05:31:23 PM 100998   3032851    0.00    0.00    0.00    0.00    0.00    12  postgres
05:31:23 PM 100998   3032871    0.00    1.00    0.00    0.00    1.00    12  postgres
05:31:23 PM 100998   3032922    0.00    0.00    0.00    0.00    0.00    12  postgres
05:31:23 PM 100998   3032972    1.00    0.00    0.00    0.00    1.00    12  postgres
05:31:23 PM 100998   3033023    0.00    0.00    0.00    0.00    0.00    10  postgres
05:31:23 PM 100998   3033066    0.00    0.00    0.00    0.00    0.00    10  postgres
05:31:23 PM 100998   3033081    0.00    0.00    0.00    0.00    0.00    12  postgres
05:31:23 PM 100998   3033082    0.00    0.00    0.00    0.00    0.00    12  postgres
05:31:23 PM 100998   3033083    0.00    1.00    0.00    0.00    1.00    14  postgres
05:31:23 PM 100998   3033084    0.00    0.00    0.00    0.00    0.00    10  postgres
05:31:23 PM 100998   3033085    0.00    0.00    0.00    0.00    0.00    10  postgres
05:31:23 PM 100998   3033086    0.00    0.00    0.00    0.00    0.00    10  postgres
05:31:23 PM 100998   3033087    0.00    0.00    0.00    0.00    0.00    12  postgres
05:31:23 PM 100998   3033090    0.00    0.00    0.00    0.00    0.00    10  postgres

05:31:23 PM   UID       PID    %usr %system  %guest   %wait    %CPU   CPU  Command
05:31:24 PM 100998   3032224    0.00    0.00    0.00    0.00    0.00    10  postgres
05:31:24 PM 100998   3032225    0.00    0.00    0.00    0.00    0.00    14  postgres
05:31:24 PM 100998   3032227    0.00    0.00    0.00    0.00    0.00    14  postgres
05:31:24 PM 100998   3032228    0.00    0.00    0.00    0.00    0.00    12  postgres
05:31:24 PM 100998   3032489    1.00    0.00    0.00    0.00    1.00    10  postgres
05:31:24 PM 100998   3032493    1.00    0.00    0.00    0.00    1.00    14  postgres
05:31:24 PM 100998   3032494    0.00    0.00    0.00    0.00    0.00    10  postgres
05:31:24 PM 100998   3032495    1.00    1.00    0.00    0.00    2.00    12  postgres
05:31:24 PM 100998   3032496    0.00    0.00    0.00    0.00    0.00    12  postgres
05:31:24 PM 100998   3032497    1.00    1.00    0.00    0.00    2.00    14  postgres
05:31:24 PM 100998   3032499    0.00    1.00    0.00    0.00    1.00    10  postgres
05:31:24 PM 100998   3032502    0.00    1.00    0.00    0.00    1.00    12  postgres
05:31:24 PM 100998   3032518    1.00    0.00    0.00    0.00    1.00    14  postgres
05:31:24 PM 100998   3032520    0.00    0.00    0.00    0.00    0.00    14  postgres
05:31:24 PM 100998   3032521    0.00    0.00    0.00    0.00    0.00    14  postgres
05:31:24 PM 100998   3032523    0.00    1.00    0.00    0.00    1.00    10  postgres
05:31:24 PM 100998   3032525    1.00    1.00    0.00    0.00    2.00    12  postgres
05:31:24 PM 100998   3032530    0.00    0.00    0.00    0.00    0.00    12  postgres
05:31:24 PM 100998   3032539    0.00    0.00    0.00    0.00    0.00    12  postgres
05:31:24 PM 100998   3032560    0.00    0.00    0.00    0.00    0.00    14  postgres
05:31:24 PM 100998   3032564    1.00    0.00    0.00    0.00    1.00    12  postgres
05:31:24 PM 100998   3032571    0.00    0.00    0.00    0.00    0.00    14  postgres
05:31:24 PM 100998   3032592    1.00    0.00    0.00    0.00    1.00    12  postgres
05:31:24 PM 100998   3032648    0.00    0.00    0.00    0.00    0.00    12  postgres
05:31:24 PM 100998   3032701    1.00    0.00    0.00    0.00    1.00    12  postgres
05:31:24 PM 100998   3032755    0.00    0.00    0.00    0.00    0.00    14  postgres
05:31:24 PM 100998   3032796    1.00    0.00    0.00    0.00    1.00    10  postgres
05:31:24 PM 100998   3032798    0.00    0.00    0.00    0.00    0.00    14  postgres
05:31:24 PM 100998   3032799    0.00    0.00    0.00    0.00    0.00    10  postgres
05:31:24 PM 100998   3032800    0.00    1.00    0.00    0.00    1.00    10  postgres
05:31:24 PM 100998   3032801    0.00    0.00    0.00    0.00    0.00    10  postgres
05:31:24 PM 100998   3032802    1.00    0.00    0.00    0.00    1.00    12  postgres
05:31:24 PM 100998   3032803    0.00    0.00    0.00    0.00    0.00    14  postgres
05:31:24 PM 100998   3032804    0.00    0.00    0.00    0.00    0.00    10  postgres
05:31:24 PM 100998   3032807    0.00    1.00    0.00    0.00    1.00    10  postgres
05:31:24 PM 100998   3032809    0.00    0.00    0.00    0.00    0.00    12  postgres
05:31:24 PM 100998   3032811    0.00    0.00    0.00    0.00    0.00    10  postgres
05:31:24 PM 100998   3032813    0.00    0.00    0.00    0.00    0.00    12  postgres
05:31:24 PM 100998   3032818    0.00    0.00    0.00    0.00    0.00    14  postgres
05:31:24 PM 100998   3032847    0.00    0.00    0.00    0.00    0.00    12  postgres
05:31:24 PM 100998   3032851    1.00    0.00    0.00    0.00    1.00    10  postgres
05:31:24 PM 100998   3032871    0.00    0.00    0.00    0.00    0.00    12  postgres
05:31:24 PM 100998   3032922    0.00    0.00    0.00    0.00    0.00    10  postgres
05:31:24 PM 100998   3032972    0.00    0.00    0.00    0.00    0.00    12  postgres
05:31:24 PM 100998   3033023    0.00    0.00    0.00    0.00    0.00    14  postgres
05:31:24 PM 100998   3033066    0.00    0.00    0.00    0.00    0.00    14  postgres
05:31:24 PM 100998   3033081    0.00    0.00    0.00    0.00    0.00    10  postgres
05:31:24 PM 100998   3033082    0.00    0.00    0.00    0.00    0.00    12  postgres
05:31:24 PM 100998   3033083    0.00    0.00    0.00    0.00    0.00    12  postgres
05:31:24 PM 100998   3033084    0.00    1.00    0.00    0.00    1.00    10  postgres
05:31:24 PM 100998   3033085    0.00    0.00    0.00    0.00    0.00    12  postgres
05:31:24 PM 100998   3033086    0.00    0.00    0.00    0.00    0.00    12  postgres
05:31:24 PM 100998   3033087    1.00    1.00    0.00    0.00    2.00    10  postgres
05:31:24 PM 100998   3033090    1.00    0.00    0.00    0.00    1.00    14  postgres

05:31:24 PM   UID       PID    %usr %system  %guest   %wait    %CPU   CPU  Command
05:31:25 PM 100998   3032224    0.00    0.00    0.00    0.00    0.00    10  postgres
05:31:25 PM 100998   3032225    0.00    0.00    0.00    0.00    0.00    12  postgres
05:31:25 PM 100998   3032227    0.00    0.00    0.00    0.00    0.00    14  postgres
05:31:25 PM 100998   3032228    0.00    0.00    0.00    0.00    0.00    12  postgres
05:31:25 PM 100998   3032489    0.00    1.00    0.00    0.00    1.00    12  postgres
05:31:25 PM 100998   3032493    0.00    0.00    0.00    0.00    0.00    10  postgres
05:31:25 PM 100998   3032494    0.00    1.00    0.00    0.00    1.00    10  postgres
05:31:25 PM 100998   3032495    0.00    0.00    0.00    0.00    0.00    12  postgres
05:31:25 PM 100998   3032496    0.00    0.00    0.00    0.00    0.00    10  postgres
05:31:25 PM 100998   3032497    0.00    0.00    0.00    0.00    0.00    10  postgres
05:31:25 PM 100998   3032499    0.00    0.00    0.00    0.00    0.00    14  postgres
05:31:25 PM 100998   3032502    0.00    0.00    0.00    0.00    0.00    10  postgres
05:31:25 PM 100998   3032518    0.00    0.00    0.00    0.00    0.00    14  postgres
05:31:25 PM 100998   3032520    1.00    0.00    0.00    0.00    1.00    12  postgres
05:31:25 PM 100998   3032521    0.00    0.00    0.00    0.00    0.00    12  postgres
05:31:25 PM 100998   3032523    0.00    0.00    0.00    0.00    0.00    10  postgres
05:31:25 PM 100998   3032525    0.00    0.00    0.00    0.00    0.00    14  postgres
05:31:25 PM 100998   3032530    1.00    1.00    0.00    0.00    2.00    10  postgres
05:31:25 PM 100998   3032539    0.00    0.00    0.00    0.00    0.00    12  postgres
05:31:25 PM 100998   3032560    1.00    0.00    0.00    0.00    1.00    12  postgres
05:31:25 PM 100998   3032564    0.00    0.00    0.00    0.00    0.00    14  postgres
05:31:25 PM 100998   3032571    0.00    0.00    0.00    0.00    0.00    12  postgres
05:31:25 PM 100998   3032592    0.00    0.00    0.00    0.00    0.00    14  postgres
05:31:25 PM 100998   3032648    0.00    0.00    0.00    0.00    0.00    14  postgres
05:31:25 PM 100998   3032701    0.00    0.00    0.00    0.00    0.00    12  postgres
05:31:25 PM 100998   3032755    0.00    1.00    0.00    0.00    1.00    12  postgres
05:31:25 PM 100998   3032796    0.00    0.00    0.00    0.00    0.00    12  postgres
05:31:25 PM 100998   3032798    1.00    0.00    0.00    0.00    1.00    10  postgres
05:31:25 PM 100998   3032799    0.00    0.00    0.00    0.00    0.00    12  postgres
05:31:25 PM 100998   3032800    0.00    0.00    0.00    0.00    0.00    10  postgres
05:31:25 PM 100998   3032801    0.00    0.00    0.00    0.00    0.00    10  postgres
05:31:25 PM 100998   3032802    0.00    0.00    0.00    0.00    0.00    12  postgres
05:31:25 PM 100998   3032803    1.00    0.00    0.00    0.00    1.00    12  postgres
05:31:25 PM 100998   3032804    1.00    0.00    0.00    0.00    1.00    14  postgres
05:31:25 PM 100998   3032807    0.00    0.00    0.00    0.00    0.00    14  postgres
05:31:25 PM 100998   3032809    0.00    1.00    0.00    0.00    1.00    14  postgres
05:31:25 PM 100998   3032811    0.00    1.00    0.00    0.00    1.00    14  postgres
05:31:25 PM 100998   3032813    0.00    0.00    0.00    0.00    0.00    12  postgres
05:31:25 PM 100998   3032818    0.00    1.00    0.00    0.00    1.00    12  postgres
05:31:25 PM 100998   3032847    0.00    0.00    0.00    0.00    0.00    12  postgres
05:31:25 PM 100998   3032851    0.00    0.00    0.00    0.00    0.00    14  postgres
05:31:25 PM 100998   3032871    0.00    0.00    0.00    0.00    0.00    14  postgres
05:31:25 PM 100998   3032922    0.00    1.00    0.00    0.00    1.00    10  postgres
05:31:25 PM 100998   3032972    0.00    0.00    0.00    0.00    0.00    10  postgres
05:31:25 PM 100998   3033023    0.00    0.00    0.00    0.00    0.00    14  postgres
05:31:25 PM 100998   3033066    1.00    0.00    0.00    0.00    1.00    14  postgres
05:31:25 PM 100998   3033081    1.00    0.00    0.00    0.00    1.00    14  postgres
05:31:25 PM 100998   3033082    0.00    0.00    0.00    0.00    0.00    12  postgres
05:31:25 PM 100998   3033083    1.00    0.00    0.00    0.00    1.00    14  postgres
05:31:25 PM 100998   3033084    0.00    0.00    0.00    0.00    0.00    12  postgres
05:31:25 PM 100998   3033085    0.00    0.00    0.00    0.00    0.00    12  postgres
05:31:25 PM 100998   3033086    0.00    1.00    0.00    0.00    1.00    10  postgres
05:31:25 PM 100998   3033087    0.00    0.00    0.00    0.00    0.00    10  postgres
05:31:25 PM 100998   3033090    0.00    0.00    0.00    0.00    0.00    12  postgres

05:31:25 PM   UID       PID    %usr %system  %guest   %wait    %CPU   CPU  Command
05:31:26 PM 100998   3032224    0.00    0.00    0.00    0.00    0.00    10  postgres
05:31:26 PM 100998   3032225    0.00    0.00    0.00    0.00    0.00    14  postgres
05:31:26 PM 100998   3032227    0.00    0.00    0.00    0.00    0.00    14  postgres
05:31:26 PM 100998   3032228    0.00    0.00    0.00    0.00    0.00    12  postgres
05:31:26 PM 100998   3032489    0.00    0.00    0.00    0.00    0.00    14  postgres
05:31:26 PM 100998   3032493    0.00    1.00    0.00    0.00    1.00    10  postgres
05:31:26 PM 100998   3032494    1.00    0.00    0.00    0.00    1.00    12  postgres
05:31:26 PM 100998   3032495    1.00    0.00    0.00    0.00    1.00    14  postgres
05:31:26 PM 100998   3032496    1.00    0.00    0.00    0.00    1.00    10  postgres
05:31:26 PM 100998   3032497    1.00    0.00    0.00    0.00    1.00    14  postgres
05:31:26 PM 100998   3032499    1.00    1.00    0.00    0.00    2.00    10  postgres
05:31:26 PM 100998   3032502    0.00    0.00    0.00    0.00    0.00    10  postgres
05:31:26 PM 100998   3032518    0.00    0.00    0.00    0.00    0.00    12  postgres
05:31:26 PM 100998   3032520    0.00    0.00    0.00    0.00    0.00    10  postgres
05:31:26 PM 100998   3032521    1.00    0.00    0.00    0.00    1.00    14  postgres
05:31:26 PM 100998   3032523    0.00    0.00    0.00    0.00    0.00    10  postgres
05:31:26 PM 100998   3032525    0.00    0.00    0.00    0.00    0.00    10  postgres
05:31:26 PM 100998   3032530    0.00    0.00    0.00    0.00    0.00    14  postgres
05:31:26 PM 100998   3032539    1.00    0.00    0.00    0.00    1.00    12  postgres
05:31:26 PM 100998   3032560    0.00    0.00    0.00    0.00    0.00    12  postgres
05:31:26 PM 100998   3032564    0.00    1.00    0.00    0.00    1.00    12  postgres
05:31:26 PM 100998   3032571    1.00    0.00    0.00    0.00    1.00    14  postgres
05:31:26 PM 100998   3032592    0.00    1.00    0.00    0.00    1.00    12  postgres
05:31:26 PM 100998   3032648    1.00    1.00    0.00    0.00    2.00    12  postgres
05:31:26 PM 100998   3032701    0.00    0.00    0.00    0.00    0.00    10  postgres
05:31:26 PM 100998   3032755    1.00    0.00    0.00    0.00    1.00    10  postgres
05:31:26 PM 100998   3032796    0.00    1.00    0.00    0.00    1.00    14  postgres
05:31:26 PM 100998   3032798    0.00    0.00    0.00    0.00    0.00    14  postgres
05:31:26 PM 100998   3032799    0.00    1.00    0.00    0.00    1.00    10  postgres
05:31:26 PM 100998   3032800    0.00    0.00    0.00    0.00    0.00    14  postgres
05:31:26 PM 100998   3032801    0.00    1.00    0.00    0.00    1.00    14  postgres
05:31:26 PM 100998   3032802    0.00    0.00    0.00    0.00    0.00    14  postgres
05:31:26 PM 100998   3032803    0.00    1.00    0.00    0.00    1.00    12  postgres
05:31:26 PM 100998   3032804    0.00    0.00    0.00    0.00    0.00    10  postgres
05:31:26 PM 100998   3032807    0.00    0.00    0.00    0.00    0.00    14  postgres
05:31:26 PM 100998   3032809    1.00    0.00    0.00    0.00    1.00    12  postgres
05:31:26 PM 100998   3032811    1.00    0.00    0.00    0.00    1.00    14  postgres
05:31:26 PM 100998   3032813    0.00    0.00    0.00    0.00    0.00    12  postgres
05:31:26 PM 100998   3032818    1.00    0.00    0.00    0.00    1.00    14  postgres
05:31:26 PM 100998   3032847    0.00    0.00    0.00    0.00    0.00    14  postgres
05:31:26 PM 100998   3032851    0.00    0.00    0.00    0.00    0.00    14  postgres
05:31:26 PM 100998   3032871    0.00    0.00    0.00    0.00    0.00    10  postgres
05:31:26 PM 100998   3032922    1.00    0.00    0.00    0.00    1.00    10  postgres
05:31:26 PM 100998   3032972    0.00    1.00    0.00    0.00    1.00    12  postgres
05:31:26 PM 100998   3033023    0.00    0.00    0.00    0.00    0.00    10  postgres
05:31:26 PM 100998   3033066    0.00    0.00    0.00    0.00    0.00    14  postgres
05:31:26 PM 100998   3033081    0.00    0.00    0.00    0.00    0.00    10  postgres
05:31:26 PM 100998   3033082    0.00    0.00    0.00    0.00    0.00    14  postgres
05:31:26 PM 100998   3033083    0.00    0.00    0.00    0.00    0.00    12  postgres
05:31:26 PM 100998   3033084    0.00    0.00    0.00    0.00    0.00    12  postgres
05:31:26 PM 100998   3033085    0.00    0.00    0.00    0.00    0.00    12  postgres
05:31:26 PM 100998   3033086    1.00    0.00    0.00    0.00    1.00    10  postgres
05:31:26 PM 100998   3033087    0.00    0.00    0.00    0.00    0.00    10  postgres
05:31:26 PM 100998   3033090    0.00    0.00    0.00    0.00    0.00    12  postgres

05:31:26 PM   UID       PID    %usr %system  %guest   %wait    %CPU   CPU  Command
05:31:27 PM 100998   3032224    0.00    0.00    0.00    0.00    0.00    10  postgres
05:31:27 PM 100998   3032225    0.00    0.00    0.00    0.00    0.00    14  postgres
05:31:27 PM 100998   3032227    0.00    0.00    0.00    0.00    0.00    10  postgres
05:31:27 PM 100998   3032228    0.00    0.00    0.00    0.00    0.00    12  postgres
05:31:27 PM 100998   3032489    1.00    0.00    0.00    0.00    1.00    12  postgres
05:31:27 PM 100998   3032493    1.00    0.00    0.00    0.00    1.00    12  postgres
05:31:27 PM 100998   3032494    1.00    0.00    0.00    0.00    1.00    12  postgres
05:31:27 PM 100998   3032495    0.00    1.00    0.00    0.00    1.00    14  postgres
05:31:27 PM 100998   3032496    1.00    1.00    0.00    0.00    2.00    10  postgres
05:31:27 PM 100998   3032497    0.00    0.00    0.00    0.00    0.00    10  postgres
05:31:27 PM 100998   3032499    0.00    0.00    0.00    0.00    0.00    14  postgres
05:31:27 PM 100998   3032502    1.00    1.00    0.00    0.00    2.00    14  postgres
05:31:27 PM 100998   3032518    1.00    0.00    0.00    0.00    1.00    12  postgres
05:31:27 PM 100998   3032520    0.00    1.00    0.00    0.00    1.00    12  postgres
05:31:27 PM 100998   3032521    0.00    1.00    0.00    0.00    1.00    10  postgres
05:31:27 PM 100998   3032523    1.00    0.00    0.00    0.00    1.00    14  postgres
05:31:27 PM 100998   3032525    0.00    1.00    0.00    0.00    1.00    12  postgres
05:31:27 PM 100998   3032530    0.00    0.00    0.00    0.00    0.00    14  postgres
05:31:27 PM 100998   3032539    0.00    0.00    0.00    0.00    0.00    10  postgres
05:31:27 PM 100998   3032560    0.00    0.00    0.00    0.00    0.00    12  postgres
05:31:27 PM 100998   3032564    0.00    0.00    0.00    0.00    0.00    12  postgres
05:31:27 PM 100998   3032571    0.00    1.00    0.00    0.00    1.00    12  postgres
05:31:27 PM 100998   3032592    1.00    0.00    0.00    0.00    1.00    14  postgres
05:31:27 PM 100998   3032648    0.00    0.00    0.00    0.00    0.00    14  postgres
05:31:27 PM 100998   3032701    0.00    1.00    0.00    0.00    1.00    10  postgres
05:31:27 PM 100998   3032755    0.00    0.00    0.00    0.00    0.00    10  postgres
05:31:27 PM 100998   3032796    0.00    0.00    0.00    0.00    0.00    12  postgres
05:31:27 PM 100998   3032798    0.00    1.00    0.00    0.00    1.00    14  postgres
05:31:27 PM 100998   3032799    0.00    0.00    0.00    0.00    0.00    12  postgres
05:31:27 PM 100998   3032800    1.00    0.00    0.00    0.00    1.00    10  postgres
05:31:27 PM 100998   3032801    1.00    0.00    0.00    0.00    1.00    10  postgres
05:31:27 PM 100998   3032802    1.00    0.00    0.00    0.00    1.00    12  postgres
05:31:27 PM 100998   3032803    0.00    0.00    0.00    0.00    0.00    10  postgres
05:31:27 PM 100998   3032804    0.00    0.00    0.00    0.00    0.00    10  postgres
05:31:27 PM 100998   3032807    1.00    0.00    0.00    0.00    1.00    10  postgres
05:31:27 PM 100998   3032809    0.00    0.00    0.00    0.00    0.00    14  postgres
05:31:27 PM 100998   3032811    0.00    0.00    0.00    0.00    0.00    14  postgres
05:31:27 PM 100998   3032813    1.00    0.00    0.00    0.00    1.00    12  postgres
05:31:27 PM 100998   3032818    0.00    0.00    0.00    0.00    0.00    10  postgres
05:31:27 PM 100998   3032847    0.00    0.00    0.00    0.00    0.00    12  postgres
05:31:27 PM 100998   3032851    1.00    0.00    0.00    0.00    1.00    14  postgres
05:31:27 PM 100998   3032871    0.00    1.00    0.00    0.00    1.00    10  postgres
05:31:27 PM 100998   3032922    0.00    0.00    0.00    0.00    0.00    10  postgres
05:31:27 PM 100998   3032972    0.00    0.00    0.00    0.00    0.00    12  postgres
05:31:27 PM 100998   3033023    1.00    0.00    0.00    0.00    1.00    14  postgres
05:31:27 PM 100998   3033066    0.00    0.00    0.00    0.00    0.00    12  postgres
05:31:27 PM 100998   3033081    0.00    0.00    0.00    0.00    0.00    14  postgres
05:31:27 PM 100998   3033082    1.00    0.00    0.00    0.00    1.00    14  postgres
05:31:27 PM 100998   3033083    0.00    0.00    0.00    0.00    0.00    10  postgres
05:31:27 PM 100998   3033084    1.00    0.00    0.00    0.00    1.00    10  postgres
05:31:27 PM 100998   3033085    1.00    0.00    0.00    0.00    1.00    12  postgres
05:31:27 PM 100998   3033086    0.00    0.00    0.00    0.00    0.00    12  postgres
05:31:27 PM 100998   3033087    0.00    0.00    0.00    0.00    0.00    10  postgres
05:31:27 PM 100998   3033090    0.00    0.00    0.00    0.00    0.00    12  postgres

05:31:27 PM   UID       PID    %usr %system  %guest   %wait    %CPU   CPU  Command
05:31:28 PM 100998   3032224    0.00    0.00    0.00    0.00    0.00    10  postgres
05:31:28 PM 100998   3032225    0.00    0.00    0.00    0.00    0.00    14  postgres
05:31:28 PM 100998   3032227    0.00    0.00    0.00    0.00    0.00    10  postgres
05:31:28 PM 100998   3032228    0.00    0.00    0.00    0.00    0.00    12  postgres
05:31:28 PM 100998   3032489    1.00    0.00    0.00    0.00    1.00    14  postgres
05:31:28 PM 100998   3032493    0.00    0.00    0.00    0.00    0.00    10  postgres
05:31:28 PM 100998   3032494    0.00    1.00    0.00    0.00    1.00    12  postgres
05:31:28 PM 100998   3032495    1.00    0.00    0.00    0.00    1.00    14  postgres
05:31:28 PM 100998   3032496    0.00    0.00    0.00    0.00    0.00    10  postgres
05:31:28 PM 100998   3032497    1.00    1.00    0.00    0.00    2.00    10  postgres
05:31:28 PM 100998   3032499    0.00    0.00    0.00    0.00    0.00    10  postgres
05:31:28 PM 100998   3032502    0.00    0.00    0.00    0.00    0.00    12  postgres
05:31:28 PM 100998   3032518    0.00    0.00    0.00    0.00    0.00    12  postgres
05:31:28 PM 100998   3032520    1.00    0.00    0.00    0.00    1.00    10  postgres
05:31:28 PM 100998   3032521    0.00    0.00    0.00    0.00    0.00    14  postgres
05:31:28 PM 100998   3032523    0.00    1.00    0.00    0.00    1.00    10  postgres
05:31:28 PM 100998   3032525    1.00    0.00    0.00    0.00    1.00    12  postgres
05:31:28 PM 100998   3032530    1.00    0.00    0.00    0.00    1.00    14  postgres
05:31:28 PM 100998   3032539    0.00    0.00    0.00    0.00    0.00    10  postgres
05:31:28 PM 100998   3032560    1.00    0.00    0.00    0.00    1.00    10  postgres
05:31:28 PM 100998   3032564    1.00    0.00    0.00    0.00    1.00    14  postgres
05:31:28 PM 100998   3032571    0.00    0.00    0.00    0.00    0.00    14  postgres
05:31:28 PM 100998   3032592    0.00    0.00    0.00    0.00    0.00    10  postgres
05:31:28 PM 100998   3032648    0.00    0.00    0.00    0.00    0.00    10  postgres
05:31:28 PM 100998   3032701    1.00    0.00    0.00    0.00    1.00    12  postgres
05:31:28 PM 100998   3032755    0.00    0.00    0.00    0.00    0.00    10  postgres
05:31:28 PM 100998   3032796    1.00    0.00    0.00    0.00    1.00    10  postgres
05:31:28 PM 100998   3032798    0.00    0.00    0.00    0.00    0.00    10  postgres
05:31:28 PM 100998   3032799    1.00    0.00    0.00    0.00    1.00    12  postgres
05:31:28 PM 100998   3032800    0.00    0.00    0.00    0.00    0.00    10  postgres
05:31:28 PM 100998   3032801    0.00    0.00    0.00    0.00    0.00    12  postgres
05:31:28 PM 100998   3032802    0.00    0.00    0.00    0.00    0.00    12  postgres
05:31:28 PM 100998   3032803    0.00    0.00    0.00    0.00    0.00    12  postgres
05:31:28 PM 100998   3032804    0.00    1.00    0.00    0.00    1.00    12  postgres
05:31:28 PM 100998   3032807    0.00    0.00    0.00    0.00    0.00    12  postgres
05:31:28 PM 100998   3032809    0.00    0.00    0.00    0.00    0.00    14  postgres
05:31:28 PM 100998   3032811    0.00    0.00    0.00    0.00    0.00    12  postgres
05:31:28 PM 100998   3032813    0.00    0.00    0.00    0.00    0.00    14  postgres
05:31:28 PM 100998   3032818    0.00    0.00    0.00    0.00    0.00    14  postgres
05:31:28 PM 100998   3032847    1.00    1.00    0.00    0.00    2.00    10  postgres
05:31:28 PM 100998   3032851    0.00    0.00    0.00    0.00    0.00    10  postgres
05:31:28 PM 100998   3032871    0.00    0.00    0.00    0.00    0.00    10  postgres
05:31:28 PM 100998   3032922    0.00    0.00    0.00    0.00    0.00    14  postgres
05:31:28 PM 100998   3032972    0.00    0.00    0.00    0.00    0.00    12  postgres
05:31:28 PM 100998   3033023    0.00    0.00    0.00    0.00    0.00    12  postgres
05:31:28 PM 100998   3033066    0.00    1.00    0.00    0.00    1.00    12  postgres
05:31:28 PM 100998   3033081    0.00    1.00    0.00    0.00    1.00    14  postgres
05:31:28 PM 100998   3033082    0.00    0.00    0.00    0.00    0.00    12  postgres
05:31:28 PM 100998   3033083    0.00    0.00    0.00    0.00    0.00    12  postgres
05:31:28 PM 100998   3033084    0.00    0.00    0.00    0.00    0.00    14  postgres
05:31:28 PM 100998   3033085    0.00    0.00    0.00    0.00    0.00    12  postgres
05:31:28 PM 100998   3033086    0.00    0.00    0.00    0.00    0.00    14  postgres
05:31:28 PM 100998   3033087    0.00    0.00    0.00    0.00    0.00    10  postgres
05:31:28 PM 100998   3033090    0.00    0.00    0.00    0.00    0.00    12  postgres

05:31:28 PM   UID       PID    %usr %system  %guest   %wait    %CPU   CPU  Command
05:31:29 PM 100998   3032224    0.00    0.00    0.00    0.00    0.00    10  postgres
05:31:29 PM 100998   3032225    0.00    0.00    0.00    0.00    0.00    14  postgres
05:31:29 PM 100998   3032227    0.00    0.00    0.00    0.00    0.00    10  postgres
05:31:29 PM 100998   3032228    0.00    0.00    0.00    0.00    0.00    12  postgres
05:31:29 PM 100998   3032489    1.00    1.00    0.00    0.00    2.00    10  postgres
05:31:29 PM 100998   3032493    1.00    1.00    0.00    0.00    2.00    14  postgres
05:31:29 PM 100998   3032494    1.00    0.00    0.00    0.00    1.00    10  postgres
05:31:29 PM 100998   3032495    1.00    1.00    0.00    0.00    2.00    10  postgres
05:31:29 PM 100998   3032496    0.00    1.00    0.00    0.00    1.00    14  postgres
05:31:29 PM 100998   3032497    0.00    1.00    0.00    0.00    1.00    12  postgres
05:31:29 PM 100998   3032499    1.00    1.00    0.00    0.00    2.00    12  postgres
05:31:29 PM 100998   3032502    1.00    0.00    0.00    0.00    1.00    10  postgres
05:31:29 PM 100998   3032518    1.00    1.00    0.00    0.00    2.00    12  postgres
05:31:29 PM 100998   3032520    0.00    0.00    0.00    0.00    0.00    14  postgres
05:31:29 PM 100998   3032521    1.00    0.00    0.00    0.00    1.00    12  postgres
05:31:29 PM 100998   3032523    1.00    0.00    0.00    0.00    1.00    14  postgres
05:31:29 PM 100998   3032525    0.00    0.00    0.00    0.00    0.00    14  postgres
05:31:29 PM 100998   3032530    0.00    1.00    0.00    0.00    1.00    14  postgres
05:31:29 PM 100998   3032539    1.00    1.00    0.00    0.00    2.00    12  postgres
05:31:29 PM 100998   3032560    0.00    1.00    0.00    0.00    1.00    10  postgres
05:31:29 PM 100998   3032564    0.00    0.00    0.00    0.00    0.00    12  postgres
05:31:29 PM 100998   3032571    1.00    0.00    0.00    0.00    1.00    12  postgres
05:31:29 PM 100998   3032592    0.00    1.00    0.00    0.00    1.00    14  postgres
05:31:29 PM 100998   3032648    0.00    1.00    0.00    0.00    1.00    12  postgres
05:31:29 PM 100998   3032701    0.00    0.00    0.00    0.00    0.00    10  postgres
05:31:29 PM 100998   3032755    0.00    0.00    0.00    0.00    0.00    14  postgres
05:31:29 PM 100998   3032796    0.00    0.00    0.00    0.00    0.00    10  postgres
05:31:29 PM 100998   3032798    1.00    0.00    0.00    0.00    1.00    10  postgres
05:31:29 PM 100998   3032799    0.00    0.00    0.00    0.00    0.00    14  postgres
05:31:29 PM 100998   3032800    0.00    0.00    0.00    0.00    0.00    10  postgres
05:31:29 PM 100998   3032801    0.00    0.00    0.00    0.00    0.00    12  postgres
05:31:29 PM 100998   3032802    0.00    0.00    0.00    0.00    0.00    12  postgres
05:31:29 PM 100998   3032803    0.00    0.00    0.00    0.00    0.00    12  postgres
05:31:29 PM 100998   3032804    1.00    0.00    0.00    0.00    1.00    10  postgres
05:31:29 PM 100998   3032807    0.00    0.00    0.00    0.00    0.00    14  postgres
05:31:29 PM 100998   3032809    0.00    0.00    0.00    0.00    0.00    12  postgres
05:31:29 PM 100998   3032811    0.00    0.00    0.00    0.00    0.00    10  postgres
05:31:29 PM 100998   3032813    0.00    0.00    0.00    0.00    0.00    12  postgres
05:31:29 PM 100998   3032818    0.00    0.00    0.00    0.00    0.00    10  postgres
05:31:29 PM 100998   3032847    0.00    0.00    0.00    0.00    0.00    14  postgres
05:31:29 PM 100998   3032851    0.00    0.00    0.00    0.00    0.00    12  postgres
05:31:29 PM 100998   3032871    0.00    0.00    0.00    0.00    0.00    12  postgres
05:31:29 PM 100998   3032922    0.00    0.00    0.00    0.00    0.00    10  postgres
05:31:29 PM 100998   3032972    1.00    0.00    0.00    0.00    1.00    14  postgres
05:31:29 PM 100998   3033023    0.00    0.00    0.00    0.00    0.00    12  postgres
05:31:29 PM 100998   3033066    1.00    0.00    0.00    0.00    1.00    12  postgres
05:31:29 PM 100998   3033081    0.00    0.00    0.00    0.00    0.00    10  postgres
05:31:29 PM 100998   3033082    0.00    0.00    0.00    0.00    0.00    12  postgres
05:31:29 PM 100998   3033083    0.00    0.00    0.00    0.00    0.00    12  postgres
05:31:29 PM 100998   3033084    0.00    0.00    0.00    0.00    0.00    14  postgres
05:31:29 PM 100998   3033085    0.00    0.00    0.00    0.00    0.00    10  postgres
05:31:29 PM 100998   3033086    0.00    0.00    0.00    0.00    0.00    12  postgres
05:31:29 PM 100998   3033087    0.00    0.00    0.00    0.00    0.00    10  postgres
05:31:29 PM 100998   3033090    1.00    1.00    0.00    0.00    2.00    10  postgres

05:31:29 PM   UID       PID    %usr %system  %guest   %wait    %CPU   CPU  Command
05:31:30 PM 100998   3032224    0.00    0.00    0.00    0.00    0.00    10  postgres
05:31:30 PM 100998   3032225    0.00    0.00    0.00    0.00    0.00    14  postgres
05:31:30 PM 100998   3032227    0.00    0.00    0.00    0.00    0.00    10  postgres
05:31:30 PM 100998   3032228    0.00    0.00    0.00    0.00    0.00    12  postgres
05:31:30 PM 100998   3032489    1.00    1.00    0.00    0.00    2.00    10  postgres
05:31:30 PM 100998   3032493    1.00    1.00    0.00    0.00    2.00    10  postgres
05:31:30 PM 100998   3032494    1.00    1.00    0.00    0.00    2.00    12  postgres
05:31:30 PM 100998   3032495    0.00    0.00    0.00    0.00    0.00    10  postgres
05:31:30 PM 100998   3032496    1.00    0.00    0.00    0.00    1.00    12  postgres
05:31:30 PM 100998   3032497    1.00    0.00    0.00    0.00    1.00    12  postgres
05:31:30 PM 100998   3032499    1.00    0.00    0.00    0.00    1.00    12  postgres
05:31:30 PM 100998   3032502    0.00    1.00    0.00    0.00    1.00    10  postgres
05:31:30 PM 100998   3032518    1.00    0.00    0.00    0.00    1.00    10  postgres
05:31:30 PM 100998   3032520    1.00    1.00    0.00    0.00    2.00    12  postgres
05:31:30 PM 100998   3032521    1.00    0.00    0.00    0.00    1.00    10  postgres
05:31:30 PM 100998   3032523    0.00    0.00    0.00    0.00    0.00    12  postgres
05:31:30 PM 100998   3032525    0.00    0.00    0.00    0.00    0.00    12  postgres
05:31:30 PM 100998   3032530    1.00    0.00    0.00    0.00    1.00    12  postgres
05:31:30 PM 100998   3032539    0.00    0.00    0.00    0.00    0.00    14  postgres
05:31:30 PM 100998   3032560    1.00    0.00    0.00    0.00    1.00    10  postgres
05:31:30 PM 100998   3032564    0.00    0.00    0.00    0.00    0.00    10  postgres
05:31:30 PM 100998   3032571    0.00    0.00    0.00    0.00    0.00    12  postgres
05:31:30 PM 100998   3032592    1.00    0.00    0.00    0.00    1.00    10  postgres
05:31:30 PM 100998   3032648    1.00    0.00    0.00    0.00    1.00    10  postgres
05:31:30 PM 100998   3032701    0.00    0.00    0.00    0.00    0.00    14  postgres
05:31:30 PM 100998   3032755    0.00    0.00    0.00    0.00    0.00    14  postgres
05:31:30 PM 100998   3032796    0.00    0.00    0.00    0.00    0.00    10  postgres
05:31:30 PM 100998   3032798    0.00    0.00    0.00    0.00    0.00    10  postgres
05:31:30 PM 100998   3032799    0.00    0.00    0.00    0.00    0.00    14  postgres
05:31:30 PM 100998   3032800    0.00    1.00    0.00    0.00    1.00    12  postgres
05:31:30 PM 100998   3032801    0.00    1.00    0.00    0.00    1.00    14  postgres
05:31:30 PM 100998   3032802    0.00    1.00    0.00    0.00    1.00    10  postgres
05:31:30 PM 100998   3032803    1.00    1.00    0.00    0.00    2.00    10  postgres
05:31:30 PM 100998   3032804    0.00    0.00    0.00    0.00    0.00    10  postgres
05:31:30 PM 100998   3032807    0.00    0.00    0.00    0.00    0.00    14  postgres
05:31:30 PM 100998   3032809    0.00    0.00    0.00    0.00    0.00    12  postgres
05:31:30 PM 100998   3032811    1.00    1.00    0.00    0.00    2.00    12  postgres
05:31:30 PM 100998   3032813    0.00    0.00    0.00    0.00    0.00    12  postgres
05:31:30 PM 100998   3032818    0.00    0.00    0.00    0.00    0.00    10  postgres
05:31:30 PM 100998   3032847    0.00    0.00    0.00    0.00    0.00    14  postgres
05:31:30 PM 100998   3032851    0.00    0.00    0.00    0.00    0.00    14  postgres
05:31:30 PM 100998   3032871    1.00    0.00    0.00    0.00    1.00    10  postgres
05:31:30 PM 100998   3032922    0.00    0.00    0.00    0.00    0.00    12  postgres
05:31:30 PM 100998   3032972    0.00    0.00    0.00    0.00    0.00    12  postgres
05:31:30 PM 100998   3033023    0.00    0.00    0.00    0.00    0.00    14  postgres
05:31:30 PM 100998   3033066    0.00    0.00    0.00    0.00    0.00    12  postgres
05:31:30 PM 100998   3033081    0.00    0.00    0.00    0.00    0.00    10  postgres
05:31:30 PM 100998   3033082    0.00    0.00    0.00    0.00    0.00    14  postgres
05:31:30 PM 100998   3033083    0.00    0.00    0.00    0.00    0.00    12  postgres
05:31:30 PM 100998   3033084    0.00    1.00    0.00    0.00    1.00    10  postgres
05:31:30 PM 100998   3033085    0.00    0.00    0.00    0.00    0.00    14  postgres
05:31:30 PM 100998   3033086    0.00    0.00    0.00    0.00    0.00    10  postgres
05:31:30 PM 100998   3033087    0.00    0.00    0.00    0.00    0.00    10  postgres
05:31:30 PM 100998   3033090    0.00    0.00    0.00    0.00    0.00    14  postgres

05:31:30 PM   UID       PID    %usr %system  %guest   %wait    %CPU   CPU  Command
05:31:31 PM 100998   3032224    0.00    0.00    0.00    0.00    0.00    10  postgres
05:31:31 PM 100998   3032225    0.00    0.00    0.00    0.00    0.00    14  postgres
05:31:31 PM 100998   3032227    0.00    0.00    0.00    0.00    0.00    10  postgres
05:31:31 PM 100998   3032228    0.00    0.00    0.00    0.00    0.00    12  postgres
05:31:31 PM 100998   3032489    1.00    0.00    0.00    0.00    1.00    14  postgres
05:31:31 PM 100998   3032493    0.00    0.00    0.00    0.00    0.00    14  postgres
05:31:31 PM 100998   3032494    0.00    0.00    0.00    0.00    0.00    12  postgres
05:31:31 PM 100998   3032495    1.00    0.00    0.00    0.00    1.00    14  postgres
05:31:31 PM 100998   3032496    2.00    1.00    0.00    0.00    3.00    12  postgres
05:31:31 PM 100998   3032497    1.00    0.00    0.00    0.00    1.00    10  postgres
05:31:31 PM 100998   3032499    1.00    0.00    0.00    0.00    1.00    12  postgres
05:31:31 PM 100998   3032502    1.00    0.00    0.00    0.00    1.00    12  postgres
05:31:31 PM 100998   3032518    0.00    0.00    0.00    0.00    0.00    10  postgres
05:31:31 PM 100998   3032520    0.00    0.00    0.00    0.00    0.00    14  postgres
05:31:31 PM 100998   3032521    0.00    0.00    0.00    0.00    0.00    14  postgres
05:31:31 PM 100998   3032523    0.00    0.00    0.00    0.00    0.00    10  postgres
05:31:31 PM 100998   3032525    1.00    0.00    0.00    0.00    1.00    12  postgres
05:31:31 PM 100998   3032530    0.00    1.00    0.00    0.00    1.00    12  postgres
05:31:31 PM 100998   3032539    0.00    0.00    0.00    0.00    0.00    10  postgres
05:31:31 PM 100998   3032560    0.00    0.00    0.00    0.00    0.00    10  postgres
05:31:31 PM 100998   3032564    0.00    0.00    0.00    0.00    0.00    10  postgres
05:31:31 PM 100998   3032571    0.00    1.00    0.00    0.00    1.00    12  postgres
05:31:31 PM 100998   3032592    0.00    0.00    0.00    0.00    0.00    10  postgres
05:31:31 PM 100998   3032648    1.00    0.00    0.00    0.00    1.00    12  postgres
05:31:31 PM 100998   3032701    0.00    0.00    0.00    0.00    0.00    10  postgres
05:31:31 PM 100998   3032755    0.00    1.00    0.00    0.00    1.00    10  postgres
05:31:31 PM 100998   3032796    0.00    0.00    0.00    0.00    0.00    10  postgres
05:31:31 PM 100998   3032798    0.00    0.00    0.00    0.00    0.00    14  postgres
05:31:31 PM 100998   3032799    0.00    1.00    0.00    0.00    1.00    14  postgres
05:31:31 PM 100998   3032800    1.00    0.00    0.00    0.00    1.00    10  postgres
05:31:31 PM 100998   3032801    0.00    0.00    0.00    0.00    0.00    10  postgres
05:31:31 PM 100998   3032802    1.00    0.00    0.00    0.00    1.00    14  postgres
05:31:31 PM 100998   3032803    0.00    0.00    0.00    0.00    0.00    12  postgres
05:31:31 PM 100998   3032804    0.00    0.00    0.00    0.00    0.00    14  postgres
05:31:31 PM 100998   3032807    1.00    0.00    0.00    0.00    1.00    14  postgres
05:31:31 PM 100998   3032809    0.00    0.00    0.00    0.00    0.00    10  postgres
05:31:31 PM 100998   3032811    0.00    0.00    0.00    0.00    0.00    12  postgres
05:31:31 PM 100998   3032813    1.00    1.00    0.00    0.00    2.00    12  postgres
05:31:31 PM 100998   3032818    1.00    0.00    0.00    0.00    1.00    12  postgres
05:31:31 PM 100998   3032847    0.00    0.00    0.00    0.00    0.00    10  postgres
05:31:31 PM 100998   3032851    0.00    0.00    0.00    0.00    0.00    14  postgres
05:31:31 PM 100998   3032871    0.00    0.00    0.00    0.00    0.00    10  postgres
05:31:31 PM 100998   3032922    1.00    0.00    0.00    0.00    1.00    14  postgres
05:31:31 PM 100998   3032972    0.00    0.00    0.00    0.00    0.00    12  postgres
05:31:31 PM 100998   3033023    0.00    0.00    0.00    0.00    0.00    14  postgres
05:31:31 PM 100998   3033066    0.00    0.00    0.00    0.00    0.00    14  postgres
05:31:31 PM 100998   3033081    1.00    0.00    0.00    0.00    1.00    10  postgres
05:31:31 PM 100998   3033082    0.00    0.00    0.00    0.00    0.00    12  postgres
05:31:31 PM 100998   3033083    0.00    0.00    0.00    0.00    0.00    12  postgres
05:31:31 PM 100998   3033084    0.00    0.00    0.00    0.00    0.00    14  postgres
05:31:31 PM 100998   3033085    0.00    1.00    0.00    0.00    1.00    14  postgres
05:31:31 PM 100998   3033086    0.00    0.00    0.00    0.00    0.00    10  postgres
05:31:31 PM 100998   3033087    0.00    0.00    0.00    0.00    0.00    12  postgres
05:31:31 PM 100998   3033090    0.00    0.00    0.00    0.00    0.00    14  postgres

05:31:31 PM   UID       PID    %usr %system  %guest   %wait    %CPU   CPU  Command
05:31:32 PM 100998   3032224    0.00    0.00    0.00    0.00    0.00    10  postgres
05:31:32 PM 100998   3032225    0.00    0.00    0.00    0.00    0.00    14  postgres
05:31:32 PM 100998   3032227    0.00    0.00    0.00    0.00    0.00    10  postgres
05:31:32 PM 100998   3032228    0.00    0.00    0.00    0.00    0.00    12  postgres
05:31:32 PM 100998   3032489    1.00    1.00    0.00    0.00    2.00    14  postgres
05:31:32 PM 100998   3032493    1.00    1.00    0.00    0.00    2.00    12  postgres
05:31:32 PM 100998   3032494    1.00    1.00    0.00    0.00    2.00    10  postgres
05:31:32 PM 100998   3032495    1.00    0.00    0.00    0.00    1.00    14  postgres
05:31:32 PM 100998   3032496    0.00    1.00    0.00    0.00    1.00    14  postgres
05:31:32 PM 100998   3032497    0.00    1.00    0.00    0.00    1.00    14  postgres
05:31:32 PM 100998   3032499    1.00    1.00    0.00    0.00    2.00    10  postgres
05:31:32 PM 100998   3032502    0.00    0.00    0.00    0.00    0.00    12  postgres
05:31:32 PM 100998   3032518    1.00    0.00    0.00    0.00    1.00    14  postgres
05:31:32 PM 100998   3032520    1.00    0.00    0.00    0.00    1.00    10  postgres
05:31:32 PM 100998   3032521    0.00    1.00    0.00    0.00    1.00    12  postgres
05:31:32 PM 100998   3032523    0.00    0.00    0.00    0.00    0.00    14  postgres
05:31:32 PM 100998   3032525    0.00    0.00    0.00    0.00    0.00    10  postgres
05:31:32 PM 100998   3032530    0.00    0.00    0.00    0.00    0.00    14  postgres
05:31:32 PM 100998   3032539    0.00    0.00    0.00    0.00    0.00    12  postgres
05:31:32 PM 100998   3032560    1.00    0.00    0.00    0.00    1.00    10  postgres
05:31:32 PM 100998   3032564    1.00    1.00    0.00    0.00    2.00    12  postgres
05:31:32 PM 100998   3032571    1.00    0.00    0.00    0.00    1.00    12  postgres
05:31:32 PM 100998   3032592    0.00    0.00    0.00    0.00    0.00    14  postgres
05:31:32 PM 100998   3032648    0.00    0.00    0.00    0.00    0.00    10  postgres
05:31:32 PM 100998   3032701    1.00    0.00    0.00    0.00    1.00    12  postgres
05:31:32 PM 100998   3032755    1.00    0.00    0.00    0.00    1.00    10  postgres
05:31:32 PM 100998   3032796    1.00    0.00    0.00    0.00    1.00    10  postgres
05:31:32 PM 100998   3032798    1.00    1.00    0.00    0.00    2.00    10  postgres
05:31:32 PM 100998   3032799    0.00    0.00    0.00    0.00    0.00    14  postgres
05:31:32 PM 100998   3032800    0.00    0.00    0.00    0.00    0.00    10  postgres
05:31:32 PM 100998   3032801    0.00    0.00    0.00    0.00    0.00    10  postgres
05:31:32 PM 100998   3032802    0.00    0.00    0.00    0.00    0.00    12  postgres
05:31:32 PM 100998   3032803    0.00    0.00    0.00    0.00    0.00    10  postgres
05:31:32 PM 100998   3032804    0.00    0.00    0.00    0.00    0.00    12  postgres
05:31:32 PM 100998   3032807    0.00    0.00    0.00    0.00    0.00    12  postgres
05:31:32 PM 100998   3032809    1.00    0.00    0.00    0.00    1.00    10  postgres
05:31:32 PM 100998   3032811    0.00    0.00    0.00    0.00    0.00    10  postgres
05:31:32 PM 100998   3032813    0.00    0.00    0.00    0.00    0.00    14  postgres
05:31:32 PM 100998   3032818    0.00    0.00    0.00    0.00    0.00    10  postgres
05:31:32 PM 100998   3032847    0.00    0.00    0.00    0.00    0.00    14  postgres
05:31:32 PM 100998   3032851    0.00    1.00    0.00    0.00    1.00    14  postgres
05:31:32 PM 100998   3032871    0.00    0.00    0.00    0.00    0.00    12  postgres
05:31:32 PM 100998   3032922    0.00    0.00    0.00    0.00    0.00    10  postgres
05:31:32 PM 100998   3032972    0.00    0.00    0.00    0.00    0.00    10  postgres
05:31:32 PM 100998   3033023    0.00    1.00    0.00    0.00    1.00    12  postgres
05:31:32 PM 100998   3033066    0.00    0.00    0.00    0.00    0.00    12  postgres
05:31:32 PM 100998   3033081    0.00    0.00    0.00    0.00    0.00    14  postgres
05:31:32 PM 100998   3033082    0.00    0.00    0.00    0.00    0.00    14  postgres
05:31:32 PM 100998   3033083    1.00    0.00    0.00    0.00    1.00    12  postgres
05:31:32 PM 100998   3033084    0.00    0.00    0.00    0.00    0.00    10  postgres
05:31:32 PM 100998   3033085    0.00    0.00    0.00    0.00    0.00    10  postgres
05:31:32 PM 100998   3033086    0.00    0.00    0.00    0.00    0.00    10  postgres
05:31:32 PM 100998   3033087    0.00    0.00    0.00    0.00    0.00    14  postgres
05:31:32 PM 100998   3033090    1.00    0.00    0.00    0.00    1.00    14  postgres

05:31:32 PM   UID       PID    %usr %system  %guest   %wait    %CPU   CPU  Command
05:31:33 PM 100998   3032224    0.00    0.00    0.00    0.00    0.00    10  postgres
05:31:33 PM 100998   3032225    0.00    0.00    0.00    0.00    0.00    12  postgres
05:31:33 PM 100998   3032227    0.00    0.00    0.00    0.00    0.00    10  postgres
05:31:33 PM 100998   3032228    0.00    0.00    0.00    0.00    0.00    12  postgres
05:31:33 PM 100998   3032489    0.00    0.00    0.00    0.00    0.00    12  postgres
05:31:33 PM 100998   3032493    1.00    0.00    0.00    0.00    1.00    14  postgres
05:31:33 PM 100998   3032494    0.00    0.00    0.00    0.00    0.00    14  postgres
05:31:33 PM 100998   3032495    1.00    1.00    0.00    0.00    2.00    14  postgres
05:31:33 PM 100998   3032496    1.00    0.00    0.00    0.00    1.00    10  postgres
05:31:33 PM 100998   3032497    0.00    0.00    0.00    0.00    0.00    10  postgres
05:31:33 PM 100998   3032499    1.00    0.00    0.00    0.00    1.00    10  postgres
05:31:33 PM 100998   3032502    1.00    0.00    0.00    0.00    1.00    12  postgres
05:31:33 PM 100998   3032518    1.00    1.00    0.00    0.00    2.00    14  postgres
05:31:33 PM 100998   3032520    0.00    1.00    0.00    0.00    1.00    14  postgres
05:31:33 PM 100998   3032521    1.00    0.00    0.00    0.00    1.00    14  postgres
05:31:33 PM 100998   3032523    1.00    1.00    0.00    0.00    2.00    12  postgres
05:31:33 PM 100998   3032525    0.00    1.00    0.00    0.00    1.00    14  postgres
05:31:33 PM 100998   3032530    0.00    0.00    0.00    0.00    0.00    14  postgres
05:31:33 PM 100998   3032539    1.00    1.00    0.00    0.00    2.00    12  postgres
05:31:33 PM 100998   3032560    0.00    1.00    0.00    0.00    1.00    10  postgres
05:31:33 PM 100998   3032564    1.00    0.00    0.00    0.00    1.00    12  postgres
05:31:33 PM 100998   3032571    0.00    0.00    0.00    0.00    0.00    14  postgres
05:31:33 PM 100998   3032592    1.00    1.00    0.00    0.00    2.00    12  postgres
05:31:33 PM 100998   3032648    0.00    0.00    0.00    0.00    0.00    14  postgres
05:31:33 PM 100998   3032701    0.00    1.00    0.00    0.00    1.00    12  postgres
05:31:33 PM 100998   3032755    0.00    0.00    0.00    0.00    0.00    10  postgres
05:31:33 PM 100998   3032796    0.00    0.00    0.00    0.00    0.00    10  postgres
05:31:33 PM 100998   3032798    0.00    0.00    0.00    0.00    0.00    10  postgres
05:31:33 PM 100998   3032799    1.00    0.00    0.00    0.00    1.00    12  postgres
05:31:33 PM 100998   3032800    0.00    0.00    0.00    0.00    0.00    10  postgres
05:31:33 PM 100998   3032801    1.00    0.00    0.00    0.00    1.00    14  postgres
05:31:33 PM 100998   3032802    0.00    0.00    0.00    0.00    0.00    12  postgres
05:31:33 PM 100998   3032803    0.00    0.00    0.00    0.00    0.00    12  postgres
05:31:33 PM 100998   3032804    0.00    0.00    0.00    0.00    0.00    12  postgres
05:31:33 PM 100998   3032807    0.00    0.00    0.00    0.00    0.00    14  postgres
05:31:33 PM 100998   3032809    0.00    0.00    0.00    0.00    0.00    12  postgres
05:31:33 PM 100998   3032811    1.00    0.00    0.00    0.00    1.00    12  postgres
05:31:33 PM 100998   3032813    0.00    0.00    0.00    0.00    0.00    10  postgres
05:31:33 PM 100998   3032818    0.00    1.00    0.00    0.00    1.00    12  postgres
05:31:33 PM 100998   3032847    0.00    1.00    0.00    0.00    1.00    14  postgres
05:31:33 PM 100998   3032851    1.00    0.00    0.00    0.00    1.00    10  postgres
05:31:33 PM 100998   3032871    0.00    0.00    0.00    0.00    0.00    12  postgres
05:31:33 PM 100998   3032922    0.00    0.00    0.00    0.00    0.00    10  postgres
05:31:33 PM 100998   3032972    0.00    0.00    0.00    0.00    0.00    12  postgres
05:31:33 PM 100998   3033023    0.00    0.00    0.00    0.00    0.00    10  postgres
05:31:33 PM 100998   3033066    1.00    0.00    0.00    0.00    1.00    10  postgres
05:31:33 PM 100998   3033081    0.00    0.00    0.00    0.00    0.00    10  postgres
05:31:33 PM 100998   3033082    0.00    0.00    0.00    0.00    0.00    10  postgres
05:31:33 PM 100998   3033083    0.00    0.00    0.00    0.00    0.00    12  postgres
05:31:33 PM 100998   3033084    0.00    0.00    0.00    0.00    0.00    12  postgres
05:31:33 PM 100998   3033085    1.00    0.00    0.00    0.00    1.00    10  postgres
05:31:33 PM 100998   3033086    1.00    1.00    0.00    0.00    2.00    10  postgres
05:31:33 PM 100998   3033087    1.00    0.00    0.00    0.00    1.00    12  postgres
05:31:33 PM 100998   3033090    0.00    0.00    0.00    0.00    0.00    10  postgres

05:31:33 PM   UID       PID    %usr %system  %guest   %wait    %CPU   CPU  Command
05:31:34 PM 100998   3032224    0.00    0.00    0.00    0.00    0.00    10  postgres
05:31:34 PM 100998   3032225    0.00    0.00    0.00    0.00    0.00    12  postgres
05:31:34 PM 100998   3032227    0.00    0.00    0.00    0.00    0.00    10  postgres
05:31:34 PM 100998   3032228    0.00    0.00    0.00    0.00    0.00    12  postgres
05:31:34 PM 100998   3032489    2.00    1.00    0.00    0.00    3.00    14  postgres
05:31:34 PM 100998   3032493    1.00    1.00    0.00    0.00    2.00    10  postgres
05:31:34 PM 100998   3032494    2.00    1.00    0.00    0.00    3.00    10  postgres
05:31:34 PM 100998   3032495    1.00    0.00    0.00    0.00    1.00    14  postgres
05:31:34 PM 100998   3032496    1.00    1.00    0.00    0.00    2.00    14  postgres
05:31:34 PM 100998   3032497    1.00    0.00    0.00    0.00    1.00    10  postgres
05:31:34 PM 100998   3032499    0.00    0.00    0.00    0.00    0.00    12  postgres
05:31:34 PM 100998   3032502    0.00    1.00    0.00    0.00    1.00    14  postgres
05:31:34 PM 100998   3032518    0.00    0.00    0.00    0.00    0.00    14  postgres
05:31:34 PM 100998   3032520    1.00    0.00    0.00    0.00    1.00    10  postgres
05:31:34 PM 100998   3032521    0.00    0.00    0.00    0.00    0.00    14  postgres
05:31:34 PM 100998   3032523    0.00    0.00    0.00    0.00    0.00    10  postgres
05:31:34 PM 100998   3032525    1.00    0.00    0.00    0.00    1.00    12  postgres
05:31:34 PM 100998   3032530    1.00    0.00    0.00    0.00    1.00    12  postgres
05:31:34 PM 100998   3032539    1.00    0.00    0.00    0.00    1.00    10  postgres
05:31:34 PM 100998   3032560    0.00    0.00    0.00    0.00    0.00    10  postgres
05:31:34 PM 100998   3032564    0.00    0.00    0.00    0.00    0.00    12  postgres
05:31:34 PM 100998   3032571    0.00    0.00    0.00    0.00    0.00    10  postgres
05:31:34 PM 100998   3032592    0.00    0.00    0.00    0.00    0.00    10  postgres
05:31:34 PM 100998   3032648    0.00    0.00    0.00    0.00    0.00    10  postgres
05:31:34 PM 100998   3032701    0.00    0.00    0.00    0.00    0.00    10  postgres
05:31:34 PM 100998   3032755    0.00    0.00    0.00    0.00    0.00    10  postgres
05:31:34 PM 100998   3032796    0.00    0.00    0.00    0.00    0.00    12  postgres
05:31:34 PM 100998   3032798    0.00    0.00    0.00    0.00    0.00    14  postgres
05:31:34 PM 100998   3032799    0.00    0.00    0.00    0.00    0.00    14  postgres
05:31:34 PM 100998   3032800    0.00    0.00    0.00    0.00    0.00    14  postgres
05:31:34 PM 100998   3032801    0.00    0.00    0.00    0.00    0.00    12  postgres
05:31:34 PM 100998   3032802    0.00    0.00    0.00    0.00    0.00    12  postgres
05:31:34 PM 100998   3032803    0.00    0.00    0.00    0.00    0.00    12  postgres
05:31:34 PM 100998   3032804    0.00    0.00    0.00    0.00    0.00    14  postgres
05:31:34 PM 100998   3032807    0.00    0.00    0.00    0.00    0.00    10  postgres
05:31:34 PM 100998   3032809    0.00    1.00    0.00    0.00    1.00    14  postgres
05:31:34 PM 100998   3032811    0.00    0.00    0.00    0.00    0.00    12  postgres
05:31:34 PM 100998   3032813    0.00    0.00    0.00    0.00    0.00    14  postgres
05:31:34 PM 100998   3032818    0.00    0.00    0.00    0.00    0.00    12  postgres
05:31:34 PM 100998   3032847    0.00    0.00    0.00    0.00    0.00    14  postgres
05:31:34 PM 100998   3032851    0.00    0.00    0.00    0.00    0.00    12  postgres
05:31:34 PM 100998   3032871    0.00    1.00    0.00    0.00    1.00    12  postgres
05:31:34 PM 100998   3032922    0.00    0.00    0.00    0.00    0.00    10  postgres
05:31:34 PM 100998   3032972    0.00    0.00    0.00    0.00    0.00    12  postgres
05:31:34 PM 100998   3033023    1.00    0.00    0.00    0.00    1.00    12  postgres
05:31:34 PM 100998   3033066    0.00    0.00    0.00    0.00    0.00    10  postgres
05:31:34 PM 100998   3033081    0.00    0.00    0.00    0.00    0.00    10  postgres
05:31:34 PM 100998   3033082    0.00    0.00    0.00    0.00    0.00    14  postgres
05:31:34 PM 100998   3033083    0.00    0.00    0.00    0.00    0.00    10  postgres
05:31:34 PM 100998   3033084    0.00    0.00    0.00    0.00    0.00    10  postgres
05:31:34 PM 100998   3033085    0.00    0.00    0.00    0.00    0.00    10  postgres
05:31:34 PM 100998   3033086    0.00    0.00    0.00    0.00    0.00    10  postgres
05:31:34 PM 100998   3033087    0.00    0.00    0.00    0.00    0.00    14  postgres
05:31:34 PM 100998   3033090    0.00    0.00    0.00    0.00    0.00    14  postgres

05:31:34 PM   UID       PID    %usr %system  %guest   %wait    %CPU   CPU  Command
05:31:35 PM 100998   3032224    0.00    0.00    0.00    0.00    0.00    10  postgres
05:31:35 PM 100998   3032225    0.00    0.00    0.00    0.00    0.00    12  postgres
05:31:35 PM 100998   3032227    0.00    0.00    0.00    0.00    0.00    10  postgres
05:31:35 PM 100998   3032228    0.00    0.00    0.00    0.00    0.00    12  postgres
05:31:35 PM 100998   3032489    1.00    1.00    0.00    0.00    2.00    10  postgres
05:31:35 PM 100998   3032493    1.00    0.00    0.00    0.00    1.00    12  postgres
05:31:35 PM 100998   3032494    1.00    0.00    0.00    0.00    1.00    12  postgres
05:31:35 PM 100998   3032495    1.00    1.00    0.00    0.00    2.00    14  postgres
05:31:35 PM 100998   3032496    1.00    1.00    0.00    0.00    2.00    10  postgres
05:31:35 PM 100998   3032497    1.00    0.00    0.00    0.00    1.00    14  postgres
05:31:35 PM 100998   3032499    1.00    1.00    0.00    0.00    2.00    10  postgres
05:31:35 PM 100998   3032502    1.00    0.00    0.00    0.00    1.00    14  postgres
05:31:35 PM 100998   3032518    0.00    1.00    0.00    0.00    1.00    14  postgres
05:31:35 PM 100998   3032520    1.00    1.00    0.00    0.00    2.00    12  postgres
05:31:35 PM 100998   3032521    1.00    0.00    0.00    0.00    1.00    12  postgres
05:31:35 PM 100998   3032523    0.00    0.00    0.00    0.00    0.00    14  postgres
05:31:35 PM 100998   3032525    0.00    0.00    0.00    0.00    0.00    10  postgres
05:31:35 PM 100998   3032530    1.00    0.00    0.00    0.00    1.00    14  postgres
05:31:35 PM 100998   3032539    0.00    0.00    0.00    0.00    0.00    14  postgres
05:31:35 PM 100998   3032560    1.00    0.00    0.00    0.00    1.00    12  postgres
05:31:35 PM 100998   3032564    0.00    0.00    0.00    0.00    0.00    14  postgres
05:31:35 PM 100998   3032571    1.00    0.00    0.00    0.00    1.00    10  postgres
05:31:35 PM 100998   3032592    1.00    0.00    0.00    0.00    1.00    14  postgres
05:31:35 PM 100998   3032648    1.00    0.00    0.00    0.00    1.00    12  postgres
05:31:35 PM 100998   3032701    1.00    0.00    0.00    0.00    1.00    12  postgres
05:31:35 PM 100998   3032755    1.00    0.00    0.00    0.00    1.00    14  postgres
05:31:35 PM 100998   3032796    0.00    0.00    0.00    0.00    0.00    14  postgres
05:31:35 PM 100998   3032798    0.00    0.00    0.00    0.00    0.00    10  postgres
05:31:35 PM 100998   3032799    0.00    0.00    0.00    0.00    0.00    12  postgres
05:31:35 PM 100998   3032800    0.00    0.00    0.00    0.00    0.00    14  postgres
05:31:35 PM 100998   3032801    0.00    0.00    0.00    0.00    0.00    14  postgres
05:31:35 PM 100998   3032802    1.00    0.00    0.00    0.00    1.00    14  postgres
05:31:35 PM 100998   3032803    0.00    0.00    0.00    0.00    0.00    10  postgres
05:31:35 PM 100998   3032804    1.00    0.00    0.00    0.00    1.00    14  postgres
05:31:35 PM 100998   3032807    0.00    1.00    0.00    0.00    1.00    10  postgres
05:31:35 PM 100998   3032809    0.00    0.00    0.00    0.00    0.00    14  postgres
05:31:35 PM 100998   3032811    0.00    0.00    0.00    0.00    0.00    14  postgres
05:31:35 PM 100998   3032813    0.00    0.00    0.00    0.00    0.00    10  postgres
05:31:35 PM 100998   3032818    0.00    0.00    0.00    0.00    0.00    10  postgres
05:31:35 PM 100998   3032847    1.00    0.00    0.00    0.00    1.00    14  postgres
05:31:35 PM 100998   3032851    0.00    0.00    0.00    0.00    0.00    12  postgres
05:31:35 PM 100998   3032871    0.00    0.00    0.00    0.00    0.00    12  postgres
05:31:35 PM 100998   3032922    0.00    0.00    0.00    0.00    0.00    14  postgres
05:31:35 PM 100998   3032972    0.00    0.00    0.00    0.00    0.00    12  postgres
05:31:35 PM 100998   3033023    0.00    0.00    0.00    0.00    0.00    10  postgres
05:31:35 PM 100998   3033066    0.00    0.00    0.00    0.00    0.00    10  postgres
05:31:35 PM 100998   3033081    0.00    0.00    0.00    0.00    0.00    10  postgres
05:31:35 PM 100998   3033082    1.00    1.00    0.00    0.00    2.00    14  postgres
05:31:35 PM 100998   3033083    0.00    0.00    0.00    0.00    0.00    10  postgres
05:31:35 PM 100998   3033084    1.00    0.00    0.00    0.00    1.00    12  postgres
05:31:35 PM 100998   3033085    0.00    0.00    0.00    0.00    0.00    12  postgres
05:31:35 PM 100998   3033086    0.00    0.00    0.00    0.00    0.00    10  postgres
05:31:35 PM 100998   3033087    0.00    1.00    0.00    0.00    1.00    14  postgres
05:31:35 PM 100998   3033090    0.00    0.00    0.00    0.00    0.00    12  postgres

05:31:35 PM   UID       PID    %usr %system  %guest   %wait    %CPU   CPU  Command
05:31:36 PM 100998   3032224    0.00    0.00    0.00    0.00    0.00    10  postgres
05:31:36 PM 100998   3032225    0.00    0.00    0.00    0.00    0.00    12  postgres
05:31:36 PM 100998   3032227    0.00    0.00    0.00    0.00    0.00    10  postgres
05:31:36 PM 100998   3032228    0.00    0.00    0.00    0.00    0.00    12  postgres
05:31:36 PM 100998   3032489    2.00    0.00    0.00    0.00    2.00    12  postgres
05:31:36 PM 100998   3032493    1.00    1.00    0.00    0.00    2.00    10  postgres
05:31:36 PM 100998   3032494    1.00    2.00    0.00    0.00    3.00    14  postgres
05:31:36 PM 100998   3032495    1.00    0.00    0.00    0.00    1.00    14  postgres
05:31:36 PM 100998   3032496    1.00    0.00    0.00    0.00    1.00    12  postgres
05:31:36 PM 100998   3032497    1.00    0.00    0.00    0.00    1.00    10  postgres
05:31:36 PM 100998   3032499    1.00    0.00    0.00    0.00    1.00    14  postgres
05:31:36 PM 100998   3032502    1.00    0.00    0.00    0.00    1.00    10  postgres
05:31:36 PM 100998   3032518    1.00    0.00    0.00    0.00    1.00    14  postgres
05:31:36 PM 100998   3032520    1.00    0.00    0.00    0.00    1.00    12  postgres
05:31:36 PM 100998   3032521    0.00    1.00    0.00    0.00    1.00    14  postgres
05:31:36 PM 100998   3032523    1.00    0.00    0.00    0.00    1.00    14  postgres
05:31:36 PM 100998   3032525    1.00    0.00    0.00    0.00    1.00    12  postgres
05:31:36 PM 100998   3032530    0.00    0.00    0.00    0.00    0.00    14  postgres
05:31:36 PM 100998   3032539    0.00    0.00    0.00    0.00    0.00    10  postgres
05:31:36 PM 100998   3032560    0.00    0.00    0.00    0.00    0.00    14  postgres
05:31:36 PM 100998   3032564    1.00    0.00    0.00    0.00    1.00    12  postgres
05:31:36 PM 100998   3032571    0.00    0.00    0.00    0.00    0.00    12  postgres
05:31:36 PM 100998   3032592    0.00    0.00    0.00    0.00    0.00    14  postgres
05:31:36 PM 100998   3032648    0.00    0.00    0.00    0.00    0.00    14  postgres
05:31:36 PM 100998   3032701    0.00    0.00    0.00    0.00    0.00    10  postgres
05:31:36 PM 100998   3032755    0.00    0.00    0.00    0.00    0.00    10  postgres
05:31:36 PM 100998   3032796    0.00    0.00    0.00    0.00    0.00    14  postgres
05:31:36 PM 100998   3032798    0.00    0.00    0.00    0.00    0.00    12  postgres
05:31:36 PM 100998   3032799    0.00    0.00    0.00    0.00    0.00    10  postgres
05:31:36 PM 100998   3032800    1.00    0.00    0.00    0.00    1.00    12  postgres
05:31:36 PM 100998   3032801    0.00    1.00    0.00    0.00    1.00    10  postgres
05:31:36 PM 100998   3032802    0.00    0.00    0.00    0.00    0.00    14  postgres
05:31:36 PM 100998   3032803    0.00    1.00    0.00    0.00    1.00    10  postgres
05:31:36 PM 100998   3032804    0.00    0.00    0.00    0.00    0.00    10  postgres
05:31:36 PM 100998   3032807    0.00    0.00    0.00    0.00    0.00    10  postgres
05:31:36 PM 100998   3032809    0.00    0.00    0.00    0.00    0.00    12  postgres
05:31:36 PM 100998   3032811    0.00    1.00    0.00    0.00    1.00    12  postgres
05:31:36 PM 100998   3032813    1.00    0.00    0.00    0.00    1.00    14  postgres
05:31:36 PM 100998   3032818    0.00    0.00    0.00    0.00    0.00    12  postgres
05:31:36 PM 100998   3032847    0.00    0.00    0.00    0.00    0.00    12  postgres
05:31:36 PM 100998   3032851    0.00    0.00    0.00    0.00    0.00    12  postgres
05:31:36 PM 100998   3032871    0.00    0.00    0.00    0.00    0.00    14  postgres
05:31:36 PM 100998   3032922    1.00    1.00    0.00    0.00    2.00    10  postgres
05:31:36 PM 100998   3032972    0.00    0.00    0.00    0.00    0.00    12  postgres
05:31:36 PM 100998   3033023    0.00    0.00    0.00    0.00    0.00    10  postgres
05:31:36 PM 100998   3033066    0.00    0.00    0.00    0.00    0.00    12  postgres
05:31:36 PM 100998   3033081    0.00    0.00    0.00    0.00    0.00    10  postgres
05:31:36 PM 100998   3033082    0.00    0.00    0.00    0.00    0.00    10  postgres
05:31:36 PM 100998   3033083    0.00    0.00    0.00    0.00    0.00    14  postgres
05:31:36 PM 100998   3033084    0.00    0.00    0.00    0.00    0.00    14  postgres
05:31:36 PM 100998   3033085    0.00    0.00    0.00    0.00    0.00    10  postgres
05:31:36 PM 100998   3033086    0.00    0.00    0.00    0.00    0.00    12  postgres
05:31:36 PM 100998   3033087    0.00    0.00    0.00    0.00    0.00    10  postgres
05:31:36 PM 100998   3033090    0.00    0.00    0.00    0.00    0.00    14  postgres

05:31:36 PM   UID       PID    %usr %system  %guest   %wait    %CPU   CPU  Command
05:31:37 PM 100998   3032224    0.00    0.00    0.00    0.00    0.00    10  postgres
05:31:37 PM 100998   3032225    0.00    0.00    0.00    0.00    0.00    12  postgres
05:31:37 PM 100998   3032227    0.00    0.00    0.00    0.00    0.00    10  postgres
05:31:37 PM 100998   3032228    0.00    0.00    0.00    0.00    0.00    12  postgres
05:31:37 PM 100998   3032489    1.00    1.00    0.00    0.00    2.00    10  postgres
05:31:37 PM 100998   3032493    1.00    1.00    0.00    0.00    2.00    10  postgres
05:31:37 PM 100998   3032494    1.00    0.00    0.00    0.00    1.00    14  postgres
05:31:37 PM 100998   3032495    1.00    1.00    0.00    0.00    2.00    10  postgres
05:31:37 PM 100998   3032496    1.00    1.00    0.00    0.00    2.00    10  postgres
05:31:37 PM 100998   3032497    1.00    1.00    0.00    0.00    2.00    10  postgres
05:31:37 PM 100998   3032499    1.00    0.00    0.00    0.00    1.00    14  postgres
05:31:37 PM 100998   3032502    1.00    1.00    0.00    0.00    2.00    12  postgres
05:31:37 PM 100998   3032518    0.00    0.00    0.00    0.00    0.00    12  postgres
05:31:37 PM 100998   3032520    0.00    0.00    0.00    0.00    0.00    10  postgres
05:31:37 PM 100998   3032521    0.00    0.00    0.00    0.00    0.00    12  postgres
05:31:37 PM 100998   3032523    0.00    0.00    0.00    0.00    0.00    12  postgres
05:31:37 PM 100998   3032525    0.00    0.00    0.00    0.00    0.00    14  postgres
05:31:37 PM 100998   3032530    1.00    0.00    0.00    0.00    1.00    14  postgres
05:31:37 PM 100998   3032539    1.00    1.00    0.00    0.00    2.00    10  postgres
05:31:37 PM 100998   3032560    0.00    0.00    0.00    0.00    0.00    14  postgres
05:31:37 PM 100998   3032564    1.00    0.00    0.00    0.00    1.00    10  postgres
05:31:37 PM 100998   3032571    0.00    0.00    0.00    0.00    0.00    12  postgres
05:31:37 PM 100998   3032592    0.00    0.00    0.00    0.00    0.00    14  postgres
05:31:37 PM 100998   3032648    0.00    1.00    0.00    0.00    1.00    12  postgres
05:31:37 PM 100998   3032701    0.00    0.00    0.00    0.00    0.00    10  postgres
05:31:37 PM 100998   3032755    0.00    0.00    0.00    0.00    0.00    12  postgres
05:31:37 PM 100998   3032796    1.00    1.00    0.00    0.00    2.00    14  postgres
05:31:37 PM 100998   3032798    0.00    0.00    0.00    0.00    0.00    12  postgres
05:31:37 PM 100998   3032799    0.00    1.00    0.00    0.00    1.00    12  postgres
05:31:37 PM 100998   3032800    0.00    0.00    0.00    0.00    0.00    10  postgres
05:31:37 PM 100998   3032801    0.00    0.00    0.00    0.00    0.00    10  postgres
05:31:37 PM 100998   3032802    0.00    0.00    0.00    0.00    0.00    10  postgres
05:31:37 PM 100998   3032803    1.00    0.00    0.00    0.00    1.00    14  postgres
05:31:37 PM 100998   3032804    0.00    0.00    0.00    0.00    0.00    14  postgres
05:31:37 PM 100998   3032807    0.00    0.00    0.00    0.00    0.00    14  postgres
05:31:37 PM 100998   3032809    0.00    0.00    0.00    0.00    0.00    14  postgres
05:31:37 PM 100998   3032811    0.00    0.00    0.00    0.00    0.00    14  postgres
05:31:37 PM 100998   3032813    0.00    0.00    0.00    0.00    0.00    10  postgres
05:31:37 PM 100998   3032818    0.00    0.00    0.00    0.00    0.00    10  postgres
05:31:37 PM 100998   3032847    0.00    0.00    0.00    0.00    0.00    12  postgres
05:31:37 PM 100998   3032851    0.00    0.00    0.00    0.00    0.00    12  postgres
05:31:37 PM 100998   3032871    1.00    0.00    0.00    0.00    1.00    10  postgres
05:31:37 PM 100998   3032922    0.00    0.00    0.00    0.00    0.00    14  postgres
05:31:37 PM 100998   3032972    0.00    0.00    0.00    0.00    0.00    12  postgres
05:31:37 PM 100998   3033023    0.00    0.00    0.00    0.00    0.00    12  postgres
05:31:37 PM 100998   3033066    0.00    0.00    0.00    0.00    0.00    12  postgres
05:31:37 PM 100998   3033081    0.00    0.00    0.00    0.00    0.00    10  postgres
05:31:37 PM 100998   3033082    0.00    0.00    0.00    0.00    0.00    14  postgres
05:31:37 PM 100998   3033083    1.00    1.00    0.00    0.00    2.00    10  postgres
05:31:37 PM 100998   3033084    0.00    0.00    0.00    0.00    0.00    10  postgres
05:31:37 PM 100998   3033085    0.00    0.00    0.00    0.00    0.00    12  postgres
05:31:37 PM 100998   3033086    0.00    0.00    0.00    0.00    0.00    10  postgres
05:31:37 PM 100998   3033087    0.00    0.00    0.00    0.00    0.00    10  postgres
05:31:37 PM 100998   3033090    0.00    0.00    0.00    0.00    0.00    10  postgres

05:31:37 PM   UID       PID    %usr %system  %guest   %wait    %CPU   CPU  Command
05:31:38 PM 100998   3032224    0.00    0.00    0.00    0.00    0.00    10  postgres
05:31:38 PM 100998   3032225    0.00    0.00    0.00    0.00    0.00    12  postgres
05:31:38 PM 100998   3032227    0.00    0.00    0.00    0.00    0.00    10  postgres
05:31:38 PM 100998   3032228    0.00    0.00    0.00    0.00    0.00    12  postgres
05:31:38 PM 100998   3032489    1.00    1.00    0.00    0.00    2.00    10  postgres
05:31:38 PM 100998   3032493    1.00    1.00    0.00    0.00    2.00    12  postgres
05:31:38 PM 100998   3032494    1.00    1.00    0.00    0.00    2.00    14  postgres
05:31:38 PM 100998   3032495    1.00    0.00    0.00    0.00    1.00    12  postgres
05:31:38 PM 100998   3032496    1.00    1.00    0.00    0.00    2.00    12  postgres
05:31:38 PM 100998   3032497    0.00    1.00    0.00    0.00    1.00    10  postgres
05:31:38 PM 100998   3032499    0.00    0.00    0.00    0.00    0.00    14  postgres
05:31:38 PM 100998   3032502    0.00    1.00    0.00    0.00    1.00    12  postgres
05:31:38 PM 100998   3032518    1.00    1.00    0.00    0.00    2.00    10  postgres
05:31:38 PM 100998   3032520    0.00    0.00    0.00    0.00    0.00    12  postgres
05:31:38 PM 100998   3032521    1.00    0.00    0.00    0.00    1.00    12  postgres
05:31:38 PM 100998   3032523    1.00    0.00    0.00    0.00    1.00    14  postgres
05:31:38 PM 100998   3032525    0.00    0.00    0.00    0.00    0.00    10  postgres
05:31:38 PM 100998   3032530    0.00    0.00    0.00    0.00    0.00    14  postgres
05:31:38 PM 100998   3032539    1.00    0.00    0.00    0.00    1.00    12  postgres
05:31:38 PM 100998   3032560    1.00    0.00    0.00    0.00    1.00    12  postgres
05:31:38 PM 100998   3032564    0.00    0.00    0.00    0.00    0.00    14  postgres
05:31:38 PM 100998   3032571    0.00    0.00    0.00    0.00    0.00    12  postgres
05:31:38 PM 100998   3032592    1.00    0.00    0.00    0.00    1.00    10  postgres
05:31:38 PM 100998   3032648    0.00    0.00    0.00    0.00    0.00    14  postgres
05:31:38 PM 100998   3032701    1.00    0.00    0.00    0.00    1.00    14  postgres
05:31:38 PM 100998   3032755    1.00    1.00    0.00    0.00    2.00    14  postgres
05:31:38 PM 100998   3032796    0.00    0.00    0.00    0.00    0.00    12  postgres
05:31:38 PM 100998   3032798    0.00    0.00    0.00    0.00    0.00    10  postgres
05:31:38 PM 100998   3032799    1.00    0.00    0.00    0.00    1.00    12  postgres
05:31:38 PM 100998   3032800    0.00    0.00    0.00    0.00    0.00    14  postgres
05:31:38 PM 100998   3032801    0.00    0.00    0.00    0.00    0.00    14  postgres
05:31:38 PM 100998   3032802    0.00    0.00    0.00    0.00    0.00    10  postgres
05:31:38 PM 100998   3032803    0.00    0.00    0.00    0.00    0.00    12  postgres
05:31:38 PM 100998   3032804    0.00    0.00    0.00    0.00    0.00    14  postgres
05:31:38 PM 100998   3032807    1.00    0.00    0.00    0.00    1.00    10  postgres
05:31:38 PM 100998   3032809    0.00    0.00    0.00    0.00    0.00    12  postgres
05:31:38 PM 100998   3032811    0.00    0.00    0.00    0.00    0.00    14  postgres
05:31:38 PM 100998   3032813    0.00    0.00    0.00    0.00    0.00    14  postgres
05:31:38 PM 100998   3032818    0.00    0.00    0.00    0.00    0.00    10  postgres
05:31:38 PM 100998   3032847    0.00    0.00    0.00    0.00    0.00    14  postgres
05:31:38 PM 100998   3032851    0.00    0.00    0.00    0.00    0.00    12  postgres
05:31:38 PM 100998   3032871    0.00    0.00    0.00    0.00    0.00    10  postgres
05:31:38 PM 100998   3032922    0.00    0.00    0.00    0.00    0.00    10  postgres
05:31:38 PM 100998   3032972    0.00    0.00    0.00    0.00    0.00    14  postgres
05:31:38 PM 100998   3033023    1.00    0.00    0.00    0.00    1.00    12  postgres
05:31:38 PM 100998   3033066    1.00    1.00    0.00    0.00    2.00    10  postgres
05:31:38 PM 100998   3033081    0.00    0.00    0.00    0.00    0.00    14  postgres
05:31:38 PM 100998   3033082    0.00    0.00    0.00    0.00    0.00    12  postgres
05:31:38 PM 100998   3033083    0.00    0.00    0.00    0.00    0.00    12  postgres
05:31:38 PM 100998   3033084    0.00    0.00    0.00    0.00    0.00    12  postgres
05:31:38 PM 100998   3033085    0.00    0.00    0.00    0.00    0.00    10  postgres
05:31:38 PM 100998   3033086    0.00    0.00    0.00    0.00    0.00    10  postgres
05:31:38 PM 100998   3033087    0.00    0.00    0.00    0.00    0.00    12  postgres
05:31:38 PM 100998   3033090    1.00    0.00    0.00    0.00    1.00    14  postgres

05:31:38 PM   UID       PID    %usr %system  %guest   %wait    %CPU   CPU  Command
05:31:39 PM 100998   3032224    0.00    0.00    0.00    0.00    0.00    10  postgres
05:31:39 PM 100998   3032225    0.00    0.00    0.00    0.00    0.00    12  postgres
05:31:39 PM 100998   3032227    0.00    0.00    0.00    0.00    0.00    10  postgres
05:31:39 PM 100998   3032228    0.00    0.00    0.00    0.00    0.00    12  postgres
05:31:39 PM 100998   3032489    1.00    0.00    0.00    0.00    1.00    12  postgres
05:31:39 PM 100998   3032493    0.00    0.00    0.00    0.00    0.00    14  postgres
05:31:39 PM 100998   3032494    0.00    0.00    0.00    0.00    0.00    14  postgres
05:31:39 PM 100998   3032495    1.00    1.00    0.00    0.00    2.00    14  postgres
05:31:39 PM 100998   3032496    1.00    0.00    0.00    0.00    1.00    10  postgres
05:31:39 PM 100998   3032497    1.00    0.00    0.00    0.00    1.00    10  postgres
05:31:39 PM 100998   3032499    1.00    1.00    0.00    0.00    2.00    12  postgres
05:31:39 PM 100998   3032502    1.00    0.00    0.00    0.00    1.00    12  postgres
05:31:39 PM 100998   3032518    0.00    0.00    0.00    0.00    0.00    10  postgres
05:31:39 PM 100998   3032520    1.00    0.00    0.00    0.00    1.00    12  postgres
05:31:39 PM 100998   3032521    1.00    0.00    0.00    0.00    1.00    14  postgres
05:31:39 PM 100998   3032523    0.00    1.00    0.00    0.00    1.00    10  postgres
05:31:39 PM 100998   3032525    0.00    1.00    0.00    0.00    1.00    12  postgres
05:31:39 PM 100998   3032530    1.00    1.00    0.00    0.00    2.00    12  postgres
05:31:39 PM 100998   3032539    0.00    0.00    0.00    0.00    0.00    10  postgres
05:31:39 PM 100998   3032560    0.00    0.00    0.00    0.00    0.00    12  postgres
05:31:39 PM 100998   3032564    1.00    0.00    0.00    0.00    1.00    12  postgres
05:31:39 PM 100998   3032571    1.00    0.00    0.00    0.00    1.00    10  postgres
05:31:39 PM 100998   3032592    0.00    1.00    0.00    0.00    1.00    14  postgres
05:31:39 PM 100998   3032648    0.00    0.00    0.00    0.00    0.00    10  postgres
05:31:39 PM 100998   3032701    0.00    0.00    0.00    0.00    0.00    10  postgres
05:31:39 PM 100998   3032755    1.00    0.00    0.00    0.00    1.00    14  postgres
05:31:39 PM 100998   3032796    0.00    0.00    0.00    0.00    0.00    14  postgres
05:31:39 PM 100998   3032798    1.00    0.00    0.00    0.00    1.00    10  postgres
05:31:39 PM 100998   3032799    0.00    0.00    0.00    0.00    0.00    10  postgres
05:31:39 PM 100998   3032800    0.00    0.00    0.00    0.00    0.00    14  postgres
05:31:39 PM 100998   3032801    1.00    0.00    0.00    0.00    1.00    14  postgres
05:31:39 PM 100998   3032802    1.00    1.00    0.00    0.00    2.00    12  postgres
05:31:39 PM 100998   3032803    0.00    0.00    0.00    0.00    0.00    12  postgres
05:31:39 PM 100998   3032804    0.00    0.00    0.00    0.00    0.00    10  postgres
05:31:39 PM 100998   3032807    0.00    0.00    0.00    0.00    0.00    12  postgres
05:31:39 PM 100998   3032809    0.00    0.00    0.00    0.00    0.00    12  postgres
05:31:39 PM 100998   3032811    0.00    0.00    0.00    0.00    0.00    14  postgres
05:31:39 PM 100998   3032813    0.00    0.00    0.00    0.00    0.00    14  postgres
05:31:39 PM 100998   3032818    0.00    0.00    0.00    0.00    0.00    14  postgres
05:31:39 PM 100998   3032847    0.00    0.00    0.00    0.00    0.00    14  postgres
05:31:39 PM 100998   3032851    1.00    1.00    0.00    0.00    2.00    10  postgres
05:31:39 PM 100998   3032871    0.00    0.00    0.00    0.00    0.00    10  postgres
05:31:39 PM 100998   3032922    1.00    0.00    0.00    0.00    1.00    14  postgres
05:31:39 PM 100998   3032972    0.00    0.00    0.00    0.00    0.00    14  postgres
05:31:39 PM 100998   3033023    0.00    0.00    0.00    0.00    0.00    14  postgres
05:31:39 PM 100998   3033066    0.00    0.00    0.00    0.00    0.00    10  postgres
05:31:39 PM 100998   3033081    0.00    0.00    0.00    0.00    0.00    14  postgres
05:31:39 PM 100998   3033082    1.00    0.00    0.00    0.00    1.00    12  postgres
05:31:39 PM 100998   3033083    0.00    0.00    0.00    0.00    0.00    10  postgres
05:31:39 PM 100998   3033084    0.00    0.00    0.00    0.00    0.00    10  postgres
05:31:39 PM 100998   3033085    0.00    0.00    0.00    0.00    0.00    12  postgres
05:31:39 PM 100998   3033086    0.00    0.00    0.00    0.00    0.00    10  postgres
05:31:39 PM 100998   3033087    1.00    0.00    0.00    0.00    1.00    12  postgres
05:31:39 PM 100998   3033090    0.00    0.00    0.00    0.00    0.00    12  postgres

05:31:39 PM   UID       PID    %usr %system  %guest   %wait    %CPU   CPU  Command
05:31:40 PM 100998   3032224    0.00    0.00    0.00    0.00    0.00    10  postgres
05:31:40 PM 100998   3032225    0.00    0.00    0.00    0.00    0.00    12  postgres
05:31:40 PM 100998   3032227    0.00    0.00    0.00    0.00    0.00    10  postgres
05:31:40 PM 100998   3032228    0.00    0.00    0.00    0.00    0.00    12  postgres
05:31:40 PM 100998   3032489    1.00    1.00    0.00    0.00    2.00    14  postgres
05:31:40 PM 100998   3032493    1.00    0.00    0.00    0.00    1.00    14  postgres
05:31:40 PM 100998   3032494    0.00    1.00    0.00    0.00    1.00    12  postgres
05:31:40 PM 100998   3032495    0.00    0.00    0.00    0.00    0.00    14  postgres
05:31:40 PM 100998   3032496    0.00    0.00    0.00    0.00    0.00    14  postgres
05:31:40 PM 100998   3032497    1.00    1.00    0.00    0.00    2.00    10  postgres
05:31:40 PM 100998   3032499    0.00    0.00    0.00    0.00    0.00    14  postgres
05:31:40 PM 100998   3032502    0.00    0.00    0.00    0.00    0.00    14  postgres
05:31:40 PM 100998   3032518    0.00    0.00    0.00    0.00    0.00    14  postgres
05:31:40 PM 100998   3032520    0.00    0.00    0.00    0.00    0.00    10  postgres
05:31:40 PM 100998   3032521    0.00    0.00    0.00    0.00    0.00    14  postgres
05:31:40 PM 100998   3032523    1.00    0.00    0.00    0.00    1.00    14  postgres
05:31:40 PM 100998   3032525    1.00    0.00    0.00    0.00    1.00    12  postgres
05:31:40 PM 100998   3032530    0.00    0.00    0.00    0.00    0.00    10  postgres
05:31:40 PM 100998   3032539    1.00    1.00    0.00    0.00    2.00    14  postgres
05:31:40 PM 100998   3032560    1.00    1.00    0.00    0.00    2.00    14  postgres
05:31:40 PM 100998   3032564    0.00    0.00    0.00    0.00    0.00    10  postgres
05:31:40 PM 100998   3032571    0.00    1.00    0.00    0.00    1.00    10  postgres
05:31:40 PM 100998   3032592    0.00    0.00    0.00    0.00    0.00    14  postgres
05:31:40 PM 100998   3032648    1.00    0.00    0.00    0.00    1.00    12  postgres
05:31:40 PM 100998   3032701    0.00    0.00    0.00    0.00    0.00    14  postgres
05:31:40 PM 100998   3032755    0.00    0.00    0.00    0.00    0.00    10  postgres
05:31:40 PM 100998   3032796    1.00    0.00    0.00    0.00    1.00    14  postgres
05:31:40 PM 100998   3032798    0.00    0.00    0.00    0.00    0.00    10  postgres
05:31:40 PM 100998   3032799    0.00    0.00    0.00    0.00    0.00    12  postgres
05:31:40 PM 100998   3032800    0.00    0.00    0.00    0.00    0.00    12  postgres
05:31:40 PM 100998   3032801    0.00    0.00    0.00    0.00    0.00    12  postgres
05:31:40 PM 100998   3032802    0.00    0.00    0.00    0.00    0.00    10  postgres
05:31:40 PM 100998   3032803    0.00    0.00    0.00    0.00    0.00    14  postgres
05:31:40 PM 100998   3032804    1.00    1.00    0.00    0.00    2.00    10  postgres
05:31:40 PM 100998   3032807    0.00    0.00    0.00    0.00    0.00    12  postgres
05:31:40 PM 100998   3032809    0.00    0.00    0.00    0.00    0.00    12  postgres
05:31:40 PM 100998   3032811    1.00    0.00    0.00    0.00    1.00    14  postgres
05:31:40 PM 100998   3032813    0.00    0.00    0.00    0.00    0.00    14  postgres
05:31:40 PM 100998   3032818    1.00    0.00    0.00    0.00    1.00    14  postgres
05:31:40 PM 100998   3032847    0.00    0.00    0.00    0.00    0.00    10  postgres
05:31:40 PM 100998   3032851    0.00    0.00    0.00    0.00    0.00    14  postgres
05:31:40 PM 100998   3032871    0.00    0.00    0.00    0.00    0.00    10  postgres
05:31:40 PM 100998   3032922    0.00    0.00    0.00    0.00    0.00    14  postgres
05:31:40 PM 100998   3032972    1.00    0.00    0.00    0.00    1.00    12  postgres
05:31:40 PM 100998   3033023    0.00    0.00    0.00    0.00    0.00    10  postgres
05:31:40 PM 100998   3033066    0.00    0.00    0.00    0.00    0.00    14  postgres
05:31:40 PM 100998   3033081    1.00    0.00    0.00    0.00    1.00    14  postgres
05:31:40 PM 100998   3033082    0.00    0.00    0.00    0.00    0.00    12  postgres
05:31:40 PM 100998   3033083    0.00    0.00    0.00    0.00    0.00    12  postgres
05:31:40 PM 100998   3033084    1.00    1.00    0.00    0.00    2.00    10  postgres
05:31:40 PM 100998   3033085    1.00    0.00    0.00    0.00    1.00    10  postgres
05:31:40 PM 100998   3033086    0.00    0.00    0.00    0.00    0.00    10  postgres
05:31:40 PM 100998   3033087    0.00    0.00    0.00    0.00    0.00    14  postgres
05:31:40 PM 100998   3033090    0.00    1.00    0.00    0.00    1.00    12  postgres

05:31:40 PM   UID       PID    %usr %system  %guest   %wait    %CPU   CPU  Command
05:31:41 PM 100998   3032224    0.00    0.00    0.00    0.00    0.00    10  postgres
05:31:41 PM 100998   3032225    0.00    0.00    0.00    0.00    0.00    12  postgres
05:31:41 PM 100998   3032227    0.00    0.00    0.00    0.00    0.00    10  postgres
05:31:41 PM 100998   3032228    0.00    0.00    0.00    0.00    0.00    12  postgres
05:31:41 PM 100998   3032489    0.00    1.00    0.00    0.00    1.00    14  postgres
05:31:41 PM 100998   3032493    1.00    0.00    0.00    0.00    1.00    14  postgres
05:31:41 PM 100998   3032494    1.00    0.00    0.00    0.00    1.00    12  postgres
05:31:41 PM 100998   3032495    0.00    0.00    0.00    0.00    0.00    12  postgres
05:31:41 PM 100998   3032496    0.00    1.00    0.00    0.00    1.00    10  postgres
05:31:41 PM 100998   3032497    0.00    0.00    0.00    0.00    0.00    10  postgres
05:31:41 PM 100998   3032499    1.00    1.00    0.00    0.00    2.00    14  postgres
05:31:41 PM 100998   3032502    0.00    1.00    0.00    0.00    1.00    14  postgres
05:31:41 PM 100998   3032518    0.00    1.00    0.00    0.00    1.00    10  postgres
05:31:41 PM 100998   3032520    1.00    1.00    0.00    0.00    2.00    12  postgres
05:31:41 PM 100998   3032521    0.00    1.00    0.00    0.00    1.00    10  postgres
05:31:41 PM 100998   3032523    0.00    0.00    0.00    0.00    0.00    14  postgres
05:31:41 PM 100998   3032525    0.00    0.00    0.00    0.00    0.00    12  postgres
05:31:41 PM 100998   3032530    0.00    0.00    0.00    0.00    0.00    12  postgres
05:31:41 PM 100998   3032539    0.00    0.00    0.00    0.00    0.00    10  postgres
05:31:41 PM 100998   3032560    0.00    0.00    0.00    0.00    0.00    12  postgres
05:31:41 PM 100998   3032564    0.00    1.00    0.00    0.00    1.00    10  postgres
05:31:41 PM 100998   3032571    0.00    0.00    0.00    0.00    0.00    12  postgres
05:31:41 PM 100998   3032592    0.00    0.00    0.00    0.00    0.00    14  postgres
05:31:41 PM 100998   3032648    0.00    0.00    0.00    0.00    0.00    12  postgres
05:31:41 PM 100998   3032701    0.00    0.00    0.00    0.00    0.00    14  postgres
05:31:41 PM 100998   3032755    0.00    0.00    0.00    0.00    0.00    10  postgres
05:31:41 PM 100998   3032796    0.00    1.00    0.00    0.00    1.00    12  postgres
05:31:41 PM 100998   3032798    0.00    0.00    0.00    0.00    0.00    14  postgres
05:31:41 PM 100998   3032799    0.00    1.00    0.00    0.00    1.00    14  postgres
05:31:41 PM 100998   3032800    0.00    0.00    0.00    0.00    0.00    10  postgres
05:31:41 PM 100998   3032801    0.00    0.00    0.00    0.00    0.00    10  postgres
05:31:41 PM 100998   3032802    0.00    0.00    0.00    0.00    0.00    14  postgres
05:31:41 PM 100998   3032803    1.00    0.00    0.00    0.00    1.00    12  postgres
05:31:41 PM 100998   3032804    0.00    0.00    0.00    0.00    0.00    10  postgres
05:31:41 PM 100998   3032807    0.00    0.00    0.00    0.00    0.00    12  postgres
05:31:41 PM 100998   3032809    1.00    1.00    0.00    0.00    2.00    12  postgres
05:31:41 PM 100998   3032811    0.00    0.00    0.00    0.00    0.00    10  postgres
05:31:41 PM 100998   3032813    0.00    0.00    0.00    0.00    0.00    10  postgres
05:31:41 PM 100998   3032818    0.00    0.00    0.00    0.00    0.00    10  postgres
05:31:41 PM 100998   3032847    0.00    0.00    0.00    0.00    0.00    10  postgres
05:31:41 PM 100998   3032851    0.00    0.00    0.00    0.00    0.00    12  postgres
05:31:41 PM 100998   3032871    0.00    0.00    0.00    0.00    0.00    12  postgres
05:31:41 PM 100998   3032922    0.00    0.00    0.00    0.00    0.00    10  postgres
05:31:41 PM 100998   3032972    0.00    0.00    0.00    0.00    0.00    12  postgres
05:31:41 PM 100998   3033023    0.00    1.00    0.00    0.00    1.00    10  postgres
05:31:41 PM 100998   3033066    0.00    0.00    0.00    0.00    0.00    14  postgres
05:31:41 PM 100998   3033081    0.00    0.00    0.00    0.00    0.00    12  postgres
05:31:41 PM 100998   3033082    0.00    0.00    0.00    0.00    0.00    10  postgres
05:31:41 PM 100998   3033083    0.00    0.00    0.00    0.00    0.00    10  postgres
05:31:41 PM 100998   3033084    0.00    0.00    0.00    0.00    0.00    10  postgres
05:31:41 PM 100998   3033085    0.00    0.00    0.00    0.00    0.00    10  postgres
05:31:41 PM 100998   3033086    0.00    0.00    0.00    0.00    0.00    10  postgres
05:31:41 PM 100998   3033087    0.00    0.00    0.00    0.00    0.00    14  postgres
05:31:41 PM 100998   3033090    0.00    0.00    0.00    0.00    0.00    14  postgres

05:31:41 PM   UID       PID    %usr %system  %guest   %wait    %CPU   CPU  Command
05:31:42 PM 100998   3032224    0.00    0.00    0.00    0.00    0.00    10  postgres
05:31:42 PM 100998   3032225    0.00    0.00    0.00    0.00    0.00    12  postgres
05:31:42 PM 100998   3032227    0.00    0.00    0.00    0.00    0.00    10  postgres
05:31:42 PM 100998   3032228    0.00    0.00    0.00    0.00    0.00    12  postgres
05:31:42 PM 100998   3032489    0.00    0.00    0.00    0.00    0.00    14  postgres
05:31:42 PM 100998   3032493    0.00    1.00    0.00    0.00    1.00    12  postgres
05:31:42 PM 100998   3032494    0.00    0.00    0.00    0.00    0.00    14  postgres
05:31:42 PM 100998   3032495    0.00    1.00    0.00    0.00    1.00    10  postgres
05:31:42 PM 100998   3032496    0.00    0.00    0.00    0.00    0.00    10  postgres
05:31:42 PM 100998   3032497    0.00    0.00    0.00    0.00    0.00    10  postgres
05:31:42 PM 100998   3032499    0.00    0.00    0.00    0.00    0.00    14  postgres
05:31:42 PM 100998   3032502    0.00    0.00    0.00    0.00    0.00    14  postgres
05:31:42 PM 100998   3032518    1.00    0.00    0.00    0.00    1.00    14  postgres
05:31:42 PM 100998   3032520    0.00    0.00    0.00    0.00    0.00    14  postgres
05:31:42 PM 100998   3032521    0.00    0.00    0.00    0.00    0.00    10  postgres
05:31:42 PM 100998   3032523    0.00    1.00    0.00    0.00    1.00    10  postgres
05:31:42 PM 100998   3032525    0.00    0.00    0.00    0.00    0.00    12  postgres
05:31:42 PM 100998   3032530    1.00    1.00    0.00    0.00    2.00    12  postgres
05:31:42 PM 100998   3032539    1.00    0.00    0.00    0.00    1.00    14  postgres
05:31:42 PM 100998   3032560    0.00    0.00    0.00    0.00    0.00    10  postgres
05:31:42 PM 100998   3032564    1.00    0.00    0.00    0.00    1.00    14  postgres
05:31:42 PM 100998   3032571    0.00    0.00    0.00    0.00    0.00    14  postgres
05:31:42 PM 100998   3032592    1.00    0.00    0.00    0.00    1.00    10  postgres
05:31:42 PM 100998   3032648    0.00    1.00    0.00    0.00    1.00    12  postgres
05:31:42 PM 100998   3032701    1.00    0.00    0.00    0.00    1.00    12  postgres
05:31:42 PM 100998   3032755    0.00    0.00    0.00    0.00    0.00    14  postgres
05:31:42 PM 100998   3032796    0.00    0.00    0.00    0.00    0.00    14  postgres
05:31:42 PM 100998   3032798    0.00    0.00    0.00    0.00    0.00    14  postgres
05:31:42 PM 100998   3032799    1.00    0.00    0.00    0.00    1.00    14  postgres
05:31:42 PM 100998   3032800    0.00    1.00    0.00    0.00    1.00    10  postgres
05:31:42 PM 100998   3032801    0.00    0.00    0.00    0.00    0.00    14  postgres
05:31:42 PM 100998   3032802    0.00    0.00    0.00    0.00    0.00    12  postgres
05:31:42 PM 100998   3032803    0.00    0.00    0.00    0.00    0.00    14  postgres
05:31:42 PM 100998   3032804    0.00    0.00    0.00    0.00    0.00    14  postgres
05:31:42 PM 100998   3032807    0.00    1.00    0.00    0.00    1.00    14  postgres
05:31:42 PM 100998   3032809    0.00    0.00    0.00    0.00    0.00    12  postgres
05:31:42 PM 100998   3032811    0.00    0.00    0.00    0.00    0.00    14  postgres
05:31:42 PM 100998   3032813    1.00    1.00    0.00    0.00    2.00    12  postgres
05:31:42 PM 100998   3032818    0.00    0.00    0.00    0.00    0.00    10  postgres
05:31:42 PM 100998   3032847    1.00    0.00    0.00    0.00    1.00    10  postgres
05:31:42 PM 100998   3032851    0.00    0.00    0.00    0.00    0.00    10  postgres
05:31:42 PM 100998   3032871    0.00    0.00    0.00    0.00    0.00    12  postgres
05:31:42 PM 100998   3032922    0.00    0.00    0.00    0.00    0.00    14  postgres
05:31:42 PM 100998   3032972    0.00    0.00    0.00    0.00    0.00    10  postgres
05:31:42 PM 100998   3033023    0.00    0.00    0.00    0.00    0.00    10  postgres
05:31:42 PM 100998   3033066    0.00    0.00    0.00    0.00    0.00    12  postgres
05:31:42 PM 100998   3033081    0.00    0.00    0.00    0.00    0.00    12  postgres
05:31:42 PM 100998   3033082    0.00    0.00    0.00    0.00    0.00    10  postgres
05:31:42 PM 100998   3033083    1.00    0.00    0.00    0.00    1.00    10  postgres
05:31:42 PM 100998   3033084    0.00    0.00    0.00    0.00    0.00    14  postgres
05:31:42 PM 100998   3033085    0.00    0.00    0.00    0.00    0.00    14  postgres
05:31:42 PM 100998   3033086    0.00    0.00    0.00    0.00    0.00    14  postgres
05:31:42 PM 100998   3033087    0.00    0.00    0.00    0.00    0.00    12  postgres
05:31:42 PM 100998   3033090    1.00    0.00    0.00    0.00    1.00    14  postgres

05:31:42 PM   UID       PID    %usr %system  %guest   %wait    %CPU   CPU  Command
05:31:43 PM 100998   3032224    0.00    0.00    0.00    0.00    0.00    10  postgres
05:31:43 PM 100998   3032225    0.00    0.00    0.00    0.00    0.00    12  postgres
05:31:43 PM 100998   3032227    0.00    0.00    0.00    0.00    0.00    10  postgres
05:31:43 PM 100998   3032228    0.00    0.00    0.00    0.00    0.00    12  postgres
05:31:43 PM 100998   3032489    1.00    1.00    0.00    0.00    2.00    12  postgres
05:31:43 PM 100998   3032493    0.00    0.00    0.00    0.00    0.00    14  postgres
05:31:43 PM 100998   3032494    0.00    1.00    0.00    0.00    1.00    12  postgres
05:31:43 PM 100998   3032495    0.00    0.00    0.00    0.00    0.00    10  postgres
05:31:43 PM 100998   3032496    1.00    0.00    0.00    0.00    1.00    14  postgres
05:31:43 PM 100998   3032497    0.00    1.00    0.00    0.00    1.00    10  postgres
05:31:43 PM 100998   3032499    0.00    0.00    0.00    0.00    0.00    14  postgres
05:31:43 PM 100998   3032502    1.00    0.00    0.00    0.00    1.00    12  postgres
05:31:43 PM 100998   3032518    0.00    0.00    0.00    0.00    0.00    14  postgres
05:31:43 PM 100998   3032520    0.00    0.00    0.00    0.00    0.00    10  postgres
05:31:43 PM 100998   3032521    0.00    0.00    0.00    0.00    0.00    14  postgres
05:31:43 PM 100998   3032523    0.00    0.00    0.00    0.00    0.00    14  postgres
05:31:43 PM 100998   3032525    1.00    0.00    0.00    0.00    1.00    12  postgres
05:31:43 PM 100998   3032530    0.00    0.00    0.00    0.00    0.00    10  postgres
05:31:43 PM 100998   3032539    0.00    0.00    0.00    0.00    0.00    10  postgres
05:31:43 PM 100998   3032560    1.00    0.00    0.00    0.00    1.00    10  postgres
05:31:43 PM 100998   3032564    0.00    0.00    0.00    0.00    0.00    12  postgres
05:31:43 PM 100998   3032571    0.00    0.00    0.00    0.00    0.00    14  postgres
05:31:43 PM 100998   3032592    0.00    0.00    0.00    0.00    0.00    14  postgres
05:31:43 PM 100998   3032648    0.00    0.00    0.00    0.00    0.00    14  postgres
05:31:43 PM 100998   3032701    0.00    1.00    0.00    0.00    1.00    10  postgres
05:31:43 PM 100998   3032755    0.00    0.00    0.00    0.00    0.00    10  postgres
05:31:43 PM 100998   3032796    1.00    0.00    0.00    0.00    1.00    10  postgres
05:31:43 PM 100998   3032798    0.00    1.00    0.00    0.00    1.00    12  postgres
05:31:43 PM 100998   3032799    0.00    0.00    0.00    0.00    0.00    10  postgres
05:31:43 PM 100998   3032800    1.00    0.00    0.00    0.00    1.00    10  postgres
05:31:43 PM 100998   3032801    1.00    0.00    0.00    0.00    1.00    14  postgres
05:31:43 PM 100998   3032802    0.00    0.00    0.00    0.00    0.00    12  postgres
05:31:43 PM 100998   3032803    0.00    1.00    0.00    0.00    1.00    10  postgres
05:31:43 PM 100998   3032804    0.00    0.00    0.00    0.00    0.00    10  postgres
05:31:43 PM 100998   3032807    1.00    0.00    0.00    0.00    1.00    14  postgres
05:31:43 PM 100998   3032809    0.00    0.00    0.00    0.00    0.00    12  postgres
05:31:43 PM 100998   3032811    1.00    0.00    0.00    0.00    1.00    12  postgres
05:31:43 PM 100998   3032813    0.00    0.00    0.00    0.00    0.00    12  postgres
05:31:43 PM 100998   3032818    0.00    0.00    0.00    0.00    0.00    14  postgres
05:31:43 PM 100998   3032847    0.00    1.00    0.00    0.00    1.00    14  postgres
05:31:43 PM 100998   3032851    0.00    0.00    0.00    0.00    0.00    14  postgres
05:31:43 PM 100998   3032871    0.00    0.00    0.00    0.00    0.00    12  postgres
05:31:43 PM 100998   3032922    0.00    0.00    0.00    0.00    0.00    10  postgres
05:31:43 PM 100998   3032972    0.00    0.00    0.00    0.00    0.00    12  postgres
05:31:43 PM 100998   3033023    0.00    0.00    0.00    0.00    0.00    10  postgres
05:31:43 PM 100998   3033066    0.00    0.00    0.00    0.00    0.00    12  postgres
05:31:43 PM 100998   3033081    0.00    0.00    0.00    0.00    0.00    14  postgres
05:31:43 PM 100998   3033082    0.00    1.00    0.00    0.00    1.00    10  postgres
05:31:43 PM 100998   3033083    0.00    1.00    0.00    0.00    1.00    12  postgres
05:31:43 PM 100998   3033084    0.00    0.00    0.00    0.00    0.00    10  postgres
05:31:43 PM 100998   3033085    0.00    0.00    0.00    0.00    0.00    10  postgres
05:31:43 PM 100998   3033086    1.00    0.00    0.00    0.00    1.00    10  postgres
05:31:43 PM 100998   3033087    0.00    0.00    0.00    0.00    0.00    12  postgres
05:31:43 PM 100998   3033090    0.00    0.00    0.00    0.00    0.00    14  postgres

05:31:43 PM   UID       PID    %usr %system  %guest   %wait    %CPU   CPU  Command
05:31:44 PM 100998   3032224    0.00    0.00    0.00    0.00    0.00    10  postgres
05:31:44 PM 100998   3032225    0.00    0.00    0.00    0.00    0.00    12  postgres
05:31:44 PM 100998   3032227    0.00    0.00    0.00    0.00    0.00    10  postgres
05:31:44 PM 100998   3032228    0.00    0.00    0.00    0.00    0.00    12  postgres
05:31:44 PM 100998   3032489    0.00    0.00    0.00    0.00    0.00    14  postgres
05:31:44 PM 100998   3032493    0.00    1.00    0.00    0.00    1.00    10  postgres
05:31:44 PM 100998   3032494    1.00    0.00    0.00    0.00    1.00    12  postgres
05:31:44 PM 100998   3032495    1.00    0.00    0.00    0.00    1.00    14  postgres
05:31:44 PM 100998   3032496    0.00    0.00    0.00    0.00    0.00    12  postgres
05:31:44 PM 100998   3032497    0.00    0.00    0.00    0.00    0.00    12  postgres
05:31:44 PM 100998   3032499    0.00    1.00    0.00    0.00    1.00    10  postgres
05:31:44 PM 100998   3032502    0.00    1.00    0.00    0.00    1.00    10  postgres
05:31:44 PM 100998   3032518    0.00    0.00    0.00    0.00    0.00    14  postgres
05:31:44 PM 100998   3032520    0.00    0.00    0.00    0.00    0.00    10  postgres
05:31:44 PM 100998   3032521    0.00    0.00    0.00    0.00    0.00    10  postgres
05:31:44 PM 100998   3032523    0.00    0.00    0.00    0.00    0.00    12  postgres
05:31:44 PM 100998   3032525    0.00    1.00    0.00    0.00    1.00    14  postgres
05:31:44 PM 100998   3032530    0.00    0.00    0.00    0.00    0.00    14  postgres
05:31:44 PM 100998   3032539    0.00    0.00    0.00    0.00    0.00    14  postgres
05:31:44 PM 100998   3032560    0.00    0.00    0.00    0.00    0.00    14  postgres
05:31:44 PM 100998   3032564    0.00    0.00    0.00    0.00    0.00    12  postgres
05:31:44 PM 100998   3032571    0.00    1.00    0.00    0.00    1.00    10  postgres
05:31:44 PM 100998   3032592    0.00    0.00    0.00    0.00    0.00    14  postgres
05:31:44 PM 100998   3032648    1.00    0.00    0.00    0.00    1.00    14  postgres
05:31:44 PM 100998   3032701    0.00    0.00    0.00    0.00    0.00    10  postgres
05:31:44 PM 100998   3032755    0.00    1.00    0.00    0.00    1.00    10  postgres
05:31:44 PM 100998   3032796    0.00    0.00    0.00    0.00    0.00    12  postgres
05:31:44 PM 100998   3032798    0.00    0.00    0.00    0.00    0.00    12  postgres
05:31:44 PM 100998   3032799    0.00    0.00    0.00    0.00    0.00    14  postgres
05:31:44 PM 100998   3032800    0.00    0.00    0.00    0.00    0.00    12  postgres
05:31:44 PM 100998   3032801    0.00    0.00    0.00    0.00    0.00    14  postgres
05:31:44 PM 100998   3032802    1.00    0.00    0.00    0.00    1.00    12  postgres
05:31:44 PM 100998   3032803    0.00    0.00    0.00    0.00    0.00    10  postgres
05:31:44 PM 100998   3032804    0.00    1.00    0.00    0.00    1.00    12  postgres
05:31:44 PM 100998   3032807    0.00    0.00    0.00    0.00    0.00    12  postgres
05:31:44 PM 100998   3032809    0.00    0.00    0.00    0.00    0.00    12  postgres
05:31:44 PM 100998   3032811    0.00    0.00    0.00    0.00    0.00    14  postgres
05:31:44 PM 100998   3032813    0.00    0.00    0.00    0.00    0.00    14  postgres
05:31:44 PM 100998   3032818    0.00    0.00    0.00    0.00    0.00    12  postgres
05:31:44 PM 100998   3032847    0.00    0.00    0.00    0.00    0.00    10  postgres
05:31:44 PM 100998   3032851    0.00    0.00    0.00    0.00    0.00    14  postgres
05:31:44 PM 100998   3032871    0.00    1.00    0.00    0.00    1.00    12  postgres
05:31:44 PM 100998   3032922    0.00    0.00    0.00    0.00    0.00    10  postgres
05:31:44 PM 100998   3032972    0.00    1.00    0.00    0.00    1.00    14  postgres
05:31:44 PM 100998   3033023    1.00    0.00    0.00    0.00    1.00    10  postgres
05:31:44 PM 100998   3033066    1.00    0.00    0.00    0.00    1.00    10  postgres
05:31:44 PM 100998   3033081    0.00    1.00    0.00    0.00    1.00    12  postgres
05:31:44 PM 100998   3033082    0.00    0.00    0.00    0.00    0.00    10  postgres
05:31:44 PM 100998   3033083    0.00    0.00    0.00    0.00    0.00    14  postgres
05:31:44 PM 100998   3033084    1.00    0.00    0.00    0.00    1.00    12  postgres
05:31:44 PM 100998   3033085    0.00    0.00    0.00    0.00    0.00    12  postgres
05:31:44 PM 100998   3033086    0.00    0.00    0.00    0.00    0.00    12  postgres
05:31:44 PM 100998   3033087    0.00    0.00    0.00    0.00    0.00    14  postgres
05:31:44 PM 100998   3033090    0.00    0.00    0.00    0.00    0.00    14  postgres

05:31:44 PM   UID       PID    %usr %system  %guest   %wait    %CPU   CPU  Command
05:31:45 PM 100998   3032224    0.00    0.00    0.00    0.00    0.00    10  postgres
05:31:45 PM 100998   3032225    0.00    0.00    0.00    0.00    0.00    12  postgres
05:31:45 PM 100998   3032227    0.00    0.00    0.00    0.00    0.00    10  postgres
05:31:45 PM 100998   3032228    0.00    0.00    0.00    0.00    0.00    12  postgres
05:31:45 PM 100998   3032489    0.00    0.00    0.00    0.00    0.00    10  postgres
05:31:45 PM 100998   3032493    1.00    0.00    0.00    0.00    1.00    12  postgres
05:31:45 PM 100998   3032494    0.00    0.00    0.00    0.00    0.00    12  postgres
05:31:45 PM 100998   3032495    0.00    0.00    0.00    0.00    0.00    14  postgres
05:31:45 PM 100998   3032496    0.00    0.00    0.00    0.00    0.00    10  postgres
05:31:45 PM 100998   3032497    1.00    0.00    0.00    0.00    1.00    10  postgres
05:31:45 PM 100998   3032499    1.00    0.00    0.00    0.00    1.00    14  postgres
05:31:45 PM 100998   3032502    0.00    0.00    0.00    0.00    0.00    10  postgres
05:31:45 PM 100998   3032518    0.00    1.00    0.00    0.00    1.00    12  postgres
05:31:45 PM 100998   3032520    1.00    0.00    0.00    0.00    1.00    14  postgres
05:31:45 PM 100998   3032521    1.00    0.00    0.00    0.00    1.00    12  postgres
05:31:45 PM 100998   3032523    1.00    0.00    0.00    0.00    1.00    10  postgres
05:31:45 PM 100998   3032525    0.00    0.00    0.00    0.00    0.00    12  postgres
05:31:45 PM 100998   3032530    1.00    0.00    0.00    0.00    1.00    12  postgres
05:31:45 PM 100998   3032539    1.00    0.00    0.00    0.00    1.00    14  postgres
05:31:45 PM 100998   3032560    0.00    1.00    0.00    0.00    1.00    14  postgres
05:31:45 PM 100998   3032564    0.00    1.00    0.00    0.00    1.00    12  postgres
05:31:45 PM 100998   3032571    1.00    0.00    0.00    0.00    1.00    14  postgres
05:31:45 PM 100998   3032592    0.00    1.00    0.00    0.00    1.00    14  postgres
05:31:45 PM 100998   3032648    0.00    0.00    0.00    0.00    0.00    14  postgres
05:31:45 PM 100998   3032701    0.00    0.00    0.00    0.00    0.00    14  postgres
05:31:45 PM 100998   3032755    1.00    0.00    0.00    0.00    1.00    12  postgres
05:31:45 PM 100998   3032796    0.00    1.00    0.00    0.00    1.00    14  postgres
05:31:45 PM 100998   3032798    0.00    0.00    0.00    0.00    0.00    10  postgres
05:31:45 PM 100998   3032799    1.00    0.00    0.00    0.00    1.00    10  postgres
05:31:45 PM 100998   3032800    0.00    0.00    0.00    0.00    0.00    12  postgres
05:31:45 PM 100998   3032801    0.00    1.00    0.00    0.00    1.00    10  postgres
05:31:45 PM 100998   3032802    0.00    1.00    0.00    0.00    1.00    10  postgres
05:31:45 PM 100998   3032803    0.00    0.00    0.00    0.00    0.00    10  postgres
05:31:45 PM 100998   3032804    1.00    0.00    0.00    0.00    1.00    12  postgres
05:31:45 PM 100998   3032807    0.00    0.00    0.00    0.00    0.00    12  postgres
05:31:45 PM 100998   3032809    0.00    0.00    0.00    0.00    0.00    12  postgres
05:31:45 PM 100998   3032811    0.00    0.00    0.00    0.00    0.00    10  postgres
05:31:45 PM 100998   3032813    0.00    0.00    0.00    0.00    0.00    10  postgres
05:31:45 PM 100998   3032818    0.00    1.00    0.00    0.00    1.00    10  postgres
05:31:45 PM 100998   3032847    0.00    0.00    0.00    0.00    0.00    10  postgres
05:31:45 PM 100998   3032851    1.00    0.00    0.00    0.00    1.00    14  postgres
05:31:45 PM 100998   3032871    1.00    0.00    0.00    0.00    1.00    12  postgres
05:31:45 PM 100998   3032922    1.00    1.00    0.00    0.00    2.00    12  postgres
05:31:45 PM 100998   3032972    1.00    0.00    0.00    0.00    1.00    10  postgres
05:31:45 PM 100998   3033023    0.00    0.00    0.00    0.00    0.00    12  postgres
05:31:45 PM 100998   3033066    0.00    0.00    0.00    0.00    0.00    14  postgres
05:31:45 PM 100998   3033081    0.00    0.00    0.00    0.00    0.00    14  postgres
05:31:45 PM 100998   3033082    0.00    0.00    0.00    0.00    0.00    10  postgres
05:31:45 PM 100998   3033083    0.00    0.00    0.00    0.00    0.00    14  postgres
05:31:45 PM 100998   3033084    0.00    0.00    0.00    0.00    0.00    10  postgres
05:31:45 PM 100998   3033085    1.00    1.00    0.00    0.00    2.00    12  postgres
05:31:45 PM 100998   3033086    0.00    0.00    0.00    0.00    0.00    12  postgres
05:31:45 PM 100998   3033087    0.00    0.00    0.00    0.00    0.00    12  postgres
05:31:45 PM 100998   3033090    0.00    1.00    0.00    0.00    1.00    10  postgres

05:31:45 PM   UID       PID    %usr %system  %guest   %wait    %CPU   CPU  Command
05:31:46 PM 100998   3032224    0.00    0.00    0.00    0.00    0.00    10  postgres
05:31:46 PM 100998   3032225    0.00    0.00    0.00    0.00    0.00    12  postgres
05:31:46 PM 100998   3032227    0.00    0.00    0.00    0.00    0.00    10  postgres
05:31:46 PM 100998   3032228    0.00    0.00    0.00    0.00    0.00    12  postgres
05:31:46 PM 100998   3032489    1.00    0.00    0.00    0.00    1.00    12  postgres
05:31:46 PM 100998   3032493    1.00    0.00    0.00    0.00    1.00    14  postgres
05:31:46 PM 100998   3032494    0.00    1.00    0.00    0.00    1.00    12  postgres
05:31:46 PM 100998   3032495    1.00    1.00    0.00    0.00    2.00    12  postgres
05:31:46 PM 100998   3032496    1.00    0.00    0.00    0.00    1.00    10  postgres
05:31:46 PM 100998   3032497    0.00    1.00    0.00    0.00    1.00    12  postgres
05:31:46 PM 100998   3032499    0.00    0.00    0.00    0.00    0.00    14  postgres
05:31:46 PM 100998   3032502    0.00    0.00    0.00    0.00    0.00    10  postgres
05:31:46 PM 100998   3032518    1.00    0.00    0.00    0.00    1.00    10  postgres
05:31:46 PM 100998   3032520    0.00    1.00    0.00    0.00    1.00    10  postgres
05:31:46 PM 100998   3032521    0.00    0.00    0.00    0.00    0.00    12  postgres
05:31:46 PM 100998   3032523    0.00    0.00    0.00    0.00    0.00    14  postgres
05:31:46 PM 100998   3032525    1.00    0.00    0.00    0.00    1.00    10  postgres
05:31:46 PM 100998   3032530    1.00    0.00    0.00    0.00    1.00    10  postgres
05:31:46 PM 100998   3032539    0.00    1.00    0.00    0.00    1.00    12  postgres
05:31:46 PM 100998   3032560    0.00    0.00    0.00    0.00    0.00    10  postgres
05:31:46 PM 100998   3032564    1.00    0.00    0.00    0.00    1.00    12  postgres
05:31:46 PM 100998   3032571    0.00    0.00    0.00    0.00    0.00    14  postgres
05:31:46 PM 100998   3032592    1.00    0.00    0.00    0.00    1.00    12  postgres
05:31:46 PM 100998   3032648    0.00    0.00    0.00    0.00    0.00    10  postgres
05:31:46 PM 100998   3032701    0.00    0.00    0.00    0.00    0.00    14  postgres
05:31:46 PM 100998   3032755    0.00    0.00    0.00    0.00    0.00    12  postgres
05:31:46 PM 100998   3032796    0.00    0.00    0.00    0.00    0.00    12  postgres
05:31:46 PM 100998   3032798    1.00    0.00    0.00    0.00    1.00    12  postgres
05:31:46 PM 100998   3032799    0.00    0.00    0.00    0.00    0.00    10  postgres
05:31:46 PM 100998   3032800    0.00    0.00    0.00    0.00    0.00    12  postgres
05:31:46 PM 100998   3032801    0.00    0.00    0.00    0.00    0.00    10  postgres
05:31:46 PM 100998   3032802    0.00    0.00    0.00    0.00    0.00    10  postgres
05:31:46 PM 100998   3032803    0.00    0.00    0.00    0.00    0.00    10  postgres
05:31:46 PM 100998   3032804    0.00    0.00    0.00    0.00    0.00    12  postgres
05:31:46 PM 100998   3032807    0.00    0.00    0.00    0.00    0.00    14  postgres
05:31:46 PM 100998   3032809    0.00    0.00    0.00    0.00    0.00    12  postgres
05:31:46 PM 100998   3032811    0.00    1.00    0.00    0.00    1.00    14  postgres
05:31:46 PM 100998   3032813    1.00    0.00    0.00    0.00    1.00    14  postgres
05:31:46 PM 100998   3032818    1.00    0.00    0.00    0.00    1.00    10  postgres
05:31:46 PM 100998   3032847    0.00    0.00    0.00    0.00    0.00    10  postgres
05:31:46 PM 100998   3032851    0.00    0.00    0.00    0.00    0.00    10  postgres
05:31:46 PM 100998   3032871    0.00    0.00    0.00    0.00    0.00    12  postgres
05:31:46 PM 100998   3032922    0.00    0.00    0.00    0.00    0.00    12  postgres
05:31:46 PM 100998   3032972    0.00    0.00    0.00    0.00    0.00    10  postgres
05:31:46 PM 100998   3033023    0.00    1.00    0.00    0.00    1.00    14  postgres
05:31:46 PM 100998   3033066    0.00    0.00    0.00    0.00    0.00    10  postgres
05:31:46 PM 100998   3033081    1.00    0.00    0.00    0.00    1.00    14  postgres
05:31:46 PM 100998   3033082    0.00    0.00    0.00    0.00    0.00    10  postgres
05:31:46 PM 100998   3033083    0.00    0.00    0.00    0.00    0.00    12  postgres
05:31:46 PM 100998   3033084    0.00    1.00    0.00    0.00    1.00    10  postgres
05:31:46 PM 100998   3033085    0.00    0.00    0.00    0.00    0.00    14  postgres
05:31:46 PM 100998   3033086    0.00    1.00    0.00    0.00    1.00    14  postgres
05:31:46 PM 100998   3033087    1.00    1.00    0.00    0.00    2.00    14  postgres
05:31:46 PM 100998   3033090    0.00    0.00    0.00    0.00    0.00    10  postgres

05:31:46 PM   UID       PID    %usr %system  %guest   %wait    %CPU   CPU  Command
05:31:47 PM 100998   3032224    0.00    0.00    0.00    0.00    0.00    10  postgres
05:31:47 PM 100998   3032225    0.00    0.00    0.00    0.00    0.00    12  postgres
05:31:47 PM 100998   3032227    0.00    0.00    0.00    0.00    0.00    10  postgres
05:31:47 PM 100998   3032228    0.00    0.00    0.00    0.00    0.00    12  postgres
05:31:47 PM 100998   3032489    0.00    1.00    0.00    0.00    1.00    10  postgres
05:31:47 PM 100998   3032493    0.00    0.00    0.00    0.00    0.00    10  postgres
05:31:47 PM 100998   3032494    1.00    0.00    0.00    0.00    1.00    10  postgres
05:31:47 PM 100998   3032495    0.00    0.00    0.00    0.00    0.00    12  postgres
05:31:47 PM 100998   3032496    0.00    1.00    0.00    0.00    1.00    10  postgres
05:31:47 PM 100998   3032497    0.00    0.00    0.00    0.00    0.00    12  postgres
05:31:47 PM 100998   3032499    0.00    0.00    0.00    0.00    0.00    12  postgres
05:31:47 PM 100998   3032502    0.00    1.00    0.00    0.00    1.00    10  postgres
05:31:47 PM 100998   3032518    0.00    0.00    0.00    0.00    0.00    12  postgres
05:31:47 PM 100998   3032520    0.00    0.00    0.00    0.00    0.00    14  postgres
05:31:47 PM 100998   3032521    1.00    1.00    0.00    0.00    2.00    10  postgres
05:31:47 PM 100998   3032523    0.00    1.00    0.00    0.00    1.00    10  postgres
05:31:47 PM 100998   3032525    0.00    1.00    0.00    0.00    1.00    10  postgres
05:31:47 PM 100998   3032530    0.00    0.00    0.00    0.00    0.00    10  postgres
05:31:47 PM 100998   3032539    0.00    0.00    0.00    0.00    0.00    12  postgres
05:31:47 PM 100998   3032560    0.00    0.00    0.00    0.00    0.00    10  postgres
05:31:47 PM 100998   3032564    0.00    0.00    0.00    0.00    0.00    12  postgres
05:31:47 PM 100998   3032571    0.00    1.00    0.00    0.00    1.00    14  postgres
05:31:47 PM 100998   3032592    0.00    0.00    0.00    0.00    0.00    10  postgres
05:31:47 PM 100998   3032648    0.00    0.00    0.00    0.00    0.00    14  postgres
05:31:47 PM 100998   3032701    1.00    0.00    0.00    0.00    1.00    14  postgres
05:31:47 PM 100998   3032755    0.00    0.00    0.00    0.00    0.00    14  postgres
05:31:47 PM 100998   3032796    0.00    0.00    0.00    0.00    0.00    14  postgres
05:31:47 PM 100998   3032798    0.00    0.00    0.00    0.00    0.00    10  postgres
05:31:47 PM 100998   3032799    0.00    0.00    0.00    0.00    0.00    14  postgres
05:31:47 PM 100998   3032800    1.00    0.00    0.00    0.00    1.00    12  postgres
05:31:47 PM 100998   3032801    1.00    0.00    0.00    0.00    1.00    14  postgres
05:31:47 PM 100998   3032802    0.00    0.00    0.00    0.00    0.00    14  postgres
05:31:47 PM 100998   3032803    0.00    1.00    0.00    0.00    1.00    12  postgres
05:31:47 PM 100998   3032804    0.00    0.00    0.00    0.00    0.00    14  postgres
05:31:47 PM 100998   3032807    0.00    0.00    0.00    0.00    0.00    10  postgres
05:31:47 PM 100998   3032809    1.00    0.00    0.00    0.00    1.00    10  postgres
05:31:47 PM 100998   3032811    0.00    0.00    0.00    0.00    0.00    14  postgres
05:31:47 PM 100998   3032813    0.00    0.00    0.00    0.00    0.00    14  postgres
05:31:47 PM 100998   3032818    0.00    0.00    0.00    0.00    0.00    14  postgres
05:31:47 PM 100998   3032847    0.00    0.00    0.00    0.00    0.00    12  postgres
05:31:47 PM 100998   3032851    0.00    1.00    0.00    0.00    1.00    14  postgres
05:31:47 PM 100998   3032871    0.00    0.00    0.00    0.00    0.00    14  postgres
05:31:47 PM 100998   3032922    0.00    0.00    0.00    0.00    0.00    12  postgres
05:31:47 PM 100998   3032972    0.00    0.00    0.00    0.00    0.00    12  postgres
05:31:47 PM 100998   3033023    0.00    0.00    0.00    0.00    0.00    14  postgres
05:31:47 PM 100998   3033066    0.00    0.00    0.00    0.00    0.00    12  postgres
05:31:47 PM 100998   3033081    0.00    0.00    0.00    0.00    0.00    10  postgres
05:31:47 PM 100998   3033082    0.00    1.00    0.00    0.00    1.00    10  postgres
05:31:47 PM 100998   3033083    0.00    0.00    0.00    0.00    0.00    12  postgres
05:31:47 PM 100998   3033084    0.00    0.00    0.00    0.00    0.00    12  postgres
05:31:47 PM 100998   3033085    0.00    0.00    0.00    0.00    0.00    12  postgres
05:31:47 PM 100998   3033086    0.00    0.00    0.00    0.00    0.00    10  postgres
05:31:47 PM 100998   3033087    0.00    0.00    0.00    0.00    0.00    12  postgres
05:31:47 PM 100998   3033090    0.00    0.00    0.00    0.00    0.00    12  postgres

05:31:47 PM   UID       PID    %usr %system  %guest   %wait    %CPU   CPU  Command
05:31:48 PM 100998   3032224    0.00    0.00    0.00    0.00    0.00    10  postgres
05:31:48 PM 100998   3032225    0.00    0.00    0.00    0.00    0.00    12  postgres
05:31:48 PM 100998   3032227    0.00    0.00    0.00    0.00    0.00    10  postgres
05:31:48 PM 100998   3032228    0.00    0.00    0.00    0.00    0.00    12  postgres
05:31:48 PM 100998   3032489    1.00    0.00    0.00    0.00    1.00    10  postgres
05:31:48 PM 100998   3032493    0.00    1.00    0.00    0.00    1.00    12  postgres
05:31:48 PM 100998   3032494    0.00    1.00    0.00    0.00    1.00    14  postgres
05:31:48 PM 100998   3032495    0.00    0.00    0.00    0.00    0.00    12  postgres
05:31:48 PM 100998   3032496    1.00    0.00    0.00    0.00    1.00    10  postgres
05:31:48 PM 100998   3032497    0.00    0.00    0.00    0.00    0.00    10  postgres
05:31:48 PM 100998   3032499    1.00    0.00    0.00    0.00    1.00    12  postgres
05:31:48 PM 100998   3032502    1.00    0.00    0.00    0.00    1.00    14  postgres
05:31:48 PM 100998   3032518    0.00    0.00    0.00    0.00    0.00    10  postgres
05:31:48 PM 100998   3032520    0.00    0.00    0.00    0.00    0.00    14  postgres
05:31:48 PM 100998   3032521    0.00    0.00    0.00    0.00    0.00    14  postgres
05:31:48 PM 100998   3032523    0.00    0.00    0.00    0.00    0.00    10  postgres
05:31:48 PM 100998   3032525    0.00    0.00    0.00    0.00    0.00    14  postgres
05:31:48 PM 100998   3032530    0.00    0.00    0.00    0.00    0.00    10  postgres
05:31:48 PM 100998   3032539    0.00    0.00    0.00    0.00    0.00    10  postgres
05:31:48 PM 100998   3032560    0.00    0.00    0.00    0.00    0.00    10  postgres
05:31:48 PM 100998   3032564    0.00    0.00    0.00    0.00    0.00    10  postgres
05:31:48 PM 100998   3032571    0.00    0.00    0.00    0.00    0.00    10  postgres
05:31:48 PM 100998   3032592    0.00    0.00    0.00    0.00    0.00    12  postgres
05:31:48 PM 100998   3032648    0.00    1.00    0.00    0.00    1.00    10  postgres
05:31:48 PM 100998   3032701    0.00    0.00    0.00    0.00    0.00    12  postgres
05:31:48 PM 100998   3032755    0.00    0.00    0.00    0.00    0.00    14  postgres
05:31:48 PM 100998   3032796    0.00    0.00    0.00    0.00    0.00    14  postgres
05:31:48 PM 100998   3032798    0.00    1.00    0.00    0.00    1.00    14  postgres
05:31:48 PM 100998   3032799    0.00    0.00    0.00    0.00    0.00    10  postgres
05:31:48 PM 100998   3032800    0.00    1.00    0.00    0.00    1.00    14  postgres
05:31:48 PM 100998   3032801    0.00    0.00    0.00    0.00    0.00    14  postgres
05:31:48 PM 100998   3032802    1.00    0.00    0.00    0.00    1.00    12  postgres
05:31:48 PM 100998   3032803    1.00    0.00    0.00    0.00    1.00    10  postgres
05:31:48 PM 100998   3032804    0.00    0.00    0.00    0.00    0.00    14  postgres
05:31:48 PM 100998   3032807    0.00    0.00    0.00    0.00    0.00    14  postgres
05:31:48 PM 100998   3032809    0.00    1.00    0.00    0.00    1.00    14  postgres
05:31:48 PM 100998   3032811    0.00    0.00    0.00    0.00    0.00    10  postgres
05:31:48 PM 100998   3032813    0.00    0.00    0.00    0.00    0.00    12  postgres
05:31:48 PM 100998   3032818    0.00    0.00    0.00    0.00    0.00    10  postgres
05:31:48 PM 100998   3032847    1.00    0.00    0.00    0.00    1.00    10  postgres
05:31:48 PM 100998   3032851    0.00    0.00    0.00    0.00    0.00    14  postgres
05:31:48 PM 100998   3032871    0.00    0.00    0.00    0.00    0.00    14  postgres
05:31:48 PM 100998   3032922    0.00    0.00    0.00    0.00    0.00    10  postgres
05:31:48 PM 100998   3032972    0.00    0.00    0.00    0.00    0.00    10  postgres
05:31:48 PM 100998   3033023    0.00    0.00    0.00    0.00    0.00    14  postgres
05:31:48 PM 100998   3033066    0.00    1.00    0.00    0.00    1.00    12  postgres
05:31:48 PM 100998   3033081    0.00    0.00    0.00    0.00    0.00    12  postgres
05:31:48 PM 100998   3033082    0.00    0.00    0.00    0.00    0.00    12  postgres
05:31:48 PM 100998   3033083    0.00    0.00    0.00    0.00    0.00    14  postgres
05:31:48 PM 100998   3033084    0.00    0.00    0.00    0.00    0.00    14  postgres
05:31:48 PM 100998   3033085    0.00    0.00    0.00    0.00    0.00    12  postgres
05:31:48 PM 100998   3033086    0.00    0.00    0.00    0.00    0.00    10  postgres
05:31:48 PM 100998   3033087    0.00    0.00    0.00    0.00    0.00    10  postgres
05:31:48 PM 100998   3033090    0.00    0.00    0.00    0.00    0.00    10  postgres

05:31:48 PM   UID       PID    %usr %system  %guest   %wait    %CPU   CPU  Command
05:31:49 PM 100998   3032224    0.00    0.00    0.00    0.00    0.00    10  postgres
05:31:49 PM 100998   3032225    0.00    0.00    0.00    0.00    0.00    12  postgres
05:31:49 PM 100998   3032227    0.00    0.00    0.00    0.00    0.00    10  postgres
05:31:49 PM 100998   3032228    0.00    0.00    0.00    0.00    0.00    12  postgres
05:31:49 PM 100998   3032489    0.00    1.00    0.00    0.00    1.00    14  postgres
05:31:49 PM 100998   3032493    1.00    0.00    0.00    0.00    1.00    10  postgres
05:31:49 PM 100998   3032494    1.00    0.00    0.00    0.00    1.00    12  postgres
05:31:49 PM 100998   3032495    1.00    0.00    0.00    0.00    1.00    12  postgres
05:31:49 PM 100998   3032496    0.00    0.00    0.00    0.00    0.00    14  postgres
05:31:49 PM 100998   3032497    1.00    0.00    0.00    0.00    1.00    10  postgres
05:31:49 PM 100998   3032499    1.00    1.00    0.00    0.00    2.00    10  postgres
05:31:49 PM 100998   3032502    0.00    0.00    0.00    0.00    0.00    14  postgres
05:31:49 PM 100998   3032518    1.00    1.00    0.00    0.00    2.00    10  postgres
05:31:49 PM 100998   3032520    1.00    0.00    0.00    0.00    1.00    14  postgres
05:31:49 PM 100998   3032521    0.00    0.00    0.00    0.00    0.00    14  postgres
05:31:49 PM 100998   3032523    1.00    0.00    0.00    0.00    1.00    10  postgres
05:31:49 PM 100998   3032525    0.00    0.00    0.00    0.00    0.00    12  postgres
05:31:49 PM 100998   3032530    0.00    0.00    0.00    0.00    0.00    12  postgres
05:31:49 PM 100998   3032539    0.00    0.00    0.00    0.00    0.00    14  postgres
05:31:49 PM 100998   3032560    1.00    0.00    0.00    0.00    1.00    10  postgres
05:31:49 PM 100998   3032564    1.00    0.00    0.00    0.00    1.00    14  postgres
05:31:49 PM 100998   3032571    1.00    0.00    0.00    0.00    1.00    12  postgres
05:31:49 PM 100998   3032592    0.00    0.00    0.00    0.00    0.00    10  postgres
05:31:49 PM 100998   3032648    0.00    0.00    0.00    0.00    0.00    14  postgres
05:31:49 PM 100998   3032701    0.00    1.00    0.00    0.00    1.00    12  postgres
05:31:49 PM 100998   3032755    0.00    0.00    0.00    0.00    0.00    12  postgres
05:31:49 PM 100998   3032796    1.00    0.00    0.00    0.00    1.00    14  postgres
05:31:49 PM 100998   3032798    1.00    0.00    0.00    0.00    1.00    14  postgres
05:31:49 PM 100998   3032799    0.00    1.00    0.00    0.00    1.00    12  postgres
05:31:49 PM 100998   3032800    0.00    0.00    0.00    0.00    0.00    14  postgres
05:31:49 PM 100998   3032801    0.00    0.00    0.00    0.00    0.00    10  postgres
05:31:49 PM 100998   3032802    0.00    0.00    0.00    0.00    0.00    14  postgres
05:31:49 PM 100998   3032803    0.00    0.00    0.00    0.00    0.00    10  postgres
05:31:49 PM 100998   3032804    0.00    0.00    0.00    0.00    0.00    14  postgres
05:31:49 PM 100998   3032807    0.00    0.00    0.00    0.00    0.00    12  postgres
05:31:49 PM 100998   3032809    0.00    0.00    0.00    0.00    0.00    14  postgres
05:31:49 PM 100998   3032811    1.00    0.00    0.00    0.00    1.00    10  postgres
05:31:49 PM 100998   3032813    0.00    0.00    0.00    0.00    0.00    12  postgres
05:31:49 PM 100998   3032818    0.00    0.00    0.00    0.00    0.00    14  postgres
05:31:49 PM 100998   3032847    0.00    0.00    0.00    0.00    0.00    10  postgres
05:31:49 PM 100998   3032851    0.00    0.00    0.00    0.00    0.00    14  postgres
05:31:49 PM 100998   3032871    1.00    0.00    0.00    0.00    1.00    10  postgres
05:31:49 PM 100998   3032922    1.00    0.00    0.00    0.00    1.00    10  postgres
05:31:49 PM 100998   3032972    0.00    0.00    0.00    0.00    0.00    10  postgres
05:31:49 PM 100998   3033023    1.00    0.00    0.00    0.00    1.00    14  postgres
05:31:49 PM 100998   3033066    1.00    0.00    0.00    0.00    1.00    10  postgres
05:31:49 PM 100998   3033081    0.00    0.00    0.00    0.00    0.00    12  postgres
05:31:49 PM 100998   3033082    0.00    0.00    0.00    0.00    0.00    14  postgres
05:31:49 PM 100998   3033083    1.00    0.00    0.00    0.00    1.00    10  postgres
05:31:49 PM 100998   3033084    0.00    0.00    0.00    0.00    0.00    10  postgres
05:31:49 PM 100998   3033085    1.00    0.00    0.00    0.00    1.00    12  postgres
05:31:49 PM 100998   3033086    0.00    0.00    0.00    0.00    0.00    10  postgres
05:31:49 PM 100998   3033087    0.00    0.00    0.00    0.00    0.00    12  postgres
05:31:49 PM 100998   3033090    0.00    0.00    0.00    0.00    0.00    10  postgres

05:31:49 PM   UID       PID    %usr %system  %guest   %wait    %CPU   CPU  Command
05:31:50 PM 100998   3032224    0.00    0.00    0.00    0.00    0.00    10  postgres
05:31:50 PM 100998   3032225    0.00    0.00    0.00    0.00    0.00    12  postgres
05:31:50 PM 100998   3032227    0.00    0.00    0.00    0.00    0.00    10  postgres
05:31:50 PM 100998   3032228    0.00    0.00    0.00    0.00    0.00    12  postgres
05:31:50 PM 100998   3032489    1.00    0.00    0.00    0.00    1.00    14  postgres
05:31:50 PM 100998   3032493    0.00    1.00    0.00    0.00    1.00    12  postgres
05:31:50 PM 100998   3032494    0.00    0.00    0.00    0.00    0.00    10  postgres
05:31:50 PM 100998   3032495    0.00    0.00    0.00    0.00    0.00    14  postgres
05:31:50 PM 100998   3032496    0.00    0.00    0.00    0.00    0.00    10  postgres
05:31:50 PM 100998   3032497    0.00    0.00    0.00    0.00    0.00    10  postgres
05:31:50 PM 100998   3032499    0.00    0.00    0.00    0.00    0.00    12  postgres
05:31:50 PM 100998   3032502    0.00    1.00    0.00    0.00    1.00    10  postgres
05:31:50 PM 100998   3032518    1.00    0.00    0.00    0.00    1.00    12  postgres
05:31:50 PM 100998   3032520    0.00    0.00    0.00    0.00    0.00    10  postgres
05:31:50 PM 100998   3032521    1.00    0.00    0.00    0.00    1.00    14  postgres
05:31:50 PM 100998   3032523    0.00    0.00    0.00    0.00    0.00    14  postgres
05:31:50 PM 100998   3032525    1.00    0.00    0.00    0.00    1.00    12  postgres
05:31:50 PM 100998   3032530    1.00    1.00    0.00    0.00    2.00    14  postgres
05:31:50 PM 100998   3032539    1.00    0.00    0.00    0.00    1.00    14  postgres
05:31:50 PM 100998   3032560    0.00    0.00    0.00    0.00    0.00    12  postgres
05:31:50 PM 100998   3032564    0.00    0.00    0.00    0.00    0.00    10  postgres
05:31:50 PM 100998   3032571    0.00    0.00    0.00    0.00    0.00    14  postgres
05:31:50 PM 100998   3032592    0.00    1.00    0.00    0.00    1.00    12  postgres
05:31:50 PM 100998   3032648    1.00    0.00    0.00    0.00    1.00    12  postgres
05:31:50 PM 100998   3032701    0.00    0.00    0.00    0.00    0.00    12  postgres
05:31:50 PM 100998   3032755    1.00    1.00    0.00    0.00    2.00    12  postgres
05:31:50 PM 100998   3032796    0.00    1.00    0.00    0.00    1.00    14  postgres
05:31:50 PM 100998   3032798    0.00    0.00    0.00    0.00    0.00    12  postgres
05:31:50 PM 100998   3032799    1.00    0.00    0.00    0.00    1.00    14  postgres
05:31:50 PM 100998   3032800    0.00    0.00    0.00    0.00    0.00    10  postgres
05:31:50 PM 100998   3032801    0.00    1.00    0.00    0.00    1.00    12  postgres
05:31:50 PM 100998   3032802    0.00    0.00    0.00    0.00    0.00    10  postgres
05:31:50 PM 100998   3032803    0.00    0.00    0.00    0.00    0.00    12  postgres
05:31:50 PM 100998   3032804    1.00    0.00    0.00    0.00    1.00    12  postgres
05:31:50 PM 100998   3032807    0.00    1.00    0.00    0.00    1.00    14  postgres
05:31:50 PM 100998   3032809    0.00    0.00    0.00    0.00    0.00    12  postgres
05:31:50 PM 100998   3032811    0.00    0.00    0.00    0.00    0.00    14  postgres
05:31:50 PM 100998   3032813    0.00    0.00    0.00    0.00    0.00    10  postgres
05:31:50 PM 100998   3032818    1.00    0.00    0.00    0.00    1.00    14  postgres
05:31:50 PM 100998   3032847    0.00    1.00    0.00    0.00    1.00    14  postgres
05:31:50 PM 100998   3032851    1.00    0.00    0.00    0.00    1.00    12  postgres
05:31:50 PM 100998   3032871    0.00    0.00    0.00    0.00    0.00    10  postgres
05:31:50 PM 100998   3032922    0.00    0.00    0.00    0.00    0.00    12  postgres
05:31:50 PM 100998   3032972    0.00    1.00    0.00    0.00    1.00    14  postgres
05:31:50 PM 100998   3033023    0.00    0.00    0.00    0.00    0.00    12  postgres
05:31:50 PM 100998   3033066    0.00    0.00    0.00    0.00    0.00    12  postgres
05:31:50 PM 100998   3033081    1.00    0.00    0.00    0.00    1.00    12  postgres
05:31:50 PM 100998   3033082    1.00    0.00    0.00    0.00    1.00    10  postgres
05:31:50 PM 100998   3033083    0.00    0.00    0.00    0.00    0.00    14  postgres
05:31:50 PM 100998   3033084    1.00    0.00    0.00    0.00    1.00    10  postgres
05:31:50 PM 100998   3033085    0.00    0.00    0.00    0.00    0.00    12  postgres
05:31:50 PM 100998   3033086    0.00    0.00    0.00    0.00    0.00    10  postgres
05:31:50 PM 100998   3033087    0.00    0.00    0.00    0.00    0.00    12  postgres
05:31:50 PM 100998   3033090    0.00    0.00    0.00    0.00    0.00    12  postgres

05:31:50 PM   UID       PID    %usr %system  %guest   %wait    %CPU   CPU  Command
05:31:51 PM 100998   3032224    0.00    0.00    0.00    0.00    0.00    10  postgres
05:31:51 PM 100998   3032225    0.00    0.00    0.00    0.00    0.00    12  postgres
05:31:51 PM 100998   3032227    0.00    0.00    0.00    0.00    0.00    10  postgres
05:31:51 PM 100998   3032228    0.00    0.00    0.00    0.00    0.00    12  postgres
05:31:51 PM 100998   3032489    0.00    0.00    0.00    0.00    0.00    12  postgres
05:31:51 PM 100998   3032493    1.00    0.00    0.00    0.00    1.00    10  postgres
05:31:51 PM 100998   3032494    1.00    0.00    0.00    0.00    1.00    12  postgres
05:31:51 PM 100998   3032495    1.00    1.00    0.00    0.00    2.00    10  postgres
05:31:51 PM 100998   3032496    1.00    0.00    0.00    0.00    1.00    12  postgres
05:31:51 PM 100998   3032497    1.00    1.00    0.00    0.00    2.00    14  postgres
05:31:51 PM 100998   3032499    0.00    0.00    0.00    0.00    0.00    10  postgres
05:31:51 PM 100998   3032502    1.00    0.00    0.00    0.00    1.00    12  postgres
05:31:51 PM 100998   3032518    0.00    0.00    0.00    0.00    0.00    14  postgres
05:31:51 PM 100998   3032520    0.00    1.00    0.00    0.00    1.00    10  postgres
05:31:51 PM 100998   3032521    0.00    1.00    0.00    0.00    1.00    12  postgres
05:31:51 PM 100998   3032523    0.00    0.00    0.00    0.00    0.00    14  postgres
05:31:51 PM 100998   3032525    0.00    0.00    0.00    0.00    0.00    12  postgres
05:31:51 PM 100998   3032530    0.00    0.00    0.00    0.00    0.00    12  postgres
05:31:51 PM 100998   3032539    0.00    0.00    0.00    0.00    0.00    12  postgres
05:31:51 PM 100998   3032560    0.00    1.00    0.00    0.00    1.00    14  postgres
05:31:51 PM 100998   3032564    0.00    0.00    0.00    0.00    0.00    10  postgres
05:31:51 PM 100998   3032571    1.00    0.00    0.00    0.00    1.00    12  postgres
05:31:51 PM 100998   3032592    1.00    0.00    0.00    0.00    1.00    10  postgres
05:31:51 PM 100998   3032648    0.00    0.00    0.00    0.00    0.00    10  postgres
05:31:51 PM 100998   3032701    1.00    0.00    0.00    0.00    1.00    10  postgres
05:31:51 PM 100998   3032755    0.00    0.00    0.00    0.00    0.00    12  postgres
05:31:51 PM 100998   3032796    0.00    0.00    0.00    0.00    0.00    14  postgres
05:31:51 PM 100998   3032798    0.00    1.00    0.00    0.00    1.00    14  postgres
05:31:51 PM 100998   3032799    0.00    0.00    0.00    0.00    0.00    14  postgres
05:31:51 PM 100998   3032800    1.00    0.00    0.00    0.00    1.00    14  postgres
05:31:51 PM 100998   3032801    1.00    0.00    0.00    0.00    1.00    14  postgres
05:31:51 PM 100998   3032802    0.00    0.00    0.00    0.00    0.00    10  postgres
05:31:51 PM 100998   3032803    0.00    0.00    0.00    0.00    0.00    14  postgres
05:31:51 PM 100998   3032804    0.00    0.00    0.00    0.00    0.00    10  postgres
05:31:51 PM 100998   3032807    1.00    0.00    0.00    0.00    1.00    14  postgres
05:31:51 PM 100998   3032809    1.00    0.00    0.00    0.00    1.00    12  postgres
05:31:51 PM 100998   3032811    0.00    1.00    0.00    0.00    1.00    14  postgres
05:31:51 PM 100998   3032813    0.00    1.00    0.00    0.00    1.00    10  postgres
05:31:51 PM 100998   3032818    0.00    0.00    0.00    0.00    0.00    14  postgres
05:31:51 PM 100998   3032847    0.00    0.00    0.00    0.00    0.00    12  postgres
05:31:51 PM 100998   3032851    0.00    0.00    0.00    0.00    0.00    14  postgres
05:31:51 PM 100998   3032871    0.00    0.00    0.00    0.00    0.00    12  postgres
05:31:51 PM 100998   3032922    0.00    0.00    0.00    0.00    0.00    14  postgres
05:31:51 PM 100998   3032972    1.00    0.00    0.00    0.00    1.00    14  postgres
05:31:51 PM 100998   3033023    0.00    0.00    0.00    0.00    0.00    10  postgres
05:31:51 PM 100998   3033066    0.00    0.00    0.00    0.00    0.00    12  postgres
05:31:51 PM 100998   3033081    0.00    0.00    0.00    0.00    0.00    12  postgres
05:31:51 PM 100998   3033082    0.00    0.00    0.00    0.00    0.00    10  postgres
05:31:51 PM 100998   3033083    0.00    1.00    0.00    0.00    1.00    14  postgres
05:31:51 PM 100998   3033084    0.00    0.00    0.00    0.00    0.00    10  postgres
05:31:51 PM 100998   3033085    0.00    1.00    0.00    0.00    1.00    14  postgres
05:31:51 PM 100998   3033086    1.00    0.00    0.00    0.00    1.00    12  postgres
05:31:51 PM 100998   3033087    0.00    0.00    0.00    0.00    0.00    12  postgres
05:31:51 PM 100998   3033090    0.00    1.00    0.00    0.00    1.00    12  postgres

05:31:51 PM   UID       PID    %usr %system  %guest   %wait    %CPU   CPU  Command
05:31:52 PM 100998   3032224    0.00    0.00    0.00    0.00    0.00    10  postgres
05:31:52 PM 100998   3032225    0.00    0.00    0.00    0.00    0.00    12  postgres
05:31:52 PM 100998   3032227    0.00    0.00    0.00    0.00    0.00    10  postgres
05:31:52 PM 100998   3032228    0.00    0.00    0.00    0.00    0.00    12  postgres
05:31:52 PM 100998   3032489    0.00    0.00    0.00    0.00    0.00    10  postgres
05:31:52 PM 100998   3032493    0.00    0.00    0.00    0.00    0.00    10  postgres
05:31:52 PM 100998   3032494    0.00    1.00    0.00    0.00    1.00    10  postgres
05:31:52 PM 100998   3032495    0.00    0.00    0.00    0.00    0.00    14  postgres
05:31:52 PM 100998   3032496    0.00    1.00    0.00    0.00    1.00    12  postgres
05:31:52 PM 100998   3032497    0.00    0.00    0.00    0.00    0.00    12  postgres
05:31:52 PM 100998   3032499    1.00    0.00    0.00    0.00    1.00    14  postgres
05:31:52 PM 100998   3032502    0.00    0.00    0.00    0.00    0.00    14  postgres
05:31:52 PM 100998   3032518    1.00    0.00    0.00    0.00    1.00    12  postgres
05:31:52 PM 100998   3032520    1.00    0.00    0.00    0.00    1.00    14  postgres
05:31:52 PM 100998   3032521    0.00    0.00    0.00    0.00    0.00    14  postgres
05:31:52 PM 100998   3032523    0.00    1.00    0.00    0.00    1.00    14  postgres
05:31:52 PM 100998   3032525    0.00    1.00    0.00    0.00    1.00    12  postgres
05:31:52 PM 100998   3032530    0.00    0.00    0.00    0.00    0.00    10  postgres
05:31:52 PM 100998   3032539    0.00    0.00    0.00    0.00    0.00    12  postgres
05:31:52 PM 100998   3032560    0.00    0.00    0.00    0.00    0.00    12  postgres
05:31:52 PM 100998   3032564    1.00    0.00    0.00    0.00    1.00    14  postgres
05:31:52 PM 100998   3032571    0.00    0.00    0.00    0.00    0.00    10  postgres
05:31:52 PM 100998   3032592    0.00    0.00    0.00    0.00    0.00    12  postgres
05:31:52 PM 100998   3032648    0.00    0.00    0.00    0.00    0.00    12  postgres
05:31:52 PM 100998   3032701    0.00    0.00    0.00    0.00    0.00    12  postgres
05:31:52 PM 100998   3032755    0.00    0.00    0.00    0.00    0.00    10  postgres
05:31:52 PM 100998   3032796    0.00    0.00    0.00    0.00    0.00    12  postgres
05:31:52 PM 100998   3032798    0.00    0.00    0.00    0.00    0.00    10  postgres
05:31:52 PM 100998   3032799    0.00    0.00    0.00    0.00    0.00    14  postgres
05:31:52 PM 100998   3032800    0.00    0.00    0.00    0.00    0.00    14  postgres
05:31:52 PM 100998   3032801    0.00    0.00    0.00    0.00    0.00    12  postgres
05:31:52 PM 100998   3032802    0.00    1.00    0.00    0.00    1.00    10  postgres
05:31:52 PM 100998   3032803    0.00    0.00    0.00    0.00    0.00    14  postgres
05:31:52 PM 100998   3032804    0.00    1.00    0.00    0.00    1.00    12  postgres
05:31:52 PM 100998   3032807    0.00    0.00    0.00    0.00    0.00    12  postgres
05:31:52 PM 100998   3032809    0.00    0.00    0.00    0.00    0.00    10  postgres
05:31:52 PM 100998   3032811    0.00    0.00    0.00    0.00    0.00    10  postgres
05:31:52 PM 100998   3032813    0.00    0.00    0.00    0.00    0.00    12  postgres
05:31:52 PM 100998   3032818    0.00    0.00    0.00    0.00    0.00    10  postgres
05:31:52 PM 100998   3032847    0.00    0.00    0.00    0.00    0.00    12  postgres
05:31:52 PM 100998   3032851    0.00    0.00    0.00    0.00    0.00    14  postgres
05:31:52 PM 100998   3032871    0.00    1.00    0.00    0.00    1.00    10  postgres
05:31:52 PM 100998   3032922    0.00    0.00    0.00    0.00    0.00    14  postgres
05:31:52 PM 100998   3032972    0.00    0.00    0.00    0.00    0.00    14  postgres
05:31:52 PM 100998   3033023    0.00    0.00    0.00    0.00    0.00    14  postgres
05:31:52 PM 100998   3033066    0.00    0.00    0.00    0.00    0.00    12  postgres
05:31:52 PM 100998   3033081    0.00    0.00    0.00    0.00    0.00    12  postgres
05:31:52 PM 100998   3033082    0.00    0.00    0.00    0.00    0.00    10  postgres
05:31:52 PM 100998   3033083    0.00    0.00    0.00    0.00    0.00    12  postgres
05:31:52 PM 100998   3033084    0.00    0.00    0.00    0.00    0.00    10  postgres
05:31:52 PM 100998   3033085    0.00    0.00    0.00    0.00    0.00    14  postgres
05:31:52 PM 100998   3033086    0.00    0.00    0.00    0.00    0.00    12  postgres
05:31:52 PM 100998   3033087    0.00    0.00    0.00    0.00    0.00    12  postgres
05:31:52 PM 100998   3033090    0.00    0.00    0.00    0.00    0.00    10  postgres

05:31:52 PM   UID       PID    %usr %system  %guest   %wait    %CPU   CPU  Command
05:31:53 PM 100998   3032224    0.00    0.00    0.00    0.00    0.00    10  postgres
05:31:53 PM 100998   3032225    0.00    0.00    0.00    0.00    0.00    12  postgres
05:31:53 PM 100998   3032227    0.00    0.00    0.00    0.00    0.00    10  postgres
05:31:53 PM 100998   3032228    0.00    0.00    0.00    0.00    0.00    12  postgres
05:31:53 PM 100998   3032489    1.00    1.00    0.00    0.00    2.00    10  postgres
05:31:53 PM 100998   3032493    0.00    1.00    0.00    0.00    1.00    10  postgres
05:31:53 PM 100998   3032494    1.00    0.00    0.00    0.00    1.00    14  postgres
05:31:53 PM 100998   3032495    0.00    0.00    0.00    0.00    0.00    14  postgres
05:31:53 PM 100998   3032496    0.00    1.00    0.00    0.00    1.00    12  postgres
05:31:53 PM 100998   3032497    0.00    0.00    0.00    0.00    0.00    10  postgres
05:31:53 PM 100998   3032499    0.00    0.00    0.00    0.00    0.00    12  postgres
05:31:53 PM 100998   3032502    0.00    0.00    0.00    0.00    0.00    10  postgres
05:31:53 PM 100998   3032518    0.00    0.00    0.00    0.00    0.00    14  postgres
05:31:53 PM 100998   3032520    0.00    0.00    0.00    0.00    0.00    10  postgres
05:31:53 PM 100998   3032521    1.00    0.00    0.00    0.00    1.00    14  postgres
05:31:53 PM 100998   3032523    1.00    0.00    0.00    0.00    1.00    14  postgres
05:31:53 PM 100998   3032525    1.00    0.00    0.00    0.00    1.00    12  postgres
05:31:53 PM 100998   3032530    0.00    0.00    0.00    0.00    0.00    10  postgres
05:31:53 PM 100998   3032539    0.00    1.00    0.00    0.00    1.00    10  postgres
05:31:53 PM 100998   3032560    1.00    0.00    0.00    0.00    1.00    12  postgres
05:31:53 PM 100998   3032564    0.00    1.00    0.00    0.00    1.00    14  postgres
05:31:53 PM 100998   3032571    0.00    1.00    0.00    0.00    1.00    12  postgres
05:31:53 PM 100998   3032592    0.00    0.00    0.00    0.00    0.00    14  postgres
05:31:53 PM 100998   3032648    1.00    0.00    0.00    0.00    1.00    10  postgres
05:31:53 PM 100998   3032701    0.00    0.00    0.00    0.00    0.00    12  postgres
05:31:53 PM 100998   3032755    0.00    0.00    0.00    0.00    0.00    10  postgres
05:31:53 PM 100998   3032796    0.00    0.00    0.00    0.00    0.00    12  postgres
05:31:53 PM 100998   3032798    1.00    0.00    0.00    0.00    1.00    12  postgres
05:31:53 PM 100998   3032799    0.00    0.00    0.00    0.00    0.00    14  postgres
05:31:53 PM 100998   3032800    0.00    1.00    0.00    0.00    1.00    14  postgres
05:31:53 PM 100998   3032801    0.00    0.00    0.00    0.00    0.00    12  postgres
05:31:53 PM 100998   3032802    1.00    0.00    0.00    0.00    1.00    14  postgres
05:31:53 PM 100998   3032803    1.00    1.00    0.00    0.00    2.00    10  postgres
05:31:53 PM 100998   3032804    0.00    0.00    0.00    0.00    0.00    14  postgres
05:31:53 PM 100998   3032807    0.00    0.00    0.00    0.00    0.00    14  postgres
05:31:53 PM 100998   3032809    0.00    0.00    0.00    0.00    0.00    10  postgres
05:31:53 PM 100998   3032811    1.00    0.00    0.00    0.00    1.00    14  postgres
05:31:53 PM 100998   3032813    0.00    0.00    0.00    0.00    0.00    12  postgres
05:31:53 PM 100998   3032818    0.00    0.00    0.00    0.00    0.00    10  postgres
05:31:53 PM 100998   3032847    0.00    0.00    0.00    0.00    0.00    14  postgres
05:31:53 PM 100998   3032851    0.00    1.00    0.00    0.00    1.00    14  postgres
05:31:53 PM 100998   3032871    0.00    0.00    0.00    0.00    0.00    10  postgres
05:31:53 PM 100998   3032922    0.00    0.00    0.00    0.00    0.00    10  postgres
05:31:53 PM 100998   3032972    0.00    0.00    0.00    0.00    0.00    12  postgres
05:31:53 PM 100998   3033023    0.00    0.00    0.00    0.00    0.00    14  postgres
05:31:53 PM 100998   3033066    0.00    0.00    0.00    0.00    0.00    10  postgres
05:31:53 PM 100998   3033081    0.00    0.00    0.00    0.00    0.00    12  postgres
05:31:53 PM 100998   3033082    0.00    0.00    0.00    0.00    0.00    14  postgres
05:31:53 PM 100998   3033083    0.00    0.00    0.00    0.00    0.00    14  postgres
05:31:53 PM 100998   3033084    0.00    0.00    0.00    0.00    0.00    12  postgres
05:31:53 PM 100998   3033085    0.00    0.00    0.00    0.00    0.00    14  postgres
05:31:53 PM 100998   3033086    0.00    0.00    0.00    0.00    0.00    12  postgres
05:31:53 PM 100998   3033087    0.00    0.00    0.00    0.00    0.00    10  postgres
05:31:53 PM 100998   3033090    0.00    0.00    0.00    0.00    0.00    10  postgres

05:31:53 PM   UID       PID    %usr %system  %guest   %wait    %CPU   CPU  Command
05:31:54 PM 100998   3032224    0.00    0.00    0.00    0.00    0.00    10  postgres
05:31:54 PM 100998   3032225    0.00    0.00    0.00    0.00    0.00    12  postgres
05:31:54 PM 100998   3032227    0.00    0.00    0.00    0.00    0.00    10  postgres
05:31:54 PM 100998   3032228    0.00    0.00    0.00    0.00    0.00    12  postgres
05:31:54 PM 100998   3032489    0.00    0.00    0.00    0.00    0.00    12  postgres
05:31:54 PM 100998   3032493    1.00    0.00    0.00    0.00    1.00    10  postgres
05:31:54 PM 100998   3032494    0.00    1.00    0.00    0.00    1.00    12  postgres
05:31:54 PM 100998   3032495    1.00    1.00    0.00    0.00    2.00    12  postgres
05:31:54 PM 100998   3032496    1.00    0.00    0.00    0.00    1.00    10  postgres
05:31:54 PM 100998   3032497    0.00    0.00    0.00    0.00    0.00    12  postgres
05:31:54 PM 100998   3032499    0.00    0.00    0.00    0.00    0.00    10  postgres
05:31:54 PM 100998   3032502    0.00    0.00    0.00    0.00    0.00    14  postgres
05:31:54 PM 100998   3032518    0.00    0.00    0.00    0.00    0.00    12  postgres
05:31:54 PM 100998   3032520    0.00    1.00    0.00    0.00    1.00    10  postgres
05:31:54 PM 100998   3032521    0.00    0.00    0.00    0.00    0.00    10  postgres
05:31:54 PM 100998   3032523    0.00    0.00    0.00    0.00    0.00    10  postgres
05:31:54 PM 100998   3032525    0.00    0.00    0.00    0.00    0.00    10  postgres
05:31:54 PM 100998   3032530    1.00    0.00    0.00    0.00    1.00    12  postgres
05:31:54 PM 100998   3032539    1.00    0.00    0.00    0.00    1.00    14  postgres
05:31:54 PM 100998   3032560    0.00    0.00    0.00    0.00    0.00    14  postgres
05:31:54 PM 100998   3032564    0.00    0.00    0.00    0.00    0.00    14  postgres
05:31:54 PM 100998   3032571    0.00    0.00    0.00    0.00    0.00    14  postgres
05:31:54 PM 100998   3032592    0.00    1.00    0.00    0.00    1.00    12  postgres
05:31:54 PM 100998   3032648    0.00    1.00    0.00    0.00    1.00    14  postgres
05:31:54 PM 100998   3032701    0.00    0.00    0.00    0.00    0.00    14  postgres
05:31:54 PM 100998   3032755    1.00    0.00    0.00    0.00    1.00    10  postgres
05:31:54 PM 100998   3032796    0.00    0.00    0.00    0.00    0.00    10  postgres
05:31:54 PM 100998   3032798    0.00    0.00    0.00    0.00    0.00    14  postgres
05:31:54 PM 100998   3032799    1.00    0.00    0.00    0.00    1.00    12  postgres
05:31:54 PM 100998   3032800    0.00    0.00    0.00    0.00    0.00    12  postgres
05:31:54 PM 100998   3032801    0.00    0.00    0.00    0.00    0.00    10  postgres
05:31:54 PM 100998   3032802    0.00    0.00    0.00    0.00    0.00    14  postgres
05:31:54 PM 100998   3032803    0.00    0.00    0.00    0.00    0.00    12  postgres
05:31:54 PM 100998   3032804    0.00    0.00    0.00    0.00    0.00    10  postgres
05:31:54 PM 100998   3032807    0.00    0.00    0.00    0.00    0.00    12  postgres
05:31:54 PM 100998   3032809    0.00    1.00    0.00    0.00    1.00    10  postgres
05:31:54 PM 100998   3032811    0.00    0.00    0.00    0.00    0.00    14  postgres
05:31:54 PM 100998   3032813    0.00    0.00    0.00    0.00    0.00    14  postgres
05:31:54 PM 100998   3032818    1.00    0.00    0.00    0.00    1.00    12  postgres
05:31:54 PM 100998   3032847    1.00    0.00    0.00    0.00    1.00    10  postgres
05:31:54 PM 100998   3032851    0.00    0.00    0.00    0.00    0.00    14  postgres
05:31:54 PM 100998   3032871    0.00    0.00    0.00    0.00    0.00    14  postgres
05:31:54 PM 100998   3032922    0.00    1.00    0.00    0.00    1.00    10  postgres
05:31:54 PM 100998   3032972    0.00    1.00    0.00    0.00    1.00    14  postgres
05:31:54 PM 100998   3033023    0.00    1.00    0.00    0.00    1.00    14  postgres
05:31:54 PM 100998   3033066    0.00    0.00    0.00    0.00    0.00    12  postgres
05:31:54 PM 100998   3033081    0.00    1.00    0.00    0.00    1.00    14  postgres
05:31:54 PM 100998   3033082    0.00    0.00    0.00    0.00    0.00    12  postgres
05:31:54 PM 100998   3033083    0.00    0.00    0.00    0.00    0.00    10  postgres
05:31:54 PM 100998   3033084    0.00    1.00    0.00    0.00    1.00    12  postgres
05:31:54 PM 100998   3033085    1.00    0.00    0.00    0.00    1.00    14  postgres
05:31:54 PM 100998   3033086    0.00    0.00    0.00    0.00    0.00    10  postgres
05:31:54 PM 100998   3033087    1.00    1.00    0.00    0.00    2.00    10  postgres
05:31:54 PM 100998   3033090    1.00    0.00    0.00    0.00    1.00    10  postgres

05:31:54 PM   UID       PID    %usr %system  %guest   %wait    %CPU   CPU  Command
05:31:55 PM 100998   3032224    0.00    0.00    0.00    0.00    0.00    10  postgres
05:31:55 PM 100998   3032225    0.00    0.00    0.00    0.00    0.00    12  postgres
05:31:55 PM 100998   3032227    0.00    0.00    0.00    0.00    0.00    10  postgres
05:31:55 PM 100998   3032228    0.00    0.00    0.00    0.00    0.00    12  postgres
05:31:55 PM 100998   3032489    0.00    0.00    0.00    0.00    0.00    10  postgres
05:31:55 PM 100998   3032493    0.00    0.00    0.00    0.00    0.00    14  postgres
05:31:55 PM 100998   3032494    0.00    0.00    0.00    0.00    0.00    14  postgres
05:31:55 PM 100998   3032495    0.00    0.00    0.00    0.00    0.00    10  postgres
05:31:55 PM 100998   3032496    0.00    0.00    0.00    0.00    0.00    14  postgres
05:31:55 PM 100998   3032497    0.00    0.00    0.00    0.00    0.00    12  postgres
05:31:55 PM 100998   3032499    0.00    1.00    0.00    0.00    1.00    14  postgres
05:31:55 PM 100998   3032502    1.00    1.00    0.00    0.00    2.00    12  postgres
05:31:55 PM 100998   3032518    1.00    0.00    0.00    0.00    1.00    12  postgres
05:31:55 PM 100998   3032520    0.00    0.00    0.00    0.00    0.00    10  postgres
05:31:55 PM 100998   3032521    0.00    1.00    0.00    0.00    1.00    10  postgres
05:31:55 PM 100998   3032523    0.00    0.00    0.00    0.00    0.00    12  postgres
05:31:55 PM 100998   3032525    0.00    0.00    0.00    0.00    0.00    14  postgres
05:31:55 PM 100998   3032530    0.00    0.00    0.00    0.00    0.00    12  postgres
05:31:55 PM 100998   3032539    0.00    0.00    0.00    0.00    0.00    12  postgres
05:31:55 PM 100998   3032560    0.00    0.00    0.00    0.00    0.00    14  postgres
05:31:55 PM 100998   3032564    0.00    0.00    0.00    0.00    0.00    10  postgres
05:31:55 PM 100998   3032571    0.00    0.00    0.00    0.00    0.00    14  postgres
05:31:55 PM 100998   3032592    1.00    0.00    0.00    0.00    1.00    10  postgres
05:31:55 PM 100998   3032648    0.00    0.00    0.00    0.00    0.00    10  postgres
05:31:55 PM 100998   3032701    0.00    1.00    0.00    0.00    1.00    10  postgres
05:31:55 PM 100998   3032755    0.00    0.00    0.00    0.00    0.00    10  postgres
05:31:55 PM 100998   3032796    1.00    0.00    0.00    0.00    1.00    10  postgres
05:31:55 PM 100998   3032798    0.00    0.00    0.00    0.00    0.00    14  postgres
05:31:55 PM 100998   3032799    0.00    0.00    0.00    0.00    0.00    14  postgres
05:31:55 PM 100998   3032800    0.00    0.00    0.00    0.00    0.00    10  postgres
05:31:55 PM 100998   3032801    0.00    0.00    0.00    0.00    0.00    12  postgres
05:31:55 PM 100998   3032802    0.00    0.00    0.00    0.00    0.00    12  postgres
05:31:55 PM 100998   3032803    0.00    0.00    0.00    0.00    0.00    12  postgres
05:31:55 PM 100998   3032804    0.00    0.00    0.00    0.00    0.00    14  postgres
05:31:55 PM 100998   3032807    0.00    0.00    0.00    0.00    0.00    12  postgres
05:31:55 PM 100998   3032809    0.00    0.00    0.00    0.00    0.00    12  postgres
05:31:55 PM 100998   3032811    0.00    0.00    0.00    0.00    0.00    10  postgres
05:31:55 PM 100998   3032813    1.00    0.00    0.00    0.00    1.00    14  postgres
05:31:55 PM 100998   3032818    0.00    1.00    0.00    0.00    1.00    14  postgres
05:31:55 PM 100998   3032847    0.00    0.00    0.00    0.00    0.00    10  postgres
05:31:55 PM 100998   3032851    0.00    0.00    0.00    0.00    0.00    14  postgres
05:31:55 PM 100998   3032871    1.00    0.00    0.00    0.00    1.00    14  postgres
05:31:55 PM 100998   3032922    0.00    0.00    0.00    0.00    0.00    10  postgres
05:31:55 PM 100998   3032972    0.00    0.00    0.00    0.00    0.00    14  postgres
05:31:55 PM 100998   3033023    1.00    0.00    0.00    0.00    1.00    14  postgres
05:31:55 PM 100998   3033066    1.00    0.00    0.00    0.00    1.00    10  postgres
05:31:55 PM 100998   3033081    1.00    0.00    0.00    0.00    1.00    14  postgres
05:31:55 PM 100998   3033082    1.00    0.00    0.00    0.00    1.00    12  postgres
05:31:55 PM 100998   3033083    1.00    0.00    0.00    0.00    1.00    10  postgres
05:31:55 PM 100998   3033084    0.00    0.00    0.00    0.00    0.00    10  postgres
05:31:55 PM 100998   3033085    0.00    0.00    0.00    0.00    0.00    14  postgres
05:31:55 PM 100998   3033086    0.00    0.00    0.00    0.00    0.00    10  postgres
05:31:55 PM 100998   3033087    0.00    0.00    0.00    0.00    0.00    14  postgres
05:31:55 PM 100998   3033090    0.00    0.00    0.00    0.00    0.00    10  postgres

05:31:55 PM   UID       PID    %usr %system  %guest   %wait    %CPU   CPU  Command
05:31:56 PM 100998   3032224    0.00    0.00    0.00    0.00    0.00    10  postgres
05:31:56 PM 100998   3032225    0.00    0.00    0.00    0.00    0.00    12  postgres
05:31:56 PM 100998   3032227    0.00    0.00    0.00    0.00    0.00    10  postgres
05:31:56 PM 100998   3032228    0.00    0.00    0.00    0.00    0.00    12  postgres
05:31:56 PM 100998   3032489    1.00    0.00    0.00    0.00    1.00    14  postgres
05:31:56 PM 100998   3032493    0.00    1.00    0.00    0.00    1.00    12  postgres
05:31:56 PM 100998   3032494    0.00    0.00    0.00    0.00    0.00    14  postgres
05:31:56 PM 100998   3032495    1.00    0.00    0.00    0.00    1.00    14  postgres
05:31:56 PM 100998   3032496    1.00    1.00    0.00    0.00    2.00    12  postgres
05:31:56 PM 100998   3032497    1.00    1.00    0.00    0.00    2.00    12  postgres
05:31:56 PM 100998   3032499    1.00    0.00    0.00    0.00    1.00    10  postgres
05:31:56 PM 100998   3032502    0.00    0.00    0.00    0.00    0.00    12  postgres
05:31:56 PM 100998   3032518    0.00    1.00    0.00    0.00    1.00    14  postgres
05:31:56 PM 100998   3032520    0.00    0.00    0.00    0.00    0.00    10  postgres
05:31:56 PM 100998   3032521    1.00    0.00    0.00    0.00    1.00    10  postgres
05:31:56 PM 100998   3032523    1.00    1.00    0.00    0.00    2.00    12  postgres
05:31:56 PM 100998   3032525    1.00    0.00    0.00    0.00    1.00    14  postgres
05:31:56 PM 100998   3032530    0.00    0.00    0.00    0.00    0.00    12  postgres
05:31:56 PM 100998   3032539    0.00    1.00    0.00    0.00    1.00    12  postgres
05:31:56 PM 100998   3032560    1.00    0.00    0.00    0.00    1.00    14  postgres
05:31:56 PM 100998   3032564    1.00    0.00    0.00    0.00    1.00    14  postgres
05:31:56 PM 100998   3032571    0.00    0.00    0.00    0.00    0.00    12  postgres
05:31:56 PM 100998   3032592    0.00    0.00    0.00    0.00    0.00    14  postgres
05:31:56 PM 100998   3032648    0.00    0.00    0.00    0.00    0.00    12  postgres
05:31:56 PM 100998   3032701    1.00    0.00    0.00    0.00    1.00    10  postgres
05:31:56 PM 100998   3032755    0.00    1.00    0.00    0.00    1.00    12  postgres
05:31:56 PM 100998   3032796    0.00    1.00    0.00    0.00    1.00    10  postgres
05:31:56 PM 100998   3032798    1.00    0.00    0.00    0.00    1.00    10  postgres
05:31:56 PM 100998   3032799    0.00    0.00    0.00    0.00    0.00    10  postgres
05:31:56 PM 100998   3032800    1.00    0.00    0.00    0.00    1.00    14  postgres
05:31:56 PM 100998   3032801    0.00    0.00    0.00    0.00    0.00    14  postgres
05:31:56 PM 100998   3032802    1.00    0.00    0.00    0.00    1.00    14  postgres
05:31:56 PM 100998   3032803    0.00    0.00    0.00    0.00    0.00    10  postgres
05:31:56 PM 100998   3032804    1.00    0.00    0.00    0.00    1.00    12  postgres
05:31:56 PM 100998   3032807    0.00    1.00    0.00    0.00    1.00    12  postgres
05:31:56 PM 100998   3032809    0.00    0.00    0.00    0.00    0.00    10  postgres
05:31:56 PM 100998   3032811    0.00    0.00    0.00    0.00    0.00    10  postgres
05:31:56 PM 100998   3032813    0.00    0.00    0.00    0.00    0.00    12  postgres
05:31:56 PM 100998   3032818    0.00    0.00    0.00    0.00    0.00    10  postgres
05:31:56 PM 100998   3032847    0.00    1.00    0.00    0.00    1.00    14  postgres
05:31:56 PM 100998   3032851    1.00    0.00    0.00    0.00    1.00    10  postgres
05:31:56 PM 100998   3032871    0.00    0.00    0.00    0.00    0.00    12  postgres
05:31:56 PM 100998   3032922    0.00    0.00    0.00    0.00    0.00    14  postgres
05:31:56 PM 100998   3032972    1.00    0.00    0.00    0.00    1.00    14  postgres
05:31:56 PM 100998   3033023    0.00    0.00    0.00    0.00    0.00    10  postgres
05:31:56 PM 100998   3033066    0.00    0.00    0.00    0.00    0.00    14  postgres
05:31:56 PM 100998   3033081    0.00    0.00    0.00    0.00    0.00    10  postgres
05:31:56 PM 100998   3033082    0.00    0.00    0.00    0.00    0.00    14  postgres
05:31:56 PM 100998   3033083    0.00    0.00    0.00    0.00    0.00    10  postgres
05:31:56 PM 100998   3033084    1.00    0.00    0.00    0.00    1.00    10  postgres
05:31:56 PM 100998   3033085    0.00    0.00    0.00    0.00    0.00    14  postgres
05:31:56 PM 100998   3033086    1.00    0.00    0.00    0.00    1.00    12  postgres
05:31:56 PM 100998   3033087    0.00    0.00    0.00    0.00    0.00    12  postgres
05:31:56 PM 100998   3033090    0.00    0.00    0.00    0.00    0.00    10  postgres

05:31:56 PM   UID       PID    %usr %system  %guest   %wait    %CPU   CPU  Command
05:31:57 PM 100998   3032224    0.00    0.00    0.00    0.00    0.00    10  postgres
05:31:57 PM 100998   3032225    0.00    0.00    0.00    0.00    0.00    12  postgres
05:31:57 PM 100998   3032227    0.00    0.00    0.00    0.00    0.00    10  postgres
05:31:57 PM 100998   3032228    0.00    0.00    0.00    0.00    0.00    12  postgres
05:31:57 PM 100998   3032489    0.00    1.00    0.00    0.00    1.00    10  postgres
05:31:57 PM 100998   3032493    1.00    0.00    0.00    0.00    1.00    10  postgres
05:31:57 PM 100998   3032494    1.00    0.00    0.00    0.00    1.00    14  postgres
05:31:57 PM 100998   3032495    0.00    0.00    0.00    0.00    0.00    10  postgres
05:31:57 PM 100998   3032496    0.00    0.00    0.00    0.00    0.00    10  postgres
05:31:57 PM 100998   3032497    0.00    0.00    0.00    0.00    0.00    12  postgres
05:31:57 PM 100998   3032499    0.00    0.00    0.00    0.00    0.00    10  postgres
05:31:57 PM 100998   3032502    0.00    0.00    0.00    0.00    0.00    14  postgres
05:31:57 PM 100998   3032518    0.00    0.00    0.00    0.00    0.00    10  postgres
05:31:57 PM 100998   3032520    1.00    0.00    0.00    0.00    1.00    10  postgres
05:31:57 PM 100998   3032521    0.00    0.00    0.00    0.00    0.00    10  postgres
05:31:57 PM 100998   3032523    0.00    0.00    0.00    0.00    0.00    10  postgres
05:31:57 PM 100998   3032525    0.00    1.00    0.00    0.00    1.00    12  postgres
05:31:57 PM 100998   3032530    1.00    0.00    0.00    0.00    1.00    10  postgres
05:31:57 PM 100998   3032539    0.00    0.00    0.00    0.00    0.00    12  postgres
05:31:57 PM 100998   3032560    0.00    0.00    0.00    0.00    0.00    10  postgres
05:31:57 PM 100998   3032564    0.00    1.00    0.00    0.00    1.00    12  postgres
05:31:57 PM 100998   3032571    0.00    0.00    0.00    0.00    0.00    14  postgres
05:31:57 PM 100998   3032592    0.00    0.00    0.00    0.00    0.00    14  postgres
05:31:57 PM 100998   3032648    0.00    0.00    0.00    0.00    0.00    12  postgres
05:31:57 PM 100998   3032701    0.00    0.00    0.00    0.00    0.00    12  postgres
05:31:57 PM 100998   3032755    1.00    0.00    0.00    0.00    1.00    10  postgres
05:31:57 PM 100998   3032796    0.00    0.00    0.00    0.00    0.00    14  postgres
05:31:57 PM 100998   3032798    0.00    0.00    0.00    0.00    0.00    10  postgres
05:31:57 PM 100998   3032799    0.00    0.00    0.00    0.00    0.00    14  postgres
05:31:57 PM 100998   3032800    0.00    1.00    0.00    0.00    1.00    12  postgres
05:31:57 PM 100998   3032801    1.00    0.00    0.00    0.00    1.00    12  postgres
05:31:57 PM 100998   3032802    0.00    0.00    0.00    0.00    0.00    12  postgres
05:31:57 PM 100998   3032803    1.00    0.00    0.00    0.00    1.00    14  postgres
05:31:57 PM 100998   3032804    0.00    0.00    0.00    0.00    0.00    12  postgres
05:31:57 PM 100998   3032807    1.00    0.00    0.00    0.00    1.00    12  postgres
05:31:57 PM 100998   3032809    0.00    0.00    0.00    0.00    0.00    10  postgres
05:31:57 PM 100998   3032811    0.00    0.00    0.00    0.00    0.00    14  postgres
05:31:57 PM 100998   3032813    0.00    1.00    0.00    0.00    1.00    14  postgres
05:31:57 PM 100998   3032818    0.00    0.00    0.00    0.00    0.00    10  postgres
05:31:57 PM 100998   3032847    0.00    0.00    0.00    0.00    0.00    14  postgres
05:31:57 PM 100998   3032851    0.00    0.00    0.00    0.00    0.00    10  postgres
05:31:57 PM 100998   3032871    0.00    0.00    0.00    0.00    0.00    14  postgres
05:31:57 PM 100998   3032922    1.00    0.00    0.00    0.00    1.00    14  postgres
05:31:57 PM 100998   3032972    0.00    0.00    0.00    0.00    0.00    12  postgres
05:31:57 PM 100998   3033023    0.00    0.00    0.00    0.00    0.00    10  postgres
05:31:57 PM 100998   3033066    0.00    1.00    0.00    0.00    1.00    10  postgres
05:31:57 PM 100998   3033081    0.00    0.00    0.00    0.00    0.00    12  postgres
05:31:57 PM 100998   3033082    0.00    1.00    0.00    0.00    1.00    12  postgres
05:31:57 PM 100998   3033083    0.00    0.00    0.00    0.00    0.00    14  postgres
05:31:57 PM 100998   3033084    0.00    0.00    0.00    0.00    0.00    10  postgres
05:31:57 PM 100998   3033085    0.00    0.00    0.00    0.00    0.00    12  postgres
05:31:57 PM 100998   3033086    0.00    0.00    0.00    0.00    0.00    12  postgres
05:31:57 PM 100998   3033087    0.00    0.00    0.00    0.00    0.00    12  postgres
05:31:57 PM 100998   3033090    0.00    0.00    0.00    0.00    0.00    10  postgres

05:31:57 PM   UID       PID    %usr %system  %guest   %wait    %CPU   CPU  Command
05:31:58 PM 100998   3032224    0.00    0.00    0.00    0.00    0.00    10  postgres
05:31:58 PM 100998   3032225    0.00    0.00    0.00    0.00    0.00    12  postgres
05:31:58 PM 100998   3032227    0.00    0.00    0.00    0.00    0.00    10  postgres
05:31:58 PM 100998   3032228    0.00    0.00    0.00    0.00    0.00    12  postgres
05:31:58 PM 100998   3032489    0.00    0.00    0.00    0.00    0.00    10  postgres
05:31:58 PM 100998   3032493    0.00    0.00    0.00    0.00    0.00    12  postgres
05:31:58 PM 100998   3032494    1.00    1.00    0.00    0.00    2.00    12  postgres
05:31:58 PM 100998   3032495    1.00    0.00    0.00    0.00    1.00    10  postgres
05:31:58 PM 100998   3032496    0.00    0.00    0.00    0.00    0.00    14  postgres
05:31:58 PM 100998   3032497    1.00    1.00    0.00    0.00    2.00    14  postgres
05:31:58 PM 100998   3032499    0.00    1.00    0.00    0.00    1.00    14  postgres
05:31:58 PM 100998   3032502    1.00    0.00    0.00    0.00    1.00    12  postgres
05:31:58 PM 100998   3032518    0.00    0.00    0.00    0.00    0.00    14  postgres
05:31:58 PM 100998   3032520    0.00    1.00    0.00    0.00    1.00    10  postgres
05:31:58 PM 100998   3032521    1.00    0.00    0.00    0.00    1.00    14  postgres
05:31:58 PM 100998   3032523    1.00    0.00    0.00    0.00    1.00    12  postgres
05:31:58 PM 100998   3032525    1.00    0.00    0.00    0.00    1.00    14  postgres
05:31:58 PM 100998   3032530    0.00    1.00    0.00    0.00    1.00    14  postgres
05:31:58 PM 100998   3032539    0.00    0.00    0.00    0.00    0.00    10  postgres
05:31:58 PM 100998   3032560    0.00    0.00    0.00    0.00    0.00    14  postgres
05:31:58 PM 100998   3032564    0.00    0.00    0.00    0.00    0.00    10  postgres
05:31:58 PM 100998   3032571    1.00    1.00    0.00    0.00    2.00    12  postgres
05:31:58 PM 100998   3032592    0.00    0.00    0.00    0.00    0.00    14  postgres
05:31:58 PM 100998   3032648    1.00    1.00    0.00    0.00    2.00    10  postgres
05:31:58 PM 100998   3032701    0.00    0.00    0.00    0.00    0.00    12  postgres
05:31:58 PM 100998   3032755    0.00    0.00    0.00    0.00    0.00    14  postgres
05:31:58 PM 100998   3032796    0.00    0.00    0.00    0.00    0.00    12  postgres
05:31:58 PM 100998   3032798    0.00    0.00    0.00    0.00    0.00    12  postgres
05:31:58 PM 100998   3032799    1.00    0.00    0.00    0.00    1.00    14  postgres
05:31:58 PM 100998   3032800    0.00    0.00    0.00    0.00    0.00    10  postgres
05:31:58 PM 100998   3032801    0.00    1.00    0.00    0.00    1.00    10  postgres
05:31:58 PM 100998   3032802    0.00    0.00    0.00    0.00    0.00    12  postgres
05:31:58 PM 100998   3032803    0.00    0.00    0.00    0.00    0.00    14  postgres
05:31:58 PM 100998   3032804    0.00    1.00    0.00    0.00    1.00    10  postgres
05:31:58 PM 100998   3032807    0.00    0.00    0.00    0.00    0.00    12  postgres
05:31:58 PM 100998   3032809    0.00    0.00    0.00    0.00    0.00    14  postgres
05:31:58 PM 100998   3032811    0.00    0.00    0.00    0.00    0.00    12  postgres
05:31:58 PM 100998   3032813    0.00    0.00    0.00    0.00    0.00    14  postgres
05:31:58 PM 100998   3032818    0.00    0.00    0.00    0.00    0.00    14  postgres
05:31:58 PM 100998   3032847    0.00    0.00    0.00    0.00    0.00    10  postgres
05:31:58 PM 100998   3032851    0.00    0.00    0.00    0.00    0.00    14  postgres
05:31:58 PM 100998   3032871    0.00    0.00    0.00    0.00    0.00    12  postgres
05:31:58 PM 100998   3032922    0.00    0.00    0.00    0.00    0.00    10  postgres
05:31:58 PM 100998   3032972    0.00    0.00    0.00    0.00    0.00    12  postgres
05:31:58 PM 100998   3033023    0.00    0.00    0.00    0.00    0.00    14  postgres
05:31:58 PM 100998   3033066    0.00    0.00    0.00    0.00    0.00    14  postgres
05:31:58 PM 100998   3033081    0.00    0.00    0.00    0.00    0.00    12  postgres
05:31:58 PM 100998   3033082    0.00    0.00    0.00    0.00    0.00    12  postgres
05:31:58 PM 100998   3033083    0.00    0.00    0.00    0.00    0.00    14  postgres
05:31:58 PM 100998   3033084    0.00    0.00    0.00    0.00    0.00    10  postgres
05:31:58 PM 100998   3033085    0.00    0.00    0.00    0.00    0.00    10  postgres
05:31:58 PM 100998   3033086    0.00    0.00    0.00    0.00    0.00    12  postgres
05:31:58 PM 100998   3033087    0.00    0.00    0.00    0.00    0.00    10  postgres
05:31:58 PM 100998   3033090    1.00    1.00    0.00    0.00    2.00    10  postgres

05:31:58 PM   UID       PID    %usr %system  %guest   %wait    %CPU   CPU  Command
05:31:59 PM 100998   3032224    0.00    0.00    0.00    0.00    0.00    10  postgres
05:31:59 PM 100998   3032225    0.00    0.00    0.00    0.00    0.00    12  postgres
05:31:59 PM 100998   3032227    0.00    0.00    0.00    0.00    0.00    10  postgres
05:31:59 PM 100998   3032228    0.00    0.00    0.00    0.00    0.00    12  postgres
05:31:59 PM 100998   3032489    2.00    1.00    0.00    0.00    3.00    12  postgres
05:31:59 PM 100998   3032493    2.00    1.00    0.00    0.00    3.00    10  postgres
05:31:59 PM 100998   3032494    1.00    0.00    0.00    0.00    1.00    12  postgres
05:31:59 PM 100998   3032495    0.00    1.00    0.00    0.00    1.00    14  postgres
05:31:59 PM 100998   3032496    1.00    1.00    0.00    0.00    2.00    12  postgres
05:31:59 PM 100998   3032497    1.00    0.00    0.00    0.00    1.00    10  postgres
05:31:59 PM 100998   3032499    1.00    0.00    0.00    0.00    1.00    10  postgres
05:31:59 PM 100998   3032502    1.00    1.00    0.00    0.00    2.00    10  postgres
05:31:59 PM 100998   3032518    1.00    1.00    0.00    0.00    2.00    14  postgres
05:31:59 PM 100998   3032520    1.00    0.00    0.00    0.00    1.00    12  postgres
05:31:59 PM 100998   3032521    0.00    1.00    0.00    0.00    1.00    14  postgres
05:31:59 PM 100998   3032523    0.00    0.00    0.00    0.00    0.00    12  postgres
05:31:59 PM 100998   3032525    0.00    0.00    0.00    0.00    0.00    14  postgres
05:31:59 PM 100998   3032530    0.00    0.00    0.00    0.00    0.00    12  postgres
05:31:59 PM 100998   3032539    1.00    1.00    0.00    0.00    2.00    12  postgres
05:31:59 PM 100998   3032560    0.00    1.00    0.00    0.00    1.00    12  postgres
05:31:59 PM 100998   3032564    0.00    0.00    0.00    0.00    0.00    12  postgres
05:31:59 PM 100998   3032571    0.00    0.00    0.00    0.00    0.00    12  postgres
05:31:59 PM 100998   3032592    0.00    0.00    0.00    0.00    0.00    14  postgres
05:31:59 PM 100998   3032648    0.00    0.00    0.00    0.00    0.00    12  postgres
05:31:59 PM 100998   3032701    0.00    0.00    0.00    0.00    0.00    14  postgres
05:31:59 PM 100998   3032755    1.00    0.00    0.00    0.00    1.00    14  postgres
05:31:59 PM 100998   3032796    1.00    0.00    0.00    0.00    1.00    10  postgres
05:31:59 PM 100998   3032798    0.00    0.00    0.00    0.00    0.00    10  postgres
05:31:59 PM 100998   3032799    0.00    0.00    0.00    0.00    0.00    14  postgres
05:31:59 PM 100998   3032800    0.00    0.00    0.00    0.00    0.00    12  postgres
05:31:59 PM 100998   3032801    0.00    0.00    0.00    0.00    0.00    10  postgres
05:31:59 PM 100998   3032802    0.00    0.00    0.00    0.00    0.00    14  postgres
05:31:59 PM 100998   3032803    0.00    0.00    0.00    0.00    0.00    12  postgres
05:31:59 PM 100998   3032804    0.00    0.00    0.00    0.00    0.00    14  postgres
05:31:59 PM 100998   3032807    0.00    0.00    0.00    0.00    0.00    14  postgres
05:31:59 PM 100998   3032809    1.00    0.00    0.00    0.00    1.00    12  postgres
05:31:59 PM 100998   3032811    1.00    0.00    0.00    0.00    1.00    14  postgres
05:31:59 PM 100998   3032813    1.00    0.00    0.00    0.00    1.00    14  postgres
05:31:59 PM 100998   3032818    0.00    0.00    0.00    0.00    0.00    12  postgres
05:31:59 PM 100998   3032847    0.00    0.00    0.00    0.00    0.00    10  postgres
05:31:59 PM 100998   3032851    0.00    0.00    0.00    0.00    0.00    14  postgres
05:31:59 PM 100998   3032871    0.00    1.00    0.00    0.00    1.00    14  postgres
05:31:59 PM 100998   3032922    0.00    0.00    0.00    0.00    0.00    12  postgres
05:31:59 PM 100998   3032972    0.00    0.00    0.00    0.00    0.00    12  postgres
05:31:59 PM 100998   3033023    0.00    0.00    0.00    0.00    0.00    14  postgres
05:31:59 PM 100998   3033066    0.00    0.00    0.00    0.00    0.00    14  postgres
05:31:59 PM 100998   3033081    1.00    0.00    0.00    0.00    1.00    12  postgres
05:31:59 PM 100998   3033082    1.00    0.00    0.00    0.00    1.00    14  postgres
05:31:59 PM 100998   3033083    1.00    0.00    0.00    0.00    1.00    10  postgres
05:31:59 PM 100998   3033084    0.00    0.00    0.00    0.00    0.00    10  postgres
05:31:59 PM 100998   3033085    1.00    0.00    0.00    0.00    1.00    10  postgres
05:31:59 PM 100998   3033086    0.00    1.00    0.00    0.00    1.00    12  postgres
05:31:59 PM 100998   3033087    1.00    0.00    0.00    0.00    1.00    14  postgres
05:31:59 PM 100998   3033090    0.00    0.00    0.00    0.00    0.00    10  postgres

05:31:59 PM   UID       PID    %usr %system  %guest   %wait    %CPU   CPU  Command
05:32:00 PM 100998   3032224    0.00    0.00    0.00    0.00    0.00    10  postgres
05:32:00 PM 100998   3032225    0.00    0.00    0.00    0.00    0.00    12  postgres
05:32:00 PM 100998   3032227    0.00    0.00    0.00    0.00    0.00    10  postgres
05:32:00 PM 100998   3032228    0.00    0.00    0.00    0.00    0.00    12  postgres
05:32:00 PM 100998   3032489    0.00    0.00    0.00    0.00    0.00    14  postgres
05:32:00 PM 100998   3032493    1.00    0.00    0.00    0.00    1.00    10  postgres
05:32:00 PM 100998   3032494    1.00    1.00    0.00    0.00    2.00    14  postgres
05:32:00 PM 100998   3032495    1.00    0.00    0.00    0.00    1.00    14  postgres
05:32:00 PM 100998   3032496    0.00    0.00    0.00    0.00    0.00    12  postgres
05:32:00 PM 100998   3032497    0.00    1.00    0.00    0.00    1.00    12  postgres
05:32:00 PM 100998   3032499    1.00    1.00    0.00    0.00    2.00    14  postgres
05:32:00 PM 100998   3032502    0.00    0.00    0.00    0.00    0.00    12  postgres
05:32:00 PM 100998   3032518    0.00    0.00    0.00    0.00    0.00    12  postgres
05:32:00 PM 100998   3032520    1.00    0.00    0.00    0.00    1.00    14  postgres
05:32:00 PM 100998   3032521    1.00    0.00    0.00    0.00    1.00    12  postgres
05:32:00 PM 100998   3032523    0.00    1.00    0.00    0.00    1.00    10  postgres
05:32:00 PM 100998   3032525    0.00    0.00    0.00    0.00    0.00    10  postgres
05:32:00 PM 100998   3032530    0.00    0.00    0.00    0.00    0.00    14  postgres
05:32:00 PM 100998   3032539    0.00    0.00    0.00    0.00    0.00    12  postgres
05:32:00 PM 100998   3032560    1.00    0.00    0.00    0.00    1.00    14  postgres
05:32:00 PM 100998   3032564    1.00    0.00    0.00    0.00    1.00    14  postgres
05:32:00 PM 100998   3032571    1.00    0.00    0.00    0.00    1.00    10  postgres
05:32:00 PM 100998   3032592    1.00    1.00    0.00    0.00    2.00    10  postgres
05:32:00 PM 100998   3032648    0.00    0.00    0.00    0.00    0.00    12  postgres
05:32:00 PM 100998   3032701    0.00    0.00    0.00    0.00    0.00    14  postgres
05:32:00 PM 100998   3032755    0.00    0.00    0.00    0.00    0.00    14  postgres
05:32:00 PM 100998   3032796    0.00    0.00    0.00    0.00    0.00    12  postgres
05:32:00 PM 100998   3032798    0.00    1.00    0.00    0.00    1.00    12  postgres
05:32:00 PM 100998   3032799    0.00    0.00    0.00    0.00    0.00    14  postgres
05:32:00 PM 100998   3032800    0.00    0.00    0.00    0.00    0.00    12  postgres
05:32:00 PM 100998   3032801    1.00    0.00    0.00    0.00    1.00    10  postgres
05:32:00 PM 100998   3032802    1.00    0.00    0.00    0.00    1.00    10  postgres
05:32:00 PM 100998   3032803    0.00    1.00    0.00    0.00    1.00    14  postgres
05:32:00 PM 100998   3032804    0.00    0.00    0.00    0.00    0.00    10  postgres
05:32:00 PM 100998   3032807    0.00    0.00    0.00    0.00    0.00    10  postgres
05:32:00 PM 100998   3032809    0.00    0.00    0.00    0.00    0.00    12  postgres
05:32:00 PM 100998   3032811    0.00    0.00    0.00    0.00    0.00    10  postgres
05:32:00 PM 100998   3032813    0.00    0.00    0.00    0.00    0.00    14  postgres
05:32:00 PM 100998   3032818    0.00    0.00    0.00    0.00    0.00    10  postgres
05:32:00 PM 100998   3032847    1.00    0.00    0.00    0.00    1.00    12  postgres
05:32:00 PM 100998   3032851    0.00    1.00    0.00    0.00    1.00    10  postgres
05:32:00 PM 100998   3032871    0.00    0.00    0.00    0.00    0.00    12  postgres
05:32:00 PM 100998   3032922    0.00    0.00    0.00    0.00    0.00    12  postgres
05:32:00 PM 100998   3032972    0.00    0.00    0.00    0.00    0.00    14  postgres
05:32:00 PM 100998   3033023    0.00    0.00    0.00    0.00    0.00    12  postgres
05:32:00 PM 100998   3033066    1.00    0.00    0.00    0.00    1.00    14  postgres
05:32:00 PM 100998   3033081    0.00    0.00    0.00    0.00    0.00    10  postgres
05:32:00 PM 100998   3033082    0.00    0.00    0.00    0.00    0.00    14  postgres
05:32:00 PM 100998   3033083    0.00    1.00    0.00    0.00    1.00    10  postgres
05:32:00 PM 100998   3033084    0.00    0.00    0.00    0.00    0.00    10  postgres
05:32:00 PM 100998   3033085    0.00    0.00    0.00    0.00    0.00    14  postgres
05:32:00 PM 100998   3033086    0.00    0.00    0.00    0.00    0.00    12  postgres
05:32:00 PM 100998   3033087    0.00    0.00    0.00    0.00    0.00    10  postgres
05:32:00 PM 100998   3033090    0.00    0.00    0.00    0.00    0.00    12  postgres

05:32:00 PM   UID       PID    %usr %system  %guest   %wait    %CPU   CPU  Command
05:32:01 PM 100998   3032224    0.00    0.00    0.00    0.00    0.00    10  postgres
05:32:01 PM 100998   3032225    0.00    0.00    0.00    0.00    0.00    12  postgres
05:32:01 PM 100998   3032227    0.00    0.00    0.00    0.00    0.00    10  postgres
05:32:01 PM 100998   3032228    0.00    0.00    0.00    0.00    0.00    12  postgres
05:32:01 PM 100998   3032489    1.00    0.00    0.00    0.00    1.00    14  postgres
05:32:01 PM 100998   3032493    0.00    1.00    0.00    0.00    1.00    10  postgres
05:32:01 PM 100998   3032494    1.00    0.00    0.00    0.00    1.00    14  postgres
05:32:01 PM 100998   3032495    0.00    0.00    0.00    0.00    0.00    12  postgres
05:32:01 PM 100998   3032496    1.00    0.00    0.00    0.00    1.00    12  postgres
05:32:01 PM 100998   3032497    1.00    0.00    0.00    0.00    1.00    12  postgres
05:32:01 PM 100998   3032499    0.00    0.00    0.00    0.00    0.00    10  postgres
05:32:01 PM 100998   3032502    0.00    0.00    0.00    0.00    0.00    14  postgres
05:32:01 PM 100998   3032518    0.00    0.00    0.00    0.00    0.00    10  postgres
05:32:01 PM 100998   3032520    0.00    0.00    0.00    0.00    0.00    14  postgres
05:32:01 PM 100998   3032521    0.00    0.00    0.00    0.00    0.00    10  postgres
05:32:01 PM 100998   3032523    0.00    0.00    0.00    0.00    0.00    12  postgres
05:32:01 PM 100998   3032525    0.00    0.00    0.00    0.00    0.00    14  postgres
05:32:01 PM 100998   3032530    0.00    0.00    0.00    0.00    0.00    14  postgres
05:32:01 PM 100998   3032539    0.00    0.00    0.00    0.00    0.00    14  postgres
05:32:01 PM 100998   3032560    0.00    0.00    0.00    0.00    0.00    10  postgres
05:32:01 PM 100998   3032564    0.00    0.00    0.00    0.00    0.00    12  postgres
05:32:01 PM 100998   3032571    0.00    0.00    0.00    0.00    0.00    12  postgres
05:32:01 PM 100998   3032592    0.00    0.00    0.00    0.00    0.00    10  postgres
05:32:01 PM 100998   3032648    0.00    0.00    0.00    0.00    0.00    10  postgres
05:32:01 PM 100998   3032701    1.00    0.00    0.00    0.00    1.00    14  postgres
05:32:01 PM 100998   3032755    0.00    0.00    0.00    0.00    0.00    14  postgres
05:32:01 PM 100998   3032796    0.00    0.00    0.00    0.00    0.00    12  postgres
05:32:01 PM 100998   3032798    0.00    0.00    0.00    0.00    0.00    12  postgres
05:32:01 PM 100998   3032799    1.00    0.00    0.00    0.00    1.00    14  postgres
05:32:01 PM 100998   3032800    1.00    0.00    0.00    0.00    1.00    10  postgres
05:32:01 PM 100998   3032801    0.00    0.00    0.00    0.00    0.00    12  postgres
05:32:01 PM 100998   3032802    0.00    0.00    0.00    0.00    0.00    10  postgres
05:32:01 PM 100998   3032803    0.00    0.00    0.00    0.00    0.00    10  postgres
05:32:01 PM 100998   3032804    0.00    0.00    0.00    0.00    0.00    10  postgres
05:32:01 PM 100998   3032807    0.00    0.00    0.00    0.00    0.00    10  postgres
05:32:01 PM 100998   3032809    0.00    0.00    0.00    0.00    0.00    12  postgres
05:32:01 PM 100998   3032811    0.00    0.00    0.00    0.00    0.00    12  postgres
05:32:01 PM 100998   3032813    0.00    0.00    0.00    0.00    0.00    12  postgres
05:32:01 PM 100998   3032818    0.00    0.00    0.00    0.00    0.00    10  postgres
05:32:01 PM 100998   3032847    0.00    0.00    0.00    0.00    0.00    10  postgres
05:32:01 PM 100998   3032851    0.00    0.00    0.00    0.00    0.00    12  postgres
05:32:01 PM 100998   3032871    0.00    0.00    0.00    0.00    0.00    12  postgres
05:32:01 PM 100998   3032922    0.00    0.00    0.00    0.00    0.00    12  postgres
05:32:01 PM 100998   3032972    0.00    0.00    0.00    0.00    0.00    14  postgres
05:32:01 PM 100998   3033023    0.00    0.00    0.00    0.00    0.00    12  postgres
05:32:01 PM 100998   3033066    0.00    0.00    0.00    0.00    0.00    14  postgres
05:32:01 PM 100998   3033081    0.00    0.00    0.00    0.00    0.00    14  postgres
05:32:01 PM 100998   3033082    0.00    0.00    0.00    0.00    0.00    14  postgres
05:32:01 PM 100998   3033083    0.00    0.00    0.00    0.00    0.00    12  postgres
05:32:01 PM 100998   3033084    0.00    0.00    0.00    0.00    0.00    14  postgres
05:32:01 PM 100998   3033085    0.00    0.00    0.00    0.00    0.00    14  postgres
05:32:01 PM 100998   3033086    0.00    0.00    0.00    0.00    0.00    10  postgres
05:32:01 PM 100998   3033087    0.00    0.00    0.00    0.00    0.00    10  postgres
05:32:01 PM 100998   3033090    0.00    0.00    0.00    0.00    0.00    12  postgres

05:32:01 PM   UID       PID    %usr %system  %guest   %wait    %CPU   CPU  Command
05:32:02 PM 100998   3032224    0.00    0.00    0.00    0.00    0.00    10  postgres
05:32:02 PM 100998   3032225    0.00    0.00    0.00    0.00    0.00    12  postgres
05:32:02 PM 100998   3032227    0.00    0.00    0.00    0.00    0.00    10  postgres
05:32:02 PM 100998   3032228    0.00    0.00    0.00    0.00    0.00    12  postgres
05:32:02 PM 100998   3032489    0.00    0.00    0.00    0.00    0.00    14  postgres
05:32:02 PM 100998   3032493    0.00    0.00    0.00    0.00    0.00    10  postgres
05:32:02 PM 100998   3032494    0.00    0.00    0.00    0.00    0.00    14  postgres
05:32:02 PM 100998   3032495    0.00    0.00    0.00    0.00    0.00    12  postgres
05:32:02 PM 100998   3032496    0.00    0.00    0.00    0.00    0.00    12  postgres
05:32:02 PM 100998   3032497    0.00    0.00    0.00    0.00    0.00    12  postgres
05:32:02 PM 100998   3032499    0.00    0.00    0.00    0.00    0.00    10  postgres
05:32:02 PM 100998   3032502    0.00    0.00    0.00    0.00    0.00    14  postgres
05:32:02 PM 100998   3032518    0.00    0.00    0.00    0.00    0.00    10  postgres
05:32:02 PM 100998   3032520    0.00    0.00    0.00    0.00    0.00    14  postgres
05:32:02 PM 100998   3032521    0.00    0.00    0.00    0.00    0.00    10  postgres
05:32:02 PM 100998   3032523    0.00    0.00    0.00    0.00    0.00    12  postgres
05:32:02 PM 100998   3032525    0.00    0.00    0.00    0.00    0.00    14  postgres
05:32:02 PM 100998   3032530    0.00    0.00    0.00    0.00    0.00    14  postgres
05:32:02 PM 100998   3032539    0.00    0.00    0.00    0.00    0.00    14  postgres
05:32:02 PM 100998   3032560    0.00    0.00    0.00    0.00    0.00    10  postgres
05:32:02 PM 100998   3032564    0.00    0.00    0.00    0.00    0.00    12  postgres
05:32:02 PM 100998   3032571    0.00    0.00    0.00    0.00    0.00    12  postgres
05:32:02 PM 100998   3032592    0.00    0.00    0.00    0.00    0.00    10  postgres
05:32:02 PM 100998   3032648    0.00    0.00    0.00    0.00    0.00    10  postgres
05:32:02 PM 100998   3032701    0.00    0.00    0.00    0.00    0.00    14  postgres
05:32:02 PM 100998   3032755    0.00    0.00    0.00    0.00    0.00    14  postgres
05:32:02 PM 100998   3032796    0.00    0.00    0.00    0.00    0.00    12  postgres
05:32:02 PM 100998   3032798    0.00    0.00    0.00    0.00    0.00    12  postgres
05:32:02 PM 100998   3032799    0.00    0.00    0.00    0.00    0.00    14  postgres
05:32:02 PM 100998   3032800    0.00    0.00    0.00    0.00    0.00    10  postgres
05:32:02 PM 100998   3032801    0.00    0.00    0.00    0.00    0.00    12  postgres
05:32:02 PM 100998   3032802    0.00    0.00    0.00    0.00    0.00    10  postgres
05:32:02 PM 100998   3032803    0.00    0.00    0.00    0.00    0.00    10  postgres
05:32:02 PM 100998   3032804    0.00    0.00    0.00    0.00    0.00    10  postgres
05:32:02 PM 100998   3032807    0.00    0.00    0.00    0.00    0.00    10  postgres
05:32:02 PM 100998   3032809    0.00    0.00    0.00    0.00    0.00    12  postgres
05:32:02 PM 100998   3032811    0.00    0.00    0.00    0.00    0.00    12  postgres
05:32:02 PM 100998   3032813    0.00    0.00    0.00    0.00    0.00    12  postgres
05:32:02 PM 100998   3032818    0.00    0.00    0.00    0.00    0.00    10  postgres
05:32:02 PM 100998   3032847    0.00    0.00    0.00    0.00    0.00    10  postgres
05:32:02 PM 100998   3032851    0.00    0.00    0.00    0.00    0.00    12  postgres
05:32:02 PM 100998   3032871    0.00    0.00    0.00    0.00    0.00    12  postgres
05:32:02 PM 100998   3032922    0.00    0.00    0.00    0.00    0.00    12  postgres
05:32:02 PM 100998   3032972    0.00    0.00    0.00    0.00    0.00    14  postgres
05:32:02 PM 100998   3033023    0.00    0.00    0.00    0.00    0.00    12  postgres
05:32:02 PM 100998   3033066    0.00    0.00    0.00    0.00    0.00    14  postgres
05:32:02 PM 100998   3033081    0.00    0.00    0.00    0.00    0.00    14  postgres
05:32:02 PM 100998   3033082    0.00    0.00    0.00    0.00    0.00    14  postgres
05:32:02 PM 100998   3033083    0.00    0.00    0.00    0.00    0.00    12  postgres
05:32:02 PM 100998   3033084    0.00    0.00    0.00    0.00    0.00    14  postgres
05:32:02 PM 100998   3033085    0.00    0.00    0.00    0.00    0.00    14  postgres
05:32:02 PM 100998   3033086    0.00    0.00    0.00    0.00    0.00    10  postgres
05:32:02 PM 100998   3033087    0.00    0.00    0.00    0.00    0.00    10  postgres
05:32:02 PM 100998   3033090    0.00    0.00    0.00    0.00    0.00    12  postgres

05:32:02 PM   UID       PID    %usr %system  %guest   %wait    %CPU   CPU  Command
05:32:03 PM 100998   3032224    0.00    0.00    0.00    0.00    0.00    10  postgres
05:32:03 PM 100998   3032225    0.00    0.00    0.00    0.00    0.00    12  postgres
05:32:03 PM 100998   3032227    0.00    0.00    0.00    0.00    0.00    10  postgres
05:32:03 PM 100998   3032228    0.00    0.00    0.00    0.00    0.00    12  postgres
05:32:03 PM 100998   3032489    0.00    0.00    0.00    0.00    0.00    14  postgres
05:32:03 PM 100998   3032493    0.00    0.00    0.00    0.00    0.00    10  postgres
05:32:03 PM 100998   3032494    0.00    0.00    0.00    0.00    0.00    14  postgres
05:32:03 PM 100998   3032495    0.00    0.00    0.00    0.00    0.00    12  postgres
05:32:03 PM 100998   3032496    0.00    0.00    0.00    0.00    0.00    12  postgres
05:32:03 PM 100998   3032497    0.00    0.00    0.00    0.00    0.00    12  postgres
05:32:03 PM 100998   3032499    0.00    0.00    0.00    0.00    0.00    10  postgres
05:32:03 PM 100998   3032502    0.00    0.00    0.00    0.00    0.00    14  postgres
05:32:03 PM 100998   3032518    0.00    0.00    0.00    0.00    0.00    10  postgres
05:32:03 PM 100998   3032520    0.00    0.00    0.00    0.00    0.00    14  postgres
05:32:03 PM 100998   3032521    0.00    0.00    0.00    0.00    0.00    10  postgres
05:32:03 PM 100998   3032523    0.00    0.00    0.00    0.00    0.00    12  postgres
05:32:03 PM 100998   3032525    0.00    0.00    0.00    0.00    0.00    14  postgres
05:32:03 PM 100998   3032530    0.00    0.00    0.00    0.00    0.00    14  postgres
05:32:03 PM 100998   3032539    0.00    0.00    0.00    0.00    0.00    14  postgres
05:32:03 PM 100998   3032560    0.00    0.00    0.00    0.00    0.00    10  postgres
05:32:03 PM 100998   3032564    0.00    0.00    0.00    0.00    0.00    12  postgres
05:32:03 PM 100998   3032571    0.00    0.00    0.00    0.00    0.00    12  postgres
05:32:03 PM 100998   3032592    0.00    0.00    0.00    0.00    0.00    10  postgres
05:32:03 PM 100998   3032648    0.00    0.00    0.00    0.00    0.00    10  postgres
05:32:03 PM 100998   3032701    0.00    0.00    0.00    0.00    0.00    14  postgres
05:32:03 PM 100998   3032755    0.00    0.00    0.00    0.00    0.00    14  postgres
05:32:03 PM 100998   3032796    0.00    0.00    0.00    0.00    0.00    12  postgres
05:32:03 PM 100998   3032798    0.00    0.00    0.00    0.00    0.00    12  postgres
05:32:03 PM 100998   3032799    0.00    0.00    0.00    0.00    0.00    14  postgres
05:32:03 PM 100998   3032800    0.00    0.00    0.00    0.00    0.00    10  postgres
05:32:03 PM 100998   3032801    0.00    0.00    0.00    0.00    0.00    12  postgres
05:32:03 PM 100998   3032802    0.00    0.00    0.00    0.00    0.00    10  postgres
05:32:03 PM 100998   3032803    0.00    0.00    0.00    0.00    0.00    10  postgres
05:32:03 PM 100998   3032804    0.00    0.00    0.00    0.00    0.00    10  postgres
05:32:03 PM 100998   3032807    0.00    0.00    0.00    0.00    0.00    10  postgres
05:32:03 PM 100998   3032809    0.00    0.00    0.00    0.00    0.00    12  postgres
05:32:03 PM 100998   3032811    0.00    0.00    0.00    0.00    0.00    12  postgres
05:32:03 PM 100998   3032813    0.00    0.00    0.00    0.00    0.00    12  postgres
05:32:03 PM 100998   3032818    0.00    0.00    0.00    0.00    0.00    10  postgres
05:32:03 PM 100998   3032847    0.00    0.00    0.00    0.00    0.00    10  postgres
05:32:03 PM 100998   3032851    0.00    0.00    0.00    0.00    0.00    12  postgres
05:32:03 PM 100998   3032871    0.00    0.00    0.00    0.00    0.00    12  postgres
05:32:03 PM 100998   3032922    0.00    0.00    0.00    0.00    0.00    12  postgres
05:32:03 PM 100998   3032972    0.00    0.00    0.00    0.00    0.00    14  postgres
05:32:03 PM 100998   3033023    0.00    0.00    0.00    0.00    0.00    12  postgres
05:32:03 PM 100998   3033066    0.00    0.00    0.00    0.00    0.00    14  postgres
05:32:03 PM 100998   3033081    0.00    0.00    0.00    0.00    0.00    14  postgres
05:32:03 PM 100998   3033082    0.00    0.00    0.00    0.00    0.00    14  postgres
05:32:03 PM 100998   3033083    0.00    0.00    0.00    0.00    0.00    12  postgres
05:32:03 PM 100998   3033084    0.00    0.00    0.00    0.00    0.00    14  postgres
05:32:03 PM 100998   3033085    0.00    0.00    0.00    0.00    0.00    14  postgres
05:32:03 PM 100998   3033086    0.00    0.00    0.00    0.00    0.00    10  postgres
05:32:03 PM 100998   3033087    0.00    0.00    0.00    0.00    0.00    10  postgres
05:32:03 PM 100998   3033090    0.00    0.00    0.00    0.00    0.00    12  postgres

05:32:03 PM   UID       PID    %usr %system  %guest   %wait    %CPU   CPU  Command
05:32:04 PM 100998   3032224    0.00    0.00    0.00    0.00    0.00    10  postgres
05:32:04 PM 100998   3032225    0.00    0.00    0.00    0.00    0.00    12  postgres
05:32:04 PM 100998   3032227    0.00    0.00    0.00    0.00    0.00    10  postgres
05:32:04 PM 100998   3032228    0.00    0.00    0.00    0.00    0.00    12  postgres
05:32:04 PM 100998   3032489    0.00    0.00    0.00    0.00    0.00    14  postgres
05:32:04 PM 100998   3032493    0.00    0.00    0.00    0.00    0.00    10  postgres
05:32:04 PM 100998   3032494    0.00    0.00    0.00    0.00    0.00    14  postgres
05:32:04 PM 100998   3032495    0.00    0.00    0.00    0.00    0.00    12  postgres
05:32:04 PM 100998   3032496    0.00    0.00    0.00    0.00    0.00    12  postgres
05:32:04 PM 100998   3032497    0.00    0.00    0.00    0.00    0.00    12  postgres
05:32:04 PM 100998   3032499    0.00    0.00    0.00    0.00    0.00    10  postgres
05:32:04 PM 100998   3032502    0.00    0.00    0.00    0.00    0.00    14  postgres
05:32:04 PM 100998   3032518    0.00    0.00    0.00    0.00    0.00    10  postgres
05:32:04 PM 100998   3032520    0.00    0.00    0.00    0.00    0.00    14  postgres
05:32:04 PM 100998   3032521    0.00    0.00    0.00    0.00    0.00    10  postgres
05:32:04 PM 100998   3032523    0.00    0.00    0.00    0.00    0.00    12  postgres
05:32:04 PM 100998   3032525    0.00    0.00    0.00    0.00    0.00    14  postgres
05:32:04 PM 100998   3032530    0.00    0.00    0.00    0.00    0.00    14  postgres
05:32:04 PM 100998   3032539    0.00    0.00    0.00    0.00    0.00    14  postgres
05:32:04 PM 100998   3032560    0.00    0.00    0.00    0.00    0.00    10  postgres
05:32:04 PM 100998   3032564    0.00    0.00    0.00    0.00    0.00    12  postgres
05:32:04 PM 100998   3032571    0.00    0.00    0.00    0.00    0.00    12  postgres
05:32:04 PM 100998   3032592    0.00    0.00    0.00    0.00    0.00    10  postgres
05:32:04 PM 100998   3032648    0.00    0.00    0.00    0.00    0.00    10  postgres
05:32:04 PM 100998   3032701    0.00    0.00    0.00    0.00    0.00    14  postgres
05:32:04 PM 100998   3032755    0.00    0.00    0.00    0.00    0.00    14  postgres
05:32:04 PM 100998   3032796    0.00    0.00    0.00    0.00    0.00    12  postgres
05:32:04 PM 100998   3032798    0.00    0.00    0.00    0.00    0.00    12  postgres
05:32:04 PM 100998   3032799    0.00    0.00    0.00    0.00    0.00    14  postgres
05:32:04 PM 100998   3032800    0.00    0.00    0.00    0.00    0.00    10  postgres
05:32:04 PM 100998   3032801    0.00    0.00    0.00    0.00    0.00    12  postgres
05:32:04 PM 100998   3032802    0.00    0.00    0.00    0.00    0.00    10  postgres
05:32:04 PM 100998   3032803    0.00    0.00    0.00    0.00    0.00    10  postgres
05:32:04 PM 100998   3032804    0.00    0.00    0.00    0.00    0.00    10  postgres
05:32:04 PM 100998   3032807    0.00    0.00    0.00    0.00    0.00    10  postgres
05:32:04 PM 100998   3032809    0.00    0.00    0.00    0.00    0.00    12  postgres
05:32:04 PM 100998   3032811    0.00    0.00    0.00    0.00    0.00    12  postgres
05:32:04 PM 100998   3032813    0.00    0.00    0.00    0.00    0.00    12  postgres
05:32:04 PM 100998   3032818    0.00    0.00    0.00    0.00    0.00    10  postgres
05:32:04 PM 100998   3032847    0.00    0.00    0.00    0.00    0.00    10  postgres
05:32:04 PM 100998   3032851    0.00    0.00    0.00    0.00    0.00    12  postgres
05:32:04 PM 100998   3032871    0.00    0.00    0.00    0.00    0.00    12  postgres
05:32:04 PM 100998   3032922    0.00    0.00    0.00    0.00    0.00    12  postgres
05:32:04 PM 100998   3032972    0.00    0.00    0.00    0.00    0.00    14  postgres
05:32:04 PM 100998   3033023    0.00    0.00    0.00    0.00    0.00    12  postgres
05:32:04 PM 100998   3033066    0.00    0.00    0.00    0.00    0.00    14  postgres
05:32:04 PM 100998   3033081    0.00    0.00    0.00    0.00    0.00    14  postgres
05:32:04 PM 100998   3033082    0.00    0.00    0.00    0.00    0.00    14  postgres
05:32:04 PM 100998   3033083    0.00    0.00    0.00    0.00    0.00    12  postgres
05:32:04 PM 100998   3033084    0.00    0.00    0.00    0.00    0.00    14  postgres
05:32:04 PM 100998   3033085    0.00    0.00    0.00    0.00    0.00    14  postgres
05:32:04 PM 100998   3033086    0.00    0.00    0.00    0.00    0.00    10  postgres
05:32:04 PM 100998   3033087    0.00    0.00    0.00    0.00    0.00    10  postgres
05:32:04 PM 100998   3033090    0.00    0.00    0.00    0.00    0.00    12  postgres

05:32:04 PM   UID       PID    %usr %system  %guest   %wait    %CPU   CPU  Command
05:32:05 PM 100998   3032224    0.00    0.00    0.00    0.00    0.00    10  postgres
05:32:05 PM 100998   3032225    0.00    0.00    0.00    0.00    0.00    12  postgres
05:32:05 PM 100998   3032227    0.00    0.00    0.00    0.00    0.00    10  postgres
05:32:05 PM 100998   3032228    0.00    0.00    0.00    0.00    0.00    12  postgres
05:32:05 PM 100998   3032489    0.00    0.00    0.00    0.00    0.00    14  postgres
05:32:05 PM 100998   3032493    0.00    0.00    0.00    0.00    0.00    10  postgres
05:32:05 PM 100998   3032494    0.00    0.00    0.00    0.00    0.00    14  postgres
05:32:05 PM 100998   3032495    0.00    0.00    0.00    0.00    0.00    12  postgres
05:32:05 PM 100998   3032496    0.00    0.00    0.00    0.00    0.00    12  postgres
05:32:05 PM 100998   3032497    0.00    0.00    0.00    0.00    0.00    12  postgres
05:32:05 PM 100998   3032499    0.00    0.00    0.00    0.00    0.00    10  postgres
05:32:05 PM 100998   3032502    0.00    0.00    0.00    0.00    0.00    14  postgres
05:32:05 PM 100998   3032518    0.00    0.00    0.00    0.00    0.00    10  postgres
05:32:05 PM 100998   3032520    0.00    0.00    0.00    0.00    0.00    14  postgres
05:32:05 PM 100998   3032521    0.00    0.00    0.00    0.00    0.00    10  postgres
05:32:05 PM 100998   3032523    0.00    0.00    0.00    0.00    0.00    12  postgres
05:32:05 PM 100998   3032525    0.00    0.00    0.00    0.00    0.00    14  postgres
05:32:05 PM 100998   3032530    0.00    0.00    0.00    0.00    0.00    14  postgres
05:32:05 PM 100998   3032539    0.00    0.00    0.00    0.00    0.00    14  postgres
05:32:05 PM 100998   3032560    0.00    0.00    0.00    0.00    0.00    10  postgres
05:32:05 PM 100998   3032564    0.00    0.00    0.00    0.00    0.00    12  postgres
05:32:05 PM 100998   3032571    0.00    0.00    0.00    0.00    0.00    12  postgres
05:32:05 PM 100998   3032592    0.00    0.00    0.00    0.00    0.00    10  postgres
05:32:05 PM 100998   3032648    0.00    0.00    0.00    0.00    0.00    10  postgres
05:32:05 PM 100998   3032701    0.00    0.00    0.00    0.00    0.00    14  postgres
05:32:05 PM 100998   3032755    0.00    0.00    0.00    0.00    0.00    14  postgres
05:32:05 PM 100998   3032796    0.00    0.00    0.00    0.00    0.00    12  postgres
05:32:05 PM 100998   3032798    0.00    0.00    0.00    0.00    0.00    12  postgres
05:32:05 PM 100998   3032799    0.00    0.00    0.00    0.00    0.00    14  postgres
05:32:05 PM 100998   3032800    0.00    0.00    0.00    0.00    0.00    10  postgres
05:32:05 PM 100998   3032801    0.00    0.00    0.00    0.00    0.00    12  postgres
05:32:05 PM 100998   3032802    0.00    0.00    0.00    0.00    0.00    10  postgres
05:32:05 PM 100998   3032803    0.00    0.00    0.00    0.00    0.00    10  postgres
05:32:05 PM 100998   3032804    0.00    0.00    0.00    0.00    0.00    10  postgres
05:32:05 PM 100998   3032807    0.00    0.00    0.00    0.00    0.00    10  postgres
05:32:05 PM 100998   3032809    0.00    0.00    0.00    0.00    0.00    12  postgres
05:32:05 PM 100998   3032811    0.00    0.00    0.00    0.00    0.00    12  postgres
05:32:05 PM 100998   3032813    0.00    0.00    0.00    0.00    0.00    12  postgres
05:32:05 PM 100998   3032818    0.00    0.00    0.00    0.00    0.00    10  postgres
05:32:05 PM 100998   3032847    0.00    0.00    0.00    0.00    0.00    10  postgres
05:32:05 PM 100998   3032851    0.00    0.00    0.00    0.00    0.00    12  postgres
05:32:05 PM 100998   3032871    0.00    0.00    0.00    0.00    0.00    12  postgres
05:32:05 PM 100998   3032922    0.00    0.00    0.00    0.00    0.00    12  postgres
05:32:05 PM 100998   3032972    0.00    0.00    0.00    0.00    0.00    14  postgres
05:32:05 PM 100998   3033023    0.00    0.00    0.00    0.00    0.00    12  postgres
05:32:05 PM 100998   3033066    0.00    0.00    0.00    0.00    0.00    14  postgres
05:32:05 PM 100998   3033081    0.00    0.00    0.00    0.00    0.00    14  postgres
05:32:05 PM 100998   3033082    0.00    0.00    0.00    0.00    0.00    14  postgres
05:32:05 PM 100998   3033083    0.00    0.00    0.00    0.00    0.00    12  postgres
05:32:05 PM 100998   3033084    0.00    0.00    0.00    0.00    0.00    14  postgres
05:32:05 PM 100998   3033085    0.00    0.00    0.00    0.00    0.00    14  postgres
05:32:05 PM 100998   3033086    0.00    0.00    0.00    0.00    0.00    10  postgres
05:32:05 PM 100998   3033087    0.00    0.00    0.00    0.00    0.00    10  postgres
05:32:05 PM 100998   3033090    0.00    0.00    0.00    0.00    0.00    12  postgres

05:32:05 PM   UID       PID    %usr %system  %guest   %wait    %CPU   CPU  Command
05:32:06 PM 100998   3032224    0.00    0.00    0.00    0.00    0.00    10  postgres
05:32:06 PM 100998   3032225    0.00    0.00    0.00    0.00    0.00    12  postgres
05:32:06 PM 100998   3032227    0.00    0.00    0.00    0.00    0.00    10  postgres
05:32:06 PM 100998   3032228    0.00    0.00    0.00    0.00    0.00    12  postgres
05:32:06 PM 100998   3032489    0.00    0.00    0.00    0.00    0.00    14  postgres
05:32:06 PM 100998   3032493    0.00    0.00    0.00    0.00    0.00    10  postgres
05:32:06 PM 100998   3032494    0.00    0.00    0.00    0.00    0.00    14  postgres
05:32:06 PM 100998   3032495    0.00    0.00    0.00    0.00    0.00    12  postgres
05:32:06 PM 100998   3032496    0.00    0.00    0.00    0.00    0.00    12  postgres
05:32:06 PM 100998   3032497    0.00    0.00    0.00    0.00    0.00    12  postgres
05:32:06 PM 100998   3032499    0.00    0.00    0.00    0.00    0.00    10  postgres
05:32:06 PM 100998   3032502    0.00    0.00    0.00    0.00    0.00    14  postgres
05:32:06 PM 100998   3032518    0.00    0.00    0.00    0.00    0.00    10  postgres
05:32:06 PM 100998   3032520    0.00    0.00    0.00    0.00    0.00    14  postgres
05:32:06 PM 100998   3032521    0.00    0.00    0.00    0.00    0.00    10  postgres
05:32:06 PM 100998   3032523    0.00    0.00    0.00    0.00    0.00    12  postgres
05:32:06 PM 100998   3032525    0.00    0.00    0.00    0.00    0.00    14  postgres
05:32:06 PM 100998   3032530    0.00    0.00    0.00    0.00    0.00    14  postgres
05:32:06 PM 100998   3032539    0.00    0.00    0.00    0.00    0.00    14  postgres
05:32:06 PM 100998   3032560    0.00    0.00    0.00    0.00    0.00    10  postgres
05:32:06 PM 100998   3032564    0.00    0.00    0.00    0.00    0.00    12  postgres
05:32:06 PM 100998   3032571    0.00    0.00    0.00    0.00    0.00    12  postgres
05:32:06 PM 100998   3032592    0.00    0.00    0.00    0.00    0.00    10  postgres
05:32:06 PM 100998   3032648    0.00    0.00    0.00    0.00    0.00    10  postgres
05:32:06 PM 100998   3032701    0.00    0.00    0.00    0.00    0.00    14  postgres
05:32:06 PM 100998   3032755    0.00    0.00    0.00    0.00    0.00    14  postgres
05:32:06 PM 100998   3032796    0.00    0.00    0.00    0.00    0.00    12  postgres
05:32:06 PM 100998   3032798    0.00    0.00    0.00    0.00    0.00    12  postgres
05:32:06 PM 100998   3032799    0.00    0.00    0.00    0.00    0.00    14  postgres
05:32:06 PM 100998   3032800    0.00    0.00    0.00    0.00    0.00    10  postgres
05:32:06 PM 100998   3032801    0.00    0.00    0.00    0.00    0.00    12  postgres
05:32:06 PM 100998   3032802    0.00    0.00    0.00    0.00    0.00    10  postgres
05:32:06 PM 100998   3032803    0.00    0.00    0.00    0.00    0.00    10  postgres
05:32:06 PM 100998   3032804    0.00    0.00    0.00    0.00    0.00    10  postgres
05:32:06 PM 100998   3032807    0.00    0.00    0.00    0.00    0.00    10  postgres
05:32:06 PM 100998   3032809    0.00    0.00    0.00    0.00    0.00    12  postgres
05:32:06 PM 100998   3032811    0.00    0.00    0.00    0.00    0.00    12  postgres
05:32:06 PM 100998   3032813    0.00    0.00    0.00    0.00    0.00    12  postgres
05:32:06 PM 100998   3032818    0.00    0.00    0.00    0.00    0.00    10  postgres
05:32:06 PM 100998   3032847    0.00    0.00    0.00    0.00    0.00    10  postgres
05:32:06 PM 100998   3032851    0.00    0.00    0.00    0.00    0.00    12  postgres
05:32:06 PM 100998   3032871    0.00    0.00    0.00    0.00    0.00    12  postgres
05:32:06 PM 100998   3032922    0.00    0.00    0.00    0.00    0.00    12  postgres
05:32:06 PM 100998   3032972    0.00    0.00    0.00    0.00    0.00    14  postgres
05:32:06 PM 100998   3033023    0.00    0.00    0.00    0.00    0.00    12  postgres
05:32:06 PM 100998   3033066    0.00    0.00    0.00    0.00    0.00    14  postgres
05:32:06 PM 100998   3033081    0.00    0.00    0.00    0.00    0.00    14  postgres
05:32:06 PM 100998   3033082    0.00    0.00    0.00    0.00    0.00    14  postgres
05:32:06 PM 100998   3033083    0.00    0.00    0.00    0.00    0.00    12  postgres
05:32:06 PM 100998   3033084    0.00    0.00    0.00    0.00    0.00    14  postgres
05:32:06 PM 100998   3033085    0.00    0.00    0.00    0.00    0.00    14  postgres
05:32:06 PM 100998   3033086    0.00    0.00    0.00    0.00    0.00    10  postgres
05:32:06 PM 100998   3033087    0.00    0.00    0.00    0.00    0.00    10  postgres
05:32:06 PM 100998   3033090    0.00    0.00    0.00    0.00    0.00    12  postgres

05:32:06 PM   UID       PID    %usr %system  %guest   %wait    %CPU   CPU  Command
05:32:07 PM 100998   3032224    0.00    0.00    0.00    0.00    0.00    10  postgres
05:32:07 PM 100998   3032225    0.00    0.00    0.00    0.00    0.00    12  postgres
05:32:07 PM 100998   3032227    0.00    0.00    0.00    0.00    0.00    10  postgres
05:32:07 PM 100998   3032228    0.00    0.00    0.00    0.00    0.00    12  postgres
05:32:07 PM 100998   3032489    0.00    0.00    0.00    0.00    0.00    14  postgres
05:32:07 PM 100998   3032493    0.00    0.00    0.00    0.00    0.00    10  postgres
05:32:07 PM 100998   3032494    0.00    0.00    0.00    0.00    0.00    14  postgres
05:32:07 PM 100998   3032495    0.00    0.00    0.00    0.00    0.00    12  postgres
05:32:07 PM 100998   3032496    0.00    0.00    0.00    0.00    0.00    12  postgres
05:32:07 PM 100998   3032497    0.00    0.00    0.00    0.00    0.00    12  postgres
05:32:07 PM 100998   3032499    0.00    0.00    0.00    0.00    0.00    10  postgres
05:32:07 PM 100998   3032502    0.00    0.00    0.00    0.00    0.00    14  postgres
05:32:07 PM 100998   3032518    0.00    0.00    0.00    0.00    0.00    10  postgres
05:32:07 PM 100998   3032520    0.00    0.00    0.00    0.00    0.00    14  postgres
05:32:07 PM 100998   3032521    0.00    0.00    0.00    0.00    0.00    10  postgres
05:32:07 PM 100998   3032523    0.00    0.00    0.00    0.00    0.00    12  postgres
05:32:07 PM 100998   3032525    0.00    0.00    0.00    0.00    0.00    14  postgres
05:32:07 PM 100998   3032530    0.00    0.00    0.00    0.00    0.00    14  postgres
05:32:07 PM 100998   3032539    0.00    0.00    0.00    0.00    0.00    14  postgres
05:32:07 PM 100998   3032560    0.00    0.00    0.00    0.00    0.00    10  postgres
05:32:07 PM 100998   3032564    0.00    0.00    0.00    0.00    0.00    12  postgres
05:32:07 PM 100998   3032571    0.00    0.00    0.00    0.00    0.00    12  postgres
05:32:07 PM 100998   3032592    0.00    0.00    0.00    0.00    0.00    10  postgres
05:32:07 PM 100998   3032648    0.00    0.00    0.00    0.00    0.00    10  postgres
05:32:07 PM 100998   3032701    0.00    0.00    0.00    0.00    0.00    14  postgres
05:32:07 PM 100998   3032755    0.00    0.00    0.00    0.00    0.00    14  postgres
05:32:07 PM 100998   3032796    0.00    0.00    0.00    0.00    0.00    12  postgres
05:32:07 PM 100998   3032798    0.00    0.00    0.00    0.00    0.00    12  postgres
05:32:07 PM 100998   3032799    0.00    0.00    0.00    0.00    0.00    14  postgres
05:32:07 PM 100998   3032800    0.00    0.00    0.00    0.00    0.00    10  postgres
05:32:07 PM 100998   3032801    0.00    0.00    0.00    0.00    0.00    12  postgres
05:32:07 PM 100998   3032802    0.00    0.00    0.00    0.00    0.00    10  postgres
05:32:07 PM 100998   3032803    0.00    0.00    0.00    0.00    0.00    10  postgres
05:32:07 PM 100998   3032804    0.00    0.00    0.00    0.00    0.00    10  postgres
05:32:07 PM 100998   3032807    0.00    0.00    0.00    0.00    0.00    10  postgres
05:32:07 PM 100998   3032809    0.00    0.00    0.00    0.00    0.00    12  postgres
05:32:07 PM 100998   3032811    0.00    0.00    0.00    0.00    0.00    12  postgres
05:32:07 PM 100998   3032813    0.00    0.00    0.00    0.00    0.00    12  postgres
05:32:07 PM 100998   3032818    0.00    0.00    0.00    0.00    0.00    10  postgres
05:32:07 PM 100998   3032847    0.00    0.00    0.00    0.00    0.00    10  postgres
05:32:07 PM 100998   3032851    0.00    0.00    0.00    0.00    0.00    12  postgres
05:32:07 PM 100998   3032871    0.00    0.00    0.00    0.00    0.00    12  postgres
05:32:07 PM 100998   3032922    0.00    0.00    0.00    0.00    0.00    12  postgres
05:32:07 PM 100998   3032972    0.00    0.00    0.00    0.00    0.00    14  postgres
05:32:07 PM 100998   3033023    0.00    0.00    0.00    0.00    0.00    12  postgres
05:32:07 PM 100998   3033066    0.00    0.00    0.00    0.00    0.00    14  postgres
05:32:07 PM 100998   3033081    0.00    0.00    0.00    0.00    0.00    14  postgres
05:32:07 PM 100998   3033082    0.00    0.00    0.00    0.00    0.00    14  postgres
05:32:07 PM 100998   3033083    0.00    0.00    0.00    0.00    0.00    12  postgres
05:32:07 PM 100998   3033084    0.00    0.00    0.00    0.00    0.00    14  postgres
05:32:07 PM 100998   3033085    0.00    0.00    0.00    0.00    0.00    14  postgres
05:32:07 PM 100998   3033086    0.00    0.00    0.00    0.00    0.00    10  postgres
05:32:07 PM 100998   3033087    0.00    0.00    0.00    0.00    0.00    10  postgres
05:32:07 PM 100998   3033090    0.00    0.00    0.00    0.00    0.00    12  postgres

05:32:07 PM   UID       PID    %usr %system  %guest   %wait    %CPU   CPU  Command
05:32:08 PM 100998   3032224    0.00    0.00    0.00    0.00    0.00    10  postgres
05:32:08 PM 100998   3032225    0.00    0.00    0.00    0.00    0.00    12  postgres
05:32:08 PM 100998   3032227    0.00    0.00    0.00    0.00    0.00    10  postgres
05:32:08 PM 100998   3032228    0.00    0.00    0.00    0.00    0.00    12  postgres
05:32:08 PM 100998   3032489    0.00    0.00    0.00    0.00    0.00    14  postgres
05:32:08 PM 100998   3032493    0.00    0.00    0.00    0.00    0.00    10  postgres
05:32:08 PM 100998   3032494    0.00    0.00    0.00    0.00    0.00    14  postgres
05:32:08 PM 100998   3032495    0.00    0.00    0.00    0.00    0.00    12  postgres
05:32:08 PM 100998   3032496    0.00    0.00    0.00    0.00    0.00    12  postgres
05:32:08 PM 100998   3032497    0.00    0.00    0.00    0.00    0.00    12  postgres
05:32:08 PM 100998   3032499    0.00    0.00    0.00    0.00    0.00    10  postgres
05:32:08 PM 100998   3032502    0.00    0.00    0.00    0.00    0.00    14  postgres
05:32:08 PM 100998   3032518    0.00    0.00    0.00    0.00    0.00    10  postgres
05:32:08 PM 100998   3032520    0.00    0.00    0.00    0.00    0.00    14  postgres
05:32:08 PM 100998   3032521    0.00    0.00    0.00    0.00    0.00    10  postgres
05:32:08 PM 100998   3032523    0.00    0.00    0.00    0.00    0.00    12  postgres
05:32:08 PM 100998   3032525    0.00    0.00    0.00    0.00    0.00    14  postgres
05:32:08 PM 100998   3032530    0.00    0.00    0.00    0.00    0.00    14  postgres
05:32:08 PM 100998   3032539    0.00    0.00    0.00    0.00    0.00    14  postgres
05:32:08 PM 100998   3032560    0.00    0.00    0.00    0.00    0.00    10  postgres
05:32:08 PM 100998   3032564    0.00    0.00    0.00    0.00    0.00    12  postgres
05:32:08 PM 100998   3032571    0.00    0.00    0.00    0.00    0.00    12  postgres
05:32:08 PM 100998   3032592    0.00    0.00    0.00    0.00    0.00    10  postgres
05:32:08 PM 100998   3032648    0.00    0.00    0.00    0.00    0.00    10  postgres
05:32:08 PM 100998   3032701    0.00    0.00    0.00    0.00    0.00    14  postgres
05:32:08 PM 100998   3032755    0.00    0.00    0.00    0.00    0.00    14  postgres
05:32:08 PM 100998   3032796    0.00    0.00    0.00    0.00    0.00    12  postgres
05:32:08 PM 100998   3032798    0.00    0.00    0.00    0.00    0.00    12  postgres
05:32:08 PM 100998   3032799    0.00    0.00    0.00    0.00    0.00    14  postgres
05:32:08 PM 100998   3032800    0.00    0.00    0.00    0.00    0.00    10  postgres
05:32:08 PM 100998   3032801    0.00    0.00    0.00    0.00    0.00    12  postgres
05:32:08 PM 100998   3032802    0.00    0.00    0.00    0.00    0.00    10  postgres
05:32:08 PM 100998   3032803    0.00    0.00    0.00    0.00    0.00    10  postgres
05:32:08 PM 100998   3032804    0.00    0.00    0.00    0.00    0.00    10  postgres
05:32:08 PM 100998   3032807    0.00    0.00    0.00    0.00    0.00    10  postgres
05:32:08 PM 100998   3032809    0.00    0.00    0.00    0.00    0.00    12  postgres
05:32:08 PM 100998   3032811    0.00    0.00    0.00    0.00    0.00    12  postgres
05:32:08 PM 100998   3032813    0.00    0.00    0.00    0.00    0.00    12  postgres
05:32:08 PM 100998   3032818    0.00    0.00    0.00    0.00    0.00    10  postgres
05:32:08 PM 100998   3032847    0.00    0.00    0.00    0.00    0.00    10  postgres
05:32:08 PM 100998   3032851    0.00    0.00    0.00    0.00    0.00    12  postgres
05:32:08 PM 100998   3032871    0.00    0.00    0.00    0.00    0.00    12  postgres
05:32:08 PM 100998   3032922    0.00    0.00    0.00    0.00    0.00    12  postgres
05:32:08 PM 100998   3032972    0.00    0.00    0.00    0.00    0.00    14  postgres
05:32:08 PM 100998   3033023    0.00    0.00    0.00    0.00    0.00    12  postgres
05:32:08 PM 100998   3033066    0.00    0.00    0.00    0.00    0.00    14  postgres
05:32:08 PM 100998   3033081    0.00    0.00    0.00    0.00    0.00    14  postgres
05:32:08 PM 100998   3033082    0.00    0.00    0.00    0.00    0.00    14  postgres
05:32:08 PM 100998   3033083    0.00    0.00    0.00    0.00    0.00    12  postgres
05:32:08 PM 100998   3033084    0.00    0.00    0.00    0.00    0.00    14  postgres
05:32:08 PM 100998   3033085    0.00    0.00    0.00    0.00    0.00    14  postgres
05:32:08 PM 100998   3033086    0.00    0.00    0.00    0.00    0.00    10  postgres
05:32:08 PM 100998   3033087    0.00    0.00    0.00    0.00    0.00    10  postgres
05:32:08 PM 100998   3033090    0.00    0.00    0.00    0.00    0.00    12  postgres

05:32:08 PM   UID       PID    %usr %system  %guest   %wait    %CPU   CPU  Command
05:32:09 PM 100998   3032224    0.00    0.00    0.00    0.00    0.00    10  postgres
05:32:09 PM 100998   3032225    0.00    0.00    0.00    0.00    0.00    12  postgres
05:32:09 PM 100998   3032227    0.00    0.00    0.00    0.00    0.00    10  postgres
05:32:09 PM 100998   3032228    0.00    0.00    0.00    0.00    0.00    12  postgres
05:32:09 PM 100998   3032489    0.00    0.00    0.00    0.00    0.00    14  postgres
05:32:09 PM 100998   3032493    0.00    0.00    0.00    0.00    0.00    10  postgres
05:32:09 PM 100998   3032494    0.00    0.00    0.00    0.00    0.00    14  postgres
05:32:09 PM 100998   3032495    0.00    0.00    0.00    0.00    0.00    12  postgres
05:32:09 PM 100998   3032496    0.00    0.00    0.00    0.00    0.00    12  postgres
05:32:09 PM 100998   3032497    0.00    0.00    0.00    0.00    0.00    12  postgres
05:32:09 PM 100998   3032499    0.00    0.00    0.00    0.00    0.00    10  postgres
05:32:09 PM 100998   3032502    0.00    0.00    0.00    0.00    0.00    14  postgres
05:32:09 PM 100998   3032518    0.00    0.00    0.00    0.00    0.00    10  postgres
05:32:09 PM 100998   3032520    0.00    0.00    0.00    0.00    0.00    14  postgres
05:32:09 PM 100998   3032521    0.00    0.00    0.00    0.00    0.00    10  postgres
05:32:09 PM 100998   3032523    0.00    0.00    0.00    0.00    0.00    12  postgres
05:32:09 PM 100998   3032525    0.00    0.00    0.00    0.00    0.00    14  postgres
05:32:09 PM 100998   3032530    0.00    0.00    0.00    0.00    0.00    14  postgres
05:32:09 PM 100998   3032539    0.00    0.00    0.00    0.00    0.00    14  postgres
05:32:09 PM 100998   3032560    0.00    0.00    0.00    0.00    0.00    10  postgres
05:32:09 PM 100998   3032564    0.00    0.00    0.00    0.00    0.00    12  postgres
05:32:09 PM 100998   3032571    0.00    0.00    0.00    0.00    0.00    12  postgres
05:32:09 PM 100998   3032592    0.00    0.00    0.00    0.00    0.00    10  postgres
05:32:09 PM 100998   3032648    0.00    0.00    0.00    0.00    0.00    10  postgres
05:32:09 PM 100998   3032701    0.00    0.00    0.00    0.00    0.00    14  postgres
05:32:09 PM 100998   3032755    0.00    0.00    0.00    0.00    0.00    14  postgres
05:32:09 PM 100998   3032796    0.00    0.00    0.00    0.00    0.00    12  postgres
05:32:09 PM 100998   3032798    0.00    0.00    0.00    0.00    0.00    12  postgres
05:32:09 PM 100998   3032799    0.00    0.00    0.00    0.00    0.00    14  postgres
05:32:09 PM 100998   3032800    0.00    0.00    0.00    0.00    0.00    10  postgres
05:32:09 PM 100998   3032801    0.00    0.00    0.00    0.00    0.00    12  postgres
05:32:09 PM 100998   3032802    0.00    0.00    0.00    0.00    0.00    10  postgres
05:32:09 PM 100998   3032803    0.00    0.00    0.00    0.00    0.00    10  postgres
05:32:09 PM 100998   3032804    0.00    0.00    0.00    0.00    0.00    10  postgres
05:32:09 PM 100998   3032807    0.00    0.00    0.00    0.00    0.00    10  postgres
05:32:09 PM 100998   3032809    0.00    0.00    0.00    0.00    0.00    12  postgres
05:32:09 PM 100998   3032811    0.00    0.00    0.00    0.00    0.00    12  postgres
05:32:09 PM 100998   3032813    0.00    0.00    0.00    0.00    0.00    12  postgres
05:32:09 PM 100998   3032818    0.00    0.00    0.00    0.00    0.00    10  postgres
05:32:09 PM 100998   3032847    0.00    0.00    0.00    0.00    0.00    10  postgres
05:32:09 PM 100998   3032851    0.00    0.00    0.00    0.00    0.00    12  postgres
05:32:09 PM 100998   3032871    0.00    0.00    0.00    0.00    0.00    12  postgres
05:32:09 PM 100998   3032922    0.00    0.00    0.00    0.00    0.00    12  postgres
05:32:09 PM 100998   3032972    0.00    0.00    0.00    0.00    0.00    14  postgres
05:32:09 PM 100998   3033023    0.00    0.00    0.00    0.00    0.00    12  postgres
05:32:09 PM 100998   3033066    0.00    0.00    0.00    0.00    0.00    14  postgres
05:32:09 PM 100998   3033081    0.00    0.00    0.00    0.00    0.00    14  postgres
05:32:09 PM 100998   3033082    0.00    0.00    0.00    0.00    0.00    14  postgres
05:32:09 PM 100998   3033083    0.00    0.00    0.00    0.00    0.00    12  postgres
05:32:09 PM 100998   3033084    0.00    0.00    0.00    0.00    0.00    14  postgres
05:32:09 PM 100998   3033085    0.00    0.00    0.00    0.00    0.00    14  postgres
05:32:09 PM 100998   3033086    0.00    0.00    0.00    0.00    0.00    10  postgres
05:32:09 PM 100998   3033087    0.00    0.00    0.00    0.00    0.00    10  postgres
05:32:09 PM 100998   3033090    0.00    0.00    0.00    0.00    0.00    12  postgres

05:32:09 PM   UID       PID    %usr %system  %guest   %wait    %CPU   CPU  Command
05:32:10 PM 100998   3032224    0.00    0.00    0.00    0.00    0.00    10  postgres
05:32:10 PM 100998   3032225    0.00    0.00    0.00    0.00    0.00    12  postgres
05:32:10 PM 100998   3032227    0.00    0.00    0.00    0.00    0.00    10  postgres
05:32:10 PM 100998   3032228    0.00    0.00    0.00    0.00    0.00    12  postgres
05:32:10 PM 100998   3032489    0.00    0.00    0.00    0.00    0.00    14  postgres
05:32:10 PM 100998   3032493    0.00    0.00    0.00    0.00    0.00    10  postgres
05:32:10 PM 100998   3032494    0.00    0.00    0.00    0.00    0.00    14  postgres
05:32:10 PM 100998   3032495    0.00    0.00    0.00    0.00    0.00    12  postgres
05:32:10 PM 100998   3032496    0.00    0.00    0.00    0.00    0.00    12  postgres
05:32:10 PM 100998   3032497    0.00    0.00    0.00    0.00    0.00    12  postgres
05:32:10 PM 100998   3032499    0.00    0.00    0.00    0.00    0.00    10  postgres
05:32:10 PM 100998   3032502    0.00    0.00    0.00    0.00    0.00    14  postgres
05:32:10 PM 100998   3032518    0.00    0.00    0.00    0.00    0.00    10  postgres
05:32:10 PM 100998   3032520    0.00    0.00    0.00    0.00    0.00    14  postgres
05:32:10 PM 100998   3032521    0.00    0.00    0.00    0.00    0.00    10  postgres
05:32:10 PM 100998   3032523    0.00    0.00    0.00    0.00    0.00    12  postgres
05:32:10 PM 100998   3032525    0.00    0.00    0.00    0.00    0.00    14  postgres
05:32:10 PM 100998   3032530    0.00    0.00    0.00    0.00    0.00    14  postgres
05:32:10 PM 100998   3032539    0.00    0.00    0.00    0.00    0.00    14  postgres
05:32:10 PM 100998   3032560    0.00    0.00    0.00    0.00    0.00    10  postgres
05:32:10 PM 100998   3032564    0.00    0.00    0.00    0.00    0.00    12  postgres
05:32:10 PM 100998   3032571    0.00    0.00    0.00    0.00    0.00    12  postgres
05:32:10 PM 100998   3032592    0.00    0.00    0.00    0.00    0.00    10  postgres
05:32:10 PM 100998   3032648    0.00    0.00    0.00    0.00    0.00    10  postgres
05:32:10 PM 100998   3032701    0.00    0.00    0.00    0.00    0.00    14  postgres
05:32:10 PM 100998   3032755    0.00    0.00    0.00    0.00    0.00    14  postgres
05:32:10 PM 100998   3032796    0.00    0.00    0.00    0.00    0.00    12  postgres
05:32:10 PM 100998   3032798    0.00    0.00    0.00    0.00    0.00    12  postgres
05:32:10 PM 100998   3032799    0.00    0.00    0.00    0.00    0.00    14  postgres
05:32:10 PM 100998   3032800    0.00    0.00    0.00    0.00    0.00    10  postgres
05:32:10 PM 100998   3032801    0.00    0.00    0.00    0.00    0.00    12  postgres
05:32:10 PM 100998   3032802    0.00    0.00    0.00    0.00    0.00    10  postgres
05:32:10 PM 100998   3032803    0.00    0.00    0.00    0.00    0.00    10  postgres
05:32:10 PM 100998   3032804    0.00    0.00    0.00    0.00    0.00    10  postgres
05:32:10 PM 100998   3032807    0.00    0.00    0.00    0.00    0.00    10  postgres
05:32:10 PM 100998   3032809    0.00    0.00    0.00    0.00    0.00    12  postgres
05:32:10 PM 100998   3032811    0.00    0.00    0.00    0.00    0.00    12  postgres
05:32:10 PM 100998   3032813    0.00    0.00    0.00    0.00    0.00    12  postgres
05:32:10 PM 100998   3032818    0.00    0.00    0.00    0.00    0.00    10  postgres
05:32:10 PM 100998   3032847    0.00    0.00    0.00    0.00    0.00    10  postgres
05:32:10 PM 100998   3032851    0.00    0.00    0.00    0.00    0.00    12  postgres
05:32:10 PM 100998   3032871    0.00    0.00    0.00    0.00    0.00    12  postgres
05:32:10 PM 100998   3032922    0.00    0.00    0.00    0.00    0.00    12  postgres
05:32:10 PM 100998   3032972    0.00    0.00    0.00    0.00    0.00    14  postgres
05:32:10 PM 100998   3033023    0.00    0.00    0.00    0.00    0.00    12  postgres
05:32:10 PM 100998   3033066    0.00    0.00    0.00    0.00    0.00    14  postgres
05:32:10 PM 100998   3033081    0.00    0.00    0.00    0.00    0.00    14  postgres
05:32:10 PM 100998   3033082    0.00    0.00    0.00    0.00    0.00    14  postgres
05:32:10 PM 100998   3033083    0.00    0.00    0.00    0.00    0.00    12  postgres
05:32:10 PM 100998   3033084    0.00    0.00    0.00    0.00    0.00    14  postgres
05:32:10 PM 100998   3033085    0.00    0.00    0.00    0.00    0.00    14  postgres
05:32:10 PM 100998   3033086    0.00    0.00    0.00    0.00    0.00    10  postgres
05:32:10 PM 100998   3033087    0.00    0.00    0.00    0.00    0.00    10  postgres
05:32:10 PM 100998   3033090    0.00    0.00    0.00    0.00    0.00    12  postgres

05:32:10 PM   UID       PID    %usr %system  %guest   %wait    %CPU   CPU  Command
05:32:11 PM 100998   3032224    0.00    0.00    0.00    0.00    0.00    10  postgres
05:32:11 PM 100998   3032225    0.00    0.00    0.00    0.00    0.00    12  postgres
05:32:11 PM 100998   3032227    0.00    0.00    0.00    0.00    0.00    10  postgres
05:32:11 PM 100998   3032228    0.00    0.00    0.00    0.00    0.00    12  postgres
05:32:11 PM 100998   3032489    0.00    0.00    0.00    0.00    0.00    14  postgres
05:32:11 PM 100998   3032493    0.00    0.00    0.00    0.00    0.00    10  postgres
05:32:11 PM 100998   3032494    0.00    0.00    0.00    0.00    0.00    14  postgres
05:32:11 PM 100998   3032495    0.00    0.00    0.00    0.00    0.00    12  postgres
05:32:11 PM 100998   3032496    0.00    0.00    0.00    0.00    0.00    12  postgres
05:32:11 PM 100998   3032497    0.00    0.00    0.00    0.00    0.00    12  postgres
05:32:11 PM 100998   3032499    0.00    0.00    0.00    0.00    0.00    10  postgres
05:32:11 PM 100998   3032502    0.00    0.00    0.00    0.00    0.00    14  postgres
05:32:11 PM 100998   3032518    0.00    0.00    0.00    0.00    0.00    10  postgres
05:32:11 PM 100998   3032520    0.00    0.00    0.00    0.00    0.00    14  postgres
05:32:11 PM 100998   3032521    0.00    0.00    0.00    0.00    0.00    10  postgres
05:32:11 PM 100998   3032523    0.00    0.00    0.00    0.00    0.00    12  postgres
05:32:11 PM 100998   3032525    0.00    0.00    0.00    0.00    0.00    14  postgres
05:32:11 PM 100998   3032530    0.00    0.00    0.00    0.00    0.00    14  postgres
05:32:11 PM 100998   3032539    0.00    0.00    0.00    0.00    0.00    14  postgres
05:32:11 PM 100998   3032560    0.00    0.00    0.00    0.00    0.00    10  postgres
05:32:11 PM 100998   3032564    0.00    0.00    0.00    0.00    0.00    12  postgres
05:32:11 PM 100998   3032571    0.00    0.00    0.00    0.00    0.00    12  postgres
05:32:11 PM 100998   3032592    0.00    0.00    0.00    0.00    0.00    10  postgres
05:32:11 PM 100998   3032648    0.00    0.00    0.00    0.00    0.00    10  postgres
05:32:11 PM 100998   3032701    0.00    0.00    0.00    0.00    0.00    14  postgres
05:32:11 PM 100998   3032755    0.00    0.00    0.00    0.00    0.00    14  postgres
05:32:11 PM 100998   3032796    0.00    0.00    0.00    0.00    0.00    12  postgres
05:32:11 PM 100998   3032798    0.00    0.00    0.00    0.00    0.00    12  postgres
05:32:11 PM 100998   3032799    0.00    0.00    0.00    0.00    0.00    14  postgres
05:32:11 PM 100998   3032800    0.00    0.00    0.00    0.00    0.00    10  postgres
05:32:11 PM 100998   3032801    0.00    0.00    0.00    0.00    0.00    12  postgres
05:32:11 PM 100998   3032802    0.00    0.00    0.00    0.00    0.00    10  postgres
05:32:11 PM 100998   3032803    0.00    0.00    0.00    0.00    0.00    10  postgres
05:32:11 PM 100998   3032804    0.00    0.00    0.00    0.00    0.00    10  postgres
05:32:11 PM 100998   3032807    0.00    0.00    0.00    0.00    0.00    10  postgres
05:32:11 PM 100998   3032809    0.00    0.00    0.00    0.00    0.00    12  postgres
05:32:11 PM 100998   3032811    0.00    0.00    0.00    0.00    0.00    12  postgres
05:32:11 PM 100998   3032813    0.00    0.00    0.00    0.00    0.00    12  postgres
05:32:11 PM 100998   3032818    0.00    0.00    0.00    0.00    0.00    10  postgres
05:32:11 PM 100998   3032847    0.00    0.00    0.00    0.00    0.00    10  postgres
05:32:11 PM 100998   3032851    0.00    0.00    0.00    0.00    0.00    12  postgres
05:32:11 PM 100998   3032871    0.00    0.00    0.00    0.00    0.00    12  postgres
05:32:11 PM 100998   3032922    0.00    0.00    0.00    0.00    0.00    12  postgres
05:32:11 PM 100998   3032972    0.00    0.00    0.00    0.00    0.00    14  postgres
05:32:11 PM 100998   3033023    0.00    0.00    0.00    0.00    0.00    12  postgres
05:32:11 PM 100998   3033066    0.00    0.00    0.00    0.00    0.00    14  postgres
05:32:11 PM 100998   3033081    0.00    0.00    0.00    0.00    0.00    14  postgres
05:32:11 PM 100998   3033082    0.00    0.00    0.00    0.00    0.00    14  postgres
05:32:11 PM 100998   3033083    0.00    0.00    0.00    0.00    0.00    12  postgres
05:32:11 PM 100998   3033084    0.00    0.00    0.00    0.00    0.00    14  postgres
05:32:11 PM 100998   3033085    0.00    0.00    0.00    0.00    0.00    14  postgres
05:32:11 PM 100998   3033086    0.00    0.00    0.00    0.00    0.00    10  postgres
05:32:11 PM 100998   3033087    0.00    0.00    0.00    0.00    0.00    10  postgres
05:32:11 PM 100998   3033090    0.00    0.00    0.00    0.00    0.00    12  postgres

05:32:11 PM   UID       PID    %usr %system  %guest   %wait    %CPU   CPU  Command
05:32:12 PM 100998   3032224    0.00    0.00    0.00    0.00    0.00    10  postgres
05:32:12 PM 100998   3032225    0.00    0.00    0.00    0.00    0.00    12  postgres
05:32:12 PM 100998   3032227    0.00    0.00    0.00    0.00    0.00    10  postgres
05:32:12 PM 100998   3032228    0.00    0.00    0.00    0.00    0.00    12  postgres
05:32:12 PM 100998   3032489    0.00    0.00    0.00    0.00    0.00    14  postgres
05:32:12 PM 100998   3032493    0.00    0.00    0.00    0.00    0.00    10  postgres
05:32:12 PM 100998   3032494    0.00    0.00    0.00    0.00    0.00    14  postgres
05:32:12 PM 100998   3032495    0.00    0.00    0.00    0.00    0.00    12  postgres
05:32:12 PM 100998   3032496    0.00    0.00    0.00    0.00    0.00    12  postgres
05:32:12 PM 100998   3032497    0.00    0.00    0.00    0.00    0.00    12  postgres
05:32:12 PM 100998   3032499    0.00    0.00    0.00    0.00    0.00    10  postgres
05:32:12 PM 100998   3032502    0.00    0.00    0.00    0.00    0.00    14  postgres
05:32:12 PM 100998   3032518    0.00    0.00    0.00    0.00    0.00    10  postgres
05:32:12 PM 100998   3032520    0.00    0.00    0.00    0.00    0.00    14  postgres
05:32:12 PM 100998   3032521    0.00    0.00    0.00    0.00    0.00    10  postgres
05:32:12 PM 100998   3032523    0.00    0.00    0.00    0.00    0.00    12  postgres
05:32:12 PM 100998   3032525    0.00    0.00    0.00    0.00    0.00    14  postgres
05:32:12 PM 100998   3032530    0.00    0.00    0.00    0.00    0.00    14  postgres
05:32:12 PM 100998   3032539    0.00    0.00    0.00    0.00    0.00    14  postgres
05:32:12 PM 100998   3032560    0.00    0.00    0.00    0.00    0.00    10  postgres
05:32:12 PM 100998   3032564    0.00    0.00    0.00    0.00    0.00    12  postgres
05:32:12 PM 100998   3032571    0.00    0.00    0.00    0.00    0.00    12  postgres
05:32:12 PM 100998   3032592    0.00    0.00    0.00    0.00    0.00    10  postgres
05:32:12 PM 100998   3032648    0.00    0.00    0.00    0.00    0.00    10  postgres
05:32:12 PM 100998   3032701    0.00    0.00    0.00    0.00    0.00    14  postgres
05:32:12 PM 100998   3032755    0.00    0.00    0.00    0.00    0.00    14  postgres
05:32:12 PM 100998   3032796    0.00    0.00    0.00    0.00    0.00    12  postgres
05:32:12 PM 100998   3032798    0.00    0.00    0.00    0.00    0.00    12  postgres
05:32:12 PM 100998   3032799    0.00    0.00    0.00    0.00    0.00    14  postgres
05:32:12 PM 100998   3032800    0.00    0.00    0.00    0.00    0.00    10  postgres
05:32:12 PM 100998   3032801    0.00    0.00    0.00    0.00    0.00    12  postgres
05:32:12 PM 100998   3032802    0.00    0.00    0.00    0.00    0.00    10  postgres
05:32:12 PM 100998   3032803    0.00    0.00    0.00    0.00    0.00    10  postgres
05:32:12 PM 100998   3032804    0.00    0.00    0.00    0.00    0.00    10  postgres
05:32:12 PM 100998   3032807    0.00    0.00    0.00    0.00    0.00    10  postgres
05:32:12 PM 100998   3032809    0.00    0.00    0.00    0.00    0.00    12  postgres
05:32:12 PM 100998   3032811    0.00    0.00    0.00    0.00    0.00    12  postgres
05:32:12 PM 100998   3032813    0.00    0.00    0.00    0.00    0.00    12  postgres
05:32:12 PM 100998   3032818    0.00    0.00    0.00    0.00    0.00    10  postgres
05:32:12 PM 100998   3032847    0.00    0.00    0.00    0.00    0.00    10  postgres
05:32:12 PM 100998   3032851    0.00    0.00    0.00    0.00    0.00    12  postgres
05:32:12 PM 100998   3032871    0.00    0.00    0.00    0.00    0.00    12  postgres
05:32:12 PM 100998   3032922    0.00    0.00    0.00    0.00    0.00    12  postgres
05:32:12 PM 100998   3032972    0.00    0.00    0.00    0.00    0.00    14  postgres
05:32:12 PM 100998   3033023    0.00    0.00    0.00    0.00    0.00    12  postgres
05:32:12 PM 100998   3033066    0.00    0.00    0.00    0.00    0.00    14  postgres
05:32:12 PM 100998   3033081    0.00    0.00    0.00    0.00    0.00    14  postgres
05:32:12 PM 100998   3033082    0.00    0.00    0.00    0.00    0.00    14  postgres
05:32:12 PM 100998   3033083    0.00    0.00    0.00    0.00    0.00    12  postgres
05:32:12 PM 100998   3033084    0.00    0.00    0.00    0.00    0.00    14  postgres
05:32:12 PM 100998   3033085    0.00    0.00    0.00    0.00    0.00    14  postgres
05:32:12 PM 100998   3033086    0.00    0.00    0.00    0.00    0.00    10  postgres
05:32:12 PM 100998   3033087    0.00    0.00    0.00    0.00    0.00    10  postgres
05:32:12 PM 100998   3033090    0.00    0.00    0.00    0.00    0.00    12  postgres

05:32:12 PM   UID       PID    %usr %system  %guest   %wait    %CPU   CPU  Command
05:32:13 PM 100998   3032224    0.00    0.00    0.00    0.00    0.00    10  postgres
05:32:13 PM 100998   3032225    0.00    0.00    0.00    0.00    0.00    12  postgres
05:32:13 PM 100998   3032227    0.00    0.00    0.00    0.00    0.00    10  postgres
05:32:13 PM 100998   3032228    0.00    0.00    0.00    0.00    0.00    12  postgres
05:32:13 PM 100998   3032489    0.00    0.00    0.00    0.00    0.00    14  postgres
05:32:13 PM 100998   3032493    0.00    0.00    0.00    0.00    0.00    10  postgres
05:32:13 PM 100998   3032494    0.00    0.00    0.00    0.00    0.00    14  postgres
05:32:13 PM 100998   3032495    0.00    0.00    0.00    0.00    0.00    12  postgres
05:32:13 PM 100998   3032496    0.00    0.00    0.00    0.00    0.00    12  postgres
05:32:13 PM 100998   3032497    0.00    0.00    0.00    0.00    0.00    12  postgres
05:32:13 PM 100998   3032499    0.00    0.00    0.00    0.00    0.00    10  postgres
05:32:13 PM 100998   3032502    0.00    0.00    0.00    0.00    0.00    14  postgres
05:32:13 PM 100998   3032518    0.00    0.00    0.00    0.00    0.00    10  postgres
05:32:13 PM 100998   3032520    0.00    0.00    0.00    0.00    0.00    14  postgres
05:32:13 PM 100998   3032521    0.00    0.00    0.00    0.00    0.00    10  postgres
05:32:13 PM 100998   3032523    0.00    0.00    0.00    0.00    0.00    12  postgres
05:32:13 PM 100998   3032525    0.00    0.00    0.00    0.00    0.00    14  postgres
05:32:13 PM 100998   3032530    0.00    0.00    0.00    0.00    0.00    14  postgres
05:32:13 PM 100998   3032539    0.00    0.00    0.00    0.00    0.00    14  postgres
05:32:13 PM 100998   3032560    0.00    0.00    0.00    0.00    0.00    10  postgres
05:32:13 PM 100998   3032564    0.00    0.00    0.00    0.00    0.00    12  postgres
05:32:13 PM 100998   3032571    0.00    0.00    0.00    0.00    0.00    12  postgres
05:32:13 PM 100998   3032592    0.00    0.00    0.00    0.00    0.00    10  postgres
05:32:13 PM 100998   3032648    0.00    0.00    0.00    0.00    0.00    10  postgres
05:32:13 PM 100998   3032701    0.00    0.00    0.00    0.00    0.00    14  postgres
05:32:13 PM 100998   3032755    0.00    0.00    0.00    0.00    0.00    14  postgres
05:32:13 PM 100998   3032796    0.00    0.00    0.00    0.00    0.00    12  postgres
05:32:13 PM 100998   3032798    0.00    0.00    0.00    0.00    0.00    12  postgres
05:32:13 PM 100998   3032799    0.00    0.00    0.00    0.00    0.00    14  postgres
05:32:13 PM 100998   3032800    0.00    0.00    0.00    0.00    0.00    10  postgres
05:32:13 PM 100998   3032801    0.00    0.00    0.00    0.00    0.00    12  postgres
05:32:13 PM 100998   3032802    0.00    0.00    0.00    0.00    0.00    10  postgres
05:32:13 PM 100998   3032803    0.00    0.00    0.00    0.00    0.00    10  postgres
05:32:13 PM 100998   3032804    0.00    0.00    0.00    0.00    0.00    10  postgres
05:32:13 PM 100998   3032807    0.00    0.00    0.00    0.00    0.00    10  postgres
05:32:13 PM 100998   3032809    0.00    0.00    0.00    0.00    0.00    12  postgres
05:32:13 PM 100998   3032811    0.00    0.00    0.00    0.00    0.00    12  postgres
05:32:13 PM 100998   3032813    0.00    0.00    0.00    0.00    0.00    12  postgres
05:32:13 PM 100998   3032818    0.00    0.00    0.00    0.00    0.00    10  postgres
05:32:13 PM 100998   3032847    0.00    0.00    0.00    0.00    0.00    10  postgres
05:32:13 PM 100998   3032851    0.00    0.00    0.00    0.00    0.00    12  postgres
05:32:13 PM 100998   3032871    0.00    0.00    0.00    0.00    0.00    12  postgres
05:32:13 PM 100998   3032922    0.00    0.00    0.00    0.00    0.00    12  postgres
05:32:13 PM 100998   3032972    0.00    0.00    0.00    0.00    0.00    14  postgres
05:32:13 PM 100998   3033023    0.00    0.00    0.00    0.00    0.00    12  postgres
05:32:13 PM 100998   3033066    0.00    0.00    0.00    0.00    0.00    14  postgres
05:32:13 PM 100998   3033081    0.00    0.00    0.00    0.00    0.00    14  postgres
05:32:13 PM 100998   3033082    0.00    0.00    0.00    0.00    0.00    14  postgres
05:32:13 PM 100998   3033083    0.00    0.00    0.00    0.00    0.00    12  postgres
05:32:13 PM 100998   3033084    0.00    0.00    0.00    0.00    0.00    14  postgres
05:32:13 PM 100998   3033085    0.00    0.00    0.00    0.00    0.00    14  postgres
05:32:13 PM 100998   3033086    0.00    0.00    0.00    0.00    0.00    10  postgres
05:32:13 PM 100998   3033087    0.00    0.00    0.00    0.00    0.00    10  postgres
05:32:13 PM 100998   3033090    0.00    0.00    0.00    0.00    0.00    12  postgres

05:32:13 PM   UID       PID    %usr %system  %guest   %wait    %CPU   CPU  Command
05:32:14 PM 100998   3032224    0.00    0.00    0.00    0.00    0.00    10  postgres
05:32:14 PM 100998   3032225    0.00    0.00    0.00    0.00    0.00    12  postgres
05:32:14 PM 100998   3032227    0.00    0.00    0.00    0.00    0.00    10  postgres
05:32:14 PM 100998   3032228    0.00    0.00    0.00    0.00    0.00    12  postgres
05:32:14 PM 100998   3032489    0.00    0.00    0.00    0.00    0.00    14  postgres
05:32:14 PM 100998   3032493    0.00    0.00    0.00    0.00    0.00    10  postgres
05:32:14 PM 100998   3032494    0.00    0.00    0.00    0.00    0.00    14  postgres
05:32:14 PM 100998   3032495    0.00    0.00    0.00    0.00    0.00    12  postgres
05:32:14 PM 100998   3032496    0.00    0.00    0.00    0.00    0.00    12  postgres
05:32:14 PM 100998   3032497    0.00    0.00    0.00    0.00    0.00    12  postgres
05:32:14 PM 100998   3032499    0.00    0.00    0.00    0.00    0.00    10  postgres
05:32:14 PM 100998   3032502    0.00    0.00    0.00    0.00    0.00    14  postgres
05:32:14 PM 100998   3032518    0.00    0.00    0.00    0.00    0.00    10  postgres
05:32:14 PM 100998   3032520    0.00    0.00    0.00    0.00    0.00    14  postgres
05:32:14 PM 100998   3032521    0.00    0.00    0.00    0.00    0.00    10  postgres
05:32:14 PM 100998   3032523    0.00    0.00    0.00    0.00    0.00    12  postgres
05:32:14 PM 100998   3032525    0.00    0.00    0.00    0.00    0.00    14  postgres
05:32:14 PM 100998   3032530    0.00    0.00    0.00    0.00    0.00    14  postgres
05:32:14 PM 100998   3032539    0.00    0.00    0.00    0.00    0.00    14  postgres
05:32:14 PM 100998   3032560    0.00    0.00    0.00    0.00    0.00    10  postgres
05:32:14 PM 100998   3032564    0.00    0.00    0.00    0.00    0.00    12  postgres
05:32:14 PM 100998   3032571    0.00    0.00    0.00    0.00    0.00    12  postgres
05:32:14 PM 100998   3032592    0.00    0.00    0.00    0.00    0.00    10  postgres
05:32:14 PM 100998   3032648    0.00    0.00    0.00    0.00    0.00    10  postgres
05:32:14 PM 100998   3032701    0.00    0.00    0.00    0.00    0.00    14  postgres
05:32:14 PM 100998   3032755    0.00    0.00    0.00    0.00    0.00    14  postgres
05:32:14 PM 100998   3032796    0.00    0.00    0.00    0.00    0.00    12  postgres
05:32:14 PM 100998   3032798    0.00    0.00    0.00    0.00    0.00    12  postgres
05:32:14 PM 100998   3032799    0.00    0.00    0.00    0.00    0.00    14  postgres
05:32:14 PM 100998   3032800    0.00    0.00    0.00    0.00    0.00    10  postgres
05:32:14 PM 100998   3032801    0.00    0.00    0.00    0.00    0.00    12  postgres
05:32:14 PM 100998   3032802    0.00    0.00    0.00    0.00    0.00    10  postgres
05:32:14 PM 100998   3032803    0.00    0.00    0.00    0.00    0.00    10  postgres
05:32:14 PM 100998   3032804    0.00    0.00    0.00    0.00    0.00    10  postgres
05:32:14 PM 100998   3032807    0.00    0.00    0.00    0.00    0.00    10  postgres
05:32:14 PM 100998   3032809    0.00    0.00    0.00    0.00    0.00    12  postgres
05:32:14 PM 100998   3032811    0.00    0.00    0.00    0.00    0.00    12  postgres
05:32:14 PM 100998   3032813    0.00    0.00    0.00    0.00    0.00    12  postgres
05:32:14 PM 100998   3032818    0.00    0.00    0.00    0.00    0.00    10  postgres
05:32:14 PM 100998   3032847    0.00    0.00    0.00    0.00    0.00    10  postgres
05:32:14 PM 100998   3032851    0.00    0.00    0.00    0.00    0.00    12  postgres
05:32:14 PM 100998   3032871    0.00    0.00    0.00    0.00    0.00    12  postgres
05:32:14 PM 100998   3032922    0.00    0.00    0.00    0.00    0.00    12  postgres
05:32:14 PM 100998   3032972    0.00    0.00    0.00    0.00    0.00    14  postgres
05:32:14 PM 100998   3033023    0.00    0.00    0.00    0.00    0.00    12  postgres
05:32:14 PM 100998   3033066    0.00    0.00    0.00    0.00    0.00    14  postgres
05:32:14 PM 100998   3033081    0.00    0.00    0.00    0.00    0.00    14  postgres
05:32:14 PM 100998   3033082    0.00    0.00    0.00    0.00    0.00    14  postgres
05:32:14 PM 100998   3033083    0.00    0.00    0.00    0.00    0.00    12  postgres
05:32:14 PM 100998   3033084    0.00    0.00    0.00    0.00    0.00    14  postgres
05:32:14 PM 100998   3033085    0.00    0.00    0.00    0.00    0.00    14  postgres
05:32:14 PM 100998   3033086    0.00    0.00    0.00    0.00    0.00    10  postgres
05:32:14 PM 100998   3033087    0.00    0.00    0.00    0.00    0.00    10  postgres
05:32:14 PM 100998   3033090    0.00    0.00    0.00    0.00    0.00    12  postgres

05:32:14 PM   UID       PID    %usr %system  %guest   %wait    %CPU   CPU  Command
05:32:15 PM 100998   3032224    0.00    0.00    0.00    0.00    0.00    10  postgres
05:32:15 PM 100998   3032225    0.00    0.00    0.00    0.00    0.00    12  postgres
05:32:15 PM 100998   3032227    0.00    0.00    0.00    0.00    0.00    10  postgres
05:32:15 PM 100998   3032228    0.00    0.00    0.00    0.00    0.00    12  postgres
05:32:15 PM 100998   3032489    0.00    0.00    0.00    0.00    0.00    14  postgres
05:32:15 PM 100998   3032493    0.00    0.00    0.00    0.00    0.00    10  postgres
05:32:15 PM 100998   3032494    0.00    0.00    0.00    0.00    0.00    14  postgres
05:32:15 PM 100998   3032495    0.00    0.00    0.00    0.00    0.00    12  postgres
05:32:15 PM 100998   3032496    0.00    0.00    0.00    0.00    0.00    12  postgres
05:32:15 PM 100998   3032497    0.00    0.00    0.00    0.00    0.00    12  postgres
05:32:15 PM 100998   3032499    0.00    0.00    0.00    0.00    0.00    10  postgres
05:32:15 PM 100998   3032502    0.00    0.00    0.00    0.00    0.00    14  postgres
05:32:15 PM 100998   3032518    0.00    0.00    0.00    0.00    0.00    10  postgres
05:32:15 PM 100998   3032520    0.00    0.00    0.00    0.00    0.00    14  postgres
05:32:15 PM 100998   3032521    0.00    0.00    0.00    0.00    0.00    10  postgres
05:32:15 PM 100998   3032523    0.00    0.00    0.00    0.00    0.00    12  postgres
05:32:15 PM 100998   3032525    0.00    0.00    0.00    0.00    0.00    14  postgres
05:32:15 PM 100998   3032530    0.00    0.00    0.00    0.00    0.00    14  postgres
05:32:15 PM 100998   3032539    0.00    0.00    0.00    0.00    0.00    14  postgres
05:32:15 PM 100998   3032560    0.00    0.00    0.00    0.00    0.00    10  postgres
05:32:15 PM 100998   3032564    0.00    0.00    0.00    0.00    0.00    12  postgres
05:32:15 PM 100998   3032571    0.00    0.00    0.00    0.00    0.00    12  postgres
05:32:15 PM 100998   3032592    0.00    0.00    0.00    0.00    0.00    10  postgres
05:32:15 PM 100998   3032648    0.00    0.00    0.00    0.00    0.00    10  postgres
05:32:15 PM 100998   3032701    0.00    0.00    0.00    0.00    0.00    14  postgres
05:32:15 PM 100998   3032755    0.00    0.00    0.00    0.00    0.00    14  postgres
05:32:15 PM 100998   3032796    0.00    0.00    0.00    0.00    0.00    12  postgres
05:32:15 PM 100998   3032798    0.00    0.00    0.00    0.00    0.00    12  postgres
05:32:15 PM 100998   3032799    0.00    0.00    0.00    0.00    0.00    14  postgres
05:32:15 PM 100998   3032800    0.00    0.00    0.00    0.00    0.00    10  postgres
05:32:15 PM 100998   3032801    0.00    0.00    0.00    0.00    0.00    12  postgres
05:32:15 PM 100998   3032802    0.00    0.00    0.00    0.00    0.00    10  postgres
05:32:15 PM 100998   3032803    0.00    0.00    0.00    0.00    0.00    10  postgres
05:32:15 PM 100998   3032804    0.00    0.00    0.00    0.00    0.00    10  postgres
05:32:15 PM 100998   3032807    0.00    0.00    0.00    0.00    0.00    10  postgres
05:32:15 PM 100998   3032809    0.00    0.00    0.00    0.00    0.00    12  postgres
05:32:15 PM 100998   3032811    0.00    0.00    0.00    0.00    0.00    12  postgres
05:32:15 PM 100998   3032813    0.00    0.00    0.00    0.00    0.00    12  postgres
05:32:15 PM 100998   3032818    0.00    0.00    0.00    0.00    0.00    10  postgres
05:32:15 PM 100998   3032847    0.00    0.00    0.00    0.00    0.00    10  postgres
05:32:15 PM 100998   3032851    0.00    0.00    0.00    0.00    0.00    12  postgres
05:32:15 PM 100998   3032871    0.00    0.00    0.00    0.00    0.00    12  postgres
05:32:15 PM 100998   3032922    0.00    0.00    0.00    0.00    0.00    12  postgres
05:32:15 PM 100998   3032972    0.00    0.00    0.00    0.00    0.00    14  postgres
05:32:15 PM 100998   3033023    0.00    0.00    0.00    0.00    0.00    12  postgres
05:32:15 PM 100998   3033066    0.00    0.00    0.00    0.00    0.00    14  postgres
05:32:15 PM 100998   3033081    0.00    0.00    0.00    0.00    0.00    14  postgres
05:32:15 PM 100998   3033082    0.00    0.00    0.00    0.00    0.00    14  postgres
05:32:15 PM 100998   3033083    0.00    0.00    0.00    0.00    0.00    12  postgres
05:32:15 PM 100998   3033084    0.00    0.00    0.00    0.00    0.00    14  postgres
05:32:15 PM 100998   3033085    0.00    0.00    0.00    0.00    0.00    14  postgres
05:32:15 PM 100998   3033086    0.00    0.00    0.00    0.00    0.00    10  postgres
05:32:15 PM 100998   3033087    0.00    0.00    0.00    0.00    0.00    10  postgres
05:32:15 PM 100998   3033090    0.00    0.00    0.00    0.00    0.00    12  postgres

05:32:15 PM   UID       PID    %usr %system  %guest   %wait    %CPU   CPU  Command
05:32:16 PM 100998   3032224    0.00    0.00    0.00    0.00    0.00    10  postgres
05:32:16 PM 100998   3032225    0.00    0.00    0.00    0.00    0.00    12  postgres
05:32:16 PM 100998   3032227    0.00    0.00    0.00    0.00    0.00    10  postgres
05:32:16 PM 100998   3032228    0.00    0.00    0.00    0.00    0.00    12  postgres
05:32:16 PM 100998   3032489    0.00    0.00    0.00    0.00    0.00    14  postgres
05:32:16 PM 100998   3032493    0.00    0.00    0.00    0.00    0.00    10  postgres
05:32:16 PM 100998   3032494    0.00    0.00    0.00    0.00    0.00    14  postgres
05:32:16 PM 100998   3032495    0.00    0.00    0.00    0.00    0.00    12  postgres
05:32:16 PM 100998   3032496    0.00    0.00    0.00    0.00    0.00    12  postgres
05:32:16 PM 100998   3032497    0.00    0.00    0.00    0.00    0.00    12  postgres
05:32:16 PM 100998   3032499    0.00    0.00    0.00    0.00    0.00    10  postgres
05:32:16 PM 100998   3032502    0.00    0.00    0.00    0.00    0.00    14  postgres
05:32:16 PM 100998   3032518    0.00    0.00    0.00    0.00    0.00    10  postgres
05:32:16 PM 100998   3032520    0.00    0.00    0.00    0.00    0.00    14  postgres
05:32:16 PM 100998   3032521    0.00    0.00    0.00    0.00    0.00    10  postgres
05:32:16 PM 100998   3032523    0.00    0.00    0.00    0.00    0.00    12  postgres
05:32:16 PM 100998   3032525    0.00    0.00    0.00    0.00    0.00    14  postgres
05:32:16 PM 100998   3032530    0.00    0.00    0.00    0.00    0.00    14  postgres
05:32:16 PM 100998   3032539    0.00    0.00    0.00    0.00    0.00    14  postgres
05:32:16 PM 100998   3032560    0.00    0.00    0.00    0.00    0.00    10  postgres
05:32:16 PM 100998   3032564    0.00    0.00    0.00    0.00    0.00    12  postgres
05:32:16 PM 100998   3032571    0.00    0.00    0.00    0.00    0.00    12  postgres
05:32:16 PM 100998   3032592    0.00    0.00    0.00    0.00    0.00    10  postgres
05:32:16 PM 100998   3032648    0.00    0.00    0.00    0.00    0.00    10  postgres
05:32:16 PM 100998   3032701    0.00    0.00    0.00    0.00    0.00    14  postgres
05:32:16 PM 100998   3032755    0.00    0.00    0.00    0.00    0.00    14  postgres
05:32:16 PM 100998   3032796    0.00    0.00    0.00    0.00    0.00    12  postgres
05:32:16 PM 100998   3032798    0.00    0.00    0.00    0.00    0.00    12  postgres
05:32:16 PM 100998   3032799    0.00    0.00    0.00    0.00    0.00    14  postgres
05:32:16 PM 100998   3032800    0.00    0.00    0.00    0.00    0.00    10  postgres
05:32:16 PM 100998   3032801    0.00    0.00    0.00    0.00    0.00    12  postgres
05:32:16 PM 100998   3032802    0.00    0.00    0.00    0.00    0.00    10  postgres
05:32:16 PM 100998   3032803    0.00    0.00    0.00    0.00    0.00    10  postgres
05:32:16 PM 100998   3032804    0.00    0.00    0.00    0.00    0.00    10  postgres
05:32:16 PM 100998   3032807    0.00    0.00    0.00    0.00    0.00    10  postgres
05:32:16 PM 100998   3032809    0.00    0.00    0.00    0.00    0.00    12  postgres
05:32:16 PM 100998   3032811    0.00    0.00    0.00    0.00    0.00    12  postgres
05:32:16 PM 100998   3032813    0.00    0.00    0.00    0.00    0.00    12  postgres
05:32:16 PM 100998   3032818    0.00    0.00    0.00    0.00    0.00    10  postgres
05:32:16 PM 100998   3032847    0.00    0.00    0.00    0.00    0.00    10  postgres
05:32:16 PM 100998   3032851    0.00    0.00    0.00    0.00    0.00    12  postgres
05:32:16 PM 100998   3032871    0.00    0.00    0.00    0.00    0.00    12  postgres
05:32:16 PM 100998   3032922    0.00    0.00    0.00    0.00    0.00    12  postgres
05:32:16 PM 100998   3032972    0.00    0.00    0.00    0.00    0.00    14  postgres
05:32:16 PM 100998   3033023    0.00    0.00    0.00    0.00    0.00    12  postgres
05:32:16 PM 100998   3033066    0.00    0.00    0.00    0.00    0.00    14  postgres
05:32:16 PM 100998   3033081    0.00    0.00    0.00    0.00    0.00    14  postgres
05:32:16 PM 100998   3033082    0.00    0.00    0.00    0.00    0.00    14  postgres
05:32:16 PM 100998   3033083    0.00    0.00    0.00    0.00    0.00    12  postgres
05:32:16 PM 100998   3033084    0.00    0.00    0.00    0.00    0.00    14  postgres
05:32:16 PM 100998   3033085    0.00    0.00    0.00    0.00    0.00    14  postgres
05:32:16 PM 100998   3033086    0.00    0.00    0.00    0.00    0.00    10  postgres
05:32:16 PM 100998   3033087    0.00    0.00    0.00    0.00    0.00    10  postgres
05:32:16 PM 100998   3033090    0.00    0.00    0.00    0.00    0.00    12  postgres

05:32:16 PM   UID       PID    %usr %system  %guest   %wait    %CPU   CPU  Command
05:32:17 PM 100998   3032224    0.00    0.00    0.00    0.00    0.00    10  postgres
05:32:17 PM 100998   3032225    0.00    0.00    0.00    0.00    0.00    12  postgres
05:32:17 PM 100998   3032227    0.00    0.00    0.00    0.00    0.00    10  postgres
05:32:17 PM 100998   3032228    0.00    0.00    0.00    0.00    0.00    12  postgres
05:32:17 PM 100998   3032489    0.00    0.00    0.00    0.00    0.00    14  postgres
05:32:17 PM 100998   3032493    0.00    0.00    0.00    0.00    0.00    10  postgres
05:32:17 PM 100998   3032494    0.00    0.00    0.00    0.00    0.00    14  postgres
05:32:17 PM 100998   3032495    0.00    0.00    0.00    0.00    0.00    12  postgres
05:32:17 PM 100998   3032496    0.00    0.00    0.00    0.00    0.00    12  postgres
05:32:17 PM 100998   3032497    0.00    0.00    0.00    0.00    0.00    12  postgres
05:32:17 PM 100998   3032499    0.00    0.00    0.00    0.00    0.00    10  postgres
05:32:17 PM 100998   3032502    0.00    0.00    0.00    0.00    0.00    14  postgres
05:32:17 PM 100998   3032518    0.00    0.00    0.00    0.00    0.00    10  postgres
05:32:17 PM 100998   3032520    0.00    0.00    0.00    0.00    0.00    14  postgres
05:32:17 PM 100998   3032521    0.00    0.00    0.00    0.00    0.00    10  postgres
05:32:17 PM 100998   3032523    0.00    0.00    0.00    0.00    0.00    12  postgres
05:32:17 PM 100998   3032525    0.00    0.00    0.00    0.00    0.00    14  postgres
05:32:17 PM 100998   3032530    0.00    0.00    0.00    0.00    0.00    14  postgres
05:32:17 PM 100998   3032539    0.00    0.00    0.00    0.00    0.00    14  postgres
05:32:17 PM 100998   3032560    0.00    0.00    0.00    0.00    0.00    10  postgres
05:32:17 PM 100998   3032564    0.00    0.00    0.00    0.00    0.00    12  postgres
05:32:17 PM 100998   3032571    0.00    0.00    0.00    0.00    0.00    12  postgres
05:32:17 PM 100998   3032592    0.00    0.00    0.00    0.00    0.00    10  postgres
05:32:17 PM 100998   3032648    0.00    0.00    0.00    0.00    0.00    10  postgres
05:32:17 PM 100998   3032701    0.00    0.00    0.00    0.00    0.00    14  postgres
05:32:17 PM 100998   3032755    0.00    0.00    0.00    0.00    0.00    14  postgres
05:32:17 PM 100998   3032796    0.00    0.00    0.00    0.00    0.00    12  postgres
05:32:17 PM 100998   3032798    0.00    0.00    0.00    0.00    0.00    12  postgres
05:32:17 PM 100998   3032799    0.00    0.00    0.00    0.00    0.00    14  postgres
05:32:17 PM 100998   3032800    0.00    0.00    0.00    0.00    0.00    10  postgres
05:32:17 PM 100998   3032801    0.00    0.00    0.00    0.00    0.00    12  postgres
05:32:17 PM 100998   3032802    0.00    0.00    0.00    0.00    0.00    10  postgres
05:32:17 PM 100998   3032803    0.00    0.00    0.00    0.00    0.00    10  postgres
05:32:17 PM 100998   3032804    0.00    0.00    0.00    0.00    0.00    10  postgres
05:32:17 PM 100998   3032807    0.00    0.00    0.00    0.00    0.00    10  postgres
05:32:17 PM 100998   3032809    0.00    0.00    0.00    0.00    0.00    12  postgres
05:32:17 PM 100998   3032811    0.00    0.00    0.00    0.00    0.00    12  postgres
05:32:17 PM 100998   3032813    0.00    0.00    0.00    0.00    0.00    12  postgres
05:32:17 PM 100998   3032818    0.00    0.00    0.00    0.00    0.00    10  postgres
05:32:17 PM 100998   3032847    0.00    0.00    0.00    0.00    0.00    10  postgres
05:32:17 PM 100998   3032851    0.00    0.00    0.00    0.00    0.00    12  postgres
05:32:17 PM 100998   3032871    0.00    0.00    0.00    0.00    0.00    12  postgres
05:32:17 PM 100998   3032922    0.00    0.00    0.00    0.00    0.00    12  postgres
05:32:17 PM 100998   3032972    0.00    0.00    0.00    0.00    0.00    14  postgres
05:32:17 PM 100998   3033023    0.00    0.00    0.00    0.00    0.00    12  postgres
05:32:17 PM 100998   3033066    0.00    0.00    0.00    0.00    0.00    14  postgres
05:32:17 PM 100998   3033081    0.00    0.00    0.00    0.00    0.00    14  postgres
05:32:17 PM 100998   3033082    0.00    0.00    0.00    0.00    0.00    14  postgres
05:32:17 PM 100998   3033083    0.00    0.00    0.00    0.00    0.00    12  postgres
05:32:17 PM 100998   3033084    0.00    0.00    0.00    0.00    0.00    14  postgres
05:32:17 PM 100998   3033085    0.00    0.00    0.00    0.00    0.00    14  postgres
05:32:17 PM 100998   3033086    0.00    0.00    0.00    0.00    0.00    10  postgres
05:32:17 PM 100998   3033087    0.00    0.00    0.00    0.00    0.00    10  postgres
05:32:17 PM 100998   3033090    0.00    0.00    0.00    0.00    0.00    12  postgres

05:32:17 PM   UID       PID    %usr %system  %guest   %wait    %CPU   CPU  Command
05:32:18 PM 100998   3032224    0.00    0.00    0.00    0.00    0.00    10  postgres
05:32:18 PM 100998   3032225    0.00    0.00    0.00    0.00    0.00    12  postgres
05:32:18 PM 100998   3032227    0.00    0.00    0.00    0.00    0.00    10  postgres
05:32:18 PM 100998   3032228    0.00    0.00    0.00    0.00    0.00    12  postgres
05:32:18 PM 100998   3032489    0.00    0.00    0.00    0.00    0.00    14  postgres
05:32:18 PM 100998   3032493    0.00    0.00    0.00    0.00    0.00    10  postgres
05:32:18 PM 100998   3032494    0.00    0.00    0.00    0.00    0.00    14  postgres
05:32:18 PM 100998   3032495    0.00    0.00    0.00    0.00    0.00    12  postgres
05:32:18 PM 100998   3032496    0.00    0.00    0.00    0.00    0.00    12  postgres
05:32:18 PM 100998   3032497    0.00    0.00    0.00    0.00    0.00    12  postgres
05:32:18 PM 100998   3032499    0.00    0.00    0.00    0.00    0.00    10  postgres
05:32:18 PM 100998   3032502    0.00    0.00    0.00    0.00    0.00    14  postgres
05:32:18 PM 100998   3032518    0.00    0.00    0.00    0.00    0.00    10  postgres
05:32:18 PM 100998   3032520    0.00    0.00    0.00    0.00    0.00    14  postgres
05:32:18 PM 100998   3032521    0.00    0.00    0.00    0.00    0.00    10  postgres
05:32:18 PM 100998   3032523    0.00    0.00    0.00    0.00    0.00    12  postgres
05:32:18 PM 100998   3032525    0.00    0.00    0.00    0.00    0.00    14  postgres
05:32:18 PM 100998   3032530    0.00    0.00    0.00    0.00    0.00    14  postgres
05:32:18 PM 100998   3032539    0.00    0.00    0.00    0.00    0.00    14  postgres
05:32:18 PM 100998   3032560    0.00    0.00    0.00    0.00    0.00    10  postgres
05:32:18 PM 100998   3032564    0.00    0.00    0.00    0.00    0.00    12  postgres
05:32:18 PM 100998   3032571    0.00    0.00    0.00    0.00    0.00    12  postgres
05:32:18 PM 100998   3032592    0.00    0.00    0.00    0.00    0.00    10  postgres
05:32:18 PM 100998   3032648    0.00    0.00    0.00    0.00    0.00    10  postgres
05:32:18 PM 100998   3032701    0.00    0.00    0.00    0.00    0.00    14  postgres
05:32:18 PM 100998   3032755    0.00    0.00    0.00    0.00    0.00    14  postgres
05:32:18 PM 100998   3032796    0.00    0.00    0.00    0.00    0.00    12  postgres
05:32:18 PM 100998   3032798    0.00    0.00    0.00    0.00    0.00    12  postgres
05:32:18 PM 100998   3032799    0.00    0.00    0.00    0.00    0.00    14  postgres
05:32:18 PM 100998   3032800    0.00    0.00    0.00    0.00    0.00    10  postgres
05:32:18 PM 100998   3032801    0.00    0.00    0.00    0.00    0.00    12  postgres
05:32:18 PM 100998   3032802    0.00    0.00    0.00    0.00    0.00    10  postgres
05:32:18 PM 100998   3032803    0.00    0.00    0.00    0.00    0.00    10  postgres
05:32:18 PM 100998   3032804    0.00    0.00    0.00    0.00    0.00    10  postgres
05:32:18 PM 100998   3032807    0.00    0.00    0.00    0.00    0.00    10  postgres
05:32:18 PM 100998   3032809    0.00    0.00    0.00    0.00    0.00    12  postgres
05:32:18 PM 100998   3032811    0.00    0.00    0.00    0.00    0.00    12  postgres
05:32:18 PM 100998   3032813    0.00    0.00    0.00    0.00    0.00    12  postgres
05:32:18 PM 100998   3032818    0.00    0.00    0.00    0.00    0.00    10  postgres
05:32:18 PM 100998   3032847    0.00    0.00    0.00    0.00    0.00    10  postgres
05:32:18 PM 100998   3032851    0.00    0.00    0.00    0.00    0.00    12  postgres
05:32:18 PM 100998   3032871    0.00    0.00    0.00    0.00    0.00    12  postgres
05:32:18 PM 100998   3032922    0.00    0.00    0.00    0.00    0.00    12  postgres
05:32:18 PM 100998   3032972    0.00    0.00    0.00    0.00    0.00    14  postgres
05:32:18 PM 100998   3033023    0.00    0.00    0.00    0.00    0.00    12  postgres
05:32:18 PM 100998   3033066    0.00    0.00    0.00    0.00    0.00    14  postgres
05:32:18 PM 100998   3033081    0.00    0.00    0.00    0.00    0.00    14  postgres
05:32:18 PM 100998   3033082    0.00    0.00    0.00    0.00    0.00    14  postgres
05:32:18 PM 100998   3033083    0.00    0.00    0.00    0.00    0.00    12  postgres
05:32:18 PM 100998   3033084    0.00    0.00    0.00    0.00    0.00    14  postgres
05:32:18 PM 100998   3033085    0.00    0.00    0.00    0.00    0.00    14  postgres
05:32:18 PM 100998   3033086    0.00    0.00    0.00    0.00    0.00    10  postgres
05:32:18 PM 100998   3033087    0.00    0.00    0.00    0.00    0.00    10  postgres
05:32:18 PM 100998   3033090    0.00    0.00    0.00    0.00    0.00    12  postgres

05:32:18 PM   UID       PID    %usr %system  %guest   %wait    %CPU   CPU  Command
05:32:19 PM 100998   3032224    0.00    0.00    0.00    0.00    0.00    10  postgres
05:32:19 PM 100998   3032225    0.00    0.00    0.00    0.00    0.00    12  postgres
05:32:19 PM 100998   3032227    0.00    0.00    0.00    0.00    0.00    10  postgres
05:32:19 PM 100998   3032228    0.00    0.00    0.00    0.00    0.00    12  postgres
05:32:19 PM 100998   3032489    0.00    0.00    0.00    0.00    0.00    14  postgres
05:32:19 PM 100998   3032493    0.00    0.00    0.00    0.00    0.00    10  postgres
05:32:19 PM 100998   3032494    0.00    0.00    0.00    0.00    0.00    14  postgres
05:32:19 PM 100998   3032495    0.00    0.00    0.00    0.00    0.00    12  postgres
05:32:19 PM 100998   3032496    0.00    0.00    0.00    0.00    0.00    12  postgres
05:32:19 PM 100998   3032497    0.00    0.00    0.00    0.00    0.00    12  postgres
05:32:19 PM 100998   3032499    0.00    0.00    0.00    0.00    0.00    10  postgres
05:32:19 PM 100998   3032502    0.00    0.00    0.00    0.00    0.00    14  postgres
05:32:19 PM 100998   3032518    0.00    0.00    0.00    0.00    0.00    10  postgres
05:32:19 PM 100998   3032520    0.00    0.00    0.00    0.00    0.00    14  postgres
05:32:19 PM 100998   3032521    0.00    0.00    0.00    0.00    0.00    10  postgres
05:32:19 PM 100998   3032523    0.00    0.00    0.00    0.00    0.00    12  postgres
05:32:19 PM 100998   3032525    0.00    0.00    0.00    0.00    0.00    14  postgres
05:32:19 PM 100998   3032530    0.00    0.00    0.00    0.00    0.00    14  postgres
05:32:19 PM 100998   3032539    0.00    0.00    0.00    0.00    0.00    14  postgres
05:32:19 PM 100998   3032560    0.00    0.00    0.00    0.00    0.00    10  postgres
05:32:19 PM 100998   3032564    0.00    0.00    0.00    0.00    0.00    12  postgres
05:32:19 PM 100998   3032571    0.00    0.00    0.00    0.00    0.00    12  postgres
05:32:19 PM 100998   3032592    0.00    0.00    0.00    0.00    0.00    10  postgres
05:32:19 PM 100998   3032648    0.00    0.00    0.00    0.00    0.00    10  postgres
05:32:19 PM 100998   3032701    0.00    0.00    0.00    0.00    0.00    14  postgres
05:32:19 PM 100998   3032755    0.00    0.00    0.00    0.00    0.00    14  postgres
05:32:19 PM 100998   3032796    0.00    0.00    0.00    0.00    0.00    12  postgres
05:32:19 PM 100998   3032798    0.00    0.00    0.00    0.00    0.00    12  postgres
05:32:19 PM 100998   3032799    0.00    0.00    0.00    0.00    0.00    14  postgres
05:32:19 PM 100998   3032800    0.00    0.00    0.00    0.00    0.00    10  postgres
05:32:19 PM 100998   3032801    0.00    0.00    0.00    0.00    0.00    12  postgres
05:32:19 PM 100998   3032802    0.00    0.00    0.00    0.00    0.00    10  postgres
05:32:19 PM 100998   3032803    0.00    0.00    0.00    0.00    0.00    10  postgres
05:32:19 PM 100998   3032804    0.00    0.00    0.00    0.00    0.00    10  postgres
05:32:19 PM 100998   3032807    0.00    0.00    0.00    0.00    0.00    10  postgres
05:32:19 PM 100998   3032809    0.00    0.00    0.00    0.00    0.00    12  postgres
05:32:19 PM 100998   3032811    0.00    0.00    0.00    0.00    0.00    12  postgres
05:32:19 PM 100998   3032813    0.00    0.00    0.00    0.00    0.00    12  postgres
05:32:19 PM 100998   3032818    0.00    0.00    0.00    0.00    0.00    10  postgres
05:32:19 PM 100998   3032847    0.00    0.00    0.00    0.00    0.00    10  postgres
05:32:19 PM 100998   3032851    0.00    0.00    0.00    0.00    0.00    12  postgres
05:32:19 PM 100998   3032871    0.00    0.00    0.00    0.00    0.00    12  postgres
05:32:19 PM 100998   3032922    0.00    0.00    0.00    0.00    0.00    12  postgres
05:32:19 PM 100998   3032972    0.00    0.00    0.00    0.00    0.00    14  postgres
05:32:19 PM 100998   3033023    0.00    0.00    0.00    0.00    0.00    12  postgres
05:32:19 PM 100998   3033066    0.00    0.00    0.00    0.00    0.00    14  postgres
05:32:19 PM 100998   3033081    0.00    0.00    0.00    0.00    0.00    14  postgres
05:32:19 PM 100998   3033082    0.00    0.00    0.00    0.00    0.00    14  postgres
05:32:19 PM 100998   3033083    0.00    0.00    0.00    0.00    0.00    12  postgres
05:32:19 PM 100998   3033084    0.00    0.00    0.00    0.00    0.00    14  postgres
05:32:19 PM 100998   3033085    0.00    0.00    0.00    0.00    0.00    14  postgres
05:32:19 PM 100998   3033086    0.00    0.00    0.00    0.00    0.00    10  postgres
05:32:19 PM 100998   3033087    0.00    0.00    0.00    0.00    0.00    10  postgres
05:32:19 PM 100998   3033090    0.00    0.00    0.00    0.00    0.00    12  postgres

05:32:19 PM   UID       PID    %usr %system  %guest   %wait    %CPU   CPU  Command
05:32:20 PM 100998   3032224    0.00    0.00    0.00    0.00    0.00    10  postgres
05:32:20 PM 100998   3032225    0.00    0.00    0.00    0.00    0.00    12  postgres
05:32:20 PM 100998   3032227    0.00    0.00    0.00    0.00    0.00    10  postgres
05:32:20 PM 100998   3032228    0.00    0.00    0.00    0.00    0.00    12  postgres
05:32:20 PM 100998   3032489    0.00    0.00    0.00    0.00    0.00    14  postgres
05:32:20 PM 100998   3032493    0.00    0.00    0.00    0.00    0.00    10  postgres
05:32:20 PM 100998   3032494    0.00    0.00    0.00    0.00    0.00    14  postgres
05:32:20 PM 100998   3032495    0.00    0.00    0.00    0.00    0.00    12  postgres
05:32:20 PM 100998   3032496    0.00    0.00    0.00    0.00    0.00    12  postgres
05:32:20 PM 100998   3032497    0.00    0.00    0.00    0.00    0.00    12  postgres
05:32:20 PM 100998   3032499    0.00    0.00    0.00    0.00    0.00    10  postgres
05:32:20 PM 100998   3032502    0.00    0.00    0.00    0.00    0.00    14  postgres
05:32:20 PM 100998   3032518    0.00    0.00    0.00    0.00    0.00    10  postgres
05:32:20 PM 100998   3032520    0.00    0.00    0.00    0.00    0.00    14  postgres
05:32:20 PM 100998   3032521    0.00    0.00    0.00    0.00    0.00    10  postgres
05:32:20 PM 100998   3032523    0.00    0.00    0.00    0.00    0.00    12  postgres
05:32:20 PM 100998   3032525    0.00    0.00    0.00    0.00    0.00    14  postgres
05:32:20 PM 100998   3032530    0.00    0.00    0.00    0.00    0.00    14  postgres
05:32:20 PM 100998   3032539    0.00    0.00    0.00    0.00    0.00    14  postgres
05:32:20 PM 100998   3032560    0.00    0.00    0.00    0.00    0.00    10  postgres
05:32:20 PM 100998   3032564    0.00    0.00    0.00    0.00    0.00    12  postgres
05:32:20 PM 100998   3032571    0.00    0.00    0.00    0.00    0.00    12  postgres
05:32:20 PM 100998   3032592    0.00    0.00    0.00    0.00    0.00    10  postgres
05:32:20 PM 100998   3032648    0.00    0.00    0.00    0.00    0.00    10  postgres
05:32:20 PM 100998   3032701    0.00    0.00    0.00    0.00    0.00    14  postgres
05:32:20 PM 100998   3032755    0.00    0.00    0.00    0.00    0.00    14  postgres
05:32:20 PM 100998   3032796    0.00    0.00    0.00    0.00    0.00    12  postgres
05:32:20 PM 100998   3032798    0.00    0.00    0.00    0.00    0.00    12  postgres
05:32:20 PM 100998   3032799    0.00    0.00    0.00    0.00    0.00    14  postgres
05:32:20 PM 100998   3032800    0.00    0.00    0.00    0.00    0.00    10  postgres
05:32:20 PM 100998   3032801    0.00    0.00    0.00    0.00    0.00    12  postgres
05:32:20 PM 100998   3032802    0.00    0.00    0.00    0.00    0.00    10  postgres
05:32:20 PM 100998   3032803    0.00    0.00    0.00    0.00    0.00    10  postgres
05:32:20 PM 100998   3032804    0.00    0.00    0.00    0.00    0.00    10  postgres
05:32:20 PM 100998   3032807    0.00    0.00    0.00    0.00    0.00    10  postgres
05:32:20 PM 100998   3032809    0.00    0.00    0.00    0.00    0.00    12  postgres
05:32:20 PM 100998   3032811    0.00    0.00    0.00    0.00    0.00    12  postgres
05:32:20 PM 100998   3032813    0.00    0.00    0.00    0.00    0.00    12  postgres
05:32:20 PM 100998   3032818    0.00    0.00    0.00    0.00    0.00    10  postgres
05:32:20 PM 100998   3032847    0.00    0.00    0.00    0.00    0.00    10  postgres
05:32:20 PM 100998   3032851    0.00    0.00    0.00    0.00    0.00    12  postgres
05:32:20 PM 100998   3032871    0.00    0.00    0.00    0.00    0.00    12  postgres
05:32:20 PM 100998   3032922    0.00    0.00    0.00    0.00    0.00    12  postgres
05:32:20 PM 100998   3032972    0.00    0.00    0.00    0.00    0.00    14  postgres
05:32:20 PM 100998   3033023    0.00    0.00    0.00    0.00    0.00    12  postgres
05:32:20 PM 100998   3033066    0.00    0.00    0.00    0.00    0.00    14  postgres
05:32:20 PM 100998   3033081    0.00    0.00    0.00    0.00    0.00    14  postgres
05:32:20 PM 100998   3033082    0.00    0.00    0.00    0.00    0.00    14  postgres
05:32:20 PM 100998   3033083    0.00    0.00    0.00    0.00    0.00    12  postgres
05:32:20 PM 100998   3033084    0.00    0.00    0.00    0.00    0.00    14  postgres
05:32:20 PM 100998   3033085    0.00    0.00    0.00    0.00    0.00    14  postgres
05:32:20 PM 100998   3033086    0.00    0.00    0.00    0.00    0.00    10  postgres
05:32:20 PM 100998   3033087    0.00    0.00    0.00    0.00    0.00    10  postgres
05:32:20 PM 100998   3033090    0.00    0.00    0.00    0.00    0.00    12  postgres

05:32:20 PM   UID       PID    %usr %system  %guest   %wait    %CPU   CPU  Command
05:32:21 PM 100998   3032224    0.00    0.00    0.00    0.00    0.00    10  postgres
05:32:21 PM 100998   3032225    0.00    0.00    0.00    0.00    0.00    12  postgres
05:32:21 PM 100998   3032227    0.00    0.00    0.00    0.00    0.00    10  postgres
05:32:21 PM 100998   3032228    0.00    0.00    0.00    0.00    0.00    12  postgres
05:32:21 PM 100998   3032489    0.00    0.00    0.00    0.00    0.00    14  postgres
05:32:21 PM 100998   3032493    0.00    0.00    0.00    0.00    0.00    10  postgres
05:32:21 PM 100998   3032494    0.00    0.00    0.00    0.00    0.00    14  postgres
05:32:21 PM 100998   3032495    0.00    0.00    0.00    0.00    0.00    12  postgres
05:32:21 PM 100998   3032496    0.00    0.00    0.00    0.00    0.00    12  postgres
05:32:21 PM 100998   3032497    0.00    0.00    0.00    0.00    0.00    12  postgres
05:32:21 PM 100998   3032499    0.00    0.00    0.00    0.00    0.00    10  postgres
05:32:21 PM 100998   3032502    0.00    0.00    0.00    0.00    0.00    14  postgres
05:32:21 PM 100998   3032518    0.00    0.00    0.00    0.00    0.00    10  postgres
05:32:21 PM 100998   3032520    0.00    0.00    0.00    0.00    0.00    14  postgres
05:32:21 PM 100998   3032521    0.00    0.00    0.00    0.00    0.00    10  postgres
05:32:21 PM 100998   3032523    0.00    0.00    0.00    0.00    0.00    12  postgres
05:32:21 PM 100998   3032525    0.00    0.00    0.00    0.00    0.00    14  postgres
05:32:21 PM 100998   3032530    0.00    0.00    0.00    0.00    0.00    14  postgres
05:32:21 PM 100998   3032539    0.00    0.00    0.00    0.00    0.00    14  postgres
05:32:21 PM 100998   3032560    0.00    0.00    0.00    0.00    0.00    10  postgres
05:32:21 PM 100998   3032564    0.00    0.00    0.00    0.00    0.00    12  postgres
05:32:21 PM 100998   3032571    0.00    0.00    0.00    0.00    0.00    12  postgres
05:32:21 PM 100998   3032592    0.00    0.00    0.00    0.00    0.00    10  postgres
05:32:21 PM 100998   3032648    0.00    0.00    0.00    0.00    0.00    10  postgres
05:32:21 PM 100998   3032701    0.00    0.00    0.00    0.00    0.00    14  postgres
05:32:21 PM 100998   3032755    0.00    0.00    0.00    0.00    0.00    14  postgres
05:32:21 PM 100998   3032796    0.00    0.00    0.00    0.00    0.00    12  postgres
05:32:21 PM 100998   3032798    0.00    0.00    0.00    0.00    0.00    12  postgres
05:32:21 PM 100998   3032799    0.00    0.00    0.00    0.00    0.00    14  postgres
05:32:21 PM 100998   3032800    0.00    0.00    0.00    0.00    0.00    10  postgres
05:32:21 PM 100998   3032801    0.00    0.00    0.00    0.00    0.00    12  postgres
05:32:21 PM 100998   3032802    0.00    0.00    0.00    0.00    0.00    10  postgres
05:32:21 PM 100998   3032803    0.00    0.00    0.00    0.00    0.00    10  postgres
05:32:21 PM 100998   3032804    0.00    0.00    0.00    0.00    0.00    10  postgres
05:32:21 PM 100998   3032807    0.00    0.00    0.00    0.00    0.00    10  postgres
05:32:21 PM 100998   3032809    0.00    0.00    0.00    0.00    0.00    12  postgres
05:32:21 PM 100998   3032811    0.00    0.00    0.00    0.00    0.00    12  postgres
05:32:21 PM 100998   3032813    0.00    0.00    0.00    0.00    0.00    12  postgres
05:32:21 PM 100998   3032818    0.00    0.00    0.00    0.00    0.00    10  postgres
05:32:21 PM 100998   3032847    0.00    0.00    0.00    0.00    0.00    10  postgres
05:32:21 PM 100998   3032851    0.00    0.00    0.00    0.00    0.00    12  postgres
05:32:21 PM 100998   3032871    0.00    0.00    0.00    0.00    0.00    12  postgres
05:32:21 PM 100998   3032922    0.00    0.00    0.00    0.00    0.00    12  postgres
05:32:21 PM 100998   3032972    0.00    0.00    0.00    0.00    0.00    14  postgres
05:32:21 PM 100998   3033023    0.00    0.00    0.00    0.00    0.00    12  postgres
05:32:21 PM 100998   3033066    0.00    0.00    0.00    0.00    0.00    14  postgres
05:32:21 PM 100998   3033081    0.00    0.00    0.00    0.00    0.00    14  postgres
05:32:21 PM 100998   3033082    0.00    0.00    0.00    0.00    0.00    14  postgres
05:32:21 PM 100998   3033083    0.00    0.00    0.00    0.00    0.00    12  postgres
05:32:21 PM 100998   3033084    0.00    0.00    0.00    0.00    0.00    14  postgres
05:32:21 PM 100998   3033085    0.00    0.00    0.00    0.00    0.00    14  postgres
05:32:21 PM 100998   3033086    0.00    0.00    0.00    0.00    0.00    10  postgres
05:32:21 PM 100998   3033087    0.00    0.00    0.00    0.00    0.00    10  postgres
05:32:21 PM 100998   3033090    0.00    0.00    0.00    0.00    0.00    12  postgres

05:32:21 PM   UID       PID    %usr %system  %guest   %wait    %CPU   CPU  Command
05:32:22 PM 100998   3032224    0.00    0.00    0.00    0.00    0.00    10  postgres
05:32:22 PM 100998   3032225    0.00    0.00    0.00    0.00    0.00    12  postgres
05:32:22 PM 100998   3032227    0.00    0.00    0.00    0.00    0.00    10  postgres
05:32:22 PM 100998   3032228    0.00    0.00    0.00    0.00    0.00    12  postgres
05:32:22 PM 100998   3032489    0.00    0.00    0.00    0.00    0.00    14  postgres
05:32:22 PM 100998   3032493    0.00    0.00    0.00    0.00    0.00    10  postgres
05:32:22 PM 100998   3032494    0.00    0.00    0.00    0.00    0.00    14  postgres
05:32:22 PM 100998   3032495    0.00    0.00    0.00    0.00    0.00    12  postgres
05:32:22 PM 100998   3032496    0.00    0.00    0.00    0.00    0.00    12  postgres
05:32:22 PM 100998   3032497    0.00    0.00    0.00    0.00    0.00    12  postgres
05:32:22 PM 100998   3032499    0.00    0.00    0.00    0.00    0.00    10  postgres
05:32:22 PM 100998   3032502    0.00    0.00    0.00    0.00    0.00    14  postgres
05:32:22 PM 100998   3032518    0.00    0.00    0.00    0.00    0.00    10  postgres
05:32:22 PM 100998   3032520    0.00    0.00    0.00    0.00    0.00    14  postgres
05:32:22 PM 100998   3032521    0.00    0.00    0.00    0.00    0.00    10  postgres
05:32:22 PM 100998   3032523    0.00    0.00    0.00    0.00    0.00    12  postgres
05:32:22 PM 100998   3032525    0.00    0.00    0.00    0.00    0.00    14  postgres
05:32:22 PM 100998   3032530    0.00    0.00    0.00    0.00    0.00    14  postgres
05:32:22 PM 100998   3032539    0.00    0.00    0.00    0.00    0.00    14  postgres
05:32:22 PM 100998   3032560    0.00    0.00    0.00    0.00    0.00    10  postgres
05:32:22 PM 100998   3032564    0.00    0.00    0.00    0.00    0.00    12  postgres
05:32:22 PM 100998   3032571    0.00    0.00    0.00    0.00    0.00    12  postgres
05:32:22 PM 100998   3032592    0.00    0.00    0.00    0.00    0.00    10  postgres
05:32:22 PM 100998   3032648    0.00    0.00    0.00    0.00    0.00    10  postgres
05:32:22 PM 100998   3032701    0.00    0.00    0.00    0.00    0.00    14  postgres
05:32:22 PM 100998   3032755    0.00    0.00    0.00    0.00    0.00    14  postgres
05:32:22 PM 100998   3032796    0.00    0.00    0.00    0.00    0.00    12  postgres
05:32:22 PM 100998   3032798    0.00    0.00    0.00    0.00    0.00    12  postgres
05:32:22 PM 100998   3032799    0.00    0.00    0.00    0.00    0.00    14  postgres
05:32:22 PM 100998   3032800    0.00    0.00    0.00    0.00    0.00    10  postgres
05:32:22 PM 100998   3032801    0.00    0.00    0.00    0.00    0.00    12  postgres
05:32:22 PM 100998   3032802    0.00    0.00    0.00    0.00    0.00    10  postgres
05:32:22 PM 100998   3032803    0.00    0.00    0.00    0.00    0.00    10  postgres
05:32:22 PM 100998   3032804    0.00    0.00    0.00    0.00    0.00    10  postgres
05:32:22 PM 100998   3032807    0.00    0.00    0.00    0.00    0.00    10  postgres
05:32:22 PM 100998   3032809    0.00    0.00    0.00    0.00    0.00    12  postgres
05:32:22 PM 100998   3032811    0.00    0.00    0.00    0.00    0.00    12  postgres
05:32:22 PM 100998   3032813    0.00    0.00    0.00    0.00    0.00    12  postgres
05:32:22 PM 100998   3032818    0.00    0.00    0.00    0.00    0.00    10  postgres
05:32:22 PM 100998   3032847    0.00    0.00    0.00    0.00    0.00    10  postgres
05:32:22 PM 100998   3032851    0.00    0.00    0.00    0.00    0.00    12  postgres
05:32:22 PM 100998   3032871    0.00    0.00    0.00    0.00    0.00    12  postgres
05:32:22 PM 100998   3032922    0.00    0.00    0.00    0.00    0.00    12  postgres
05:32:22 PM 100998   3032972    0.00    0.00    0.00    0.00    0.00    14  postgres
05:32:22 PM 100998   3033023    0.00    0.00    0.00    0.00    0.00    12  postgres
05:32:22 PM 100998   3033066    0.00    0.00    0.00    0.00    0.00    14  postgres
05:32:22 PM 100998   3033081    0.00    0.00    0.00    0.00    0.00    14  postgres
05:32:22 PM 100998   3033082    0.00    0.00    0.00    0.00    0.00    14  postgres
05:32:22 PM 100998   3033083    0.00    0.00    0.00    0.00    0.00    12  postgres
05:32:22 PM 100998   3033084    0.00    0.00    0.00    0.00    0.00    14  postgres
05:32:22 PM 100998   3033085    0.00    0.00    0.00    0.00    0.00    14  postgres
05:32:22 PM 100998   3033086    0.00    0.00    0.00    0.00    0.00    10  postgres
05:32:22 PM 100998   3033087    0.00    0.00    0.00    0.00    0.00    10  postgres
05:32:22 PM 100998   3033090    0.00    0.00    0.00    0.00    0.00    12  postgres

05:32:22 PM   UID       PID    %usr %system  %guest   %wait    %CPU   CPU  Command
05:32:23 PM 100998   3032224    0.00    0.00    0.00    0.00    0.00    10  postgres
05:32:23 PM 100998   3032225    0.00    0.00    0.00    0.00    0.00    12  postgres
05:32:23 PM 100998   3032227    0.00    0.00    0.00    0.00    0.00    10  postgres
05:32:23 PM 100998   3032228    0.00    0.00    0.00    0.00    0.00    12  postgres
05:32:23 PM 100998   3032489    0.00    0.00    0.00    0.00    0.00    14  postgres
05:32:23 PM 100998   3032493    0.00    0.00    0.00    0.00    0.00    10  postgres
05:32:23 PM 100998   3032494    0.00    0.00    0.00    0.00    0.00    14  postgres
05:32:23 PM 100998   3032495    0.00    0.00    0.00    0.00    0.00    12  postgres
05:32:23 PM 100998   3032496    0.00    0.00    0.00    0.00    0.00    12  postgres
05:32:23 PM 100998   3032497    0.00    0.00    0.00    0.00    0.00    12  postgres
05:32:23 PM 100998   3032499    0.00    0.00    0.00    0.00    0.00    10  postgres
05:32:23 PM 100998   3032502    0.00    0.00    0.00    0.00    0.00    14  postgres
05:32:23 PM 100998   3032518    0.00    0.00    0.00    0.00    0.00    10  postgres
05:32:23 PM 100998   3032520    0.00    0.00    0.00    0.00    0.00    14  postgres
05:32:23 PM 100998   3032521    0.00    0.00    0.00    0.00    0.00    10  postgres
05:32:23 PM 100998   3032523    0.00    0.00    0.00    0.00    0.00    12  postgres
05:32:23 PM 100998   3032525    0.00    0.00    0.00    0.00    0.00    14  postgres
05:32:23 PM 100998   3032530    0.00    0.00    0.00    0.00    0.00    14  postgres
05:32:23 PM 100998   3032539    0.00    0.00    0.00    0.00    0.00    14  postgres
05:32:23 PM 100998   3032560    0.00    0.00    0.00    0.00    0.00    10  postgres
05:32:23 PM 100998   3032564    0.00    0.00    0.00    0.00    0.00    12  postgres
05:32:23 PM 100998   3032571    0.00    0.00    0.00    0.00    0.00    12  postgres
05:32:23 PM 100998   3032592    0.00    0.00    0.00    0.00    0.00    10  postgres
05:32:23 PM 100998   3032648    0.00    0.00    0.00    0.00    0.00    10  postgres
05:32:23 PM 100998   3032701    0.00    0.00    0.00    0.00    0.00    14  postgres
05:32:23 PM 100998   3032755    0.00    0.00    0.00    0.00    0.00    14  postgres
05:32:23 PM 100998   3032796    0.00    0.00    0.00    0.00    0.00    12  postgres
05:32:23 PM 100998   3032798    0.00    0.00    0.00    0.00    0.00    12  postgres
05:32:23 PM 100998   3032799    0.00    0.00    0.00    0.00    0.00    14  postgres
05:32:23 PM 100998   3032800    0.00    0.00    0.00    0.00    0.00    10  postgres
05:32:23 PM 100998   3032801    0.00    0.00    0.00    0.00    0.00    12  postgres
05:32:23 PM 100998   3032802    0.00    0.00    0.00    0.00    0.00    10  postgres
05:32:23 PM 100998   3032803    0.00    0.00    0.00    0.00    0.00    10  postgres
05:32:23 PM 100998   3032804    0.00    0.00    0.00    0.00    0.00    10  postgres
05:32:23 PM 100998   3032807    0.00    0.00    0.00    0.00    0.00    10  postgres
05:32:23 PM 100998   3032809    0.00    0.00    0.00    0.00    0.00    12  postgres
05:32:23 PM 100998   3032811    0.00    0.00    0.00    0.00    0.00    12  postgres
05:32:23 PM 100998   3032813    0.00    0.00    0.00    0.00    0.00    12  postgres
05:32:23 PM 100998   3032818    0.00    0.00    0.00    0.00    0.00    10  postgres
05:32:23 PM 100998   3032847    0.00    0.00    0.00    0.00    0.00    10  postgres
05:32:23 PM 100998   3032851    0.00    0.00    0.00    0.00    0.00    12  postgres
05:32:23 PM 100998   3032871    0.00    0.00    0.00    0.00    0.00    12  postgres
05:32:23 PM 100998   3032922    0.00    0.00    0.00    0.00    0.00    12  postgres
05:32:23 PM 100998   3032972    0.00    0.00    0.00    0.00    0.00    14  postgres
05:32:23 PM 100998   3033023    0.00    0.00    0.00    0.00    0.00    12  postgres
05:32:23 PM 100998   3033066    0.00    0.00    0.00    0.00    0.00    14  postgres
05:32:23 PM 100998   3033081    0.00    0.00    0.00    0.00    0.00    14  postgres
05:32:23 PM 100998   3033082    0.00    0.00    0.00    0.00    0.00    14  postgres
05:32:23 PM 100998   3033083    0.00    0.00    0.00    0.00    0.00    12  postgres
05:32:23 PM 100998   3033084    0.00    0.00    0.00    0.00    0.00    14  postgres
05:32:23 PM 100998   3033085    0.00    0.00    0.00    0.00    0.00    14  postgres
05:32:23 PM 100998   3033086    0.00    0.00    0.00    0.00    0.00    10  postgres
05:32:23 PM 100998   3033087    0.00    0.00    0.00    0.00    0.00    10  postgres
05:32:23 PM 100998   3033090    0.00    0.00    0.00    0.00    0.00    12  postgres

05:32:23 PM   UID       PID    %usr %system  %guest   %wait    %CPU   CPU  Command
05:32:24 PM 100998   3032224    0.00    0.00    0.00    0.00    0.00    10  postgres
05:32:24 PM 100998   3032225    0.00    0.00    0.00    0.00    0.00    12  postgres
05:32:24 PM 100998   3032227    0.00    0.00    0.00    0.00    0.00    10  postgres
05:32:24 PM 100998   3032228    0.00    0.00    0.00    0.00    0.00    12  postgres
05:32:24 PM 100998   3032489    0.00    0.00    0.00    0.00    0.00    14  postgres
05:32:24 PM 100998   3032493    0.00    0.00    0.00    0.00    0.00    10  postgres
05:32:24 PM 100998   3032494    0.00    0.00    0.00    0.00    0.00    14  postgres
05:32:24 PM 100998   3032495    0.00    0.00    0.00    0.00    0.00    12  postgres
05:32:24 PM 100998   3032496    0.00    0.00    0.00    0.00    0.00    12  postgres
05:32:24 PM 100998   3032497    0.00    0.00    0.00    0.00    0.00    12  postgres
05:32:24 PM 100998   3032499    0.00    0.00    0.00    0.00    0.00    10  postgres
05:32:24 PM 100998   3032502    0.00    0.00    0.00    0.00    0.00    14  postgres
05:32:24 PM 100998   3032518    0.00    0.00    0.00    0.00    0.00    10  postgres
05:32:24 PM 100998   3032520    0.00    0.00    0.00    0.00    0.00    14  postgres
05:32:24 PM 100998   3032521    0.00    0.00    0.00    0.00    0.00    10  postgres
05:32:24 PM 100998   3032523    0.00    0.00    0.00    0.00    0.00    12  postgres
05:32:24 PM 100998   3032525    0.00    0.00    0.00    0.00    0.00    14  postgres
05:32:24 PM 100998   3032530    0.00    0.00    0.00    0.00    0.00    14  postgres
05:32:24 PM 100998   3032539    0.00    0.00    0.00    0.00    0.00    14  postgres
05:32:24 PM 100998   3032560    0.00    0.00    0.00    0.00    0.00    10  postgres
05:32:24 PM 100998   3032564    0.00    0.00    0.00    0.00    0.00    12  postgres
05:32:24 PM 100998   3032571    0.00    0.00    0.00    0.00    0.00    12  postgres
05:32:24 PM 100998   3032592    0.00    0.00    0.00    0.00    0.00    10  postgres
05:32:24 PM 100998   3032648    0.00    0.00    0.00    0.00    0.00    10  postgres
05:32:24 PM 100998   3032701    0.00    0.00    0.00    0.00    0.00    14  postgres
05:32:24 PM 100998   3032755    0.00    0.00    0.00    0.00    0.00    14  postgres
05:32:24 PM 100998   3032796    0.00    0.00    0.00    0.00    0.00    12  postgres
05:32:24 PM 100998   3032798    0.00    0.00    0.00    0.00    0.00    12  postgres
05:32:24 PM 100998   3032799    0.00    0.00    0.00    0.00    0.00    14  postgres
05:32:24 PM 100998   3032800    0.00    0.00    0.00    0.00    0.00    10  postgres
05:32:24 PM 100998   3032801    0.00    0.00    0.00    0.00    0.00    12  postgres
05:32:24 PM 100998   3032802    0.00    0.00    0.00    0.00    0.00    10  postgres
05:32:24 PM 100998   3032803    0.00    0.00    0.00    0.00    0.00    10  postgres
05:32:24 PM 100998   3032804    0.00    0.00    0.00    0.00    0.00    10  postgres
05:32:24 PM 100998   3032807    0.00    0.00    0.00    0.00    0.00    10  postgres
05:32:24 PM 100998   3032809    0.00    0.00    0.00    0.00    0.00    12  postgres
05:32:24 PM 100998   3032811    0.00    0.00    0.00    0.00    0.00    12  postgres
05:32:24 PM 100998   3032813    0.00    0.00    0.00    0.00    0.00    12  postgres
05:32:24 PM 100998   3032818    0.00    0.00    0.00    0.00    0.00    10  postgres
05:32:24 PM 100998   3032847    0.00    0.00    0.00    0.00    0.00    10  postgres
05:32:24 PM 100998   3032851    0.00    0.00    0.00    0.00    0.00    12  postgres
05:32:24 PM 100998   3032871    0.00    0.00    0.00    0.00    0.00    12  postgres
05:32:24 PM 100998   3032922    0.00    0.00    0.00    0.00    0.00    12  postgres
05:32:24 PM 100998   3032972    0.00    0.00    0.00    0.00    0.00    14  postgres
05:32:24 PM 100998   3033023    0.00    0.00    0.00    0.00    0.00    12  postgres
05:32:24 PM 100998   3033066    0.00    0.00    0.00    0.00    0.00    14  postgres
05:32:24 PM 100998   3033081    0.00    0.00    0.00    0.00    0.00    14  postgres
05:32:24 PM 100998   3033082    0.00    0.00    0.00    0.00    0.00    14  postgres
05:32:24 PM 100998   3033083    0.00    0.00    0.00    0.00    0.00    12  postgres
05:32:24 PM 100998   3033084    0.00    0.00    0.00    0.00    0.00    14  postgres
05:32:24 PM 100998   3033085    0.00    0.00    0.00    0.00    0.00    14  postgres
05:32:24 PM 100998   3033086    0.00    0.00    0.00    0.00    0.00    10  postgres
05:32:24 PM 100998   3033087    0.00    0.00    0.00    0.00    0.00    10  postgres
05:32:24 PM 100998   3033090    0.00    0.00    0.00    0.00    0.00    12  postgres

05:32:24 PM   UID       PID    %usr %system  %guest   %wait    %CPU   CPU  Command
05:32:25 PM 100998   3032224    0.00    0.00    0.00    0.00    0.00    10  postgres
05:32:25 PM 100998   3032225    0.00    0.00    0.00    0.00    0.00    12  postgres
05:32:25 PM 100998   3032227    0.00    0.00    0.00    0.00    0.00    10  postgres
05:32:25 PM 100998   3032228    0.00    0.00    0.00    0.00    0.00    12  postgres
05:32:25 PM 100998   3032489    0.00    0.00    0.00    0.00    0.00    14  postgres
05:32:25 PM 100998   3032493    0.00    0.00    0.00    0.00    0.00    10  postgres
05:32:25 PM 100998   3032494    0.00    0.00    0.00    0.00    0.00    14  postgres
05:32:25 PM 100998   3032495    0.00    0.00    0.00    0.00    0.00    12  postgres
05:32:25 PM 100998   3032496    0.00    0.00    0.00    0.00    0.00    12  postgres
05:32:25 PM 100998   3032497    0.00    0.00    0.00    0.00    0.00    12  postgres
05:32:25 PM 100998   3032499    0.00    0.00    0.00    0.00    0.00    10  postgres
05:32:25 PM 100998   3032502    0.00    0.00    0.00    0.00    0.00    14  postgres
05:32:25 PM 100998   3032518    0.00    0.00    0.00    0.00    0.00    10  postgres
05:32:25 PM 100998   3032520    0.00    0.00    0.00    0.00    0.00    14  postgres
05:32:25 PM 100998   3032521    0.00    0.00    0.00    0.00    0.00    10  postgres
05:32:25 PM 100998   3032523    0.00    0.00    0.00    0.00    0.00    12  postgres
05:32:25 PM 100998   3032525    0.00    0.00    0.00    0.00    0.00    14  postgres
05:32:25 PM 100998   3032530    0.00    0.00    0.00    0.00    0.00    14  postgres
05:32:25 PM 100998   3032539    0.00    0.00    0.00    0.00    0.00    14  postgres
05:32:25 PM 100998   3032560    0.00    0.00    0.00    0.00    0.00    10  postgres
05:32:25 PM 100998   3032564    0.00    0.00    0.00    0.00    0.00    12  postgres
05:32:25 PM 100998   3032571    0.00    0.00    0.00    0.00    0.00    12  postgres
05:32:25 PM 100998   3032592    0.00    0.00    0.00    0.00    0.00    10  postgres
05:32:25 PM 100998   3032648    0.00    0.00    0.00    0.00    0.00    10  postgres
05:32:25 PM 100998   3032701    0.00    0.00    0.00    0.00    0.00    14  postgres
05:32:25 PM 100998   3032755    0.00    0.00    0.00    0.00    0.00    14  postgres
05:32:25 PM 100998   3032796    0.00    0.00    0.00    0.00    0.00    12  postgres
05:32:25 PM 100998   3032798    0.00    0.00    0.00    0.00    0.00    12  postgres
05:32:25 PM 100998   3032799    0.00    0.00    0.00    0.00    0.00    14  postgres
05:32:25 PM 100998   3032800    0.00    0.00    0.00    0.00    0.00    10  postgres
05:32:25 PM 100998   3032801    0.00    0.00    0.00    0.00    0.00    12  postgres
05:32:25 PM 100998   3032802    0.00    0.00    0.00    0.00    0.00    10  postgres
05:32:25 PM 100998   3032803    0.00    0.00    0.00    0.00    0.00    10  postgres
05:32:25 PM 100998   3032804    0.00    0.00    0.00    0.00    0.00    10  postgres
05:32:25 PM 100998   3032807    0.00    0.00    0.00    0.00    0.00    10  postgres
05:32:25 PM 100998   3032809    0.00    0.00    0.00    0.00    0.00    12  postgres
05:32:25 PM 100998   3032811    0.00    0.00    0.00    0.00    0.00    12  postgres
05:32:25 PM 100998   3032813    0.00    0.00    0.00    0.00    0.00    12  postgres
05:32:25 PM 100998   3032818    0.00    0.00    0.00    0.00    0.00    10  postgres
05:32:25 PM 100998   3032847    0.00    0.00    0.00    0.00    0.00    10  postgres
05:32:25 PM 100998   3032851    0.00    0.00    0.00    0.00    0.00    12  postgres
05:32:25 PM 100998   3032871    0.00    0.00    0.00    0.00    0.00    12  postgres
05:32:25 PM 100998   3032922    0.00    0.00    0.00    0.00    0.00    12  postgres
05:32:25 PM 100998   3032972    0.00    0.00    0.00    0.00    0.00    14  postgres
05:32:25 PM 100998   3033023    0.00    0.00    0.00    0.00    0.00    12  postgres
05:32:25 PM 100998   3033066    0.00    0.00    0.00    0.00    0.00    14  postgres
05:32:25 PM 100998   3033081    0.00    0.00    0.00    0.00    0.00    14  postgres
05:32:25 PM 100998   3033082    0.00    0.00    0.00    0.00    0.00    14  postgres
05:32:25 PM 100998   3033083    0.00    0.00    0.00    0.00    0.00    12  postgres
05:32:25 PM 100998   3033084    0.00    0.00    0.00    0.00    0.00    14  postgres
05:32:25 PM 100998   3033085    0.00    0.00    0.00    0.00    0.00    14  postgres
05:32:25 PM 100998   3033086    0.00    0.00    0.00    0.00    0.00    10  postgres
05:32:25 PM 100998   3033087    0.00    0.00    0.00    0.00    0.00    10  postgres
05:32:25 PM 100998   3033090    0.00    0.00    0.00    0.00    0.00    12  postgres

05:32:25 PM   UID       PID    %usr %system  %guest   %wait    %CPU   CPU  Command
05:32:26 PM 100998   3032224    0.00    0.00    0.00    0.00    0.00    10  postgres
05:32:26 PM 100998   3032225    0.00    0.00    0.00    0.00    0.00    12  postgres
05:32:26 PM 100998   3032227    0.00    0.00    0.00    0.00    0.00    10  postgres
05:32:26 PM 100998   3032228    0.00    0.00    0.00    0.00    0.00    12  postgres
05:32:26 PM 100998   3032489    0.00    0.00    0.00    0.00    0.00    14  postgres
05:32:26 PM 100998   3032493    0.00    0.00    0.00    0.00    0.00    10  postgres
05:32:26 PM 100998   3032494    0.00    0.00    0.00    0.00    0.00    14  postgres
05:32:26 PM 100998   3032495    0.00    0.00    0.00    0.00    0.00    12  postgres
05:32:26 PM 100998   3032496    0.00    0.00    0.00    0.00    0.00    12  postgres
05:32:26 PM 100998   3032497    0.00    0.00    0.00    0.00    0.00    12  postgres
05:32:26 PM 100998   3032499    0.00    0.00    0.00    0.00    0.00    10  postgres
05:32:26 PM 100998   3032502    0.00    0.00    0.00    0.00    0.00    14  postgres
05:32:26 PM 100998   3032518    0.00    0.00    0.00    0.00    0.00    10  postgres
05:32:26 PM 100998   3032520    0.00    0.00    0.00    0.00    0.00    14  postgres
05:32:26 PM 100998   3032521    0.00    0.00    0.00    0.00    0.00    10  postgres
05:32:26 PM 100998   3032523    0.00    0.00    0.00    0.00    0.00    12  postgres
05:32:26 PM 100998   3032525    0.00    0.00    0.00    0.00    0.00    14  postgres
05:32:26 PM 100998   3032530    0.00    0.00    0.00    0.00    0.00    14  postgres
05:32:26 PM 100998   3032539    0.00    0.00    0.00    0.00    0.00    14  postgres
05:32:26 PM 100998   3032560    0.00    0.00    0.00    0.00    0.00    10  postgres
05:32:26 PM 100998   3032564    0.00    0.00    0.00    0.00    0.00    12  postgres
05:32:26 PM 100998   3032571    0.00    0.00    0.00    0.00    0.00    12  postgres
05:32:26 PM 100998   3032592    0.00    0.00    0.00    0.00    0.00    10  postgres
05:32:26 PM 100998   3032648    0.00    0.00    0.00    0.00    0.00    10  postgres
05:32:26 PM 100998   3032701    0.00    0.00    0.00    0.00    0.00    14  postgres
05:32:26 PM 100998   3032755    0.00    0.00    0.00    0.00    0.00    14  postgres
05:32:26 PM 100998   3032796    0.00    0.00    0.00    0.00    0.00    12  postgres
05:32:26 PM 100998   3032798    0.00    0.00    0.00    0.00    0.00    12  postgres
05:32:26 PM 100998   3032799    0.00    0.00    0.00    0.00    0.00    14  postgres
05:32:26 PM 100998   3032800    0.00    0.00    0.00    0.00    0.00    10  postgres
05:32:26 PM 100998   3032801    0.00    0.00    0.00    0.00    0.00    12  postgres
05:32:26 PM 100998   3032802    0.00    0.00    0.00    0.00    0.00    10  postgres
05:32:26 PM 100998   3032803    0.00    0.00    0.00    0.00    0.00    10  postgres
05:32:26 PM 100998   3032804    0.00    0.00    0.00    0.00    0.00    10  postgres
05:32:26 PM 100998   3032807    0.00    0.00    0.00    0.00    0.00    10  postgres
05:32:26 PM 100998   3032809    0.00    0.00    0.00    0.00    0.00    12  postgres
05:32:26 PM 100998   3032811    0.00    0.00    0.00    0.00    0.00    12  postgres
05:32:26 PM 100998   3032813    0.00    0.00    0.00    0.00    0.00    12  postgres
05:32:26 PM 100998   3032818    0.00    0.00    0.00    0.00    0.00    10  postgres
05:32:26 PM 100998   3032847    0.00    0.00    0.00    0.00    0.00    10  postgres
05:32:26 PM 100998   3032851    0.00    0.00    0.00    0.00    0.00    12  postgres
05:32:26 PM 100998   3032871    0.00    0.00    0.00    0.00    0.00    12  postgres
05:32:26 PM 100998   3032922    0.00    0.00    0.00    0.00    0.00    12  postgres
05:32:26 PM 100998   3032972    0.00    0.00    0.00    0.00    0.00    14  postgres
05:32:26 PM 100998   3033023    0.00    0.00    0.00    0.00    0.00    12  postgres
05:32:26 PM 100998   3033066    0.00    0.00    0.00    0.00    0.00    14  postgres
05:32:26 PM 100998   3033081    0.00    0.00    0.00    0.00    0.00    14  postgres
05:32:26 PM 100998   3033082    0.00    0.00    0.00    0.00    0.00    14  postgres
05:32:26 PM 100998   3033083    0.00    0.00    0.00    0.00    0.00    12  postgres
05:32:26 PM 100998   3033084    0.00    0.00    0.00    0.00    0.00    14  postgres
05:32:26 PM 100998   3033085    0.00    0.00    0.00    0.00    0.00    14  postgres
05:32:26 PM 100998   3033086    0.00    0.00    0.00    0.00    0.00    10  postgres
05:32:26 PM 100998   3033087    0.00    0.00    0.00    0.00    0.00    10  postgres
05:32:26 PM 100998   3033090    0.00    0.00    0.00    0.00    0.00    12  postgres

05:32:26 PM   UID       PID    %usr %system  %guest   %wait    %CPU   CPU  Command
05:32:27 PM 100998   3032224    0.00    0.00    0.00    0.00    0.00    10  postgres
05:32:27 PM 100998   3032225    0.00    0.00    0.00    0.00    0.00    12  postgres
05:32:27 PM 100998   3032227    0.00    0.00    0.00    0.00    0.00    10  postgres
05:32:27 PM 100998   3032228    0.00    0.00    0.00    0.00    0.00    12  postgres
05:32:27 PM 100998   3032489    0.00    0.00    0.00    0.00    0.00    14  postgres
05:32:27 PM 100998   3032493    0.00    0.00    0.00    0.00    0.00    10  postgres
05:32:27 PM 100998   3032494    0.00    0.00    0.00    0.00    0.00    14  postgres
05:32:27 PM 100998   3032495    0.00    0.00    0.00    0.00    0.00    12  postgres
05:32:27 PM 100998   3032496    0.00    0.00    0.00    0.00    0.00    12  postgres
05:32:27 PM 100998   3032497    0.00    0.00    0.00    0.00    0.00    12  postgres
05:32:27 PM 100998   3032499    0.00    0.00    0.00    0.00    0.00    10  postgres
05:32:27 PM 100998   3032502    0.00    0.00    0.00    0.00    0.00    14  postgres
05:32:27 PM 100998   3032518    0.00    0.00    0.00    0.00    0.00    10  postgres
05:32:27 PM 100998   3032520    0.00    0.00    0.00    0.00    0.00    14  postgres
05:32:27 PM 100998   3032521    0.00    0.00    0.00    0.00    0.00    10  postgres
05:32:27 PM 100998   3032523    0.00    0.00    0.00    0.00    0.00    12  postgres
05:32:27 PM 100998   3032525    0.00    0.00    0.00    0.00    0.00    14  postgres
05:32:27 PM 100998   3032530    0.00    0.00    0.00    0.00    0.00    14  postgres
05:32:27 PM 100998   3032539    0.00    0.00    0.00    0.00    0.00    14  postgres
05:32:27 PM 100998   3032560    0.00    0.00    0.00    0.00    0.00    10  postgres
05:32:27 PM 100998   3032564    0.00    0.00    0.00    0.00    0.00    12  postgres
05:32:27 PM 100998   3032571    0.00    0.00    0.00    0.00    0.00    12  postgres
05:32:27 PM 100998   3032592    0.00    0.00    0.00    0.00    0.00    10  postgres
05:32:27 PM 100998   3032648    0.00    0.00    0.00    0.00    0.00    10  postgres
05:32:27 PM 100998   3032701    0.00    0.00    0.00    0.00    0.00    14  postgres
05:32:27 PM 100998   3032755    0.00    0.00    0.00    0.00    0.00    14  postgres
05:32:27 PM 100998   3032796    0.00    0.00    0.00    0.00    0.00    12  postgres
05:32:27 PM 100998   3032798    0.00    0.00    0.00    0.00    0.00    12  postgres
05:32:27 PM 100998   3032799    0.00    0.00    0.00    0.00    0.00    14  postgres
05:32:27 PM 100998   3032800    0.00    0.00    0.00    0.00    0.00    10  postgres
05:32:27 PM 100998   3032801    0.00    0.00    0.00    0.00    0.00    12  postgres
05:32:27 PM 100998   3032802    0.00    0.00    0.00    0.00    0.00    10  postgres
05:32:27 PM 100998   3032803    0.00    0.00    0.00    0.00    0.00    10  postgres
05:32:27 PM 100998   3032804    0.00    0.00    0.00    0.00    0.00    10  postgres
05:32:27 PM 100998   3032807    0.00    0.00    0.00    0.00    0.00    10  postgres
05:32:27 PM 100998   3032809    0.00    0.00    0.00    0.00    0.00    12  postgres
05:32:27 PM 100998   3032811    0.00    0.00    0.00    0.00    0.00    12  postgres
05:32:27 PM 100998   3032813    0.00    0.00    0.00    0.00    0.00    12  postgres
05:32:27 PM 100998   3032818    0.00    0.00    0.00    0.00    0.00    10  postgres
05:32:27 PM 100998   3032847    0.00    0.00    0.00    0.00    0.00    10  postgres
05:32:27 PM 100998   3032851    0.00    0.00    0.00    0.00    0.00    12  postgres
05:32:27 PM 100998   3032871    0.00    0.00    0.00    0.00    0.00    12  postgres
05:32:27 PM 100998   3032922    0.00    0.00    0.00    0.00    0.00    12  postgres
05:32:27 PM 100998   3032972    0.00    0.00    0.00    0.00    0.00    14  postgres
05:32:27 PM 100998   3033023    0.00    0.00    0.00    0.00    0.00    12  postgres
05:32:27 PM 100998   3033066    0.00    0.00    0.00    0.00    0.00    14  postgres
05:32:27 PM 100998   3033081    0.00    0.00    0.00    0.00    0.00    14  postgres
05:32:27 PM 100998   3033082    0.00    0.00    0.00    0.00    0.00    14  postgres
05:32:27 PM 100998   3033083    0.00    0.00    0.00    0.00    0.00    12  postgres
05:32:27 PM 100998   3033084    0.00    0.00    0.00    0.00    0.00    14  postgres
05:32:27 PM 100998   3033085    0.00    0.00    0.00    0.00    0.00    14  postgres
05:32:27 PM 100998   3033086    0.00    0.00    0.00    0.00    0.00    10  postgres
05:32:27 PM 100998   3033087    0.00    0.00    0.00    0.00    0.00    10  postgres
05:32:27 PM 100998   3033090    0.00    0.00    0.00    0.00    0.00    12  postgres

05:32:27 PM   UID       PID    %usr %system  %guest   %wait    %CPU   CPU  Command
05:32:28 PM 100998   3032224    0.00    0.00    0.00    0.00    0.00    10  postgres
05:32:28 PM 100998   3032225    0.00    0.00    0.00    0.00    0.00    12  postgres
05:32:28 PM 100998   3032227    0.00    0.00    0.00    0.00    0.00    10  postgres
05:32:28 PM 100998   3032228    0.00    0.00    0.00    0.00    0.00    12  postgres
05:32:28 PM 100998   3032489    0.00    0.00    0.00    0.00    0.00    14  postgres
05:32:28 PM 100998   3032493    0.00    0.00    0.00    0.00    0.00    10  postgres
05:32:28 PM 100998   3032494    0.00    0.00    0.00    0.00    0.00    14  postgres
05:32:28 PM 100998   3032495    0.00    0.00    0.00    0.00    0.00    12  postgres
05:32:28 PM 100998   3032496    0.00    0.00    0.00    0.00    0.00    12  postgres
05:32:28 PM 100998   3032497    0.00    0.00    0.00    0.00    0.00    12  postgres
05:32:28 PM 100998   3032499    0.00    0.00    0.00    0.00    0.00    10  postgres
05:32:28 PM 100998   3032502    0.00    0.00    0.00    0.00    0.00    14  postgres
05:32:28 PM 100998   3032518    0.00    0.00    0.00    0.00    0.00    10  postgres
05:32:28 PM 100998   3032520    0.00    0.00    0.00    0.00    0.00    14  postgres
05:32:28 PM 100998   3032521    0.00    0.00    0.00    0.00    0.00    10  postgres
05:32:28 PM 100998   3032523    0.00    0.00    0.00    0.00    0.00    12  postgres
05:32:28 PM 100998   3032525    0.00    0.00    0.00    0.00    0.00    14  postgres
05:32:28 PM 100998   3032530    0.00    0.00    0.00    0.00    0.00    14  postgres
05:32:28 PM 100998   3032539    0.00    0.00    0.00    0.00    0.00    14  postgres
05:32:28 PM 100998   3032560    0.00    0.00    0.00    0.00    0.00    10  postgres
05:32:28 PM 100998   3032564    0.00    0.00    0.00    0.00    0.00    12  postgres
05:32:28 PM 100998   3032571    0.00    0.00    0.00    0.00    0.00    12  postgres
05:32:28 PM 100998   3032592    0.00    0.00    0.00    0.00    0.00    10  postgres
05:32:28 PM 100998   3032648    0.00    0.00    0.00    0.00    0.00    10  postgres
05:32:28 PM 100998   3032701    0.00    0.00    0.00    0.00    0.00    14  postgres
05:32:28 PM 100998   3032755    0.00    0.00    0.00    0.00    0.00    14  postgres
05:32:28 PM 100998   3032796    0.00    0.00    0.00    0.00    0.00    12  postgres
05:32:28 PM 100998   3032798    0.00    0.00    0.00    0.00    0.00    12  postgres
05:32:28 PM 100998   3032799    0.00    0.00    0.00    0.00    0.00    14  postgres
05:32:28 PM 100998   3032800    0.00    0.00    0.00    0.00    0.00    10  postgres
05:32:28 PM 100998   3032801    0.00    0.00    0.00    0.00    0.00    12  postgres
05:32:28 PM 100998   3032802    0.00    0.00    0.00    0.00    0.00    10  postgres
05:32:28 PM 100998   3032803    0.00    0.00    0.00    0.00    0.00    10  postgres
05:32:28 PM 100998   3032804    0.00    0.00    0.00    0.00    0.00    10  postgres
05:32:28 PM 100998   3032807    0.00    0.00    0.00    0.00    0.00    10  postgres
05:32:28 PM 100998   3032809    0.00    0.00    0.00    0.00    0.00    12  postgres
05:32:28 PM 100998   3032811    0.00    0.00    0.00    0.00    0.00    12  postgres
05:32:28 PM 100998   3032813    0.00    0.00    0.00    0.00    0.00    12  postgres
05:32:28 PM 100998   3032818    0.00    0.00    0.00    0.00    0.00    10  postgres
05:32:28 PM 100998   3032847    0.00    0.00    0.00    0.00    0.00    10  postgres
05:32:28 PM 100998   3032851    0.00    0.00    0.00    0.00    0.00    12  postgres
05:32:28 PM 100998   3032871    0.00    0.00    0.00    0.00    0.00    12  postgres
05:32:28 PM 100998   3032922    0.00    0.00    0.00    0.00    0.00    12  postgres
05:32:28 PM 100998   3032972    0.00    0.00    0.00    0.00    0.00    14  postgres
05:32:28 PM 100998   3033023    0.00    0.00    0.00    0.00    0.00    12  postgres
05:32:28 PM 100998   3033066    0.00    0.00    0.00    0.00    0.00    14  postgres
05:32:28 PM 100998   3033081    0.00    0.00    0.00    0.00    0.00    14  postgres
05:32:28 PM 100998   3033082    0.00    0.00    0.00    0.00    0.00    14  postgres
05:32:28 PM 100998   3033083    0.00    0.00    0.00    0.00    0.00    12  postgres
05:32:28 PM 100998   3033084    0.00    0.00    0.00    0.00    0.00    14  postgres
05:32:28 PM 100998   3033085    0.00    0.00    0.00    0.00    0.00    14  postgres
05:32:28 PM 100998   3033086    0.00    0.00    0.00    0.00    0.00    10  postgres
05:32:28 PM 100998   3033087    0.00    0.00    0.00    0.00    0.00    10  postgres
05:32:28 PM 100998   3033090    0.00    0.00    0.00    0.00    0.00    12  postgres

05:32:28 PM   UID       PID    %usr %system  %guest   %wait    %CPU   CPU  Command
05:32:29 PM 100998   3032224    0.00    0.00    0.00    0.00    0.00    10  postgres
05:32:29 PM 100998   3032225    0.00    0.00    0.00    0.00    0.00    12  postgres
05:32:29 PM 100998   3032227    0.00    0.00    0.00    0.00    0.00    10  postgres
05:32:29 PM 100998   3032228    0.00    0.00    0.00    0.00    0.00    12  postgres
05:32:29 PM 100998   3032489    0.00    0.00    0.00    0.00    0.00    14  postgres
05:32:29 PM 100998   3032493    0.00    0.00    0.00    0.00    0.00    10  postgres
05:32:29 PM 100998   3032494    0.00    0.00    0.00    0.00    0.00    14  postgres
05:32:29 PM 100998   3032495    0.00    0.00    0.00    0.00    0.00    12  postgres
05:32:29 PM 100998   3032496    0.00    0.00    0.00    0.00    0.00    12  postgres
05:32:29 PM 100998   3032497    0.00    0.00    0.00    0.00    0.00    12  postgres
05:32:29 PM 100998   3032499    0.00    0.00    0.00    0.00    0.00    10  postgres
05:32:29 PM 100998   3032502    0.00    0.00    0.00    0.00    0.00    14  postgres
05:32:29 PM 100998   3032518    0.00    0.00    0.00    0.00    0.00    10  postgres
05:32:29 PM 100998   3032520    0.00    0.00    0.00    0.00    0.00    14  postgres
05:32:29 PM 100998   3032521    0.00    0.00    0.00    0.00    0.00    10  postgres
05:32:29 PM 100998   3032523    0.00    0.00    0.00    0.00    0.00    12  postgres
05:32:29 PM 100998   3032525    0.00    0.00    0.00    0.00    0.00    14  postgres
05:32:29 PM 100998   3032530    0.00    0.00    0.00    0.00    0.00    14  postgres
05:32:29 PM 100998   3032539    0.00    0.00    0.00    0.00    0.00    14  postgres
05:32:29 PM 100998   3032560    0.00    0.00    0.00    0.00    0.00    10  postgres
05:32:29 PM 100998   3032564    0.00    0.00    0.00    0.00    0.00    12  postgres
05:32:29 PM 100998   3032571    0.00    0.00    0.00    0.00    0.00    12  postgres
05:32:29 PM 100998   3032592    0.00    0.00    0.00    0.00    0.00    10  postgres
05:32:29 PM 100998   3032648    0.00    0.00    0.00    0.00    0.00    10  postgres
05:32:29 PM 100998   3032701    0.00    0.00    0.00    0.00    0.00    14  postgres
05:32:29 PM 100998   3032755    0.00    0.00    0.00    0.00    0.00    14  postgres
05:32:29 PM 100998   3032796    0.00    0.00    0.00    0.00    0.00    12  postgres
05:32:29 PM 100998   3032798    0.00    0.00    0.00    0.00    0.00    12  postgres
05:32:29 PM 100998   3032799    0.00    0.00    0.00    0.00    0.00    14  postgres
05:32:29 PM 100998   3032800    0.00    0.00    0.00    0.00    0.00    10  postgres
05:32:29 PM 100998   3032801    0.00    0.00    0.00    0.00    0.00    12  postgres
05:32:29 PM 100998   3032802    0.00    0.00    0.00    0.00    0.00    10  postgres
05:32:29 PM 100998   3032803    0.00    0.00    0.00    0.00    0.00    10  postgres
05:32:29 PM 100998   3032804    0.00    0.00    0.00    0.00    0.00    10  postgres
05:32:29 PM 100998   3032807    0.00    0.00    0.00    0.00    0.00    10  postgres
05:32:29 PM 100998   3032809    0.00    0.00    0.00    0.00    0.00    12  postgres
05:32:29 PM 100998   3032811    0.00    0.00    0.00    0.00    0.00    12  postgres
05:32:29 PM 100998   3032813    0.00    0.00    0.00    0.00    0.00    12  postgres
05:32:29 PM 100998   3032818    0.00    0.00    0.00    0.00    0.00    10  postgres
05:32:29 PM 100998   3032847    0.00    0.00    0.00    0.00    0.00    10  postgres
05:32:29 PM 100998   3032851    0.00    0.00    0.00    0.00    0.00    12  postgres
05:32:29 PM 100998   3032871    0.00    0.00    0.00    0.00    0.00    12  postgres
05:32:29 PM 100998   3032922    0.00    0.00    0.00    0.00    0.00    12  postgres
05:32:29 PM 100998   3032972    0.00    0.00    0.00    0.00    0.00    14  postgres
05:32:29 PM 100998   3033023    0.00    0.00    0.00    0.00    0.00    12  postgres
05:32:29 PM 100998   3033066    0.00    0.00    0.00    0.00    0.00    14  postgres
05:32:29 PM 100998   3033081    0.00    0.00    0.00    0.00    0.00    14  postgres
05:32:29 PM 100998   3033082    0.00    0.00    0.00    0.00    0.00    14  postgres
05:32:29 PM 100998   3033083    0.00    0.00    0.00    0.00    0.00    12  postgres
05:32:29 PM 100998   3033084    0.00    0.00    0.00    0.00    0.00    14  postgres
05:32:29 PM 100998   3033085    0.00    0.00    0.00    0.00    0.00    14  postgres
05:32:29 PM 100998   3033086    0.00    0.00    0.00    0.00    0.00    10  postgres
05:32:29 PM 100998   3033087    0.00    0.00    0.00    0.00    0.00    10  postgres
05:32:29 PM 100998   3033090    0.00    0.00    0.00    0.00    0.00    12  postgres

05:32:29 PM   UID       PID    %usr %system  %guest   %wait    %CPU   CPU  Command
05:32:30 PM 100998   3032224    0.00    0.00    0.00    0.00    0.00    10  postgres
05:32:30 PM 100998   3032225    0.00    0.00    0.00    0.00    0.00    12  postgres
05:32:30 PM 100998   3032227    0.00    0.00    0.00    0.00    0.00    10  postgres
05:32:30 PM 100998   3032228    0.00    0.00    0.00    0.00    0.00    12  postgres
05:32:30 PM 100998   3032489    0.00    0.00    0.00    0.00    0.00    14  postgres
05:32:30 PM 100998   3032493    0.00    0.00    0.00    0.00    0.00    10  postgres
05:32:30 PM 100998   3032494    0.00    0.00    0.00    0.00    0.00    14  postgres
05:32:30 PM 100998   3032495    0.00    0.00    0.00    0.00    0.00    12  postgres
05:32:30 PM 100998   3032496    0.00    0.00    0.00    0.00    0.00    12  postgres
05:32:30 PM 100998   3032497    0.00    0.00    0.00    0.00    0.00    12  postgres
05:32:30 PM 100998   3032499    0.00    0.00    0.00    0.00    0.00    10  postgres
05:32:30 PM 100998   3032502    0.00    0.00    0.00    0.00    0.00    14  postgres
05:32:30 PM 100998   3032518    0.00    0.00    0.00    0.00    0.00    10  postgres
05:32:30 PM 100998   3032520    0.00    0.00    0.00    0.00    0.00    14  postgres
05:32:30 PM 100998   3032521    0.00    0.00    0.00    0.00    0.00    10  postgres
05:32:30 PM 100998   3032523    0.00    0.00    0.00    0.00    0.00    12  postgres
05:32:30 PM 100998   3032525    0.00    0.00    0.00    0.00    0.00    14  postgres
05:32:30 PM 100998   3032530    0.00    0.00    0.00    0.00    0.00    14  postgres
05:32:30 PM 100998   3032539    0.00    0.00    0.00    0.00    0.00    14  postgres
05:32:30 PM 100998   3032560    0.00    0.00    0.00    0.00    0.00    10  postgres
05:32:30 PM 100998   3032564    0.00    0.00    0.00    0.00    0.00    12  postgres
05:32:30 PM 100998   3032571    0.00    0.00    0.00    0.00    0.00    12  postgres
05:32:30 PM 100998   3032592    0.00    0.00    0.00    0.00    0.00    10  postgres
05:32:30 PM 100998   3032648    0.00    0.00    0.00    0.00    0.00    10  postgres
05:32:30 PM 100998   3032701    0.00    0.00    0.00    0.00    0.00    14  postgres
05:32:30 PM 100998   3032755    0.00    0.00    0.00    0.00    0.00    14  postgres
05:32:30 PM 100998   3032796    0.00    0.00    0.00    0.00    0.00    12  postgres
05:32:30 PM 100998   3032798    0.00    0.00    0.00    0.00    0.00    12  postgres
05:32:30 PM 100998   3032799    0.00    0.00    0.00    0.00    0.00    14  postgres
05:32:30 PM 100998   3032800    0.00    0.00    0.00    0.00    0.00    10  postgres
05:32:30 PM 100998   3032801    0.00    0.00    0.00    0.00    0.00    12  postgres
05:32:30 PM 100998   3032802    0.00    0.00    0.00    0.00    0.00    10  postgres
05:32:30 PM 100998   3032803    0.00    0.00    0.00    0.00    0.00    10  postgres
05:32:30 PM 100998   3032804    0.00    0.00    0.00    0.00    0.00    10  postgres
05:32:30 PM 100998   3032807    0.00    0.00    0.00    0.00    0.00    10  postgres
05:32:30 PM 100998   3032809    0.00    0.00    0.00    0.00    0.00    12  postgres
05:32:30 PM 100998   3032811    0.00    0.00    0.00    0.00    0.00    12  postgres
05:32:30 PM 100998   3032813    0.00    0.00    0.00    0.00    0.00    12  postgres
05:32:30 PM 100998   3032818    0.00    0.00    0.00    0.00    0.00    10  postgres
05:32:30 PM 100998   3032847    0.00    0.00    0.00    0.00    0.00    10  postgres
05:32:30 PM 100998   3032851    0.00    0.00    0.00    0.00    0.00    12  postgres
05:32:30 PM 100998   3032871    0.00    0.00    0.00    0.00    0.00    12  postgres
05:32:30 PM 100998   3032922    0.00    0.00    0.00    0.00    0.00    12  postgres
05:32:30 PM 100998   3032972    0.00    0.00    0.00    0.00    0.00    14  postgres
05:32:30 PM 100998   3033023    0.00    0.00    0.00    0.00    0.00    12  postgres
05:32:30 PM 100998   3033066    0.00    0.00    0.00    0.00    0.00    14  postgres
05:32:30 PM 100998   3033081    0.00    0.00    0.00    0.00    0.00    14  postgres
05:32:30 PM 100998   3033082    0.00    0.00    0.00    0.00    0.00    14  postgres
05:32:30 PM 100998   3033083    0.00    0.00    0.00    0.00    0.00    12  postgres
05:32:30 PM 100998   3033084    0.00    0.00    0.00    0.00    0.00    14  postgres
05:32:30 PM 100998   3033085    0.00    0.00    0.00    0.00    0.00    14  postgres
05:32:30 PM 100998   3033086    0.00    0.00    0.00    0.00    0.00    10  postgres
05:32:30 PM 100998   3033087    0.00    0.00    0.00    0.00    0.00    10  postgres
05:32:30 PM 100998   3033090    0.00    0.00    0.00    0.00    0.00    12  postgres

05:32:30 PM   UID       PID    %usr %system  %guest   %wait    %CPU   CPU  Command
05:32:31 PM 100998   3032224    0.00    0.00    0.00    0.00    0.00    10  postgres
05:32:31 PM 100998   3032225    0.00    0.00    0.00    0.00    0.00    12  postgres
05:32:31 PM 100998   3032227    0.00    0.00    0.00    0.00    0.00    10  postgres
05:32:31 PM 100998   3032228    0.00    0.00    0.00    0.00    0.00    12  postgres
05:32:31 PM 100998   3032489    0.00    0.00    0.00    0.00    0.00    14  postgres
05:32:31 PM 100998   3032493    0.00    0.00    0.00    0.00    0.00    10  postgres
05:32:31 PM 100998   3032494    0.00    0.00    0.00    0.00    0.00    14  postgres
05:32:31 PM 100998   3032495    0.00    0.00    0.00    0.00    0.00    12  postgres
05:32:31 PM 100998   3032496    0.00    0.00    0.00    0.00    0.00    12  postgres
05:32:31 PM 100998   3032497    0.00    0.00    0.00    0.00    0.00    12  postgres
05:32:31 PM 100998   3032499    0.00    0.00    0.00    0.00    0.00    10  postgres
05:32:31 PM 100998   3032502    0.00    0.00    0.00    0.00    0.00    14  postgres
05:32:31 PM 100998   3032518    0.00    0.00    0.00    0.00    0.00    10  postgres
05:32:31 PM 100998   3032520    0.00    0.00    0.00    0.00    0.00    14  postgres
05:32:31 PM 100998   3032521    0.00    0.00    0.00    0.00    0.00    10  postgres
05:32:31 PM 100998   3032523    0.00    0.00    0.00    0.00    0.00    12  postgres
05:32:31 PM 100998   3032525    0.00    0.00    0.00    0.00    0.00    14  postgres
05:32:31 PM 100998   3032530    0.00    0.00    0.00    0.00    0.00    14  postgres
05:32:31 PM 100998   3032539    0.00    0.00    0.00    0.00    0.00    14  postgres
05:32:31 PM 100998   3032560    0.00    0.00    0.00    0.00    0.00    10  postgres
05:32:31 PM 100998   3032564    0.00    0.00    0.00    0.00    0.00    12  postgres
05:32:31 PM 100998   3032571    0.00    0.00    0.00    0.00    0.00    12  postgres
05:32:31 PM 100998   3032592    0.00    0.00    0.00    0.00    0.00    10  postgres
05:32:31 PM 100998   3032648    0.00    0.00    0.00    0.00    0.00    10  postgres
05:32:31 PM 100998   3032701    0.00    0.00    0.00    0.00    0.00    14  postgres
05:32:31 PM 100998   3032755    0.00    0.00    0.00    0.00    0.00    14  postgres
05:32:31 PM 100998   3032796    0.00    0.00    0.00    0.00    0.00    12  postgres
05:32:31 PM 100998   3032798    0.00    0.00    0.00    0.00    0.00    12  postgres
05:32:31 PM 100998   3032799    0.00    0.00    0.00    0.00    0.00    14  postgres
05:32:31 PM 100998   3032800    0.00    0.00    0.00    0.00    0.00    10  postgres
05:32:31 PM 100998   3032801    0.00    0.00    0.00    0.00    0.00    12  postgres
05:32:31 PM 100998   3032802    0.00    0.00    0.00    0.00    0.00    10  postgres
05:32:31 PM 100998   3032803    0.00    0.00    0.00    0.00    0.00    10  postgres
05:32:31 PM 100998   3032804    0.00    0.00    0.00    0.00    0.00    10  postgres
05:32:31 PM 100998   3032807    0.00    0.00    0.00    0.00    0.00    10  postgres
05:32:31 PM 100998   3032809    0.00    0.00    0.00    0.00    0.00    12  postgres
05:32:31 PM 100998   3032811    0.00    0.00    0.00    0.00    0.00    12  postgres
05:32:31 PM 100998   3032813    0.00    0.00    0.00    0.00    0.00    12  postgres
05:32:31 PM 100998   3032818    0.00    0.00    0.00    0.00    0.00    10  postgres
05:32:31 PM 100998   3032847    0.00    0.00    0.00    0.00    0.00    10  postgres
05:32:31 PM 100998   3032851    0.00    0.00    0.00    0.00    0.00    12  postgres
05:32:31 PM 100998   3032871    0.00    0.00    0.00    0.00    0.00    12  postgres
05:32:31 PM 100998   3032922    0.00    0.00    0.00    0.00    0.00    12  postgres
05:32:31 PM 100998   3032972    0.00    0.00    0.00    0.00    0.00    14  postgres
05:32:31 PM 100998   3033023    0.00    0.00    0.00    0.00    0.00    12  postgres
05:32:31 PM 100998   3033066    0.00    0.00    0.00    0.00    0.00    14  postgres
05:32:31 PM 100998   3033081    0.00    0.00    0.00    0.00    0.00    14  postgres
05:32:31 PM 100998   3033082    0.00    0.00    0.00    0.00    0.00    14  postgres
05:32:31 PM 100998   3033083    0.00    0.00    0.00    0.00    0.00    12  postgres
05:32:31 PM 100998   3033084    0.00    0.00    0.00    0.00    0.00    14  postgres
05:32:31 PM 100998   3033085    0.00    0.00    0.00    0.00    0.00    14  postgres
05:32:31 PM 100998   3033086    0.00    0.00    0.00    0.00    0.00    10  postgres
05:32:31 PM 100998   3033087    0.00    0.00    0.00    0.00    0.00    10  postgres
05:32:31 PM 100998   3033090    0.00    0.00    0.00    0.00    0.00    12  postgres

05:32:31 PM   UID       PID    %usr %system  %guest   %wait    %CPU   CPU  Command
05:32:32 PM 100998   3032224    0.00    0.00    0.00    0.00    0.00    10  postgres
05:32:32 PM 100998   3032225    0.00    0.00    0.00    0.00    0.00    12  postgres
05:32:32 PM 100998   3032227    0.00    0.00    0.00    0.00    0.00    10  postgres
05:32:32 PM 100998   3032228    0.00    0.00    0.00    0.00    0.00    12  postgres
05:32:32 PM 100998   3032489    0.00    0.00    0.00    0.00    0.00    14  postgres
05:32:32 PM 100998   3032493    0.00    0.00    0.00    0.00    0.00    10  postgres
05:32:32 PM 100998   3032494    0.00    0.00    0.00    0.00    0.00    14  postgres
05:32:32 PM 100998   3032495    0.00    0.00    0.00    0.00    0.00    12  postgres
05:32:32 PM 100998   3032496    0.00    0.00    0.00    0.00    0.00    12  postgres
05:32:32 PM 100998   3032497    0.00    0.00    0.00    0.00    0.00    12  postgres
05:32:32 PM 100998   3032499    0.00    0.00    0.00    0.00    0.00    10  postgres
05:32:32 PM 100998   3032502    0.00    0.00    0.00    0.00    0.00    14  postgres
05:32:32 PM 100998   3032518    0.00    0.00    0.00    0.00    0.00    10  postgres
05:32:32 PM 100998   3032520    0.00    0.00    0.00    0.00    0.00    14  postgres
05:32:32 PM 100998   3032521    0.00    0.00    0.00    0.00    0.00    10  postgres
05:32:32 PM 100998   3032523    0.00    0.00    0.00    0.00    0.00    12  postgres
05:32:32 PM 100998   3032525    0.00    0.00    0.00    0.00    0.00    14  postgres
05:32:32 PM 100998   3032530    0.00    0.00    0.00    0.00    0.00    14  postgres
05:32:32 PM 100998   3032539    0.00    0.00    0.00    0.00    0.00    14  postgres
05:32:32 PM 100998   3032560    0.00    0.00    0.00    0.00    0.00    10  postgres
05:32:32 PM 100998   3032564    0.00    0.00    0.00    0.00    0.00    12  postgres
05:32:32 PM 100998   3032571    0.00    0.00    0.00    0.00    0.00    12  postgres
05:32:32 PM 100998   3032592    0.00    0.00    0.00    0.00    0.00    10  postgres
05:32:32 PM 100998   3032648    0.00    0.00    0.00    0.00    0.00    10  postgres
05:32:32 PM 100998   3032701    0.00    0.00    0.00    0.00    0.00    14  postgres
05:32:32 PM 100998   3032755    0.00    0.00    0.00    0.00    0.00    14  postgres
05:32:32 PM 100998   3032796    0.00    0.00    0.00    0.00    0.00    12  postgres
05:32:32 PM 100998   3032798    0.00    0.00    0.00    0.00    0.00    12  postgres
05:32:32 PM 100998   3032799    0.00    0.00    0.00    0.00    0.00    14  postgres
05:32:32 PM 100998   3032800    0.00    0.00    0.00    0.00    0.00    10  postgres
05:32:32 PM 100998   3032801    0.00    0.00    0.00    0.00    0.00    12  postgres
05:32:32 PM 100998   3032802    0.00    0.00    0.00    0.00    0.00    10  postgres
05:32:32 PM 100998   3032803    0.00    0.00    0.00    0.00    0.00    10  postgres
05:32:32 PM 100998   3032804    0.00    0.00    0.00    0.00    0.00    10  postgres
05:32:32 PM 100998   3032807    0.00    0.00    0.00    0.00    0.00    10  postgres
05:32:32 PM 100998   3032809    0.00    0.00    0.00    0.00    0.00    12  postgres
05:32:32 PM 100998   3032811    0.00    0.00    0.00    0.00    0.00    12  postgres
05:32:32 PM 100998   3032813    0.00    0.00    0.00    0.00    0.00    12  postgres
05:32:32 PM 100998   3032818    0.00    0.00    0.00    0.00    0.00    10  postgres
05:32:32 PM 100998   3032847    0.00    0.00    0.00    0.00    0.00    10  postgres
05:32:32 PM 100998   3032851    0.00    0.00    0.00    0.00    0.00    12  postgres
05:32:32 PM 100998   3032871    0.00    0.00    0.00    0.00    0.00    12  postgres
05:32:32 PM 100998   3032922    0.00    0.00    0.00    0.00    0.00    12  postgres
05:32:32 PM 100998   3032972    0.00    0.00    0.00    0.00    0.00    14  postgres
05:32:32 PM 100998   3033023    0.00    0.00    0.00    0.00    0.00    12  postgres
05:32:32 PM 100998   3033066    0.00    0.00    0.00    0.00    0.00    14  postgres
05:32:32 PM 100998   3033081    0.00    0.00    0.00    0.00    0.00    14  postgres
05:32:32 PM 100998   3033082    0.00    0.00    0.00    0.00    0.00    14  postgres
05:32:32 PM 100998   3033083    0.00    0.00    0.00    0.00    0.00    12  postgres
05:32:32 PM 100998   3033084    0.00    0.00    0.00    0.00    0.00    14  postgres
05:32:32 PM 100998   3033085    0.00    0.00    0.00    0.00    0.00    14  postgres
05:32:32 PM 100998   3033086    0.00    0.00    0.00    0.00    0.00    10  postgres
05:32:32 PM 100998   3033087    0.00    0.00    0.00    0.00    0.00    10  postgres
05:32:32 PM 100998   3033090    0.00    0.00    0.00    0.00    0.00    12  postgres

05:32:32 PM   UID       PID    %usr %system  %guest   %wait    %CPU   CPU  Command
05:32:33 PM 100998   3032224    0.00    0.00    0.00    0.00    0.00    10  postgres
05:32:33 PM 100998   3032225    0.00    0.00    0.00    0.00    0.00    12  postgres
05:32:33 PM 100998   3032227    0.00    0.00    0.00    0.00    0.00    10  postgres
05:32:33 PM 100998   3032228    0.00    0.00    0.00    0.00    0.00    12  postgres
05:32:33 PM 100998   3032489    0.00    0.00    0.00    0.00    0.00    14  postgres
05:32:33 PM 100998   3032493    0.00    0.00    0.00    0.00    0.00    10  postgres
05:32:33 PM 100998   3032494    0.00    0.00    0.00    0.00    0.00    14  postgres
05:32:33 PM 100998   3032495    0.00    0.00    0.00    0.00    0.00    12  postgres
05:32:33 PM 100998   3032496    0.00    0.00    0.00    0.00    0.00    12  postgres
05:32:33 PM 100998   3032497    0.00    0.00    0.00    0.00    0.00    12  postgres
05:32:33 PM 100998   3032499    0.00    0.00    0.00    0.00    0.00    10  postgres
05:32:33 PM 100998   3032502    0.00    0.00    0.00    0.00    0.00    14  postgres
05:32:33 PM 100998   3032518    0.00    0.00    0.00    0.00    0.00    10  postgres
05:32:33 PM 100998   3032520    0.00    0.00    0.00    0.00    0.00    14  postgres
05:32:33 PM 100998   3032521    0.00    0.00    0.00    0.00    0.00    10  postgres
05:32:33 PM 100998   3032523    0.00    0.00    0.00    0.00    0.00    12  postgres
05:32:33 PM 100998   3032525    0.00    0.00    0.00    0.00    0.00    14  postgres
05:32:33 PM 100998   3032530    0.00    0.00    0.00    0.00    0.00    14  postgres
05:32:33 PM 100998   3032539    0.00    0.00    0.00    0.00    0.00    14  postgres
05:32:33 PM 100998   3032560    0.00    0.00    0.00    0.00    0.00    10  postgres
05:32:33 PM 100998   3032564    0.00    0.00    0.00    0.00    0.00    12  postgres
05:32:33 PM 100998   3032571    0.00    0.00    0.00    0.00    0.00    12  postgres
05:32:33 PM 100998   3032592    0.00    0.00    0.00    0.00    0.00    10  postgres
05:32:33 PM 100998   3032648    0.00    0.00    0.00    0.00    0.00    10  postgres
05:32:33 PM 100998   3032701    0.00    0.00    0.00    0.00    0.00    14  postgres
05:32:33 PM 100998   3032755    0.00    0.00    0.00    0.00    0.00    14  postgres
05:32:33 PM 100998   3032796    0.00    0.00    0.00    0.00    0.00    12  postgres
05:32:33 PM 100998   3032798    0.00    0.00    0.00    0.00    0.00    12  postgres
05:32:33 PM 100998   3032799    0.00    0.00    0.00    0.00    0.00    14  postgres
05:32:33 PM 100998   3032800    0.00    0.00    0.00    0.00    0.00    10  postgres
05:32:33 PM 100998   3032801    0.00    0.00    0.00    0.00    0.00    12  postgres
05:32:33 PM 100998   3032802    0.00    0.00    0.00    0.00    0.00    10  postgres
05:32:33 PM 100998   3032803    0.00    0.00    0.00    0.00    0.00    10  postgres
05:32:33 PM 100998   3032804    0.00    0.00    0.00    0.00    0.00    10  postgres
05:32:33 PM 100998   3032807    0.00    0.00    0.00    0.00    0.00    10  postgres
05:32:33 PM 100998   3032809    0.00    0.00    0.00    0.00    0.00    12  postgres
05:32:33 PM 100998   3032811    0.00    0.00    0.00    0.00    0.00    12  postgres
05:32:33 PM 100998   3032813    0.00    0.00    0.00    0.00    0.00    12  postgres
05:32:33 PM 100998   3032818    0.00    0.00    0.00    0.00    0.00    10  postgres
05:32:33 PM 100998   3032847    0.00    0.00    0.00    0.00    0.00    10  postgres
05:32:33 PM 100998   3032851    0.00    0.00    0.00    0.00    0.00    12  postgres
05:32:33 PM 100998   3032871    0.00    0.00    0.00    0.00    0.00    12  postgres
05:32:33 PM 100998   3032922    0.00    0.00    0.00    0.00    0.00    12  postgres
05:32:33 PM 100998   3032972    0.00    0.00    0.00    0.00    0.00    14  postgres
05:32:33 PM 100998   3033023    0.00    0.00    0.00    0.00    0.00    12  postgres
05:32:33 PM 100998   3033066    0.00    0.00    0.00    0.00    0.00    14  postgres
05:32:33 PM 100998   3033081    0.00    0.00    0.00    0.00    0.00    14  postgres
05:32:33 PM 100998   3033082    0.00    0.00    0.00    0.00    0.00    14  postgres
05:32:33 PM 100998   3033083    0.00    0.00    0.00    0.00    0.00    12  postgres
05:32:33 PM 100998   3033084    0.00    0.00    0.00    0.00    0.00    14  postgres
05:32:33 PM 100998   3033085    0.00    0.00    0.00    0.00    0.00    14  postgres
05:32:33 PM 100998   3033086    0.00    0.00    0.00    0.00    0.00    10  postgres
05:32:33 PM 100998   3033087    0.00    0.00    0.00    0.00    0.00    10  postgres
05:32:33 PM 100998   3033090    0.00    0.00    0.00    0.00    0.00    12  postgres

05:32:33 PM   UID       PID    %usr %system  %guest   %wait    %CPU   CPU  Command
05:32:34 PM 100998   3032224    0.00    0.00    0.00    0.00    0.00    10  postgres
05:32:34 PM 100998   3032225    0.00    0.00    0.00    0.00    0.00    12  postgres
05:32:34 PM 100998   3032227    0.00    0.00    0.00    0.00    0.00    10  postgres
05:32:34 PM 100998   3032228    0.00    0.00    0.00    0.00    0.00    12  postgres
05:32:34 PM 100998   3032489    0.00    0.00    0.00    0.00    0.00    14  postgres
05:32:34 PM 100998   3032493    0.00    0.00    0.00    0.00    0.00    10  postgres
05:32:34 PM 100998   3032494    0.00    0.00    0.00    0.00    0.00    14  postgres
05:32:34 PM 100998   3032495    0.00    0.00    0.00    0.00    0.00    12  postgres
05:32:34 PM 100998   3032496    0.00    0.00    0.00    0.00    0.00    12  postgres
05:32:34 PM 100998   3032497    0.00    0.00    0.00    0.00    0.00    12  postgres
05:32:34 PM 100998   3032499    0.00    0.00    0.00    0.00    0.00    10  postgres
05:32:34 PM 100998   3032502    0.00    0.00    0.00    0.00    0.00    14  postgres
05:32:34 PM 100998   3032518    0.00    0.00    0.00    0.00    0.00    10  postgres
05:32:34 PM 100998   3032520    0.00    0.00    0.00    0.00    0.00    14  postgres
05:32:34 PM 100998   3032521    0.00    0.00    0.00    0.00    0.00    10  postgres
05:32:34 PM 100998   3032523    0.00    0.00    0.00    0.00    0.00    12  postgres
05:32:34 PM 100998   3032525    0.00    0.00    0.00    0.00    0.00    14  postgres
05:32:34 PM 100998   3032530    0.00    0.00    0.00    0.00    0.00    14  postgres
05:32:34 PM 100998   3032539    0.00    0.00    0.00    0.00    0.00    14  postgres
05:32:34 PM 100998   3032560    0.00    0.00    0.00    0.00    0.00    10  postgres
05:32:34 PM 100998   3032564    0.00    0.00    0.00    0.00    0.00    12  postgres
05:32:34 PM 100998   3032571    0.00    0.00    0.00    0.00    0.00    12  postgres
05:32:34 PM 100998   3032592    0.00    0.00    0.00    0.00    0.00    10  postgres
05:32:34 PM 100998   3032648    0.00    0.00    0.00    0.00    0.00    10  postgres
05:32:34 PM 100998   3032701    0.00    0.00    0.00    0.00    0.00    14  postgres
05:32:34 PM 100998   3032755    0.00    0.00    0.00    0.00    0.00    14  postgres
05:32:34 PM 100998   3032796    0.00    0.00    0.00    0.00    0.00    12  postgres
05:32:34 PM 100998   3032798    0.00    0.00    0.00    0.00    0.00    12  postgres
05:32:34 PM 100998   3032799    0.00    0.00    0.00    0.00    0.00    14  postgres
05:32:34 PM 100998   3032800    0.00    0.00    0.00    0.00    0.00    10  postgres
05:32:34 PM 100998   3032801    0.00    0.00    0.00    0.00    0.00    12  postgres
05:32:34 PM 100998   3032802    0.00    0.00    0.00    0.00    0.00    10  postgres
05:32:34 PM 100998   3032803    0.00    0.00    0.00    0.00    0.00    10  postgres
05:32:34 PM 100998   3032804    0.00    0.00    0.00    0.00    0.00    10  postgres
05:32:34 PM 100998   3032807    0.00    0.00    0.00    0.00    0.00    10  postgres
05:32:34 PM 100998   3032809    0.00    0.00    0.00    0.00    0.00    12  postgres
05:32:34 PM 100998   3032811    0.00    0.00    0.00    0.00    0.00    12  postgres
05:32:34 PM 100998   3032813    0.00    0.00    0.00    0.00    0.00    12  postgres
05:32:34 PM 100998   3032818    0.00    0.00    0.00    0.00    0.00    10  postgres
05:32:34 PM 100998   3032847    0.00    0.00    0.00    0.00    0.00    10  postgres
05:32:34 PM 100998   3032851    0.00    0.00    0.00    0.00    0.00    12  postgres
05:32:34 PM 100998   3032871    0.00    0.00    0.00    0.00    0.00    12  postgres
05:32:34 PM 100998   3032922    0.00    0.00    0.00    0.00    0.00    12  postgres
05:32:34 PM 100998   3032972    0.00    0.00    0.00    0.00    0.00    14  postgres
05:32:34 PM 100998   3033023    0.00    0.00    0.00    0.00    0.00    12  postgres
05:32:34 PM 100998   3033066    0.00    0.00    0.00    0.00    0.00    14  postgres
05:32:34 PM 100998   3033081    0.00    0.00    0.00    0.00    0.00    14  postgres
05:32:34 PM 100998   3033082    0.00    0.00    0.00    0.00    0.00    14  postgres
05:32:34 PM 100998   3033083    0.00    0.00    0.00    0.00    0.00    12  postgres
05:32:34 PM 100998   3033084    0.00    0.00    0.00    0.00    0.00    14  postgres
05:32:34 PM 100998   3033085    0.00    0.00    0.00    0.00    0.00    14  postgres
05:32:34 PM 100998   3033086    0.00    0.00    0.00    0.00    0.00    10  postgres
05:32:34 PM 100998   3033087    0.00    0.00    0.00    0.00    0.00    10  postgres
05:32:34 PM 100998   3033090    0.00    0.00    0.00    0.00    0.00    12  postgres

05:32:34 PM   UID       PID    %usr %system  %guest   %wait    %CPU   CPU  Command
05:32:35 PM 100998   3032224    0.00    0.00    0.00    0.00    0.00    10  postgres
05:32:35 PM 100998   3032225    0.00    0.00    0.00    0.00    0.00    12  postgres
05:32:35 PM 100998   3032227    0.00    0.00    0.00    0.00    0.00    10  postgres
05:32:35 PM 100998   3032228    0.00    0.00    0.00    0.00    0.00    12  postgres
05:32:35 PM 100998   3032489    0.00    0.00    0.00    0.00    0.00    14  postgres
05:32:35 PM 100998   3032493    0.00    0.00    0.00    0.00    0.00    10  postgres
05:32:35 PM 100998   3032494    0.00    0.00    0.00    0.00    0.00    14  postgres
05:32:35 PM 100998   3032495    0.00    0.00    0.00    0.00    0.00    12  postgres
05:32:35 PM 100998   3032496    0.00    0.00    0.00    0.00    0.00    12  postgres
05:32:35 PM 100998   3032497    0.00    0.00    0.00    0.00    0.00    12  postgres
05:32:35 PM 100998   3032499    0.00    0.00    0.00    0.00    0.00    10  postgres
05:32:35 PM 100998   3032502    0.00    0.00    0.00    0.00    0.00    14  postgres
05:32:35 PM 100998   3032518    0.00    0.00    0.00    0.00    0.00    10  postgres
05:32:35 PM 100998   3032520    0.00    0.00    0.00    0.00    0.00    14  postgres
05:32:35 PM 100998   3032521    0.00    0.00    0.00    0.00    0.00    10  postgres
05:32:35 PM 100998   3032523    0.00    0.00    0.00    0.00    0.00    12  postgres
05:32:35 PM 100998   3032525    0.00    0.00    0.00    0.00    0.00    14  postgres
05:32:35 PM 100998   3032530    0.00    0.00    0.00    0.00    0.00    14  postgres
05:32:35 PM 100998   3032539    0.00    0.00    0.00    0.00    0.00    14  postgres
05:32:35 PM 100998   3032560    0.00    0.00    0.00    0.00    0.00    10  postgres
05:32:35 PM 100998   3032564    0.00    0.00    0.00    0.00    0.00    12  postgres
05:32:35 PM 100998   3032571    0.00    0.00    0.00    0.00    0.00    12  postgres
05:32:35 PM 100998   3032592    0.00    0.00    0.00    0.00    0.00    10  postgres
05:32:35 PM 100998   3032648    0.00    0.00    0.00    0.00    0.00    10  postgres
05:32:35 PM 100998   3032701    0.00    0.00    0.00    0.00    0.00    14  postgres
05:32:35 PM 100998   3032755    0.00    0.00    0.00    0.00    0.00    14  postgres
05:32:35 PM 100998   3032796    0.00    0.00    0.00    0.00    0.00    12  postgres
05:32:35 PM 100998   3032798    0.00    0.00    0.00    0.00    0.00    12  postgres
05:32:35 PM 100998   3032799    0.00    0.00    0.00    0.00    0.00    14  postgres
05:32:35 PM 100998   3032800    0.00    0.00    0.00    0.00    0.00    10  postgres
05:32:35 PM 100998   3032801    0.00    0.00    0.00    0.00    0.00    12  postgres
05:32:35 PM 100998   3032802    0.00    0.00    0.00    0.00    0.00    10  postgres
05:32:35 PM 100998   3032803    0.00    0.00    0.00    0.00    0.00    10  postgres
05:32:35 PM 100998   3032804    0.00    0.00    0.00    0.00    0.00    10  postgres
05:32:35 PM 100998   3032807    0.00    0.00    0.00    0.00    0.00    10  postgres
05:32:35 PM 100998   3032809    0.00    0.00    0.00    0.00    0.00    12  postgres
05:32:35 PM 100998   3032811    0.00    0.00    0.00    0.00    0.00    12  postgres
05:32:35 PM 100998   3032813    0.00    0.00    0.00    0.00    0.00    12  postgres
05:32:35 PM 100998   3032818    0.00    0.00    0.00    0.00    0.00    10  postgres
05:32:35 PM 100998   3032847    0.00    0.00    0.00    0.00    0.00    10  postgres
05:32:35 PM 100998   3032851    0.00    0.00    0.00    0.00    0.00    12  postgres
05:32:35 PM 100998   3032871    0.00    0.00    0.00    0.00    0.00    12  postgres
05:32:35 PM 100998   3032922    0.00    0.00    0.00    0.00    0.00    12  postgres
05:32:35 PM 100998   3032972    0.00    0.00    0.00    0.00    0.00    14  postgres
05:32:35 PM 100998   3033023    0.00    0.00    0.00    0.00    0.00    12  postgres
05:32:35 PM 100998   3033066    0.00    0.00    0.00    0.00    0.00    14  postgres
05:32:35 PM 100998   3033081    0.00    0.00    0.00    0.00    0.00    14  postgres
05:32:35 PM 100998   3033082    0.00    0.00    0.00    0.00    0.00    14  postgres
05:32:35 PM 100998   3033083    0.00    0.00    0.00    0.00    0.00    12  postgres
05:32:35 PM 100998   3033084    0.00    0.00    0.00    0.00    0.00    14  postgres
05:32:35 PM 100998   3033085    0.00    0.00    0.00    0.00    0.00    14  postgres
05:32:35 PM 100998   3033086    0.00    0.00    0.00    0.00    0.00    10  postgres
05:32:35 PM 100998   3033087    0.00    0.00    0.00    0.00    0.00    10  postgres
05:32:35 PM 100998   3033090    0.00    0.00    0.00    0.00    0.00    12  postgres

05:32:35 PM   UID       PID    %usr %system  %guest   %wait    %CPU   CPU  Command
05:32:36 PM 100998   3032224    0.00    0.00    0.00    0.00    0.00    10  postgres
05:32:36 PM 100998   3032225    0.00    0.00    0.00    0.00    0.00    12  postgres
05:32:36 PM 100998   3032227    0.00    0.00    0.00    0.00    0.00    10  postgres
05:32:36 PM 100998   3032228    0.00    0.00    0.00    0.00    0.00    12  postgres
05:32:36 PM 100998   3032489    1.00    1.00    0.00    0.00    2.00    12  postgres
05:32:36 PM 100998   3032493    0.00    0.00    0.00    0.00    0.00    10  postgres
05:32:36 PM 100998   3032494    0.00    1.00    0.00    0.00    1.00    14  postgres
05:32:36 PM 100998   3032495    1.00    1.00    0.00    0.00    2.00    10  postgres
05:32:36 PM 100998   3032496    0.00    1.00    0.00    0.00    1.00    14  postgres
05:32:36 PM 100998   3032497    0.00    0.00    0.00    0.00    0.00    14  postgres
05:32:36 PM 100998   3032499    0.00    1.00    0.00    0.00    1.00    14  postgres
05:32:36 PM 100998   3032502    1.00    1.00    0.00    0.00    2.00    10  postgres
05:32:36 PM 100998   3032518    1.00    0.00    0.00    0.00    1.00    12  postgres
05:32:36 PM 100998   3032520    0.00    1.00    0.00    0.00    1.00    14  postgres
05:32:36 PM 100998   3032521    1.00    0.00    0.00    0.00    1.00    12  postgres
05:32:36 PM 100998   3032523    1.00    0.00    0.00    0.00    1.00    14  postgres
05:32:36 PM 100998   3032525    1.00    1.00    0.00    0.00    2.00    12  postgres
05:32:36 PM 100998   3032530    1.00    0.00    0.00    0.00    1.00    10  postgres
05:32:36 PM 100998   3032539    1.00    0.00    0.00    0.00    1.00    10  postgres
05:32:36 PM 100998   3032560    1.00    0.00    0.00    0.00    1.00    14  postgres
05:32:36 PM 100998   3032564    1.00    0.00    0.00    0.00    1.00    14  postgres
05:32:36 PM 100998   3032571    0.00    0.00    0.00    0.00    0.00    14  postgres
05:32:36 PM 100998   3032592    0.00    0.00    0.00    0.00    0.00    14  postgres
05:32:36 PM 100998   3032648    1.00    0.00    0.00    0.00    1.00    12  postgres
05:32:36 PM 100998   3032701    0.00    1.00    0.00    0.00    1.00    10  postgres
05:32:36 PM 100998   3032755    0.00    1.00    0.00    0.00    1.00    14  postgres
05:32:36 PM 100998   3032796    1.00    0.00    0.00    0.00    1.00    12  postgres
05:32:36 PM 100998   3032798    0.00    0.00    0.00    0.00    0.00    14  postgres
05:32:36 PM 100998   3032799    0.00    1.00    0.00    0.00    1.00    12  postgres
05:32:36 PM 100998   3032800    0.00    1.00    0.00    0.00    1.00    12  postgres
05:32:36 PM 100998   3032801    0.00    0.00    0.00    0.00    0.00    10  postgres
05:32:36 PM 100998   3032802    0.00    0.00    0.00    0.00    0.00    12  postgres
05:32:36 PM 100998   3032803    1.00    0.00    0.00    0.00    1.00    10  postgres
05:32:36 PM 100998   3032804    1.00    0.00    0.00    0.00    1.00    10  postgres
05:32:36 PM 100998   3032807    1.00    0.00    0.00    0.00    1.00    10  postgres
05:32:36 PM 100998   3032809    0.00    0.00    0.00    0.00    0.00    10  postgres
05:32:36 PM 100998   3032811    0.00    0.00    0.00    0.00    0.00    12  postgres
05:32:36 PM 100998   3032813    0.00    0.00    0.00    0.00    0.00    10  postgres
05:32:36 PM 100998   3032818    0.00    0.00    0.00    0.00    0.00    14  postgres
05:32:36 PM 100998   3032847    0.00    0.00    0.00    0.00    0.00    10  postgres
05:32:36 PM 100998   3032851    0.00    0.00    0.00    0.00    0.00    12  postgres
05:32:36 PM 100998   3032871    0.00    0.00    0.00    0.00    0.00    12  postgres
05:32:36 PM 100998   3032922    0.00    0.00    0.00    0.00    0.00    14  postgres
05:32:36 PM 100998   3032972    0.00    1.00    0.00    0.00    1.00    10  postgres
05:32:36 PM 100998   3033023    0.00    0.00    0.00    0.00    0.00    14  postgres
05:32:36 PM 100998   3033066    0.00    0.00    0.00    0.00    0.00    10  postgres
05:32:36 PM 100998   3033081    0.00    0.00    0.00    0.00    0.00    12  postgres
05:32:36 PM 100998   3033082    0.00    0.00    0.00    0.00    0.00    14  postgres
05:32:36 PM 100998   3033083    0.00    0.00    0.00    0.00    0.00    10  postgres
05:32:36 PM 100998   3033084    1.00    0.00    0.00    0.00    1.00    14  postgres
05:32:36 PM 100998   3033085    0.00    0.00    0.00    0.00    0.00    14  postgres
05:32:36 PM 100998   3033086    0.00    0.00    0.00    0.00    0.00    14  postgres
05:32:36 PM 100998   3033087    0.00    0.00    0.00    0.00    0.00    14  postgres
05:32:36 PM 100998   3033090    0.00    0.00    0.00    0.00    0.00    10  postgres

05:32:36 PM   UID       PID    %usr %system  %guest   %wait    %CPU   CPU  Command
05:32:37 PM 100998   3032224    0.00    0.00    0.00    0.00    0.00    10  postgres
05:32:37 PM 100998   3032225    0.00    0.00    0.00    0.00    0.00    12  postgres
05:32:37 PM 100998   3032227    0.00    0.00    0.00    0.00    0.00    10  postgres
05:32:37 PM 100998   3032228    0.00    0.00    0.00    0.00    0.00    12  postgres
05:32:37 PM 100998   3032489    1.00    0.00    0.00    0.00    1.00    12  postgres
05:32:37 PM 100998   3032493    1.00    1.00    0.00    0.00    2.00    10  postgres
05:32:37 PM 100998   3032494    1.00    0.00    0.00    0.00    1.00    12  postgres
05:32:37 PM 100998   3032495    0.00    0.00    0.00    0.00    0.00    12  postgres
05:32:37 PM 100998   3032496    1.00    0.00    0.00    0.00    1.00    14  postgres
05:32:37 PM 100998   3032497    1.00    1.00    0.00    0.00    2.00    14  postgres
05:32:37 PM 100998   3032499    1.00    0.00    0.00    0.00    1.00    12  postgres
05:32:37 PM 100998   3032502    1.00    0.00    0.00    0.00    1.00    12  postgres
05:32:37 PM 100998   3032518    1.00    1.00    0.00    0.00    2.00    10  postgres
05:32:37 PM 100998   3032520    0.00    0.00    0.00    0.00    0.00    10  postgres
05:32:37 PM 100998   3032521    0.00    0.00    0.00    0.00    0.00    12  postgres
05:32:37 PM 100998   3032523    0.00    1.00    0.00    0.00    1.00    14  postgres
05:32:37 PM 100998   3032525    0.00    0.00    0.00    0.00    0.00    12  postgres
05:32:37 PM 100998   3032530    0.00    0.00    0.00    0.00    0.00    14  postgres
05:32:37 PM 100998   3032539    0.00    0.00    0.00    0.00    0.00    10  postgres
05:32:37 PM 100998   3032560    0.00    0.00    0.00    0.00    0.00    14  postgres
05:32:37 PM 100998   3032564    0.00    0.00    0.00    0.00    0.00    12  postgres
05:32:37 PM 100998   3032571    1.00    1.00    0.00    0.00    2.00    12  postgres
05:32:37 PM 100998   3032592    0.00    0.00    0.00    0.00    0.00    14  postgres
05:32:37 PM 100998   3032648    1.00    0.00    0.00    0.00    1.00    10  postgres
05:32:37 PM 100998   3032701    0.00    0.00    0.00    0.00    0.00    12  postgres
05:32:37 PM 100998   3032755    1.00    0.00    0.00    0.00    1.00    14  postgres
05:32:37 PM 100998   3032796    0.00    1.00    0.00    0.00    1.00    14  postgres
05:32:37 PM 100998   3032798    1.00    0.00    0.00    0.00    1.00    12  postgres
05:32:37 PM 100998   3032799    0.00    0.00    0.00    0.00    0.00    14  postgres
05:32:37 PM 100998   3032800    0.00    0.00    0.00    0.00    0.00    12  postgres
05:32:37 PM 100998   3032801    0.00    0.00    0.00    0.00    0.00    14  postgres
05:32:37 PM 100998   3032802    0.00    1.00    0.00    0.00    1.00    14  postgres
05:32:37 PM 100998   3032803    0.00    0.00    0.00    0.00    0.00    12  postgres
05:32:37 PM 100998   3032804    0.00    0.00    0.00    0.00    0.00    14  postgres
05:32:37 PM 100998   3032807    0.00    0.00    0.00    0.00    0.00    12  postgres
05:32:37 PM 100998   3032809    0.00    1.00    0.00    0.00    1.00    10  postgres
05:32:37 PM 100998   3032811    1.00    1.00    0.00    0.00    2.00    12  postgres
05:32:37 PM 100998   3032813    0.00    0.00    0.00    0.00    0.00    14  postgres
05:32:37 PM 100998   3032818    1.00    0.00    0.00    0.00    1.00    10  postgres
05:32:37 PM 100998   3032847    0.00    0.00    0.00    0.00    0.00    10  postgres
05:32:37 PM 100998   3032851    0.00    0.00    0.00    0.00    0.00    12  postgres
05:32:37 PM 100998   3032871    1.00    0.00    0.00    0.00    1.00    10  postgres
05:32:37 PM 100998   3032922    0.00    1.00    0.00    0.00    1.00    12  postgres
05:32:37 PM 100998   3032972    0.00    0.00    0.00    0.00    0.00    14  postgres
05:32:37 PM 100998   3033023    1.00    0.00    0.00    0.00    1.00    14  postgres
05:32:37 PM 100998   3033066    0.00    0.00    0.00    0.00    0.00    12  postgres
05:32:37 PM 100998   3033081    0.00    1.00    0.00    0.00    1.00    10  postgres
05:32:37 PM 100998   3033082    0.00    0.00    0.00    0.00    0.00    10  postgres
05:32:37 PM 100998   3033083    0.00    0.00    0.00    0.00    0.00    10  postgres
05:32:37 PM 100998   3033084    0.00    0.00    0.00    0.00    0.00    14  postgres
05:32:37 PM 100998   3033085    0.00    0.00    0.00    0.00    0.00    10  postgres
05:32:37 PM 100998   3033086    0.00    0.00    0.00    0.00    0.00    12  postgres
05:32:37 PM 100998   3033087    0.00    0.00    0.00    0.00    0.00    12  postgres
05:32:37 PM 100998   3033090    0.00    0.00    0.00    0.00    0.00    10  postgres

05:32:37 PM   UID       PID    %usr %system  %guest   %wait    %CPU   CPU  Command
05:32:38 PM 100998   3032224    0.00    0.00    0.00    0.00    0.00    10  postgres
05:32:38 PM 100998   3032225    0.00    0.00    0.00    0.00    0.00    12  postgres
05:32:38 PM 100998   3032227    0.00    0.00    0.00    0.00    0.00    10  postgres
05:32:38 PM 100998   3032228    0.00    0.00    0.00    0.00    0.00    12  postgres
05:32:38 PM 100998   3032489    0.00    0.00    0.00    0.00    0.00    10  postgres
05:32:38 PM 100998   3032493    1.00    1.00    0.00    0.00    2.00    10  postgres
05:32:38 PM 100998   3032494    1.00    1.00    0.00    0.00    2.00    12  postgres
05:32:38 PM 100998   3032495    2.00    0.00    0.00    0.00    2.00    10  postgres
05:32:38 PM 100998   3032496    1.00    1.00    0.00    0.00    2.00    14  postgres
05:32:38 PM 100998   3032497    1.00    0.00    0.00    0.00    1.00    12  postgres
05:32:38 PM 100998   3032499    0.00    0.00    0.00    0.00    0.00    14  postgres
05:32:38 PM 100998   3032502    1.00    0.00    0.00    0.00    1.00    14  postgres
05:32:38 PM 100998   3032518    1.00    0.00    0.00    0.00    1.00    12  postgres
05:32:38 PM 100998   3032520    1.00    0.00    0.00    0.00    1.00    14  postgres
05:32:38 PM 100998   3032521    1.00    0.00    0.00    0.00    1.00    14  postgres
05:32:38 PM 100998   3032523    1.00    0.00    0.00    0.00    1.00    14  postgres
05:32:38 PM 100998   3032525    0.00    0.00    0.00    0.00    0.00    12  postgres
05:32:38 PM 100998   3032530    1.00    1.00    0.00    0.00    2.00    10  postgres
05:32:38 PM 100998   3032539    1.00    1.00    0.00    0.00    2.00    12  postgres
05:32:38 PM 100998   3032560    0.00    1.00    0.00    0.00    1.00    14  postgres
05:32:38 PM 100998   3032564    0.00    0.00    0.00    0.00    0.00    10  postgres
05:32:38 PM 100998   3032571    0.00    0.00    0.00    0.00    0.00    12  postgres
05:32:38 PM 100998   3032592    0.00    0.00    0.00    0.00    0.00    10  postgres
05:32:38 PM 100998   3032648    0.00    0.00    0.00    0.00    0.00    14  postgres
05:32:38 PM 100998   3032701    0.00    0.00    0.00    0.00    0.00    14  postgres
05:32:38 PM 100998   3032755    0.00    0.00    0.00    0.00    0.00    14  postgres
05:32:38 PM 100998   3032796    0.00    0.00    0.00    0.00    0.00    10  postgres
05:32:38 PM 100998   3032798    0.00    0.00    0.00    0.00    0.00    14  postgres
05:32:38 PM 100998   3032799    0.00    0.00    0.00    0.00    0.00    14  postgres
05:32:38 PM 100998   3032800    0.00    0.00    0.00    0.00    0.00    10  postgres
05:32:38 PM 100998   3032801    1.00    0.00    0.00    0.00    1.00    12  postgres
05:32:38 PM 100998   3032802    0.00    0.00    0.00    0.00    0.00    12  postgres
05:32:38 PM 100998   3032803    0.00    0.00    0.00    0.00    0.00    14  postgres
05:32:38 PM 100998   3032804    0.00    1.00    0.00    0.00    1.00    12  postgres
05:32:38 PM 100998   3032807    1.00    0.00    0.00    0.00    1.00    10  postgres
05:32:38 PM 100998   3032809    0.00    0.00    0.00    0.00    0.00    10  postgres
05:32:38 PM 100998   3032811    0.00    0.00    0.00    0.00    0.00    12  postgres
05:32:38 PM 100998   3032813    0.00    0.00    0.00    0.00    0.00    14  postgres
05:32:38 PM 100998   3032818    0.00    1.00    0.00    0.00    1.00    12  postgres
05:32:38 PM 100998   3032847    0.00    0.00    0.00    0.00    0.00    10  postgres
05:32:38 PM 100998   3032851    1.00    0.00    0.00    0.00    1.00    12  postgres
05:32:38 PM 100998   3032871    0.00    0.00    0.00    0.00    0.00    14  postgres
05:32:38 PM 100998   3032922    0.00    0.00    0.00    0.00    0.00    12  postgres
05:32:38 PM 100998   3032972    0.00    0.00    0.00    0.00    0.00    14  postgres
05:32:38 PM 100998   3033023    0.00    0.00    0.00    0.00    0.00    10  postgres
05:32:38 PM 100998   3033066    1.00    0.00    0.00    0.00    1.00    12  postgres
05:32:38 PM 100998   3033081    0.00    0.00    0.00    0.00    0.00    12  postgres
05:32:38 PM 100998   3033082    0.00    0.00    0.00    0.00    0.00    14  postgres
05:32:38 PM 100998   3033083    0.00    0.00    0.00    0.00    0.00    14  postgres
05:32:38 PM 100998   3033084    0.00    0.00    0.00    0.00    0.00    14  postgres
05:32:38 PM 100998   3033085    0.00    1.00    0.00    0.00    1.00    10  postgres
05:32:38 PM 100998   3033086    1.00    0.00    0.00    0.00    1.00    10  postgres
05:32:38 PM 100998   3033087    0.00    0.00    0.00    0.00    0.00    14  postgres
05:32:38 PM 100998   3033090    0.00    0.00    0.00    0.00    0.00    10  postgres

05:32:38 PM   UID       PID    %usr %system  %guest   %wait    %CPU   CPU  Command
05:32:39 PM 100998   3032224    0.00    0.00    0.00    0.00    0.00    10  postgres
05:32:39 PM 100998   3032225    0.00    0.00    0.00    0.00    0.00    12  postgres
05:32:39 PM 100998   3032227    0.00    0.00    0.00    0.00    0.00    10  postgres
05:32:39 PM 100998   3032228    0.00    0.00    0.00    0.00    0.00    12  postgres
05:32:39 PM 100998   3032489    1.00    1.00    0.00    0.00    2.00    12  postgres
05:32:39 PM 100998   3032493    0.00    0.00    0.00    0.00    0.00    14  postgres
05:32:39 PM 100998   3032494    0.00    1.00    0.00    0.00    1.00    14  postgres
05:32:39 PM 100998   3032495    0.00    1.00    0.00    0.00    1.00    10  postgres
05:32:39 PM 100998   3032496    1.00    0.00    0.00    0.00    1.00    10  postgres
05:32:39 PM 100998   3032497    1.00    0.00    0.00    0.00    1.00    10  postgres
05:32:39 PM 100998   3032499    1.00    0.00    0.00    0.00    1.00    10  postgres
05:32:39 PM 100998   3032502    0.00    1.00    0.00    0.00    1.00    10  postgres
05:32:39 PM 100998   3032518    0.00    0.00    0.00    0.00    0.00    10  postgres
05:32:39 PM 100998   3032520    1.00    0.00    0.00    0.00    1.00    14  postgres
05:32:39 PM 100998   3032521    0.00    1.00    0.00    0.00    1.00    14  postgres
05:32:39 PM 100998   3032523    0.00    0.00    0.00    0.00    0.00    10  postgres
05:32:39 PM 100998   3032525    1.00    0.00    0.00    0.00    1.00    10  postgres
05:32:39 PM 100998   3032530    0.00    0.00    0.00    0.00    0.00    12  postgres
05:32:39 PM 100998   3032539    0.00    0.00    0.00    0.00    0.00    14  postgres
05:32:39 PM 100998   3032560    0.00    0.00    0.00    0.00    0.00    12  postgres
05:32:39 PM 100998   3032564    1.00    0.00    0.00    0.00    1.00    14  postgres
05:32:39 PM 100998   3032571    0.00    0.00    0.00    0.00    0.00    12  postgres
05:32:39 PM 100998   3032592    1.00    0.00    0.00    0.00    1.00    10  postgres
05:32:39 PM 100998   3032648    0.00    0.00    0.00    0.00    0.00    12  postgres
05:32:39 PM 100998   3032701    0.00    0.00    0.00    0.00    0.00    14  postgres
05:32:39 PM 100998   3032755    0.00    0.00    0.00    0.00    0.00    14  postgres
05:32:39 PM 100998   3032796    0.00    0.00    0.00    0.00    0.00    14  postgres
05:32:39 PM 100998   3032798    0.00    0.00    0.00    0.00    0.00    14  postgres
05:32:39 PM 100998   3032799    1.00    0.00    0.00    0.00    1.00    14  postgres
05:32:39 PM 100998   3032800    0.00    0.00    0.00    0.00    0.00    10  postgres
05:32:39 PM 100998   3032801    0.00    0.00    0.00    0.00    0.00    14  postgres
05:32:39 PM 100998   3032802    0.00    0.00    0.00    0.00    0.00    12  postgres
05:32:39 PM 100998   3032803    1.00    0.00    0.00    0.00    1.00    14  postgres
05:32:39 PM 100998   3032804    1.00    0.00    0.00    0.00    1.00    14  postgres
05:32:39 PM 100998   3032807    0.00    1.00    0.00    0.00    1.00    10  postgres
05:32:39 PM 100998   3032809    1.00    0.00    0.00    0.00    1.00    12  postgres
05:32:39 PM 100998   3032811    0.00    0.00    0.00    0.00    0.00    12  postgres
05:32:39 PM 100998   3032813    1.00    0.00    0.00    0.00    1.00    12  postgres
05:32:39 PM 100998   3032818    0.00    0.00    0.00    0.00    0.00    14  postgres
05:32:39 PM 100998   3032847    0.00    0.00    0.00    0.00    0.00    10  postgres
05:32:39 PM 100998   3032851    0.00    0.00    0.00    0.00    0.00    12  postgres
05:32:39 PM 100998   3032871    0.00    0.00    0.00    0.00    0.00    12  postgres
05:32:39 PM 100998   3032922    1.00    0.00    0.00    0.00    1.00    12  postgres
05:32:39 PM 100998   3032972    1.00    0.00    0.00    0.00    1.00    14  postgres
05:32:39 PM 100998   3033023    0.00    0.00    0.00    0.00    0.00    14  postgres
05:32:39 PM 100998   3033066    0.00    0.00    0.00    0.00    0.00    12  postgres
05:32:39 PM 100998   3033081    0.00    0.00    0.00    0.00    0.00    10  postgres
05:32:39 PM 100998   3033082    0.00    0.00    0.00    0.00    0.00    12  postgres
05:32:39 PM 100998   3033083    0.00    0.00    0.00    0.00    0.00    12  postgres
05:32:39 PM 100998   3033084    0.00    1.00    0.00    0.00    1.00    14  postgres
05:32:39 PM 100998   3033085    1.00    0.00    0.00    0.00    1.00    14  postgres
05:32:39 PM 100998   3033086    0.00    0.00    0.00    0.00    0.00    10  postgres
05:32:39 PM 100998   3033087    0.00    1.00    0.00    0.00    1.00    12  postgres
05:32:39 PM 100998   3033090    1.00    0.00    0.00    0.00    1.00    10  postgres

05:32:39 PM   UID       PID    %usr %system  %guest   %wait    %CPU   CPU  Command
05:32:40 PM 100998   3032224    0.00    0.00    0.00    0.00    0.00    10  postgres
05:32:40 PM 100998   3032225    0.00    0.00    0.00    0.00    0.00    12  postgres
05:32:40 PM 100998   3032227    0.00    0.00    0.00    0.00    0.00    10  postgres
05:32:40 PM 100998   3032228    0.00    0.00    0.00    0.00    0.00    12  postgres
05:32:40 PM 100998   3032489    1.00    2.00    0.00    0.00    3.00    14  postgres
05:32:40 PM 100998   3032493    2.00    1.00    0.00    0.00    3.00    12  postgres
05:32:40 PM 100998   3032494    1.00    0.00    0.00    0.00    1.00    10  postgres
05:32:40 PM 100998   3032495    2.00    0.00    0.00    0.00    2.00    14  postgres
05:32:40 PM 100998   3032496    1.00    1.00    0.00    0.00    2.00    12  postgres
05:32:40 PM 100998   3032497    0.00    1.00    0.00    0.00    1.00    14  postgres
05:32:40 PM 100998   3032499    1.00    1.00    0.00    0.00    2.00    10  postgres
05:32:40 PM 100998   3032502    0.00    0.00    0.00    0.00    0.00    10  postgres
05:32:40 PM 100998   3032518    1.00    1.00    0.00    0.00    2.00    10  postgres
05:32:40 PM 100998   3032520    0.00    1.00    0.00    0.00    1.00    10  postgres
05:32:40 PM 100998   3032521    0.00    0.00    0.00    0.00    0.00    12  postgres
05:32:40 PM 100998   3032523    1.00    0.00    0.00    0.00    1.00    12  postgres
05:32:40 PM 100998   3032525    0.00    1.00    0.00    0.00    1.00    14  postgres
05:32:40 PM 100998   3032530    0.00    0.00    0.00    0.00    0.00    10  postgres
05:32:40 PM 100998   3032539    1.00    0.00    0.00    0.00    1.00    10  postgres
05:32:40 PM 100998   3032560    1.00    0.00    0.00    0.00    1.00    14  postgres
05:32:40 PM 100998   3032564    0.00    1.00    0.00    0.00    1.00    12  postgres
05:32:40 PM 100998   3032571    1.00    0.00    0.00    0.00    1.00    10  postgres
05:32:40 PM 100998   3032592    0.00    0.00    0.00    0.00    0.00    10  postgres
05:32:40 PM 100998   3032648    0.00    0.00    0.00    0.00    0.00    12  postgres
05:32:40 PM 100998   3032701    1.00    0.00    0.00    0.00    1.00    12  postgres
05:32:40 PM 100998   3032755    0.00    0.00    0.00    0.00    0.00    12  postgres
05:32:40 PM 100998   3032796    1.00    0.00    0.00    0.00    1.00    12  postgres
05:32:40 PM 100998   3032798    1.00    0.00    0.00    0.00    1.00    14  postgres
05:32:40 PM 100998   3032799    0.00    1.00    0.00    0.00    1.00    10  postgres
05:32:40 PM 100998   3032800    0.00    0.00    0.00    0.00    0.00    14  postgres
05:32:40 PM 100998   3032801    0.00    1.00    0.00    0.00    1.00    12  postgres
05:32:40 PM 100998   3032802    0.00    0.00    0.00    0.00    0.00    14  postgres
05:32:40 PM 100998   3032803    0.00    1.00    0.00    0.00    1.00    12  postgres
05:32:40 PM 100998   3032804    0.00    0.00    0.00    0.00    0.00    14  postgres
05:32:40 PM 100998   3032807    0.00    0.00    0.00    0.00    0.00    10  postgres
05:32:40 PM 100998   3032809    0.00    0.00    0.00    0.00    0.00    10  postgres
05:32:40 PM 100998   3032811    0.00    0.00    0.00    0.00    0.00    12  postgres
05:32:40 PM 100998   3032813    0.00    0.00    0.00    0.00    0.00    12  postgres
05:32:40 PM 100998   3032818    0.00    0.00    0.00    0.00    0.00    10  postgres
05:32:40 PM 100998   3032847    1.00    1.00    0.00    0.00    2.00    14  postgres
05:32:40 PM 100998   3032851    0.00    0.00    0.00    0.00    0.00    12  postgres
05:32:40 PM 100998   3032871    0.00    0.00    0.00    0.00    0.00    10  postgres
05:32:40 PM 100998   3032922    0.00    0.00    0.00    0.00    0.00    10  postgres
05:32:40 PM 100998   3032972    0.00    0.00    0.00    0.00    0.00    10  postgres
05:32:40 PM 100998   3033023    0.00    0.00    0.00    0.00    0.00    14  postgres
05:32:40 PM 100998   3033066    0.00    0.00    0.00    0.00    0.00    14  postgres
05:32:40 PM 100998   3033081    0.00    0.00    0.00    0.00    0.00    10  postgres
05:32:40 PM 100998   3033082    0.00    0.00    0.00    0.00    0.00    14  postgres
05:32:40 PM 100998   3033083    0.00    0.00    0.00    0.00    0.00    12  postgres
05:32:40 PM 100998   3033084    0.00    0.00    0.00    0.00    0.00    10  postgres
05:32:40 PM 100998   3033085    0.00    0.00    0.00    0.00    0.00    14  postgres
05:32:40 PM 100998   3033086    0.00    0.00    0.00    0.00    0.00    14  postgres
05:32:40 PM 100998   3033087    0.00    0.00    0.00    0.00    0.00    12  postgres
05:32:40 PM 100998   3033090    0.00    0.00    0.00    0.00    0.00    10  postgres

05:32:40 PM   UID       PID    %usr %system  %guest   %wait    %CPU   CPU  Command
05:32:41 PM 100998   3032224    0.00    0.00    0.00    0.00    0.00    10  postgres
05:32:41 PM 100998   3032225    0.00    0.00    0.00    0.00    0.00    12  postgres
05:32:41 PM 100998   3032227    0.00    0.00    0.00    0.00    0.00    10  postgres
05:32:41 PM 100998   3032228    0.00    0.00    0.00    0.00    0.00    12  postgres
05:32:41 PM 100998   3032489    1.00    0.00    0.00    0.00    1.00    14  postgres
05:32:41 PM 100998   3032493    1.00    0.00    0.00    0.00    1.00    10  postgres
05:32:41 PM 100998   3032494    1.00    1.00    0.00    0.00    2.00    12  postgres
05:32:41 PM 100998   3032495    1.00    0.00    0.00    0.00    1.00    14  postgres
05:32:41 PM 100998   3032496    1.00    0.00    0.00    0.00    1.00    12  postgres
05:32:41 PM 100998   3032497    1.00    0.00    0.00    0.00    1.00    14  postgres
05:32:41 PM 100998   3032499    0.00    0.00    0.00    0.00    0.00    14  postgres
05:32:41 PM 100998   3032502    1.00    0.00    0.00    0.00    1.00    10  postgres
05:32:41 PM 100998   3032518    1.00    0.00    0.00    0.00    1.00    14  postgres
05:32:41 PM 100998   3032520    1.00    0.00    0.00    0.00    1.00    14  postgres
05:32:41 PM 100998   3032521    2.00    0.00    0.00    0.00    2.00    12  postgres
05:32:41 PM 100998   3032523    1.00    1.00    0.00    0.00    2.00    10  postgres
05:32:41 PM 100998   3032525    1.00    0.00    0.00    0.00    1.00    10  postgres
05:32:41 PM 100998   3032530    1.00    0.00    0.00    0.00    1.00    12  postgres
05:32:41 PM 100998   3032539    0.00    0.00    0.00    0.00    0.00    10  postgres
05:32:41 PM 100998   3032560    1.00    0.00    0.00    0.00    1.00    10  postgres
05:32:41 PM 100998   3032564    0.00    0.00    0.00    0.00    0.00    10  postgres
05:32:41 PM 100998   3032571    0.00    1.00    0.00    0.00    1.00    14  postgres
05:32:41 PM 100998   3032592    1.00    0.00    0.00    0.00    1.00    10  postgres
05:32:41 PM 100998   3032648    0.00    0.00    0.00    0.00    0.00    12  postgres
05:32:41 PM 100998   3032701    0.00    0.00    0.00    0.00    0.00    10  postgres
05:32:41 PM 100998   3032755    0.00    0.00    0.00    0.00    0.00    12  postgres
05:32:41 PM 100998   3032796    0.00    0.00    0.00    0.00    0.00    14  postgres
05:32:41 PM 100998   3032798    0.00    0.00    0.00    0.00    0.00    14  postgres
05:32:41 PM 100998   3032799    0.00    0.00    0.00    0.00    0.00    12  postgres
05:32:41 PM 100998   3032800    1.00    0.00    0.00    0.00    1.00    14  postgres
05:32:41 PM 100998   3032801    0.00    0.00    0.00    0.00    0.00    12  postgres
05:32:41 PM 100998   3032802    1.00    0.00    0.00    0.00    1.00    14  postgres
05:32:41 PM 100998   3032803    0.00    0.00    0.00    0.00    0.00    14  postgres
05:32:41 PM 100998   3032804    0.00    0.00    0.00    0.00    0.00    14  postgres
05:32:41 PM 100998   3032807    0.00    0.00    0.00    0.00    0.00    12  postgres
05:32:41 PM 100998   3032809    0.00    0.00    0.00    0.00    0.00    12  postgres
05:32:41 PM 100998   3032811    1.00    0.00    0.00    0.00    1.00    12  postgres
05:32:41 PM 100998   3032813    0.00    0.00    0.00    0.00    0.00    14  postgres
05:32:41 PM 100998   3032818    1.00    0.00    0.00    0.00    1.00    10  postgres
05:32:41 PM 100998   3032847    0.00    0.00    0.00    0.00    0.00    12  postgres
05:32:41 PM 100998   3032851    0.00    0.00    0.00    0.00    0.00    10  postgres
05:32:41 PM 100998   3032871    0.00    0.00    0.00    0.00    0.00    12  postgres
05:32:41 PM 100998   3032922    0.00    0.00    0.00    0.00    0.00    12  postgres
05:32:41 PM 100998   3032972    1.00    0.00    0.00    0.00    1.00    10  postgres
05:32:41 PM 100998   3033023    0.00    1.00    0.00    0.00    1.00    14  postgres
05:32:41 PM 100998   3033066    0.00    0.00    0.00    0.00    0.00    14  postgres
05:32:41 PM 100998   3033081    0.00    0.00    0.00    0.00    0.00    10  postgres
05:32:41 PM 100998   3033082    0.00    0.00    0.00    0.00    0.00    14  postgres
05:32:41 PM 100998   3033083    0.00    0.00    0.00    0.00    0.00    12  postgres
05:32:41 PM 100998   3033084    0.00    0.00    0.00    0.00    0.00    14  postgres
05:32:41 PM 100998   3033085    0.00    0.00    0.00    0.00    0.00    14  postgres
05:32:41 PM 100998   3033086    0.00    0.00    0.00    0.00    0.00    14  postgres
05:32:41 PM 100998   3033087    0.00    0.00    0.00    0.00    0.00    12  postgres
05:32:41 PM 100998   3033090    0.00    0.00    0.00    0.00    0.00    14  postgres

05:32:41 PM   UID       PID    %usr %system  %guest   %wait    %CPU   CPU  Command
05:32:42 PM 100998   3032224    0.00    0.00    0.00    0.00    0.00    10  postgres
05:32:42 PM 100998   3032225    0.00    0.00    0.00    0.00    0.00    12  postgres
05:32:42 PM 100998   3032227    0.00    0.00    0.00    0.00    0.00    10  postgres
05:32:42 PM 100998   3032228    0.00    0.00    0.00    0.00    0.00    12  postgres
05:32:42 PM 100998   3032489    1.00    1.00    0.00    0.00    2.00    14  postgres
05:32:42 PM 100998   3032493    1.00    1.00    0.00    0.00    2.00    14  postgres
05:32:42 PM 100998   3032494    1.00    0.00    0.00    0.00    1.00    10  postgres
05:32:42 PM 100998   3032495    1.00    1.00    0.00    0.00    2.00    14  postgres
05:32:42 PM 100998   3032496    0.00    1.00    0.00    0.00    1.00    10  postgres
05:32:42 PM 100998   3032497    1.00    0.00    0.00    0.00    1.00    10  postgres
05:32:42 PM 100998   3032499    1.00    0.00    0.00    0.00    1.00    12  postgres
05:32:42 PM 100998   3032502    0.00    1.00    0.00    0.00    1.00    12  postgres
05:32:42 PM 100998   3032518    1.00    1.00    0.00    0.00    2.00    14  postgres
05:32:42 PM 100998   3032520    0.00    0.00    0.00    0.00    0.00    14  postgres
05:32:42 PM 100998   3032521    0.00    1.00    0.00    0.00    1.00    10  postgres
05:32:42 PM 100998   3032523    0.00    0.00    0.00    0.00    0.00    14  postgres
05:32:42 PM 100998   3032525    0.00    1.00    0.00    0.00    1.00    10  postgres
05:32:42 PM 100998   3032530    1.00    1.00    0.00    0.00    2.00    10  postgres
05:32:42 PM 100998   3032539    1.00    1.00    0.00    0.00    2.00    12  postgres
05:32:42 PM 100998   3032560    0.00    1.00    0.00    0.00    1.00    14  postgres
05:32:42 PM 100998   3032564    0.00    0.00    0.00    0.00    0.00    10  postgres
05:32:42 PM 100998   3032571    0.00    0.00    0.00    0.00    0.00    14  postgres
05:32:42 PM 100998   3032592    0.00    0.00    0.00    0.00    0.00    12  postgres
05:32:42 PM 100998   3032648    0.00    1.00    0.00    0.00    1.00    14  postgres
05:32:42 PM 100998   3032701    0.00    0.00    0.00    0.00    0.00    10  postgres
05:32:42 PM 100998   3032755    0.00    0.00    0.00    0.00    0.00    12  postgres
05:32:42 PM 100998   3032796    0.00    0.00    0.00    0.00    0.00    10  postgres
05:32:42 PM 100998   3032798    0.00    0.00    0.00    0.00    0.00    10  postgres
05:32:42 PM 100998   3032799    0.00    0.00    0.00    0.00    0.00    10  postgres
05:32:42 PM 100998   3032800    0.00    0.00    0.00    0.00    0.00    10  postgres
05:32:42 PM 100998   3032801    1.00    0.00    0.00    0.00    1.00    14  postgres
05:32:42 PM 100998   3032802    0.00    0.00    0.00    0.00    0.00    12  postgres
05:32:42 PM 100998   3032803    0.00    0.00    0.00    0.00    0.00    10  postgres
05:32:42 PM 100998   3032804    0.00    0.00    0.00    0.00    0.00    10  postgres
05:32:42 PM 100998   3032807    0.00    0.00    0.00    0.00    0.00    12  postgres
05:32:42 PM 100998   3032809    0.00    0.00    0.00    0.00    0.00    12  postgres
05:32:42 PM 100998   3032811    0.00    0.00    0.00    0.00    0.00    14  postgres
05:32:42 PM 100998   3032813    0.00    0.00    0.00    0.00    0.00    10  postgres
05:32:42 PM 100998   3032818    0.00    0.00    0.00    0.00    0.00    10  postgres
05:32:42 PM 100998   3032847    0.00    0.00    0.00    0.00    0.00    14  postgres
05:32:42 PM 100998   3032851    0.00    0.00    0.00    0.00    0.00    10  postgres
05:32:42 PM 100998   3032871    1.00    0.00    0.00    0.00    1.00    10  postgres
05:32:42 PM 100998   3032922    0.00    0.00    0.00    0.00    0.00    12  postgres
05:32:42 PM 100998   3032972    0.00    1.00    0.00    0.00    1.00    12  postgres
05:32:42 PM 100998   3033023    0.00    0.00    0.00    0.00    0.00    14  postgres
05:32:42 PM 100998   3033066    0.00    1.00    0.00    0.00    1.00    12  postgres
05:32:42 PM 100998   3033081    0.00    0.00    0.00    0.00    0.00    10  postgres
05:32:42 PM 100998   3033082    1.00    1.00    0.00    0.00    2.00    12  postgres
05:32:42 PM 100998   3033083    1.00    0.00    0.00    0.00    1.00    10  postgres
05:32:42 PM 100998   3033084    0.00    0.00    0.00    0.00    0.00    14  postgres
05:32:42 PM 100998   3033085    0.00    0.00    0.00    0.00    0.00    10  postgres
05:32:42 PM 100998   3033086    0.00    0.00    0.00    0.00    0.00    14  postgres
05:32:42 PM 100998   3033087    0.00    0.00    0.00    0.00    0.00    10  postgres
05:32:42 PM 100998   3033090    0.00    0.00    0.00    0.00    0.00    10  postgres

05:32:42 PM   UID       PID    %usr %system  %guest   %wait    %CPU   CPU  Command
05:32:43 PM 100998   3032224    0.00    0.00    0.00    0.00    0.00    10  postgres
05:32:43 PM 100998   3032225    0.00    0.00    0.00    0.00    0.00    12  postgres
05:32:43 PM 100998   3032227    0.00    0.00    0.00    0.00    0.00    10  postgres
05:32:43 PM 100998   3032228    0.00    0.00    0.00    0.00    0.00    12  postgres
05:32:43 PM 100998   3032489    1.00    1.00    0.00    0.00    2.00    10  postgres
05:32:43 PM 100998   3032493    1.00    1.00    0.00    0.00    2.00    14  postgres
05:32:43 PM 100998   3032494    1.00    1.00    0.00    0.00    2.00    12  postgres
05:32:43 PM 100998   3032495    0.00    1.00    0.00    0.00    1.00    10  postgres
05:32:43 PM 100998   3032496    1.00    0.00    0.00    0.00    1.00    10  postgres
05:32:43 PM 100998   3032497    1.00    0.00    0.00    0.00    1.00    12  postgres
05:32:43 PM 100998   3032499    1.00    1.00    0.00    0.00    2.00    12  postgres
05:32:43 PM 100998   3032502    1.00    0.00    0.00    0.00    1.00    12  postgres
05:32:43 PM 100998   3032518    0.00    0.00    0.00    0.00    0.00    10  postgres
05:32:43 PM 100998   3032520    1.00    0.00    0.00    0.00    1.00    14  postgres
05:32:43 PM 100998   3032521    0.00    0.00    0.00    0.00    0.00    10  postgres
05:32:43 PM 100998   3032523    0.00    0.00    0.00    0.00    0.00    12  postgres
05:32:43 PM 100998   3032525    1.00    0.00    0.00    0.00    1.00    10  postgres
05:32:43 PM 100998   3032530    0.00    0.00    0.00    0.00    0.00    12  postgres
05:32:43 PM 100998   3032539    0.00    0.00    0.00    0.00    0.00    10  postgres
05:32:43 PM 100998   3032560    0.00    0.00    0.00    0.00    0.00    12  postgres
05:32:43 PM 100998   3032564    1.00    0.00    0.00    0.00    1.00    10  postgres
05:32:43 PM 100998   3032571    0.00    0.00    0.00    0.00    0.00    14  postgres
05:32:43 PM 100998   3032592    0.00    0.00    0.00    0.00    0.00    14  postgres
05:32:43 PM 100998   3032648    1.00    0.00    0.00    0.00    1.00    12  postgres
05:32:43 PM 100998   3032701    0.00    1.00    0.00    0.00    1.00    10  postgres
05:32:43 PM 100998   3032755    1.00    0.00    0.00    0.00    1.00    12  postgres
05:32:43 PM 100998   3032796    1.00    1.00    0.00    0.00    2.00    12  postgres
05:32:43 PM 100998   3032798    0.00    0.00    0.00    0.00    0.00    14  postgres
05:32:43 PM 100998   3032799    1.00    0.00    0.00    0.00    1.00    12  postgres
05:32:43 PM 100998   3032800    0.00    0.00    0.00    0.00    0.00    10  postgres
05:32:43 PM 100998   3032801    0.00    0.00    0.00    0.00    0.00    14  postgres
05:32:43 PM 100998   3032802    0.00    0.00    0.00    0.00    0.00    14  postgres
05:32:43 PM 100998   3032803    0.00    0.00    0.00    0.00    0.00    12  postgres
05:32:43 PM 100998   3032804    0.00    0.00    0.00    0.00    0.00    10  postgres
05:32:43 PM 100998   3032807    1.00    0.00    0.00    0.00    1.00    12  postgres
05:32:43 PM 100998   3032809    0.00    0.00    0.00    0.00    0.00    14  postgres
05:32:43 PM 100998   3032811    0.00    0.00    0.00    0.00    0.00    14  postgres
05:32:43 PM 100998   3032813    0.00    0.00    0.00    0.00    0.00    14  postgres
05:32:43 PM 100998   3032818    0.00    0.00    0.00    0.00    0.00    14  postgres
05:32:43 PM 100998   3032847    0.00    0.00    0.00    0.00    0.00    14  postgres
05:32:43 PM 100998   3032851    1.00    1.00    0.00    0.00    2.00    10  postgres
05:32:43 PM 100998   3032871    0.00    0.00    0.00    0.00    0.00    12  postgres
05:32:43 PM 100998   3032922    0.00    0.00    0.00    0.00    0.00    10  postgres
05:32:43 PM 100998   3032972    0.00    0.00    0.00    0.00    0.00    14  postgres
05:32:43 PM 100998   3033023    0.00    0.00    0.00    0.00    0.00    14  postgres
05:32:43 PM 100998   3033066    0.00    0.00    0.00    0.00    0.00    14  postgres
05:32:43 PM 100998   3033081    1.00    0.00    0.00    0.00    1.00    10  postgres
05:32:43 PM 100998   3033082    0.00    0.00    0.00    0.00    0.00    12  postgres
05:32:43 PM 100998   3033083    0.00    0.00    0.00    0.00    0.00    12  postgres
05:32:43 PM 100998   3033084    0.00    0.00    0.00    0.00    0.00    14  postgres
05:32:43 PM 100998   3033085    0.00    0.00    0.00    0.00    0.00    14  postgres
05:32:43 PM 100998   3033086    1.00    0.00    0.00    0.00    1.00    10  postgres
05:32:43 PM 100998   3033087    1.00    0.00    0.00    0.00    1.00    12  postgres
05:32:43 PM 100998   3033090    0.00    1.00    0.00    0.00    1.00    10  postgres

05:32:43 PM   UID       PID    %usr %system  %guest   %wait    %CPU   CPU  Command
05:32:44 PM 100998   3032224    0.00    0.00    0.00    0.00    0.00    10  postgres
05:32:44 PM 100998   3032225    0.00    0.00    0.00    0.00    0.00    12  postgres
05:32:44 PM 100998   3032227    0.00    0.00    0.00    0.00    0.00    10  postgres
05:32:44 PM 100998   3032228    0.00    0.00    0.00    0.00    0.00    12  postgres
05:32:44 PM 100998   3032489    2.00    1.00    0.00    0.00    3.00    14  postgres
05:32:44 PM 100998   3032493    2.00    0.00    0.00    0.00    2.00    14  postgres
05:32:44 PM 100998   3032494    1.00    0.00    0.00    0.00    1.00    12  postgres
05:32:44 PM 100998   3032495    1.00    0.00    0.00    0.00    1.00    12  postgres
05:32:44 PM 100998   3032496    1.00    1.00    0.00    0.00    2.00    12  postgres
05:32:44 PM 100998   3032497    0.00    1.00    0.00    0.00    1.00    14  postgres
05:32:44 PM 100998   3032499    0.00    0.00    0.00    0.00    0.00    12  postgres
05:32:44 PM 100998   3032502    1.00    1.00    0.00    0.00    2.00    12  postgres
05:32:44 PM 100998   3032518    1.00    1.00    0.00    0.00    2.00    10  postgres
05:32:44 PM 100998   3032520    1.00    0.00    0.00    0.00    1.00    14  postgres
05:32:44 PM 100998   3032521    1.00    0.00    0.00    0.00    1.00    14  postgres
05:32:44 PM 100998   3032523    1.00    0.00    0.00    0.00    1.00    10  postgres
05:32:44 PM 100998   3032525    1.00    0.00    0.00    0.00    1.00    10  postgres
05:32:44 PM 100998   3032530    1.00    0.00    0.00    0.00    1.00    10  postgres
05:32:44 PM 100998   3032539    1.00    0.00    0.00    0.00    1.00    10  postgres
05:32:44 PM 100998   3032560    1.00    0.00    0.00    0.00    1.00    12  postgres
05:32:44 PM 100998   3032564    0.00    0.00    0.00    0.00    0.00    10  postgres
05:32:44 PM 100998   3032571    1.00    0.00    0.00    0.00    1.00    10  postgres
05:32:44 PM 100998   3032592    0.00    1.00    0.00    0.00    1.00    14  postgres
05:32:44 PM 100998   3032648    0.00    0.00    0.00    0.00    0.00    10  postgres
05:32:44 PM 100998   3032701    0.00    0.00    0.00    0.00    0.00    12  postgres
05:32:44 PM 100998   3032755    0.00    1.00    0.00    0.00    1.00    14  postgres
05:32:44 PM 100998   3032796    0.00    0.00    0.00    0.00    0.00    14  postgres
05:32:44 PM 100998   3032798    0.00    1.00    0.00    0.00    1.00    10  postgres
05:32:44 PM 100998   3032799    0.00    0.00    0.00    0.00    0.00    12  postgres
05:32:44 PM 100998   3032800    0.00    0.00    0.00    0.00    0.00    14  postgres
05:32:44 PM 100998   3032801    0.00    0.00    0.00    0.00    0.00    14  postgres
05:32:44 PM 100998   3032802    0.00    0.00    0.00    0.00    0.00    14  postgres
05:32:44 PM 100998   3032803    0.00    0.00    0.00    0.00    0.00    10  postgres
05:32:44 PM 100998   3032804    0.00    0.00    0.00    0.00    0.00    12  postgres
05:32:44 PM 100998   3032807    0.00    0.00    0.00    0.00    0.00    10  postgres
05:32:44 PM 100998   3032809    0.00    0.00    0.00    0.00    0.00    14  postgres
05:32:44 PM 100998   3032811    0.00    0.00    0.00    0.00    0.00    14  postgres
05:32:44 PM 100998   3032813    0.00    0.00    0.00    0.00    0.00    14  postgres
05:32:44 PM 100998   3032818    0.00    1.00    0.00    0.00    1.00    14  postgres
05:32:44 PM 100998   3032847    0.00    0.00    0.00    0.00    0.00    10  postgres
05:32:44 PM 100998   3032851    0.00    0.00    0.00    0.00    0.00    14  postgres
05:32:44 PM 100998   3032871    0.00    0.00    0.00    0.00    0.00    10  postgres
05:32:44 PM 100998   3032922    1.00    0.00    0.00    0.00    1.00    14  postgres
05:32:44 PM 100998   3032972    0.00    0.00    0.00    0.00    0.00    10  postgres
05:32:44 PM 100998   3033023    1.00    0.00    0.00    0.00    1.00    10  postgres
05:32:44 PM 100998   3033066    0.00    0.00    0.00    0.00    0.00    12  postgres
05:32:44 PM 100998   3033081    0.00    0.00    0.00    0.00    0.00    12  postgres
05:32:44 PM 100998   3033082    0.00    0.00    0.00    0.00    0.00    12  postgres
05:32:44 PM 100998   3033083    0.00    0.00    0.00    0.00    0.00    14  postgres
05:32:44 PM 100998   3033084    1.00    0.00    0.00    0.00    1.00    10  postgres
05:32:44 PM 100998   3033085    0.00    0.00    0.00    0.00    0.00    10  postgres
05:32:44 PM 100998   3033086    0.00    0.00    0.00    0.00    0.00    10  postgres
05:32:44 PM 100998   3033087    0.00    0.00    0.00    0.00    0.00    12  postgres
05:32:44 PM 100998   3033090    0.00    0.00    0.00    0.00    0.00    12  postgres

05:32:44 PM   UID       PID    %usr %system  %guest   %wait    %CPU   CPU  Command
05:32:45 PM 100998   3032224    0.00    0.00    0.00    0.00    0.00    10  postgres
05:32:45 PM 100998   3032225    0.00    0.00    0.00    0.00    0.00    12  postgres
05:32:45 PM 100998   3032227    0.00    0.00    0.00    0.00    0.00    10  postgres
05:32:45 PM 100998   3032228    0.00    0.00    0.00    0.00    0.00    12  postgres
05:32:45 PM 100998   3032489    0.00    0.00    0.00    0.00    0.00    12  postgres
05:32:45 PM 100998   3032493    1.00    1.00    0.00    0.00    2.00    10  postgres
05:32:45 PM 100998   3032494    1.00    0.00    0.00    0.00    1.00    12  postgres
05:32:45 PM 100998   3032495    1.00    1.00    0.00    0.00    2.00    10  postgres
05:32:45 PM 100998   3032496    0.00    0.00    0.00    0.00    0.00    12  postgres
05:32:45 PM 100998   3032497    1.00    0.00    0.00    0.00    1.00    10  postgres
05:32:45 PM 100998   3032499    1.00    0.00    0.00    0.00    1.00    14  postgres
05:32:45 PM 100998   3032502    1.00    0.00    0.00    0.00    1.00    14  postgres
05:32:45 PM 100998   3032518    0.00    0.00    0.00    0.00    0.00    14  postgres
05:32:45 PM 100998   3032520    0.00    1.00    0.00    0.00    1.00    12  postgres
05:32:45 PM 100998   3032521    1.00    1.00    0.00    0.00    2.00    12  postgres
05:32:45 PM 100998   3032523    1.00    0.00    0.00    0.00    1.00    12  postgres
05:32:45 PM 100998   3032525    0.00    0.00    0.00    0.00    0.00    10  postgres
05:32:45 PM 100998   3032530    0.00    0.00    0.00    0.00    0.00    14  postgres
05:32:45 PM 100998   3032539    0.00    0.00    0.00    0.00    0.00    14  postgres
05:32:45 PM 100998   3032560    0.00    0.00    0.00    0.00    0.00    12  postgres
05:32:45 PM 100998   3032564    0.00    0.00    0.00    0.00    0.00    12  postgres
05:32:45 PM 100998   3032571    0.00    0.00    0.00    0.00    0.00    14  postgres
05:32:45 PM 100998   3032592    0.00    0.00    0.00    0.00    0.00    10  postgres
05:32:45 PM 100998   3032648    0.00    1.00    0.00    0.00    1.00    10  postgres
05:32:45 PM 100998   3032701    0.00    0.00    0.00    0.00    0.00    10  postgres
05:32:45 PM 100998   3032755    0.00    0.00    0.00    0.00    0.00    12  postgres
05:32:45 PM 100998   3032796    0.00    0.00    0.00    0.00    0.00    12  postgres
05:32:45 PM 100998   3032798    1.00    0.00    0.00    0.00    1.00    14  postgres
05:32:45 PM 100998   3032799    0.00    0.00    0.00    0.00    0.00    10  postgres
05:32:45 PM 100998   3032800    0.00    1.00    0.00    0.00    1.00    10  postgres
05:32:45 PM 100998   3032801    0.00    0.00    0.00    0.00    0.00    12  postgres
05:32:45 PM 100998   3032802    0.00    0.00    0.00    0.00    0.00    12  postgres
05:32:45 PM 100998   3032803    1.00    0.00    0.00    0.00    1.00    10  postgres
05:32:45 PM 100998   3032804    1.00    0.00    0.00    0.00    1.00    10  postgres
05:32:45 PM 100998   3032807    0.00    0.00    0.00    0.00    0.00    14  postgres
05:32:45 PM 100998   3032809    0.00    0.00    0.00    0.00    0.00    14  postgres
05:32:45 PM 100998   3032811    0.00    0.00    0.00    0.00    0.00    14  postgres
05:32:45 PM 100998   3032813    0.00    1.00    0.00    0.00    1.00    12  postgres
05:32:45 PM 100998   3032818    1.00    0.00    0.00    0.00    1.00    14  postgres
05:32:45 PM 100998   3032847    0.00    0.00    0.00    0.00    0.00    14  postgres
05:32:45 PM 100998   3032851    0.00    0.00    0.00    0.00    0.00    14  postgres
05:32:45 PM 100998   3032871    0.00    0.00    0.00    0.00    0.00    14  postgres
05:32:45 PM 100998   3032922    0.00    1.00    0.00    0.00    1.00    12  postgres
05:32:45 PM 100998   3032972    1.00    0.00    0.00    0.00    1.00    10  postgres
05:32:45 PM 100998   3033023    0.00    0.00    0.00    0.00    0.00    12  postgres
05:32:45 PM 100998   3033066    0.00    0.00    0.00    0.00    0.00    12  postgres
05:32:45 PM 100998   3033081    0.00    0.00    0.00    0.00    0.00    10  postgres
05:32:45 PM 100998   3033082    0.00    0.00    0.00    0.00    0.00    12  postgres
05:32:45 PM 100998   3033083    0.00    0.00    0.00    0.00    0.00    10  postgres
05:32:45 PM 100998   3033084    0.00    1.00    0.00    0.00    1.00    14  postgres
05:32:45 PM 100998   3033085    0.00    0.00    0.00    0.00    0.00    14  postgres
05:32:45 PM 100998   3033086    0.00    1.00    0.00    0.00    1.00    10  postgres
05:32:45 PM 100998   3033087    0.00    0.00    0.00    0.00    0.00    14  postgres
05:32:45 PM 100998   3033090    0.00    0.00    0.00    0.00    0.00    12  postgres

05:32:45 PM   UID       PID    %usr %system  %guest   %wait    %CPU   CPU  Command
05:32:46 PM 100998   3032224    0.00    0.00    0.00    0.00    0.00    10  postgres
05:32:46 PM 100998   3032225    0.00    0.00    0.00    0.00    0.00    12  postgres
05:32:46 PM 100998   3032227    0.00    0.00    0.00    0.00    0.00    10  postgres
05:32:46 PM 100998   3032228    0.00    0.00    0.00    0.00    0.00    12  postgres
05:32:46 PM 100998   3032489    1.00    0.00    0.00    0.00    1.00    10  postgres
05:32:46 PM 100998   3032493    1.00    0.00    0.00    0.00    1.00    10  postgres
05:32:46 PM 100998   3032494    0.00    1.00    0.00    0.00    1.00    14  postgres
05:32:46 PM 100998   3032495    1.00    0.00    0.00    0.00    1.00    14  postgres
05:32:46 PM 100998   3032496    1.00    0.00    0.00    0.00    1.00    12  postgres
05:32:46 PM 100998   3032497    1.00    1.00    0.00    0.00    2.00    10  postgres
05:32:46 PM 100998   3032499    1.00    0.00    0.00    0.00    1.00    12  postgres
05:32:46 PM 100998   3032502    1.00    0.00    0.00    0.00    1.00    12  postgres
05:32:46 PM 100998   3032518    1.00    1.00    0.00    0.00    2.00    14  postgres
05:32:46 PM 100998   3032520    1.00    0.00    0.00    0.00    1.00    10  postgres
05:32:46 PM 100998   3032521    0.00    0.00    0.00    0.00    0.00    12  postgres
05:32:46 PM 100998   3032523    0.00    1.00    0.00    0.00    1.00    12  postgres
05:32:46 PM 100998   3032525    0.00    1.00    0.00    0.00    1.00    10  postgres
05:32:46 PM 100998   3032530    1.00    0.00    0.00    0.00    1.00    14  postgres
05:32:46 PM 100998   3032539    1.00    0.00    0.00    0.00    1.00    12  postgres
05:32:46 PM 100998   3032560    1.00    0.00    0.00    0.00    1.00    12  postgres
05:32:46 PM 100998   3032564    1.00    1.00    0.00    0.00    2.00    14  postgres
05:32:46 PM 100998   3032571    1.00    0.00    0.00    0.00    1.00    14  postgres
05:32:46 PM 100998   3032592    1.00    0.00    0.00    0.00    1.00    12  postgres
05:32:46 PM 100998   3032648    1.00    0.00    0.00    0.00    1.00    14  postgres
05:32:46 PM 100998   3032701    1.00    0.00    0.00    0.00    1.00    10  postgres
05:32:46 PM 100998   3032755    0.00    0.00    0.00    0.00    0.00    10  postgres
05:32:46 PM 100998   3032796    0.00    0.00    0.00    0.00    0.00    14  postgres
05:32:46 PM 100998   3032798    0.00    0.00    0.00    0.00    0.00    10  postgres
05:32:46 PM 100998   3032799    0.00    0.00    0.00    0.00    0.00    10  postgres
05:32:46 PM 100998   3032800    0.00    0.00    0.00    0.00    0.00    12  postgres
05:32:46 PM 100998   3032801    0.00    0.00    0.00    0.00    0.00    14  postgres
05:32:46 PM 100998   3032802    0.00    0.00    0.00    0.00    0.00    12  postgres
05:32:46 PM 100998   3032803    0.00    0.00    0.00    0.00    0.00    12  postgres
05:32:46 PM 100998   3032804    0.00    0.00    0.00    0.00    0.00    14  postgres
05:32:46 PM 100998   3032807    1.00    0.00    0.00    0.00    1.00    14  postgres
05:32:46 PM 100998   3032809    0.00    0.00    0.00    0.00    0.00    14  postgres
05:32:46 PM 100998   3032811    0.00    0.00    0.00    0.00    0.00    12  postgres
05:32:46 PM 100998   3032813    0.00    0.00    0.00    0.00    0.00    12  postgres
05:32:46 PM 100998   3032818    0.00    0.00    0.00    0.00    0.00    10  postgres
05:32:46 PM 100998   3032847    1.00    0.00    0.00    0.00    1.00    10  postgres
05:32:46 PM 100998   3032851    0.00    0.00    0.00    0.00    0.00    14  postgres
05:32:46 PM 100998   3032871    0.00    0.00    0.00    0.00    0.00    14  postgres
05:32:46 PM 100998   3032922    0.00    0.00    0.00    0.00    0.00    10  postgres
05:32:46 PM 100998   3032972    0.00    0.00    0.00    0.00    0.00    12  postgres
05:32:46 PM 100998   3033023    0.00    0.00    0.00    0.00    0.00    12  postgres
05:32:46 PM 100998   3033066    0.00    0.00    0.00    0.00    0.00    10  postgres
05:32:46 PM 100998   3033081    1.00    0.00    0.00    0.00    1.00    14  postgres
05:32:46 PM 100998   3033082    0.00    0.00    0.00    0.00    0.00    10  postgres
05:32:46 PM 100998   3033083    0.00    0.00    0.00    0.00    0.00    12  postgres
05:32:46 PM 100998   3033084    0.00    0.00    0.00    0.00    0.00    14  postgres
05:32:46 PM 100998   3033085    0.00    0.00    0.00    0.00    0.00    10  postgres
05:32:46 PM 100998   3033086    0.00    0.00    0.00    0.00    0.00    12  postgres
05:32:46 PM 100998   3033087    0.00    0.00    0.00    0.00    0.00    14  postgres
05:32:46 PM 100998   3033090    0.00    0.00    0.00    0.00    0.00    10  postgres

05:32:46 PM   UID       PID    %usr %system  %guest   %wait    %CPU   CPU  Command
05:32:47 PM 100998   3032224    0.00    0.00    0.00    0.00    0.00    10  postgres
05:32:47 PM 100998   3032225    0.00    0.00    0.00    0.00    0.00    12  postgres
05:32:47 PM 100998   3032227    0.00    0.00    0.00    0.00    0.00    14  postgres
05:32:47 PM 100998   3032228    0.00    0.00    0.00    0.00    0.00    12  postgres
05:32:47 PM 100998   3032489    1.00    1.00    0.00    0.00    2.00    14  postgres
05:32:47 PM 100998   3032493    0.00    1.00    0.00    0.00    1.00    14  postgres
05:32:47 PM 100998   3032494    1.00    0.00    0.00    0.00    1.00    14  postgres
05:32:47 PM 100998   3032495    1.00    0.00    0.00    0.00    1.00    12  postgres
05:32:47 PM 100998   3032496    1.00    0.00    0.00    0.00    1.00    10  postgres
05:32:47 PM 100998   3032497    0.00    1.00    0.00    0.00    1.00    14  postgres
05:32:47 PM 100998   3032499    1.00    1.00    0.00    0.00    2.00    12  postgres
05:32:47 PM 100998   3032502    1.00    1.00    0.00    0.00    2.00    14  postgres
05:32:47 PM 100998   3032518    0.00    0.00    0.00    0.00    0.00    14  postgres
05:32:47 PM 100998   3032520    0.00    1.00    0.00    0.00    1.00    14  postgres
05:32:47 PM 100998   3032521    1.00    0.00    0.00    0.00    1.00    10  postgres
05:32:47 PM 100998   3032523    1.00    0.00    0.00    0.00    1.00    12  postgres
05:32:47 PM 100998   3032525    1.00    0.00    0.00    0.00    1.00    12  postgres
05:32:47 PM 100998   3032530    0.00    1.00    0.00    0.00    1.00    10  postgres
05:32:47 PM 100998   3032539    0.00    0.00    0.00    0.00    0.00    12  postgres
05:32:47 PM 100998   3032560    0.00    0.00    0.00    0.00    0.00    12  postgres
05:32:47 PM 100998   3032564    0.00    0.00    0.00    0.00    0.00    12  postgres
05:32:47 PM 100998   3032571    0.00    0.00    0.00    0.00    0.00    14  postgres
05:32:47 PM 100998   3032592    0.00    0.00    0.00    0.00    0.00    10  postgres
05:32:47 PM 100998   3032648    0.00    0.00    0.00    0.00    0.00    12  postgres
05:32:47 PM 100998   3032701    0.00    0.00    0.00    0.00    0.00    10  postgres
05:32:47 PM 100998   3032755    1.00    0.00    0.00    0.00    1.00    14  postgres
05:32:47 PM 100998   3032796    0.00    0.00    0.00    0.00    0.00    14  postgres
05:32:47 PM 100998   3032798    0.00    0.00    0.00    0.00    0.00    14  postgres
05:32:47 PM 100998   3032799    1.00    0.00    0.00    0.00    1.00    10  postgres
05:32:47 PM 100998   3032800    0.00    0.00    0.00    0.00    0.00    12  postgres
05:32:47 PM 100998   3032801    0.00    0.00    0.00    0.00    0.00    12  postgres
05:32:47 PM 100998   3032802    0.00    0.00    0.00    0.00    0.00    14  postgres
05:32:47 PM 100998   3032803    0.00    0.00    0.00    0.00    0.00    12  postgres
05:32:47 PM 100998   3032804    0.00    1.00    0.00    0.00    1.00    12  postgres
05:32:47 PM 100998   3032807    0.00    1.00    0.00    0.00    1.00    14  postgres
05:32:47 PM 100998   3032809    1.00    0.00    0.00    0.00    1.00    14  postgres
05:32:47 PM 100998   3032811    1.00    0.00    0.00    0.00    1.00    14  postgres
05:32:47 PM 100998   3032813    1.00    0.00    0.00    0.00    1.00    10  postgres
05:32:47 PM 100998   3032818    0.00    0.00    0.00    0.00    0.00    10  postgres
05:32:47 PM 100998   3032847    0.00    0.00    0.00    0.00    0.00    12  postgres
05:32:47 PM 100998   3032851    0.00    0.00    0.00    0.00    0.00    14  postgres
05:32:47 PM 100998   3032871    0.00    1.00    0.00    0.00    1.00    10  postgres
05:32:47 PM 100998   3032922    1.00    0.00    0.00    0.00    1.00    10  postgres
05:32:47 PM 100998   3032972    0.00    1.00    0.00    0.00    1.00    14  postgres
05:32:47 PM 100998   3033023    0.00    0.00    0.00    0.00    0.00    14  postgres
05:32:47 PM 100998   3033066    0.00    0.00    0.00    0.00    0.00    14  postgres
05:32:47 PM 100998   3033081    0.00    0.00    0.00    0.00    0.00    12  postgres
05:32:47 PM 100998   3033082    1.00    0.00    0.00    0.00    1.00    14  postgres
05:32:47 PM 100998   3033083    0.00    0.00    0.00    0.00    0.00    10  postgres
05:32:47 PM 100998   3033084    0.00    0.00    0.00    0.00    0.00    12  postgres
05:32:47 PM 100998   3033085    0.00    1.00    0.00    0.00    1.00    14  postgres
05:32:47 PM 100998   3033086    0.00    0.00    0.00    0.00    0.00    12  postgres
05:32:47 PM 100998   3033087    0.00    0.00    0.00    0.00    0.00    10  postgres
05:32:47 PM 100998   3033090    1.00    0.00    0.00    0.00    1.00    12  postgres

05:32:47 PM   UID       PID    %usr %system  %guest   %wait    %CPU   CPU  Command
05:32:48 PM 100998   3032224    0.00    0.00    0.00    0.00    0.00    10  postgres
05:32:48 PM 100998   3032225    0.00    0.00    0.00    0.00    0.00    12  postgres
05:32:48 PM 100998   3032227    0.00    0.00    0.00    0.00    0.00    14  postgres
05:32:48 PM 100998   3032228    0.00    0.00    0.00    0.00    0.00    12  postgres
05:32:48 PM 100998   3032489    0.00    0.00    0.00    0.00    0.00    14  postgres
05:32:48 PM 100998   3032493    1.00    1.00    0.00    0.00    2.00    12  postgres
05:32:48 PM 100998   3032494    1.00    0.00    0.00    0.00    1.00    10  postgres
05:32:48 PM 100998   3032495    0.00    1.00    0.00    0.00    1.00    14  postgres
05:32:48 PM 100998   3032496    0.00    1.00    0.00    0.00    1.00    12  postgres
05:32:48 PM 100998   3032497    1.00    0.00    0.00    0.00    1.00    12  postgres
05:32:48 PM 100998   3032499    0.00    0.00    0.00    0.00    0.00    14  postgres
05:32:48 PM 100998   3032502    1.00    0.00    0.00    0.00    1.00    14  postgres
05:32:48 PM 100998   3032518    1.00    0.00    0.00    0.00    1.00    12  postgres
05:32:48 PM 100998   3032520    1.00    0.00    0.00    0.00    1.00    12  postgres
05:32:48 PM 100998   3032521    1.00    0.00    0.00    0.00    1.00    10  postgres
05:32:48 PM 100998   3032523    0.00    1.00    0.00    0.00    1.00    12  postgres
05:32:48 PM 100998   3032525    0.00    0.00    0.00    0.00    0.00    12  postgres
05:32:48 PM 100998   3032530    1.00    0.00    0.00    0.00    1.00    10  postgres
05:32:48 PM 100998   3032539    0.00    1.00    0.00    0.00    1.00    10  postgres
05:32:48 PM 100998   3032560    1.00    1.00    0.00    0.00    2.00    14  postgres
05:32:48 PM 100998   3032564    0.00    0.00    0.00    0.00    0.00    14  postgres
05:32:48 PM 100998   3032571    0.00    1.00    0.00    0.00    1.00    14  postgres
05:32:48 PM 100998   3032592    0.00    0.00    0.00    0.00    0.00    12  postgres
05:32:48 PM 100998   3032648    0.00    1.00    0.00    0.00    1.00    14  postgres
05:32:48 PM 100998   3032701    0.00    0.00    0.00    0.00    0.00    12  postgres
05:32:48 PM 100998   3032755    0.00    0.00    0.00    0.00    0.00    12  postgres
05:32:48 PM 100998   3032796    1.00    0.00    0.00    0.00    1.00    14  postgres
05:32:48 PM 100998   3032798    0.00    0.00    0.00    0.00    0.00    10  postgres
05:32:48 PM 100998   3032799    0.00    0.00    0.00    0.00    0.00    10  postgres
05:32:48 PM 100998   3032800    0.00    0.00    0.00    0.00    0.00    12  postgres
05:32:48 PM 100998   3032801    1.00    1.00    0.00    0.00    2.00    10  postgres
05:32:48 PM 100998   3032802    1.00    0.00    0.00    0.00    1.00    12  postgres
05:32:48 PM 100998   3032803    0.00    1.00    0.00    0.00    1.00    10  postgres
05:32:48 PM 100998   3032804    0.00    0.00    0.00    0.00    0.00    14  postgres
05:32:48 PM 100998   3032807    0.00    0.00    0.00    0.00    0.00    10  postgres
05:32:48 PM 100998   3032809    0.00    0.00    0.00    0.00    0.00    14  postgres
05:32:48 PM 100998   3032811    0.00    0.00    0.00    0.00    0.00    12  postgres
05:32:48 PM 100998   3032813    0.00    0.00    0.00    0.00    0.00    10  postgres
05:32:48 PM 100998   3032818    0.00    0.00    0.00    0.00    0.00    10  postgres
05:32:48 PM 100998   3032847    0.00    0.00    0.00    0.00    0.00    12  postgres
05:32:48 PM 100998   3032851    0.00    0.00    0.00    0.00    0.00    10  postgres
05:32:48 PM 100998   3032871    1.00    0.00    0.00    0.00    1.00    12  postgres
05:32:48 PM 100998   3032922    0.00    0.00    0.00    0.00    0.00    12  postgres
05:32:48 PM 100998   3032972    0.00    0.00    0.00    0.00    0.00    12  postgres
05:32:48 PM 100998   3033023    0.00    0.00    0.00    0.00    0.00    10  postgres
05:32:48 PM 100998   3033066    0.00    0.00    0.00    0.00    0.00    10  postgres
05:32:48 PM 100998   3033081    0.00    0.00    0.00    0.00    0.00    12  postgres
05:32:48 PM 100998   3033082    0.00    0.00    0.00    0.00    0.00    12  postgres
05:32:48 PM 100998   3033083    1.00    0.00    0.00    0.00    1.00    12  postgres
05:32:48 PM 100998   3033084    0.00    0.00    0.00    0.00    0.00    10  postgres
05:32:48 PM 100998   3033085    1.00    0.00    0.00    0.00    1.00    10  postgres
05:32:48 PM 100998   3033086    0.00    0.00    0.00    0.00    0.00    10  postgres
05:32:48 PM 100998   3033087    0.00    0.00    0.00    0.00    0.00    12  postgres
05:32:48 PM 100998   3033090    0.00    0.00    0.00    0.00    0.00    12  postgres

05:32:48 PM   UID       PID    %usr %system  %guest   %wait    %CPU   CPU  Command
05:32:49 PM 100998   3032224    0.00    0.00    0.00    0.00    0.00    10  postgres
05:32:49 PM 100998   3032225    0.00    0.00    0.00    0.00    0.00    12  postgres
05:32:49 PM 100998   3032227    0.00    0.00    0.00    0.00    0.00    14  postgres
05:32:49 PM 100998   3032228    0.00    0.00    0.00    0.00    0.00    12  postgres
05:32:49 PM 100998   3032489    1.00    1.00    0.00    0.00    2.00    10  postgres
05:32:49 PM 100998   3032493    1.00    0.00    0.00    0.00    1.00    10  postgres
05:32:49 PM 100998   3032494    1.00    1.00    0.00    0.00    2.00    10  postgres
05:32:49 PM 100998   3032495    1.00    0.00    0.00    0.00    1.00    12  postgres
05:32:49 PM 100998   3032496    1.00    0.00    0.00    0.00    1.00    10  postgres
05:32:49 PM 100998   3032497    1.00    0.00    0.00    0.00    1.00    14  postgres
05:32:49 PM 100998   3032499    1.00    0.00    0.00    0.00    1.00    14  postgres
05:32:49 PM 100998   3032502    0.00    0.00    0.00    0.00    0.00    10  postgres
05:32:49 PM 100998   3032518    1.00    0.00    0.00    0.00    1.00    12  postgres
05:32:49 PM 100998   3032520    0.00    0.00    0.00    0.00    0.00    14  postgres
05:32:49 PM 100998   3032521    0.00    0.00    0.00    0.00    0.00    10  postgres
05:32:49 PM 100998   3032523    1.00    0.00    0.00    0.00    1.00    12  postgres
05:32:49 PM 100998   3032525    1.00    0.00    0.00    0.00    1.00    12  postgres
05:32:49 PM 100998   3032530    0.00    0.00    0.00    0.00    0.00    14  postgres
05:32:49 PM 100998   3032539    1.00    0.00    0.00    0.00    1.00    12  postgres
05:32:49 PM 100998   3032560    0.00    0.00    0.00    0.00    0.00    12  postgres
05:32:49 PM 100998   3032564    0.00    0.00    0.00    0.00    0.00    14  postgres
05:32:49 PM 100998   3032571    0.00    0.00    0.00    0.00    0.00    10  postgres
05:32:49 PM 100998   3032592    1.00    1.00    0.00    0.00    2.00    14  postgres
05:32:49 PM 100998   3032648    0.00    0.00    0.00    0.00    0.00    14  postgres
05:32:49 PM 100998   3032701    1.00    0.00    0.00    0.00    1.00    10  postgres
05:32:49 PM 100998   3032755    1.00    0.00    0.00    0.00    1.00    12  postgres
05:32:49 PM 100998   3032796    0.00    0.00    0.00    0.00    0.00    10  postgres
05:32:49 PM 100998   3032798    0.00    0.00    0.00    0.00    0.00    10  postgres
05:32:49 PM 100998   3032799    1.00    1.00    0.00    0.00    2.00    12  postgres
05:32:49 PM 100998   3032800    0.00    0.00    0.00    0.00    0.00    12  postgres
05:32:49 PM 100998   3032801    0.00    0.00    0.00    0.00    0.00    14  postgres
05:32:49 PM 100998   3032802    1.00    1.00    0.00    0.00    2.00    12  postgres
05:32:49 PM 100998   3032803    0.00    0.00    0.00    0.00    0.00    14  postgres
05:32:49 PM 100998   3032804    1.00    0.00    0.00    0.00    1.00    12  postgres
05:32:49 PM 100998   3032807    0.00    0.00    0.00    0.00    0.00    10  postgres
05:32:49 PM 100998   3032809    0.00    1.00    0.00    0.00    1.00    14  postgres
05:32:49 PM 100998   3032811    0.00    0.00    0.00    0.00    0.00    14  postgres
05:32:49 PM 100998   3032813    0.00    0.00    0.00    0.00    0.00    12  postgres
05:32:49 PM 100998   3032818    1.00    0.00    0.00    0.00    1.00    14  postgres
05:32:49 PM 100998   3032847    0.00    0.00    0.00    0.00    0.00    10  postgres
05:32:49 PM 100998   3032851    1.00    0.00    0.00    0.00    1.00    10  postgres
05:32:49 PM 100998   3032871    0.00    0.00    0.00    0.00    0.00    10  postgres
05:32:49 PM 100998   3032922    1.00    0.00    0.00    0.00    1.00    10  postgres
05:32:49 PM 100998   3032972    1.00    0.00    0.00    0.00    1.00    10  postgres
05:32:49 PM 100998   3033023    0.00    0.00    0.00    0.00    0.00    14  postgres
05:32:49 PM 100998   3033066    1.00    1.00    0.00    0.00    2.00    10  postgres
05:32:49 PM 100998   3033081    0.00    0.00    0.00    0.00    0.00    12  postgres
05:32:49 PM 100998   3033082    0.00    1.00    0.00    0.00    1.00    12  postgres
05:32:49 PM 100998   3033083    0.00    0.00    0.00    0.00    0.00    12  postgres
05:32:49 PM 100998   3033084    0.00    0.00    0.00    0.00    0.00    12  postgres
05:32:49 PM 100998   3033085    0.00    0.00    0.00    0.00    0.00    10  postgres
05:32:49 PM 100998   3033086    1.00    0.00    0.00    0.00    1.00    10  postgres
05:32:49 PM 100998   3033087    0.00    0.00    0.00    0.00    0.00    12  postgres
05:32:49 PM 100998   3033090    0.00    0.00    0.00    0.00    0.00    10  postgres

05:32:49 PM   UID       PID    %usr %system  %guest   %wait    %CPU   CPU  Command
05:32:50 PM 100998   3032224    0.00    0.00    0.00    0.00    0.00    10  postgres
05:32:50 PM 100998   3032225    0.00    0.00    0.00    0.00    0.00    12  postgres
05:32:50 PM 100998   3032227    0.00    0.00    0.00    0.00    0.00    14  postgres
05:32:50 PM 100998   3032228    0.00    0.00    0.00    0.00    0.00    12  postgres
05:32:50 PM 100998   3032489    0.00    0.00    0.00    0.00    0.00    14  postgres
05:32:50 PM 100998   3032493    1.00    1.00    0.00    0.00    2.00    12  postgres
05:32:50 PM 100998   3032494    1.00    0.00    0.00    0.00    1.00    10  postgres
05:32:50 PM 100998   3032495    0.00    0.00    0.00    0.00    0.00    10  postgres
05:32:50 PM 100998   3032496    1.00    0.00    0.00    0.00    1.00    10  postgres
05:32:50 PM 100998   3032497    0.00    0.00    0.00    0.00    0.00    14  postgres
05:32:50 PM 100998   3032499    1.00    0.00    0.00    0.00    1.00    12  postgres
05:32:50 PM 100998   3032502    0.00    1.00    0.00    0.00    1.00    14  postgres
05:32:50 PM 100998   3032518    0.00    0.00    0.00    0.00    0.00    12  postgres
05:32:50 PM 100998   3032520    1.00    1.00    0.00    0.00    2.00    10  postgres
05:32:50 PM 100998   3032521    0.00    1.00    0.00    0.00    1.00    10  postgres
05:32:50 PM 100998   3032523    0.00    0.00    0.00    0.00    0.00    10  postgres
05:32:50 PM 100998   3032525    1.00    0.00    0.00    0.00    1.00    14  postgres
05:32:50 PM 100998   3032530    0.00    0.00    0.00    0.00    0.00    14  postgres
05:32:50 PM 100998   3032539    0.00    0.00    0.00    0.00    0.00    14  postgres
05:32:50 PM 100998   3032560    0.00    0.00    0.00    0.00    0.00    14  postgres
05:32:50 PM 100998   3032564    1.00    0.00    0.00    0.00    1.00    12  postgres
05:32:50 PM 100998   3032571    0.00    0.00    0.00    0.00    0.00    12  postgres
05:32:50 PM 100998   3032592    0.00    0.00    0.00    0.00    0.00    10  postgres
05:32:50 PM 100998   3032648    0.00    0.00    0.00    0.00    0.00    12  postgres
05:32:50 PM 100998   3032701    0.00    1.00    0.00    0.00    1.00    12  postgres
05:32:50 PM 100998   3032755    0.00    1.00    0.00    0.00    1.00    12  postgres
05:32:50 PM 100998   3032796    0.00    1.00    0.00    0.00    1.00    14  postgres
05:32:50 PM 100998   3032798    1.00    0.00    0.00    0.00    1.00    12  postgres
05:32:50 PM 100998   3032799    0.00    0.00    0.00    0.00    0.00    12  postgres
05:32:50 PM 100998   3032800    1.00    0.00    0.00    0.00    1.00    12  postgres
05:32:50 PM 100998   3032801    0.00    0.00    0.00    0.00    0.00    10  postgres
05:32:50 PM 100998   3032802    0.00    0.00    0.00    0.00    0.00    12  postgres
05:32:50 PM 100998   3032803    1.00    0.00    0.00    0.00    1.00    12  postgres
05:32:50 PM 100998   3032804    0.00    0.00    0.00    0.00    0.00    10  postgres
05:32:50 PM 100998   3032807    0.00    0.00    0.00    0.00    0.00    12  postgres
05:32:50 PM 100998   3032809    0.00    0.00    0.00    0.00    0.00    10  postgres
05:32:50 PM 100998   3032811    0.00    0.00    0.00    0.00    0.00    14  postgres
05:32:50 PM 100998   3032813    0.00    0.00    0.00    0.00    0.00    10  postgres
05:32:50 PM 100998   3032818    0.00    0.00    0.00    0.00    0.00    10  postgres
05:32:50 PM 100998   3032847    0.00    0.00    0.00    0.00    0.00    10  postgres
05:32:50 PM 100998   3032851    0.00    0.00    0.00    0.00    0.00    14  postgres
05:32:50 PM 100998   3032871    0.00    0.00    0.00    0.00    0.00    10  postgres
05:32:50 PM 100998   3032922    0.00    0.00    0.00    0.00    0.00    14  postgres
05:32:50 PM 100998   3032972    0.00    0.00    0.00    0.00    0.00    12  postgres
05:32:50 PM 100998   3033023    1.00    0.00    0.00    0.00    1.00    12  postgres
05:32:50 PM 100998   3033066    0.00    0.00    0.00    0.00    0.00    14  postgres
05:32:50 PM 100998   3033081    0.00    0.00    0.00    0.00    0.00    12  postgres
05:32:50 PM 100998   3033082    0.00    0.00    0.00    0.00    0.00    12  postgres
05:32:50 PM 100998   3033083    0.00    1.00    0.00    0.00    1.00    12  postgres
05:32:50 PM 100998   3033084    1.00    0.00    0.00    0.00    1.00    12  postgres
05:32:50 PM 100998   3033085    1.00    1.00    0.00    0.00    2.00    12  postgres
05:32:50 PM 100998   3033086    0.00    0.00    0.00    0.00    0.00    10  postgres
05:32:50 PM 100998   3033087    1.00    1.00    0.00    0.00    2.00    10  postgres
05:32:50 PM 100998   3033090    0.00    0.00    0.00    0.00    0.00    14  postgres

05:32:50 PM   UID       PID    %usr %system  %guest   %wait    %CPU   CPU  Command
05:32:51 PM 100998   3032224    0.00    0.00    0.00    0.00    0.00    10  postgres
05:32:51 PM 100998   3032225    0.00    0.00    0.00    0.00    0.00    12  postgres
05:32:51 PM 100998   3032227    0.00    0.00    0.00    0.00    0.00    14  postgres
05:32:51 PM 100998   3032228    0.00    0.00    0.00    0.00    0.00    12  postgres
05:32:51 PM 100998   3032489    1.00    0.00    0.00    0.00    1.00    14  postgres
05:32:51 PM 100998   3032493    1.00    0.00    0.00    0.00    1.00    14  postgres
05:32:51 PM 100998   3032494    1.00    0.00    0.00    0.00    1.00    10  postgres
05:32:51 PM 100998   3032495    1.00    1.00    0.00    0.00    2.00    12  postgres
05:32:51 PM 100998   3032496    1.00    1.00    0.00    0.00    2.00    12  postgres
05:32:51 PM 100998   3032497    0.00    1.00    0.00    0.00    1.00    14  postgres
05:32:51 PM 100998   3032499    0.00    0.00    0.00    0.00    0.00    10  postgres
05:32:51 PM 100998   3032502    0.00    0.00    0.00    0.00    0.00    10  postgres
05:32:51 PM 100998   3032518    0.00    1.00    0.00    0.00    1.00    14  postgres
05:32:51 PM 100998   3032520    1.00    0.00    0.00    0.00    1.00    14  postgres
05:32:51 PM 100998   3032521    1.00    0.00    0.00    0.00    1.00    14  postgres
05:32:51 PM 100998   3032523    1.00    1.00    0.00    0.00    2.00    10  postgres
05:32:51 PM 100998   3032525    0.00    0.00    0.00    0.00    0.00    14  postgres
05:32:51 PM 100998   3032530    1.00    0.00    0.00    0.00    1.00    10  postgres
05:32:51 PM 100998   3032539    1.00    1.00    0.00    0.00    2.00    10  postgres
05:32:51 PM 100998   3032560    1.00    0.00    0.00    0.00    1.00    14  postgres
05:32:51 PM 100998   3032564    0.00    1.00    0.00    0.00    1.00    14  postgres
05:32:51 PM 100998   3032571    0.00    0.00    0.00    0.00    0.00    10  postgres
05:32:51 PM 100998   3032592    1.00    0.00    0.00    0.00    1.00    10  postgres
05:32:51 PM 100998   3032648    0.00    0.00    0.00    0.00    0.00    14  postgres
05:32:51 PM 100998   3032701    0.00    0.00    0.00    0.00    0.00    14  postgres
05:32:51 PM 100998   3032755    0.00    0.00    0.00    0.00    0.00    14  postgres
05:32:51 PM 100998   3032796    1.00    0.00    0.00    0.00    1.00    10  postgres
05:32:51 PM 100998   3032798    0.00    0.00    0.00    0.00    0.00    14  postgres
05:32:51 PM 100998   3032799    0.00    0.00    0.00    0.00    0.00    10  postgres
05:32:51 PM 100998   3032800    0.00    0.00    0.00    0.00    0.00    12  postgres
05:32:51 PM 100998   3032801    0.00    0.00    0.00    0.00    0.00    14  postgres
05:32:51 PM 100998   3032802    0.00    0.00    0.00    0.00    0.00    12  postgres
05:32:51 PM 100998   3032803    0.00    0.00    0.00    0.00    0.00    14  postgres
05:32:51 PM 100998   3032804    0.00    0.00    0.00    0.00    0.00    14  postgres
05:32:51 PM 100998   3032807    0.00    0.00    0.00    0.00    0.00    10  postgres
05:32:51 PM 100998   3032809    0.00    0.00    0.00    0.00    0.00    10  postgres
05:32:51 PM 100998   3032811    0.00    0.00    0.00    0.00    0.00    10  postgres
05:32:51 PM 100998   3032813    1.00    0.00    0.00    0.00    1.00    10  postgres
05:32:51 PM 100998   3032818    0.00    0.00    0.00    0.00    0.00    10  postgres
05:32:51 PM 100998   3032847    0.00    0.00    0.00    0.00    0.00    10  postgres
05:32:51 PM 100998   3032851    0.00    0.00    0.00    0.00    0.00    14  postgres
05:32:51 PM 100998   3032871    0.00    0.00    0.00    0.00    0.00    10  postgres
05:32:51 PM 100998   3032922    0.00    0.00    0.00    0.00    0.00    14  postgres
05:32:51 PM 100998   3032972    0.00    0.00    0.00    0.00    0.00    10  postgres
05:32:51 PM 100998   3033023    0.00    0.00    0.00    0.00    0.00    12  postgres
05:32:51 PM 100998   3033066    0.00    0.00    0.00    0.00    0.00    12  postgres
05:32:51 PM 100998   3033081    1.00    1.00    0.00    0.00    2.00    10  postgres
05:32:51 PM 100998   3033082    1.00    0.00    0.00    0.00    1.00    14  postgres
05:32:51 PM 100998   3033083    0.00    0.00    0.00    0.00    0.00    10  postgres
05:32:51 PM 100998   3033084    0.00    0.00    0.00    0.00    0.00    10  postgres
05:32:51 PM 100998   3033085    0.00    0.00    0.00    0.00    0.00    12  postgres
05:32:51 PM 100998   3033086    0.00    0.00    0.00    0.00    0.00    12  postgres
05:32:51 PM 100998   3033087    1.00    0.00    0.00    0.00    1.00    14  postgres
05:32:51 PM 100998   3033090    0.00    0.00    0.00    0.00    0.00    14  postgres

05:32:51 PM   UID       PID    %usr %system  %guest   %wait    %CPU   CPU  Command
05:32:52 PM 100998   3032224    0.00    0.00    0.00    0.00    0.00    10  postgres
05:32:52 PM 100998   3032225    0.00    0.00    0.00    0.00    0.00    12  postgres
05:32:52 PM 100998   3032227    0.00    0.00    0.00    0.00    0.00    14  postgres
05:32:52 PM 100998   3032228    0.00    0.00    0.00    0.00    0.00    12  postgres
05:32:52 PM 100998   3032489    1.00    1.00    0.00    0.00    2.00    14  postgres
05:32:52 PM 100998   3032493    1.00    0.00    0.00    0.00    1.00    10  postgres
05:32:52 PM 100998   3032494    1.00    1.00    0.00    0.00    2.00    14  postgres
05:32:52 PM 100998   3032495    0.00    0.00    0.00    0.00    0.00    10  postgres
05:32:52 PM 100998   3032496    0.00    0.00    0.00    0.00    0.00    12  postgres
05:32:52 PM 100998   3032497    0.00    0.00    0.00    0.00    0.00    12  postgres
05:32:52 PM 100998   3032499    1.00    1.00    0.00    0.00    2.00    14  postgres
05:32:52 PM 100998   3032502    1.00    0.00    0.00    0.00    1.00    14  postgres
05:32:52 PM 100998   3032518    1.00    0.00    0.00    0.00    1.00    10  postgres
05:32:52 PM 100998   3032520    0.00    0.00    0.00    0.00    0.00    10  postgres
05:32:52 PM 100998   3032521    0.00    0.00    0.00    0.00    0.00    12  postgres
05:32:52 PM 100998   3032523    0.00    0.00    0.00    0.00    0.00    12  postgres
05:32:52 PM 100998   3032525    1.00    1.00    0.00    0.00    2.00    14  postgres
05:32:52 PM 100998   3032530    1.00    1.00    0.00    0.00    2.00    10  postgres
05:32:52 PM 100998   3032539    0.00    0.00    0.00    0.00    0.00    14  postgres
05:32:52 PM 100998   3032560    1.00    0.00    0.00    0.00    1.00    10  postgres
05:32:52 PM 100998   3032564    0.00    0.00    0.00    0.00    0.00    10  postgres
05:32:52 PM 100998   3032571    1.00    0.00    0.00    0.00    1.00    10  postgres
05:32:52 PM 100998   3032592    0.00    1.00    0.00    0.00    1.00    14  postgres
05:32:52 PM 100998   3032648    1.00    0.00    0.00    0.00    1.00    10  postgres
05:32:52 PM 100998   3032701    0.00    0.00    0.00    0.00    0.00    12  postgres
05:32:52 PM 100998   3032755    0.00    0.00    0.00    0.00    0.00    10  postgres
05:32:52 PM 100998   3032796    0.00    0.00    0.00    0.00    0.00    14  postgres
05:32:52 PM 100998   3032798    0.00    0.00    0.00    0.00    0.00    10  postgres
05:32:52 PM 100998   3032799    0.00    0.00    0.00    0.00    0.00    12  postgres
05:32:52 PM 100998   3032800    0.00    0.00    0.00    0.00    0.00    12  postgres
05:32:52 PM 100998   3032801    1.00    0.00    0.00    0.00    1.00    12  postgres
05:32:52 PM 100998   3032802    0.00    0.00    0.00    0.00    0.00    12  postgres
05:32:52 PM 100998   3032803    0.00    0.00    0.00    0.00    0.00    10  postgres
05:32:52 PM 100998   3032804    0.00    0.00    0.00    0.00    0.00    10  postgres
05:32:52 PM 100998   3032807    0.00    0.00    0.00    0.00    0.00    10  postgres
05:32:52 PM 100998   3032809    0.00    0.00    0.00    0.00    0.00    14  postgres
05:32:52 PM 100998   3032811    0.00    0.00    0.00    0.00    0.00    14  postgres
05:32:52 PM 100998   3032813    0.00    1.00    0.00    0.00    1.00    10  postgres
05:32:52 PM 100998   3032818    0.00    0.00    0.00    0.00    0.00    14  postgres
05:32:52 PM 100998   3032847    1.00    0.00    0.00    0.00    1.00    12  postgres
05:32:52 PM 100998   3032851    0.00    0.00    0.00    0.00    0.00    10  postgres
05:32:52 PM 100998   3032871    0.00    1.00    0.00    0.00    1.00    10  postgres
05:32:52 PM 100998   3032922    0.00    0.00    0.00    0.00    0.00    14  postgres
05:32:52 PM 100998   3032972    0.00    0.00    0.00    0.00    0.00    12  postgres
05:32:52 PM 100998   3033023    0.00    0.00    0.00    0.00    0.00    12  postgres
05:32:52 PM 100998   3033066    0.00    0.00    0.00    0.00    0.00    10  postgres
05:32:52 PM 100998   3033081    0.00    0.00    0.00    0.00    0.00    14  postgres
05:32:52 PM 100998   3033082    0.00    0.00    0.00    0.00    0.00    12  postgres
05:32:52 PM 100998   3033083    0.00    0.00    0.00    0.00    0.00    14  postgres
05:32:52 PM 100998   3033084    0.00    0.00    0.00    0.00    0.00    12  postgres
05:32:52 PM 100998   3033085    1.00    0.00    0.00    0.00    1.00    12  postgres
05:32:52 PM 100998   3033086    0.00    0.00    0.00    0.00    0.00    12  postgres
05:32:52 PM 100998   3033087    0.00    0.00    0.00    0.00    0.00    10  postgres
05:32:52 PM 100998   3033090    0.00    0.00    0.00    0.00    0.00    10  postgres

05:32:52 PM   UID       PID    %usr %system  %guest   %wait    %CPU   CPU  Command
05:32:53 PM 100998   3032224    0.00    0.00    0.00    0.00    0.00    10  postgres
05:32:53 PM 100998   3032225    0.00    0.00    0.00    0.00    0.00    12  postgres
05:32:53 PM 100998   3032227    0.00    0.00    0.00    0.00    0.00    14  postgres
05:32:53 PM 100998   3032228    0.00    0.00    0.00    0.00    0.00    12  postgres
05:32:53 PM 100998   3032489    1.00    0.00    0.00    0.00    1.00    12  postgres
05:32:53 PM 100998   3032493    1.00    0.00    0.00    0.00    1.00    12  postgres
05:32:53 PM 100998   3032494    1.00    0.00    0.00    0.00    1.00    10  postgres
05:32:53 PM 100998   3032495    1.00    1.00    0.00    0.00    2.00    10  postgres
05:32:53 PM 100998   3032496    1.00    1.00    0.00    0.00    2.00    12  postgres
05:32:53 PM 100998   3032497    2.00    1.00    0.00    0.00    3.00    12  postgres
05:32:53 PM 100998   3032499    0.00    0.00    0.00    0.00    0.00    10  postgres
05:32:53 PM 100998   3032502    1.00    1.00    0.00    0.00    2.00    10  postgres
05:32:53 PM 100998   3032518    0.00    1.00    0.00    0.00    1.00    14  postgres
05:32:53 PM 100998   3032520    1.00    1.00    0.00    0.00    2.00    10  postgres
05:32:53 PM 100998   3032521    0.00    0.00    0.00    0.00    0.00    12  postgres
05:32:53 PM 100998   3032523    1.00    0.00    0.00    0.00    1.00    10  postgres
05:32:53 PM 100998   3032525    0.00    0.00    0.00    0.00    0.00    10  postgres
05:32:53 PM 100998   3032530    0.00    0.00    0.00    0.00    0.00    14  postgres
05:32:53 PM 100998   3032539    1.00    0.00    0.00    0.00    1.00    14  postgres
05:32:53 PM 100998   3032560    0.00    0.00    0.00    0.00    0.00    10  postgres
05:32:53 PM 100998   3032564    1.00    0.00    0.00    0.00    1.00    10  postgres
05:32:53 PM 100998   3032571    0.00    0.00    0.00    0.00    0.00    12  postgres
05:32:53 PM 100998   3032592    0.00    0.00    0.00    0.00    0.00    10  postgres
05:32:53 PM 100998   3032648    0.00    0.00    0.00    0.00    0.00    14  postgres
05:32:53 PM 100998   3032701    1.00    0.00    0.00    0.00    1.00    14  postgres
05:32:53 PM 100998   3032755    1.00    0.00    0.00    0.00    1.00    10  postgres
05:32:53 PM 100998   3032796    0.00    0.00    0.00    0.00    0.00    12  postgres
05:32:53 PM 100998   3032798    0.00    1.00    0.00    0.00    1.00    14  postgres
05:32:53 PM 100998   3032799    1.00    0.00    0.00    0.00    1.00    10  postgres
05:32:53 PM 100998   3032800    0.00    0.00    0.00    0.00    0.00    10  postgres
05:32:53 PM 100998   3032801    0.00    0.00    0.00    0.00    0.00    14  postgres
05:32:53 PM 100998   3032802    1.00    0.00    0.00    0.00    1.00    14  postgres
05:32:53 PM 100998   3032803    0.00    0.00    0.00    0.00    0.00    14  postgres
05:32:53 PM 100998   3032804    0.00    0.00    0.00    0.00    0.00    10  postgres
05:32:53 PM 100998   3032807    1.00    0.00    0.00    0.00    1.00    10  postgres
05:32:53 PM 100998   3032809    1.00    0.00    0.00    0.00    1.00    10  postgres
05:32:53 PM 100998   3032811    0.00    0.00    0.00    0.00    0.00    14  postgres
05:32:53 PM 100998   3032813    0.00    0.00    0.00    0.00    0.00    14  postgres
05:32:53 PM 100998   3032818    0.00    0.00    0.00    0.00    0.00    14  postgres
05:32:53 PM 100998   3032847    0.00    0.00    0.00    0.00    0.00    12  postgres
05:32:53 PM 100998   3032851    1.00    1.00    0.00    0.00    2.00    10  postgres
05:32:53 PM 100998   3032871    0.00    0.00    0.00    0.00    0.00    12  postgres
05:32:53 PM 100998   3032922    0.00    0.00    0.00    0.00    0.00    14  postgres
05:32:53 PM 100998   3032972    0.00    0.00    0.00    0.00    0.00    12  postgres
05:32:53 PM 100998   3033023    0.00    1.00    0.00    0.00    1.00    12  postgres
05:32:53 PM 100998   3033066    0.00    0.00    0.00    0.00    0.00    12  postgres
05:32:53 PM 100998   3033081    0.00    0.00    0.00    0.00    0.00    14  postgres
05:32:53 PM 100998   3033082    1.00    0.00    0.00    0.00    1.00    14  postgres
05:32:53 PM 100998   3033083    1.00    0.00    0.00    0.00    1.00    10  postgres
05:32:53 PM 100998   3033084    0.00    0.00    0.00    0.00    0.00    12  postgres
05:32:53 PM 100998   3033085    0.00    0.00    0.00    0.00    0.00    14  postgres
05:32:53 PM 100998   3033086    0.00    0.00    0.00    0.00    0.00    14  postgres
05:32:53 PM 100998   3033087    0.00    0.00    0.00    0.00    0.00    10  postgres
05:32:53 PM 100998   3033090    0.00    0.00    0.00    0.00    0.00    10  postgres

05:32:53 PM   UID       PID    %usr %system  %guest   %wait    %CPU   CPU  Command
05:32:54 PM 100998   3032224    0.00    0.00    0.00    0.00    0.00    10  postgres
05:32:54 PM 100998   3032225    0.00    0.00    0.00    0.00    0.00    12  postgres
05:32:54 PM 100998   3032227    0.00    0.00    0.00    0.00    0.00    14  postgres
05:32:54 PM 100998   3032228    0.00    0.00    0.00    0.00    0.00    12  postgres
05:32:54 PM 100998   3032489    1.00    1.00    0.00    0.00    2.00    12  postgres
05:32:54 PM 100998   3032493    1.00    1.00    0.00    0.00    2.00    14  postgres
05:32:54 PM 100998   3032494    0.00    1.00    0.00    0.00    1.00    14  postgres
05:32:54 PM 100998   3032495    1.00    0.00    0.00    0.00    1.00    14  postgres
05:32:54 PM 100998   3032496    1.00    0.00    0.00    0.00    1.00    12  postgres
05:32:54 PM 100998   3032497    0.00    0.00    0.00    0.00    0.00    14  postgres
05:32:54 PM 100998   3032499    1.00    1.00    0.00    0.00    2.00    14  postgres
05:32:54 PM 100998   3032502    1.00    0.00    0.00    0.00    1.00    14  postgres
05:32:54 PM 100998   3032518    1.00    0.00    0.00    0.00    1.00    14  postgres
05:32:54 PM 100998   3032520    0.00    0.00    0.00    0.00    0.00    10  postgres
05:32:54 PM 100998   3032521    0.00    0.00    0.00    0.00    0.00    14  postgres
05:32:54 PM 100998   3032523    0.00    1.00    0.00    0.00    1.00    14  postgres
05:32:54 PM 100998   3032525    1.00    0.00    0.00    0.00    1.00    14  postgres
05:32:54 PM 100998   3032530    1.00    1.00    0.00    0.00    2.00    14  postgres
05:32:54 PM 100998   3032539    0.00    0.00    0.00    0.00    0.00    14  postgres
05:32:54 PM 100998   3032560    0.00    0.00    0.00    0.00    0.00    14  postgres
05:32:54 PM 100998   3032564    1.00    0.00    0.00    0.00    1.00    10  postgres
05:32:54 PM 100998   3032571    0.00    0.00    0.00    0.00    0.00    14  postgres
05:32:54 PM 100998   3032592    1.00    0.00    0.00    0.00    1.00    14  postgres
05:32:54 PM 100998   3032648    0.00    0.00    0.00    0.00    0.00    10  postgres
05:32:54 PM 100998   3032701    0.00    0.00    0.00    0.00    0.00    14  postgres
05:32:54 PM 100998   3032755    0.00    0.00    0.00    0.00    0.00    10  postgres
05:32:54 PM 100998   3032796    0.00    0.00    0.00    0.00    0.00    10  postgres
05:32:54 PM 100998   3032798    1.00    0.00    0.00    0.00    1.00    14  postgres
05:32:54 PM 100998   3032799    0.00    0.00    0.00    0.00    0.00    14  postgres
05:32:54 PM 100998   3032800    1.00    0.00    0.00    0.00    1.00    10  postgres
05:32:54 PM 100998   3032801    0.00    1.00    0.00    0.00    1.00    12  postgres
05:32:54 PM 100998   3032802    0.00    0.00    0.00    0.00    0.00    14  postgres
05:32:54 PM 100998   3032803    1.00    0.00    0.00    0.00    1.00    14  postgres
05:32:54 PM 100998   3032804    0.00    0.00    0.00    0.00    0.00    10  postgres
05:32:54 PM 100998   3032807    0.00    0.00    0.00    0.00    0.00    14  postgres
05:32:54 PM 100998   3032809    0.00    0.00    0.00    0.00    0.00    14  postgres
05:32:54 PM 100998   3032811    0.00    1.00    0.00    0.00    1.00    14  postgres
05:32:54 PM 100998   3032813    0.00    0.00    0.00    0.00    0.00    14  postgres
05:32:54 PM 100998   3032818    0.00    0.00    0.00    0.00    0.00    14  postgres
05:32:54 PM 100998   3032847    0.00    1.00    0.00    0.00    1.00    14  postgres
05:32:54 PM 100998   3032851    0.00    0.00    0.00    0.00    0.00    14  postgres
05:32:54 PM 100998   3032871    0.00    0.00    0.00    0.00    0.00    14  postgres
05:32:54 PM 100998   3032922    0.00    0.00    0.00    0.00    0.00    14  postgres
05:32:54 PM 100998   3032972    0.00    0.00    0.00    0.00    0.00    14  postgres
05:32:54 PM 100998   3033023    0.00    0.00    0.00    0.00    0.00    12  postgres
05:32:54 PM 100998   3033066    1.00    0.00    0.00    0.00    1.00    10  postgres
05:32:54 PM 100998   3033081    0.00    0.00    0.00    0.00    0.00    10  postgres
05:32:54 PM 100998   3033082    0.00    0.00    0.00    0.00    0.00    10  postgres
05:32:54 PM 100998   3033083    0.00    0.00    0.00    0.00    0.00    10  postgres
05:32:54 PM 100998   3033084    0.00    0.00    0.00    0.00    0.00    14  postgres
05:32:54 PM 100998   3033085    0.00    0.00    0.00    0.00    0.00    14  postgres
05:32:54 PM 100998   3033086    0.00    0.00    0.00    0.00    0.00    10  postgres
05:32:54 PM 100998   3033087    0.00    0.00    0.00    0.00    0.00    14  postgres
05:32:54 PM 100998   3033090    0.00    0.00    0.00    0.00    0.00    10  postgres

05:32:54 PM   UID       PID    %usr %system  %guest   %wait    %CPU   CPU  Command
05:32:55 PM 100998   3032224    0.00    0.00    0.00    0.00    0.00    10  postgres
05:32:55 PM 100998   3032225    0.00    0.00    0.00    0.00    0.00    12  postgres
05:32:55 PM 100998   3032227    0.00    0.00    0.00    0.00    0.00    14  postgres
05:32:55 PM 100998   3032228    0.00    0.00    0.00    0.00    0.00    12  postgres
05:32:55 PM 100998   3032489    0.00    1.00    0.00    0.00    1.00    14  postgres
05:32:55 PM 100998   3032493    1.00    1.00    0.00    0.00    2.00    10  postgres
05:32:55 PM 100998   3032494    1.00    1.00    0.00    0.00    2.00    12  postgres
05:32:55 PM 100998   3032495    1.00    1.00    0.00    0.00    2.00    14  postgres
05:32:55 PM 100998   3032496    1.00    1.00    0.00    0.00    2.00    12  postgres
05:32:55 PM 100998   3032497    1.00    1.00    0.00    0.00    2.00    14  postgres
05:32:55 PM 100998   3032499    1.00    0.00    0.00    0.00    1.00    14  postgres
05:32:55 PM 100998   3032502    1.00    0.00    0.00    0.00    1.00    14  postgres
05:32:55 PM 100998   3032518    0.00    0.00    0.00    0.00    0.00    12  postgres
05:32:55 PM 100998   3032520    0.00    1.00    0.00    0.00    1.00    12  postgres
05:32:55 PM 100998   3032521    1.00    1.00    0.00    0.00    2.00    12  postgres
05:32:55 PM 100998   3032523    1.00    0.00    0.00    0.00    1.00    10  postgres
05:32:55 PM 100998   3032525    0.00    0.00    0.00    0.00    0.00    10  postgres
05:32:55 PM 100998   3032530    0.00    0.00    0.00    0.00    0.00    14  postgres
05:32:55 PM 100998   3032539    0.00    1.00    0.00    0.00    1.00    10  postgres
05:32:55 PM 100998   3032560    0.00    1.00    0.00    0.00    1.00    10  postgres
05:32:55 PM 100998   3032564    0.00    1.00    0.00    0.00    1.00    12  postgres
05:32:55 PM 100998   3032571    1.00    1.00    0.00    0.00    2.00    12  postgres
05:32:55 PM 100998   3032592    0.00    1.00    0.00    0.00    1.00    14  postgres
05:32:55 PM 100998   3032648    1.00    1.00    0.00    0.00    2.00    14  postgres
05:32:55 PM 100998   3032701    1.00    0.00    0.00    0.00    1.00    12  postgres
05:32:55 PM 100998   3032755    0.00    1.00    0.00    0.00    1.00    10  postgres
05:32:55 PM 100998   3032796    1.00    0.00    0.00    0.00    1.00    10  postgres
05:32:55 PM 100998   3032798    0.00    0.00    0.00    0.00    0.00    14  postgres
05:32:55 PM 100998   3032799    0.00    1.00    0.00    0.00    1.00    10  postgres
05:32:55 PM 100998   3032800    0.00    1.00    0.00    0.00    1.00    12  postgres
05:32:55 PM 100998   3032801    0.00    0.00    0.00    0.00    0.00    14  postgres
05:32:55 PM 100998   3032802    1.00    1.00    0.00    0.00    2.00    10  postgres
05:32:55 PM 100998   3032803    0.00    0.00    0.00    0.00    0.00    10  postgres
05:32:55 PM 100998   3032804    1.00    0.00    0.00    0.00    1.00    10  postgres
05:32:55 PM 100998   3032807    0.00    0.00    0.00    0.00    0.00    14  postgres
05:32:55 PM 100998   3032809    0.00    1.00    0.00    0.00    1.00    10  postgres
05:32:55 PM 100998   3032811    0.00    0.00    0.00    0.00    0.00    10  postgres
05:32:55 PM 100998   3032813    0.00    0.00    0.00    0.00    0.00    10  postgres
05:32:55 PM 100998   3032818    0.00    0.00    0.00    0.00    0.00    14  postgres
05:32:55 PM 100998   3032847    0.00    0.00    0.00    0.00    0.00    12  postgres
05:32:55 PM 100998   3032851    0.00    0.00    0.00    0.00    0.00    10  postgres
05:32:55 PM 100998   3032871    1.00    0.00    0.00    0.00    1.00    14  postgres
05:32:55 PM 100998   3032922    0.00    1.00    0.00    0.00    1.00    14  postgres
05:32:55 PM 100998   3032972    0.00    0.00    0.00    0.00    0.00    10  postgres
05:32:55 PM 100998   3033023    0.00    0.00    0.00    0.00    0.00    12  postgres
05:32:55 PM 100998   3033066    0.00    0.00    0.00    0.00    0.00    10  postgres
05:32:55 PM 100998   3033081    1.00    0.00    0.00    0.00    1.00    14  postgres
05:32:55 PM 100998   3033082    0.00    0.00    0.00    0.00    0.00    14  postgres
05:32:55 PM 100998   3033083    0.00    0.00    0.00    0.00    0.00    14  postgres
05:32:55 PM 100998   3033084    0.00    0.00    0.00    0.00    0.00    14  postgres
05:32:55 PM 100998   3033085    0.00    0.00    0.00    0.00    0.00    10  postgres
05:32:55 PM 100998   3033086    0.00    0.00    0.00    0.00    0.00    10  postgres
05:32:55 PM 100998   3033087    0.00    0.00    0.00    0.00    0.00    14  postgres
05:32:55 PM 100998   3033090    0.00    0.00    0.00    0.00    0.00    14  postgres

05:32:55 PM   UID       PID    %usr %system  %guest   %wait    %CPU   CPU  Command
05:32:56 PM 100998   3032224    0.00    0.00    0.00    0.00    0.00    10  postgres
05:32:56 PM 100998   3032225    0.00    0.00    0.00    0.00    0.00    14  postgres
05:32:56 PM 100998   3032227    0.00    0.00    0.00    0.00    0.00    14  postgres
05:32:56 PM 100998   3032228    0.00    0.00    0.00    0.00    0.00    12  postgres
05:32:56 PM 100998   3032489    2.00    1.00    0.00    0.00    3.00    12  postgres
05:32:56 PM 100998   3032493    1.00    0.00    0.00    0.00    1.00    14  postgres
05:32:56 PM 100998   3032494    1.00    0.00    0.00    0.00    1.00    10  postgres
05:32:56 PM 100998   3032495    0.00    0.00    0.00    0.00    0.00    14  postgres
05:32:56 PM 100998   3032496    1.00    0.00    0.00    0.00    1.00    14  postgres
05:32:56 PM 100998   3032497    0.00    0.00    0.00    0.00    0.00    12  postgres
05:32:56 PM 100998   3032499    1.00    1.00    0.00    0.00    2.00    12  postgres
05:32:56 PM 100998   3032502    0.00    0.00    0.00    0.00    0.00    10  postgres
05:32:56 PM 100998   3032518    0.00    1.00    0.00    0.00    1.00    12  postgres
05:32:56 PM 100998   3032520    1.00    0.00    0.00    0.00    1.00    14  postgres
05:32:56 PM 100998   3032521    1.00    0.00    0.00    0.00    1.00    14  postgres
05:32:56 PM 100998   3032523    0.00    0.00    0.00    0.00    0.00    14  postgres
05:32:56 PM 100998   3032525    1.00    1.00    0.00    0.00    2.00    12  postgres
05:32:56 PM 100998   3032530    1.00    0.00    0.00    0.00    1.00    14  postgres
05:32:56 PM 100998   3032539    1.00    0.00    0.00    0.00    1.00    12  postgres
05:32:56 PM 100998   3032560    1.00    0.00    0.00    0.00    1.00    14  postgres
05:32:56 PM 100998   3032564    0.00    0.00    0.00    0.00    0.00    12  postgres
05:32:56 PM 100998   3032571    0.00    0.00    0.00    0.00    0.00    10  postgres
05:32:56 PM 100998   3032592    1.00    0.00    0.00    0.00    1.00    14  postgres
05:32:56 PM 100998   3032648    0.00    0.00    0.00    0.00    0.00    12  postgres
05:32:56 PM 100998   3032701    0.00    0.00    0.00    0.00    0.00    10  postgres
05:32:56 PM 100998   3032755    1.00    0.00    0.00    0.00    1.00    14  postgres
05:32:56 PM 100998   3032796    0.00    0.00    0.00    0.00    0.00    14  postgres
05:32:56 PM 100998   3032798    0.00    0.00    0.00    0.00    0.00    14  postgres
05:32:56 PM 100998   3032799    0.00    0.00    0.00    0.00    0.00    10  postgres
05:32:56 PM 100998   3032800    0.00    0.00    0.00    0.00    0.00    14  postgres
05:32:56 PM 100998   3032801    0.00    0.00    0.00    0.00    0.00    12  postgres
05:32:56 PM 100998   3032802    0.00    0.00    0.00    0.00    0.00    10  postgres
05:32:56 PM 100998   3032803    0.00    1.00    0.00    0.00    1.00    12  postgres
05:32:56 PM 100998   3032804    0.00    0.00    0.00    0.00    0.00    10  postgres
05:32:56 PM 100998   3032807    0.00    1.00    0.00    0.00    1.00    12  postgres
05:32:56 PM 100998   3032809    0.00    0.00    0.00    0.00    0.00    10  postgres
05:32:56 PM 100998   3032811    1.00    0.00    0.00    0.00    1.00    12  postgres
05:32:56 PM 100998   3032813    0.00    1.00    0.00    0.00    1.00    10  postgres
05:32:56 PM 100998   3032818    1.00    0.00    0.00    0.00    1.00    14  postgres
05:32:56 PM 100998   3032847    1.00    0.00    0.00    0.00    1.00    14  postgres
05:32:56 PM 100998   3032851    1.00    0.00    0.00    0.00    1.00    14  postgres
05:32:56 PM 100998   3032871    0.00    0.00    0.00    0.00    0.00    14  postgres
05:32:56 PM 100998   3032922    0.00    0.00    0.00    0.00    0.00    14  postgres
05:32:56 PM 100998   3032972    0.00    1.00    0.00    0.00    1.00    12  postgres
05:32:56 PM 100998   3033023    0.00    0.00    0.00    0.00    0.00    10  postgres
05:32:56 PM 100998   3033066    0.00    0.00    0.00    0.00    0.00    10  postgres
05:32:56 PM 100998   3033081    0.00    0.00    0.00    0.00    0.00    10  postgres
05:32:56 PM 100998   3033082    0.00    0.00    0.00    0.00    0.00    12  postgres
05:32:56 PM 100998   3033083    0.00    0.00    0.00    0.00    0.00    14  postgres
05:32:56 PM 100998   3033084    0.00    0.00    0.00    0.00    0.00    14  postgres
05:32:56 PM 100998   3033085    0.00    0.00    0.00    0.00    0.00    10  postgres
05:32:56 PM 100998   3033086    1.00    0.00    0.00    0.00    1.00    14  postgres
05:32:56 PM 100998   3033087    1.00    0.00    0.00    0.00    1.00    10  postgres
05:32:56 PM 100998   3033090    1.00    1.00    0.00    0.00    2.00    14  postgres

05:32:56 PM   UID       PID    %usr %system  %guest   %wait    %CPU   CPU  Command
05:32:57 PM 100998   3032224    0.00    0.00    0.00    0.00    0.00    10  postgres
05:32:57 PM 100998   3032225    0.00    0.00    0.00    0.00    0.00    14  postgres
05:32:57 PM 100998   3032227    0.00    0.00    0.00    0.00    0.00    10  postgres
05:32:57 PM 100998   3032228    0.00    0.00    0.00    0.00    0.00    12  postgres
05:32:57 PM 100998   3032489    1.00    0.00    0.00    0.00    1.00    12  postgres
05:32:57 PM 100998   3032493    1.00    1.00    0.00    0.00    2.00    12  postgres
05:32:57 PM 100998   3032494    1.00    0.00    0.00    0.00    1.00    12  postgres
05:32:57 PM 100998   3032495    1.00    0.00    0.00    0.00    1.00    10  postgres
05:32:57 PM 100998   3032496    0.00    0.00    0.00    0.00    0.00    10  postgres
05:32:57 PM 100998   3032497    1.00    1.00    0.00    0.00    2.00    10  postgres
05:32:57 PM 100998   3032499    0.00    0.00    0.00    0.00    0.00    10  postgres
05:32:57 PM 100998   3032502    1.00    1.00    0.00    0.00    2.00    12  postgres
05:32:57 PM 100998   3032518    1.00    0.00    0.00    0.00    1.00    14  postgres
05:32:57 PM 100998   3032520    1.00    0.00    0.00    0.00    1.00    10  postgres
05:32:57 PM 100998   3032521    1.00    0.00    0.00    0.00    1.00    14  postgres
05:32:57 PM 100998   3032523    0.00    0.00    0.00    0.00    0.00    12  postgres
05:32:57 PM 100998   3032525    0.00    0.00    0.00    0.00    0.00    12  postgres
05:32:57 PM 100998   3032530    0.00    0.00    0.00    0.00    0.00    10  postgres
05:32:57 PM 100998   3032539    0.00    0.00    0.00    0.00    0.00    12  postgres
05:32:57 PM 100998   3032560    0.00    0.00    0.00    0.00    0.00    14  postgres
05:32:57 PM 100998   3032564    1.00    0.00    0.00    0.00    1.00    12  postgres
05:32:57 PM 100998   3032571    0.00    0.00    0.00    0.00    0.00    10  postgres
05:32:57 PM 100998   3032592    0.00    0.00    0.00    0.00    0.00    14  postgres
05:32:57 PM 100998   3032648    1.00    0.00    0.00    0.00    1.00    14  postgres
05:32:57 PM 100998   3032701    0.00    1.00    0.00    0.00    1.00    10  postgres
05:32:57 PM 100998   3032755    0.00    0.00    0.00    0.00    0.00    10  postgres
05:32:57 PM 100998   3032796    1.00    0.00    0.00    0.00    1.00    14  postgres
05:32:57 PM 100998   3032798    0.00    0.00    0.00    0.00    0.00    10  postgres
05:32:57 PM 100998   3032799    0.00    0.00    0.00    0.00    0.00    10  postgres
05:32:57 PM 100998   3032800    0.00    0.00    0.00    0.00    0.00    14  postgres
05:32:57 PM 100998   3032801    0.00    0.00    0.00    0.00    0.00    14  postgres
05:32:57 PM 100998   3032802    0.00    0.00    0.00    0.00    0.00    14  postgres
05:32:57 PM 100998   3032803    0.00    0.00    0.00    0.00    0.00    14  postgres
05:32:57 PM 100998   3032804    0.00    1.00    0.00    0.00    1.00    10  postgres
05:32:57 PM 100998   3032807    1.00    0.00    0.00    0.00    1.00    12  postgres
05:32:57 PM 100998   3032809    0.00    0.00    0.00    0.00    0.00    14  postgres
05:32:57 PM 100998   3032811    0.00    0.00    0.00    0.00    0.00    12  postgres
05:32:57 PM 100998   3032813    1.00    0.00    0.00    0.00    1.00    14  postgres
05:32:57 PM 100998   3032818    0.00    0.00    0.00    0.00    0.00    12  postgres
05:32:57 PM 100998   3032847    0.00    0.00    0.00    0.00    0.00    14  postgres
05:32:57 PM 100998   3032851    0.00    0.00    0.00    0.00    0.00    10  postgres
05:32:57 PM 100998   3032871    0.00    0.00    0.00    0.00    0.00    12  postgres
05:32:57 PM 100998   3032922    0.00    0.00    0.00    0.00    0.00    10  postgres
05:32:57 PM 100998   3032972    0.00    0.00    0.00    0.00    0.00    12  postgres
05:32:57 PM 100998   3033023    0.00    0.00    0.00    0.00    0.00    14  postgres
05:32:57 PM 100998   3033066    0.00    0.00    0.00    0.00    0.00    12  postgres
05:32:57 PM 100998   3033081    0.00    0.00    0.00    0.00    0.00    14  postgres
05:32:57 PM 100998   3033082    0.00    0.00    0.00    0.00    0.00    14  postgres
05:32:57 PM 100998   3033083    0.00    0.00    0.00    0.00    0.00    10  postgres
05:32:57 PM 100998   3033084    0.00    0.00    0.00    0.00    0.00    14  postgres
05:32:57 PM 100998   3033085    0.00    0.00    0.00    0.00    0.00    10  postgres
05:32:57 PM 100998   3033086    0.00    0.00    0.00    0.00    0.00    10  postgres
05:32:57 PM 100998   3033087    0.00    0.00    0.00    0.00    0.00    12  postgres
05:32:57 PM 100998   3033090    0.00    0.00    0.00    0.00    0.00    14  postgres

05:32:57 PM   UID       PID    %usr %system  %guest   %wait    %CPU   CPU  Command
05:32:58 PM 100998   3032224    0.00    0.00    0.00    0.00    0.00    10  postgres
05:32:58 PM 100998   3032225    0.00    0.00    0.00    0.00    0.00    14  postgres
05:32:58 PM 100998   3032227    0.00    0.00    0.00    0.00    0.00    10  postgres
05:32:58 PM 100998   3032228    0.00    0.00    0.00    0.00    0.00    12  postgres
05:32:58 PM 100998   3032489    1.00    1.00    0.00    0.00    2.00    14  postgres
05:32:58 PM 100998   3032493    1.00    1.00    0.00    0.00    2.00    12  postgres
05:32:58 PM 100998   3032494    0.00    1.00    0.00    0.00    1.00    14  postgres
05:32:58 PM 100998   3032495    1.00    1.00    0.00    0.00    2.00    14  postgres
05:32:58 PM 100998   3032496    1.00    1.00    0.00    0.00    2.00    14  postgres
05:32:58 PM 100998   3032497    1.00    0.00    0.00    0.00    1.00    10  postgres
05:32:58 PM 100998   3032499    1.00    0.00    0.00    0.00    1.00    14  postgres
05:32:58 PM 100998   3032502    1.00    0.00    0.00    0.00    1.00    12  postgres
05:32:58 PM 100998   3032518    0.00    1.00    0.00    0.00    1.00    12  postgres
05:32:58 PM 100998   3032520    0.00    1.00    0.00    0.00    1.00    12  postgres
05:32:58 PM 100998   3032521    0.00    0.00    0.00    0.00    0.00    10  postgres
05:32:58 PM 100998   3032523    1.00    0.00    0.00    0.00    1.00    12  postgres
05:32:58 PM 100998   3032525    1.00    0.00    0.00    0.00    1.00    14  postgres
05:32:58 PM 100998   3032530    1.00    0.00    0.00    0.00    1.00    12  postgres
05:32:58 PM 100998   3032539    1.00    1.00    0.00    0.00    2.00    14  postgres
05:32:58 PM 100998   3032560    0.00    0.00    0.00    0.00    0.00    10  postgres
05:32:58 PM 100998   3032564    0.00    0.00    0.00    0.00    0.00    12  postgres
05:32:58 PM 100998   3032571    1.00    0.00    0.00    0.00    1.00    12  postgres
05:32:58 PM 100998   3032592    0.00    0.00    0.00    0.00    0.00    14  postgres
05:32:58 PM 100998   3032648    0.00    0.00    0.00    0.00    0.00    10  postgres
05:32:58 PM 100998   3032701    1.00    0.00    0.00    0.00    1.00    12  postgres
05:32:58 PM 100998   3032755    0.00    0.00    0.00    0.00    0.00    14  postgres
05:32:58 PM 100998   3032796    0.00    0.00    0.00    0.00    0.00    14  postgres
05:32:58 PM 100998   3032798    1.00    0.00    0.00    0.00    1.00    12  postgres
05:32:58 PM 100998   3032799    0.00    0.00    0.00    0.00    0.00    12  postgres
05:32:58 PM 100998   3032800    0.00    0.00    0.00    0.00    0.00    14  postgres
05:32:58 PM 100998   3032801    1.00    0.00    0.00    0.00    1.00    12  postgres
05:32:58 PM 100998   3032802    0.00    0.00    0.00    0.00    0.00    12  postgres
05:32:58 PM 100998   3032803    0.00    0.00    0.00    0.00    0.00    10  postgres
05:32:58 PM 100998   3032804    1.00    0.00    0.00    0.00    1.00    14  postgres
05:32:58 PM 100998   3032807    0.00    0.00    0.00    0.00    0.00    10  postgres
05:32:58 PM 100998   3032809    0.00    0.00    0.00    0.00    0.00    10  postgres
05:32:58 PM 100998   3032811    0.00    0.00    0.00    0.00    0.00    14  postgres
05:32:58 PM 100998   3032813    0.00    0.00    0.00    0.00    0.00    14  postgres
05:32:58 PM 100998   3032818    1.00    0.00    0.00    0.00    1.00    12  postgres
05:32:58 PM 100998   3032847    0.00    0.00    0.00    0.00    0.00    14  postgres
05:32:58 PM 100998   3032851    0.00    0.00    0.00    0.00    0.00    12  postgres
05:32:58 PM 100998   3032871    0.00    0.00    0.00    0.00    0.00    10  postgres
05:32:58 PM 100998   3032922    0.00    0.00    0.00    0.00    0.00    14  postgres
05:32:58 PM 100998   3032972    1.00    0.00    0.00    0.00    1.00    14  postgres
05:32:58 PM 100998   3033023    0.00    0.00    0.00    0.00    0.00    14  postgres
05:32:58 PM 100998   3033066    0.00    0.00    0.00    0.00    0.00    10  postgres
05:32:58 PM 100998   3033081    0.00    0.00    0.00    0.00    0.00    12  postgres
05:32:58 PM 100998   3033082    0.00    0.00    0.00    0.00    0.00    14  postgres
05:32:58 PM 100998   3033083    0.00    0.00    0.00    0.00    0.00    14  postgres
05:32:58 PM 100998   3033084    0.00    0.00    0.00    0.00    0.00    10  postgres
05:32:58 PM 100998   3033085    0.00    0.00    0.00    0.00    0.00    10  postgres
05:32:58 PM 100998   3033086    0.00    0.00    0.00    0.00    0.00    10  postgres
05:32:58 PM 100998   3033087    0.00    0.00    0.00    0.00    0.00    12  postgres
05:32:58 PM 100998   3033090    0.00    0.00    0.00    0.00    0.00    10  postgres

05:32:58 PM   UID       PID    %usr %system  %guest   %wait    %CPU   CPU  Command
05:32:59 PM 100998   3032224    0.00    0.00    0.00    0.00    0.00    10  postgres
05:32:59 PM 100998   3032225    0.00    0.00    0.00    0.00    0.00    14  postgres
05:32:59 PM 100998   3032227    0.00    0.00    0.00    0.00    0.00    10  postgres
05:32:59 PM 100998   3032228    0.00    0.00    0.00    0.00    0.00    12  postgres
05:32:59 PM 100998   3032489    1.00    0.00    0.00    0.00    1.00    12  postgres
05:32:59 PM 100998   3032493    1.00    0.00    0.00    0.00    1.00    14  postgres
05:32:59 PM 100998   3032494    1.00    0.00    0.00    0.00    1.00    10  postgres
05:32:59 PM 100998   3032495    1.00    0.00    0.00    0.00    1.00    12  postgres
05:32:59 PM 100998   3032496    1.00    0.00    0.00    0.00    1.00    10  postgres
05:32:59 PM 100998   3032497    1.00    0.00    0.00    0.00    1.00    14  postgres
05:32:59 PM 100998   3032499    0.00    1.00    0.00    0.00    1.00    10  postgres
05:32:59 PM 100998   3032502    0.00    0.00    0.00    0.00    0.00    14  postgres
05:32:59 PM 100998   3032518    1.00    0.00    0.00    0.00    1.00    12  postgres
05:32:59 PM 100998   3032520    0.00    0.00    0.00    0.00    0.00    12  postgres
05:32:59 PM 100998   3032521    0.00    1.00    0.00    0.00    1.00    10  postgres
05:32:59 PM 100998   3032523    1.00    1.00    0.00    0.00    2.00    14  postgres
05:32:59 PM 100998   3032525    1.00    0.00    0.00    0.00    1.00    14  postgres
05:32:59 PM 100998   3032530    0.00    1.00    0.00    0.00    1.00    10  postgres
05:32:59 PM 100998   3032539    0.00    0.00    0.00    0.00    0.00    14  postgres
05:32:59 PM 100998   3032560    1.00    0.00    0.00    0.00    1.00    10  postgres
05:32:59 PM 100998   3032564    1.00    0.00    0.00    0.00    1.00    12  postgres
05:32:59 PM 100998   3032571    0.00    0.00    0.00    0.00    0.00    12  postgres
05:32:59 PM 100998   3032592    0.00    1.00    0.00    0.00    1.00    10  postgres
05:32:59 PM 100998   3032648    0.00    0.00    0.00    0.00    0.00    14  postgres
05:32:59 PM 100998   3032701    0.00    0.00    0.00    0.00    0.00    12  postgres
05:32:59 PM 100998   3032755    0.00    1.00    0.00    0.00    1.00    14  postgres
05:32:59 PM 100998   3032796    0.00    0.00    0.00    0.00    0.00    10  postgres
05:32:59 PM 100998   3032798    0.00    1.00    0.00    0.00    1.00    14  postgres
05:32:59 PM 100998   3032799    1.00    0.00    0.00    0.00    1.00    14  postgres
05:32:59 PM 100998   3032800    1.00    0.00    0.00    0.00    1.00    10  postgres
05:32:59 PM 100998   3032801    0.00    1.00    0.00    0.00    1.00    10  postgres
05:32:59 PM 100998   3032802    0.00    0.00    0.00    0.00    0.00    10  postgres
05:32:59 PM 100998   3032803    1.00    0.00    0.00    0.00    1.00    12  postgres
05:32:59 PM 100998   3032804    0.00    0.00    0.00    0.00    0.00    10  postgres
05:32:59 PM 100998   3032807    1.00    0.00    0.00    0.00    1.00    10  postgres
05:32:59 PM 100998   3032809    0.00    0.00    0.00    0.00    0.00    12  postgres
05:32:59 PM 100998   3032811    0.00    0.00    0.00    0.00    0.00    12  postgres
05:32:59 PM 100998   3032813    0.00    0.00    0.00    0.00    0.00    14  postgres
05:32:59 PM 100998   3032818    0.00    0.00    0.00    0.00    0.00    10  postgres
05:32:59 PM 100998   3032847    0.00    1.00    0.00    0.00    1.00    10  postgres
05:32:59 PM 100998   3032851    0.00    0.00    0.00    0.00    0.00    12  postgres
05:32:59 PM 100998   3032871    0.00    0.00    0.00    0.00    0.00    14  postgres
05:32:59 PM 100998   3032922    1.00    0.00    0.00    0.00    1.00    14  postgres
05:32:59 PM 100998   3032972    0.00    0.00    0.00    0.00    0.00    12  postgres
05:32:59 PM 100998   3033023    0.00    0.00    0.00    0.00    0.00    10  postgres
05:32:59 PM 100998   3033066    0.00    0.00    0.00    0.00    0.00    10  postgres
05:32:59 PM 100998   3033081    0.00    1.00    0.00    0.00    1.00    10  postgres
05:32:59 PM 100998   3033082    1.00    0.00    0.00    0.00    1.00    12  postgres
05:32:59 PM 100998   3033083    0.00    0.00    0.00    0.00    0.00    12  postgres
05:32:59 PM 100998   3033084    0.00    0.00    0.00    0.00    0.00    10  postgres
05:32:59 PM 100998   3033085    0.00    0.00    0.00    0.00    0.00    10  postgres
05:32:59 PM 100998   3033086    0.00    0.00    0.00    0.00    0.00    14  postgres
05:32:59 PM 100998   3033087    0.00    0.00    0.00    0.00    0.00    14  postgres
05:32:59 PM 100998   3033090    0.00    0.00    0.00    0.00    0.00    14  postgres

05:32:59 PM   UID       PID    %usr %system  %guest   %wait    %CPU   CPU  Command
05:33:00 PM 100998   3032224    0.00    0.00    0.00    0.00    0.00    10  postgres
05:33:00 PM 100998   3032225    0.00    0.00    0.00    0.00    0.00    14  postgres
05:33:00 PM 100998   3032227    0.00    0.00    0.00    0.00    0.00    10  postgres
05:33:00 PM 100998   3032228    0.00    0.00    0.00    0.00    0.00    12  postgres
05:33:00 PM 100998   3032489    0.00    1.00    0.00    0.00    1.00    10  postgres
05:33:00 PM 100998   3032493    1.00    1.00    0.00    0.00    2.00    10  postgres
05:33:00 PM 100998   3032494    1.00    0.00    0.00    0.00    1.00    10  postgres
05:33:00 PM 100998   3032495    1.00    0.00    0.00    0.00    1.00    10  postgres
05:33:00 PM 100998   3032496    0.00    0.00    0.00    0.00    0.00    14  postgres
05:33:00 PM 100998   3032497    0.00    1.00    0.00    0.00    1.00    12  postgres
05:33:00 PM 100998   3032499    1.00    0.00    0.00    0.00    1.00    14  postgres
05:33:00 PM 100998   3032502    1.00    1.00    0.00    0.00    2.00    10  postgres
05:33:00 PM 100998   3032518    1.00    0.00    0.00    0.00    1.00    10  postgres
05:33:00 PM 100998   3032520    1.00    0.00    0.00    0.00    1.00    10  postgres
05:33:00 PM 100998   3032521    1.00    0.00    0.00    0.00    1.00    14  postgres
05:33:00 PM 100998   3032523    0.00    0.00    0.00    0.00    0.00    12  postgres
05:33:00 PM 100998   3032525    0.00    1.00    0.00    0.00    1.00    10  postgres
05:33:00 PM 100998   3032530    0.00    0.00    0.00    0.00    0.00    10  postgres
05:33:00 PM 100998   3032539    1.00    0.00    0.00    0.00    1.00    12  postgres
05:33:00 PM 100998   3032560    0.00    0.00    0.00    0.00    0.00    10  postgres
05:33:00 PM 100998   3032564    0.00    1.00    0.00    0.00    1.00    14  postgres
05:33:00 PM 100998   3032571    0.00    1.00    0.00    0.00    1.00    12  postgres
05:33:00 PM 100998   3032592    1.00    0.00    0.00    0.00    1.00    14  postgres
05:33:00 PM 100998   3032648    0.00    1.00    0.00    0.00    1.00    12  postgres
05:33:00 PM 100998   3032701    0.00    0.00    0.00    0.00    0.00    12  postgres
05:33:00 PM 100998   3032755    1.00    0.00    0.00    0.00    1.00    14  postgres
05:33:00 PM 100998   3032796    1.00    0.00    0.00    0.00    1.00    14  postgres
05:33:00 PM 100998   3032798    0.00    0.00    0.00    0.00    0.00    14  postgres
05:33:00 PM 100998   3032799    0.00    0.00    0.00    0.00    0.00    14  postgres
05:33:00 PM 100998   3032800    0.00    0.00    0.00    0.00    0.00    12  postgres
05:33:00 PM 100998   3032801    1.00    0.00    0.00    0.00    1.00    12  postgres
05:33:00 PM 100998   3032802    1.00    0.00    0.00    0.00    1.00    12  postgres
05:33:00 PM 100998   3032803    0.00    0.00    0.00    0.00    0.00    10  postgres
05:33:00 PM 100998   3032804    0.00    0.00    0.00    0.00    0.00    10  postgres
05:33:00 PM 100998   3032807    0.00    0.00    0.00    0.00    0.00    10  postgres
05:33:00 PM 100998   3032809    1.00    0.00    0.00    0.00    1.00    14  postgres
05:33:00 PM 100998   3032811    0.00    0.00    0.00    0.00    0.00    12  postgres
05:33:00 PM 100998   3032813    0.00    0.00    0.00    0.00    0.00    14  postgres
05:33:00 PM 100998   3032818    0.00    0.00    0.00    0.00    0.00    14  postgres
05:33:00 PM 100998   3032847    0.00    0.00    0.00    0.00    0.00    10  postgres
05:33:00 PM 100998   3032851    0.00    0.00    0.00    0.00    0.00    12  postgres
05:33:00 PM 100998   3032871    0.00    0.00    0.00    0.00    0.00    10  postgres
05:33:00 PM 100998   3032922    0.00    0.00    0.00    0.00    0.00    14  postgres
05:33:00 PM 100998   3032972    0.00    0.00    0.00    0.00    0.00    14  postgres
05:33:00 PM 100998   3033023    1.00    0.00    0.00    0.00    1.00    10  postgres
05:33:00 PM 100998   3033066    0.00    0.00    0.00    0.00    0.00    12  postgres
05:33:00 PM 100998   3033081    1.00    0.00    0.00    0.00    1.00    14  postgres
05:33:00 PM 100998   3033082    0.00    0.00    0.00    0.00    0.00    12  postgres
05:33:00 PM 100998   3033083    0.00    0.00    0.00    0.00    0.00    12  postgres
05:33:00 PM 100998   3033084    1.00    0.00    0.00    0.00    1.00    12  postgres
05:33:00 PM 100998   3033085    0.00    0.00    0.00    0.00    0.00    10  postgres
05:33:00 PM 100998   3033086    0.00    0.00    0.00    0.00    0.00    14  postgres
05:33:00 PM 100998   3033087    0.00    0.00    0.00    0.00    0.00    14  postgres
05:33:00 PM 100998   3033090    0.00    0.00    0.00    0.00    0.00    10  postgres

05:33:00 PM   UID       PID    %usr %system  %guest   %wait    %CPU   CPU  Command
05:33:01 PM 100998   3032224    0.00    0.00    0.00    0.00    0.00    10  postgres
05:33:01 PM 100998   3032225    0.00    0.00    0.00    0.00    0.00    14  postgres
05:33:01 PM 100998   3032227    0.00    0.00    0.00    0.00    0.00    10  postgres
05:33:01 PM 100998   3032228    0.00    0.00    0.00    0.00    0.00    12  postgres
05:33:01 PM 100998   3032489    2.00    1.00    0.00    0.00    3.00    14  postgres
05:33:01 PM 100998   3032493    1.00    1.00    0.00    0.00    2.00    12  postgres
05:33:01 PM 100998   3032494    0.00    1.00    0.00    0.00    1.00    10  postgres
05:33:01 PM 100998   3032495    1.00    1.00    0.00    0.00    2.00    14  postgres
05:33:01 PM 100998   3032496    1.00    1.00    0.00    0.00    2.00    10  postgres
05:33:01 PM 100998   3032497    0.00    0.00    0.00    0.00    0.00    12  postgres
05:33:01 PM 100998   3032499    1.00    0.00    0.00    0.00    1.00    10  postgres
05:33:01 PM 100998   3032502    1.00    0.00    0.00    0.00    1.00    14  postgres
05:33:01 PM 100998   3032518    0.00    1.00    0.00    0.00    1.00    12  postgres
05:33:01 PM 100998   3032520    1.00    1.00    0.00    0.00    2.00    10  postgres
05:33:01 PM 100998   3032521    1.00    1.00    0.00    0.00    2.00    12  postgres
05:33:01 PM 100998   3032523    1.00    0.00    0.00    0.00    1.00    12  postgres
05:33:01 PM 100998   3032525    0.00    0.00    0.00    0.00    0.00    10  postgres
05:33:01 PM 100998   3032530    1.00    0.00    0.00    0.00    1.00    10  postgres
05:33:01 PM 100998   3032539    0.00    0.00    0.00    0.00    0.00    12  postgres
05:33:01 PM 100998   3032560    0.00    1.00    0.00    0.00    1.00    14  postgres
05:33:01 PM 100998   3032564    0.00    0.00    0.00    0.00    0.00    14  postgres
05:33:01 PM 100998   3032571    0.00    0.00    0.00    0.00    0.00    12  postgres
05:33:01 PM 100998   3032592    0.00    0.00    0.00    0.00    0.00    14  postgres
05:33:01 PM 100998   3032648    1.00    0.00    0.00    0.00    1.00    12  postgres
05:33:01 PM 100998   3032701    0.00    0.00    0.00    0.00    0.00    14  postgres
05:33:01 PM 100998   3032755    0.00    0.00    0.00    0.00    0.00    12  postgres
05:33:01 PM 100998   3032796    0.00    0.00    0.00    0.00    0.00    14  postgres
05:33:01 PM 100998   3032798    0.00    0.00    0.00    0.00    0.00    10  postgres
05:33:01 PM 100998   3032799    0.00    1.00    0.00    0.00    1.00    12  postgres
05:33:01 PM 100998   3032800    0.00    1.00    0.00    0.00    1.00    10  postgres
05:33:01 PM 100998   3032801    0.00    0.00    0.00    0.00    0.00    10  postgres
05:33:01 PM 100998   3032802    0.00    1.00    0.00    0.00    1.00    14  postgres
05:33:01 PM 100998   3032803    0.00    1.00    0.00    0.00    1.00    12  postgres
05:33:01 PM 100998   3032804    0.00    0.00    0.00    0.00    0.00    14  postgres
05:33:01 PM 100998   3032807    0.00    0.00    0.00    0.00    0.00    12  postgres
05:33:01 PM 100998   3032809    0.00    0.00    0.00    0.00    0.00    14  postgres
05:33:01 PM 100998   3032811    0.00    0.00    0.00    0.00    0.00    14  postgres
05:33:01 PM 100998   3032813    0.00    0.00    0.00    0.00    0.00    14  postgres
05:33:01 PM 100998   3032818    0.00    0.00    0.00    0.00    0.00    14  postgres
05:33:01 PM 100998   3032847    0.00    0.00    0.00    0.00    0.00    10  postgres
05:33:01 PM 100998   3032851    0.00    0.00    0.00    0.00    0.00    12  postgres
05:33:01 PM 100998   3032871    0.00    0.00    0.00    0.00    0.00    14  postgres
05:33:01 PM 100998   3032922    0.00    0.00    0.00    0.00    0.00    10  postgres
05:33:01 PM 100998   3032972    0.00    0.00    0.00    0.00    0.00    12  postgres
05:33:01 PM 100998   3033023    0.00    0.00    0.00    0.00    0.00    14  postgres
05:33:01 PM 100998   3033066    1.00    0.00    0.00    0.00    1.00    10  postgres
05:33:01 PM 100998   3033081    0.00    0.00    0.00    0.00    0.00    14  postgres
05:33:01 PM 100998   3033082    0.00    0.00    0.00    0.00    0.00    12  postgres
05:33:01 PM 100998   3033083    0.00    0.00    0.00    0.00    0.00    14  postgres
05:33:01 PM 100998   3033084    0.00    1.00    0.00    0.00    1.00    12  postgres
05:33:01 PM 100998   3033085    0.00    0.00    0.00    0.00    0.00    10  postgres
05:33:01 PM 100998   3033086    0.00    0.00    0.00    0.00    0.00    10  postgres
05:33:01 PM 100998   3033087    1.00    0.00    0.00    0.00    1.00    14  postgres
05:33:01 PM 100998   3033090    1.00    0.00    0.00    0.00    1.00    14  postgres

05:33:01 PM   UID       PID    %usr %system  %guest   %wait    %CPU   CPU  Command
05:33:02 PM 100998   3032224    0.00    0.00    0.00    0.00    0.00    10  postgres
05:33:02 PM 100998   3032225    0.00    0.00    0.00    0.00    0.00    14  postgres
05:33:02 PM 100998   3032227    0.00    0.00    0.00    0.00    0.00    10  postgres
05:33:02 PM 100998   3032228    0.00    0.00    0.00    0.00    0.00    12  postgres
05:33:02 PM 100998   3032489    1.00    0.00    0.00    0.00    1.00    10  postgres
05:33:02 PM 100998   3032493    1.00    0.00    0.00    0.00    1.00    14  postgres
05:33:02 PM 100998   3032494    1.00    1.00    0.00    0.00    2.00    12  postgres
05:33:02 PM 100998   3032495    1.00    0.00    0.00    0.00    1.00    12  postgres
05:33:02 PM 100998   3032496    1.00    0.00    0.00    0.00    1.00    10  postgres
05:33:02 PM 100998   3032497    1.00    1.00    0.00    0.00    2.00    12  postgres
05:33:02 PM 100998   3032499    0.00    1.00    0.00    0.00    1.00    10  postgres
05:33:02 PM 100998   3032502    0.00    0.00    0.00    0.00    0.00    14  postgres
05:33:02 PM 100998   3032518    1.00    0.00    0.00    0.00    1.00    14  postgres
05:33:02 PM 100998   3032520    0.00    0.00    0.00    0.00    0.00    10  postgres
05:33:02 PM 100998   3032521    1.00    0.00    0.00    0.00    1.00    10  postgres
05:33:02 PM 100998   3032523    0.00    1.00    0.00    0.00    1.00    12  postgres
05:33:02 PM 100998   3032525    1.00    0.00    0.00    0.00    1.00    12  postgres
05:33:02 PM 100998   3032530    1.00    0.00    0.00    0.00    1.00    10  postgres
05:33:02 PM 100998   3032539    0.00    0.00    0.00    0.00    0.00    14  postgres
05:33:02 PM 100998   3032560    0.00    0.00    0.00    0.00    0.00    10  postgres
05:33:02 PM 100998   3032564    1.00    0.00    0.00    0.00    1.00    10  postgres
05:33:02 PM 100998   3032571    1.00    0.00    0.00    0.00    1.00    14  postgres
05:33:02 PM 100998   3032592    0.00    0.00    0.00    0.00    0.00    10  postgres
05:33:02 PM 100998   3032648    0.00    0.00    0.00    0.00    0.00    12  postgres
05:33:02 PM 100998   3032701    0.00    0.00    0.00    0.00    0.00    14  postgres
05:33:02 PM 100998   3032755    1.00    1.00    0.00    0.00    2.00    12  postgres
05:33:02 PM 100998   3032796    0.00    0.00    0.00    0.00    0.00    14  postgres
05:33:02 PM 100998   3032798    0.00    0.00    0.00    0.00    0.00    10  postgres
05:33:02 PM 100998   3032799    1.00    0.00    0.00    0.00    1.00    12  postgres
05:33:02 PM 100998   3032800    0.00    0.00    0.00    0.00    0.00    14  postgres
05:33:02 PM 100998   3032801    0.00    0.00    0.00    0.00    0.00    10  postgres
05:33:02 PM 100998   3032802    0.00    0.00    0.00    0.00    0.00    14  postgres
05:33:02 PM 100998   3032803    1.00    0.00    0.00    0.00    1.00    10  postgres
05:33:02 PM 100998   3032804    0.00    0.00    0.00    0.00    0.00    10  postgres
05:33:02 PM 100998   3032807    0.00    0.00    0.00    0.00    0.00    12  postgres
05:33:02 PM 100998   3032809    0.00    0.00    0.00    0.00    0.00    14  postgres
05:33:02 PM 100998   3032811    1.00    0.00    0.00    0.00    1.00    10  postgres
05:33:02 PM 100998   3032813    0.00    0.00    0.00    0.00    0.00    14  postgres
05:33:02 PM 100998   3032818    0.00    0.00    0.00    0.00    0.00    14  postgres
05:33:02 PM 100998   3032847    0.00    0.00    0.00    0.00    0.00    10  postgres
05:33:02 PM 100998   3032851    0.00    0.00    0.00    0.00    0.00    14  postgres
05:33:02 PM 100998   3032871    0.00    0.00    0.00    0.00    0.00    10  postgres
05:33:02 PM 100998   3032922    0.00    0.00    0.00    0.00    0.00    12  postgres
05:33:02 PM 100998   3032972    0.00    0.00    0.00    0.00    0.00    14  postgres
05:33:02 PM 100998   3033023    0.00    0.00    0.00    0.00    0.00    12  postgres
05:33:02 PM 100998   3033066    0.00    0.00    0.00    0.00    0.00    10  postgres
05:33:02 PM 100998   3033081    0.00    0.00    0.00    0.00    0.00    14  postgres
05:33:02 PM 100998   3033082    0.00    0.00    0.00    0.00    0.00    14  postgres
05:33:02 PM 100998   3033083    0.00    1.00    0.00    0.00    1.00    10  postgres
05:33:02 PM 100998   3033084    0.00    0.00    0.00    0.00    0.00    14  postgres
05:33:02 PM 100998   3033085    0.00    1.00    0.00    0.00    1.00    12  postgres
05:33:02 PM 100998   3033086    1.00    0.00    0.00    0.00    1.00    12  postgres
05:33:02 PM 100998   3033087    0.00    0.00    0.00    0.00    0.00    12  postgres
05:33:02 PM 100998   3033090    0.00    0.00    0.00    0.00    0.00    12  postgres

05:33:02 PM   UID       PID    %usr %system  %guest   %wait    %CPU   CPU  Command
05:33:03 PM 100998   3032224    0.00    0.00    0.00    0.00    0.00    10  postgres
05:33:03 PM 100998   3032225    0.00    0.00    0.00    0.00    0.00    14  postgres
05:33:03 PM 100998   3032227    0.00    0.00    0.00    0.00    0.00    10  postgres
05:33:03 PM 100998   3032228    0.00    0.00    0.00    0.00    0.00    12  postgres
05:33:03 PM 100998   3032489    1.00    0.00    0.00    0.00    1.00    10  postgres
05:33:03 PM 100998   3032493    1.00    1.00    0.00    0.00    2.00    10  postgres
05:33:03 PM 100998   3032494    1.00    0.00    0.00    0.00    1.00    12  postgres
05:33:03 PM 100998   3032495    1.00    0.00    0.00    0.00    1.00    10  postgres
05:33:03 PM 100998   3032496    1.00    0.00    0.00    0.00    1.00    14  postgres
05:33:03 PM 100998   3032497    1.00    1.00    0.00    0.00    2.00    10  postgres
05:33:03 PM 100998   3032499    2.00    0.00    0.00    0.00    2.00    14  postgres
05:33:03 PM 100998   3032502    1.00    1.00    0.00    0.00    2.00    12  postgres
05:33:03 PM 100998   3032518    0.00    0.00    0.00    0.00    0.00    14  postgres
05:33:03 PM 100998   3032520    1.00    0.00    0.00    0.00    1.00    14  postgres
05:33:03 PM 100998   3032521    0.00    0.00    0.00    0.00    0.00    10  postgres
05:33:03 PM 100998   3032523    1.00    0.00    0.00    0.00    1.00    14  postgres
05:33:03 PM 100998   3032525    0.00    1.00    0.00    0.00    1.00    12  postgres
05:33:03 PM 100998   3032530    0.00    1.00    0.00    0.00    1.00    14  postgres
05:33:03 PM 100998   3032539    0.00    0.00    0.00    0.00    0.00    12  postgres
05:33:03 PM 100998   3032560    0.00    0.00    0.00    0.00    0.00    14  postgres
05:33:03 PM 100998   3032564    0.00    0.00    0.00    0.00    0.00    12  postgres
05:33:03 PM 100998   3032571    0.00    0.00    0.00    0.00    0.00    14  postgres
05:33:03 PM 100998   3032592    0.00    0.00    0.00    0.00    0.00    14  postgres
05:33:03 PM 100998   3032648    0.00    1.00    0.00    0.00    1.00    12  postgres
05:33:03 PM 100998   3032701    1.00    0.00    0.00    0.00    1.00    10  postgres
05:33:03 PM 100998   3032755    0.00    0.00    0.00    0.00    0.00    14  postgres
05:33:03 PM 100998   3032796    1.00    0.00    0.00    0.00    1.00    12  postgres
05:33:03 PM 100998   3032798    0.00    0.00    0.00    0.00    0.00    14  postgres
05:33:03 PM 100998   3032799    0.00    0.00    0.00    0.00    0.00    10  postgres
05:33:03 PM 100998   3032800    0.00    0.00    0.00    0.00    0.00    14  postgres
05:33:03 PM 100998   3032801    0.00    0.00    0.00    0.00    0.00    12  postgres
05:33:03 PM 100998   3032802    0.00    0.00    0.00    0.00    0.00    14  postgres
05:33:03 PM 100998   3032803    0.00    0.00    0.00    0.00    0.00    10  postgres
05:33:03 PM 100998   3032804    0.00    0.00    0.00    0.00    0.00    14  postgres
05:33:03 PM 100998   3032807    0.00    0.00    0.00    0.00    0.00    10  postgres
05:33:03 PM 100998   3032809    0.00    0.00    0.00    0.00    0.00    12  postgres
05:33:03 PM 100998   3032811    0.00    1.00    0.00    0.00    1.00    14  postgres
05:33:03 PM 100998   3032813    0.00    0.00    0.00    0.00    0.00    10  postgres
05:33:03 PM 100998   3032818    0.00    0.00    0.00    0.00    0.00    10  postgres
05:33:03 PM 100998   3032847    1.00    0.00    0.00    0.00    1.00    14  postgres
05:33:03 PM 100998   3032851    0.00    0.00    0.00    0.00    0.00    14  postgres
05:33:03 PM 100998   3032871    1.00    0.00    0.00    0.00    1.00    12  postgres
05:33:03 PM 100998   3032922    1.00    0.00    0.00    0.00    1.00    12  postgres
05:33:03 PM 100998   3032972    0.00    0.00    0.00    0.00    0.00    14  postgres
05:33:03 PM 100998   3033023    0.00    1.00    0.00    0.00    1.00    10  postgres
05:33:03 PM 100998   3033066    0.00    0.00    0.00    0.00    0.00    14  postgres
05:33:03 PM 100998   3033081    0.00    0.00    0.00    0.00    0.00    14  postgres
05:33:03 PM 100998   3033082    0.00    1.00    0.00    0.00    1.00    14  postgres
05:33:03 PM 100998   3033083    1.00    0.00    0.00    0.00    1.00    12  postgres
05:33:03 PM 100998   3033084    0.00    0.00    0.00    0.00    0.00    10  postgres
05:33:03 PM 100998   3033085    1.00    0.00    0.00    0.00    1.00    10  postgres
05:33:03 PM 100998   3033086    0.00    0.00    0.00    0.00    0.00    10  postgres
05:33:03 PM 100998   3033087    0.00    1.00    0.00    0.00    1.00    12  postgres
05:33:03 PM 100998   3033090    0.00    0.00    0.00    0.00    0.00    14  postgres

05:33:03 PM   UID       PID    %usr %system  %guest   %wait    %CPU   CPU  Command
05:33:04 PM 100998   3032224    0.00    0.00    0.00    0.00    0.00    10  postgres
05:33:04 PM 100998   3032225    0.00    0.00    0.00    0.00    0.00    14  postgres
05:33:04 PM 100998   3032227    0.00    0.00    0.00    0.00    0.00    10  postgres
05:33:04 PM 100998   3032228    0.00    0.00    0.00    0.00    0.00    12  postgres
05:33:04 PM 100998   3032489    0.00    1.00    0.00    0.00    1.00    10  postgres
05:33:04 PM 100998   3032493    1.00    0.00    0.00    0.00    1.00    10  postgres
05:33:04 PM 100998   3032494    1.00    1.00    0.00    0.00    2.00    14  postgres
05:33:04 PM 100998   3032495    0.00    1.00    0.00    0.00    1.00    10  postgres
05:33:04 PM 100998   3032496    1.00    1.00    0.00    0.00    2.00    14  postgres
05:33:04 PM 100998   3032497    1.00    0.00    0.00    0.00    1.00    10  postgres
05:33:04 PM 100998   3032499    0.00    0.00    0.00    0.00    0.00    10  postgres
05:33:04 PM 100998   3032502    0.00    0.00    0.00    0.00    0.00    14  postgres
05:33:04 PM 100998   3032518    1.00    1.00    0.00    0.00    2.00    14  postgres
05:33:04 PM 100998   3032520    0.00    0.00    0.00    0.00    0.00    10  postgres
05:33:04 PM 100998   3032521    1.00    0.00    0.00    0.00    1.00    10  postgres
05:33:04 PM 100998   3032523    0.00    0.00    0.00    0.00    0.00    14  postgres
05:33:04 PM 100998   3032525    1.00    0.00    0.00    0.00    1.00    12  postgres
05:33:04 PM 100998   3032530    1.00    0.00    0.00    0.00    1.00    14  postgres
05:33:04 PM 100998   3032539    1.00    0.00    0.00    0.00    1.00    12  postgres
05:33:04 PM 100998   3032560    1.00    0.00    0.00    0.00    1.00    10  postgres
05:33:04 PM 100998   3032564    0.00    0.00    0.00    0.00    0.00    12  postgres
05:33:04 PM 100998   3032571    1.00    0.00    0.00    0.00    1.00    14  postgres
05:33:04 PM 100998   3032592    0.00    0.00    0.00    0.00    0.00    14  postgres
05:33:04 PM 100998   3032648    0.00    0.00    0.00    0.00    0.00    12  postgres
05:33:04 PM 100998   3032701    0.00    1.00    0.00    0.00    1.00    10  postgres
05:33:04 PM 100998   3032755    0.00    0.00    0.00    0.00    0.00    12  postgres
05:33:04 PM 100998   3032796    0.00    1.00    0.00    0.00    1.00    12  postgres
05:33:04 PM 100998   3032798    0.00    0.00    0.00    0.00    0.00    10  postgres
05:33:04 PM 100998   3032799    0.00    0.00    0.00    0.00    0.00    12  postgres
05:33:04 PM 100998   3032800    0.00    0.00    0.00    0.00    0.00    12  postgres
05:33:04 PM 100998   3032801    1.00    1.00    0.00    0.00    2.00    14  postgres
05:33:04 PM 100998   3032802    1.00    0.00    0.00    0.00    1.00    14  postgres
05:33:04 PM 100998   3032803    0.00    0.00    0.00    0.00    0.00    10  postgres
05:33:04 PM 100998   3032804    1.00    0.00    0.00    0.00    1.00    14  postgres
05:33:04 PM 100998   3032807    0.00    1.00    0.00    0.00    1.00    14  postgres
05:33:04 PM 100998   3032809    0.00    0.00    0.00    0.00    0.00    14  postgres
05:33:04 PM 100998   3032811    0.00    0.00    0.00    0.00    0.00    10  postgres
05:33:04 PM 100998   3032813    1.00    0.00    0.00    0.00    1.00    12  postgres
05:33:04 PM 100998   3032818    0.00    0.00    0.00    0.00    0.00    10  postgres
05:33:04 PM 100998   3032847    0.00    0.00    0.00    0.00    0.00    12  postgres
05:33:04 PM 100998   3032851    0.00    0.00    0.00    0.00    0.00    12  postgres
05:33:04 PM 100998   3032871    0.00    0.00    0.00    0.00    0.00    12  postgres
05:33:04 PM 100998   3032922    0.00    1.00    0.00    0.00    1.00    14  postgres
05:33:04 PM 100998   3032972    0.00    0.00    0.00    0.00    0.00    12  postgres
05:33:04 PM 100998   3033023    0.00    0.00    0.00    0.00    0.00    10  postgres
05:33:04 PM 100998   3033066    0.00    1.00    0.00    0.00    1.00    14  postgres
05:33:04 PM 100998   3033081    0.00    0.00    0.00    0.00    0.00    14  postgres
05:33:04 PM 100998   3033082    0.00    0.00    0.00    0.00    0.00    14  postgres
05:33:04 PM 100998   3033083    0.00    0.00    0.00    0.00    0.00    12  postgres
05:33:04 PM 100998   3033084    0.00    0.00    0.00    0.00    0.00    10  postgres
05:33:04 PM 100998   3033085    0.00    0.00    0.00    0.00    0.00    10  postgres
05:33:04 PM 100998   3033086    0.00    0.00    0.00    0.00    0.00    12  postgres
05:33:04 PM 100998   3033087    0.00    0.00    0.00    0.00    0.00    14  postgres
05:33:04 PM 100998   3033090    0.00    0.00    0.00    0.00    0.00    14  postgres

05:33:04 PM   UID       PID    %usr %system  %guest   %wait    %CPU   CPU  Command
05:33:05 PM 100998   3032224    0.00    0.00    0.00    0.00    0.00    10  postgres
05:33:05 PM 100998   3032225    0.00    0.00    0.00    0.00    0.00    14  postgres
05:33:05 PM 100998   3032227    0.00    0.00    0.00    0.00    0.00    10  postgres
05:33:05 PM 100998   3032228    0.00    0.00    0.00    0.00    0.00    12  postgres
05:33:05 PM 100998   3032489    2.00    1.00    0.00    0.00    3.00    14  postgres
05:33:05 PM 100998   3032493    2.00    1.00    0.00    0.00    3.00    12  postgres
05:33:05 PM 100998   3032494    1.00    0.00    0.00    0.00    1.00    14  postgres
05:33:05 PM 100998   3032495    1.00    1.00    0.00    0.00    2.00    10  postgres
05:33:05 PM 100998   3032496    1.00    0.00    0.00    0.00    1.00    10  postgres
05:33:05 PM 100998   3032497    1.00    1.00    0.00    0.00    2.00    12  postgres
05:33:05 PM 100998   3032499    1.00    1.00    0.00    0.00    2.00    14  postgres
05:33:05 PM 100998   3032502    1.00    1.00    0.00    0.00    2.00    10  postgres
05:33:05 PM 100998   3032518    0.00    0.00    0.00    0.00    0.00    14  postgres
05:33:05 PM 100998   3032520    0.00    1.00    0.00    0.00    1.00    14  postgres
05:33:05 PM 100998   3032521    0.00    1.00    0.00    0.00    1.00    14  postgres
05:33:05 PM 100998   3032523    1.00    0.00    0.00    0.00    1.00    10  postgres
05:33:05 PM 100998   3032525    1.00    0.00    0.00    0.00    1.00    12  postgres
05:33:05 PM 100998   3032530    1.00    0.00    0.00    0.00    1.00    12  postgres
05:33:05 PM 100998   3032539    0.00    1.00    0.00    0.00    1.00    14  postgres
05:33:05 PM 100998   3032560    0.00    0.00    0.00    0.00    0.00    12  postgres
05:33:05 PM 100998   3032564    0.00    0.00    0.00    0.00    0.00    12  postgres
05:33:05 PM 100998   3032571    0.00    0.00    0.00    0.00    0.00    10  postgres
05:33:05 PM 100998   3032592    0.00    0.00    0.00    0.00    0.00    12  postgres
05:33:05 PM 100998   3032648    1.00    0.00    0.00    0.00    1.00    14  postgres
05:33:05 PM 100998   3032701    0.00    0.00    0.00    0.00    0.00    10  postgres
05:33:05 PM 100998   3032755    0.00    0.00    0.00    0.00    0.00    12  postgres
05:33:05 PM 100998   3032796    0.00    0.00    0.00    0.00    0.00    12  postgres
05:33:05 PM 100998   3032798    0.00    0.00    0.00    0.00    0.00    10  postgres
05:33:05 PM 100998   3032799    1.00    0.00    0.00    0.00    1.00    12  postgres
05:33:05 PM 100998   3032800    1.00    0.00    0.00    0.00    1.00    12  postgres
05:33:05 PM 100998   3032801    0.00    0.00    0.00    0.00    0.00    10  postgres
05:33:05 PM 100998   3032802    0.00    1.00    0.00    0.00    1.00    14  postgres
05:33:05 PM 100998   3032803    0.00    0.00    0.00    0.00    0.00    14  postgres
05:33:05 PM 100998   3032804    0.00    0.00    0.00    0.00    0.00    14  postgres
05:33:05 PM 100998   3032807    1.00    0.00    0.00    0.00    1.00    10  postgres
05:33:05 PM 100998   3032809    0.00    0.00    0.00    0.00    0.00    14  postgres
05:33:05 PM 100998   3032811    0.00    0.00    0.00    0.00    0.00    10  postgres
05:33:05 PM 100998   3032813    0.00    0.00    0.00    0.00    0.00    12  postgres
05:33:05 PM 100998   3032818    0.00    0.00    0.00    0.00    0.00    10  postgres
05:33:05 PM 100998   3032847    0.00    0.00    0.00    0.00    0.00    10  postgres
05:33:05 PM 100998   3032851    1.00    1.00    0.00    0.00    2.00    10  postgres
05:33:05 PM 100998   3032871    0.00    0.00    0.00    0.00    0.00    12  postgres
05:33:05 PM 100998   3032922    0.00    0.00    0.00    0.00    0.00    12  postgres
05:33:05 PM 100998   3032972    0.00    0.00    0.00    0.00    0.00    12  postgres
05:33:05 PM 100998   3033023    1.00    0.00    0.00    0.00    1.00    10  postgres
05:33:05 PM 100998   3033066    1.00    0.00    0.00    0.00    1.00    12  postgres
05:33:05 PM 100998   3033081    0.00    0.00    0.00    0.00    0.00    14  postgres
05:33:05 PM 100998   3033082    0.00    0.00    0.00    0.00    0.00    12  postgres
05:33:05 PM 100998   3033083    0.00    0.00    0.00    0.00    0.00    14  postgres
05:33:05 PM 100998   3033084    0.00    0.00    0.00    0.00    0.00    14  postgres
05:33:05 PM 100998   3033085    0.00    0.00    0.00    0.00    0.00    12  postgres
05:33:05 PM 100998   3033086    0.00    0.00    0.00    0.00    0.00    10  postgres
05:33:05 PM 100998   3033087    0.00    0.00    0.00    0.00    0.00    10  postgres
05:33:05 PM 100998   3033090    0.00    0.00    0.00    0.00    0.00    12  postgres

05:33:05 PM   UID       PID    %usr %system  %guest   %wait    %CPU   CPU  Command
05:33:06 PM 100998   3032224    0.00    0.00    0.00    0.00    0.00    10  postgres
05:33:06 PM 100998   3032225    0.00    0.00    0.00    0.00    0.00    14  postgres
05:33:06 PM 100998   3032227    0.00    0.00    0.00    0.00    0.00    10  postgres
05:33:06 PM 100998   3032228    0.00    0.00    0.00    0.00    0.00    12  postgres
05:33:06 PM 100998   3032489    1.00    1.00    0.00    0.00    2.00    12  postgres
05:33:06 PM 100998   3032493    1.00    1.00    0.00    0.00    2.00    10  postgres
05:33:06 PM 100998   3032494    1.00    1.00    0.00    0.00    2.00    12  postgres
05:33:06 PM 100998   3032495    1.00    0.00    0.00    0.00    1.00    14  postgres
05:33:06 PM 100998   3032496    0.00    0.00    0.00    0.00    0.00    14  postgres
05:33:06 PM 100998   3032497    1.00    0.00    0.00    0.00    1.00    12  postgres
05:33:06 PM 100998   3032499    1.00    0.00    0.00    0.00    1.00    14  postgres
05:33:06 PM 100998   3032502    0.00    0.00    0.00    0.00    0.00    10  postgres
05:33:06 PM 100998   3032518    1.00    0.00    0.00    0.00    1.00    14  postgres
05:33:06 PM 100998   3032520    1.00    0.00    0.00    0.00    1.00    12  postgres
05:33:06 PM 100998   3032521    0.00    0.00    0.00    0.00    0.00    10  postgres
05:33:06 PM 100998   3032523    0.00    1.00    0.00    0.00    1.00    12  postgres
05:33:06 PM 100998   3032525    0.00    0.00    0.00    0.00    0.00    10  postgres
05:33:06 PM 100998   3032530    0.00    0.00    0.00    0.00    0.00    12  postgres
05:33:06 PM 100998   3032539    2.00    0.00    0.00    0.00    2.00    12  postgres
05:33:06 PM 100998   3032560    0.00    0.00    0.00    0.00    0.00    10  postgres
05:33:06 PM 100998   3032564    0.00    1.00    0.00    0.00    1.00    12  postgres
05:33:06 PM 100998   3032571    0.00    1.00    0.00    0.00    1.00    10  postgres
05:33:06 PM 100998   3032592    1.00    1.00    0.00    0.00    2.00    12  postgres
05:33:06 PM 100998   3032648    0.00    0.00    0.00    0.00    0.00    10  postgres
05:33:06 PM 100998   3032701    1.00    0.00    0.00    0.00    1.00    14  postgres
05:33:06 PM 100998   3032755    1.00    0.00    0.00    0.00    1.00    12  postgres
05:33:06 PM 100998   3032796    0.00    0.00    0.00    0.00    0.00    10  postgres
05:33:06 PM 100998   3032798    0.00    0.00    0.00    0.00    0.00    10  postgres
05:33:06 PM 100998   3032799    0.00    0.00    0.00    0.00    0.00    12  postgres
05:33:06 PM 100998   3032800    0.00    0.00    0.00    0.00    0.00    14  postgres
05:33:06 PM 100998   3032801    0.00    0.00    0.00    0.00    0.00    10  postgres
05:33:06 PM 100998   3032802    0.00    0.00    0.00    0.00    0.00    14  postgres
05:33:06 PM 100998   3032803    0.00    0.00    0.00    0.00    0.00    10  postgres
05:33:06 PM 100998   3032804    0.00    1.00    0.00    0.00    1.00    10  postgres
05:33:06 PM 100998   3032807    0.00    0.00    0.00    0.00    0.00    10  postgres
05:33:06 PM 100998   3032809    1.00    1.00    0.00    0.00    2.00    10  postgres
05:33:06 PM 100998   3032811    1.00    0.00    0.00    0.00    1.00    14  postgres
05:33:06 PM 100998   3032813    0.00    0.00    0.00    0.00    0.00    14  postgres
05:33:06 PM 100998   3032818    0.00    1.00    0.00    0.00    1.00    14  postgres
05:33:06 PM 100998   3032847    0.00    0.00    0.00    0.00    0.00    14  postgres
05:33:06 PM 100998   3032851    0.00    0.00    0.00    0.00    0.00    10  postgres
05:33:06 PM 100998   3032871    0.00    1.00    0.00    0.00    1.00    12  postgres
05:33:06 PM 100998   3032922    1.00    0.00    0.00    0.00    1.00    12  postgres
05:33:06 PM 100998   3032972    1.00    0.00    0.00    0.00    1.00    14  postgres
05:33:06 PM 100998   3033023    0.00    0.00    0.00    0.00    0.00    10  postgres
05:33:06 PM 100998   3033066    0.00    0.00    0.00    0.00    0.00    14  postgres
05:33:06 PM 100998   3033081    1.00    0.00    0.00    0.00    1.00    10  postgres
05:33:06 PM 100998   3033082    0.00    0.00    0.00    0.00    0.00    14  postgres
05:33:06 PM 100998   3033083    0.00    0.00    0.00    0.00    0.00    14  postgres
05:33:06 PM 100998   3033084    1.00    0.00    0.00    0.00    1.00    12  postgres
05:33:06 PM 100998   3033085    0.00    0.00    0.00    0.00    0.00    14  postgres
05:33:06 PM 100998   3033086    0.00    0.00    0.00    0.00    0.00    12  postgres
05:33:06 PM 100998   3033087    0.00    0.00    0.00    0.00    0.00    12  postgres
05:33:06 PM 100998   3033090    0.00    0.00    0.00    0.00    0.00    14  postgres

05:33:06 PM   UID       PID    %usr %system  %guest   %wait    %CPU   CPU  Command
05:33:07 PM 100998   3032224    0.00    0.00    0.00    0.00    0.00    10  postgres
05:33:07 PM 100998   3032225    0.00    0.00    0.00    0.00    0.00    14  postgres
05:33:07 PM 100998   3032227    0.00    0.00    0.00    0.00    0.00    10  postgres
05:33:07 PM 100998   3032228    0.00    0.00    0.00    0.00    0.00    12  postgres
05:33:07 PM 100998   3032489    1.00    0.00    0.00    0.00    1.00    12  postgres
05:33:07 PM 100998   3032493    0.00    1.00    0.00    0.00    1.00    10  postgres
05:33:07 PM 100998   3032494    1.00    0.00    0.00    0.00    1.00    10  postgres
05:33:07 PM 100998   3032495    0.00    1.00    0.00    0.00    1.00    12  postgres
05:33:07 PM 100998   3032496    1.00    1.00    0.00    0.00    2.00    10  postgres
05:33:07 PM 100998   3032497    0.00    0.00    0.00    0.00    0.00    10  postgres
05:33:07 PM 100998   3032499    0.00    1.00    0.00    0.00    1.00    14  postgres
05:33:07 PM 100998   3032502    1.00    0.00    0.00    0.00    1.00    12  postgres
05:33:07 PM 100998   3032518    1.00    1.00    0.00    0.00    2.00    10  postgres
05:33:07 PM 100998   3032520    1.00    1.00    0.00    0.00    2.00    14  postgres
05:33:07 PM 100998   3032521    1.00    1.00    0.00    0.00    2.00    10  postgres
05:33:07 PM 100998   3032523    1.00    0.00    0.00    0.00    1.00    12  postgres
05:33:07 PM 100998   3032525    1.00    1.00    0.00    0.00    2.00    10  postgres
05:33:07 PM 100998   3032530    0.00    0.00    0.00    0.00    0.00    10  postgres
05:33:07 PM 100998   3032539    0.00    0.00    0.00    0.00    0.00    14  postgres
05:33:07 PM 100998   3032560    1.00    0.00    0.00    0.00    1.00    12  postgres
05:33:07 PM 100998   3032564    1.00    0.00    0.00    0.00    1.00    10  postgres
05:33:07 PM 100998   3032571    1.00    0.00    0.00    0.00    1.00    12  postgres
05:33:07 PM 100998   3032592    0.00    0.00    0.00    0.00    0.00    14  postgres
05:33:07 PM 100998   3032648    1.00    0.00    0.00    0.00    1.00    10  postgres
05:33:07 PM 100998   3032701    0.00    0.00    0.00    0.00    0.00    14  postgres
05:33:07 PM 100998   3032755    0.00    0.00    0.00    0.00    0.00    12  postgres
05:33:07 PM 100998   3032796    0.00    0.00    0.00    0.00    0.00    10  postgres
05:33:07 PM 100998   3032798    0.00    0.00    0.00    0.00    0.00    10  postgres
05:33:07 PM 100998   3032799    0.00    0.00    0.00    0.00    0.00    14  postgres
05:33:07 PM 100998   3032800    0.00    0.00    0.00    0.00    0.00    12  postgres
05:33:07 PM 100998   3032801    0.00    0.00    0.00    0.00    0.00    10  postgres
05:33:07 PM 100998   3032802    1.00    0.00    0.00    0.00    1.00    14  postgres
05:33:07 PM 100998   3032803    1.00    0.00    0.00    0.00    1.00    14  postgres
05:33:07 PM 100998   3032804    0.00    0.00    0.00    0.00    0.00    14  postgres
05:33:07 PM 100998   3032807    0.00    0.00    0.00    0.00    0.00    14  postgres
05:33:07 PM 100998   3032809    0.00    0.00    0.00    0.00    0.00    10  postgres
05:33:07 PM 100998   3032811    0.00    0.00    0.00    0.00    0.00    10  postgres
05:33:07 PM 100998   3032813    0.00    0.00    0.00    0.00    0.00    14  postgres
05:33:07 PM 100998   3032818    0.00    0.00    0.00    0.00    0.00    14  postgres
05:33:07 PM 100998   3032847    0.00    1.00    0.00    0.00    1.00    14  postgres
05:33:07 PM 100998   3032851    0.00    0.00    0.00    0.00    0.00    12  postgres
05:33:07 PM 100998   3032871    0.00    0.00    0.00    0.00    0.00    10  postgres
05:33:07 PM 100998   3032922    0.00    0.00    0.00    0.00    0.00    12  postgres
05:33:07 PM 100998   3032972    0.00    0.00    0.00    0.00    0.00    12  postgres
05:33:07 PM 100998   3033023    0.00    0.00    0.00    0.00    0.00    12  postgres
05:33:07 PM 100998   3033066    0.00    0.00    0.00    0.00    0.00    14  postgres
05:33:07 PM 100998   3033081    0.00    1.00    0.00    0.00    1.00    10  postgres
05:33:07 PM 100998   3033082    0.00    0.00    0.00    0.00    0.00    14  postgres
05:33:07 PM 100998   3033083    0.00    0.00    0.00    0.00    0.00    10  postgres
05:33:07 PM 100998   3033084    0.00    0.00    0.00    0.00    0.00    12  postgres
05:33:07 PM 100998   3033085    0.00    0.00    0.00    0.00    0.00    14  postgres
05:33:07 PM 100998   3033086    0.00    0.00    0.00    0.00    0.00    14  postgres
05:33:07 PM 100998   3033087    0.00    0.00    0.00    0.00    0.00    12  postgres
05:33:07 PM 100998   3033090    0.00    0.00    0.00    0.00    0.00    10  postgres

05:33:07 PM   UID       PID    %usr %system  %guest   %wait    %CPU   CPU  Command
05:33:08 PM 100998   3032224    0.00    0.00    0.00    0.00    0.00    10  postgres
05:33:08 PM 100998   3032225    0.00    0.00    0.00    0.00    0.00    14  postgres
05:33:08 PM 100998   3032227    0.00    0.00    0.00    0.00    0.00    10  postgres
05:33:08 PM 100998   3032228    0.00    0.00    0.00    0.00    0.00    12  postgres
05:33:08 PM 100998   3032489    1.00    1.00    0.00    0.00    2.00    10  postgres
05:33:08 PM 100998   3032493    1.00    0.00    0.00    0.00    1.00    14  postgres
05:33:08 PM 100998   3032494    0.00    1.00    0.00    0.00    1.00    10  postgres
05:33:08 PM 100998   3032495    0.00    0.00    0.00    0.00    0.00    12  postgres
05:33:08 PM 100998   3032496    1.00    0.00    0.00    0.00    1.00    14  postgres
05:33:08 PM 100998   3032497    1.00    0.00    0.00    0.00    1.00    10  postgres
05:33:08 PM 100998   3032499    1.00    0.00    0.00    0.00    1.00    14  postgres
05:33:08 PM 100998   3032502    1.00    1.00    0.00    0.00    2.00    12  postgres
05:33:08 PM 100998   3032518    0.00    0.00    0.00    0.00    0.00    10  postgres
05:33:08 PM 100998   3032520    0.00    0.00    0.00    0.00    0.00    10  postgres
05:33:08 PM 100998   3032521    0.00    0.00    0.00    0.00    0.00    14  postgres
05:33:08 PM 100998   3032523    0.00    0.00    0.00    0.00    0.00    14  postgres
05:33:08 PM 100998   3032525    0.00    0.00    0.00    0.00    0.00    12  postgres
05:33:08 PM 100998   3032530    0.00    0.00    0.00    0.00    0.00    10  postgres
05:33:08 PM 100998   3032539    1.00    0.00    0.00    0.00    1.00    14  postgres
05:33:08 PM 100998   3032560    1.00    0.00    0.00    0.00    1.00    10  postgres
05:33:08 PM 100998   3032564    0.00    0.00    0.00    0.00    0.00    12  postgres
05:33:08 PM 100998   3032571    0.00    0.00    0.00    0.00    0.00    14  postgres
05:33:08 PM 100998   3032592    0.00    0.00    0.00    0.00    0.00    10  postgres
05:33:08 PM 100998   3032648    0.00    0.00    0.00    0.00    0.00    12  postgres
05:33:08 PM 100998   3032701    0.00    0.00    0.00    0.00    0.00    14  postgres
05:33:08 PM 100998   3032755    0.00    0.00    0.00    0.00    0.00    14  postgres
05:33:08 PM 100998   3032796    1.00    0.00    0.00    0.00    1.00    10  postgres
05:33:08 PM 100998   3032798    1.00    1.00    0.00    0.00    2.00    10  postgres
05:33:08 PM 100998   3032799    1.00    1.00    0.00    0.00    2.00    14  postgres
05:33:08 PM 100998   3032800    1.00    0.00    0.00    0.00    1.00    10  postgres
05:33:08 PM 100998   3032801    1.00    0.00    0.00    0.00    1.00    10  postgres
05:33:08 PM 100998   3032802    0.00    0.00    0.00    0.00    0.00    12  postgres
05:33:08 PM 100998   3032803    0.00    0.00    0.00    0.00    0.00    12  postgres
05:33:08 PM 100998   3032804    0.00    0.00    0.00    0.00    0.00    14  postgres
05:33:08 PM 100998   3032807    0.00    0.00    0.00    0.00    0.00    12  postgres
05:33:08 PM 100998   3032809    0.00    0.00    0.00    0.00    0.00    14  postgres
05:33:08 PM 100998   3032811    0.00    0.00    0.00    0.00    0.00    10  postgres
05:33:08 PM 100998   3032813    0.00    1.00    0.00    0.00    1.00    14  postgres
05:33:08 PM 100998   3032818    1.00    0.00    0.00    0.00    1.00    10  postgres
05:33:08 PM 100998   3032847    1.00    0.00    0.00    0.00    1.00    14  postgres
05:33:08 PM 100998   3032851    1.00    0.00    0.00    0.00    1.00    12  postgres
05:33:08 PM 100998   3032871    0.00    0.00    0.00    0.00    0.00    12  postgres
05:33:08 PM 100998   3032922    0.00    0.00    0.00    0.00    0.00    12  postgres
05:33:08 PM 100998   3032972    0.00    0.00    0.00    0.00    0.00    12  postgres
05:33:08 PM 100998   3033023    0.00    0.00    0.00    0.00    0.00    12  postgres
05:33:08 PM 100998   3033066    0.00    0.00    0.00    0.00    0.00    10  postgres
05:33:08 PM 100998   3033081    0.00    0.00    0.00    0.00    0.00    10  postgres
05:33:08 PM 100998   3033082    0.00    0.00    0.00    0.00    0.00    10  postgres
05:33:08 PM 100998   3033083    0.00    0.00    0.00    0.00    0.00    10  postgres
05:33:08 PM 100998   3033084    0.00    0.00    0.00    0.00    0.00    12  postgres
05:33:08 PM 100998   3033085    0.00    0.00    0.00    0.00    0.00    12  postgres
05:33:08 PM 100998   3033086    1.00    0.00    0.00    0.00    1.00    14  postgres
05:33:08 PM 100998   3033087    0.00    0.00    0.00    0.00    0.00    12  postgres
05:33:08 PM 100998   3033090    1.00    0.00    0.00    0.00    1.00    14  postgres

05:33:08 PM   UID       PID    %usr %system  %guest   %wait    %CPU   CPU  Command
05:33:09 PM 100998   3032224    0.00    0.00    0.00    0.00    0.00    10  postgres
05:33:09 PM 100998   3032225    0.00    0.00    0.00    0.00    0.00    14  postgres
05:33:09 PM 100998   3032227    0.00    0.00    0.00    0.00    0.00    10  postgres
05:33:09 PM 100998   3032228    0.00    0.00    0.00    0.00    0.00    12  postgres
05:33:09 PM 100998   3032489    0.00    1.00    0.00    0.00    1.00    12  postgres
05:33:09 PM 100998   3032493    1.00    1.00    0.00    0.00    2.00    14  postgres
05:33:09 PM 100998   3032494    1.00    0.00    0.00    0.00    1.00    14  postgres
05:33:09 PM 100998   3032495    1.00    1.00    0.00    0.00    2.00    12  postgres
05:33:09 PM 100998   3032496    1.00    1.00    0.00    0.00    2.00    14  postgres
05:33:09 PM 100998   3032497    0.00    1.00    0.00    0.00    1.00    12  postgres
05:33:09 PM 100998   3032499    0.00    0.00    0.00    0.00    0.00    10  postgres
05:33:09 PM 100998   3032502    1.00    0.00    0.00    0.00    1.00    10  postgres
05:33:09 PM 100998   3032518    1.00    0.00    0.00    0.00    1.00    14  postgres
05:33:09 PM 100998   3032520    1.00    0.00    0.00    0.00    1.00    12  postgres
05:33:09 PM 100998   3032521    1.00    0.00    0.00    0.00    1.00    10  postgres
05:33:09 PM 100998   3032523    1.00    0.00    0.00    0.00    1.00    14  postgres
05:33:09 PM 100998   3032525    1.00    0.00    0.00    0.00    1.00    12  postgres
05:33:09 PM 100998   3032530    1.00    0.00    0.00    0.00    1.00    14  postgres
05:33:09 PM 100998   3032539    0.00    0.00    0.00    1.00    0.00    12  postgres
05:33:09 PM 100998   3032560    0.00    0.00    0.00    0.00    0.00    14  postgres
05:33:09 PM 100998   3032564    1.00    0.00    0.00    0.00    1.00    12  postgres
05:33:09 PM 100998   3032571    0.00    0.00    0.00    0.00    0.00    14  postgres
05:33:09 PM 100998   3032592    1.00    0.00    0.00    0.00    1.00    12  postgres
05:33:09 PM 100998   3032648    0.00    1.00    0.00    0.00    1.00    12  postgres
05:33:09 PM 100998   3032701    1.00    0.00    0.00    0.00    1.00    10  postgres
05:33:09 PM 100998   3032755    1.00    0.00    0.00    0.00    1.00    10  postgres
05:33:09 PM 100998   3032796    0.00    0.00    0.00    0.00    0.00    14  postgres
05:33:09 PM 100998   3032798    0.00    0.00    0.00    0.00    0.00    14  postgres
05:33:09 PM 100998   3032799    0.00    0.00    0.00    0.00    0.00    10  postgres
05:33:09 PM 100998   3032800    0.00    0.00    0.00    0.00    0.00    12  postgres
05:33:09 PM 100998   3032801    0.00    0.00    0.00    0.00    0.00    14  postgres
05:33:09 PM 100998   3032802    0.00    0.00    0.00    0.00    0.00    10  postgres
05:33:09 PM 100998   3032803    0.00    0.00    0.00    0.00    0.00    14  postgres
05:33:09 PM 100998   3032804    1.00    0.00    0.00    0.00    1.00    10  postgres
05:33:09 PM 100998   3032807    0.00    0.00    0.00    0.00    0.00    10  postgres
05:33:09 PM 100998   3032809    0.00    0.00    0.00    0.00    0.00    10  postgres
05:33:09 PM 100998   3032811    1.00    0.00    0.00    0.00    1.00    14  postgres
05:33:09 PM 100998   3032813    0.00    0.00    0.00    0.00    0.00    12  postgres
05:33:09 PM 100998   3032818    0.00    0.00    0.00    0.00    0.00    10  postgres
05:33:09 PM 100998   3032847    0.00    0.00    0.00    0.00    0.00    14  postgres
05:33:09 PM 100998   3032851    0.00    0.00    0.00    0.00    0.00    12  postgres
05:33:09 PM 100998   3032871    1.00    0.00    0.00    0.00    1.00    14  postgres
05:33:09 PM 100998   3032922    0.00    0.00    0.00    0.00    0.00    12  postgres
05:33:09 PM 100998   3032972    0.00    0.00    0.00    0.00    0.00    12  postgres
05:33:09 PM 100998   3033023    0.00    0.00    0.00    0.00    0.00    10  postgres
05:33:09 PM 100998   3033066    1.00    0.00    0.00    0.00    1.00    14  postgres
05:33:09 PM 100998   3033081    0.00    0.00    0.00    0.00    0.00    10  postgres
05:33:09 PM 100998   3033082    1.00    0.00    0.00    0.00    1.00    12  postgres
05:33:09 PM 100998   3033083    0.00    0.00    0.00    0.00    0.00    10  postgres
05:33:09 PM 100998   3033084    0.00    1.00    0.00    0.00    1.00    12  postgres
05:33:09 PM 100998   3033085    1.00    0.00    0.00    0.00    1.00    12  postgres
05:33:09 PM 100998   3033086    0.00    1.00    0.00    0.00    1.00    14  postgres
05:33:09 PM 100998   3033087    1.00    0.00    0.00    0.00    1.00    10  postgres
05:33:09 PM 100998   3033090    0.00    1.00    0.00    0.00    1.00    12  postgres

05:33:09 PM   UID       PID    %usr %system  %guest   %wait    %CPU   CPU  Command
05:33:10 PM 100998   3032224    0.00    0.00    0.00    0.00    0.00    10  postgres
05:33:10 PM 100998   3032225    0.00    0.00    0.00    0.00    0.00    14  postgres
05:33:10 PM 100998   3032227    0.00    0.00    0.00    0.00    0.00    10  postgres
05:33:10 PM 100998   3032228    0.00    0.00    0.00    0.00    0.00    12  postgres
05:33:10 PM 100998   3032489    2.00    0.00    0.00    0.00    2.00    14  postgres
05:33:10 PM 100998   3032493    2.00    0.00    0.00    0.00    2.00    10  postgres
05:33:10 PM 100998   3032494    1.00    0.00    0.00    0.00    1.00    12  postgres
05:33:10 PM 100998   3032495    1.00    0.00    0.00    0.00    1.00    14  postgres
05:33:10 PM 100998   3032496    1.00    0.00    0.00    0.00    1.00    12  postgres
05:33:10 PM 100998   3032497    1.00    0.00    0.00    0.00    1.00    14  postgres
05:33:10 PM 100998   3032499    1.00    0.00    0.00    0.00    1.00    12  postgres
05:33:10 PM 100998   3032502    0.00    0.00    0.00    0.00    0.00    14  postgres
05:33:10 PM 100998   3032518    0.00    1.00    0.00    0.00    1.00    12  postgres
05:33:10 PM 100998   3032520    0.00    1.00    0.00    0.00    1.00    14  postgres
05:33:10 PM 100998   3032521    0.00    0.00    0.00    0.00    0.00    12  postgres
05:33:10 PM 100998   3032523    0.00    0.00    0.00    0.00    0.00    12  postgres
05:33:10 PM 100998   3032525    0.00    1.00    0.00    0.00    1.00    12  postgres
05:33:10 PM 100998   3032530    0.00    1.00    0.00    0.00    1.00    10  postgres
05:33:10 PM 100998   3032539    1.00    0.00    0.00    0.00    1.00    12  postgres
05:33:10 PM 100998   3032560    1.00    1.00    0.00    0.00    2.00    14  postgres
05:33:10 PM 100998   3032564    1.00    1.00    0.00    0.00    2.00    14  postgres
05:33:10 PM 100998   3032571    1.00    0.00    0.00    0.00    1.00    10  postgres
05:33:10 PM 100998   3032592    0.00    1.00    0.00    0.00    1.00    12  postgres
05:33:10 PM 100998   3032648    1.00    0.00    0.00    0.00    1.00    10  postgres
05:33:10 PM 100998   3032701    0.00    0.00    0.00    0.00    0.00    12  postgres
05:33:10 PM 100998   3032755    0.00    0.00    0.00    0.00    0.00    14  postgres
05:33:10 PM 100998   3032796    0.00    0.00    0.00    0.00    0.00    10  postgres
05:33:10 PM 100998   3032798    0.00    0.00    0.00    0.00    0.00    10  postgres
05:33:10 PM 100998   3032799    0.00    0.00    0.00    0.00    0.00    10  postgres
05:33:10 PM 100998   3032800    0.00    0.00    0.00    0.00    0.00    12  postgres
05:33:10 PM 100998   3032801    1.00    0.00    0.00    0.00    1.00    14  postgres
05:33:10 PM 100998   3032802    1.00    0.00    0.00    0.00    1.00    14  postgres
05:33:10 PM 100998   3032803    1.00    1.00    0.00    0.00    2.00    10  postgres
05:33:10 PM 100998   3032804    0.00    0.00    0.00    0.00    0.00    14  postgres
05:33:10 PM 100998   3032807    0.00    0.00    0.00    0.00    0.00    14  postgres
05:33:10 PM 100998   3032809    1.00    0.00    0.00    0.00    1.00    14  postgres
05:33:10 PM 100998   3032811    0.00    0.00    0.00    0.00    0.00    14  postgres
05:33:10 PM 100998   3032813    0.00    0.00    0.00    0.00    0.00    14  postgres
05:33:10 PM 100998   3032818    0.00    0.00    0.00    0.00    0.00    12  postgres
05:33:10 PM 100998   3032847    0.00    0.00    0.00    0.00    0.00    10  postgres
05:33:10 PM 100998   3032851    0.00    0.00    0.00    0.00    0.00    10  postgres
05:33:10 PM 100998   3032871    0.00    0.00    0.00    0.00    0.00    14  postgres
05:33:10 PM 100998   3032922    0.00    0.00    0.00    0.00    0.00    14  postgres
05:33:10 PM 100998   3032972    0.00    0.00    0.00    0.00    0.00    10  postgres
05:33:10 PM 100998   3033023    0.00    0.00    0.00    0.00    0.00    12  postgres
05:33:10 PM 100998   3033066    0.00    0.00    0.00    0.00    0.00    12  postgres
05:33:10 PM 100998   3033081    0.00    0.00    0.00    0.00    0.00    10  postgres
05:33:10 PM 100998   3033082    0.00    0.00    0.00    0.00    0.00    12  postgres
05:33:10 PM 100998   3033083    0.00    0.00    0.00    0.00    0.00    12  postgres
05:33:10 PM 100998   3033084    0.00    0.00    0.00    0.00    0.00    14  postgres
05:33:10 PM 100998   3033085    0.00    0.00    0.00    0.00    0.00    12  postgres
05:33:10 PM 100998   3033086    0.00    0.00    0.00    0.00    0.00    14  postgres
05:33:10 PM 100998   3033087    0.00    0.00    0.00    0.00    0.00    14  postgres
05:33:10 PM 100998   3033090    0.00    0.00    0.00    0.00    0.00    14  postgres

05:33:10 PM   UID       PID    %usr %system  %guest   %wait    %CPU   CPU  Command
05:33:11 PM 100998   3032224    0.00    0.00    0.00    0.00    0.00    10  postgres
05:33:11 PM 100998   3032225    0.00    0.00    0.00    0.00    0.00    14  postgres
05:33:11 PM 100998   3032227    0.00    0.00    0.00    0.00    0.00    10  postgres
05:33:11 PM 100998   3032228    0.00    0.00    0.00    0.00    0.00    12  postgres
05:33:11 PM 100998   3032489    1.00    0.00    0.00    0.00    1.00    10  postgres
05:33:11 PM 100998   3032493    1.00    0.00    0.00    0.00    1.00    14  postgres
05:33:11 PM 100998   3032494    1.00    1.00    0.00    0.00    2.00    14  postgres
05:33:11 PM 100998   3032495    0.00    1.00    0.00    0.00    1.00    10  postgres
05:33:11 PM 100998   3032496    1.00    0.00    0.00    0.00    1.00    10  postgres
05:33:11 PM 100998   3032497    0.00    1.00    0.00    0.00    1.00    10  postgres
05:33:11 PM 100998   3032499    0.00    1.00    0.00    0.00    1.00    14  postgres
05:33:11 PM 100998   3032502    1.00    1.00    0.00    0.00    2.00    10  postgres
05:33:11 PM 100998   3032518    0.00    0.00    0.00    0.00    0.00    14  postgres
05:33:11 PM 100998   3032520    1.00    0.00    0.00    0.00    1.00    10  postgres
05:33:11 PM 100998   3032521    0.00    0.00    0.00    0.00    0.00    12  postgres
05:33:11 PM 100998   3032523    1.00    0.00    0.00    0.00    1.00    12  postgres
05:33:11 PM 100998   3032525    1.00    0.00    0.00    0.00    1.00    14  postgres
05:33:11 PM 100998   3032530    0.00    0.00    0.00    0.00    0.00    10  postgres
05:33:11 PM 100998   3032539    0.00    0.00    0.00    0.00    0.00    12  postgres
05:33:11 PM 100998   3032560    0.00    0.00    0.00    0.00    0.00    12  postgres
05:33:11 PM 100998   3032564    0.00    0.00    0.00    0.00    0.00    10  postgres
05:33:11 PM 100998   3032571    0.00    0.00    0.00    0.00    0.00    12  postgres
05:33:11 PM 100998   3032592    0.00    0.00    0.00    0.00    0.00    10  postgres
05:33:11 PM 100998   3032648    0.00    0.00    0.00    0.00    0.00    10  postgres
05:33:11 PM 100998   3032701    0.00    0.00    0.00    0.00    0.00    14  postgres
05:33:11 PM 100998   3032755    0.00    0.00    0.00    0.00    0.00    12  postgres
05:33:11 PM 100998   3032796    0.00    0.00    0.00    0.00    0.00    12  postgres
05:33:11 PM 100998   3032798    0.00    0.00    0.00    0.00    0.00    14  postgres
05:33:11 PM 100998   3032799    0.00    0.00    0.00    0.00    0.00    12  postgres
05:33:11 PM 100998   3032800    1.00    1.00    0.00    0.00    2.00    12  postgres
05:33:11 PM 100998   3032801    0.00    0.00    0.00    0.00    0.00    10  postgres
05:33:11 PM 100998   3032802    0.00    1.00    0.00    0.00    1.00    14  postgres
05:33:11 PM 100998   3032803    0.00    0.00    0.00    0.00    0.00    12  postgres
05:33:11 PM 100998   3032804    0.00    0.00    0.00    0.00    0.00    14  postgres
05:33:11 PM 100998   3032807    0.00    0.00    0.00    0.00    0.00    14  postgres
05:33:11 PM 100998   3032809    0.00    0.00    0.00    0.00    0.00    14  postgres
05:33:11 PM 100998   3032811    0.00    0.00    0.00    0.00    0.00    14  postgres
05:33:11 PM 100998   3032813    1.00    0.00    0.00    0.00    1.00    14  postgres
05:33:11 PM 100998   3032818    0.00    0.00    0.00    0.00    0.00    10  postgres
05:33:11 PM 100998   3032847    1.00    0.00    0.00    0.00    1.00    14  postgres
05:33:11 PM 100998   3032851    0.00    0.00    0.00    0.00    0.00    12  postgres
05:33:11 PM 100998   3032871    0.00    0.00    0.00    0.00    0.00    12  postgres
05:33:11 PM 100998   3032922    0.00    0.00    0.00    0.00    0.00    12  postgres
05:33:11 PM 100998   3032972    1.00    0.00    0.00    0.00    1.00    10  postgres
05:33:11 PM 100998   3033023    1.00    1.00    0.00    0.00    2.00    14  postgres
05:33:11 PM 100998   3033066    0.00    0.00    0.00    0.00    0.00    12  postgres
05:33:11 PM 100998   3033081    0.00    0.00    0.00    0.00    0.00    10  postgres
05:33:11 PM 100998   3033082    0.00    0.00    0.00    0.00    0.00    14  postgres
05:33:11 PM 100998   3033083    0.00    0.00    0.00    0.00    0.00    12  postgres
05:33:11 PM 100998   3033084    0.00    0.00    0.00    0.00    0.00    14  postgres
05:33:11 PM 100998   3033085    0.00    0.00    0.00    0.00    0.00    12  postgres
05:33:11 PM 100998   3033086    0.00    0.00    0.00    0.00    0.00    14  postgres
05:33:11 PM 100998   3033087    0.00    0.00    0.00    0.00    0.00    10  postgres
05:33:11 PM 100998   3033090    0.00    0.00    0.00    0.00    0.00    14  postgres

05:33:11 PM   UID       PID    %usr %system  %guest   %wait    %CPU   CPU  Command
05:33:12 PM 100998   3032224    0.00    0.00    0.00    0.00    0.00    10  postgres
05:33:12 PM 100998   3032225    0.00    0.00    0.00    0.00    0.00    14  postgres
05:33:12 PM 100998   3032227    0.00    0.00    0.00    0.00    0.00    10  postgres
05:33:12 PM 100998   3032228    0.00    0.00    0.00    0.00    0.00    12  postgres
05:33:12 PM 100998   3032489    0.00    0.00    0.00    0.00    0.00    10  postgres
05:33:12 PM 100998   3032493    0.00    0.00    0.00    0.00    0.00    14  postgres
05:33:12 PM 100998   3032494    0.00    0.00    0.00    0.00    0.00    14  postgres
05:33:12 PM 100998   3032495    1.00    0.00    0.00    0.00    1.00    14  postgres
05:33:12 PM 100998   3032496    0.00    0.00    0.00    0.00    0.00    12  postgres
05:33:12 PM 100998   3032497    0.00    0.00    0.00    0.00    0.00    10  postgres
05:33:12 PM 100998   3032499    0.00    0.00    0.00    0.00    0.00    12  postgres
05:33:12 PM 100998   3032502    0.00    0.00    0.00    0.00    0.00    12  postgres
05:33:12 PM 100998   3032518    0.00    0.00    0.00    0.00    0.00    14  postgres
05:33:12 PM 100998   3032520    0.00    0.00    0.00    0.00    0.00    12  postgres
05:33:12 PM 100998   3032521    0.00    0.00    0.00    0.00    0.00    12  postgres
05:33:12 PM 100998   3032523    0.00    0.00    0.00    0.00    0.00    12  postgres
05:33:12 PM 100998   3032525    0.00    0.00    0.00    0.00    0.00    14  postgres
05:33:12 PM 100998   3032530    0.00    0.00    0.00    0.00    0.00    10  postgres
05:33:12 PM 100998   3032539    0.00    1.00    0.00    0.00    1.00    14  postgres
05:33:12 PM 100998   3032560    0.00    0.00    0.00    0.00    0.00    12  postgres
05:33:12 PM 100998   3032564    0.00    0.00    0.00    0.00    0.00    12  postgres
05:33:12 PM 100998   3032571    0.00    0.00    0.00    0.00    0.00    12  postgres
05:33:12 PM 100998   3032592    0.00    0.00    0.00    0.00    0.00    10  postgres
05:33:12 PM 100998   3032648    0.00    0.00    0.00    0.00    0.00    10  postgres
05:33:12 PM 100998   3032701    0.00    0.00    0.00    0.00    0.00    14  postgres
05:33:12 PM 100998   3032755    0.00    0.00    0.00    0.00    0.00    12  postgres
05:33:12 PM 100998   3032796    0.00    0.00    0.00    0.00    0.00    12  postgres
05:33:12 PM 100998   3032798    0.00    0.00    0.00    0.00    0.00    14  postgres
05:33:12 PM 100998   3032799    0.00    0.00    0.00    0.00    0.00    12  postgres
05:33:12 PM 100998   3032800    0.00    0.00    0.00    0.00    0.00    12  postgres
05:33:12 PM 100998   3032801    0.00    0.00    0.00    0.00    0.00    10  postgres
05:33:12 PM 100998   3032802    0.00    0.00    0.00    0.00    0.00    14  postgres
05:33:12 PM 100998   3032803    0.00    0.00    0.00    0.00    0.00    12  postgres
05:33:12 PM 100998   3032804    0.00    0.00    0.00    0.00    0.00    14  postgres
05:33:12 PM 100998   3032807    0.00    0.00    0.00    0.00    0.00    14  postgres
05:33:12 PM 100998   3032809    0.00    0.00    0.00    0.00    0.00    14  postgres
05:33:12 PM 100998   3032811    0.00    0.00    0.00    0.00    0.00    10  postgres
05:33:12 PM 100998   3032813    0.00    0.00    0.00    0.00    0.00    12  postgres
05:33:12 PM 100998   3032818    0.00    0.00    0.00    0.00    0.00    10  postgres
05:33:12 PM 100998   3032847    0.00    0.00    0.00    0.00    0.00    14  postgres
05:33:12 PM 100998   3032851    0.00    0.00    0.00    0.00    0.00    14  postgres
05:33:12 PM 100998   3032871    0.00    0.00    0.00    0.00    0.00    12  postgres
05:33:12 PM 100998   3032922    0.00    0.00    0.00    0.00    0.00    12  postgres
05:33:12 PM 100998   3032972    0.00    0.00    0.00    0.00    0.00    10  postgres
05:33:12 PM 100998   3033023    0.00    0.00    0.00    0.00    0.00    14  postgres
05:33:12 PM 100998   3033066    0.00    0.00    0.00    0.00    0.00    12  postgres
05:33:12 PM 100998   3033081    0.00    0.00    0.00    0.00    0.00    10  postgres
05:33:12 PM 100998   3033082    0.00    0.00    0.00    0.00    0.00    14  postgres
05:33:12 PM 100998   3033083    0.00    0.00    0.00    0.00    0.00    12  postgres
05:33:12 PM 100998   3033084    0.00    0.00    0.00    0.00    0.00    12  postgres
05:33:12 PM 100998   3033085    0.00    0.00    0.00    0.00    0.00    12  postgres
05:33:12 PM 100998   3033086    0.00    0.00    0.00    0.00    0.00    14  postgres
05:33:12 PM 100998   3033087    0.00    0.00    0.00    0.00    0.00    14  postgres
05:33:12 PM 100998   3033090    0.00    0.00    0.00    0.00    0.00    14  postgres

05:33:12 PM   UID       PID    %usr %system  %guest   %wait    %CPU   CPU  Command
05:33:13 PM 100998   3032224    0.00    0.00    0.00    0.00    0.00    10  postgres
05:33:13 PM 100998   3032225    0.00    0.00    0.00    0.00    0.00    14  postgres
05:33:13 PM 100998   3032227    0.00    0.00    0.00    0.00    0.00    10  postgres
05:33:13 PM 100998   3032228    0.00    0.00    0.00    0.00    0.00    12  postgres
05:33:13 PM 100998   3032489    0.00    0.00    0.00    0.00    0.00    10  postgres
05:33:13 PM 100998   3032493    0.00    0.00    0.00    0.00    0.00    14  postgres
05:33:13 PM 100998   3032494    0.00    0.00    0.00    0.00    0.00    14  postgres
05:33:13 PM 100998   3032495    0.00    0.00    0.00    0.00    0.00    14  postgres
05:33:13 PM 100998   3032496    0.00    0.00    0.00    0.00    0.00    12  postgres
05:33:13 PM 100998   3032497    0.00    0.00    0.00    0.00    0.00    10  postgres
05:33:13 PM 100998   3032499    0.00    0.00    0.00    0.00    0.00    12  postgres
05:33:13 PM 100998   3032502    0.00    0.00    0.00    0.00    0.00    12  postgres
05:33:13 PM 100998   3032518    0.00    0.00    0.00    0.00    0.00    14  postgres
05:33:13 PM 100998   3032520    0.00    0.00    0.00    0.00    0.00    12  postgres
05:33:13 PM 100998   3032521    0.00    0.00    0.00    0.00    0.00    12  postgres
05:33:13 PM 100998   3032523    0.00    0.00    0.00    0.00    0.00    12  postgres
05:33:13 PM 100998   3032525    0.00    0.00    0.00    0.00    0.00    14  postgres
05:33:13 PM 100998   3032530    0.00    0.00    0.00    0.00    0.00    10  postgres
05:33:13 PM 100998   3032539    0.00    0.00    0.00    0.00    0.00    14  postgres
05:33:13 PM 100998   3032560    0.00    0.00    0.00    0.00    0.00    12  postgres
05:33:13 PM 100998   3032564    0.00    0.00    0.00    0.00    0.00    12  postgres
05:33:13 PM 100998   3032571    0.00    0.00    0.00    0.00    0.00    12  postgres
05:33:13 PM 100998   3032592    0.00    0.00    0.00    0.00    0.00    10  postgres
05:33:13 PM 100998   3032648    0.00    0.00    0.00    0.00    0.00    10  postgres
05:33:13 PM 100998   3032701    0.00    0.00    0.00    0.00    0.00    14  postgres
05:33:13 PM 100998   3032755    0.00    0.00    0.00    0.00    0.00    12  postgres
05:33:13 PM 100998   3032796    0.00    0.00    0.00    0.00    0.00    12  postgres
05:33:13 PM 100998   3032798    0.00    0.00    0.00    0.00    0.00    14  postgres
05:33:13 PM 100998   3032799    0.00    0.00    0.00    0.00    0.00    12  postgres
05:33:13 PM 100998   3032800    0.00    0.00    0.00    0.00    0.00    12  postgres
05:33:13 PM 100998   3032801    0.00    0.00    0.00    0.00    0.00    10  postgres
05:33:13 PM 100998   3032802    0.00    0.00    0.00    0.00    0.00    14  postgres
05:33:13 PM 100998   3032803    0.00    0.00    0.00    0.00    0.00    12  postgres
05:33:13 PM 100998   3032804    0.00    0.00    0.00    0.00    0.00    14  postgres
05:33:13 PM 100998   3032807    0.00    0.00    0.00    0.00    0.00    14  postgres
05:33:13 PM 100998   3032809    0.00    0.00    0.00    0.00    0.00    14  postgres
05:33:13 PM 100998   3032811    0.00    0.00    0.00    0.00    0.00    10  postgres
05:33:13 PM 100998   3032813    0.00    0.00    0.00    0.00    0.00    12  postgres
05:33:13 PM 100998   3032818    0.00    0.00    0.00    0.00    0.00    10  postgres
05:33:13 PM 100998   3032847    0.00    0.00    0.00    0.00    0.00    14  postgres
05:33:13 PM 100998   3032851    0.00    0.00    0.00    0.00    0.00    14  postgres
05:33:13 PM 100998   3032871    0.00    0.00    0.00    0.00    0.00    12  postgres
05:33:13 PM 100998   3032922    0.00    0.00    0.00    0.00    0.00    12  postgres
05:33:13 PM 100998   3032972    0.00    0.00    0.00    0.00    0.00    10  postgres
05:33:13 PM 100998   3033023    0.00    0.00    0.00    0.00    0.00    14  postgres
05:33:13 PM 100998   3033066    0.00    0.00    0.00    0.00    0.00    12  postgres
05:33:13 PM 100998   3033081    0.00    0.00    0.00    0.00    0.00    10  postgres
05:33:13 PM 100998   3033082    0.00    0.00    0.00    0.00    0.00    14  postgres
05:33:13 PM 100998   3033083    0.00    0.00    0.00    0.00    0.00    12  postgres
05:33:13 PM 100998   3033084    0.00    0.00    0.00    0.00    0.00    12  postgres
05:33:13 PM 100998   3033085    0.00    0.00    0.00    0.00    0.00    12  postgres
05:33:13 PM 100998   3033086    0.00    0.00    0.00    0.00    0.00    14  postgres
05:33:13 PM 100998   3033087    0.00    0.00    0.00    0.00    0.00    14  postgres
05:33:13 PM 100998   3033090    0.00    0.00    0.00    0.00    0.00    14  postgres

05:33:13 PM   UID       PID    %usr %system  %guest   %wait    %CPU   CPU  Command
05:33:14 PM 100998   3032224    0.00    0.00    0.00    0.00    0.00    10  postgres
05:33:14 PM 100998   3032225    0.00    0.00    0.00    0.00    0.00    14  postgres
05:33:14 PM 100998   3032227    0.00    0.00    0.00    0.00    0.00    10  postgres
05:33:14 PM 100998   3032228    0.00    0.00    0.00    0.00    0.00    12  postgres
05:33:14 PM 100998   3032489    0.00    0.00    0.00    0.00    0.00    10  postgres
05:33:14 PM 100998   3032493    0.00    0.00    0.00    0.00    0.00    14  postgres
05:33:14 PM 100998   3032494    0.00    0.00    0.00    0.00    0.00    14  postgres
05:33:14 PM 100998   3032495    0.00    0.00    0.00    0.00    0.00    14  postgres
05:33:14 PM 100998   3032496    0.00    0.00    0.00    0.00    0.00    12  postgres
05:33:14 PM 100998   3032497    0.00    0.00    0.00    0.00    0.00    10  postgres
05:33:14 PM 100998   3032499    0.00    0.00    0.00    0.00    0.00    12  postgres
05:33:14 PM 100998   3032502    0.00    0.00    0.00    0.00    0.00    12  postgres
05:33:14 PM 100998   3032518    0.00    0.00    0.00    0.00    0.00    14  postgres
05:33:14 PM 100998   3032520    0.00    0.00    0.00    0.00    0.00    12  postgres
05:33:14 PM 100998   3032521    0.00    0.00    0.00    0.00    0.00    12  postgres
05:33:14 PM 100998   3032523    0.00    0.00    0.00    0.00    0.00    12  postgres
05:33:14 PM 100998   3032525    0.00    0.00    0.00    0.00    0.00    14  postgres
05:33:14 PM 100998   3032530    0.00    0.00    0.00    0.00    0.00    10  postgres
05:33:14 PM 100998   3032539    0.00    0.00    0.00    0.00    0.00    14  postgres
05:33:14 PM 100998   3032560    0.00    0.00    0.00    0.00    0.00    12  postgres
05:33:14 PM 100998   3032564    0.00    0.00    0.00    0.00    0.00    12  postgres
05:33:14 PM 100998   3032571    0.00    0.00    0.00    0.00    0.00    12  postgres
05:33:14 PM 100998   3032592    0.00    0.00    0.00    0.00    0.00    10  postgres
05:33:14 PM 100998   3032648    0.00    0.00    0.00    0.00    0.00    10  postgres
05:33:14 PM 100998   3032701    0.00    0.00    0.00    0.00    0.00    14  postgres
05:33:14 PM 100998   3032755    0.00    0.00    0.00    0.00    0.00    12  postgres
05:33:14 PM 100998   3032796    0.00    0.00    0.00    0.00    0.00    12  postgres
05:33:14 PM 100998   3032798    0.00    0.00    0.00    0.00    0.00    14  postgres
05:33:14 PM 100998   3032799    0.00    0.00    0.00    0.00    0.00    12  postgres
05:33:14 PM 100998   3032800    0.00    0.00    0.00    0.00    0.00    12  postgres
05:33:14 PM 100998   3032801    0.00    0.00    0.00    0.00    0.00    10  postgres
05:33:14 PM 100998   3032802    0.00    0.00    0.00    0.00    0.00    14  postgres
05:33:14 PM 100998   3032803    0.00    0.00    0.00    0.00    0.00    12  postgres
05:33:14 PM 100998   3032804    0.00    0.00    0.00    0.00    0.00    14  postgres
05:33:14 PM 100998   3032807    0.00    1.00    0.00    0.00    1.00    14  postgres
05:33:14 PM 100998   3032809    0.00    0.00    0.00    0.00    0.00    14  postgres
05:33:14 PM 100998   3032811    0.00    0.00    0.00    0.00    0.00    10  postgres
05:33:14 PM 100998   3032813    0.00    0.00    0.00    0.00    0.00    12  postgres
05:33:14 PM 100998   3032818    0.00    0.00    0.00    0.00    0.00    10  postgres
05:33:14 PM 100998   3032847    0.00    0.00    0.00    0.00    0.00    14  postgres
05:33:14 PM 100998   3032851    0.00    0.00    0.00    0.00    0.00    14  postgres
05:33:14 PM 100998   3032871    0.00    0.00    0.00    0.00    0.00    12  postgres
05:33:14 PM 100998   3032922    0.00    0.00    0.00    0.00    0.00    12  postgres
05:33:14 PM 100998   3032972    0.00    0.00    0.00    0.00    0.00    10  postgres
05:33:14 PM 100998   3033023    0.00    0.00    0.00    0.00    0.00    14  postgres
05:33:14 PM 100998   3033066    0.00    0.00    0.00    0.00    0.00    12  postgres
05:33:14 PM 100998   3033081    0.00    0.00    0.00    0.00    0.00    10  postgres
05:33:14 PM 100998   3033082    0.00    0.00    0.00    0.00    0.00    14  postgres
05:33:14 PM 100998   3033083    0.00    0.00    0.00    0.00    0.00    12  postgres
05:33:14 PM 100998   3033084    0.00    0.00    0.00    0.00    0.00    12  postgres
05:33:14 PM 100998   3033085    0.00    0.00    0.00    0.00    0.00    12  postgres
05:33:14 PM 100998   3033086    0.00    0.00    0.00    0.00    0.00    14  postgres
05:33:14 PM 100998   3033087    0.00    0.00    0.00    0.00    0.00    14  postgres
05:33:14 PM 100998   3033090    0.00    0.00    0.00    0.00    0.00    14  postgres
