Linux 5.14.0-570.60.1.el9_6.x86_64 *****) 	03/24/2026 	_x86_64_	(64 CPU)

04:08:08 PM   UID       PID    %usr %system  %guest   %wait    %CPU   CPU  Command
04:08:09 PM 100998   2977709    0.00    0.00    0.00    0.00    0.00    14  postgres
04:08:09 PM 100998   2977710    0.00    0.00    0.00    0.00    0.00    10  postgres
04:08:09 PM 100998   2977712    0.00    0.00    0.00    0.00    0.00    12  postgres
04:08:09 PM 100998   2977713    0.00    0.00    0.00    0.00    0.00    14  postgres
04:08:09 PM 100998   2978821    0.00    0.00    0.00    0.00    0.00    14  postgres
04:08:09 PM 100998   2978974    0.00    0.00    0.00    0.00    0.00    10  postgres
04:08:09 PM 100998   2979055    0.00    0.00    0.00    0.00    0.00    14  postgres
04:08:09 PM 100998   2979087    0.00    0.00    0.00    0.00    0.00    10  postgres
04:08:09 PM 100998   2979088    0.00    0.00    0.00    0.00    0.00    14  postgres
04:08:09 PM 100998   2979089    0.00    0.00    0.00    0.00    0.00    10  postgres
04:08:09 PM 100998   2979090    0.00    0.00    0.00    0.00    0.00    14  postgres
04:08:09 PM 100998   2979091    0.00    0.00    0.00    0.00    0.00    10  postgres
04:08:09 PM 100998   2979092    0.00    0.00    0.00    0.00    0.00    14  postgres
04:08:09 PM 100998   2979093    0.00    0.00    0.00    0.00    0.00    10  postgres
04:08:09 PM 100998   2979094    0.00    0.00    0.00    0.00    0.00    14  postgres

04:08:09 PM   UID       PID    %usr %system  %guest   %wait    %CPU   CPU  Command
04:08:10 PM 100998   2977709    0.00    0.00    0.00    0.00    0.00    14  postgres
04:08:10 PM 100998   2977710    0.00    0.00    0.00    0.00    0.00    10  postgres
04:08:10 PM 100998   2977712    0.00    0.00    0.00    0.00    0.00    12  postgres
04:08:10 PM 100998   2977713    0.00    0.00    0.00    0.00    0.00    14  postgres
04:08:10 PM 100998   2978821    0.00    0.00    0.00    0.00    0.00    14  postgres
04:08:10 PM 100998   2978974    0.00    0.00    0.00    0.00    0.00    10  postgres
04:08:10 PM 100998   2979055    0.00    0.00    0.00    0.00    0.00    14  postgres
04:08:10 PM 100998   2979087    0.00    0.00    0.00    0.00    0.00    10  postgres
04:08:10 PM 100998   2979088    0.00    0.00    0.00    0.00    0.00    14  postgres
04:08:10 PM 100998   2979089    0.00    0.00    0.00    0.00    0.00    10  postgres
04:08:10 PM 100998   2979090    0.00    0.00    0.00    0.00    0.00    14  postgres
04:08:10 PM 100998   2979091    0.00    0.00    0.00    0.00    0.00    10  postgres
04:08:10 PM 100998   2979092    0.00    0.00    0.00    0.00    0.00    14  postgres
04:08:10 PM 100998   2979093    0.00    0.00    0.00    0.00    0.00    10  postgres
04:08:10 PM 100998   2979094    0.00    0.00    0.00    0.00    0.00    14  postgres

04:08:10 PM   UID       PID    %usr %system  %guest   %wait    %CPU   CPU  Command
04:08:11 PM 100998   2977709    0.00    0.00    0.00    0.00    0.00    14  postgres
04:08:11 PM 100998   2977710    0.00    0.00    0.00    0.00    0.00    10  postgres
04:08:11 PM 100998   2977712    0.00    0.00    0.00    0.00    0.00    12  postgres
04:08:11 PM 100998   2977713    0.00    0.00    0.00    0.00    0.00    14  postgres
04:08:11 PM 100998   2978821    0.00    0.00    0.00    0.00    0.00    14  postgres
04:08:11 PM 100998   2978974    0.00    0.00    0.00    0.00    0.00    10  postgres
04:08:11 PM 100998   2979055    0.00    0.00    0.00    0.00    0.00    14  postgres
04:08:11 PM 100998   2979087    0.00    0.00    0.00    0.00    0.00    10  postgres
04:08:11 PM 100998   2979088    0.00    0.00    0.00    0.00    0.00    14  postgres
04:08:11 PM 100998   2979089    0.00    0.00    0.00    0.00    0.00    10  postgres
04:08:11 PM 100998   2979090    0.00    0.00    0.00    0.00    0.00    14  postgres
04:08:11 PM 100998   2979091    0.00    0.00    0.00    0.00    0.00    10  postgres
04:08:11 PM 100998   2979092    0.00    0.00    0.00    0.00    0.00    14  postgres
04:08:11 PM 100998   2979093    0.00    0.00    0.00    0.00    0.00    10  postgres
04:08:11 PM 100998   2979094    0.00    0.00    0.00    0.00    0.00    14  postgres

04:08:11 PM   UID       PID    %usr %system  %guest   %wait    %CPU   CPU  Command
04:08:12 PM 100998   2977709    0.00    0.00    0.00    0.00    0.00    14  postgres
04:08:12 PM 100998   2977710    0.00    0.00    0.00    0.00    0.00    10  postgres
04:08:12 PM 100998   2977712    0.00    0.00    0.00    0.00    0.00    12  postgres
04:08:12 PM 100998   2977713    0.00    0.00    0.00    0.00    0.00    14  postgres
04:08:12 PM 100998   2978821    0.00    0.00    0.00    0.00    0.00    14  postgres
04:08:12 PM 100998   2978974    0.00    0.00    0.00    0.00    0.00    10  postgres
04:08:12 PM 100998   2979055    0.00    0.00    0.00    0.00    0.00    14  postgres
04:08:12 PM 100998   2979087    0.00    0.00    0.00    0.00    0.00    10  postgres
04:08:12 PM 100998   2979088    0.00    0.00    0.00    0.00    0.00    14  postgres
04:08:12 PM 100998   2979089    0.00    0.00    0.00    0.00    0.00    10  postgres
04:08:12 PM 100998   2979090    0.00    0.00    0.00    0.00    0.00    14  postgres
04:08:12 PM 100998   2979091    0.00    0.00    0.00    0.00    0.00    10  postgres
04:08:12 PM 100998   2979092    0.00    0.00    0.00    0.00    0.00    14  postgres
04:08:12 PM 100998   2979093    0.00    0.00    0.00    0.00    0.00    10  postgres
04:08:12 PM 100998   2979094    0.00    0.00    0.00    0.00    0.00    14  postgres

04:08:12 PM   UID       PID    %usr %system  %guest   %wait    %CPU   CPU  Command
04:08:13 PM 100998   2977709    0.00    0.00    0.00    0.00    0.00    14  postgres
04:08:13 PM 100998   2977710    0.00    0.00    0.00    0.00    0.00    10  postgres
04:08:13 PM 100998   2977712    0.00    0.00    0.00    0.00    0.00    12  postgres
04:08:13 PM 100998   2977713    0.00    0.00    0.00    0.00    0.00    14  postgres
04:08:13 PM 100998   2978821    0.00    0.00    0.00    0.00    0.00    14  postgres
04:08:13 PM 100998   2978974    0.00    0.00    0.00    0.00    0.00    10  postgres
04:08:13 PM 100998   2979055    0.00    0.00    0.00    0.00    0.00    14  postgres
04:08:13 PM 100998   2979087    0.00    0.00    0.00    0.00    0.00    10  postgres
04:08:13 PM 100998   2979088    0.00    0.00    0.00    0.00    0.00    14  postgres
04:08:13 PM 100998   2979089    0.00    0.00    0.00    0.00    0.00    10  postgres
04:08:13 PM 100998   2979090    0.00    0.00    0.00    0.00    0.00    14  postgres
04:08:13 PM 100998   2979091    0.00    0.00    0.00    0.00    0.00    10  postgres
04:08:13 PM 100998   2979092    0.00    0.00    0.00    0.00    0.00    14  postgres
04:08:13 PM 100998   2979093    0.00    0.00    0.00    0.00    0.00    10  postgres
04:08:13 PM 100998   2979094    0.00    0.00    0.00    0.00    0.00    14  postgres

04:08:13 PM   UID       PID    %usr %system  %guest   %wait    %CPU   CPU  Command
04:08:14 PM 100998   2977709    0.00    0.00    0.00    0.00    0.00    14  postgres
04:08:14 PM 100998   2977710    0.00    0.00    0.00    0.00    0.00    10  postgres
04:08:14 PM 100998   2977712    0.00    0.00    0.00    0.00    0.00    12  postgres
04:08:14 PM 100998   2977713    0.00    0.00    0.00    0.00    0.00    14  postgres
04:08:14 PM 100998   2978821    0.00    0.00    0.00    0.00    0.00    14  postgres
04:08:14 PM 100998   2978974    0.00    0.00    0.00    0.00    0.00    10  postgres
04:08:14 PM 100998   2979055    0.00    0.00    0.00    0.00    0.00    14  postgres
04:08:14 PM 100998   2979087    0.00    0.00    0.00    0.00    0.00    10  postgres
04:08:14 PM 100998   2979088    0.00    0.00    0.00    0.00    0.00    14  postgres
04:08:14 PM 100998   2979089    0.00    0.00    0.00    0.00    0.00    10  postgres
04:08:14 PM 100998   2979090    0.00    0.00    0.00    0.00    0.00    14  postgres
04:08:14 PM 100998   2979091    0.00    0.00    0.00    0.00    0.00    10  postgres
04:08:14 PM 100998   2979092    0.00    0.00    0.00    0.00    0.00    14  postgres
04:08:14 PM 100998   2979093    0.00    0.00    0.00    0.00    0.00    10  postgres
04:08:14 PM 100998   2979094    0.00    0.00    0.00    0.00    0.00    14  postgres

04:08:14 PM   UID       PID    %usr %system  %guest   %wait    %CPU   CPU  Command
04:08:15 PM 100998   2977709    0.00    0.00    0.00    0.00    0.00    14  postgres
04:08:15 PM 100998   2977710    0.00    0.00    0.00    0.00    0.00    10  postgres
04:08:15 PM 100998   2977712    0.00    0.00    0.00    0.00    0.00    12  postgres
04:08:15 PM 100998   2977713    0.00    0.00    0.00    0.00    0.00    14  postgres
04:08:15 PM 100998   2978821    0.00    0.00    0.00    0.00    0.00    10  postgres
04:08:15 PM 100998   2978974    0.00    0.00    0.00    0.00    0.00    10  postgres
04:08:15 PM 100998   2979055    0.00    0.00    0.00    0.00    0.00    10  postgres
04:08:15 PM 100998   2979087    0.00    0.00    0.00    0.00    0.00    14  postgres
04:08:15 PM 100998   2979088    0.00    0.00    0.00    0.00    0.00    10  postgres
04:08:15 PM 100998   2979089    0.00    0.00    0.00    0.00    0.00    10  postgres
04:08:15 PM 100998   2979090    0.00    0.00    0.00    0.00    0.00    10  postgres
04:08:15 PM 100998   2979091    0.00    0.00    0.00    1.00    0.00    14  postgres
04:08:15 PM 100998   2979092    0.00    0.00    0.00    0.00    0.00    14  postgres
04:08:15 PM 100998   2979093    0.00    0.00    0.00    0.00    0.00    14  postgres
04:08:15 PM 100998   2979094    0.00    0.00    0.00    0.00    0.00    10  postgres

04:08:15 PM   UID       PID    %usr %system  %guest   %wait    %CPU   CPU  Command
04:08:16 PM 100998   2977709    0.00    0.00    0.00    0.00    0.00    14  postgres
04:08:16 PM 100998   2977710    0.00    0.00    0.00    0.00    0.00    10  postgres
04:08:16 PM 100998   2977712    0.00    0.00    0.00    0.00    0.00    12  postgres
04:08:16 PM 100998   2977713    0.00    0.00    0.00    0.00    0.00    14  postgres
04:08:16 PM 100998   2978821    0.00    0.00    0.00    0.00    0.00    14  postgres
04:08:16 PM 100998   2978974    0.00    0.00    0.00    0.00    0.00    14  postgres
04:08:16 PM 100998   2979055    0.00    0.00    0.00    0.00    0.00    14  postgres
04:08:16 PM 100998   2979087    0.00    0.00    0.00    0.00    0.00    14  postgres
04:08:16 PM 100998   2979088    0.00    0.00    0.00    0.00    0.00    10  postgres
04:08:16 PM 100998   2979089    0.00    0.00    0.00    0.00    0.00    14  postgres
04:08:16 PM 100998   2979090    0.00    0.00    0.00    0.00    0.00    14  postgres
04:08:16 PM 100998   2979091    0.00    0.00    0.00    0.00    0.00    10  postgres
04:08:16 PM 100998   2979092    0.00    0.00    0.00    0.00    0.00    10  postgres
04:08:16 PM 100998   2979093    0.00    0.00    0.00    0.00    0.00    14  postgres
04:08:16 PM 100998   2979094    0.00    0.00    0.00    0.00    0.00    10  postgres

04:08:16 PM   UID       PID    %usr %system  %guest   %wait    %CPU   CPU  Command
04:08:17 PM 100998   2977709    0.00    0.00    0.00    0.00    0.00    14  postgres
04:08:17 PM 100998   2977710    0.00    0.00    0.00    0.00    0.00    10  postgres
04:08:17 PM 100998   2977712    0.00    0.00    0.00    0.00    0.00    12  postgres
04:08:17 PM 100998   2977713    0.00    0.00    0.00    0.00    0.00    14  postgres
04:08:17 PM 100998   2978821    0.00    0.00    0.00    0.00    0.00    14  postgres
04:08:17 PM 100998   2978974    0.00    0.00    0.00    0.00    0.00    14  postgres
04:08:17 PM 100998   2979055    0.00    0.00    0.00    0.00    0.00    14  postgres
04:08:17 PM 100998   2979087    0.00    0.00    0.00    0.00    0.00    10  postgres
04:08:17 PM 100998   2979088    0.00    0.00    0.00    0.00    0.00    10  postgres
04:08:17 PM 100998   2979089    0.00    0.00    0.00    0.00    0.00    14  postgres
04:08:17 PM 100998   2979090    0.00    0.00    0.00    0.00    0.00    10  postgres
04:08:17 PM 100998   2979091    0.00    0.00    0.00    0.00    0.00    10  postgres
04:08:17 PM 100998   2979092    0.00    0.00    0.00    0.00    0.00    10  postgres
04:08:17 PM 100998   2979093    0.00    0.00    0.00    0.00    0.00    10  postgres
04:08:17 PM 100998   2979094    0.00    0.00    0.00    0.00    0.00    10  postgres

04:08:17 PM   UID       PID    %usr %system  %guest   %wait    %CPU   CPU  Command
04:08:18 PM 100998   2977709    0.00    0.00    0.00    0.00    0.00    14  postgres
04:08:18 PM 100998   2977710    0.00    0.00    0.00    0.00    0.00    10  postgres
04:08:18 PM 100998   2977712    0.00    0.00    0.00    0.00    0.00    12  postgres
04:08:18 PM 100998   2977713    0.00    0.00    0.00    0.00    0.00    14  postgres
04:08:18 PM 100998   2978821    1.00    0.00    0.00    0.00    1.00    14  postgres
04:08:18 PM 100998   2978974    0.00    0.00    0.00    0.00    0.00    14  postgres
04:08:18 PM 100998   2979055    0.00    0.00    0.00    0.00    0.00    10  postgres
04:08:18 PM 100998   2979087    0.00    0.00    0.00    0.00    0.00    10  postgres
04:08:18 PM 100998   2979088    0.00    0.00    0.00    0.00    0.00    10  postgres
04:08:18 PM 100998   2979089    0.00    0.00    0.00    0.00    0.00    14  postgres
04:08:18 PM 100998   2979090    0.00    0.00    0.00    0.00    0.00    10  postgres
04:08:18 PM 100998   2979091    0.00    0.00    0.00    0.00    0.00    14  postgres
04:08:18 PM 100998   2979092    0.00    0.00    0.00    0.00    0.00    14  postgres
04:08:18 PM 100998   2979093    0.00    0.00    0.00    0.00    0.00    14  postgres
04:08:18 PM 100998   2979094    0.00    0.00    0.00    0.00    0.00    10  postgres

04:08:18 PM   UID       PID    %usr %system  %guest   %wait    %CPU   CPU  Command
04:08:19 PM 100998   2977709    0.00    0.00    0.00    0.00    0.00    14  postgres
04:08:19 PM 100998   2977710    0.00    0.00    0.00    0.00    0.00    10  postgres
04:08:19 PM 100998   2977712    0.00    0.00    0.00    0.00    0.00    12  postgres
04:08:19 PM 100998   2977713    0.00    0.00    0.00    0.00    0.00    14  postgres
04:08:19 PM 100998   2978821    0.00    0.00    0.00    0.00    0.00    14  postgres
04:08:19 PM 100998   2978974    1.00    0.00    0.00    0.00    1.00    14  postgres
04:08:19 PM 100998   2979055    0.00    0.00    0.00    0.00    0.00    14  postgres
04:08:19 PM 100998   2979087    0.00    0.00    0.00    0.00    0.00    10  postgres
04:08:19 PM 100998   2979088    0.00    0.00    0.00    0.00    0.00    10  postgres
04:08:19 PM 100998   2979089    0.00    0.00    0.00    0.00    0.00    10  postgres
04:08:19 PM 100998   2979090    0.00    0.00    0.00    0.00    0.00    10  postgres
04:08:19 PM 100998   2979091    0.00    0.00    0.00    0.00    0.00    10  postgres
04:08:19 PM 100998   2979092    0.00    0.00    0.00    0.00    0.00    14  postgres
04:08:19 PM 100998   2979093    0.00    0.00    0.00    0.00    0.00    10  postgres
04:08:19 PM 100998   2979094    0.00    0.00    0.00    0.00    0.00    10  postgres

04:08:19 PM   UID       PID    %usr %system  %guest   %wait    %CPU   CPU  Command
04:08:20 PM 100998   2977709    0.00    0.00    0.00    0.00    0.00    14  postgres
04:08:20 PM 100998   2977710    0.00    0.00    0.00    0.00    0.00    10  postgres
04:08:20 PM 100998   2977712    0.00    0.00    0.00    0.00    0.00    12  postgres
04:08:20 PM 100998   2977713    0.00    0.00    0.00    0.00    0.00    14  postgres
04:08:20 PM 100998   2978821    0.00    0.00    0.00    0.00    0.00    14  postgres
04:08:20 PM 100998   2978974    0.00    0.00    0.00    0.00    0.00    14  postgres
04:08:20 PM 100998   2979055    0.00    0.00    0.00    0.00    0.00    10  postgres
04:08:20 PM 100998   2979087    0.00    0.00    0.00    0.00    0.00    14  postgres
04:08:20 PM 100998   2979088    1.00    0.00    0.00    0.00    1.00    14  postgres
04:08:20 PM 100998   2979089    0.00    0.00    0.00    0.00    0.00    10  postgres
04:08:20 PM 100998   2979090    0.00    0.00    0.00    0.00    0.00    14  postgres
04:08:20 PM 100998   2979091    0.00    0.00    0.00    0.00    0.00    10  postgres
04:08:20 PM 100998   2979092    0.00    0.00    0.00    0.00    0.00    12  postgres
04:08:20 PM 100998   2979093    0.00    0.00    0.00    0.00    0.00    10  postgres
04:08:20 PM 100998   2979094    0.00    0.00    0.00    0.00    0.00    14  postgres

04:08:20 PM   UID       PID    %usr %system  %guest   %wait    %CPU   CPU  Command
04:08:21 PM 100998   2977709    0.00    0.00    0.00    0.00    0.00    14  postgres
04:08:21 PM 100998   2977710    0.00    0.00    0.00    0.00    0.00    12  postgres
04:08:21 PM 100998   2977712    0.00    0.00    0.00    0.00    0.00    12  postgres
04:08:21 PM 100998   2977713    0.00    0.00    0.00    0.00    0.00    14  postgres
04:08:21 PM 100998   2978821    0.00    0.00    0.00    0.00    0.00    12  postgres
04:08:21 PM 100998   2978974    0.00    0.00    0.00    0.00    0.00    10  postgres
04:08:21 PM 100998   2979055    0.00    0.00    0.00    0.00    0.00    10  postgres
04:08:21 PM 100998   2979087    1.00    0.00    0.00    0.00    1.00    10  postgres
04:08:21 PM 100998   2979088    0.00    0.00    0.00    0.00    0.00    10  postgres
04:08:21 PM 100998   2979089    0.00    0.00    0.00    0.00    0.00    14  postgres
04:08:21 PM 100998   2979090    1.00    0.00    0.00    0.00    1.00    10  postgres
04:08:21 PM 100998   2979091    0.00    0.00    0.00    0.00    0.00    10  postgres
04:08:21 PM 100998   2979092    0.00    0.00    0.00    0.00    0.00    14  postgres
04:08:21 PM 100998   2979093    1.00    0.00    0.00    0.00    1.00    10  postgres
04:08:21 PM 100998   2979094    0.00    0.00    0.00    0.00    0.00    14  postgres

04:08:21 PM   UID       PID    %usr %system  %guest   %wait    %CPU   CPU  Command
04:08:22 PM 100998   2977709    0.00    0.00    0.00    0.00    0.00    14  postgres
04:08:22 PM 100998   2977710    0.00    0.00    0.00    0.00    0.00    12  postgres
04:08:22 PM 100998   2977712    0.00    0.00    0.00    0.00    0.00    12  postgres
04:08:22 PM 100998   2977713    0.00    0.00    0.00    0.00    0.00    14  postgres
04:08:22 PM 100998   2978821    0.00    0.00    0.00    0.00    0.00    10  postgres
04:08:22 PM 100998   2978974    0.00    0.00    0.00    0.00    0.00    10  postgres
04:08:22 PM 100998   2979055    0.00    0.00    0.00    0.00    0.00    14  postgres
04:08:22 PM 100998   2979087    0.00    0.00    0.00    0.00    0.00    12  postgres
04:08:22 PM 100998   2979088    0.00    0.00    0.00    0.00    0.00    10  postgres
04:08:22 PM 100998   2979089    0.00    0.00    0.00    0.00    0.00    10  postgres
04:08:22 PM 100998   2979090    0.00    0.00    0.00    0.00    0.00    10  postgres
04:08:22 PM 100998   2979091    0.00    0.00    0.00    0.00    0.00    10  postgres
04:08:22 PM 100998   2979092    1.00    0.00    0.00    0.00    1.00    14  postgres
04:08:22 PM 100998   2979093    0.00    0.00    0.00    0.00    0.00    10  postgres
04:08:22 PM 100998   2979094    0.00    0.00    0.00    0.00    0.00    14  postgres

04:08:22 PM   UID       PID    %usr %system  %guest   %wait    %CPU   CPU  Command
04:08:23 PM 100998   2977709    0.00    0.00    0.00    0.00    0.00    14  postgres
04:08:23 PM 100998   2977710    0.00    0.00    0.00    0.00    0.00    12  postgres
04:08:23 PM 100998   2977712    0.00    0.00    0.00    0.00    0.00    12  postgres
04:08:23 PM 100998   2977713    0.00    0.00    0.00    0.00    0.00    14  postgres
04:08:23 PM 100998   2978821    1.00    0.00    0.00    0.00    1.00    12  postgres
04:08:23 PM 100998   2978974    0.00    0.00    0.00    0.00    0.00    12  postgres
04:08:23 PM 100998   2979055    1.00    0.00    0.00    0.00    1.00    14  postgres
04:08:23 PM 100998   2979087    0.00    0.00    0.00    0.00    0.00    10  postgres
04:08:23 PM 100998   2979088    0.00    0.00    0.00    0.00    0.00    10  postgres
04:08:23 PM 100998   2979089    0.00    0.00    0.00    0.00    0.00    10  postgres
04:08:23 PM 100998   2979090    0.00    0.00    0.00    0.00    0.00    10  postgres
04:08:23 PM 100998   2979091    1.00    0.00    0.00    0.00    1.00    10  postgres
04:08:23 PM 100998   2979092    0.00    0.00    0.00    0.00    0.00    14  postgres
04:08:23 PM 100998   2979093    0.00    0.00    0.00    0.00    0.00    10  postgres
04:08:23 PM 100998   2979094    1.00    0.00    0.00    0.00    1.00    14  postgres

04:08:23 PM   UID       PID    %usr %system  %guest   %wait    %CPU   CPU  Command
04:08:24 PM 100998   2977709    0.00    0.00    0.00    0.00    0.00    14  postgres
04:08:24 PM 100998   2977710    0.00    0.00    0.00    0.00    0.00    12  postgres
04:08:24 PM 100998   2977712    0.00    0.00    0.00    0.00    0.00    12  postgres
04:08:24 PM 100998   2977713    0.00    0.00    0.00    0.00    0.00    14  postgres
04:08:24 PM 100998   2978821    0.00    1.00    0.00    0.00    1.00    10  postgres
04:08:24 PM 100998   2978974    1.00    0.00    0.00    0.00    1.00    12  postgres
04:08:24 PM 100998   2979055    0.00    0.00    0.00    0.00    0.00    10  postgres
04:08:24 PM 100998   2979087    0.00    0.00    0.00    0.00    0.00    12  postgres
04:08:24 PM 100998   2979088    0.00    0.00    0.00    0.00    0.00    10  postgres
04:08:24 PM 100998   2979089    1.00    1.00    0.00    0.00    2.00    12  postgres
04:08:24 PM 100998   2979090    0.00    0.00    0.00    0.00    0.00    12  postgres
04:08:24 PM 100998   2979091    0.00    0.00    0.00    0.00    0.00    10  postgres
04:08:24 PM 100998   2979092    0.00    0.00    0.00    0.00    0.00    14  postgres
04:08:24 PM 100998   2979093    0.00    0.00    0.00    0.00    0.00    10  postgres
04:08:24 PM 100998   2979094    0.00    0.00    0.00    0.00    0.00    10  postgres

04:08:24 PM   UID       PID    %usr %system  %guest   %wait    %CPU   CPU  Command
04:08:25 PM 100998   2977709    0.00    0.00    0.00    0.00    0.00    14  postgres
04:08:25 PM 100998   2977710    0.00    0.00    0.00    0.00    0.00    12  postgres
04:08:25 PM 100998   2977712    0.00    0.00    0.00    0.00    0.00    12  postgres
04:08:25 PM 100998   2977713    0.00    0.00    0.00    0.00    0.00    14  postgres
04:08:25 PM 100998   2978821    0.00    0.00    0.00    0.00    0.00    12  postgres
04:08:25 PM 100998   2978974    0.00    1.00    0.00    0.00    1.00    12  postgres
04:08:25 PM 100998   2979055    0.00    0.00    0.00    0.00    0.00    12  postgres
04:08:25 PM 100998   2979087    0.00    1.00    0.00    0.00    1.00    12  postgres
04:08:25 PM 100998   2979088    0.00    0.00    0.00    0.00    0.00    10  postgres
04:08:25 PM 100998   2979089    0.00    0.00    0.00    0.00    0.00    10  postgres
04:08:25 PM 100998   2979090    0.00    0.00    0.00    0.00    0.00    12  postgres
04:08:25 PM 100998   2979091    0.00    0.00    0.00    0.00    0.00    14  postgres
04:08:25 PM 100998   2979092    0.00    0.00    0.00    0.00    0.00    14  postgres
04:08:25 PM 100998   2979093    0.00    0.00    0.00    0.00    0.00    10  postgres
04:08:25 PM 100998   2979094    0.00    0.00    0.00    0.00    0.00    10  postgres

04:08:25 PM   UID       PID    %usr %system  %guest   %wait    %CPU   CPU  Command
04:08:26 PM 100998   2977709    0.00    0.00    0.00    0.00    0.00    14  postgres
04:08:26 PM 100998   2977710    0.00    0.00    0.00    0.00    0.00    12  postgres
04:08:26 PM 100998   2977712    0.00    0.00    0.00    0.00    0.00    12  postgres
04:08:26 PM 100998   2977713    0.00    0.00    0.00    0.00    0.00    14  postgres
04:08:26 PM 100998   2978821    1.00    0.00    0.00    0.00    1.00    10  postgres
04:08:26 PM 100998   2978974    0.00    0.00    0.00    0.00    0.00    12  postgres
04:08:26 PM 100998   2979055    0.00    0.00    0.00    0.00    0.00    12  postgres
04:08:26 PM 100998   2979087    0.00    0.00    0.00    0.00    0.00    12  postgres
04:08:26 PM 100998   2979088    1.00    0.00    0.00    0.00    1.00    10  postgres
04:08:26 PM 100998   2979089    0.00    0.00    0.00    0.00    0.00    10  postgres
04:08:26 PM 100998   2979090    0.00    0.00    0.00    0.00    0.00    12  postgres
04:08:26 PM 100998   2979091    0.00    0.00    0.00    0.00    0.00    10  postgres
04:08:26 PM 100998   2979092    0.00    0.00    0.00    0.00    0.00    14  postgres
04:08:26 PM 100998   2979093    0.00    0.00    0.00    0.00    0.00    12  postgres
04:08:26 PM 100998   2979094    0.00    0.00    0.00    0.00    0.00    10  postgres

04:08:26 PM   UID       PID    %usr %system  %guest   %wait    %CPU   CPU  Command
04:08:27 PM 100998   2977709    0.00    0.00    0.00    0.00    0.00    14  postgres
04:08:27 PM 100998   2977710    0.00    0.00    0.00    0.00    0.00    12  postgres
04:08:27 PM 100998   2977712    0.00    0.00    0.00    0.00    0.00    12  postgres
04:08:27 PM 100998   2977713    0.00    0.00    0.00    0.00    0.00    14  postgres
04:08:27 PM 100998   2978821    0.00    0.00    0.00    0.00    0.00    10  postgres
04:08:27 PM 100998   2978974    0.00    0.00    0.00    0.00    0.00    14  postgres
04:08:27 PM 100998   2979055    1.00    1.00    0.00    0.00    2.00    10  postgres
04:08:27 PM 100998   2979087    0.00    0.00    0.00    0.00    0.00    12  postgres
04:08:27 PM 100998   2979088    0.00    0.00    0.00    0.00    0.00    12  postgres
04:08:27 PM 100998   2979089    0.00    0.00    0.00    0.00    0.00    12  postgres
04:08:27 PM 100998   2979090    0.00    0.00    0.00    0.00    0.00    12  postgres
04:08:27 PM 100998   2979091    0.00    0.00    0.00    0.00    0.00    14  postgres
04:08:27 PM 100998   2979092    0.00    0.00    0.00    0.00    0.00    14  postgres
04:08:27 PM 100998   2979093    0.00    0.00    0.00    0.00    0.00    10  postgres
04:08:27 PM 100998   2979094    0.00    0.00    0.00    0.00    0.00    10  postgres

04:08:27 PM   UID       PID    %usr %system  %guest   %wait    %CPU   CPU  Command
04:08:28 PM 100998   2977709    0.00    0.00    0.00    0.00    0.00    14  postgres
04:08:28 PM 100998   2977710    0.00    0.00    0.00    0.00    0.00    10  postgres
04:08:28 PM 100998   2977712    0.00    0.00    0.00    0.00    0.00    12  postgres
04:08:28 PM 100998   2977713    0.00    0.00    0.00    0.00    0.00    14  postgres
04:08:28 PM 100998   2978821    0.00    0.00    0.00    0.00    0.00    10  postgres
04:08:28 PM 100998   2978974    0.00    0.00    0.00    0.00    0.00    14  postgres
04:08:28 PM 100998   2979055    0.00    0.00    0.00    0.00    0.00    14  postgres
04:08:28 PM 100998   2979087    1.00    0.00    0.00    0.00    1.00    12  postgres
04:08:28 PM 100998   2979088    0.00    1.00    0.00    0.00    1.00    14  postgres
04:08:28 PM 100998   2979089    0.00    0.00    0.00    0.00    0.00    10  postgres
04:08:28 PM 100998   2979090    1.00    0.00    0.00    0.00    1.00    12  postgres
04:08:28 PM 100998   2979091    0.00    1.00    0.00    0.00    1.00    14  postgres
04:08:28 PM 100998   2979092    0.00    0.00    0.00    0.00    0.00    12  postgres
04:08:28 PM 100998   2979093    0.00    0.00    0.00    0.00    0.00    10  postgres
04:08:28 PM 100998   2979094    0.00    1.00    0.00    0.00    1.00    12  postgres

04:08:28 PM   UID       PID    %usr %system  %guest   %wait    %CPU   CPU  Command
04:08:29 PM 100998   2977709    0.00    0.00    0.00    0.00    0.00    14  postgres
04:08:29 PM 100998   2977710    0.00    0.00    0.00    0.00    0.00    10  postgres
04:08:29 PM 100998   2977712    0.00    0.00    0.00    0.00    0.00    12  postgres
04:08:29 PM 100998   2977713    0.00    0.00    0.00    0.00    0.00    14  postgres
04:08:29 PM 100998   2978821    1.00    0.00    0.00    0.00    1.00    10  postgres
04:08:29 PM 100998   2978974    0.00    0.00    0.00    0.00    0.00    12  postgres
04:08:29 PM 100998   2979055    0.00    0.00    0.00    0.00    0.00    14  postgres
04:08:29 PM 100998   2979087    0.00    0.00    0.00    0.00    0.00    10  postgres
04:08:29 PM 100998   2979088    0.00    0.00    0.00    0.00    0.00    14  postgres
04:08:29 PM 100998   2979089    1.00    0.00    0.00    0.00    1.00    12  postgres
04:08:29 PM 100998   2979090    0.00    0.00    0.00    0.00    0.00    10  postgres
04:08:29 PM 100998   2979091    1.00    0.00    0.00    0.00    1.00    14  postgres
04:08:29 PM 100998   2979092    1.00    0.00    0.00    0.00    1.00    12  postgres
04:08:29 PM 100998   2979093    1.00    0.00    0.00    0.00    1.00    12  postgres
04:08:29 PM 100998   2979094    0.00    0.00    0.00    0.00    0.00    10  postgres

04:08:29 PM   UID       PID    %usr %system  %guest   %wait    %CPU   CPU  Command
04:08:30 PM 100998   2977709    0.00    0.00    0.00    0.00    0.00    14  postgres
04:08:30 PM 100998   2977710    0.00    0.00    0.00    0.00    0.00    10  postgres
04:08:30 PM 100998   2977712    0.00    0.00    0.00    0.00    0.00    12  postgres
04:08:30 PM 100998   2977713    0.00    0.00    0.00    0.00    0.00    14  postgres
04:08:30 PM 100998   2978821    0.00    0.00    0.00    0.00    0.00    10  postgres
04:08:30 PM 100998   2978974    1.00    0.00    0.00    0.00    1.00    14  postgres
04:08:30 PM 100998   2979055    0.00    0.00    0.00    0.00    0.00    12  postgres
04:08:30 PM 100998   2979087    0.00    0.00    0.00    0.00    0.00    10  postgres
04:08:30 PM 100998   2979088    1.00    0.00    0.00    0.00    1.00    14  postgres
04:08:30 PM 100998   2979089    0.00    0.00    0.00    0.00    0.00    12  postgres
04:08:30 PM 100998   2979090    0.00    0.00    0.00    0.00    0.00    10  postgres
04:08:30 PM 100998   2979091    0.00    0.00    0.00    0.00    0.00    14  postgres
04:08:30 PM 100998   2979092    0.00    1.00    0.00    0.00    1.00    10  postgres
04:08:30 PM 100998   2979093    0.00    0.00    0.00    0.00    0.00    10  postgres
04:08:30 PM 100998   2979094    1.00    0.00    0.00    0.00    1.00    14  postgres

04:08:30 PM   UID       PID    %usr %system  %guest   %wait    %CPU   CPU  Command
04:08:31 PM 100998   2977709    0.00    0.00    0.00    0.00    0.00    14  postgres
04:08:31 PM 100998   2977710    0.00    0.00    0.00    0.00    0.00    10  postgres
04:08:31 PM 100998   2977712    0.00    0.00    0.00    0.00    0.00    12  postgres
04:08:31 PM 100998   2977713    0.00    0.00    0.00    0.00    0.00    14  postgres
04:08:31 PM 100998   2978821    1.00    0.00    0.00    0.00    1.00    12  postgres
04:08:31 PM 100998   2978974    0.00    0.00    0.00    0.00    0.00    14  postgres
04:08:31 PM 100998   2979055    1.00    0.00    0.00    0.00    1.00    12  postgres
04:08:31 PM 100998   2979087    0.00    0.00    0.00    0.00    0.00    10  postgres
04:08:31 PM 100998   2979088    0.00    0.00    0.00    0.00    0.00    10  postgres
04:08:31 PM 100998   2979089    0.00    0.00    0.00    0.00    0.00    14  postgres
04:08:31 PM 100998   2979090    0.00    1.00    0.00    0.00    1.00    12  postgres
04:08:31 PM 100998   2979091    0.00    0.00    0.00    0.00    0.00    10  postgres
04:08:31 PM 100998   2979092    0.00    0.00    0.00    0.00    0.00    10  postgres
04:08:31 PM 100998   2979093    0.00    0.00    0.00    0.00    0.00    12  postgres
04:08:31 PM 100998   2979094    0.00    0.00    0.00    0.00    0.00    12  postgres

04:08:31 PM   UID       PID    %usr %system  %guest   %wait    %CPU   CPU  Command
04:08:32 PM 100998   2977709    0.00    0.00    0.00    0.00    0.00    14  postgres
04:08:32 PM 100998   2977710    0.00    0.00    0.00    0.00    0.00    10  postgres
04:08:32 PM 100998   2977712    0.00    0.00    0.00    0.00    0.00    12  postgres
04:08:32 PM 100998   2977713    0.00    0.00    0.00    0.00    0.00    14  postgres
04:08:32 PM 100998   2978821    0.00    1.00    0.00    0.00    1.00    10  postgres
04:08:32 PM 100998   2978974    0.00    0.00    0.00    0.00    0.00    14  postgres
04:08:32 PM 100998   2979055    0.00    0.00    0.00    0.00    0.00    12  postgres
04:08:32 PM 100998   2979087    1.00    0.00    0.00    0.00    1.00    10  postgres
04:08:32 PM 100998   2979088    0.00    0.00    0.00    0.00    0.00    12  postgres
04:08:32 PM 100998   2979089    0.00    0.00    0.00    0.00    0.00    10  postgres
04:08:32 PM 100998   2979090    0.00    0.00    0.00    0.00    0.00    12  postgres
04:08:32 PM 100998   2979091    0.00    0.00    0.00    0.00    0.00    10  postgres
04:08:32 PM 100998   2979092    0.00    0.00    0.00    0.00    0.00    12  postgres
04:08:32 PM 100998   2979093    0.00    1.00    0.00    0.00    1.00    10  postgres
04:08:32 PM 100998   2979094    0.00    0.00    0.00    0.00    0.00    12  postgres

04:08:32 PM   UID       PID    %usr %system  %guest   %wait    %CPU   CPU  Command
04:08:33 PM 100998   2977709    0.00    0.00    0.00    0.00    0.00    14  postgres
04:08:33 PM 100998   2977710    0.00    0.00    0.00    0.00    0.00    10  postgres
04:08:33 PM 100998   2977712    0.00    0.00    0.00    0.00    0.00    12  postgres
04:08:33 PM 100998   2977713    0.00    0.00    0.00    0.00    0.00    14  postgres
04:08:33 PM 100998   2978821    0.00    0.00    0.00    0.00    0.00    10  postgres
04:08:33 PM 100998   2978974    0.00    0.00    0.00    0.00    0.00    14  postgres
04:08:33 PM 100998   2979055    0.00    0.00    0.00    0.00    0.00    10  postgres
04:08:33 PM 100998   2979087    0.00    0.00    0.00    0.00    0.00    10  postgres
04:08:33 PM 100998   2979088    0.00    0.00    0.00    0.00    0.00    14  postgres
04:08:33 PM 100998   2979089    1.00    0.00    0.00    0.00    1.00    12  postgres
04:08:33 PM 100998   2979090    0.00    0.00    0.00    0.00    0.00    12  postgres
04:08:33 PM 100998   2979091    0.00    0.00    0.00    0.00    0.00    10  postgres
04:08:33 PM 100998   2979092    1.00    0.00    0.00    0.00    1.00    14  postgres
04:08:33 PM 100998   2979093    0.00    0.00    0.00    0.00    0.00    10  postgres
04:08:33 PM 100998   2979094    0.00    0.00    0.00    0.00    0.00    14  postgres

04:08:33 PM   UID       PID    %usr %system  %guest   %wait    %CPU   CPU  Command
04:08:34 PM 100998   2977709    0.00    0.00    0.00    0.00    0.00    14  postgres
04:08:34 PM 100998   2977710    0.00    0.00    0.00    0.00    0.00    10  postgres
04:08:34 PM 100998   2977712    0.00    0.00    0.00    0.00    0.00    12  postgres
04:08:34 PM 100998   2977713    0.00    0.00    0.00    0.00    0.00    14  postgres
04:08:34 PM 100998   2978821    1.00    0.00    0.00    0.00    1.00    12  postgres
04:08:34 PM 100998   2978974    1.00    1.00    0.00    0.00    2.00    10  postgres
04:08:34 PM 100998   2979055    0.00    1.00    0.00    0.00    1.00    12  postgres
04:08:34 PM 100998   2979087    0.00    0.00    0.00    0.00    0.00    10  postgres
04:08:34 PM 100998   2979088    0.00    0.00    0.00    0.00    0.00    10  postgres
04:08:34 PM 100998   2979089    0.00    0.00    0.00    0.00    0.00    10  postgres
04:08:34 PM 100998   2979090    0.00    0.00    0.00    0.00    0.00    10  postgres
04:08:34 PM 100998   2979091    0.00    0.00    0.00    0.00    0.00    12  postgres
04:08:34 PM 100998   2979092    0.00    0.00    0.00    0.00    0.00    10  postgres
04:08:34 PM 100998   2979093    0.00    0.00    0.00    0.00    0.00    12  postgres
04:08:34 PM 100998   2979094    0.00    0.00    0.00    0.00    0.00    12  postgres

04:08:34 PM   UID       PID    %usr %system  %guest   %wait    %CPU   CPU  Command
04:08:35 PM 100998   2977709    0.00    0.00    0.00    0.00    0.00    14  postgres
04:08:35 PM 100998   2977710    0.00    0.00    0.00    0.00    0.00    14  postgres
04:08:35 PM 100998   2977712    0.00    0.00    0.00    0.00    0.00    12  postgres
04:08:35 PM 100998   2977713    0.00    0.00    0.00    0.00    0.00    14  postgres
04:08:35 PM 100998   2978821    0.00    0.00    0.00    0.00    0.00    10  postgres
04:08:35 PM 100998   2978974    0.00    0.00    0.00    0.00    0.00    12  postgres
04:08:35 PM 100998   2979055    0.00    0.00    0.00    0.00    0.00    12  postgres
04:08:35 PM 100998   2979087    0.00    1.00    0.00    0.00    1.00    10  postgres
04:08:35 PM 100998   2979088    1.00    0.00    0.00    0.00    1.00    12  postgres
04:08:35 PM 100998   2979089    0.00    0.00    0.00    0.00    0.00    12  postgres
04:08:35 PM 100998   2979090    1.00    0.00    0.00    0.00    1.00    10  postgres
04:08:35 PM 100998   2979091    1.00    0.00    0.00    0.00    1.00    10  postgres
04:08:35 PM 100998   2979092    0.00    0.00    0.00    0.00    0.00    10  postgres
04:08:35 PM 100998   2979093    1.00    0.00    0.00    0.00    1.00    10  postgres
04:08:35 PM 100998   2979094    0.00    0.00    0.00    0.00    0.00    10  postgres

04:08:35 PM   UID       PID    %usr %system  %guest   %wait    %CPU   CPU  Command
04:08:36 PM 100998   2977709    0.00    0.00    0.00    0.00    0.00    14  postgres
04:08:36 PM 100998   2977710    0.00    0.00    0.00    0.00    0.00    14  postgres
04:08:36 PM 100998   2977712    0.00    0.00    0.00    0.00    0.00    12  postgres
04:08:36 PM 100998   2977713    0.00    0.00    0.00    0.00    0.00    14  postgres
04:08:36 PM 100998   2978821    0.00    0.00    0.00    0.00    0.00    10  postgres
04:08:36 PM 100998   2978974    0.00    0.00    0.00    0.00    0.00    10  postgres
04:08:36 PM 100998   2979055    1.00    0.00    0.00    0.00    1.00    12  postgres
04:08:36 PM 100998   2979087    1.00    0.00    0.00    0.00    1.00    12  postgres
04:08:36 PM 100998   2979088    0.00    0.00    0.00    0.00    0.00    12  postgres
04:08:36 PM 100998   2979089    1.00    0.00    0.00    0.00    1.00    10  postgres
04:08:36 PM 100998   2979090    0.00    0.00    0.00    0.00    0.00    12  postgres
04:08:36 PM 100998   2979091    0.00    0.00    0.00    0.00    0.00    12  postgres
04:08:36 PM 100998   2979092    0.00    0.00    0.00    0.00    0.00    10  postgres
04:08:36 PM 100998   2979093    0.00    0.00    0.00    0.00    0.00    10  postgres
04:08:36 PM 100998   2979094    0.00    1.00    0.00    0.00    1.00    12  postgres

04:08:36 PM   UID       PID    %usr %system  %guest   %wait    %CPU   CPU  Command
04:08:37 PM 100998   2977709    0.00    0.00    0.00    0.00    0.00    14  postgres
04:08:37 PM 100998   2977710    0.00    0.00    0.00    0.00    0.00    14  postgres
04:08:37 PM 100998   2977712    0.00    0.00    0.00    0.00    0.00    10  postgres
04:08:37 PM 100998   2977713    0.00    0.00    0.00    0.00    0.00    14  postgres
04:08:37 PM 100998   2978821    0.00    1.00    0.00    0.00    1.00    10  postgres
04:08:37 PM 100998   2978974    1.00    0.00    0.00    0.00    1.00    10  postgres
04:08:37 PM 100998   2979055    0.00    0.00    0.00    0.00    0.00    12  postgres
04:08:37 PM 100998   2979087    0.00    0.00    0.00    0.00    0.00    14  postgres
04:08:37 PM 100998   2979088    0.00    0.00    0.00    0.00    0.00    10  postgres
04:08:37 PM 100998   2979089    0.00    0.00    0.00    0.00    0.00    12  postgres
04:08:37 PM 100998   2979090    0.00    0.00    0.00    0.00    0.00    12  postgres
04:08:37 PM 100998   2979091    0.00    0.00    0.00    0.00    0.00    12  postgres
04:08:37 PM 100998   2979092    0.00    0.00    0.00    0.00    0.00    12  postgres
04:08:37 PM 100998   2979093    0.00    0.00    0.00    0.00    0.00    10  postgres
04:08:37 PM 100998   2979094    1.00    0.00    0.00    0.00    1.00    12  postgres

04:08:37 PM   UID       PID    %usr %system  %guest   %wait    %CPU   CPU  Command
04:08:38 PM 100998   2977709    0.00    0.00    0.00    0.00    0.00    14  postgres
04:08:38 PM 100998   2977710    0.00    0.00    0.00    0.00    0.00    14  postgres
04:08:38 PM 100998   2977712    0.00    0.00    0.00    0.00    0.00    10  postgres
04:08:38 PM 100998   2977713    0.00    0.00    0.00    0.00    0.00    14  postgres
04:08:38 PM 100998   2978821    1.00    0.00    0.00    0.00    1.00    10  postgres
04:08:38 PM 100998   2978974    0.00    0.00    0.00    0.00    0.00    10  postgres
04:08:38 PM 100998   2979055    0.00    0.00    0.00    0.00    0.00    12  postgres
04:08:38 PM 100998   2979087    0.00    0.00    0.00    0.00    0.00    10  postgres
04:08:38 PM 100998   2979088    1.00    0.00    0.00    0.00    1.00    14  postgres
04:08:38 PM 100998   2979089    0.00    1.00    0.00    0.00    1.00    12  postgres
04:08:38 PM 100998   2979090    0.00    0.00    0.00    0.00    0.00    10  postgres
04:08:38 PM 100998   2979091    0.00    1.00    0.00    0.00    1.00    12  postgres
04:08:38 PM 100998   2979092    1.00    0.00    0.00    0.00    1.00    12  postgres
04:08:38 PM 100998   2979093    1.00    0.00    0.00    0.00    1.00    10  postgres
04:08:38 PM 100998   2979094    0.00    0.00    0.00    0.00    0.00    10  postgres

04:08:38 PM   UID       PID    %usr %system  %guest   %wait    %CPU   CPU  Command
04:08:39 PM 100998   2977709    0.00    0.00    0.00    0.00    0.00    14  postgres
04:08:39 PM 100998   2977710    0.00    0.00    0.00    0.00    0.00    10  postgres
04:08:39 PM 100998   2977712    0.00    0.00    0.00    0.00    0.00    10  postgres
04:08:39 PM 100998   2977713    0.00    0.00    0.00    0.00    0.00    14  postgres
04:08:39 PM 100998   2978821    0.00    0.00    0.00    0.00    0.00    12  postgres
04:08:39 PM 100998   2978974    0.00    0.00    0.00    0.00    0.00    12  postgres
04:08:39 PM 100998   2979055    0.00    0.00    0.00    0.00    0.00    12  postgres
04:08:39 PM 100998   2979087    1.00    0.00    0.00    0.00    1.00    12  postgres
04:08:39 PM 100998   2979088    0.00    0.00    0.00    0.00    0.00    10  postgres
04:08:39 PM 100998   2979089    0.00    0.00    0.00    0.00    0.00    12  postgres
04:08:39 PM 100998   2979090    1.00    0.00    0.00    0.00    1.00    10  postgres
04:08:39 PM 100998   2979091    1.00    0.00    0.00    0.00    1.00    12  postgres
04:08:39 PM 100998   2979092    0.00    0.00    0.00    0.00    0.00    10  postgres
04:08:39 PM 100998   2979093    0.00    1.00    0.00    0.00    1.00    10  postgres
04:08:39 PM 100998   2979094    0.00    0.00    0.00    0.00    0.00    10  postgres

04:08:39 PM   UID       PID    %usr %system  %guest   %wait    %CPU   CPU  Command
04:08:40 PM 100998   2977709    0.00    0.00    0.00    0.00    0.00    14  postgres
04:08:40 PM 100998   2977710    0.00    0.00    0.00    0.00    0.00    12  postgres
04:08:40 PM 100998   2977712    0.00    0.00    0.00    0.00    0.00    10  postgres
04:08:40 PM 100998   2977713    0.00    0.00    0.00    0.00    0.00    14  postgres
04:08:40 PM 100998   2978821    0.00    0.00    0.00    0.00    0.00    10  postgres
04:08:40 PM 100998   2978974    1.00    0.00    0.00    0.00    1.00    10  postgres
04:08:40 PM 100998   2979055    1.00    1.00    0.00    0.00    2.00    10  postgres
04:08:40 PM 100998   2979087    0.00    0.00    0.00    0.00    0.00    12  postgres
04:08:40 PM 100998   2979088    0.00    1.00    0.00    0.00    1.00    10  postgres
04:08:40 PM 100998   2979089    1.00    0.00    0.00    0.00    1.00    12  postgres
04:08:40 PM 100998   2979090    0.00    0.00    0.00    0.00    0.00    10  postgres
04:08:40 PM 100998   2979091    0.00    0.00    0.00    0.00    0.00    12  postgres
04:08:40 PM 100998   2979092    0.00    1.00    0.00    0.00    1.00    12  postgres
04:08:40 PM 100998   2979093    0.00    0.00    0.00    0.00    0.00    10  postgres
04:08:40 PM 100998   2979094    0.00    0.00    0.00    0.00    0.00    10  postgres

04:08:40 PM   UID       PID    %usr %system  %guest   %wait    %CPU   CPU  Command
04:08:41 PM 100998   2977709    0.00    0.00    0.00    0.00    0.00    14  postgres
04:08:41 PM 100998   2977710    0.00    0.00    0.00    0.00    0.00    10  postgres
04:08:41 PM 100998   2977712    0.00    0.00    0.00    0.00    0.00    10  postgres
04:08:41 PM 100998   2977713    0.00    0.00    0.00    0.00    0.00    14  postgres
04:08:41 PM 100998   2978821    1.00    0.00    0.00    0.00    1.00    10  postgres
04:08:41 PM 100998   2978974    0.00    0.00    0.00    0.00    0.00    10  postgres
04:08:41 PM 100998   2979055    0.00    0.00    0.00    0.00    0.00    10  postgres
04:08:41 PM 100998   2979087    0.00    1.00    0.00    0.00    1.00    10  postgres
04:08:41 PM 100998   2979088    0.00    0.00    0.00    0.00    0.00    10  postgres
04:08:41 PM 100998   2979089    0.00    0.00    0.00    0.00    0.00    10  postgres
04:08:41 PM 100998   2979090    0.00    1.00    0.00    0.00    1.00    12  postgres
04:08:41 PM 100998   2979091    0.00    0.00    0.00    0.00    0.00    12  postgres
04:08:41 PM 100998   2979092    0.00    0.00    0.00    0.00    0.00    12  postgres
04:08:41 PM 100998   2979093    1.00    0.00    0.00    0.00    1.00    12  postgres
04:08:41 PM 100998   2979094    1.00    0.00    0.00    0.00    1.00    12  postgres

04:08:41 PM   UID       PID    %usr %system  %guest   %wait    %CPU   CPU  Command
04:08:42 PM 100998   2977709    0.00    0.00    0.00    0.00    0.00    14  postgres
04:08:42 PM 100998   2977710    0.00    0.00    0.00    0.00    0.00    10  postgres
04:08:42 PM 100998   2977712    0.00    0.00    0.00    0.00    0.00    10  postgres
04:08:42 PM 100998   2977713    0.00    0.00    0.00    0.00    0.00    14  postgres
04:08:42 PM 100998   2978821    0.00    0.00    0.00    0.00    0.00    10  postgres
04:08:42 PM 100998   2978974    1.00    1.00    0.00    0.00    2.00    14  postgres
04:08:42 PM 100998   2979055    0.00    0.00    0.00    0.00    0.00    12  postgres
04:08:42 PM 100998   2979087    0.00    0.00    0.00    0.00    0.00    12  postgres
04:08:42 PM 100998   2979088    0.00    0.00    0.00    0.00    0.00    10  postgres
04:08:42 PM 100998   2979089    0.00    0.00    0.00    0.00    0.00    12  postgres
04:08:42 PM 100998   2979090    0.00    0.00    0.00    0.00    0.00    14  postgres
04:08:42 PM 100998   2979091    0.00    0.00    0.00    0.00    0.00    10  postgres
04:08:42 PM 100998   2979092    0.00    0.00    0.00    0.00    0.00    12  postgres
04:08:42 PM 100998   2979093    0.00    0.00    0.00    0.00    0.00    10  postgres
04:08:42 PM 100998   2979094    0.00    0.00    0.00    0.00    0.00    10  postgres

04:08:42 PM   UID       PID    %usr %system  %guest   %wait    %CPU   CPU  Command
04:08:43 PM 100998   2977709    0.00    0.00    0.00    0.00    0.00    14  postgres
04:08:43 PM 100998   2977710    0.00    0.00    0.00    0.00    0.00    10  postgres
04:08:43 PM 100998   2977712    0.00    0.00    0.00    0.00    0.00    10  postgres
04:08:43 PM 100998   2977713    0.00    0.00    0.00    0.00    0.00    14  postgres
04:08:43 PM 100998   2978821    1.00    1.00    0.00    0.00    2.00    12  postgres
04:08:43 PM 100998   2978974    0.00    0.00    0.00    0.00    0.00    10  postgres
04:08:43 PM 100998   2979055    1.00    0.00    0.00    0.00    1.00    12  postgres
04:08:43 PM 100998   2979087    0.00    0.00    0.00    0.00    0.00    14  postgres
04:08:43 PM 100998   2979088    1.00    0.00    0.00    0.00    1.00    14  postgres
04:08:43 PM 100998   2979089    0.00    0.00    0.00    0.00    0.00    10  postgres
04:08:43 PM 100998   2979090    0.00    0.00    0.00    0.00    0.00    14  postgres
04:08:43 PM 100998   2979091    0.00    0.00    0.00    0.00    0.00    10  postgres
04:08:43 PM 100998   2979092    0.00    0.00    0.00    0.00    0.00    14  postgres
04:08:43 PM 100998   2979093    0.00    0.00    0.00    0.00    0.00    14  postgres
04:08:43 PM 100998   2979094    0.00    1.00    0.00    0.00    1.00    10  postgres

04:08:43 PM   UID       PID    %usr %system  %guest   %wait    %CPU   CPU  Command
04:08:44 PM 100998   2977709    0.00    0.00    0.00    0.00    0.00    14  postgres
04:08:44 PM 100998   2977710    0.00    0.00    0.00    0.00    0.00    10  postgres
04:08:44 PM 100998   2977712    0.00    0.00    0.00    0.00    0.00    10  postgres
04:08:44 PM 100998   2977713    0.00    0.00    0.00    0.00    0.00    14  postgres
04:08:44 PM 100998   2978821    0.00    0.00    0.00    0.00    0.00    12  postgres
04:08:44 PM 100998   2978974    0.00    0.00    0.00    0.00    0.00    10  postgres
04:08:44 PM 100998   2979055    0.00    0.00    0.00    0.00    0.00    10  postgres
04:08:44 PM 100998   2979087    1.00    0.00    0.00    0.00    1.00    12  postgres
04:08:44 PM 100998   2979088    0.00    0.00    0.00    0.00    0.00    14  postgres
04:08:44 PM 100998   2979089    1.00    0.00    0.00    0.00    1.00    14  postgres
04:08:44 PM 100998   2979090    1.00    0.00    0.00    0.00    1.00    14  postgres
04:08:44 PM 100998   2979091    0.00    0.00    0.00    0.00    0.00    10  postgres
04:08:44 PM 100998   2979092    1.00    0.00    0.00    0.00    1.00    12  postgres
04:08:44 PM 100998   2979093    0.00    0.00    0.00    0.00    0.00    14  postgres
04:08:44 PM 100998   2979094    0.00    0.00    0.00    0.00    0.00    14  postgres

04:08:44 PM   UID       PID    %usr %system  %guest   %wait    %CPU   CPU  Command
04:08:45 PM 100998   2977709    0.00    0.00    0.00    0.00    0.00    14  postgres
04:08:45 PM 100998   2977710    0.00    0.00    0.00    0.00    0.00    10  postgres
04:08:45 PM 100998   2977712    0.00    0.00    0.00    0.00    0.00    10  postgres
04:08:45 PM 100998   2977713    0.00    0.00    0.00    0.00    0.00    14  postgres
04:08:45 PM 100998   2978821    1.00    0.00    0.00    0.00    1.00    10  postgres
04:08:45 PM 100998   2978974    1.00    0.00    0.00    0.00    1.00    10  postgres
04:08:45 PM 100998   2979055    1.00    0.00    0.00    0.00    1.00    14  postgres
04:08:45 PM 100998   2979087    0.00    0.00    0.00    0.00    0.00    12  postgres
04:08:45 PM 100998   2979088    0.00    0.00    0.00    0.00    0.00    14  postgres
04:08:45 PM 100998   2979089    0.00    0.00    0.00    0.00    0.00    12  postgres
04:08:45 PM 100998   2979090    0.00    0.00    0.00    0.00    0.00    10  postgres
04:08:45 PM 100998   2979091    1.00    0.00    0.00    0.00    1.00    14  postgres
04:08:45 PM 100998   2979092    0.00    0.00    0.00    0.00    0.00    14  postgres
04:08:45 PM 100998   2979093    0.00    0.00    0.00    0.00    0.00    12  postgres
04:08:45 PM 100998   2979094    0.00    0.00    0.00    0.00    0.00    12  postgres

04:08:45 PM   UID       PID    %usr %system  %guest   %wait    %CPU   CPU  Command
04:08:46 PM 100998   2977709    0.00    0.00    0.00    0.00    0.00    14  postgres
04:08:46 PM 100998   2977710    0.00    0.00    0.00    0.00    0.00    10  postgres
04:08:46 PM 100998   2977712    0.00    0.00    0.00    0.00    0.00    10  postgres
04:08:46 PM 100998   2977713    0.00    0.00    0.00    0.00    0.00    14  postgres
04:08:46 PM 100998   2978821    0.00    0.00    0.00    0.00    0.00    10  postgres
04:08:46 PM 100998   2978974    0.00    0.00    0.00    0.00    0.00    14  postgres
04:08:46 PM 100998   2979055    0.00    1.00    0.00    0.00    1.00    12  postgres
04:08:46 PM 100998   2979087    0.00    0.00    0.00    0.00    0.00    14  postgres
04:08:46 PM 100998   2979088    1.00    0.00    0.00    0.00    1.00    14  postgres
04:08:46 PM 100998   2979089    0.00    1.00    0.00    0.00    1.00    14  postgres
04:08:46 PM 100998   2979090    1.00    0.00    0.00    0.00    1.00    14  postgres
04:08:46 PM 100998   2979091    0.00    0.00    0.00    0.00    0.00    14  postgres
04:08:46 PM 100998   2979092    0.00    0.00    0.00    0.00    0.00    14  postgres
04:08:46 PM 100998   2979093    0.00    0.00    0.00    0.00    0.00    14  postgres
04:08:46 PM 100998   2979094    0.00    0.00    0.00    0.00    0.00    12  postgres

04:08:46 PM   UID       PID    %usr %system  %guest   %wait    %CPU   CPU  Command
04:08:47 PM 100998   2977709    0.00    0.00    0.00    0.00    0.00    14  postgres
04:08:47 PM 100998   2977710    0.00    0.00    0.00    0.00    0.00    10  postgres
04:08:47 PM 100998   2977712    0.00    0.00    0.00    0.00    0.00    10  postgres
04:08:47 PM 100998   2977713    0.00    0.00    0.00    0.00    0.00    14  postgres
04:08:47 PM 100998   2978821    1.00    1.00    0.00    0.00    2.00    12  postgres
04:08:47 PM 100998   2978974    0.00    1.00    0.00    0.00    1.00    12  postgres
04:08:47 PM 100998   2979055    1.00    0.00    0.00    0.00    1.00    12  postgres
04:08:47 PM 100998   2979087    0.00    1.00    0.00    0.00    1.00    10  postgres
04:08:47 PM 100998   2979088    0.00    0.00    0.00    0.00    0.00    12  postgres
04:08:47 PM 100998   2979089    1.00    0.00    0.00    0.00    1.00    12  postgres
04:08:47 PM 100998   2979090    0.00    0.00    0.00    0.00    0.00    12  postgres
04:08:47 PM 100998   2979091    0.00    1.00    0.00    0.00    1.00    12  postgres
04:08:47 PM 100998   2979092    1.00    0.00    0.00    0.00    1.00    12  postgres
04:08:47 PM 100998   2979093    0.00    1.00    0.00    0.00    1.00    10  postgres
04:08:47 PM 100998   2979094    1.00    0.00    0.00    0.00    1.00    12  postgres

04:08:47 PM   UID       PID    %usr %system  %guest   %wait    %CPU   CPU  Command
04:08:48 PM 100998   2977709    0.00    0.00    0.00    0.00    0.00    14  postgres
04:08:48 PM 100998   2977710    0.00    0.00    0.00    0.00    0.00    10  postgres
04:08:48 PM 100998   2977712    0.00    0.00    0.00    0.00    0.00    10  postgres
04:08:48 PM 100998   2977713    0.00    0.00    0.00    0.00    0.00    14  postgres
04:08:48 PM 100998   2978821    0.00    0.00    0.00    0.00    0.00    12  postgres
04:08:48 PM 100998   2978974    1.00    0.00    0.00    0.00    1.00    10  postgres
04:08:48 PM 100998   2979055    0.00    0.00    0.00    0.00    0.00    12  postgres
04:08:48 PM 100998   2979087    0.00    0.00    0.00    0.00    0.00    14  postgres
04:08:48 PM 100998   2979088    0.00    0.00    0.00    0.00    0.00    10  postgres
04:08:48 PM 100998   2979089    0.00    0.00    0.00    0.00    0.00    10  postgres
04:08:48 PM 100998   2979090    0.00    0.00    0.00    0.00    0.00    12  postgres
04:08:48 PM 100998   2979091    0.00    0.00    0.00    0.00    0.00    12  postgres
04:08:48 PM 100998   2979092    0.00    0.00    0.00    0.00    0.00    10  postgres
04:08:48 PM 100998   2979093    1.00    0.00    0.00    0.00    1.00    12  postgres
04:08:48 PM 100998   2979094    0.00    0.00    0.00    0.00    0.00    12  postgres

04:08:48 PM   UID       PID    %usr %system  %guest   %wait    %CPU   CPU  Command
04:08:49 PM 100998   2977709    0.00    0.00    0.00    0.00    0.00    14  postgres
04:08:49 PM 100998   2977710    0.00    0.00    0.00    0.00    0.00    10  postgres
04:08:49 PM 100998   2977712    0.00    0.00    0.00    0.00    0.00    10  postgres
04:08:49 PM 100998   2977713    0.00    0.00    0.00    0.00    0.00    14  postgres
04:08:49 PM 100998   2978821    0.00    1.00    0.00    0.00    1.00    10  postgres
04:08:49 PM 100998   2978974    0.00    0.00    0.00    0.00    0.00    12  postgres
04:08:49 PM 100998   2979055    0.00    0.00    0.00    0.00    0.00    10  postgres
04:08:49 PM 100998   2979087    1.00    0.00    0.00    0.00    1.00    10  postgres
04:08:49 PM 100998   2979088    1.00    0.00    0.00    0.00    1.00    10  postgres
04:08:49 PM 100998   2979089    0.00    0.00    0.00    0.00    0.00    14  postgres
04:08:49 PM 100998   2979090    0.00    1.00    0.00    0.00    1.00    12  postgres
04:08:49 PM 100998   2979091    1.00    0.00    0.00    0.00    1.00    10  postgres
04:08:49 PM 100998   2979092    0.00    1.00    0.00    0.00    1.00    10  postgres
04:08:49 PM 100998   2979093    0.00    0.00    0.00    0.00    0.00    12  postgres
04:08:49 PM 100998   2979094    1.00    0.00    0.00    0.00    1.00    10  postgres

04:08:49 PM   UID       PID    %usr %system  %guest   %wait    %CPU   CPU  Command
04:08:50 PM 100998   2977709    0.00    0.00    0.00    0.00    0.00    14  postgres
04:08:50 PM 100998   2977710    0.00    0.00    0.00    0.00    0.00    10  postgres
04:08:50 PM 100998   2977712    0.00    0.00    0.00    0.00    0.00    10  postgres
04:08:50 PM 100998   2977713    0.00    0.00    0.00    0.00    0.00    14  postgres
04:08:50 PM 100998   2978821    1.00    0.00    0.00    0.00    1.00    10  postgres
04:08:50 PM 100998   2978974    0.00    1.00    0.00    0.00    1.00    14  postgres
04:08:50 PM 100998   2979055    1.00    1.00    0.00    0.00    2.00    10  postgres
04:08:50 PM 100998   2979087    0.00    1.00    0.00    0.00    1.00    14  postgres
04:08:50 PM 100998   2979088    1.00    1.00    0.00    0.00    2.00    14  postgres
04:08:50 PM 100998   2979089    0.00    0.00    0.00    0.00    0.00    14  postgres
04:08:50 PM 100998   2979090    0.00    0.00    0.00    0.00    0.00    10  postgres
04:08:50 PM 100998   2979091    0.00    0.00    0.00    0.00    0.00    14  postgres
04:08:50 PM 100998   2979092    0.00    0.00    0.00    0.00    0.00    12  postgres
04:08:50 PM 100998   2979093    0.00    0.00    0.00    0.00    0.00    10  postgres
04:08:50 PM 100998   2979094    0.00    0.00    0.00    0.00    0.00    10  postgres

04:08:50 PM   UID       PID    %usr %system  %guest   %wait    %CPU   CPU  Command
04:08:51 PM 100998   2977709    0.00    0.00    0.00    0.00    0.00    14  postgres
04:08:51 PM 100998   2977710    0.00    0.00    0.00    0.00    0.00    10  postgres
04:08:51 PM 100998   2977712    0.00    0.00    0.00    0.00    0.00    10  postgres
04:08:51 PM 100998   2977713    0.00    0.00    0.00    0.00    0.00    14  postgres
04:08:51 PM 100998   2978821    1.00    0.00    0.00    0.00    1.00    12  postgres
04:08:51 PM 100998   2978974    1.00    0.00    0.00    0.00    1.00    14  postgres
04:08:51 PM 100998   2979055    0.00    0.00    0.00    0.00    0.00    12  postgres
04:08:51 PM 100998   2979087    1.00    0.00    0.00    0.00    1.00    10  postgres
04:08:51 PM 100998   2979088    0.00    0.00    0.00    0.00    0.00    12  postgres
04:08:51 PM 100998   2979089    1.00    0.00    0.00    0.00    1.00    14  postgres
04:08:51 PM 100998   2979090    1.00    0.00    0.00    0.00    1.00    10  postgres
04:08:51 PM 100998   2979091    0.00    0.00    0.00    0.00    0.00    14  postgres
04:08:51 PM 100998   2979092    1.00    0.00    0.00    0.00    1.00    10  postgres
04:08:51 PM 100998   2979093    0.00    0.00    0.00    0.00    0.00    10  postgres
04:08:51 PM 100998   2979094    1.00    0.00    0.00    0.00    1.00    12  postgres

04:08:51 PM   UID       PID    %usr %system  %guest   %wait    %CPU   CPU  Command
04:08:52 PM 100998   2977709    0.00    0.00    0.00    0.00    0.00    14  postgres
04:08:52 PM 100998   2977710    0.00    0.00    0.00    0.00    0.00    10  postgres
04:08:52 PM 100998   2977712    0.00    0.00    0.00    0.00    0.00    10  postgres
04:08:52 PM 100998   2977713    0.00    0.00    0.00    0.00    0.00    14  postgres
04:08:52 PM 100998   2978821    0.00    1.00    0.00    0.00    1.00    10  postgres
04:08:52 PM 100998   2978974    1.00    0.00    0.00    0.00    1.00    10  postgres
04:08:52 PM 100998   2979055    0.00    0.00    0.00    0.00    0.00    12  postgres
04:08:52 PM 100998   2979087    0.00    0.00    0.00    0.00    0.00    14  postgres
04:08:52 PM 100998   2979088    0.00    0.00    0.00    0.00    0.00    12  postgres
04:08:52 PM 100998   2979089    0.00    0.00    0.00    0.00    0.00    10  postgres
04:08:52 PM 100998   2979090    0.00    1.00    0.00    0.00    1.00    10  postgres
04:08:52 PM 100998   2979091    1.00    0.00    0.00    0.00    1.00    12  postgres
04:08:52 PM 100998   2979092    0.00    0.00    0.00    0.00    0.00    12  postgres
04:08:52 PM 100998   2979093    1.00    0.00    0.00    0.00    1.00    12  postgres
04:08:52 PM 100998   2979094    0.00    0.00    0.00    0.00    0.00    14  postgres

04:08:52 PM   UID       PID    %usr %system  %guest   %wait    %CPU   CPU  Command
04:08:53 PM 100998   2977709    0.00    0.00    0.00    0.00    0.00    14  postgres
04:08:53 PM 100998   2977710    0.00    0.00    0.00    0.00    0.00    10  postgres
04:08:53 PM 100998   2977712    0.00    0.00    0.00    0.00    0.00    10  postgres
04:08:53 PM 100998   2977713    0.00    0.00    0.00    0.00    0.00    14  postgres
04:08:53 PM 100998   2978821    1.00    0.00    0.00    0.00    1.00    10  postgres
04:08:53 PM 100998   2978974    1.00    0.00    0.00    0.00    1.00    10  postgres
04:08:53 PM 100998   2979055    1.00    0.00    0.00    0.00    1.00    14  postgres
04:08:53 PM 100998   2979087    0.00    0.00    0.00    0.00    0.00    10  postgres
04:08:53 PM 100998   2979088    1.00    0.00    0.00    0.00    1.00    10  postgres
04:08:53 PM 100998   2979089    0.00    1.00    0.00    0.00    1.00    10  postgres
04:08:53 PM 100998   2979090    0.00    0.00    0.00    0.00    0.00    14  postgres
04:08:53 PM 100998   2979091    0.00    0.00    0.00    0.00    0.00    10  postgres
04:08:53 PM 100998   2979092    1.00    0.00    0.00    0.00    1.00    12  postgres
04:08:53 PM 100998   2979093    0.00    1.00    0.00    0.00    1.00    12  postgres
04:08:53 PM 100998   2979094    0.00    1.00    0.00    0.00    1.00    12  postgres

04:08:53 PM   UID       PID    %usr %system  %guest   %wait    %CPU   CPU  Command
04:08:54 PM 100998   2977709    0.00    0.00    0.00    0.00    0.00    14  postgres
04:08:54 PM 100998   2977710    0.00    0.00    0.00    0.00    0.00    12  postgres
04:08:54 PM 100998   2977712    0.00    0.00    0.00    0.00    0.00    10  postgres
04:08:54 PM 100998   2977713    0.00    0.00    0.00    0.00    0.00    14  postgres
04:08:54 PM 100998   2978821    1.00    0.00    0.00    0.00    1.00    14  postgres
04:08:54 PM 100998   2978974    0.00    1.00    0.00    0.00    1.00    12  postgres
04:08:54 PM 100998   2979055    1.00    0.00    0.00    0.00    1.00    12  postgres
04:08:54 PM 100998   2979087    1.00    1.00    0.00    0.00    2.00    10  postgres
04:08:54 PM 100998   2979088    0.00    0.00    0.00    0.00    0.00    10  postgres
04:08:54 PM 100998   2979089    1.00    0.00    0.00    0.00    1.00    10  postgres
04:08:54 PM 100998   2979090    1.00    0.00    0.00    0.00    1.00    14  postgres
04:08:54 PM 100998   2979091    1.00    0.00    0.00    0.00    1.00    12  postgres
04:08:54 PM 100998   2979092    0.00    0.00    0.00    0.00    0.00    12  postgres
04:08:54 PM 100998   2979093    0.00    0.00    0.00    0.00    0.00    12  postgres
04:08:54 PM 100998   2979094    0.00    0.00    0.00    0.00    0.00    14  postgres

04:08:54 PM   UID       PID    %usr %system  %guest   %wait    %CPU   CPU  Command
04:08:55 PM 100998   2977709    0.00    0.00    0.00    0.00    0.00    14  postgres
04:08:55 PM 100998   2977710    0.00    0.00    0.00    0.00    0.00    12  postgres
04:08:55 PM 100998   2977712    0.00    0.00    0.00    0.00    0.00    10  postgres
04:08:55 PM 100998   2977713    0.00    0.00    0.00    0.00    0.00    14  postgres
04:08:55 PM 100998   2978821    0.00    0.00    0.00    0.00    0.00    10  postgres
04:08:55 PM 100998   2978974    0.00    0.00    0.00    0.00    0.00    10  postgres
04:08:55 PM 100998   2979055    1.00    1.00    0.00    0.00    2.00    10  postgres
04:08:55 PM 100998   2979087    0.00    0.00    0.00    0.00    0.00    12  postgres
04:08:55 PM 100998   2979088    1.00    1.00    0.00    0.00    2.00    10  postgres
04:08:55 PM 100998   2979089    0.00    0.00    0.00    0.00    0.00    14  postgres
04:08:55 PM 100998   2979090    0.00    1.00    0.00    0.00    1.00    10  postgres
04:08:55 PM 100998   2979091    0.00    0.00    0.00    0.00    0.00    12  postgres
04:08:55 PM 100998   2979092    1.00    0.00    0.00    0.00    1.00    14  postgres
04:08:55 PM 100998   2979093    1.00    0.00    0.00    0.00    1.00    14  postgres
04:08:55 PM 100998   2979094    0.00    0.00    0.00    0.00    0.00    10  postgres

04:08:55 PM   UID       PID    %usr %system  %guest   %wait    %CPU   CPU  Command
04:08:56 PM 100998   2977709    0.00    0.00    0.00    0.00    0.00    14  postgres
04:08:56 PM 100998   2977710    0.00    0.00    0.00    0.00    0.00    12  postgres
04:08:56 PM 100998   2977712    0.00    0.00    0.00    0.00    0.00    10  postgres
04:08:56 PM 100998   2977713    0.00    0.00    0.00    0.00    0.00    14  postgres
04:08:56 PM 100998   2978821    1.00    1.00    0.00    0.00    2.00    12  postgres
04:08:56 PM 100998   2978974    1.00    0.00    0.00    0.00    1.00    10  postgres
04:08:56 PM 100998   2979055    0.00    0.00    0.00    0.00    0.00    12  postgres
04:08:56 PM 100998   2979087    1.00    0.00    0.00    0.00    1.00    14  postgres
04:08:56 PM 100998   2979088    0.00    0.00    0.00    0.00    0.00    12  postgres
04:08:56 PM 100998   2979089    0.00    0.00    0.00    0.00    0.00    10  postgres
04:08:56 PM 100998   2979090    1.00    0.00    0.00    0.00    1.00    10  postgres
04:08:56 PM 100998   2979091    0.00    1.00    0.00    0.00    1.00    14  postgres
04:08:56 PM 100998   2979092    0.00    0.00    0.00    0.00    0.00    10  postgres
04:08:56 PM 100998   2979093    0.00    0.00    0.00    0.00    0.00    14  postgres
04:08:56 PM 100998   2979094    1.00    1.00    0.00    0.00    2.00    14  postgres

04:08:56 PM   UID       PID    %usr %system  %guest   %wait    %CPU   CPU  Command
04:08:57 PM 100998   2977709    0.00    0.00    0.00    0.00    0.00    14  postgres
04:08:57 PM 100998   2977710    0.00    0.00    0.00    0.00    0.00    12  postgres
04:08:57 PM 100998   2977712    0.00    0.00    0.00    0.00    0.00    10  postgres
04:08:57 PM 100998   2977713    0.00    0.00    0.00    0.00    0.00    14  postgres
04:08:57 PM 100998   2978821    1.00    0.00    0.00    0.00    1.00    10  postgres
04:08:57 PM 100998   2978974    1.00    0.00    0.00    0.00    1.00    12  postgres
04:08:57 PM 100998   2979055    0.00    0.00    0.00    0.00    0.00    14  postgres
04:08:57 PM 100998   2979087    0.00    0.00    0.00    0.00    0.00    12  postgres
04:08:57 PM 100998   2979088    1.00    0.00    0.00    0.00    1.00    14  postgres
04:08:57 PM 100998   2979089    1.00    1.00    0.00    0.00    2.00    10  postgres
04:08:57 PM 100998   2979090    1.00    0.00    0.00    0.00    1.00    12  postgres
04:08:57 PM 100998   2979091    1.00    0.00    0.00    0.00    1.00    12  postgres
04:08:57 PM 100998   2979092    1.00    1.00    0.00    0.00    2.00    10  postgres
04:08:57 PM 100998   2979093    0.00    1.00    0.00    0.00    1.00    10  postgres
04:08:57 PM 100998   2979094    0.00    0.00    0.00    0.00    0.00    12  postgres

04:08:57 PM   UID       PID    %usr %system  %guest   %wait    %CPU   CPU  Command
04:08:58 PM 100998   2977709    0.00    0.00    0.00    0.00    0.00    14  postgres
04:08:58 PM 100998   2977710    0.00    0.00    0.00    0.00    0.00    12  postgres
04:08:58 PM 100998   2977712    0.00    0.00    0.00    0.00    0.00    10  postgres
04:08:58 PM 100998   2977713    0.00    0.00    0.00    0.00    0.00    14  postgres
04:08:58 PM 100998   2978821    1.00    0.00    0.00    0.00    1.00    10  postgres
04:08:58 PM 100998   2978974    0.00    1.00    0.00    0.00    1.00    12  postgres
04:08:58 PM 100998   2979055    1.00    0.00    0.00    0.00    1.00    12  postgres
04:08:58 PM 100998   2979087    0.00    1.00    0.00    0.00    1.00    12  postgres
04:08:58 PM 100998   2979088    1.00    0.00    0.00    0.00    1.00    10  postgres
04:08:58 PM 100998   2979089    0.00    0.00    0.00    0.00    0.00    12  postgres
04:08:58 PM 100998   2979090    0.00    1.00    0.00    0.00    1.00    12  postgres
04:08:58 PM 100998   2979091    0.00    0.00    0.00    0.00    0.00    10  postgres
04:08:58 PM 100998   2979092    0.00    0.00    0.00    0.00    0.00    12  postgres
04:08:58 PM 100998   2979093    1.00    0.00    0.00    0.00    1.00    14  postgres
04:08:58 PM 100998   2979094    1.00    1.00    0.00    0.00    2.00    14  postgres

04:08:58 PM   UID       PID    %usr %system  %guest   %wait    %CPU   CPU  Command
04:08:59 PM 100998   2977709    0.00    0.00    0.00    0.00    0.00    14  postgres
04:08:59 PM 100998   2977710    0.00    0.00    0.00    0.00    0.00    12  postgres
04:08:59 PM 100998   2977712    0.00    0.00    0.00    0.00    0.00    10  postgres
04:08:59 PM 100998   2977713    0.00    0.00    0.00    0.00    0.00    14  postgres
04:08:59 PM 100998   2978821    0.00    0.00    0.00    0.00    0.00    10  postgres
04:08:59 PM 100998   2978974    1.00    0.00    0.00    0.00    1.00    14  postgres
04:08:59 PM 100998   2979055    1.00    1.00    0.00    0.00    2.00    10  postgres
04:08:59 PM 100998   2979087    1.00    0.00    0.00    0.00    1.00    14  postgres
04:08:59 PM 100998   2979088    0.00    1.00    0.00    0.00    1.00    10  postgres
04:08:59 PM 100998   2979089    1.00    0.00    0.00    0.00    1.00    12  postgres
04:08:59 PM 100998   2979090    0.00    0.00    0.00    0.00    0.00    10  postgres
04:08:59 PM 100998   2979091    0.00    1.00    0.00    0.00    1.00    10  postgres
04:08:59 PM 100998   2979092    0.00    0.00    0.00    0.00    0.00    12  postgres
04:08:59 PM 100998   2979093    0.00    0.00    0.00    0.00    0.00    10  postgres
04:08:59 PM 100998   2979094    0.00    0.00    0.00    0.00    0.00    14  postgres

04:08:59 PM   UID       PID    %usr %system  %guest   %wait    %CPU   CPU  Command
04:09:00 PM 100998   2977709    0.00    0.00    0.00    0.00    0.00    14  postgres
04:09:00 PM 100998   2977710    0.00    0.00    0.00    0.00    0.00    12  postgres
04:09:00 PM 100998   2977712    0.00    0.00    0.00    0.00    0.00    10  postgres
04:09:00 PM 100998   2977713    0.00    0.00    0.00    0.00    0.00    14  postgres
04:09:00 PM 100998   2978821    1.00    1.00    0.00    0.00    2.00    14  postgres
04:09:00 PM 100998   2978974    0.00    0.00    0.00    0.00    0.00    12  postgres
04:09:00 PM 100998   2979055    0.00    0.00    0.00    0.00    0.00    14  postgres
04:09:00 PM 100998   2979087    1.00    0.00    0.00    0.00    1.00    12  postgres
04:09:00 PM 100998   2979088    1.00    0.00    0.00    0.00    1.00    10  postgres
04:09:00 PM 100998   2979089    0.00    1.00    0.00    0.00    1.00    12  postgres
04:09:00 PM 100998   2979090    1.00    0.00    0.00    0.00    1.00    10  postgres
04:09:00 PM 100998   2979091    1.00    0.00    0.00    0.00    1.00    14  postgres
04:09:00 PM 100998   2979092    1.00    1.00    0.00    0.00    2.00    12  postgres
04:09:00 PM 100998   2979093    0.00    0.00    0.00    0.00    0.00    14  postgres
04:09:00 PM 100998   2979094    0.00    0.00    0.00    0.00    0.00    10  postgres

04:09:00 PM   UID       PID    %usr %system  %guest   %wait    %CPU   CPU  Command
04:09:01 PM 100998   2977709    0.00    0.00    0.00    0.00    0.00    14  postgres
04:09:01 PM 100998   2977710    0.00    0.00    0.00    0.00    0.00    12  postgres
04:09:01 PM 100998   2977712    0.00    0.00    0.00    0.00    0.00    10  postgres
04:09:01 PM 100998   2977713    0.00    0.00    0.00    0.00    0.00    14  postgres
04:09:01 PM 100998   2978821    1.00    0.00    0.00    0.00    1.00    14  postgres
04:09:01 PM 100998   2978974    1.00    0.00    0.00    0.00    1.00    14  postgres
04:09:01 PM 100998   2979055    1.00    0.00    0.00    0.00    1.00    12  postgres
04:09:01 PM 100998   2979087    0.00    0.00    0.00    0.00    0.00    14  postgres
04:09:01 PM 100998   2979088    0.00    0.00    0.00    0.00    0.00    14  postgres
04:09:01 PM 100998   2979089    1.00    0.00    0.00    0.00    1.00    12  postgres
04:09:01 PM 100998   2979090    0.00    1.00    0.00    0.00    1.00    10  postgres
04:09:01 PM 100998   2979091    0.00    0.00    0.00    0.00    0.00    14  postgres
04:09:01 PM 100998   2979092    0.00    0.00    0.00    0.00    0.00    10  postgres
04:09:01 PM 100998   2979093    0.00    1.00    0.00    0.00    1.00    10  postgres
04:09:01 PM 100998   2979094    1.00    0.00    0.00    0.00    1.00    10  postgres

04:09:01 PM   UID       PID    %usr %system  %guest   %wait    %CPU   CPU  Command
04:09:02 PM 100998   2977709    0.00    0.00    0.00    0.00    0.00    14  postgres
04:09:02 PM 100998   2977710    0.00    0.00    0.00    0.00    0.00    12  postgres
04:09:02 PM 100998   2977712    0.00    0.00    0.00    0.00    0.00    10  postgres
04:09:02 PM 100998   2977713    0.00    0.00    0.00    0.00    0.00    14  postgres
04:09:02 PM 100998   2978821    1.00    0.00    0.00    0.00    1.00    12  postgres
04:09:02 PM 100998   2978974    0.00    0.00    0.00    0.00    0.00    10  postgres
04:09:02 PM 100998   2979055    0.00    0.00    0.00    0.00    0.00    10  postgres
04:09:02 PM 100998   2979087    0.00    1.00    0.00    0.00    1.00    12  postgres
04:09:02 PM 100998   2979088    1.00    0.00    0.00    0.00    1.00    12  postgres
04:09:02 PM 100998   2979089    0.00    0.00    0.00    0.00    0.00    14  postgres
04:09:02 PM 100998   2979090    0.00    0.00    0.00    0.00    0.00    14  postgres
04:09:02 PM 100998   2979091    0.00    0.00    0.00    0.00    0.00    12  postgres
04:09:02 PM 100998   2979092    1.00    0.00    0.00    0.00    1.00    10  postgres
04:09:02 PM 100998   2979093    1.00    0.00    0.00    0.00    1.00    14  postgres
04:09:02 PM 100998   2979094    0.00    0.00    0.00    0.00    0.00    12  postgres

04:09:02 PM   UID       PID    %usr %system  %guest   %wait    %CPU   CPU  Command
04:09:03 PM 100998   2977709    0.00    0.00    0.00    0.00    0.00    14  postgres
04:09:03 PM 100998   2977710    0.00    0.00    0.00    0.00    0.00    12  postgres
04:09:03 PM 100998   2977712    0.00    0.00    0.00    0.00    0.00    10  postgres
04:09:03 PM 100998   2977713    0.00    0.00    0.00    0.00    0.00    14  postgres
04:09:03 PM 100998   2978821    0.00    0.00    0.00    0.00    0.00    12  postgres
04:09:03 PM 100998   2978974    1.00    1.00    0.00    0.00    2.00    14  postgres
04:09:03 PM 100998   2979055    0.00    1.00    0.00    0.00    1.00    10  postgres
04:09:03 PM 100998   2979087    1.00    0.00    0.00    0.00    1.00    14  postgres
04:09:03 PM 100998   2979088    0.00    0.00    0.00    0.00    0.00    10  postgres
04:09:03 PM 100998   2979089    0.00    1.00    0.00    0.00    1.00    14  postgres
04:09:03 PM 100998   2979090    1.00    0.00    0.00    0.00    1.00    10  postgres
04:09:03 PM 100998   2979091    1.00    1.00    0.00    0.00    2.00    12  postgres
04:09:03 PM 100998   2979092    0.00    0.00    0.00    0.00    0.00    12  postgres
04:09:03 PM 100998   2979093    0.00    0.00    0.00    0.00    0.00    14  postgres
04:09:03 PM 100998   2979094    0.00    0.00    0.00    0.00    0.00    12  postgres

04:09:03 PM   UID       PID    %usr %system  %guest   %wait    %CPU   CPU  Command
04:09:04 PM 100998   2977709    0.00    0.00    0.00    0.00    0.00    14  postgres
04:09:04 PM 100998   2977710    0.00    0.00    0.00    0.00    0.00    12  postgres
04:09:04 PM 100998   2977712    0.00    0.00    0.00    0.00    0.00    10  postgres
04:09:04 PM 100998   2977713    0.00    0.00    0.00    0.00    0.00    14  postgres
04:09:04 PM 100998   2978821    0.00    1.00    0.00    0.00    1.00    12  postgres
04:09:04 PM 100998   2978974    0.00    0.00    0.00    0.00    0.00    10  postgres
04:09:04 PM 100998   2979055    1.00    0.00    0.00    0.00    1.00    12  postgres
04:09:04 PM 100998   2979087    0.00    0.00    0.00    0.00    0.00    12  postgres
04:09:04 PM 100998   2979088    0.00    1.00    0.00    0.00    1.00    12  postgres
04:09:04 PM 100998   2979089    0.00    0.00    0.00    0.00    0.00    14  postgres
04:09:04 PM 100998   2979090    0.00    0.00    0.00    0.00    0.00    14  postgres
04:09:04 PM 100998   2979091    0.00    0.00    0.00    0.00    0.00    14  postgres
04:09:04 PM 100998   2979092    0.00    0.00    0.00    0.00    0.00    12  postgres
04:09:04 PM 100998   2979093    0.00    0.00    0.00    0.00    0.00    14  postgres
04:09:04 PM 100998   2979094    0.00    1.00    0.00    0.00    1.00    14  postgres

04:09:04 PM   UID       PID    %usr %system  %guest   %wait    %CPU   CPU  Command
04:09:05 PM 100998   2977709    0.00    0.00    0.00    0.00    0.00    14  postgres
04:09:05 PM 100998   2977710    0.00    0.00    0.00    0.00    0.00    12  postgres
04:09:05 PM 100998   2977712    0.00    0.00    0.00    0.00    0.00    10  postgres
04:09:05 PM 100998   2977713    0.00    0.00    0.00    0.00    0.00    14  postgres
04:09:05 PM 100998   2978821    1.00    0.00    0.00    0.00    1.00    10  postgres
04:09:05 PM 100998   2978974    1.00    0.00    0.00    0.00    1.00    14  postgres
04:09:05 PM 100998   2979055    0.00    0.00    0.00    0.00    0.00    10  postgres
04:09:05 PM 100998   2979087    0.00    1.00    0.00    0.00    1.00    10  postgres
04:09:05 PM 100998   2979088    1.00    0.00    0.00    0.00    1.00    14  postgres
04:09:05 PM 100998   2979089    1.00    0.00    0.00    0.00    1.00    14  postgres
04:09:05 PM 100998   2979090    1.00    0.00    0.00    0.00    1.00    12  postgres
04:09:05 PM 100998   2979091    1.00    0.00    0.00    0.00    1.00    10  postgres
04:09:05 PM 100998   2979092    0.00    0.00    0.00    0.00    0.00    10  postgres
04:09:05 PM 100998   2979093    0.00    0.00    0.00    0.00    0.00    14  postgres
04:09:05 PM 100998   2979094    1.00    0.00    0.00    0.00    1.00    12  postgres

04:09:05 PM   UID       PID    %usr %system  %guest   %wait    %CPU   CPU  Command
04:09:06 PM 100998   2977709    0.00    0.00    0.00    0.00    0.00    14  postgres
04:09:06 PM 100998   2977710    0.00    0.00    0.00    0.00    0.00    10  postgres
04:09:06 PM 100998   2977712    0.00    0.00    0.00    0.00    0.00    10  postgres
04:09:06 PM 100998   2977713    0.00    0.00    0.00    0.00    0.00    14  postgres
04:09:06 PM 100998   2978821    1.00    1.00    0.00    0.00    2.00    10  postgres
04:09:06 PM 100998   2978974    1.00    1.00    0.00    0.00    2.00    10  postgres
04:09:06 PM 100998   2979055    1.00    0.00    0.00    0.00    1.00    14  postgres
04:09:06 PM 100998   2979087    1.00    0.00    0.00    0.00    1.00    10  postgres
04:09:06 PM 100998   2979088    0.00    0.00    0.00    0.00    0.00    14  postgres
04:09:06 PM 100998   2979089    0.00    0.00    0.00    0.00    0.00    14  postgres
04:09:06 PM 100998   2979090    0.00    1.00    0.00    0.00    1.00    14  postgres
04:09:06 PM 100998   2979091    0.00    0.00    0.00    0.00    0.00    14  postgres
04:09:06 PM 100998   2979092    1.00    1.00    0.00    0.00    2.00    12  postgres
04:09:06 PM 100998   2979093    1.00    0.00    0.00    0.00    1.00    12  postgres
04:09:06 PM 100998   2979094    0.00    0.00    0.00    0.00    0.00    10  postgres

04:09:06 PM   UID       PID    %usr %system  %guest   %wait    %CPU   CPU  Command
04:09:07 PM 100998   2977709    0.00    0.00    0.00    0.00    0.00    14  postgres
04:09:07 PM 100998   2977710    0.00    0.00    0.00    0.00    0.00    10  postgres
04:09:07 PM 100998   2977712    0.00    0.00    0.00    0.00    0.00    10  postgres
04:09:07 PM 100998   2977713    0.00    0.00    0.00    0.00    0.00    14  postgres
04:09:07 PM 100998   2978821    1.00    0.00    0.00    0.00    1.00    10  postgres
04:09:07 PM 100998   2978974    1.00    0.00    0.00    0.00    1.00    10  postgres
04:09:07 PM 100998   2979055    1.00    0.00    0.00    0.00    1.00    14  postgres
04:09:07 PM 100998   2979087    0.00    0.00    0.00    0.00    0.00    14  postgres
04:09:07 PM 100998   2979088    1.00    0.00    0.00    0.00    1.00    12  postgres
04:09:07 PM 100998   2979089    0.00    1.00    0.00    0.00    1.00    10  postgres
04:09:07 PM 100998   2979090    0.00    0.00    0.00    0.00    0.00    10  postgres
04:09:07 PM 100998   2979091    1.00    1.00    0.00    0.00    2.00    10  postgres
04:09:07 PM 100998   2979092    0.00    0.00    0.00    0.00    0.00    12  postgres
04:09:07 PM 100998   2979093    0.00    0.00    0.00    0.00    0.00    10  postgres
04:09:07 PM 100998   2979094    1.00    0.00    0.00    0.00    1.00    14  postgres

04:09:07 PM   UID       PID    %usr %system  %guest   %wait    %CPU   CPU  Command
04:09:08 PM 100998   2977709    0.00    0.00    0.00    0.00    0.00    14  postgres
04:09:08 PM 100998   2977710    0.00    0.00    0.00    0.00    0.00    10  postgres
04:09:08 PM 100998   2977712    0.00    0.00    0.00    0.00    0.00    10  postgres
04:09:08 PM 100998   2977713    0.00    0.00    0.00    0.00    0.00    14  postgres
04:09:08 PM 100998   2978821    0.00    0.00    0.00    0.00    0.00    10  postgres
04:09:08 PM 100998   2978974    1.00    0.00    0.00    0.00    1.00    14  postgres
04:09:08 PM 100998   2979055    0.00    1.00    0.00    0.00    1.00    12  postgres
04:09:08 PM 100998   2979087    1.00    1.00    0.00    0.00    2.00    10  postgres
04:09:08 PM 100998   2979088    1.00    0.00    0.00    0.00    1.00    10  postgres
04:09:08 PM 100998   2979089    1.00    0.00    0.00    0.00    1.00    12  postgres
04:09:08 PM 100998   2979090    1.00    0.00    0.00    0.00    1.00    14  postgres
04:09:08 PM 100998   2979091    0.00    0.00    0.00    0.00    0.00    14  postgres
04:09:08 PM 100998   2979092    1.00    0.00    0.00    0.00    1.00    14  postgres
04:09:08 PM 100998   2979093    1.00    1.00    0.00    0.00    2.00    12  postgres
04:09:08 PM 100998   2979094    0.00    0.00    0.00    0.00    0.00    14  postgres

04:09:08 PM   UID       PID    %usr %system  %guest   %wait    %CPU   CPU  Command
04:09:09 PM 100998   2977709    0.00    0.00    0.00    0.00    0.00    14  postgres
04:09:09 PM 100998   2977710    0.00    0.00    0.00    0.00    0.00    14  postgres
04:09:09 PM 100998   2977712    0.00    0.00    0.00    0.00    0.00    10  postgres
04:09:09 PM 100998   2977713    0.00    0.00    0.00    0.00    0.00    14  postgres
04:09:09 PM 100998   2978821    1.00    0.00    0.00    0.00    1.00    12  postgres
04:09:09 PM 100998   2978974    0.00    1.00    0.00    0.00    1.00    14  postgres
04:09:09 PM 100998   2979055    1.00    0.00    0.00    0.00    1.00    10  postgres
04:09:09 PM 100998   2979087    1.00    0.00    0.00    0.00    1.00    10  postgres
04:09:09 PM 100998   2979088    0.00    1.00    0.00    0.00    1.00    14  postgres
04:09:09 PM 100998   2979089    0.00    0.00    0.00    0.00    0.00    10  postgres
04:09:09 PM 100998   2979090    0.00    0.00    0.00    0.00    0.00    14  postgres
04:09:09 PM 100998   2979091    1.00    0.00    0.00    0.00    1.00    12  postgres
04:09:09 PM 100998   2979092    0.00    1.00    0.00    0.00    1.00    14  postgres
04:09:09 PM 100998   2979093    0.00    0.00    0.00    0.00    0.00    12  postgres
04:09:09 PM 100998   2979094    0.00    0.00    0.00    0.00    0.00    14  postgres

04:09:09 PM   UID       PID    %usr %system  %guest   %wait    %CPU   CPU  Command
04:09:10 PM 100998   2977709    0.00    0.00    0.00    0.00    0.00    14  postgres
04:09:10 PM 100998   2977710    0.00    0.00    0.00    0.00    0.00    14  postgres
04:09:10 PM 100998   2977712    0.00    0.00    0.00    0.00    0.00    10  postgres
04:09:10 PM 100998   2977713    0.00    0.00    0.00    0.00    0.00    14  postgres
04:09:10 PM 100998   2978821    1.00    0.00    0.00    0.00    1.00    10  postgres
04:09:10 PM 100998   2978974    1.00    0.00    0.00    0.00    1.00    14  postgres
04:09:10 PM 100998   2979055    0.00    1.00    0.00    0.00    1.00    14  postgres
04:09:10 PM 100998   2979087    0.00    1.00    0.00    0.00    1.00    10  postgres
04:09:10 PM 100998   2979088    0.00    0.00    0.00    0.00    0.00    14  postgres
04:09:10 PM 100998   2979089    1.00    1.00    0.00    0.00    2.00    14  postgres
04:09:10 PM 100998   2979090    1.00    1.00    0.00    0.00    2.00    14  postgres
04:09:10 PM 100998   2979091    0.00    0.00    0.00    0.00    0.00    14  postgres
04:09:10 PM 100998   2979092    1.00    0.00    0.00    0.00    1.00    14  postgres
04:09:10 PM 100998   2979093    0.00    0.00    0.00    0.00    0.00    10  postgres
04:09:10 PM 100998   2979094    1.00    1.00    0.00    0.00    2.00    14  postgres

04:09:10 PM   UID       PID    %usr %system  %guest   %wait    %CPU   CPU  Command
04:09:11 PM 100998   2977709    0.00    0.00    0.00    0.00    0.00    14  postgres
04:09:11 PM 100998   2977710    0.00    0.00    0.00    0.00    0.00    14  postgres
04:09:11 PM 100998   2977712    0.00    0.00    0.00    0.00    0.00    10  postgres
04:09:11 PM 100998   2977713    0.00    0.00    0.00    0.00    0.00    14  postgres
04:09:11 PM 100998   2978821    1.00    1.00    0.00    0.00    2.00    14  postgres
04:09:11 PM 100998   2978974    1.00    1.00    0.00    0.00    2.00    14  postgres
04:09:11 PM 100998   2979055    1.00    0.00    0.00    0.00    1.00    14  postgres
04:09:11 PM 100998   2979087    1.00    0.00    0.00    0.00    1.00    10  postgres
04:09:11 PM 100998   2979088    0.00    0.00    0.00    0.00    0.00    12  postgres
04:09:11 PM 100998   2979089    0.00    0.00    0.00    0.00    0.00    14  postgres
04:09:11 PM 100998   2979090    0.00    0.00    0.00    0.00    0.00    14  postgres
04:09:11 PM 100998   2979091    1.00    1.00    0.00    0.00    2.00    10  postgres
04:09:11 PM 100998   2979092    0.00    0.00    0.00    0.00    0.00    12  postgres
04:09:11 PM 100998   2979093    1.00    0.00    0.00    0.00    1.00    10  postgres
04:09:11 PM 100998   2979094    0.00    0.00    0.00    0.00    0.00    14  postgres

04:09:11 PM   UID       PID    %usr %system  %guest   %wait    %CPU   CPU  Command
04:09:12 PM 100998   2977709    0.00    0.00    0.00    0.00    0.00    14  postgres
04:09:12 PM 100998   2977710    0.00    0.00    0.00    0.00    0.00    10  postgres
04:09:12 PM 100998   2977712    0.00    0.00    0.00    0.00    0.00    12  postgres
04:09:12 PM 100998   2977713    0.00    0.00    0.00    0.00    0.00    14  postgres
04:09:12 PM 100998   2978821    0.00    0.00    0.00    0.00    0.00    10  postgres
04:09:12 PM 100998   2978974    1.00    0.00    0.00    0.00    1.00    12  postgres
04:09:12 PM 100998   2979055    0.00    0.00    0.00    0.00    0.00    12  postgres
04:09:12 PM 100998   2979087    1.00    0.00    0.00    0.00    1.00    10  postgres
04:09:12 PM 100998   2979088    1.00    0.00    0.00    0.00    1.00    10  postgres
04:09:12 PM 100998   2979089    1.00    0.00    0.00    0.00    1.00    10  postgres
04:09:12 PM 100998   2979090    1.00    0.00    0.00    0.00    1.00    10  postgres
04:09:12 PM 100998   2979091    1.00    0.00    0.00    0.00    1.00    14  postgres
04:09:12 PM 100998   2979092    0.00    0.00    0.00    0.00    0.00    14  postgres
04:09:12 PM 100998   2979093    0.00    0.00    0.00    0.00    0.00    12  postgres
04:09:12 PM 100998   2979094    0.00    0.00    0.00    0.00    0.00    14  postgres

04:09:12 PM   UID       PID    %usr %system  %guest   %wait    %CPU   CPU  Command
04:09:13 PM 100998   2977709    0.00    0.00    0.00    0.00    0.00    14  postgres
04:09:13 PM 100998   2977710    0.00    0.00    0.00    0.00    0.00    14  postgres
04:09:13 PM 100998   2977712    0.00    0.00    0.00    0.00    0.00    12  postgres
04:09:13 PM 100998   2977713    0.00    0.00    0.00    0.00    0.00    14  postgres
04:09:13 PM 100998   2978821    1.00    0.00    0.00    0.00    1.00    10  postgres
04:09:13 PM 100998   2978974    0.00    0.00    0.00    0.00    0.00    12  postgres
04:09:13 PM 100998   2979055    1.00    1.00    0.00    0.00    2.00    14  postgres
04:09:13 PM 100998   2979087    0.00    1.00    0.00    0.00    1.00    10  postgres
04:09:13 PM 100998   2979088    1.00    1.00    0.00    0.00    2.00    10  postgres
04:09:13 PM 100998   2979089    0.00    0.00    0.00    0.00    0.00    12  postgres
04:09:13 PM 100998   2979090    1.00    0.00    0.00    0.00    1.00    12  postgres
04:09:13 PM 100998   2979091    0.00    0.00    0.00    0.00    0.00    14  postgres
04:09:13 PM 100998   2979092    1.00    0.00    0.00    0.00    1.00    12  postgres
04:09:13 PM 100998   2979093    1.00    0.00    0.00    0.00    1.00    12  postgres
04:09:13 PM 100998   2979094    1.00    0.00    0.00    0.00    1.00    14  postgres

04:09:13 PM   UID       PID    %usr %system  %guest   %wait    %CPU   CPU  Command
04:09:14 PM 100998   2977709    0.00    0.00    0.00    0.00    0.00    14  postgres
04:09:14 PM 100998   2977710    0.00    0.00    0.00    0.00    0.00    14  postgres
04:09:14 PM 100998   2977712    0.00    0.00    0.00    0.00    0.00    12  postgres
04:09:14 PM 100998   2977713    0.00    0.00    0.00    0.00    0.00    14  postgres
04:09:14 PM 100998   2978821    0.00    1.00    0.00    0.00    1.00    12  postgres
04:09:14 PM 100998   2978974    1.00    1.00    0.00    0.00    2.00    12  postgres
04:09:14 PM 100998   2979055    1.00    0.00    0.00    0.00    1.00    10  postgres
04:09:14 PM 100998   2979087    1.00    0.00    0.00    0.00    1.00    10  postgres
04:09:14 PM 100998   2979088    0.00    0.00    0.00    0.00    0.00    14  postgres
04:09:14 PM 100998   2979089    0.00    0.00    0.00    0.00    0.00    10  postgres
04:09:14 PM 100998   2979090    0.00    1.00    0.00    0.00    1.00    10  postgres
04:09:14 PM 100998   2979091    1.00    0.00    0.00    0.00    1.00    12  postgres
04:09:14 PM 100998   2979092    0.00    1.00    0.00    0.00    1.00    12  postgres
04:09:14 PM 100998   2979093    0.00    1.00    0.00    0.00    1.00    12  postgres
04:09:14 PM 100998   2979094    0.00    0.00    0.00    0.00    0.00    10  postgres

04:09:14 PM   UID       PID    %usr %system  %guest   %wait    %CPU   CPU  Command
04:09:15 PM 100998   2977709    0.00    0.00    0.00    0.00    0.00    14  postgres
04:09:15 PM 100998   2977710    0.00    0.00    0.00    0.00    0.00    14  postgres
04:09:15 PM 100998   2977712    0.00    0.00    0.00    0.00    0.00    12  postgres
04:09:15 PM 100998   2977713    0.00    0.00    0.00    0.00    0.00    14  postgres
04:09:15 PM 100998   2978821    1.00    0.00    0.00    0.00    1.00    14  postgres
04:09:15 PM 100998   2978974    1.00    0.00    0.00    0.00    1.00    14  postgres
04:09:15 PM 100998   2979055    0.00    0.00    0.00    0.00    0.00    12  postgres
04:09:15 PM 100998   2979087    0.00    0.00    0.00    0.00    0.00    14  postgres
04:09:15 PM 100998   2979088    0.00    0.00    0.00    0.00    0.00    14  postgres
04:09:15 PM 100998   2979089    1.00    1.00    0.00    0.00    2.00    14  postgres
04:09:15 PM 100998   2979090    1.00    0.00    0.00    0.00    1.00    10  postgres
04:09:15 PM 100998   2979091    0.00    0.00    0.00    0.00    0.00    12  postgres
04:09:15 PM 100998   2979092    0.00    0.00    0.00    0.00    0.00    10  postgres
04:09:15 PM 100998   2979093    0.00    0.00    0.00    0.00    0.00    10  postgres
04:09:15 PM 100998   2979094    0.00    0.00    0.00    0.00    0.00    10  postgres

04:09:15 PM   UID       PID    %usr %system  %guest   %wait    %CPU   CPU  Command
04:09:16 PM 100998   2977709    0.00    0.00    0.00    0.00    0.00    14  postgres
04:09:16 PM 100998   2977710    0.00    0.00    0.00    0.00    0.00    14  postgres
04:09:16 PM 100998   2977712    0.00    0.00    0.00    0.00    0.00    12  postgres
04:09:16 PM 100998   2977713    0.00    0.00    0.00    0.00    0.00    14  postgres
04:09:16 PM 100998   2978821    1.00    1.00    0.00    0.00    2.00    10  postgres
04:09:16 PM 100998   2978974    1.00    0.00    0.00    0.00    1.00    12  postgres
04:09:16 PM 100998   2979055    1.00    1.00    0.00    0.00    2.00    10  postgres
04:09:16 PM 100998   2979087    0.00    0.00    0.00    0.00    0.00    14  postgres
04:09:16 PM 100998   2979088    1.00    1.00    0.00    0.00    2.00    14  postgres
04:09:16 PM 100998   2979089    1.00    0.00    0.00    0.00    1.00    12  postgres
04:09:16 PM 100998   2979090    0.00    0.00    0.00    0.00    0.00    12  postgres
04:09:16 PM 100998   2979091    0.00    1.00    0.00    0.00    1.00    12  postgres
04:09:16 PM 100998   2979092    1.00    0.00    0.00    0.00    1.00    14  postgres
04:09:16 PM 100998   2979093    1.00    0.00    0.00    0.00    1.00    10  postgres
04:09:16 PM 100998   2979094    1.00    1.00    0.00    0.00    2.00    10  postgres

04:09:16 PM   UID       PID    %usr %system  %guest   %wait    %CPU   CPU  Command
04:09:17 PM 100998   2977709    0.00    0.00    0.00    0.00    0.00    14  postgres
04:09:17 PM 100998   2977710    0.00    0.00    0.00    0.00    0.00    10  postgres
04:09:17 PM 100998   2977712    0.00    0.00    0.00    0.00    0.00    12  postgres
04:09:17 PM 100998   2977713    0.00    0.00    0.00    0.00    0.00    14  postgres
04:09:17 PM 100998   2978821    1.00    0.00    0.00    0.00    1.00    14  postgres
04:09:17 PM 100998   2978974    0.00    1.00    0.00    0.00    1.00    12  postgres
04:09:17 PM 100998   2979055    0.00    0.00    0.00    0.00    0.00    12  postgres
04:09:17 PM 100998   2979087    1.00    1.00    0.00    0.00    2.00    10  postgres
04:09:17 PM 100998   2979088    1.00    0.00    0.00    0.00    1.00    12  postgres
04:09:17 PM 100998   2979089    1.00    0.00    0.00    0.00    1.00    12  postgres
04:09:17 PM 100998   2979090    1.00    1.00    0.00    0.00    2.00    14  postgres
04:09:17 PM 100998   2979091    1.00    0.00    0.00    0.00    1.00    10  postgres
04:09:17 PM 100998   2979092    0.00    0.00    0.00    0.00    0.00    14  postgres
04:09:17 PM 100998   2979093    0.00    0.00    0.00    0.00    0.00    10  postgres
04:09:17 PM 100998   2979094    0.00    0.00    0.00    0.00    0.00    10  postgres

04:09:17 PM   UID       PID    %usr %system  %guest   %wait    %CPU   CPU  Command
04:09:18 PM 100998   2977709    0.00    0.00    0.00    0.00    0.00    14  postgres
04:09:18 PM 100998   2977710    0.00    0.00    0.00    0.00    0.00    10  postgres
04:09:18 PM 100998   2977712    0.00    0.00    0.00    0.00    0.00    12  postgres
04:09:18 PM 100998   2977713    0.00    0.00    0.00    0.00    0.00    14  postgres
04:09:18 PM 100998   2978821    1.00    1.00    0.00    0.00    2.00    14  postgres
04:09:18 PM 100998   2978974    1.00    0.00    0.00    0.00    1.00    14  postgres
04:09:18 PM 100998   2979055    1.00    1.00    0.00    0.00    2.00    12  postgres
04:09:18 PM 100998   2979087    1.00    0.00    0.00    0.00    1.00    12  postgres
04:09:18 PM 100998   2979088    0.00    1.00    0.00    0.00    1.00    12  postgres
04:09:18 PM 100998   2979089    0.00    1.00    0.00    0.00    1.00    14  postgres
04:09:18 PM 100998   2979090    1.00    0.00    0.00    0.00    1.00    10  postgres
04:09:18 PM 100998   2979091    0.00    0.00    0.00    0.00    0.00    10  postgres
04:09:18 PM 100998   2979092    1.00    1.00    0.00    0.00    2.00    10  postgres
04:09:18 PM 100998   2979093    1.00    0.00    0.00    0.00    1.00    14  postgres
04:09:18 PM 100998   2979094    1.00    0.00    0.00    0.00    1.00    10  postgres

04:09:18 PM   UID       PID    %usr %system  %guest   %wait    %CPU   CPU  Command
04:09:19 PM 100998   2977709    0.00    0.00    0.00    0.00    0.00    14  postgres
04:09:19 PM 100998   2977710    0.00    0.00    0.00    0.00    0.00    10  postgres
04:09:19 PM 100998   2977712    0.00    0.00    0.00    0.00    0.00    12  postgres
04:09:19 PM 100998   2977713    0.00    0.00    0.00    0.00    0.00    14  postgres
04:09:19 PM 100998   2978821    0.00    0.00    0.00    0.00    0.00    10  postgres
04:09:19 PM 100998   2978974    0.00    0.00    0.00    0.00    0.00    12  postgres
04:09:19 PM 100998   2979055    0.00    0.00    0.00    0.00    0.00    10  postgres
04:09:19 PM 100998   2979087    0.00    0.00    0.00    0.00    0.00    14  postgres
04:09:19 PM 100998   2979088    0.00    0.00    0.00    0.00    0.00    14  postgres
04:09:19 PM 100998   2979089    0.00    0.00    0.00    0.00    0.00    14  postgres
04:09:19 PM 100998   2979090    0.00    0.00    0.00    0.00    0.00    10  postgres
04:09:19 PM 100998   2979091    1.00    1.00    0.00    0.00    2.00    14  postgres
04:09:19 PM 100998   2979092    0.00    0.00    0.00    0.00    0.00    10  postgres
04:09:19 PM 100998   2979093    0.00    0.00    0.00    0.00    0.00    14  postgres
04:09:19 PM 100998   2979094    0.00    0.00    0.00    0.00    0.00    10  postgres

04:09:19 PM   UID       PID    %usr %system  %guest   %wait    %CPU   CPU  Command
04:09:20 PM 100998   2977709    0.00    0.00    0.00    0.00    0.00    14  postgres
04:09:20 PM 100998   2977710    0.00    0.00    0.00    0.00    0.00    10  postgres
04:09:20 PM 100998   2977712    0.00    0.00    0.00    0.00    0.00    12  postgres
04:09:20 PM 100998   2977713    0.00    0.00    0.00    0.00    0.00    14  postgres
04:09:20 PM 100998   2978821    1.00    0.00    0.00    0.00    1.00    12  postgres
04:09:20 PM 100998   2978974    1.00    1.00    0.00    0.00    2.00    12  postgres
04:09:20 PM 100998   2979055    1.00    0.00    0.00    0.00    1.00    12  postgres
04:09:20 PM 100998   2979087    0.00    1.00    0.00    0.00    1.00    12  postgres
04:09:20 PM 100998   2979088    1.00    1.00    0.00    0.00    2.00    10  postgres
04:09:20 PM 100998   2979089    1.00    0.00    0.00    0.00    1.00    14  postgres
04:09:20 PM 100998   2979090    0.00    1.00    0.00    0.00    1.00    14  postgres
04:09:20 PM 100998   2979091    0.00    0.00    0.00    0.00    0.00    14  postgres
04:09:20 PM 100998   2979092    0.00    0.00    0.00    0.00    0.00    10  postgres
04:09:20 PM 100998   2979093    0.00    0.00    0.00    0.00    0.00    14  postgres
04:09:20 PM 100998   2979094    1.00    1.00    0.00    0.00    2.00    14  postgres

04:09:20 PM   UID       PID    %usr %system  %guest   %wait    %CPU   CPU  Command
04:09:21 PM 100998   2977709    0.00    0.00    0.00    0.00    0.00    14  postgres
04:09:21 PM 100998   2977710    0.00    0.00    0.00    0.00    0.00    10  postgres
04:09:21 PM 100998   2977712    0.00    0.00    0.00    0.00    0.00    12  postgres
04:09:21 PM 100998   2977713    0.00    0.00    0.00    0.00    0.00    14  postgres
04:09:21 PM 100998   2978821    0.00    0.00    0.00    0.00    0.00    14  postgres
04:09:21 PM 100998   2978974    0.00    0.00    0.00    0.00    0.00    12  postgres
04:09:21 PM 100998   2979055    0.00    0.00    0.00    0.00    0.00    12  postgres
04:09:21 PM 100998   2979087    0.00    0.00    0.00    0.00    0.00    12  postgres
04:09:21 PM 100998   2979088    0.00    0.00    0.00    0.00    0.00    12  postgres
04:09:21 PM 100998   2979089    0.00    0.00    0.00    0.00    0.00    14  postgres
04:09:21 PM 100998   2979090    0.00    0.00    0.00    0.00    0.00    14  postgres
04:09:21 PM 100998   2979091    0.00    0.00    0.00    0.00    0.00    14  postgres
04:09:21 PM 100998   2979092    1.00    0.00    0.00    0.00    1.00    10  postgres
04:09:21 PM 100998   2979093    1.00    1.00    0.00    0.00    2.00    12  postgres
04:09:21 PM 100998   2979094    0.00    0.00    0.00    0.00    0.00    14  postgres

04:09:21 PM   UID       PID    %usr %system  %guest   %wait    %CPU   CPU  Command
04:09:22 PM 100998   2977709    0.00    0.00    0.00    0.00    0.00    14  postgres
04:09:22 PM 100998   2977710    0.00    0.00    0.00    0.00    0.00    14  postgres
04:09:22 PM 100998   2977712    0.00    0.00    0.00    0.00    0.00    12  postgres
04:09:22 PM 100998   2977713    0.00    0.00    0.00    0.00    0.00    14  postgres
04:09:22 PM 100998   2978821    0.00    0.00    0.00    0.00    0.00    10  postgres
04:09:22 PM 100998   2978974    0.00    0.00    0.00    0.00    0.00    14  postgres
04:09:22 PM 100998   2979055    0.00    1.00    0.00    0.00    1.00    10  postgres
04:09:22 PM 100998   2979087    1.00    0.00    0.00    0.00    1.00    12  postgres
04:09:22 PM 100998   2979088    0.00    0.00    0.00    0.00    0.00    10  postgres
04:09:22 PM 100998   2979089    1.00    0.00    0.00    0.00    1.00    10  postgres
04:09:22 PM 100998   2979090    1.00    0.00    0.00    0.00    1.00    12  postgres
04:09:22 PM 100998   2979091    0.00    0.00    0.00    0.00    0.00    10  postgres
04:09:22 PM 100998   2979092    0.00    0.00    0.00    0.00    0.00    12  postgres
04:09:22 PM 100998   2979093    0.00    0.00    0.00    0.00    0.00    14  postgres
04:09:22 PM 100998   2979094    0.00    0.00    0.00    0.00    0.00    12  postgres

04:09:22 PM   UID       PID    %usr %system  %guest   %wait    %CPU   CPU  Command
04:09:23 PM 100998   2977709    0.00    0.00    0.00    0.00    0.00    14  postgres
04:09:23 PM 100998   2977710    0.00    0.00    0.00    0.00    0.00    12  postgres
04:09:23 PM 100998   2977712    0.00    0.00    0.00    0.00    0.00    12  postgres
04:09:23 PM 100998   2977713    0.00    0.00    0.00    0.00    0.00    14  postgres
04:09:23 PM 100998   2978821    1.00    1.00    0.00    0.00    2.00    10  postgres
04:09:23 PM 100998   2978974    1.00    1.00    0.00    0.00    2.00    12  postgres
04:09:23 PM 100998   2979055    1.00    0.00    0.00    0.00    1.00    12  postgres
04:09:23 PM 100998   2979087    0.00    0.00    0.00    0.00    0.00    14  postgres
04:09:23 PM 100998   2979088    1.00    0.00    0.00    0.00    1.00    10  postgres
04:09:23 PM 100998   2979089    0.00    1.00    0.00    0.00    1.00    12  postgres
04:09:23 PM 100998   2979090    0.00    0.00    0.00    0.00    0.00    12  postgres
04:09:23 PM 100998   2979091    0.00    1.00    0.00    0.00    1.00    14  postgres
04:09:23 PM 100998   2979092    1.00    0.00    0.00    0.00    1.00    14  postgres
04:09:23 PM 100998   2979093    0.00    0.00    0.00    0.00    0.00    14  postgres
04:09:23 PM 100998   2979094    1.00    0.00    0.00    0.00    1.00    10  postgres

04:09:23 PM   UID       PID    %usr %system  %guest   %wait    %CPU   CPU  Command
04:09:24 PM 100998   2977709    0.00    0.00    0.00    0.00    0.00    14  postgres
04:09:24 PM 100998   2977710    0.00    0.00    0.00    0.00    0.00    12  postgres
04:09:24 PM 100998   2977712    0.00    0.00    0.00    0.00    0.00    12  postgres
04:09:24 PM 100998   2977713    0.00    0.00    0.00    0.00    0.00    14  postgres
04:09:24 PM 100998   2978821    0.00    0.00    0.00    0.00    0.00    10  postgres
04:09:24 PM 100998   2978974    0.00    0.00    0.00    0.00    0.00    12  postgres
04:09:24 PM 100998   2979055    0.00    0.00    0.00    0.00    0.00    14  postgres
04:09:24 PM 100998   2979087    1.00    0.00    0.00    0.00    1.00    10  postgres
04:09:24 PM 100998   2979088    0.00    0.00    0.00    0.00    0.00    10  postgres
04:09:24 PM 100998   2979089    1.00    0.00    0.00    0.00    1.00    12  postgres
04:09:24 PM 100998   2979090    1.00    0.00    0.00    0.00    1.00    12  postgres
04:09:24 PM 100998   2979091    1.00    0.00    0.00    0.00    1.00    12  postgres
04:09:24 PM 100998   2979092    0.00    1.00    0.00    0.00    1.00    10  postgres
04:09:24 PM 100998   2979093    1.00    1.00    0.00    1.00    2.00    12  postgres
04:09:24 PM 100998   2979094    0.00    0.00    0.00    0.00    0.00    14  postgres

04:09:24 PM   UID       PID    %usr %system  %guest   %wait    %CPU   CPU  Command
04:09:25 PM 100998   2977709    0.00    0.00    0.00    0.00    0.00    14  postgres
04:09:25 PM 100998   2977710    0.00    0.00    0.00    0.00    0.00    14  postgres
04:09:25 PM 100998   2977712    0.00    0.00    0.00    0.00    0.00    12  postgres
04:09:25 PM 100998   2977713    0.00    0.00    0.00    0.00    0.00    14  postgres
04:09:25 PM 100998   2978821    1.00    1.00    0.00    0.00    2.00    12  postgres
04:09:25 PM 100998   2978974    1.00    0.00    0.00    0.00    1.00    10  postgres
04:09:25 PM 100998   2979055    1.00    1.00    0.00    0.00    2.00    14  postgres
04:09:25 PM 100998   2979087    0.00    1.00    0.00    0.00    1.00    14  postgres
04:09:25 PM 100998   2979088    1.00    0.00    0.00    0.00    1.00    10  postgres
04:09:25 PM 100998   2979089    0.00    0.00    0.00    0.00    0.00    10  postgres
04:09:25 PM 100998   2979090    0.00    1.00    0.00    0.00    1.00    12  postgres
04:09:25 PM 100998   2979091    0.00    0.00    0.00    0.00    0.00    10  postgres
04:09:25 PM 100998   2979092    0.00    0.00    0.00    0.00    0.00    10  postgres
04:09:25 PM 100998   2979093    0.00    0.00    0.00    0.00    0.00    12  postgres
04:09:25 PM 100998   2979094    0.00    0.00    0.00    0.00    0.00    10  postgres

04:09:25 PM   UID       PID    %usr %system  %guest   %wait    %CPU   CPU  Command
04:09:26 PM 100998   2977709    0.00    0.00    0.00    0.00    0.00    14  postgres
04:09:26 PM 100998   2977710    0.00    0.00    0.00    0.00    0.00    14  postgres
04:09:26 PM 100998   2977712    0.00    0.00    0.00    0.00    0.00    12  postgres
04:09:26 PM 100998   2977713    0.00    0.00    0.00    0.00    0.00    14  postgres
04:09:26 PM 100998   2978821    0.00    0.00    0.00    0.00    0.00    12  postgres
04:09:26 PM 100998   2978974    0.00    0.00    0.00    0.00    0.00    14  postgres
04:09:26 PM 100998   2979055    0.00    0.00    0.00    0.00    0.00    10  postgres
04:09:26 PM 100998   2979087    1.00    0.00    0.00    0.00    1.00    12  postgres
04:09:26 PM 100998   2979088    0.00    1.00    0.00    0.00    1.00    10  postgres
04:09:26 PM 100998   2979089    0.00    1.00    0.00    0.00    1.00    12  postgres
04:09:26 PM 100998   2979090    0.00    0.00    0.00    0.00    0.00    12  postgres
04:09:26 PM 100998   2979091    0.00    1.00    0.00    0.00    1.00    14  postgres
04:09:26 PM 100998   2979092    1.00    0.00    0.00    0.00    1.00    12  postgres
04:09:26 PM 100998   2979093    0.00    0.00    0.00    0.00    0.00    14  postgres
04:09:26 PM 100998   2979094    0.00    1.00    0.00    0.00    1.00    12  postgres

04:09:26 PM   UID       PID    %usr %system  %guest   %wait    %CPU   CPU  Command
04:09:27 PM 100998   2977709    0.00    0.00    0.00    0.00    0.00    14  postgres
04:09:27 PM 100998   2977710    0.00    0.00    0.00    0.00    0.00    12  postgres
04:09:27 PM 100998   2977712    0.00    0.00    0.00    0.00    0.00    12  postgres
04:09:27 PM 100998   2977713    0.00    0.00    0.00    0.00    0.00    14  postgres
04:09:27 PM 100998   2978821    1.00    0.00    0.00    0.00    1.00    14  postgres
04:09:27 PM 100998   2978974    1.00    0.00    0.00    0.00    1.00    14  postgres
04:09:27 PM 100998   2979055    0.00    0.00    0.00    0.00    0.00    10  postgres
04:09:27 PM 100998   2979087    0.00    1.00    0.00    0.00    1.00    12  postgres
04:09:27 PM 100998   2979088    0.00    0.00    0.00    0.00    0.00    10  postgres
04:09:27 PM 100998   2979089    1.00    0.00    0.00    0.00    1.00    14  postgres
04:09:27 PM 100998   2979090    1.00    0.00    0.00    0.00    1.00    14  postgres
04:09:27 PM 100998   2979091    1.00    0.00    0.00    0.00    1.00    12  postgres
04:09:27 PM 100998   2979092    0.00    1.00    0.00    0.00    1.00    10  postgres
04:09:27 PM 100998   2979093    0.00    0.00    0.00    0.00    0.00    12  postgres
04:09:27 PM 100998   2979094    0.00    0.00    0.00    0.00    0.00    12  postgres

04:09:27 PM   UID       PID    %usr %system  %guest   %wait    %CPU   CPU  Command
04:09:28 PM 100998   2977709    0.00    0.00    0.00    0.00    0.00    14  postgres
04:09:28 PM 100998   2977710    0.00    0.00    0.00    0.00    0.00    12  postgres
04:09:28 PM 100998   2977712    0.00    0.00    0.00    0.00    0.00    12  postgres
04:09:28 PM 100998   2977713    0.00    0.00    0.00    0.00    0.00    14  postgres
04:09:28 PM 100998   2978821    0.00    1.00    0.00    0.00    1.00    10  postgres
04:09:28 PM 100998   2978974    0.00    1.00    0.00    0.00    1.00    10  postgres
04:09:28 PM 100998   2979055    1.00    0.00    0.00    0.00    1.00    10  postgres
04:09:28 PM 100998   2979087    0.00    0.00    0.00    0.00    0.00    12  postgres
04:09:28 PM 100998   2979088    2.00    0.00    0.00    0.00    2.00    10  postgres
04:09:28 PM 100998   2979089    0.00    0.00    0.00    0.00    0.00    14  postgres
04:09:28 PM 100998   2979090    0.00    0.00    0.00    0.00    0.00    14  postgres
04:09:28 PM 100998   2979091    0.00    0.00    0.00    0.00    0.00    12  postgres
04:09:28 PM 100998   2979092    0.00    0.00    0.00    0.00    0.00    14  postgres
04:09:28 PM 100998   2979093    1.00    0.00    0.00    0.00    1.00    10  postgres
04:09:28 PM 100998   2979094    1.00    0.00    0.00    0.00    1.00    14  postgres

04:09:28 PM   UID       PID    %usr %system  %guest   %wait    %CPU   CPU  Command
04:09:29 PM 100998   2977709    0.00    0.00    0.00    0.00    0.00    14  postgres
04:09:29 PM 100998   2977710    0.00    0.00    0.00    0.00    0.00    14  postgres
04:09:29 PM 100998   2977712    0.00    0.00    0.00    0.00    0.00    12  postgres
04:09:29 PM 100998   2977713    0.00    0.00    0.00    0.00    0.00    14  postgres
04:09:29 PM 100998   2978821    0.00    0.00    0.00    0.00    0.00    10  postgres
04:09:29 PM 100998   2978974    0.00    0.00    0.00    0.00    0.00    12  postgres
04:09:29 PM 100998   2979055    0.00    1.00    0.00    0.00    1.00    14  postgres
04:09:29 PM 100998   2979087    1.00    0.00    0.00    0.00    1.00    10  postgres
04:09:29 PM 100998   2979088    0.00    0.00    0.00    0.00    0.00    10  postgres
04:09:29 PM 100998   2979089    1.00    0.00    0.00    0.00    1.00    12  postgres
04:09:29 PM 100998   2979090    1.00    0.00    0.00    0.00    1.00    12  postgres
04:09:29 PM 100998   2979091    1.00    0.00    0.00    0.00    1.00    14  postgres
04:09:29 PM 100998   2979092    1.00    0.00    0.00    0.00    1.00    10  postgres
04:09:29 PM 100998   2979093    0.00    1.00    0.00    0.00    1.00    10  postgres
04:09:29 PM 100998   2979094    0.00    1.00    0.00    0.00    1.00    10  postgres

04:09:29 PM   UID       PID    %usr %system  %guest   %wait    %CPU   CPU  Command
04:09:30 PM 100998   2977709    0.00    0.00    0.00    0.00    0.00    14  postgres
04:09:30 PM 100998   2977710    0.00    0.00    0.00    0.00    0.00    14  postgres
04:09:30 PM 100998   2977712    0.00    0.00    0.00    0.00    0.00    12  postgres
04:09:30 PM 100998   2977713    0.00    0.00    0.00    0.00    0.00    14  postgres
04:09:30 PM 100998   2978821    1.00    0.00    0.00    0.00    1.00    10  postgres
04:09:30 PM 100998   2978974    1.00    0.00    0.00    0.00    1.00    14  postgres
04:09:30 PM 100998   2979055    1.00    0.00    0.00    0.00    1.00    14  postgres
04:09:30 PM 100998   2979087    0.00    1.00    0.00    0.00    1.00    14  postgres
04:09:30 PM 100998   2979088    0.00    0.00    0.00    0.00    0.00    12  postgres
04:09:30 PM 100998   2979089    0.00    0.00    0.00    0.00    0.00    10  postgres
04:09:30 PM 100998   2979090    0.00    1.00    0.00    0.00    1.00    12  postgres
04:09:30 PM 100998   2979091    0.00    1.00    0.00    0.00    1.00    10  postgres
04:09:30 PM 100998   2979092    1.00    0.00    0.00    0.00    1.00    10  postgres
04:09:30 PM 100998   2979093    1.00    0.00    0.00    0.00    1.00    10  postgres
04:09:30 PM 100998   2979094    1.00    0.00    0.00    0.00    1.00    10  postgres

04:09:30 PM   UID       PID    %usr %system  %guest   %wait    %CPU   CPU  Command
04:09:31 PM 100998   2977709    0.00    0.00    0.00    0.00    0.00    14  postgres
04:09:31 PM 100998   2977710    0.00    0.00    0.00    0.00    0.00    14  postgres
04:09:31 PM 100998   2977712    0.00    0.00    0.00    0.00    0.00    12  postgres
04:09:31 PM 100998   2977713    0.00    0.00    0.00    0.00    0.00    14  postgres
04:09:31 PM 100998   2978821    0.00    0.00    0.00    0.00    0.00    12  postgres
04:09:31 PM 100998   2978974    1.00    0.00    0.00    0.00    1.00    12  postgres
04:09:31 PM 100998   2979055    0.00    0.00    0.00    0.00    0.00    10  postgres
04:09:31 PM 100998   2979087    0.00    0.00    0.00    0.00    0.00    10  postgres
04:09:31 PM 100998   2979088    1.00    0.00    0.00    0.00    1.00    12  postgres
04:09:31 PM 100998   2979089    1.00    1.00    0.00    0.00    2.00    10  postgres
04:09:31 PM 100998   2979090    0.00    0.00    0.00    0.00    0.00    14  postgres
04:09:31 PM 100998   2979091    0.00    0.00    0.00    0.00    0.00    10  postgres
04:09:31 PM 100998   2979092    0.00    1.00    0.00    0.00    1.00    12  postgres
04:09:31 PM 100998   2979093    0.00    0.00    0.00    0.00    0.00    14  postgres
04:09:31 PM 100998   2979094    0.00    0.00    0.00    0.00    0.00    10  postgres

04:09:31 PM   UID       PID    %usr %system  %guest   %wait    %CPU   CPU  Command
04:09:32 PM 100998   2977709    0.00    0.00    0.00    0.00    0.00    14  postgres
04:09:32 PM 100998   2977710    0.00    0.00    0.00    0.00    0.00    12  postgres
04:09:32 PM 100998   2977712    0.00    0.00    0.00    0.00    0.00    12  postgres
04:09:32 PM 100998   2977713    0.00    0.00    0.00    0.00    0.00    14  postgres
04:09:32 PM 100998   2978821    1.00    1.00    0.00    0.00    2.00    14  postgres
04:09:32 PM 100998   2978974    0.00    1.00    0.00    0.00    1.00    14  postgres
04:09:32 PM 100998   2979055    0.00    1.00    0.00    0.00    1.00    14  postgres
04:09:32 PM 100998   2979087    0.00    0.00    0.00    0.00    0.00    10  postgres
04:09:32 PM 100998   2979088    0.00    1.00    0.00    0.00    1.00    14  postgres
04:09:32 PM 100998   2979089    0.00    0.00    0.00    0.00    0.00    14  postgres
04:09:32 PM 100998   2979090    1.00    0.00    0.00    0.00    1.00    12  postgres
04:09:32 PM 100998   2979091    1.00    0.00    0.00    0.00    1.00    10  postgres
04:09:32 PM 100998   2979092    0.00    0.00    0.00    0.00    0.00    10  postgres
04:09:32 PM 100998   2979093    0.00    0.00    0.00    0.00    0.00    10  postgres
04:09:32 PM 100998   2979094    0.00    1.00    0.00    0.00    1.00    12  postgres

04:09:32 PM   UID       PID    %usr %system  %guest   %wait    %CPU   CPU  Command
04:09:33 PM 100998   2977709    0.00    0.00    0.00    0.00    0.00    14  postgres
04:09:33 PM 100998   2977710    0.00    0.00    0.00    0.00    0.00    12  postgres
04:09:33 PM 100998   2977712    0.00    0.00    0.00    0.00    0.00    12  postgres
04:09:33 PM 100998   2977713    0.00    0.00    0.00    0.00    0.00    14  postgres
04:09:33 PM 100998   2978821    0.00    0.00    0.00    0.00    0.00    12  postgres
04:09:33 PM 100998   2978974    0.00    0.00    0.00    0.00    0.00    14  postgres
04:09:33 PM 100998   2979055    1.00    0.00    0.00    0.00    1.00    10  postgres
04:09:33 PM 100998   2979087    1.00    0.00    0.00    0.00    1.00    10  postgres
04:09:33 PM 100998   2979088    1.00    0.00    0.00    0.00    1.00    14  postgres
04:09:33 PM 100998   2979089    0.00    0.00    0.00    0.00    0.00    14  postgres
04:09:33 PM 100998   2979090    0.00    1.00    0.00    0.00    1.00    12  postgres
04:09:33 PM 100998   2979091    0.00    0.00    0.00    0.00    0.00    12  postgres
04:09:33 PM 100998   2979092    0.00    0.00    0.00    0.00    0.00    12  postgres
04:09:33 PM 100998   2979093    1.00    0.00    0.00    0.00    1.00    14  postgres
04:09:33 PM 100998   2979094    0.00    0.00    0.00    0.00    0.00    10  postgres

04:09:33 PM   UID       PID    %usr %system  %guest   %wait    %CPU   CPU  Command
04:09:34 PM 100998   2977709    0.00    0.00    0.00    0.00    0.00    14  postgres
04:09:34 PM 100998   2977710    0.00    0.00    0.00    0.00    0.00    12  postgres
04:09:34 PM 100998   2977712    0.00    0.00    0.00    0.00    0.00    12  postgres
04:09:34 PM 100998   2977713    0.00    0.00    0.00    0.00    0.00    14  postgres
04:09:34 PM 100998   2978821    1.00    0.00    0.00    0.00    1.00    10  postgres
04:09:34 PM 100998   2978974    1.00    0.00    0.00    0.00    1.00    14  postgres
04:09:34 PM 100998   2979055    0.00    0.00    0.00    0.00    0.00    12  postgres
04:09:34 PM 100998   2979087    0.00    1.00    0.00    0.00    1.00    12  postgres
04:09:34 PM 100998   2979088    0.00    0.00    0.00    0.00    0.00    14  postgres
04:09:34 PM 100998   2979089    1.00    1.00    0.00    0.00    2.00    10  postgres
04:09:34 PM 100998   2979090    0.00    0.00    0.00    0.00    0.00    12  postgres
04:09:34 PM 100998   2979091    0.00    1.00    0.00    0.00    1.00    14  postgres
04:09:34 PM 100998   2979092    1.00    0.00    0.00    0.00    1.00    14  postgres
04:09:34 PM 100998   2979093    0.00    0.00    0.00    0.00    0.00    10  postgres
04:09:34 PM 100998   2979094    0.00    0.00    0.00    0.00    0.00    10  postgres

04:09:34 PM   UID       PID    %usr %system  %guest   %wait    %CPU   CPU  Command
04:09:35 PM 100998   2977709    0.00    0.00    0.00    0.00    0.00    14  postgres
04:09:35 PM 100998   2977710    0.00    0.00    0.00    0.00    0.00    12  postgres
04:09:35 PM 100998   2977712    0.00    0.00    0.00    0.00    0.00    12  postgres
04:09:35 PM 100998   2977713    0.00    0.00    0.00    0.00    0.00    14  postgres
04:09:35 PM 100998   2978821    0.00    1.00    0.00    0.00    1.00    12  postgres
04:09:35 PM 100998   2978974    1.00    0.00    0.00    0.00    1.00    12  postgres
04:09:35 PM 100998   2979055    1.00    0.00    0.00    0.00    1.00    12  postgres
04:09:35 PM 100998   2979087    0.00    0.00    0.00    0.00    0.00    14  postgres
04:09:35 PM 100998   2979088    0.00    1.00    0.00    0.00    1.00    12  postgres
04:09:35 PM 100998   2979089    0.00    0.00    0.00    0.00    0.00    10  postgres
04:09:35 PM 100998   2979090    0.00    0.00    0.00    0.00    0.00    12  postgres
04:09:35 PM 100998   2979091    1.00    0.00    0.00    0.00    1.00    12  postgres
04:09:35 PM 100998   2979092    0.00    0.00    0.00    0.00    0.00    14  postgres
04:09:35 PM 100998   2979093    0.00    1.00    0.00    0.00    1.00    10  postgres
04:09:35 PM 100998   2979094    1.00    0.00    0.00    0.00    1.00    12  postgres

04:09:35 PM   UID       PID    %usr %system  %guest   %wait    %CPU   CPU  Command
04:09:36 PM 100998   2977709    0.00    0.00    0.00    0.00    0.00    14  postgres
04:09:36 PM 100998   2977710    0.00    0.00    0.00    0.00    0.00    12  postgres
04:09:36 PM 100998   2977712    0.00    0.00    0.00    0.00    0.00    12  postgres
04:09:36 PM 100998   2977713    0.00    0.00    0.00    0.00    0.00    14  postgres
04:09:36 PM 100998   2978821    1.00    0.00    0.00    0.00    1.00    12  postgres
04:09:36 PM 100998   2978974    0.00    1.00    0.00    0.00    1.00    10  postgres
04:09:36 PM 100998   2979055    0.00    1.00    0.00    0.00    1.00    10  postgres
04:09:36 PM 100998   2979087    0.00    0.00    0.00    0.00    0.00    12  postgres
04:09:36 PM 100998   2979088    0.00    0.00    0.00    0.00    0.00    14  postgres
04:09:36 PM 100998   2979089    1.00    0.00    0.00    0.00    1.00    12  postgres
04:09:36 PM 100998   2979090    1.00    0.00    0.00    0.00    1.00    12  postgres
04:09:36 PM 100998   2979091    0.00    0.00    0.00    0.00    0.00    12  postgres
04:09:36 PM 100998   2979092    1.00    0.00    0.00    0.00    1.00    10  postgres
04:09:36 PM 100998   2979093    1.00    0.00    0.00    0.00    1.00    10  postgres
04:09:36 PM 100998   2979094    0.00    0.00    0.00    0.00    0.00    10  postgres

04:09:36 PM   UID       PID    %usr %system  %guest   %wait    %CPU   CPU  Command
04:09:37 PM 100998   2977709    0.00    0.00    0.00    0.00    0.00    14  postgres
04:09:37 PM 100998   2977710    0.00    0.00    0.00    0.00    0.00    12  postgres
04:09:37 PM 100998   2977712    0.00    0.00    0.00    0.00    0.00    12  postgres
04:09:37 PM 100998   2977713    0.00    0.00    0.00    0.00    0.00    14  postgres
04:09:37 PM 100998   2978821    0.00    0.00    0.00    0.00    0.00    14  postgres
04:09:37 PM 100998   2978974    0.00    0.00    0.00    0.00    0.00    12  postgres
04:09:37 PM 100998   2979055    0.00    0.00    0.00    0.00    0.00    12  postgres
04:09:37 PM 100998   2979087    1.00    1.00    0.00    0.00    2.00    14  postgres
04:09:37 PM 100998   2979088    1.00    0.00    0.00    0.00    1.00    10  postgres
04:09:37 PM 100998   2979089    0.00    0.00    0.00    0.00    0.00    10  postgres
04:09:37 PM 100998   2979090    0.00    1.00    0.00    0.00    1.00    14  postgres
04:09:37 PM 100998   2979091    0.00    0.00    0.00    0.00    0.00    14  postgres
04:09:37 PM 100998   2979092    0.00    1.00    0.00    0.00    1.00    10  postgres
04:09:37 PM 100998   2979093    0.00    0.00    0.00    0.00    0.00    10  postgres
04:09:37 PM 100998   2979094    1.00    0.00    0.00    0.00    1.00    12  postgres

04:09:37 PM   UID       PID    %usr %system  %guest   %wait    %CPU   CPU  Command
04:09:38 PM 100998   2977709    0.00    0.00    0.00    0.00    0.00    14  postgres
04:09:38 PM 100998   2977710    0.00    0.00    0.00    0.00    0.00    12  postgres
04:09:38 PM 100998   2977712    0.00    0.00    0.00    0.00    0.00    12  postgres
04:09:38 PM 100998   2977713    0.00    0.00    0.00    0.00    0.00    14  postgres
04:09:38 PM 100998   2978821    1.00    0.00    0.00    0.00    1.00    14  postgres
04:09:38 PM 100998   2978974    0.00    0.00    0.00    0.00    0.00    10  postgres
04:09:38 PM 100998   2979055    0.00    1.00    0.00    0.00    1.00    14  postgres
04:09:38 PM 100998   2979087    0.00    0.00    0.00    0.00    0.00    12  postgres
04:09:38 PM 100998   2979088    0.00    1.00    0.00    0.00    1.00    10  postgres
04:09:38 PM 100998   2979089    1.00    1.00    0.00    0.00    2.00    10  postgres
04:09:38 PM 100998   2979090    0.00    0.00    0.00    0.00    0.00    14  postgres
04:09:38 PM 100998   2979091    1.00    1.00    0.00    0.00    2.00    14  postgres
04:09:38 PM 100998   2979092    0.00    0.00    0.00    0.00    0.00    14  postgres
04:09:38 PM 100998   2979093    0.00    1.00    0.00    0.00    1.00    12  postgres
04:09:38 PM 100998   2979094    0.00    0.00    0.00    0.00    0.00    10  postgres

04:09:38 PM   UID       PID    %usr %system  %guest   %wait    %CPU   CPU  Command
04:09:39 PM 100998   2977709    0.00    0.00    0.00    0.00    0.00    14  postgres
04:09:39 PM 100998   2977710    0.00    0.00    0.00    0.00    0.00    12  postgres
04:09:39 PM 100998   2977712    0.00    0.00    0.00    0.00    0.00    12  postgres
04:09:39 PM 100998   2977713    0.00    0.00    0.00    0.00    0.00    14  postgres
04:09:39 PM 100998   2978821    0.00    1.00    0.00    0.00    1.00    10  postgres
04:09:39 PM 100998   2978974    1.00    1.00    0.00    0.00    2.00    12  postgres
04:09:39 PM 100998   2979055    1.00    0.00    0.00    0.00    1.00    14  postgres
04:09:39 PM 100998   2979087    1.00    0.00    0.00    0.00    1.00    14  postgres
04:09:39 PM 100998   2979088    1.00    0.00    0.00    0.00    1.00    14  postgres
04:09:39 PM 100998   2979089    0.00    0.00    0.00    0.00    0.00    12  postgres
04:09:39 PM 100998   2979090    0.00    0.00    0.00    0.00    0.00    14  postgres
04:09:39 PM 100998   2979091    0.00    0.00    0.00    0.00    0.00    14  postgres
04:09:39 PM 100998   2979092    0.00    0.00    0.00    0.00    0.00    12  postgres
04:09:39 PM 100998   2979093    0.00    0.00    0.00    0.00    0.00    10  postgres
04:09:39 PM 100998   2979094    0.00    1.00    0.00    0.00    1.00    12  postgres

04:09:39 PM   UID       PID    %usr %system  %guest   %wait    %CPU   CPU  Command
04:09:40 PM 100998   2977709    0.00    0.00    0.00    0.00    0.00    14  postgres
04:09:40 PM 100998   2977710    0.00    0.00    0.00    0.00    0.00    14  postgres
04:09:40 PM 100998   2977712    0.00    0.00    0.00    0.00    0.00    12  postgres
04:09:40 PM 100998   2977713    0.00    0.00    0.00    0.00    0.00    14  postgres
04:09:40 PM 100998   2978821    1.00    0.00    0.00    0.00    1.00    10  postgres
04:09:40 PM 100998   2978974    0.00    0.00    0.00    0.00    0.00    12  postgres
04:09:40 PM 100998   2979055    0.00    0.00    0.00    0.00    0.00    12  postgres
04:09:40 PM 100998   2979087    0.00    0.00    0.00    0.00    0.00    10  postgres
04:09:40 PM 100998   2979088    0.00    0.00    0.00    0.00    0.00    10  postgres
04:09:40 PM 100998   2979089    1.00    1.00    0.00    0.00    2.00    10  postgres
04:09:40 PM 100998   2979090    1.00    0.00    0.00    0.00    1.00    10  postgres
04:09:40 PM 100998   2979091    0.00    0.00    0.00    0.00    0.00    10  postgres
04:09:40 PM 100998   2979092    1.00    1.00    0.00    0.00    2.00    14  postgres
04:09:40 PM 100998   2979093    1.00    0.00    0.00    0.00    1.00    10  postgres
04:09:40 PM 100998   2979094    1.00    0.00    0.00    0.00    1.00    14  postgres

04:09:40 PM   UID       PID    %usr %system  %guest   %wait    %CPU   CPU  Command
04:09:41 PM 100998   2977709    0.00    0.00    0.00    0.00    0.00    14  postgres
04:09:41 PM 100998   2977710    0.00    0.00    0.00    0.00    0.00    12  postgres
04:09:41 PM 100998   2977712    0.00    0.00    0.00    0.00    0.00    12  postgres
04:09:41 PM 100998   2977713    0.00    0.00    0.00    0.00    0.00    14  postgres
04:09:41 PM 100998   2978821    0.00    0.00    0.00    0.00    0.00    12  postgres
04:09:41 PM 100998   2978974    0.00    0.00    0.00    0.00    0.00    14  postgres
04:09:41 PM 100998   2979055    1.00    1.00    0.00    0.00    2.00    12  postgres
04:09:41 PM 100998   2979087    0.00    1.00    0.00    0.00    1.00    14  postgres
04:09:41 PM 100998   2979088    1.00    0.00    0.00    0.00    1.00    10  postgres
04:09:41 PM 100998   2979089    0.00    0.00    0.00    0.00    0.00    10  postgres
04:09:41 PM 100998   2979090    0.00    1.00    0.00    0.00    1.00    10  postgres
04:09:41 PM 100998   2979091    0.00    0.00    0.00    0.00    0.00    14  postgres
04:09:41 PM 100998   2979092    0.00    0.00    0.00    0.00    0.00    10  postgres
04:09:41 PM 100998   2979093    0.00    0.00    0.00    0.00    0.00    10  postgres
04:09:41 PM 100998   2979094    0.00    0.00    0.00    0.00    0.00    10  postgres

04:09:41 PM   UID       PID    %usr %system  %guest   %wait    %CPU   CPU  Command
04:09:42 PM 100998   2977709    0.00    0.00    0.00    0.00    0.00    14  postgres
04:09:42 PM 100998   2977710    0.00    0.00    0.00    0.00    0.00    12  postgres
04:09:42 PM 100998   2977712    0.00    0.00    0.00    0.00    0.00    12  postgres
04:09:42 PM 100998   2977713    0.00    0.00    0.00    0.00    0.00    14  postgres
04:09:42 PM 100998   2978821    1.00    1.00    0.00    0.00    2.00    14  postgres
04:09:42 PM 100998   2978974    1.00    1.00    0.00    0.00    2.00    10  postgres
04:09:42 PM 100998   2979055    0.00    0.00    0.00    0.00    0.00    12  postgres
04:09:42 PM 100998   2979087    1.00    0.00    0.00    0.00    1.00    12  postgres
04:09:42 PM 100998   2979088    0.00    0.00    0.00    0.00    0.00    14  postgres
04:09:42 PM 100998   2979089    0.00    0.00    0.00    0.00    0.00    12  postgres
04:09:42 PM 100998   2979090    0.00    0.00    0.00    0.00    0.00    10  postgres
04:09:42 PM 100998   2979091    1.00    1.00    0.00    0.00    2.00    14  postgres
04:09:42 PM 100998   2979092    0.00    0.00    0.00    0.00    0.00    10  postgres
04:09:42 PM 100998   2979093    0.00    1.00    0.00    0.00    1.00    14  postgres
04:09:42 PM 100998   2979094    0.00    0.00    0.00    0.00    0.00    14  postgres

04:09:42 PM   UID       PID    %usr %system  %guest   %wait    %CPU   CPU  Command
04:09:43 PM 100998   2977709    0.00    0.00    0.00    0.00    0.00    14  postgres
04:09:43 PM 100998   2977710    0.00    0.00    0.00    0.00    0.00    10  postgres
04:09:43 PM 100998   2977712    0.00    0.00    0.00    0.00    0.00    12  postgres
04:09:43 PM 100998   2977713    0.00    0.00    0.00    0.00    0.00    14  postgres
04:09:43 PM 100998   2978821    0.00    0.00    0.00    0.00    0.00    12  postgres
04:09:43 PM 100998   2978974    0.00    0.00    0.00    0.00    0.00    12  postgres
04:09:43 PM 100998   2979055    1.00    1.00    0.00    0.00    2.00    12  postgres
04:09:43 PM 100998   2979087    0.00    0.00    0.00    0.00    0.00    14  postgres
04:09:43 PM 100998   2979088    0.00    1.00    0.00    0.00    1.00    14  postgres
04:09:43 PM 100998   2979089    1.00    0.00    0.00    0.00    1.00    12  postgres
04:09:43 PM 100998   2979090    1.00    0.00    0.00    0.00    1.00    14  postgres
04:09:43 PM 100998   2979091    0.00    0.00    0.00    0.00    0.00    12  postgres
04:09:43 PM 100998   2979092    1.00    0.00    0.00    0.00    1.00    10  postgres
04:09:43 PM 100998   2979093    0.00    0.00    0.00    0.00    0.00    14  postgres
04:09:43 PM 100998   2979094    1.00    0.00    0.00    0.00    1.00    12  postgres

04:09:43 PM   UID       PID    %usr %system  %guest   %wait    %CPU   CPU  Command
04:09:44 PM 100998   2977709    0.00    0.00    0.00    0.00    0.00    14  postgres
04:09:44 PM 100998   2977710    0.00    0.00    0.00    0.00    0.00    10  postgres
04:09:44 PM 100998   2977712    0.00    0.00    0.00    0.00    0.00    12  postgres
04:09:44 PM 100998   2977713    0.00    0.00    0.00    0.00    0.00    14  postgres
04:09:44 PM 100998   2978821    1.00    0.00    0.00    0.00    1.00    12  postgres
04:09:44 PM 100998   2978974    1.00    0.00    0.00    0.00    1.00    10  postgres
04:09:44 PM 100998   2979055    0.00    0.00    0.00    0.00    0.00    14  postgres
04:09:44 PM 100998   2979087    1.00    0.00    0.00    0.00    1.00    12  postgres
04:09:44 PM 100998   2979088    0.00    0.00    0.00    0.00    0.00    14  postgres
04:09:44 PM 100998   2979089    0.00    1.00    0.00    0.00    1.00    10  postgres
04:09:44 PM 100998   2979090    0.00    1.00    0.00    0.00    1.00    10  postgres
04:09:44 PM 100998   2979091    0.00    0.00    0.00    0.00    0.00    14  postgres
04:09:44 PM 100998   2979092    0.00    1.00    0.00    0.00    1.00    10  postgres
04:09:44 PM 100998   2979093    1.00    0.00    0.00    0.00    1.00    10  postgres
04:09:44 PM 100998   2979094    0.00    1.00    0.00    0.00    1.00    12  postgres

04:09:44 PM   UID       PID    %usr %system  %guest   %wait    %CPU   CPU  Command
04:09:45 PM 100998   2977709    0.00    0.00    0.00    0.00    0.00    14  postgres
04:09:45 PM 100998   2977710    0.00    0.00    0.00    0.00    0.00    10  postgres
04:09:45 PM 100998   2977712    0.00    0.00    0.00    0.00    0.00    12  postgres
04:09:45 PM 100998   2977713    0.00    0.00    0.00    0.00    0.00    14  postgres
04:09:45 PM 100998   2978821    0.00    1.00    0.00    0.00    1.00    10  postgres
04:09:45 PM 100998   2978974    1.00    0.00    0.00    0.00    1.00    14  postgres
04:09:45 PM 100998   2979055    1.00    0.00    0.00    0.00    1.00    14  postgres
04:09:45 PM 100998   2979087    0.00    1.00    0.00    0.00    1.00    12  postgres
04:09:45 PM 100998   2979088    1.00    1.00    0.00    0.00    2.00    12  postgres
04:09:45 PM 100998   2979089    1.00    0.00    0.00    0.00    1.00    12  postgres
04:09:45 PM 100998   2979090    0.00    0.00    0.00    0.00    0.00    12  postgres
04:09:45 PM 100998   2979091    1.00    1.00    0.00    0.00    2.00    14  postgres
04:09:45 PM 100998   2979092    0.00    0.00    0.00    0.00    0.00    12  postgres
04:09:45 PM 100998   2979093    0.00    0.00    0.00    0.00    0.00    12  postgres
04:09:45 PM 100998   2979094    0.00    0.00    0.00    0.00    0.00    10  postgres

04:09:45 PM   UID       PID    %usr %system  %guest   %wait    %CPU   CPU  Command
04:09:46 PM 100998   2977709    0.00    0.00    0.00    0.00    0.00    14  postgres
04:09:46 PM 100998   2977710    0.00    0.00    0.00    0.00    0.00    12  postgres
04:09:46 PM 100998   2977712    0.00    0.00    0.00    0.00    0.00    12  postgres
04:09:46 PM 100998   2977713    0.00    0.00    0.00    0.00    0.00    14  postgres
04:09:46 PM 100998   2978821    1.00    0.00    0.00    0.00    1.00    10  postgres
04:09:46 PM 100998   2978974    0.00    1.00    0.00    0.00    1.00    14  postgres
04:09:46 PM 100998   2979055    0.00    1.00    0.00    0.00    1.00    10  postgres
04:09:46 PM 100998   2979087    0.00    0.00    0.00    0.00    0.00    10  postgres
04:09:46 PM 100998   2979088    0.00    0.00    0.00    0.00    0.00    14  postgres
04:09:46 PM 100998   2979089    0.00    1.00    0.00    0.00    1.00    10  postgres
04:09:46 PM 100998   2979090    0.00    1.00    0.00    0.00    1.00    10  postgres
04:09:46 PM 100998   2979091    0.00    0.00    0.00    0.00    0.00    14  postgres
04:09:46 PM 100998   2979092    1.00    0.00    0.00    0.00    1.00    12  postgres
04:09:46 PM 100998   2979093    1.00    0.00    0.00    0.00    1.00    14  postgres
04:09:46 PM 100998   2979094    1.00    0.00    0.00    0.00    1.00    10  postgres

04:09:46 PM   UID       PID    %usr %system  %guest   %wait    %CPU   CPU  Command
04:09:47 PM 100998   2977709    0.00    0.00    0.00    0.00    0.00    14  postgres
04:09:47 PM 100998   2977710    0.00    0.00    0.00    0.00    0.00    10  postgres
04:09:47 PM 100998   2977712    0.00    0.00    0.00    0.00    0.00    12  postgres
04:09:47 PM 100998   2977713    0.00    0.00    0.00    0.00    0.00    14  postgres
04:09:47 PM 100998   2978821    0.00    0.00    0.00    0.00    0.00    10  postgres
04:09:47 PM 100998   2978974    1.00    0.00    0.00    0.00    1.00    12  postgres
04:09:47 PM 100998   2979055    1.00    0.00    0.00    0.00    1.00    14  postgres
04:09:47 PM 100998   2979087    1.00    0.00    0.00    0.00    1.00    14  postgres
04:09:47 PM 100998   2979088    0.00    0.00    0.00    0.00    0.00    10  postgres
04:09:47 PM 100998   2979089    1.00    0.00    0.00    0.00    1.00    14  postgres
04:09:47 PM 100998   2979090    1.00    0.00    0.00    0.00    1.00    12  postgres
04:09:47 PM 100998   2979091    1.00    0.00    0.00    0.00    1.00    12  postgres
04:09:47 PM 100998   2979092    0.00    1.00    0.00    0.00    1.00    12  postgres
04:09:47 PM 100998   2979093    0.00    1.00    0.00    0.00    1.00    14  postgres
04:09:47 PM 100998   2979094    0.00    0.00    0.00    0.00    0.00    14  postgres

04:09:47 PM   UID       PID    %usr %system  %guest   %wait    %CPU   CPU  Command
04:09:48 PM 100998   2977709    0.00    0.00    0.00    0.00    0.00    14  postgres
04:09:48 PM 100998   2977710    0.00    0.00    0.00    0.00    0.00    10  postgres
04:09:48 PM 100998   2977712    0.00    0.00    0.00    0.00    0.00    12  postgres
04:09:48 PM 100998   2977713    0.00    0.00    0.00    0.00    0.00    14  postgres
04:09:48 PM 100998   2978821    1.00    0.00    0.00    0.00    1.00    14  postgres
04:09:48 PM 100998   2978974    0.00    0.00    0.00    0.00    0.00    14  postgres
04:09:48 PM 100998   2979055    0.00    0.00    0.00    0.00    0.00    12  postgres
04:09:48 PM 100998   2979087    0.00    0.00    0.00    0.00    0.00    14  postgres
04:09:48 PM 100998   2979088    1.00    1.00    0.00    0.00    2.00    10  postgres
04:09:48 PM 100998   2979089    0.00    0.00    0.00    0.00    0.00    14  postgres
04:09:48 PM 100998   2979090    0.00    1.00    0.00    0.00    1.00    10  postgres
04:09:48 PM 100998   2979091    0.00    0.00    0.00    0.00    0.00    14  postgres
04:09:48 PM 100998   2979092    0.00    0.00    0.00    0.00    0.00    10  postgres
04:09:48 PM 100998   2979093    1.00    0.00    0.00    0.00    1.00    12  postgres
04:09:48 PM 100998   2979094    0.00    1.00    0.00    0.00    1.00    12  postgres

04:09:48 PM   UID       PID    %usr %system  %guest   %wait    %CPU   CPU  Command
04:09:49 PM 100998   2977709    0.00    0.00    0.00    0.00    0.00    14  postgres
04:09:49 PM 100998   2977710    0.00    0.00    0.00    0.00    0.00    12  postgres
04:09:49 PM 100998   2977712    0.00    0.00    0.00    0.00    0.00    12  postgres
04:09:49 PM 100998   2977713    0.00    0.00    0.00    0.00    0.00    14  postgres
04:09:49 PM 100998   2978821    0.00    1.00    0.00    0.00    1.00    10  postgres
04:09:49 PM 100998   2978974    0.00    1.00    0.00    0.00    1.00    10  postgres
04:09:49 PM 100998   2979055    0.00    0.00    0.00    0.00    0.00    10  postgres
04:09:49 PM 100998   2979087    1.00    0.00    0.00    0.00    1.00    10  postgres
04:09:49 PM 100998   2979088    0.00    0.00    0.00    0.00    0.00    14  postgres
04:09:49 PM 100998   2979089    0.00    1.00    0.00    0.00    1.00    12  postgres
04:09:49 PM 100998   2979090    1.00    0.00    0.00    0.00    1.00    14  postgres
04:09:49 PM 100998   2979091    1.00    0.00    0.00    0.00    1.00    12  postgres
04:09:49 PM 100998   2979092    0.00    0.00    0.00    0.00    0.00    12  postgres
04:09:49 PM 100998   2979093    0.00    0.00    0.00    0.00    0.00    10  postgres
04:09:49 PM 100998   2979094    1.00    0.00    0.00    0.00    1.00    14  postgres

04:09:49 PM   UID       PID    %usr %system  %guest   %wait    %CPU   CPU  Command
04:09:50 PM 100998   2977709    0.00    0.00    0.00    0.00    0.00    14  postgres
04:09:50 PM 100998   2977710    0.00    0.00    0.00    0.00    0.00    12  postgres
04:09:50 PM 100998   2977712    0.00    0.00    0.00    0.00    0.00    12  postgres
04:09:50 PM 100998   2977713    0.00    0.00    0.00    0.00    0.00    14  postgres
04:09:50 PM 100998   2978821    1.00    0.00    0.00    0.00    1.00    12  postgres
04:09:50 PM 100998   2978974    1.00    0.00    0.00    0.00    1.00    10  postgres
04:09:50 PM 100998   2979055    1.00    1.00    0.00    0.00    2.00    10  postgres
04:09:50 PM 100998   2979087    0.00    1.00    0.00    0.00    1.00    10  postgres
04:09:50 PM 100998   2979088    1.00    0.00    0.00    0.00    1.00    10  postgres
04:09:50 PM 100998   2979089    1.00    0.00    0.00    0.00    1.00    10  postgres
04:09:50 PM 100998   2979090    0.00    0.00    0.00    0.00    0.00    12  postgres
04:09:50 PM 100998   2979091    0.00    1.00    0.00    0.00    1.00    14  postgres
04:09:50 PM 100998   2979092    1.00    1.00    0.00    0.00    2.00    12  postgres
04:09:50 PM 100998   2979093    0.00    0.00    0.00    0.00    0.00    14  postgres
04:09:50 PM 100998   2979094    0.00    0.00    0.00    0.00    0.00    10  postgres

04:09:50 PM   UID       PID    %usr %system  %guest   %wait    %CPU   CPU  Command
04:09:51 PM 100998   2977709    0.00    0.00    0.00    0.00    0.00    14  postgres
04:09:51 PM 100998   2977710    0.00    0.00    0.00    0.00    0.00    10  postgres
04:09:51 PM 100998   2977712    0.00    0.00    0.00    0.00    0.00    12  postgres
04:09:51 PM 100998   2977713    0.00    0.00    0.00    0.00    0.00    14  postgres
04:09:51 PM 100998   2978821    0.00    1.00    0.00    0.00    1.00    10  postgres
04:09:51 PM 100998   2978974    1.00    0.00    0.00    0.00    1.00    10  postgres
04:09:51 PM 100998   2979055    0.00    0.00    0.00    0.00    0.00    12  postgres
04:09:51 PM 100998   2979087    1.00    0.00    0.00    0.00    1.00    12  postgres
04:09:51 PM 100998   2979088    0.00    0.00    0.00    0.00    0.00    10  postgres
04:09:51 PM 100998   2979089    0.00    0.00    0.00    0.00    0.00    10  postgres
04:09:51 PM 100998   2979090    0.00    1.00    0.00    0.00    1.00    14  postgres
04:09:51 PM 100998   2979091    0.00    0.00    0.00    0.00    0.00    14  postgres
04:09:51 PM 100998   2979092    0.00    0.00    0.00    0.00    0.00    12  postgres
04:09:51 PM 100998   2979093    1.00    0.00    0.00    0.00    1.00    10  postgres
04:09:51 PM 100998   2979094    0.00    0.00    0.00    0.00    0.00    12  postgres

04:09:51 PM   UID       PID    %usr %system  %guest   %wait    %CPU   CPU  Command
04:09:52 PM 100998   2977709    0.00    0.00    0.00    0.00    0.00    14  postgres
04:09:52 PM 100998   2977710    0.00    0.00    0.00    0.00    0.00    12  postgres
04:09:52 PM 100998   2977712    0.00    0.00    0.00    0.00    0.00    12  postgres
04:09:52 PM 100998   2977713    0.00    0.00    0.00    0.00    0.00    14  postgres
04:09:52 PM 100998   2978821    1.00    0.00    0.00    0.00    1.00    14  postgres
04:09:52 PM 100998   2978974    0.00    1.00    0.00    0.00    1.00    10  postgres
04:09:52 PM 100998   2979055    1.00    1.00    0.00    0.00    2.00    12  postgres
04:09:52 PM 100998   2979087    0.00    0.00    0.00    0.00    0.00    10  postgres
04:09:52 PM 100998   2979088    1.00    1.00    0.00    0.00    2.00    12  postgres
04:09:52 PM 100998   2979089    1.00    1.00    0.00    0.00    2.00    14  postgres
04:09:52 PM 100998   2979090    0.00    0.00    0.00    0.00    0.00    12  postgres
04:09:52 PM 100998   2979091    1.00    0.00    0.00    0.00    1.00    14  postgres
04:09:52 PM 100998   2979092    1.00    0.00    0.00    0.00    1.00    14  postgres
04:09:52 PM 100998   2979093    0.00    0.00    0.00    0.00    0.00    12  postgres
04:09:52 PM 100998   2979094    1.00    1.00    0.00    0.00    2.00    14  postgres

04:09:52 PM   UID       PID    %usr %system  %guest   %wait    %CPU   CPU  Command
04:09:53 PM 100998   2977709    0.00    0.00    0.00    0.00    0.00    14  postgres
04:09:53 PM 100998   2977710    0.00    0.00    0.00    0.00    0.00    12  postgres
04:09:53 PM 100998   2977712    0.00    0.00    0.00    0.00    0.00    12  postgres
04:09:53 PM 100998   2977713    0.00    0.00    0.00    0.00    0.00    14  postgres
04:09:53 PM 100998   2978821    0.00    1.00    0.00    0.00    1.00    10  postgres
04:09:53 PM 100998   2978974    1.00    0.00    0.00    0.00    1.00    12  postgres
04:09:53 PM 100998   2979055    0.00    0.00    0.00    0.00    0.00    14  postgres
04:09:53 PM 100998   2979087    0.00    0.00    0.00    0.00    0.00    10  postgres
04:09:53 PM 100998   2979088    0.00    0.00    0.00    0.00    0.00    10  postgres
04:09:53 PM 100998   2979089    0.00    0.00    0.00    0.00    0.00    14  postgres
04:09:53 PM 100998   2979090    1.00    0.00    0.00    0.00    1.00    14  postgres
04:09:53 PM 100998   2979091    0.00    0.00    0.00    0.00    0.00    12  postgres
04:09:53 PM 100998   2979092    0.00    1.00    0.00    0.00    1.00    14  postgres
04:09:53 PM 100998   2979093    1.00    1.00    0.00    0.00    2.00    14  postgres
04:09:53 PM 100998   2979094    0.00    0.00    0.00    0.00    0.00    14  postgres

04:09:53 PM   UID       PID    %usr %system  %guest   %wait    %CPU   CPU  Command
04:09:54 PM 100998   2977709    0.00    0.00    0.00    0.00    0.00    14  postgres
04:09:54 PM 100998   2977710    0.00    0.00    0.00    0.00    0.00    12  postgres
04:09:54 PM 100998   2977712    0.00    0.00    0.00    0.00    0.00    12  postgres
04:09:54 PM 100998   2977713    0.00    0.00    0.00    0.00    0.00    14  postgres
04:09:54 PM 100998   2978821    1.00    0.00    0.00    0.00    1.00    10  postgres
04:09:54 PM 100998   2978974    0.00    0.00    0.00    0.00    0.00    12  postgres
04:09:54 PM 100998   2979055    1.00    1.00    0.00    0.00    2.00    10  postgres
04:09:54 PM 100998   2979087    1.00    0.00    0.00    0.00    1.00    12  postgres
04:09:54 PM 100998   2979088    0.00    0.00    0.00    0.00    0.00    14  postgres
04:09:54 PM 100998   2979089    0.00    0.00    0.00    0.00    0.00    10  postgres
04:09:54 PM 100998   2979090    0.00    1.00    0.00    0.00    1.00    14  postgres
04:09:54 PM 100998   2979091    1.00    1.00    0.00    0.00    2.00    12  postgres
04:09:54 PM 100998   2979092    0.00    0.00    0.00    0.00    0.00    10  postgres
04:09:54 PM 100998   2979093    0.00    0.00    0.00    0.00    0.00    14  postgres
04:09:54 PM 100998   2979094    1.00    0.00    0.00    0.00    1.00    10  postgres

04:09:54 PM   UID       PID    %usr %system  %guest   %wait    %CPU   CPU  Command
04:09:55 PM 100998   2977709    0.00    0.00    0.00    0.00    0.00    14  postgres
04:09:55 PM 100998   2977710    0.00    0.00    0.00    0.00    0.00    12  postgres
04:09:55 PM 100998   2977712    0.00    0.00    0.00    0.00    0.00    12  postgres
04:09:55 PM 100998   2977713    0.00    0.00    0.00    0.00    0.00    14  postgres
04:09:55 PM 100998   2978821    0.00    0.00    0.00    0.00    0.00    14  postgres
04:09:55 PM 100998   2978974    1.00    1.00    0.00    0.00    2.00    10  postgres
04:09:55 PM 100998   2979055    0.00    0.00    0.00    0.00    0.00    14  postgres
04:09:55 PM 100998   2979087    1.00    0.00    0.00    0.00    1.00    10  postgres
04:09:55 PM 100998   2979088    1.00    0.00    0.00    0.00    1.00    14  postgres
04:09:55 PM 100998   2979089    1.00    1.00    0.00    0.00    2.00    12  postgres
04:09:55 PM 100998   2979090    1.00    0.00    0.00    0.00    1.00    10  postgres
04:09:55 PM 100998   2979091    0.00    0.00    0.00    0.00    0.00    10  postgres
04:09:55 PM 100998   2979092    0.00    0.00    0.00    0.00    0.00    14  postgres
04:09:55 PM 100998   2979093    0.00    0.00    0.00    0.00    0.00    10  postgres
04:09:55 PM 100998   2979094    0.00    0.00    0.00    0.00    0.00    14  postgres

04:09:55 PM   UID       PID    %usr %system  %guest   %wait    %CPU   CPU  Command
04:09:56 PM 100998   2977709    0.00    0.00    0.00    0.00    0.00    14  postgres
04:09:56 PM 100998   2977710    0.00    0.00    0.00    0.00    0.00    12  postgres
04:09:56 PM 100998   2977712    0.00    0.00    0.00    0.00    0.00    12  postgres
04:09:56 PM 100998   2977713    0.00    0.00    0.00    0.00    0.00    14  postgres
04:09:56 PM 100998   2978821    0.00    1.00    0.00    0.00    1.00    14  postgres
04:09:56 PM 100998   2978974    0.00    0.00    0.00    0.00    0.00    10  postgres
04:09:56 PM 100998   2979055    1.00    0.00    0.00    0.00    1.00    14  postgres
04:09:56 PM 100998   2979087    0.00    1.00    0.00    0.00    1.00    10  postgres
04:09:56 PM 100998   2979088    1.00    0.00    0.00    0.00    1.00    14  postgres
04:09:56 PM 100998   2979089    1.00    0.00    0.00    0.00    1.00    14  postgres
04:09:56 PM 100998   2979090    0.00    0.00    0.00    0.00    0.00    10  postgres
04:09:56 PM 100998   2979091    1.00    0.00    0.00    0.00    1.00    10  postgres
04:09:56 PM 100998   2979092    1.00    0.00    0.00    0.00    1.00    14  postgres
04:09:56 PM 100998   2979093    1.00    0.00    0.00    0.00    1.00    12  postgres
04:09:56 PM 100998   2979094    0.00    1.00    0.00    0.00    1.00    12  postgres

04:09:56 PM   UID       PID    %usr %system  %guest   %wait    %CPU   CPU  Command
04:09:57 PM 100998   2977709    0.00    0.00    0.00    0.00    0.00    14  postgres
04:09:57 PM 100998   2977710    0.00    0.00    0.00    0.00    0.00    12  postgres
04:09:57 PM 100998   2977712    0.00    0.00    0.00    0.00    0.00    12  postgres
04:09:57 PM 100998   2977713    0.00    0.00    0.00    0.00    0.00    14  postgres
04:09:57 PM 100998   2978821    1.00    0.00    0.00    0.00    1.00    12  postgres
04:09:57 PM 100998   2978974    0.00    1.00    0.00    0.00    1.00    12  postgres
04:09:57 PM 100998   2979055    0.00    1.00    0.00    0.00    1.00    12  postgres
04:09:57 PM 100998   2979087    0.00    0.00    0.00    0.00    0.00    10  postgres
04:09:57 PM 100998   2979088    0.00    1.00    0.00    0.00    1.00    14  postgres
04:09:57 PM 100998   2979089    0.00    0.00    0.00    0.00    0.00    14  postgres
04:09:57 PM 100998   2979090    1.00    1.00    0.00    0.00    2.00    10  postgres
04:09:57 PM 100998   2979091    0.00    0.00    0.00    0.00    0.00    14  postgres
04:09:57 PM 100998   2979092    0.00    1.00    0.00    0.00    1.00    10  postgres
04:09:57 PM 100998   2979093    0.00    1.00    0.00    0.00    1.00    14  postgres
04:09:57 PM 100998   2979094    1.00    0.00    0.00    0.00    1.00    12  postgres

04:09:57 PM   UID       PID    %usr %system  %guest   %wait    %CPU   CPU  Command
04:09:58 PM 100998   2977709    0.00    0.00    0.00    0.00    0.00    14  postgres
04:09:58 PM 100998   2977710    0.00    0.00    0.00    0.00    0.00    12  postgres
04:09:58 PM 100998   2977712    0.00    0.00    0.00    0.00    0.00    12  postgres
04:09:58 PM 100998   2977713    0.00    0.00    0.00    0.00    0.00    14  postgres
04:09:58 PM 100998   2978821    0.00    0.00    0.00    0.00    0.00    12  postgres
04:09:58 PM 100998   2978974    0.00    0.00    0.00    0.00    0.00    12  postgres
04:09:58 PM 100998   2979055    1.00    0.00    0.00    0.00    1.00    14  postgres
04:09:58 PM 100998   2979087    1.00    1.00    0.00    0.00    2.00    10  postgres
04:09:58 PM 100998   2979088    1.00    0.00    0.00    0.00    1.00    14  postgres
04:09:58 PM 100998   2979089    1.00    1.00    0.00    0.00    2.00    14  postgres
04:09:58 PM 100998   2979090    0.00    0.00    0.00    0.00    0.00    14  postgres
04:09:58 PM 100998   2979091    1.00    0.00    0.00    0.00    1.00    10  postgres
04:09:58 PM 100998   2979092    0.00    0.00    0.00    0.00    0.00    12  postgres
04:09:58 PM 100998   2979093    0.00    0.00    0.00    0.00    0.00    14  postgres
04:09:58 PM 100998   2979094    0.00    0.00    0.00    0.00    0.00    10  postgres

04:09:58 PM   UID       PID    %usr %system  %guest   %wait    %CPU   CPU  Command
04:09:59 PM 100998   2977709    0.00    0.00    0.00    0.00    0.00    14  postgres
04:09:59 PM 100998   2977710    0.00    0.00    0.00    0.00    0.00    12  postgres
04:09:59 PM 100998   2977712    0.00    0.00    0.00    0.00    0.00    12  postgres
04:09:59 PM 100998   2977713    0.00    0.00    0.00    0.00    0.00    14  postgres
04:09:59 PM 100998   2978821    1.00    0.00    0.00    0.00    1.00    14  postgres
04:09:59 PM 100998   2978974    1.00    0.00    0.00    0.00    1.00    14  postgres
04:09:59 PM 100998   2979055    0.00    0.00    0.00    0.00    0.00    14  postgres
04:09:59 PM 100998   2979087    0.00    0.00    0.00    0.00    0.00    14  postgres
04:09:59 PM 100998   2979088    0.00    0.00    0.00    0.00    0.00    14  postgres
04:09:59 PM 100998   2979089    0.00    0.00    0.00    0.00    0.00    10  postgres
04:09:59 PM 100998   2979090    1.00    0.00    0.00    0.00    1.00    12  postgres
04:09:59 PM 100998   2979091    0.00    1.00    0.00    0.00    1.00    10  postgres
04:09:59 PM 100998   2979092    1.00    0.00    0.00    0.00    1.00    10  postgres
04:09:59 PM 100998   2979093    1.00    0.00    0.00    0.00    1.00    10  postgres
04:09:59 PM 100998   2979094    1.00    0.00    0.00    0.00    1.00    12  postgres

04:09:59 PM   UID       PID    %usr %system  %guest   %wait    %CPU   CPU  Command
04:10:00 PM 100998   2977709    0.00    0.00    0.00    0.00    0.00    14  postgres
04:10:00 PM 100998   2977710    0.00    0.00    0.00    0.00    0.00    12  postgres
04:10:00 PM 100998   2977712    0.00    0.00    0.00    0.00    0.00    12  postgres
04:10:00 PM 100998   2977713    0.00    0.00    0.00    0.00    0.00    14  postgres
04:10:00 PM 100998   2978821    0.00    1.00    0.00    0.00    1.00    12  postgres
04:10:00 PM 100998   2978974    0.00    1.00    0.00    0.00    1.00    14  postgres
04:10:00 PM 100998   2979055    0.00    1.00    0.00    0.00    1.00    14  postgres
04:10:00 PM 100998   2979087    0.00    0.00    0.00    0.00    0.00    10  postgres
04:10:00 PM 100998   2979088    1.00    1.00    0.00    0.00    2.00    12  postgres
04:10:00 PM 100998   2979089    1.00    0.00    0.00    0.00    1.00    12  postgres
04:10:00 PM 100998   2979090    0.00    0.00    0.00    0.00    0.00    10  postgres
04:10:00 PM 100998   2979091    1.00    0.00    0.00    0.00    1.00    10  postgres
04:10:00 PM 100998   2979092    0.00    1.00    0.00    0.00    1.00    14  postgres
04:10:00 PM 100998   2979093    1.00    1.00    0.00    0.00    2.00    14  postgres
04:10:00 PM 100998   2979094    0.00    0.00    0.00    0.00    0.00    10  postgres

04:10:00 PM   UID       PID    %usr %system  %guest   %wait    %CPU   CPU  Command
04:10:01 PM 100998   2977709    0.00    0.00    0.00    0.00    0.00    14  postgres
04:10:01 PM 100998   2977710    0.00    0.00    0.00    0.00    0.00    12  postgres
04:10:01 PM 100998   2977712    0.00    0.00    0.00    0.00    0.00    12  postgres
04:10:01 PM 100998   2977713    0.00    0.00    0.00    0.00    0.00    14  postgres
04:10:01 PM 100998   2978821    1.00    0.00    0.00    0.00    1.00    12  postgres
04:10:01 PM 100998   2978974    1.00    0.00    0.00    0.00    1.00    10  postgres
04:10:01 PM 100998   2979055    1.00    0.00    0.00    0.00    1.00    10  postgres
04:10:01 PM 100998   2979087    1.00    0.00    0.00    0.00    1.00    14  postgres
04:10:01 PM 100998   2979088    0.00    0.00    0.00    0.00    0.00    10  postgres
04:10:01 PM 100998   2979089    0.00    0.00    0.00    0.00    0.00    12  postgres
04:10:01 PM 100998   2979090    1.00    0.00    0.00    0.00    1.00    14  postgres
04:10:01 PM 100998   2979091    0.00    0.00    0.00    0.00    0.00    14  postgres
04:10:01 PM 100998   2979092    0.00    0.00    0.00    0.00    0.00    14  postgres
04:10:01 PM 100998   2979093    0.00    0.00    0.00    0.00    0.00    14  postgres
04:10:01 PM 100998   2979094    1.00    1.00    0.00    0.00    2.00    10  postgres

04:10:01 PM   UID       PID    %usr %system  %guest   %wait    %CPU   CPU  Command
04:10:02 PM 100998   2977709    0.00    0.00    0.00    0.00    0.00    14  postgres
04:10:02 PM 100998   2977710    0.00    0.00    0.00    0.00    0.00    12  postgres
04:10:02 PM 100998   2977712    0.00    0.00    0.00    0.00    0.00    12  postgres
04:10:02 PM 100998   2977713    0.00    0.00    0.00    0.00    0.00    14  postgres
04:10:02 PM 100998   2978821    0.00    0.00    0.00    0.00    0.00    10  postgres
04:10:02 PM 100998   2978974    0.00    0.00    0.00    0.00    0.00    14  postgres
04:10:02 PM 100998   2979055    0.00    0.00    0.00    0.00    0.00    10  postgres
04:10:02 PM 100998   2979087    0.00    1.00    0.00    0.00    1.00    12  postgres
04:10:02 PM 100998   2979088    0.00    1.00    0.00    0.00    1.00    14  postgres
04:10:02 PM 100998   2979089    0.00    1.00    0.00    0.00    1.00    12  postgres
04:10:02 PM 100998   2979090    0.00    1.00    0.00    0.00    1.00    14  postgres
04:10:02 PM 100998   2979091    1.00    0.00    0.00    0.00    1.00    10  postgres
04:10:02 PM 100998   2979092    0.00    0.00    0.00    0.00    0.00    10  postgres
04:10:02 PM 100998   2979093    0.00    0.00    0.00    0.00    0.00    12  postgres
04:10:02 PM 100998   2979094    0.00    0.00    0.00    0.00    0.00    10  postgres

04:10:02 PM   UID       PID    %usr %system  %guest   %wait    %CPU   CPU  Command
04:10:03 PM 100998   2977709    0.00    0.00    0.00    0.00    0.00    14  postgres
04:10:03 PM 100998   2977710    0.00    0.00    0.00    0.00    0.00    12  postgres
04:10:03 PM 100998   2977712    0.00    0.00    0.00    0.00    0.00    12  postgres
04:10:03 PM 100998   2977713    0.00    0.00    0.00    0.00    0.00    14  postgres
04:10:03 PM 100998   2978821    0.99    0.99    0.00    0.00    1.98    12  postgres
04:10:03 PM 100998   2978974    0.99    0.99    0.00    0.00    1.98    14  postgres
04:10:03 PM 100998   2979055    0.00    0.99    0.00    0.00    0.99    12  postgres
04:10:03 PM 100998   2979087    0.99    0.00    0.00    0.00    0.99    12  postgres
04:10:03 PM 100998   2979088    0.99    0.00    0.00    0.00    0.99    10  postgres
04:10:03 PM 100998   2979089    0.99    0.00    0.00    0.00    0.99    14  postgres
04:10:03 PM 100998   2979090    0.99    0.00    0.00    0.00    0.99    10  postgres
04:10:03 PM 100998   2979091    0.00    0.99    0.00    0.00    0.99    10  postgres
04:10:03 PM 100998   2979092    0.99    0.99    0.00    0.00    1.98    14  postgres
04:10:03 PM 100998   2979093    0.99    0.00    0.00    0.00    0.99    12  postgres
04:10:03 PM 100998   2979094    0.00    0.00    0.00    0.00    0.00    14  postgres

04:10:03 PM   UID       PID    %usr %system  %guest   %wait    %CPU   CPU  Command
04:10:04 PM 100998   2977709    0.00    0.00    0.00    0.00    0.00    14  postgres
04:10:04 PM 100998   2977710    0.00    0.00    0.00    0.00    0.00    12  postgres
04:10:04 PM 100998   2977712    0.00    0.00    0.00    0.00    0.00    12  postgres
04:10:04 PM 100998   2977713    0.00    0.00    0.00    0.00    0.00    14  postgres
04:10:04 PM 100998   2978821    0.00    0.00    0.00    0.00    0.00    10  postgres
04:10:04 PM 100998   2978974    0.00    0.00    0.00    0.00    0.00    14  postgres
04:10:04 PM 100998   2979055    1.00    0.00    0.00    0.00    1.00    10  postgres
04:10:04 PM 100998   2979087    1.00    0.00    0.00    0.00    1.00    10  postgres
04:10:04 PM 100998   2979088    0.00    0.00    0.00    0.00    0.00    14  postgres
04:10:04 PM 100998   2979089    0.00    0.00    0.00    0.00    0.00    14  postgres
04:10:04 PM 100998   2979090    0.00    0.00    0.00    0.00    0.00    12  postgres
04:10:04 PM 100998   2979091    1.00    0.00    0.00    0.00    1.00    14  postgres
04:10:04 PM 100998   2979092    0.00    0.00    0.00    0.00    0.00    12  postgres
04:10:04 PM 100998   2979093    0.00    1.00    0.00    0.00    1.00    10  postgres
04:10:04 PM 100998   2979094    1.00    1.00    0.00    0.00    2.00    10  postgres

04:10:04 PM   UID       PID    %usr %system  %guest   %wait    %CPU   CPU  Command
04:10:05 PM 100998   2977709    0.00    0.00    0.00    0.00    0.00    14  postgres
04:10:05 PM 100998   2977710    0.00    0.00    0.00    0.00    0.00    12  postgres
04:10:05 PM 100998   2977712    0.00    0.00    0.00    0.00    0.00    12  postgres
04:10:05 PM 100998   2977713    0.00    0.00    0.00    0.00    0.00    14  postgres
04:10:05 PM 100998   2978821    0.00    1.00    0.00    0.00    1.00    10  postgres
04:10:05 PM 100998   2978974    1.00    0.00    0.00    0.00    1.00    10  postgres
04:10:05 PM 100998   2979055    0.00    0.00    0.00    0.00    0.00    10  postgres
04:10:05 PM 100998   2979087    0.00    0.00    0.00    0.00    0.00    14  postgres
04:10:05 PM 100998   2979088    0.00    0.00    0.00    0.00    0.00    10  postgres
04:10:05 PM 100998   2979089    1.00    1.00    0.00    0.00    2.00    12  postgres
04:10:05 PM 100998   2979090    0.00    0.00    0.00    0.00    0.00    12  postgres
04:10:05 PM 100998   2979091    0.00    0.00    0.00    0.00    0.00    10  postgres
04:10:05 PM 100998   2979092    1.00    0.00    0.00    0.00    1.00    12  postgres
04:10:05 PM 100998   2979093    1.00    0.00    0.00    0.00    1.00    12  postgres
04:10:05 PM 100998   2979094    0.00    0.00    0.00    0.00    0.00    10  postgres

04:10:05 PM   UID       PID    %usr %system  %guest   %wait    %CPU   CPU  Command
04:10:06 PM 100998   2977709    0.00    0.00    0.00    0.00    0.00    14  postgres
04:10:06 PM 100998   2977710    0.00    0.00    0.00    0.00    0.00    12  postgres
04:10:06 PM 100998   2977712    0.00    0.00    0.00    0.00    0.00    12  postgres
04:10:06 PM 100998   2977713    0.00    0.00    0.00    0.00    0.00    14  postgres
04:10:06 PM 100998   2978821    1.00    0.00    0.00    0.00    1.00    12  postgres
04:10:06 PM 100998   2978974    0.00    1.00    0.00    0.00    1.00    10  postgres
04:10:06 PM 100998   2979055    1.00    1.00    0.00    0.00    2.00    12  postgres
04:10:06 PM 100998   2979087    0.00    1.00    0.00    0.00    1.00    14  postgres
04:10:06 PM 100998   2979088    1.00    1.00    0.00    0.00    2.00    14  postgres
04:10:06 PM 100998   2979089    0.00    0.00    0.00    0.00    0.00    12  postgres
04:10:06 PM 100998   2979090    0.00    1.00    0.00    0.00    1.00    14  postgres
04:10:06 PM 100998   2979091    1.00    0.00    0.00    0.00    1.00    10  postgres
04:10:06 PM 100998   2979092    0.00    1.00    0.00    0.00    1.00    10  postgres
04:10:06 PM 100998   2979093    0.00    0.00    0.00    0.00    0.00    14  postgres
04:10:06 PM 100998   2979094    1.00    0.00    0.00    0.00    1.00    12  postgres

04:10:06 PM   UID       PID    %usr %system  %guest   %wait    %CPU   CPU  Command
04:10:07 PM 100998   2977709    0.00    0.00    0.00    0.00    0.00    14  postgres
04:10:07 PM 100998   2977710    0.00    0.00    0.00    0.00    0.00    12  postgres
04:10:07 PM 100998   2977712    0.00    0.00    0.00    0.00    0.00    12  postgres
04:10:07 PM 100998   2977713    0.00    0.00    0.00    0.00    0.00    14  postgres
04:10:07 PM 100998   2978821    1.00    0.00    0.00    0.00    1.00    12  postgres
04:10:07 PM 100998   2978974    1.00    0.00    0.00    0.00    1.00    14  postgres
04:10:07 PM 100998   2979055    0.00    0.00    0.00    0.00    0.00    12  postgres
04:10:07 PM 100998   2979087    0.00    0.00    0.00    0.00    0.00    10  postgres
04:10:07 PM 100998   2979088    0.00    0.00    0.00    0.00    0.00    12  postgres
04:10:07 PM 100998   2979089    0.00    0.00    0.00    0.00    0.00    12  postgres
04:10:07 PM 100998   2979090    1.00    0.00    0.00    0.00    1.00    14  postgres
04:10:07 PM 100998   2979091    0.00    1.00    0.00    0.00    1.00    14  postgres
04:10:07 PM 100998   2979092    1.00    0.00    0.00    0.00    1.00    12  postgres
04:10:07 PM 100998   2979093    0.00    0.00    0.00    0.00    0.00    14  postgres
04:10:07 PM 100998   2979094    0.00    0.00    0.00    0.00    0.00    12  postgres

04:10:07 PM   UID       PID    %usr %system  %guest   %wait    %CPU   CPU  Command
04:10:08 PM 100998   2977709    0.00    0.00    0.00    0.00    0.00    14  postgres
04:10:08 PM 100998   2977710    0.00    0.00    0.00    0.00    0.00    12  postgres
04:10:08 PM 100998   2977712    0.00    0.00    0.00    0.00    0.00    12  postgres
04:10:08 PM 100998   2977713    0.00    0.00    0.00    0.00    0.00    14  postgres
04:10:08 PM 100998   2978821    1.00    1.00    0.00    0.00    2.00    10  postgres
04:10:08 PM 100998   2978974    0.00    0.00    0.00    0.00    0.00    12  postgres
04:10:08 PM 100998   2979055    1.00    0.00    0.00    0.00    1.00    12  postgres
04:10:08 PM 100998   2979087    1.00    1.00    0.00    0.00    2.00    10  postgres
04:10:08 PM 100998   2979088    1.00    1.00    0.00    0.00    2.00    12  postgres
04:10:08 PM 100998   2979089    1.00    0.00    0.00    0.00    1.00    12  postgres
04:10:08 PM 100998   2979090    0.00    0.00    0.00    0.00    0.00    12  postgres
04:10:08 PM 100998   2979091    1.00    0.00    0.00    0.00    1.00    14  postgres
04:10:08 PM 100998   2979092    0.00    0.00    0.00    0.00    0.00    10  postgres
04:10:08 PM 100998   2979093    1.00    1.00    0.00    0.00    2.00    10  postgres
04:10:08 PM 100998   2979094    0.00    1.00    0.00    0.00    1.00    12  postgres

04:10:08 PM   UID       PID    %usr %system  %guest   %wait    %CPU   CPU  Command
04:10:09 PM 100998   2977709    0.00    0.00    0.00    0.00    0.00    14  postgres
04:10:09 PM 100998   2977710    0.00    0.00    0.00    0.00    0.00    12  postgres
04:10:09 PM 100998   2977712    0.00    0.00    0.00    0.00    0.00    12  postgres
04:10:09 PM 100998   2977713    0.00    0.00    0.00    0.00    0.00    14  postgres
04:10:09 PM 100998   2978821    0.00    0.00    0.00    0.00    0.00    14  postgres
04:10:09 PM 100998   2978974    1.00    1.00    0.00    0.00    2.00    12  postgres
04:10:09 PM 100998   2979055    0.00    1.00    0.00    0.00    1.00    10  postgres
04:10:09 PM 100998   2979087    1.00    0.00    0.00    0.00    1.00    14  postgres
04:10:09 PM 100998   2979088    0.00    0.00    0.00    0.00    0.00    14  postgres
04:10:09 PM 100998   2979089    1.00    1.00    0.00    0.00    2.00    14  postgres
04:10:09 PM 100998   2979090    1.00    0.00    0.00    0.00    1.00    10  postgres
04:10:09 PM 100998   2979091    0.00    0.00    0.00    0.00    0.00    10  postgres
04:10:09 PM 100998   2979092    0.00    1.00    0.00    0.00    1.00    12  postgres
04:10:09 PM 100998   2979093    0.00    0.00    0.00    0.00    0.00    12  postgres
04:10:09 PM 100998   2979094    1.00    0.00    0.00    0.00    1.00    10  postgres

04:10:09 PM   UID       PID    %usr %system  %guest   %wait    %CPU   CPU  Command
04:10:10 PM 100998   2977709    0.00    0.00    0.00    0.00    0.00    14  postgres
04:10:10 PM 100998   2977710    0.00    0.00    0.00    0.00    0.00    12  postgres
04:10:10 PM 100998   2977712    0.00    0.00    0.00    0.00    0.00    12  postgres
04:10:10 PM 100998   2977713    0.00    0.00    0.00    0.00    0.00    14  postgres
04:10:10 PM 100998   2978821    1.00    1.00    0.00    0.00    2.00    14  postgres
04:10:10 PM 100998   2978974    0.00    0.00    0.00    0.00    0.00    12  postgres
04:10:10 PM 100998   2979055    1.00    0.00    0.00    0.00    1.00    12  postgres
04:10:10 PM 100998   2979087    0.00    0.00    0.00    0.00    0.00    12  postgres
04:10:10 PM 100998   2979088    0.00    0.00    0.00    0.00    0.00    10  postgres
04:10:10 PM 100998   2979089    0.00    0.00    0.00    0.00    0.00    14  postgres
04:10:10 PM 100998   2979090    0.00    1.00    0.00    0.00    1.00    12  postgres
04:10:10 PM 100998   2979091    1.00    1.00    0.00    0.00    2.00    14  postgres
04:10:10 PM 100998   2979092    1.00    0.00    0.00    0.00    1.00    14  postgres
04:10:10 PM 100998   2979093    1.00    0.00    0.00    0.00    1.00    14  postgres
04:10:10 PM 100998   2979094    0.00    0.00    0.00    0.00    0.00    12  postgres

04:10:10 PM   UID       PID    %usr %system  %guest   %wait    %CPU   CPU  Command
04:10:11 PM 100998   2977709    0.00    0.00    0.00    0.00    0.00    14  postgres
04:10:11 PM 100998   2977710    0.00    0.00    0.00    0.00    0.00    12  postgres
04:10:11 PM 100998   2977712    0.00    0.00    0.00    0.00    0.00    12  postgres
04:10:11 PM 100998   2977713    0.00    0.00    0.00    0.00    0.00    14  postgres
04:10:11 PM 100998   2978821    0.00    0.00    0.00    0.00    0.00    12  postgres
04:10:11 PM 100998   2978974    1.00    0.00    0.00    0.00    1.00    12  postgres
04:10:11 PM 100998   2979055    0.00    1.00    0.00    0.00    1.00    10  postgres
04:10:11 PM 100998   2979087    0.00    1.00    0.00    0.00    1.00    14  postgres
04:10:11 PM 100998   2979088    1.00    0.00    0.00    0.00    1.00    10  postgres
04:10:11 PM 100998   2979089    1.00    0.00    0.00    0.00    1.00    12  postgres
04:10:11 PM 100998   2979090    0.00    0.00    0.00    0.00    0.00    12  postgres
04:10:11 PM 100998   2979091    0.00    0.00    0.00    0.00    0.00    14  postgres
04:10:11 PM 100998   2979092    0.00    0.00    0.00    0.00    0.00    14  postgres
04:10:11 PM 100998   2979093    0.00    1.00    0.00    0.00    1.00    14  postgres
04:10:11 PM 100998   2979094    0.00    1.00    0.00    0.00    1.00    10  postgres

04:10:11 PM   UID       PID    %usr %system  %guest   %wait    %CPU   CPU  Command
04:10:12 PM 100998   2977709    0.00    0.00    0.00    0.00    0.00    14  postgres
04:10:12 PM 100998   2977710    0.00    0.00    0.00    0.00    0.00    12  postgres
04:10:12 PM 100998   2977712    0.00    0.00    0.00    0.00    0.00    12  postgres
04:10:12 PM 100998   2977713    0.00    0.00    0.00    0.00    0.00    14  postgres
04:10:12 PM 100998   2978821    0.00    0.00    0.00    0.00    0.00    10  postgres
04:10:12 PM 100998   2978974    1.00    1.00    0.00    0.00    2.00    10  postgres
04:10:12 PM 100998   2979055    1.00    0.00    0.00    0.00    1.00    12  postgres
04:10:12 PM 100998   2979087    1.00    0.00    0.00    0.00    1.00    10  postgres
04:10:12 PM 100998   2979088    1.00    1.00    0.00    0.00    2.00    10  postgres
04:10:12 PM 100998   2979089    0.00    0.00    0.00    0.00    0.00    12  postgres
04:10:12 PM 100998   2979090    1.00    0.00    0.00    0.00    1.00    10  postgres
04:10:12 PM 100998   2979091    0.00    0.00    0.00    0.00    0.00    14  postgres
04:10:12 PM 100998   2979092    1.00    1.00    0.00    0.00    2.00    12  postgres
04:10:12 PM 100998   2979093    0.00    0.00    0.00    0.00    0.00    14  postgres
04:10:12 PM 100998   2979094    0.00    0.00    0.00    0.00    0.00    10  postgres

04:10:12 PM   UID       PID    %usr %system  %guest   %wait    %CPU   CPU  Command
04:10:13 PM 100998   2977709    0.00    0.00    0.00    0.00    0.00    14  postgres
04:10:13 PM 100998   2977710    0.00    0.00    0.00    0.00    0.00    12  postgres
04:10:13 PM 100998   2977712    0.00    0.00    0.00    0.00    0.00    12  postgres
04:10:13 PM 100998   2977713    0.00    0.00    0.00    0.00    0.00    14  postgres
04:10:13 PM 100998   2978821    1.00    1.00    0.00    0.00    2.00    14  postgres
04:10:13 PM 100998   2978974    0.00    0.00    0.00    0.00    0.00    10  postgres
04:10:13 PM 100998   2979055    0.00    1.00    0.00    0.00    1.00    10  postgres
04:10:13 PM 100998   2979087    0.00    0.00    0.00    0.00    0.00    10  postgres
04:10:13 PM 100998   2979088    0.00    0.00    0.00    0.00    0.00    12  postgres
04:10:13 PM 100998   2979089    1.00    0.00    0.00    0.00    1.00    14  postgres
04:10:13 PM 100998   2979090    0.00    0.00    0.00    0.00    0.00    10  postgres
04:10:13 PM 100998   2979091    1.00    1.00    0.00    0.00    2.00    12  postgres
04:10:13 PM 100998   2979092    0.00    0.00    0.00    0.00    0.00    12  postgres
04:10:13 PM 100998   2979093    1.00    0.00    0.00    0.00    1.00    14  postgres
04:10:13 PM 100998   2979094    1.00    0.00    0.00    0.00    1.00    10  postgres

04:10:13 PM   UID       PID    %usr %system  %guest   %wait    %CPU   CPU  Command
04:10:14 PM 100998   2977709    0.00    0.00    0.00    0.00    0.00    14  postgres
04:10:14 PM 100998   2977710    0.00    0.00    0.00    0.00    0.00    12  postgres
04:10:14 PM 100998   2977712    0.00    0.00    0.00    0.00    0.00    12  postgres
04:10:14 PM 100998   2977713    0.00    0.00    0.00    0.00    0.00    14  postgres
04:10:14 PM 100998   2978821    0.00    0.00    0.00    0.00    0.00    10  postgres
04:10:14 PM 100998   2978974    1.00    0.00    0.00    0.00    1.00    12  postgres
04:10:14 PM 100998   2979055    1.00    0.00    0.00    0.00    1.00    12  postgres
04:10:14 PM 100998   2979087    1.00    1.00    0.00    0.00    2.00    12  postgres
04:10:14 PM 100998   2979088    1.00    0.00    0.00    0.00    1.00    14  postgres
04:10:14 PM 100998   2979089    0.00    1.00    0.00    0.00    1.00    12  postgres
04:10:14 PM 100998   2979090    1.00    1.00    0.00    0.00    2.00    10  postgres
04:10:14 PM 100998   2979091    1.00    0.00    0.00    0.00    1.00    14  postgres
04:10:14 PM 100998   2979092    0.00    0.00    0.00    0.00    0.00    14  postgres
04:10:14 PM 100998   2979093    0.00    0.00    0.00    0.00    0.00    14  postgres
04:10:14 PM 100998   2979094    0.00    0.00    0.00    0.00    0.00    14  postgres

04:10:14 PM   UID       PID    %usr %system  %guest   %wait    %CPU   CPU  Command
04:10:15 PM 100998   2977709    0.00    0.00    0.00    0.00    0.00    14  postgres
04:10:15 PM 100998   2977710    0.00    0.00    0.00    0.00    0.00    12  postgres
04:10:15 PM 100998   2977712    0.00    0.00    0.00    0.00    0.00    12  postgres
04:10:15 PM 100998   2977713    0.00    0.00    0.00    0.00    0.00    14  postgres
04:10:15 PM 100998   2978821    1.00    1.00    0.00    0.00    2.00    10  postgres
04:10:15 PM 100998   2978974    0.00    1.00    0.00    0.00    1.00    10  postgres
04:10:15 PM 100998   2979055    0.00    0.00    0.00    0.00    0.00    14  postgres
04:10:15 PM 100998   2979087    0.00    0.00    0.00    0.00    0.00    14  postgres
04:10:15 PM 100998   2979088    0.00    0.00    0.00    0.00    0.00    10  postgres
04:10:15 PM 100998   2979089    0.00    0.00    0.00    0.00    0.00    14  postgres
04:10:15 PM 100998   2979090    0.00    0.00    0.00    0.00    0.00    12  postgres
04:10:15 PM 100998   2979091    0.00    0.00    0.00    0.00    0.00    10  postgres
04:10:15 PM 100998   2979092    1.00    0.00    0.00    0.00    1.00    12  postgres
04:10:15 PM 100998   2979093    1.00    1.00    0.00    0.00    2.00    10  postgres
04:10:15 PM 100998   2979094    1.00    0.00    0.00    0.00    1.00    14  postgres

04:10:15 PM   UID       PID    %usr %system  %guest   %wait    %CPU   CPU  Command
04:10:16 PM 100998   2977709    0.00    0.00    0.00    0.00    0.00    14  postgres
04:10:16 PM 100998   2977710    0.00    0.00    0.00    0.00    0.00    12  postgres
04:10:16 PM 100998   2977712    0.00    0.00    0.00    0.00    0.00    12  postgres
04:10:16 PM 100998   2977713    0.00    0.00    0.00    0.00    0.00    14  postgres
04:10:16 PM 100998   2978821    0.00    0.00    0.00    0.00    0.00    14  postgres
04:10:16 PM 100998   2978974    1.00    0.00    0.00    0.00    1.00    12  postgres
04:10:16 PM 100998   2979055    1.00    1.00    0.00    0.00    2.00    14  postgres
04:10:16 PM 100998   2979087    0.00    1.00    0.00    0.00    1.00    10  postgres
04:10:16 PM 100998   2979088    1.00    1.00    0.00    0.00    2.00    14  postgres
04:10:16 PM 100998   2979089    1.00    0.00    0.00    0.00    1.00    14  postgres
04:10:16 PM 100998   2979090    1.00    1.00    0.00    0.00    2.00    12  postgres
04:10:16 PM 100998   2979091    1.00    0.00    0.00    0.00    1.00    10  postgres
04:10:16 PM 100998   2979092    0.00    0.00    0.00    0.00    0.00    12  postgres
04:10:16 PM 100998   2979093    0.00    0.00    0.00    0.00    0.00    12  postgres
04:10:16 PM 100998   2979094    0.00    1.00    0.00    0.00    1.00    14  postgres

04:10:16 PM   UID       PID    %usr %system  %guest   %wait    %CPU   CPU  Command
04:10:17 PM 100998   2977709    0.00    0.00    0.00    0.00    0.00    14  postgres
04:10:17 PM 100998   2977710    0.00    0.00    0.00    0.00    0.00    12  postgres
04:10:17 PM 100998   2977712    0.00    0.00    0.00    0.00    0.00    12  postgres
04:10:17 PM 100998   2977713    0.00    0.00    0.00    0.00    0.00    14  postgres
04:10:17 PM 100998   2978821    1.00    0.00    0.00    0.00    1.00    14  postgres
04:10:17 PM 100998   2978974    1.00    0.00    0.00    0.00    1.00    12  postgres
04:10:17 PM 100998   2979055    0.00    1.00    0.00    0.00    1.00    10  postgres
04:10:17 PM 100998   2979087    1.00    0.00    0.00    0.00    1.00    12  postgres
04:10:17 PM 100998   2979088    0.00    0.00    0.00    0.00    0.00    14  postgres
04:10:17 PM 100998   2979089    0.00    1.00    0.00    0.00    1.00    14  postgres
04:10:17 PM 100998   2979090    1.00    0.00    0.00    0.00    1.00    12  postgres
04:10:17 PM 100998   2979091    0.00    1.00    0.00    0.00    1.00    12  postgres
04:10:17 PM 100998   2979092    1.00    1.00    0.00    0.00    2.00    14  postgres
04:10:17 PM 100998   2979093    0.00    0.00    0.00    0.00    0.00    10  postgres
04:10:17 PM 100998   2979094    1.00    0.00    0.00    0.00    1.00    14  postgres

04:10:17 PM   UID       PID    %usr %system  %guest   %wait    %CPU   CPU  Command
04:10:18 PM 100998   2977709    0.00    0.00    0.00    0.00    0.00    14  postgres
04:10:18 PM 100998   2977710    0.00    0.00    0.00    0.00    0.00    12  postgres
04:10:18 PM 100998   2977712    0.00    0.00    0.00    0.00    0.00    12  postgres
04:10:18 PM 100998   2977713    0.00    0.00    0.00    0.00    0.00    14  postgres
04:10:18 PM 100998   2978821    1.00    1.00    0.00    0.00    2.00    12  postgres
04:10:18 PM 100998   2978974    0.00    1.00    0.00    0.00    1.00    12  postgres
04:10:18 PM 100998   2979055    1.00    0.00    0.00    0.00    1.00    10  postgres
04:10:18 PM 100998   2979087    0.00    0.00    0.00    0.00    0.00    10  postgres
04:10:18 PM 100998   2979088    0.00    0.00    0.00    0.00    0.00    12  postgres
04:10:18 PM 100998   2979089    1.00    0.00    0.00    0.00    1.00    14  postgres
04:10:18 PM 100998   2979090    0.00    0.00    0.00    0.00    0.00    12  postgres
04:10:18 PM 100998   2979091    1.00    0.00    0.00    0.00    1.00    10  postgres
04:10:18 PM 100998   2979092    0.00    0.00    0.00    0.00    0.00    12  postgres
04:10:18 PM 100998   2979093    0.00    1.00    0.00    0.00    1.00    12  postgres
04:10:18 PM 100998   2979094    0.00    0.00    0.00    0.00    0.00    14  postgres

04:10:18 PM   UID       PID    %usr %system  %guest   %wait    %CPU   CPU  Command
04:10:19 PM 100998   2977709    0.00    0.00    0.00    0.00    0.00    14  postgres
04:10:19 PM 100998   2977710    0.00    0.00    0.00    0.00    0.00    12  postgres
04:10:19 PM 100998   2977712    0.00    0.00    0.00    0.00    0.00    12  postgres
04:10:19 PM 100998   2977713    0.00    0.00    0.00    0.00    0.00    14  postgres
04:10:19 PM 100998   2978821    0.00    0.00    0.00    0.00    0.00    10  postgres
04:10:19 PM 100998   2978974    0.00    0.00    0.00    0.00    0.00    12  postgres
04:10:19 PM 100998   2979055    0.00    0.00    0.00    0.00    0.00    10  postgres
04:10:19 PM 100998   2979087    1.00    0.00    0.00    0.00    1.00    14  postgres
04:10:19 PM 100998   2979088    1.00    1.00    0.00    0.00    2.00    14  postgres
04:10:19 PM 100998   2979089    0.00    1.00    0.00    0.00    1.00    10  postgres
04:10:19 PM 100998   2979090    0.00    1.00    0.00    0.00    1.00    14  postgres
04:10:19 PM 100998   2979091    0.00    1.00    0.00    0.00    1.00    10  postgres
04:10:19 PM 100998   2979092    1.00    0.00    0.00    0.00    1.00    12  postgres
04:10:19 PM 100998   2979093    1.00    0.00    0.00    0.00    1.00    12  postgres
04:10:19 PM 100998   2979094    1.00    0.00    0.00    0.00    1.00    10  postgres

04:10:19 PM   UID       PID    %usr %system  %guest   %wait    %CPU   CPU  Command
04:10:20 PM 100998   2977709    0.00    0.00    0.00    0.00    0.00    14  postgres
04:10:20 PM 100998   2977710    0.00    0.00    0.00    0.00    0.00    12  postgres
04:10:20 PM 100998   2977712    0.00    0.00    0.00    0.00    0.00    12  postgres
04:10:20 PM 100998   2977713    0.00    0.00    0.00    0.00    0.00    14  postgres
04:10:20 PM 100998   2978821    1.00    0.00    0.00    0.00    1.00    12  postgres
04:10:20 PM 100998   2978974    1.00    0.00    0.00    0.00    1.00    14  postgres
04:10:20 PM 100998   2979055    0.00    1.00    0.00    0.00    1.00    14  postgres
04:10:20 PM 100998   2979087    1.00    1.00    0.00    0.00    2.00    14  postgres
04:10:20 PM 100998   2979088    1.00    0.00    0.00    0.00    1.00    14  postgres
04:10:20 PM 100998   2979089    1.00    0.00    0.00    0.00    1.00    12  postgres
04:10:20 PM 100998   2979090    1.00    0.00    0.00    0.00    1.00    14  postgres
04:10:20 PM 100998   2979091    1.00    0.00    0.00    0.00    1.00    10  postgres
04:10:20 PM 100998   2979092    0.00    1.00    0.00    0.00    1.00    10  postgres
04:10:20 PM 100998   2979093    0.00    1.00    0.00    0.00    1.00    10  postgres
04:10:20 PM 100998   2979094    0.00    0.00    0.00    0.00    0.00    12  postgres

04:10:20 PM   UID       PID    %usr %system  %guest   %wait    %CPU   CPU  Command
04:10:21 PM 100998   2977709    0.00    0.00    0.00    0.00    0.00    14  postgres
04:10:21 PM 100998   2977710    0.00    0.00    0.00    0.00    0.00    12  postgres
04:10:21 PM 100998   2977712    0.00    0.00    0.00    0.00    0.00    12  postgres
04:10:21 PM 100998   2977713    0.00    0.00    0.00    0.00    0.00    14  postgres
04:10:21 PM 100998   2978821    0.00    0.00    0.00    0.00    0.00    12  postgres
04:10:21 PM 100998   2978974    0.00    1.00    0.00    0.00    1.00    14  postgres
04:10:21 PM 100998   2979055    1.00    0.00    0.00    0.00    1.00    14  postgres
04:10:21 PM 100998   2979087    0.00    0.00    0.00    0.00    0.00    10  postgres
04:10:21 PM 100998   2979088    0.00    0.00    0.00    0.00    0.00    12  postgres
04:10:21 PM 100998   2979089    0.00    0.00    0.00    0.00    0.00    12  postgres
04:10:21 PM 100998   2979090    0.00    0.00    0.00    0.00    0.00    14  postgres
04:10:21 PM 100998   2979091    0.00    0.00    0.00    0.00    0.00    12  postgres
04:10:21 PM 100998   2979092    0.00    0.00    0.00    0.00    0.00    10  postgres
04:10:21 PM 100998   2979093    1.00    0.00    0.00    0.00    1.00    14  postgres
04:10:21 PM 100998   2979094    0.00    0.00    0.00    0.00    0.00    12  postgres

04:10:21 PM   UID       PID    %usr %system  %guest   %wait    %CPU   CPU  Command
04:10:22 PM 100998   2977709    0.00    0.00    0.00    0.00    0.00    14  postgres
04:10:22 PM 100998   2977710    0.00    0.00    0.00    0.00    0.00    12  postgres
04:10:22 PM 100998   2977712    0.00    0.00    0.00    0.00    0.00    12  postgres
04:10:22 PM 100998   2977713    0.00    0.00    0.00    0.00    0.00    14  postgres
04:10:22 PM 100998   2978821    0.00    0.00    0.00    0.00    0.00    12  postgres
04:10:22 PM 100998   2978974    0.00    0.00    0.00    0.00    0.00    14  postgres
04:10:22 PM 100998   2979055    0.00    0.00    0.00    0.00    0.00    14  postgres
04:10:22 PM 100998   2979087    0.00    0.00    0.00    0.00    0.00    10  postgres
04:10:22 PM 100998   2979088    0.00    0.00    0.00    0.00    0.00    12  postgres
04:10:22 PM 100998   2979089    0.00    0.00    0.00    0.00    0.00    12  postgres
04:10:22 PM 100998   2979090    0.00    0.00    0.00    0.00    0.00    14  postgres
04:10:22 PM 100998   2979091    0.00    0.00    0.00    0.00    0.00    12  postgres
04:10:22 PM 100998   2979092    0.00    0.00    0.00    0.00    0.00    10  postgres
04:10:22 PM 100998   2979093    0.00    0.00    0.00    0.00    0.00    14  postgres
04:10:22 PM 100998   2979094    0.00    0.00    0.00    0.00    0.00    12  postgres

04:10:22 PM   UID       PID    %usr %system  %guest   %wait    %CPU   CPU  Command
04:10:23 PM 100998   2977709    0.00    0.00    0.00    0.00    0.00    14  postgres
04:10:23 PM 100998   2977710    0.00    0.00    0.00    0.00    0.00    12  postgres
04:10:23 PM 100998   2977712    0.00    0.00    0.00    0.00    0.00    12  postgres
04:10:23 PM 100998   2977713    0.00    0.00    0.00    0.00    0.00    14  postgres
04:10:23 PM 100998   2978821    0.00    0.00    0.00    0.00    0.00    12  postgres
04:10:23 PM 100998   2978974    0.00    0.00    0.00    0.00    0.00    14  postgres
04:10:23 PM 100998   2979055    0.00    0.00    0.00    0.00    0.00    14  postgres
04:10:23 PM 100998   2979087    0.00    0.00    0.00    0.00    0.00    10  postgres
04:10:23 PM 100998   2979088    0.00    0.00    0.00    0.00    0.00    12  postgres
04:10:23 PM 100998   2979089    0.00    0.00    0.00    0.00    0.00    12  postgres
04:10:23 PM 100998   2979090    0.00    0.00    0.00    0.00    0.00    14  postgres
04:10:23 PM 100998   2979091    0.00    0.00    0.00    0.00    0.00    12  postgres
04:10:23 PM 100998   2979092    0.00    0.00    0.00    0.00    0.00    10  postgres
04:10:23 PM 100998   2979093    0.00    0.00    0.00    0.00    0.00    14  postgres
04:10:23 PM 100998   2979094    0.00    0.00    0.00    0.00    0.00    12  postgres

04:10:23 PM   UID       PID    %usr %system  %guest   %wait    %CPU   CPU  Command
04:10:24 PM 100998   2977709    0.00    0.00    0.00    0.00    0.00    14  postgres
04:10:24 PM 100998   2977710    0.00    0.00    0.00    0.00    0.00    12  postgres
04:10:24 PM 100998   2977712    0.00    0.00    0.00    0.00    0.00    12  postgres
04:10:24 PM 100998   2977713    0.00    0.00    0.00    0.00    0.00    14  postgres
04:10:24 PM 100998   2978821    0.00    0.00    0.00    0.00    0.00    12  postgres
04:10:24 PM 100998   2978974    0.00    0.00    0.00    0.00    0.00    14  postgres
04:10:24 PM 100998   2979055    0.00    0.00    0.00    0.00    0.00    14  postgres
04:10:24 PM 100998   2979087    0.00    0.00    0.00    0.00    0.00    10  postgres
04:10:24 PM 100998   2979088    0.00    0.00    0.00    0.00    0.00    12  postgres
04:10:24 PM 100998   2979089    0.00    0.00    0.00    0.00    0.00    12  postgres
04:10:24 PM 100998   2979090    0.00    0.00    0.00    0.00    0.00    14  postgres
04:10:24 PM 100998   2979091    0.00    0.00    0.00    0.00    0.00    12  postgres
04:10:24 PM 100998   2979092    0.00    0.00    0.00    0.00    0.00    10  postgres
04:10:24 PM 100998   2979093    0.00    0.00    0.00    0.00    0.00    14  postgres
04:10:24 PM 100998   2979094    0.00    0.00    0.00    0.00    0.00    12  postgres

04:10:24 PM   UID       PID    %usr %system  %guest   %wait    %CPU   CPU  Command
04:10:25 PM 100998   2977709    0.00    0.00    0.00    0.00    0.00    14  postgres
04:10:25 PM 100998   2977710    0.00    0.00    0.00    0.00    0.00    12  postgres
04:10:25 PM 100998   2977712    0.00    0.00    0.00    0.00    0.00    12  postgres
04:10:25 PM 100998   2977713    0.00    0.00    0.00    0.00    0.00    14  postgres
04:10:25 PM 100998   2978821    0.00    0.00    0.00    0.00    0.00    12  postgres
04:10:25 PM 100998   2978974    0.00    0.00    0.00    0.00    0.00    14  postgres
04:10:25 PM 100998   2979055    0.00    0.00    0.00    0.00    0.00    14  postgres
04:10:25 PM 100998   2979087    0.00    0.00    0.00    0.00    0.00    10  postgres
04:10:25 PM 100998   2979088    0.00    0.00    0.00    0.00    0.00    12  postgres
04:10:25 PM 100998   2979089    0.00    0.00    0.00    0.00    0.00    12  postgres
04:10:25 PM 100998   2979090    0.00    0.00    0.00    0.00    0.00    14  postgres
04:10:25 PM 100998   2979091    0.00    0.00    0.00    0.00    0.00    12  postgres
04:10:25 PM 100998   2979092    0.00    0.00    0.00    0.00    0.00    10  postgres
04:10:25 PM 100998   2979093    0.00    0.00    0.00    0.00    0.00    14  postgres
04:10:25 PM 100998   2979094    0.00    0.00    0.00    0.00    0.00    12  postgres

04:10:25 PM   UID       PID    %usr %system  %guest   %wait    %CPU   CPU  Command
04:10:26 PM 100998   2977709    0.00    0.00    0.00    0.00    0.00    14  postgres
04:10:26 PM 100998   2977710    0.00    0.00    0.00    0.00    0.00    12  postgres
04:10:26 PM 100998   2977712    0.00    0.00    0.00    0.00    0.00    12  postgres
04:10:26 PM 100998   2977713    0.00    0.00    0.00    0.00    0.00    14  postgres
04:10:26 PM 100998   2978821    0.00    0.00    0.00    0.00    0.00    12  postgres
04:10:26 PM 100998   2978974    0.00    0.00    0.00    0.00    0.00    14  postgres
04:10:26 PM 100998   2979055    0.00    0.00    0.00    0.00    0.00    14  postgres
04:10:26 PM 100998   2979087    0.00    0.00    0.00    0.00    0.00    10  postgres
04:10:26 PM 100998   2979088    0.00    0.00    0.00    0.00    0.00    12  postgres
04:10:26 PM 100998   2979089    0.00    0.00    0.00    0.00    0.00    12  postgres
04:10:26 PM 100998   2979090    0.00    0.00    0.00    0.00    0.00    14  postgres
04:10:26 PM 100998   2979091    0.00    0.00    0.00    0.00    0.00    12  postgres
04:10:26 PM 100998   2979092    0.00    0.00    0.00    0.00    0.00    10  postgres
04:10:26 PM 100998   2979093    0.00    0.00    0.00    0.00    0.00    14  postgres
04:10:26 PM 100998   2979094    0.00    0.00    0.00    0.00    0.00    12  postgres

04:10:26 PM   UID       PID    %usr %system  %guest   %wait    %CPU   CPU  Command
04:10:27 PM 100998   2977709    0.00    0.00    0.00    0.00    0.00    14  postgres
04:10:27 PM 100998   2977710    0.00    0.00    0.00    0.00    0.00    12  postgres
04:10:27 PM 100998   2977712    0.00    0.00    0.00    0.00    0.00    12  postgres
04:10:27 PM 100998   2977713    0.00    0.00    0.00    0.00    0.00    14  postgres
04:10:27 PM 100998   2978821    0.00    0.00    0.00    0.00    0.00    12  postgres
04:10:27 PM 100998   2978974    0.00    0.00    0.00    0.00    0.00    14  postgres
04:10:27 PM 100998   2979055    0.00    0.00    0.00    0.00    0.00    14  postgres
04:10:27 PM 100998   2979087    0.00    0.00    0.00    0.00    0.00    10  postgres
04:10:27 PM 100998   2979088    0.00    0.00    0.00    0.00    0.00    12  postgres
04:10:27 PM 100998   2979089    0.00    0.00    0.00    0.00    0.00    12  postgres
04:10:27 PM 100998   2979090    0.00    0.00    0.00    0.00    0.00    14  postgres
04:10:27 PM 100998   2979091    0.00    0.00    0.00    0.00    0.00    12  postgres
04:10:27 PM 100998   2979092    0.00    0.00    0.00    0.00    0.00    10  postgres
04:10:27 PM 100998   2979093    0.00    0.00    0.00    0.00    0.00    14  postgres
04:10:27 PM 100998   2979094    0.00    0.00    0.00    0.00    0.00    12  postgres

04:10:27 PM   UID       PID    %usr %system  %guest   %wait    %CPU   CPU  Command
04:10:28 PM 100998   2977709    0.00    0.00    0.00    0.00    0.00    14  postgres
04:10:28 PM 100998   2977710    0.00    0.00    0.00    0.00    0.00    12  postgres
04:10:28 PM 100998   2977712    0.00    0.00    0.00    0.00    0.00    12  postgres
04:10:28 PM 100998   2977713    0.00    0.00    0.00    0.00    0.00    14  postgres
04:10:28 PM 100998   2978821    0.00    0.00    0.00    0.00    0.00    12  postgres
04:10:28 PM 100998   2978974    0.00    0.00    0.00    0.00    0.00    14  postgres
04:10:28 PM 100998   2979055    0.00    0.00    0.00    0.00    0.00    14  postgres
04:10:28 PM 100998   2979087    0.00    0.00    0.00    0.00    0.00    10  postgres
04:10:28 PM 100998   2979088    0.00    0.00    0.00    0.00    0.00    12  postgres
04:10:28 PM 100998   2979089    0.00    0.00    0.00    0.00    0.00    12  postgres
04:10:28 PM 100998   2979090    0.00    0.00    0.00    0.00    0.00    14  postgres
04:10:28 PM 100998   2979091    0.00    0.00    0.00    0.00    0.00    12  postgres
04:10:28 PM 100998   2979092    0.00    0.00    0.00    0.00    0.00    10  postgres
04:10:28 PM 100998   2979093    0.00    0.00    0.00    0.00    0.00    14  postgres
04:10:28 PM 100998   2979094    0.00    0.00    0.00    0.00    0.00    12  postgres

04:10:28 PM   UID       PID    %usr %system  %guest   %wait    %CPU   CPU  Command
04:10:29 PM 100998   2977709    0.00    0.00    0.00    0.00    0.00    14  postgres
04:10:29 PM 100998   2977710    0.00    0.00    0.00    0.00    0.00    12  postgres
04:10:29 PM 100998   2977712    0.00    0.00    0.00    0.00    0.00    12  postgres
04:10:29 PM 100998   2977713    0.00    0.00    0.00    0.00    0.00    14  postgres
04:10:29 PM 100998   2978821    0.00    0.00    0.00    0.00    0.00    12  postgres
04:10:29 PM 100998   2978974    0.00    0.00    0.00    0.00    0.00    14  postgres
04:10:29 PM 100998   2979055    0.00    0.00    0.00    0.00    0.00    14  postgres
04:10:29 PM 100998   2979087    0.00    0.00    0.00    0.00    0.00    10  postgres
04:10:29 PM 100998   2979088    0.00    0.00    0.00    0.00    0.00    12  postgres
04:10:29 PM 100998   2979089    0.00    0.00    0.00    0.00    0.00    12  postgres
04:10:29 PM 100998   2979090    0.00    0.00    0.00    0.00    0.00    14  postgres
04:10:29 PM 100998   2979091    0.00    0.00    0.00    0.00    0.00    12  postgres
04:10:29 PM 100998   2979092    0.00    0.00    0.00    0.00    0.00    10  postgres
04:10:29 PM 100998   2979093    0.00    0.00    0.00    0.00    0.00    14  postgres
04:10:29 PM 100998   2979094    0.00    0.00    0.00    0.00    0.00    12  postgres

04:10:29 PM   UID       PID    %usr %system  %guest   %wait    %CPU   CPU  Command
04:10:30 PM 100998   2977709    0.00    0.00    0.00    0.00    0.00    14  postgres
04:10:30 PM 100998   2977710    0.00    0.00    0.00    0.00    0.00    12  postgres
04:10:30 PM 100998   2977712    0.00    0.00    0.00    0.00    0.00    12  postgres
04:10:30 PM 100998   2977713    0.00    0.00    0.00    0.00    0.00    14  postgres
04:10:30 PM 100998   2978821    0.00    0.00    0.00    0.00    0.00    12  postgres
04:10:30 PM 100998   2978974    0.00    0.00    0.00    0.00    0.00    14  postgres
04:10:30 PM 100998   2979055    0.00    0.00    0.00    0.00    0.00    14  postgres
04:10:30 PM 100998   2979087    0.00    0.00    0.00    0.00    0.00    10  postgres
04:10:30 PM 100998   2979088    0.00    0.00    0.00    0.00    0.00    12  postgres
04:10:30 PM 100998   2979089    0.00    0.00    0.00    0.00    0.00    12  postgres
04:10:30 PM 100998   2979090    0.00    0.00    0.00    0.00    0.00    14  postgres
04:10:30 PM 100998   2979091    0.00    0.00    0.00    0.00    0.00    12  postgres
04:10:30 PM 100998   2979092    0.00    0.00    0.00    0.00    0.00    10  postgres
04:10:30 PM 100998   2979093    0.00    0.00    0.00    0.00    0.00    14  postgres
04:10:30 PM 100998   2979094    0.00    0.00    0.00    0.00    0.00    12  postgres

04:10:30 PM   UID       PID    %usr %system  %guest   %wait    %CPU   CPU  Command
04:10:31 PM 100998   2977709    0.00    0.00    0.00    0.00    0.00    14  postgres
04:10:31 PM 100998   2977710    0.00    0.00    0.00    0.00    0.00    12  postgres
04:10:31 PM 100998   2977712    0.00    0.00    0.00    0.00    0.00    12  postgres
04:10:31 PM 100998   2977713    0.00    0.00    0.00    0.00    0.00    14  postgres
04:10:31 PM 100998   2978821    0.00    0.00    0.00    0.00    0.00    12  postgres
04:10:31 PM 100998   2978974    0.00    0.00    0.00    0.00    0.00    14  postgres
04:10:31 PM 100998   2979055    0.00    0.00    0.00    0.00    0.00    14  postgres
04:10:31 PM 100998   2979087    0.00    0.00    0.00    0.00    0.00    10  postgres
04:10:31 PM 100998   2979088    0.00    0.00    0.00    0.00    0.00    12  postgres
04:10:31 PM 100998   2979089    0.00    0.00    0.00    0.00    0.00    12  postgres
04:10:31 PM 100998   2979090    0.00    0.00    0.00    0.00    0.00    14  postgres
04:10:31 PM 100998   2979091    0.00    0.00    0.00    0.00    0.00    12  postgres
04:10:31 PM 100998   2979092    0.00    0.00    0.00    0.00    0.00    10  postgres
04:10:31 PM 100998   2979093    0.00    0.00    0.00    0.00    0.00    14  postgres
04:10:31 PM 100998   2979094    0.00    0.00    0.00    0.00    0.00    12  postgres

04:10:31 PM   UID       PID    %usr %system  %guest   %wait    %CPU   CPU  Command
04:10:32 PM 100998   2977709    0.00    0.00    0.00    0.00    0.00    14  postgres
04:10:32 PM 100998   2977710    0.00    0.00    0.00    0.00    0.00    12  postgres
04:10:32 PM 100998   2977712    0.00    0.00    0.00    0.00    0.00    12  postgres
04:10:32 PM 100998   2977713    0.00    0.00    0.00    0.00    0.00    14  postgres
04:10:32 PM 100998   2978821    0.00    0.00    0.00    0.00    0.00    12  postgres
04:10:32 PM 100998   2978974    0.00    0.00    0.00    0.00    0.00    14  postgres
04:10:32 PM 100998   2979055    0.00    0.00    0.00    0.00    0.00    14  postgres
04:10:32 PM 100998   2979087    0.00    0.00    0.00    0.00    0.00    10  postgres
04:10:32 PM 100998   2979088    0.00    0.00    0.00    0.00    0.00    12  postgres
04:10:32 PM 100998   2979089    0.00    0.00    0.00    0.00    0.00    12  postgres
04:10:32 PM 100998   2979090    0.00    0.00    0.00    0.00    0.00    14  postgres
04:10:32 PM 100998   2979091    0.00    0.00    0.00    0.00    0.00    12  postgres
04:10:32 PM 100998   2979092    0.00    0.00    0.00    0.00    0.00    10  postgres
04:10:32 PM 100998   2979093    0.00    0.00    0.00    0.00    0.00    14  postgres
04:10:32 PM 100998   2979094    0.00    0.00    0.00    0.00    0.00    12  postgres

04:10:32 PM   UID       PID    %usr %system  %guest   %wait    %CPU   CPU  Command
04:10:33 PM 100998   2977709    0.00    0.00    0.00    0.00    0.00    14  postgres
04:10:33 PM 100998   2977710    0.00    0.00    0.00    0.00    0.00    12  postgres
04:10:33 PM 100998   2977712    0.00    0.00    0.00    0.00    0.00    12  postgres
04:10:33 PM 100998   2977713    0.00    0.00    0.00    0.00    0.00    14  postgres
04:10:33 PM 100998   2978821    0.00    0.00    0.00    0.00    0.00    12  postgres
04:10:33 PM 100998   2978974    0.00    0.00    0.00    0.00    0.00    14  postgres
04:10:33 PM 100998   2979055    0.00    0.00    0.00    0.00    0.00    14  postgres
04:10:33 PM 100998   2979087    0.00    0.00    0.00    0.00    0.00    10  postgres
04:10:33 PM 100998   2979088    0.00    0.00    0.00    0.00    0.00    12  postgres
04:10:33 PM 100998   2979089    0.00    0.00    0.00    0.00    0.00    12  postgres
04:10:33 PM 100998   2979090    0.00    0.00    0.00    0.00    0.00    14  postgres
04:10:33 PM 100998   2979091    0.00    0.00    0.00    0.00    0.00    12  postgres
04:10:33 PM 100998   2979092    0.00    0.00    0.00    0.00    0.00    10  postgres
04:10:33 PM 100998   2979093    0.00    0.00    0.00    0.00    0.00    14  postgres
04:10:33 PM 100998   2979094    0.00    0.00    0.00    0.00    0.00    12  postgres

04:10:33 PM   UID       PID    %usr %system  %guest   %wait    %CPU   CPU  Command
04:10:34 PM 100998   2977709    0.00    0.00    0.00    0.00    0.00    14  postgres
04:10:34 PM 100998   2977710    0.00    0.00    0.00    0.00    0.00    12  postgres
04:10:34 PM 100998   2977712    0.00    0.00    0.00    0.00    0.00    12  postgres
04:10:34 PM 100998   2977713    0.00    0.00    0.00    0.00    0.00    14  postgres
04:10:34 PM 100998   2978821    0.00    0.00    0.00    0.00    0.00    12  postgres
04:10:34 PM 100998   2978974    0.00    0.00    0.00    0.00    0.00    14  postgres
04:10:34 PM 100998   2979055    0.00    0.00    0.00    0.00    0.00    14  postgres
04:10:34 PM 100998   2979087    0.00    0.00    0.00    0.00    0.00    10  postgres
04:10:34 PM 100998   2979088    0.00    0.00    0.00    0.00    0.00    12  postgres
04:10:34 PM 100998   2979089    0.00    0.00    0.00    0.00    0.00    12  postgres
04:10:34 PM 100998   2979090    0.00    0.00    0.00    0.00    0.00    14  postgres
04:10:34 PM 100998   2979091    0.00    0.00    0.00    0.00    0.00    12  postgres
04:10:34 PM 100998   2979092    0.00    0.00    0.00    0.00    0.00    10  postgres
04:10:34 PM 100998   2979093    0.00    0.00    0.00    0.00    0.00    14  postgres
04:10:34 PM 100998   2979094    0.00    0.00    0.00    0.00    0.00    12  postgres

04:10:34 PM   UID       PID    %usr %system  %guest   %wait    %CPU   CPU  Command
04:10:35 PM 100998   2977709    0.00    0.00    0.00    0.00    0.00    14  postgres
04:10:35 PM 100998   2977710    0.00    0.00    0.00    0.00    0.00    12  postgres
04:10:35 PM 100998   2977712    0.00    0.00    0.00    0.00    0.00    12  postgres
04:10:35 PM 100998   2977713    0.00    0.00    0.00    0.00    0.00    14  postgres
04:10:35 PM 100998   2978821    0.00    0.00    0.00    0.00    0.00    12  postgres
04:10:35 PM 100998   2978974    0.00    0.00    0.00    0.00    0.00    14  postgres
04:10:35 PM 100998   2979055    0.00    0.00    0.00    0.00    0.00    14  postgres
04:10:35 PM 100998   2979087    0.00    0.00    0.00    0.00    0.00    10  postgres
04:10:35 PM 100998   2979088    0.00    0.00    0.00    0.00    0.00    12  postgres
04:10:35 PM 100998   2979089    0.00    0.00    0.00    0.00    0.00    12  postgres
04:10:35 PM 100998   2979090    0.00    0.00    0.00    0.00    0.00    14  postgres
04:10:35 PM 100998   2979091    0.00    0.00    0.00    0.00    0.00    12  postgres
04:10:35 PM 100998   2979092    0.00    0.00    0.00    0.00    0.00    10  postgres
04:10:35 PM 100998   2979093    0.00    0.00    0.00    0.00    0.00    14  postgres
04:10:35 PM 100998   2979094    0.00    0.00    0.00    0.00    0.00    12  postgres

04:10:35 PM   UID       PID    %usr %system  %guest   %wait    %CPU   CPU  Command
04:10:36 PM 100998   2977709    0.00    0.00    0.00    0.00    0.00    14  postgres
04:10:36 PM 100998   2977710    0.00    0.00    0.00    0.00    0.00    12  postgres
04:10:36 PM 100998   2977712    0.00    0.00    0.00    0.00    0.00    12  postgres
04:10:36 PM 100998   2977713    0.00    0.00    0.00    0.00    0.00    14  postgres
04:10:36 PM 100998   2978821    0.00    0.00    0.00    0.00    0.00    12  postgres
04:10:36 PM 100998   2978974    0.00    0.00    0.00    0.00    0.00    14  postgres
04:10:36 PM 100998   2979055    0.00    0.00    0.00    0.00    0.00    14  postgres
04:10:36 PM 100998   2979087    0.00    0.00    0.00    0.00    0.00    10  postgres
04:10:36 PM 100998   2979088    0.00    0.00    0.00    0.00    0.00    12  postgres
04:10:36 PM 100998   2979089    0.00    0.00    0.00    0.00    0.00    12  postgres
04:10:36 PM 100998   2979090    0.00    0.00    0.00    0.00    0.00    14  postgres
04:10:36 PM 100998   2979091    0.00    0.00    0.00    0.00    0.00    12  postgres
04:10:36 PM 100998   2979092    0.00    0.00    0.00    0.00    0.00    10  postgres
04:10:36 PM 100998   2979093    0.00    0.00    0.00    0.00    0.00    14  postgres
04:10:36 PM 100998   2979094    0.00    0.00    0.00    0.00    0.00    12  postgres

04:10:36 PM   UID       PID    %usr %system  %guest   %wait    %CPU   CPU  Command
04:10:37 PM 100998   2977709    0.00    0.00    0.00    0.00    0.00    14  postgres
04:10:37 PM 100998   2977710    0.00    0.00    0.00    0.00    0.00    12  postgres
04:10:37 PM 100998   2977712    0.00    0.00    0.00    0.00    0.00    12  postgres
04:10:37 PM 100998   2977713    0.00    0.00    0.00    0.00    0.00    14  postgres
04:10:37 PM 100998   2978821    0.00    0.00    0.00    0.00    0.00    12  postgres
04:10:37 PM 100998   2978974    0.00    0.00    0.00    0.00    0.00    14  postgres
04:10:37 PM 100998   2979055    0.00    0.00    0.00    0.00    0.00    14  postgres
04:10:37 PM 100998   2979087    0.00    0.00    0.00    0.00    0.00    10  postgres
04:10:37 PM 100998   2979088    0.00    0.00    0.00    0.00    0.00    12  postgres
04:10:37 PM 100998   2979089    0.00    0.00    0.00    0.00    0.00    12  postgres
04:10:37 PM 100998   2979090    0.00    0.00    0.00    0.00    0.00    14  postgres
04:10:37 PM 100998   2979091    0.00    0.00    0.00    0.00    0.00    12  postgres
04:10:37 PM 100998   2979092    0.00    0.00    0.00    0.00    0.00    10  postgres
04:10:37 PM 100998   2979093    0.00    0.00    0.00    0.00    0.00    14  postgres
04:10:37 PM 100998   2979094    0.00    0.00    0.00    0.00    0.00    12  postgres

04:10:37 PM   UID       PID    %usr %system  %guest   %wait    %CPU   CPU  Command
04:10:38 PM 100998   2977709    0.00    0.00    0.00    0.00    0.00    14  postgres
04:10:38 PM 100998   2977710    0.00    0.00    0.00    0.00    0.00    12  postgres
04:10:38 PM 100998   2977712    0.00    0.00    0.00    0.00    0.00    12  postgres
04:10:38 PM 100998   2977713    0.00    0.00    0.00    0.00    0.00    14  postgres
04:10:38 PM 100998   2978821    0.00    0.00    0.00    0.00    0.00    12  postgres
04:10:38 PM 100998   2978974    0.00    0.00    0.00    0.00    0.00    14  postgres
04:10:38 PM 100998   2979055    0.00    0.00    0.00    0.00    0.00    14  postgres
04:10:38 PM 100998   2979087    0.00    0.00    0.00    0.00    0.00    10  postgres
04:10:38 PM 100998   2979088    0.00    0.00    0.00    0.00    0.00    12  postgres
04:10:38 PM 100998   2979089    0.00    0.00    0.00    0.00    0.00    12  postgres
04:10:38 PM 100998   2979090    0.00    0.00    0.00    0.00    0.00    14  postgres
04:10:38 PM 100998   2979091    0.00    0.00    0.00    0.00    0.00    12  postgres
04:10:38 PM 100998   2979092    0.00    0.00    0.00    0.00    0.00    10  postgres
04:10:38 PM 100998   2979093    0.00    0.00    0.00    0.00    0.00    14  postgres
04:10:38 PM 100998   2979094    0.00    0.00    0.00    0.00    0.00    12  postgres

04:10:38 PM   UID       PID    %usr %system  %guest   %wait    %CPU   CPU  Command
04:10:39 PM 100998   2977709    0.00    0.00    0.00    0.00    0.00    14  postgres
04:10:39 PM 100998   2977710    0.00    0.00    0.00    0.00    0.00    12  postgres
04:10:39 PM 100998   2977712    0.00    0.00    0.00    0.00    0.00    12  postgres
04:10:39 PM 100998   2977713    0.00    0.00    0.00    0.00    0.00    14  postgres
04:10:39 PM 100998   2978821    0.00    0.00    0.00    0.00    0.00    12  postgres
04:10:39 PM 100998   2978974    0.00    0.00    0.00    0.00    0.00    14  postgres
04:10:39 PM 100998   2979055    0.00    0.00    0.00    0.00    0.00    14  postgres
04:10:39 PM 100998   2979087    0.00    0.00    0.00    0.00    0.00    10  postgres
04:10:39 PM 100998   2979088    0.00    0.00    0.00    0.00    0.00    12  postgres
04:10:39 PM 100998   2979089    0.00    0.00    0.00    0.00    0.00    12  postgres
04:10:39 PM 100998   2979090    0.00    0.00    0.00    0.00    0.00    14  postgres
04:10:39 PM 100998   2979091    0.00    0.00    0.00    0.00    0.00    12  postgres
04:10:39 PM 100998   2979092    0.00    0.00    0.00    0.00    0.00    10  postgres
04:10:39 PM 100998   2979093    0.00    0.00    0.00    0.00    0.00    14  postgres
04:10:39 PM 100998   2979094    0.00    0.00    0.00    0.00    0.00    12  postgres

04:10:39 PM   UID       PID    %usr %system  %guest   %wait    %CPU   CPU  Command
04:10:40 PM 100998   2977709    0.00    0.00    0.00    0.00    0.00    14  postgres
04:10:40 PM 100998   2977710    0.00    0.00    0.00    0.00    0.00    12  postgres
04:10:40 PM 100998   2977712    0.00    0.00    0.00    0.00    0.00    12  postgres
04:10:40 PM 100998   2977713    0.00    0.00    0.00    0.00    0.00    14  postgres
04:10:40 PM 100998   2978821    0.00    0.00    0.00    0.00    0.00    12  postgres
04:10:40 PM 100998   2978974    0.00    0.00    0.00    0.00    0.00    14  postgres
04:10:40 PM 100998   2979055    0.00    0.00    0.00    0.00    0.00    14  postgres
04:10:40 PM 100998   2979087    0.00    0.00    0.00    0.00    0.00    10  postgres
04:10:40 PM 100998   2979088    0.00    0.00    0.00    0.00    0.00    12  postgres
04:10:40 PM 100998   2979089    0.00    0.00    0.00    0.00    0.00    12  postgres
04:10:40 PM 100998   2979090    0.00    0.00    0.00    0.00    0.00    14  postgres
04:10:40 PM 100998   2979091    0.00    0.00    0.00    0.00    0.00    12  postgres
04:10:40 PM 100998   2979092    0.00    0.00    0.00    0.00    0.00    10  postgres
04:10:40 PM 100998   2979093    0.00    0.00    0.00    0.00    0.00    14  postgres
04:10:40 PM 100998   2979094    0.00    0.00    0.00    0.00    0.00    12  postgres

04:10:40 PM   UID       PID    %usr %system  %guest   %wait    %CPU   CPU  Command
04:10:41 PM 100998   2977709    0.00    0.00    0.00    0.00    0.00    14  postgres
04:10:41 PM 100998   2977710    0.00    0.00    0.00    0.00    0.00    12  postgres
04:10:41 PM 100998   2977712    0.00    0.00    0.00    0.00    0.00    12  postgres
04:10:41 PM 100998   2977713    0.00    0.00    0.00    0.00    0.00    14  postgres
04:10:41 PM 100998   2978821    0.00    0.00    0.00    0.00    0.00    12  postgres
04:10:41 PM 100998   2978974    0.00    0.00    0.00    0.00    0.00    14  postgres
04:10:41 PM 100998   2979055    0.00    0.00    0.00    0.00    0.00    14  postgres
04:10:41 PM 100998   2979087    0.00    0.00    0.00    0.00    0.00    10  postgres
04:10:41 PM 100998   2979088    0.00    0.00    0.00    0.00    0.00    12  postgres
04:10:41 PM 100998   2979089    0.00    0.00    0.00    0.00    0.00    12  postgres
04:10:41 PM 100998   2979090    0.00    0.00    0.00    0.00    0.00    14  postgres
04:10:41 PM 100998   2979091    0.00    0.00    0.00    0.00    0.00    12  postgres
04:10:41 PM 100998   2979092    0.00    0.00    0.00    0.00    0.00    10  postgres
04:10:41 PM 100998   2979093    0.00    0.00    0.00    0.00    0.00    14  postgres
04:10:41 PM 100998   2979094    0.00    0.00    0.00    0.00    0.00    12  postgres

04:10:41 PM   UID       PID    %usr %system  %guest   %wait    %CPU   CPU  Command
04:10:42 PM 100998   2977709    0.00    0.00    0.00    0.00    0.00    14  postgres
04:10:42 PM 100998   2977710    0.00    0.00    0.00    0.00    0.00    12  postgres
04:10:42 PM 100998   2977712    0.00    0.00    0.00    0.00    0.00    12  postgres
04:10:42 PM 100998   2977713    0.00    0.00    0.00    0.00    0.00    14  postgres
04:10:42 PM 100998   2978821    0.00    0.00    0.00    0.00    0.00    12  postgres
04:10:42 PM 100998   2978974    0.00    0.00    0.00    0.00    0.00    14  postgres
04:10:42 PM 100998   2979055    0.00    0.00    0.00    0.00    0.00    14  postgres
04:10:42 PM 100998   2979087    0.00    0.00    0.00    0.00    0.00    10  postgres
04:10:42 PM 100998   2979088    0.00    0.00    0.00    0.00    0.00    12  postgres
04:10:42 PM 100998   2979089    0.00    0.00    0.00    0.00    0.00    12  postgres
04:10:42 PM 100998   2979090    0.00    0.00    0.00    0.00    0.00    14  postgres
04:10:42 PM 100998   2979091    0.00    0.00    0.00    0.00    0.00    12  postgres
04:10:42 PM 100998   2979092    0.00    0.00    0.00    0.00    0.00    10  postgres
04:10:42 PM 100998   2979093    0.00    0.00    0.00    0.00    0.00    14  postgres
04:10:42 PM 100998   2979094    0.00    0.00    0.00    0.00    0.00    12  postgres

04:10:42 PM   UID       PID    %usr %system  %guest   %wait    %CPU   CPU  Command
04:10:43 PM 100998   2977709    0.00    0.00    0.00    0.00    0.00    14  postgres
04:10:43 PM 100998   2977710    0.00    0.00    0.00    0.00    0.00    12  postgres
04:10:43 PM 100998   2977712    0.00    0.00    0.00    0.00    0.00    12  postgres
04:10:43 PM 100998   2977713    0.00    0.00    0.00    0.00    0.00    14  postgres
04:10:43 PM 100998   2978821    0.00    0.00    0.00    0.00    0.00    12  postgres
04:10:43 PM 100998   2978974    0.00    0.00    0.00    0.00    0.00    14  postgres
04:10:43 PM 100998   2979055    0.00    0.00    0.00    0.00    0.00    14  postgres
04:10:43 PM 100998   2979087    0.00    0.00    0.00    0.00    0.00    10  postgres
04:10:43 PM 100998   2979088    0.00    0.00    0.00    0.00    0.00    12  postgres
04:10:43 PM 100998   2979089    0.00    0.00    0.00    0.00    0.00    12  postgres
04:10:43 PM 100998   2979090    0.00    0.00    0.00    0.00    0.00    14  postgres
04:10:43 PM 100998   2979091    0.00    0.00    0.00    0.00    0.00    12  postgres
04:10:43 PM 100998   2979092    0.00    0.00    0.00    0.00    0.00    10  postgres
04:10:43 PM 100998   2979093    0.00    0.00    0.00    0.00    0.00    14  postgres
04:10:43 PM 100998   2979094    0.00    0.00    0.00    0.00    0.00    12  postgres

04:10:43 PM   UID       PID    %usr %system  %guest   %wait    %CPU   CPU  Command
04:10:44 PM 100998   2977709    0.00    0.00    0.00    0.00    0.00    14  postgres
04:10:44 PM 100998   2977710    0.00    0.00    0.00    0.00    0.00    12  postgres
04:10:44 PM 100998   2977712    0.00    0.00    0.00    0.00    0.00    12  postgres
04:10:44 PM 100998   2977713    0.00    0.00    0.00    0.00    0.00    14  postgres
04:10:44 PM 100998   2978821    0.00    0.00    0.00    0.00    0.00    12  postgres
04:10:44 PM 100998   2978974    0.00    0.00    0.00    0.00    0.00    14  postgres
04:10:44 PM 100998   2979055    0.00    0.00    0.00    0.00    0.00    14  postgres
04:10:44 PM 100998   2979087    0.00    0.00    0.00    0.00    0.00    10  postgres
04:10:44 PM 100998   2979088    0.00    0.00    0.00    0.00    0.00    12  postgres
04:10:44 PM 100998   2979089    0.00    0.00    0.00    0.00    0.00    12  postgres
04:10:44 PM 100998   2979090    0.00    0.00    0.00    0.00    0.00    14  postgres
04:10:44 PM 100998   2979091    0.00    0.00    0.00    0.00    0.00    12  postgres
04:10:44 PM 100998   2979092    0.00    0.00    0.00    0.00    0.00    10  postgres
04:10:44 PM 100998   2979093    0.00    0.00    0.00    0.00    0.00    14  postgres
04:10:44 PM 100998   2979094    0.00    0.00    0.00    0.00    0.00    12  postgres

04:10:44 PM   UID       PID    %usr %system  %guest   %wait    %CPU   CPU  Command
04:10:45 PM 100998   2977709    0.00    0.00    0.00    0.00    0.00    14  postgres
04:10:45 PM 100998   2977710    0.00    0.00    0.00    0.00    0.00    12  postgres
04:10:45 PM 100998   2977712    0.00    0.00    0.00    0.00    0.00    12  postgres
04:10:45 PM 100998   2977713    0.00    0.00    0.00    0.00    0.00    14  postgres
04:10:45 PM 100998   2978821    0.00    0.00    0.00    0.00    0.00    12  postgres
04:10:45 PM 100998   2978974    0.00    0.00    0.00    0.00    0.00    14  postgres
04:10:45 PM 100998   2979055    0.00    0.00    0.00    0.00    0.00    14  postgres
04:10:45 PM 100998   2979087    0.00    0.00    0.00    0.00    0.00    10  postgres
04:10:45 PM 100998   2979088    0.00    0.00    0.00    0.00    0.00    12  postgres
04:10:45 PM 100998   2979089    0.00    0.00    0.00    0.00    0.00    12  postgres
04:10:45 PM 100998   2979090    0.00    0.00    0.00    0.00    0.00    14  postgres
04:10:45 PM 100998   2979091    0.00    0.00    0.00    0.00    0.00    12  postgres
04:10:45 PM 100998   2979092    0.00    0.00    0.00    0.00    0.00    10  postgres
04:10:45 PM 100998   2979093    0.00    0.00    0.00    0.00    0.00    14  postgres
04:10:45 PM 100998   2979094    0.00    0.00    0.00    0.00    0.00    12  postgres

04:10:45 PM   UID       PID    %usr %system  %guest   %wait    %CPU   CPU  Command
04:10:46 PM 100998   2977709    0.00    0.00    0.00    0.00    0.00    14  postgres
04:10:46 PM 100998   2977710    0.00    0.00    0.00    0.00    0.00    12  postgres
04:10:46 PM 100998   2977712    0.00    0.00    0.00    0.00    0.00    12  postgres
04:10:46 PM 100998   2977713    0.00    0.00    0.00    0.00    0.00    14  postgres
04:10:46 PM 100998   2978821    0.00    0.00    0.00    0.00    0.00    12  postgres
04:10:46 PM 100998   2978974    0.00    0.00    0.00    0.00    0.00    14  postgres
04:10:46 PM 100998   2979055    0.00    0.00    0.00    0.00    0.00    14  postgres
04:10:46 PM 100998   2979087    0.00    0.00    0.00    0.00    0.00    10  postgres
04:10:46 PM 100998   2979088    0.00    0.00    0.00    0.00    0.00    12  postgres
04:10:46 PM 100998   2979089    0.00    0.00    0.00    0.00    0.00    12  postgres
04:10:46 PM 100998   2979090    0.00    0.00    0.00    0.00    0.00    14  postgres
04:10:46 PM 100998   2979091    0.00    0.00    0.00    0.00    0.00    12  postgres
04:10:46 PM 100998   2979092    0.00    0.00    0.00    0.00    0.00    10  postgres
04:10:46 PM 100998   2979093    0.00    0.00    0.00    0.00    0.00    14  postgres
04:10:46 PM 100998   2979094    0.00    0.00    0.00    0.00    0.00    12  postgres

04:10:46 PM   UID       PID    %usr %system  %guest   %wait    %CPU   CPU  Command
04:10:47 PM 100998   2977709    0.00    0.00    0.00    0.00    0.00    14  postgres
04:10:47 PM 100998   2977710    0.00    0.00    0.00    0.00    0.00    12  postgres
04:10:47 PM 100998   2977712    0.00    0.00    0.00    0.00    0.00    12  postgres
04:10:47 PM 100998   2977713    0.00    0.00    0.00    0.00    0.00    14  postgres
04:10:47 PM 100998   2978821    0.00    0.00    0.00    0.00    0.00    12  postgres
04:10:47 PM 100998   2978974    0.00    0.00    0.00    0.00    0.00    14  postgres
04:10:47 PM 100998   2979055    0.00    0.00    0.00    0.00    0.00    14  postgres
04:10:47 PM 100998   2979087    0.00    0.00    0.00    0.00    0.00    10  postgres
04:10:47 PM 100998   2979088    0.00    0.00    0.00    0.00    0.00    12  postgres
04:10:47 PM 100998   2979089    0.00    0.00    0.00    0.00    0.00    12  postgres
04:10:47 PM 100998   2979090    0.00    0.00    0.00    0.00    0.00    14  postgres
04:10:47 PM 100998   2979091    0.00    0.00    0.00    0.00    0.00    12  postgres
04:10:47 PM 100998   2979092    0.00    0.00    0.00    0.00    0.00    10  postgres
04:10:47 PM 100998   2979093    0.00    0.00    0.00    0.00    0.00    14  postgres
04:10:47 PM 100998   2979094    0.00    0.00    0.00    0.00    0.00    12  postgres

04:10:47 PM   UID       PID    %usr %system  %guest   %wait    %CPU   CPU  Command
04:10:48 PM 100998   2977709    0.00    0.00    0.00    0.00    0.00    14  postgres
04:10:48 PM 100998   2977710    0.00    0.00    0.00    0.00    0.00    12  postgres
04:10:48 PM 100998   2977712    0.00    0.00    0.00    0.00    0.00    12  postgres
04:10:48 PM 100998   2977713    0.00    0.00    0.00    0.00    0.00    14  postgres
04:10:48 PM 100998   2978821    0.00    0.00    0.00    0.00    0.00    12  postgres
04:10:48 PM 100998   2978974    0.00    0.00    0.00    0.00    0.00    14  postgres
04:10:48 PM 100998   2979055    0.00    0.00    0.00    0.00    0.00    14  postgres
04:10:48 PM 100998   2979087    0.00    0.00    0.00    0.00    0.00    10  postgres
04:10:48 PM 100998   2979088    0.00    0.00    0.00    0.00    0.00    12  postgres
04:10:48 PM 100998   2979089    0.00    0.00    0.00    0.00    0.00    12  postgres
04:10:48 PM 100998   2979090    0.00    0.00    0.00    0.00    0.00    14  postgres
04:10:48 PM 100998   2979091    0.00    0.00    0.00    0.00    0.00    12  postgres
04:10:48 PM 100998   2979092    0.00    0.00    0.00    0.00    0.00    10  postgres
04:10:48 PM 100998   2979093    0.00    0.00    0.00    0.00    0.00    14  postgres
04:10:48 PM 100998   2979094    0.00    0.00    0.00    0.00    0.00    12  postgres

04:10:48 PM   UID       PID    %usr %system  %guest   %wait    %CPU   CPU  Command
04:10:49 PM 100998   2977709    0.00    0.00    0.00    0.00    0.00    14  postgres
04:10:49 PM 100998   2977710    0.00    0.00    0.00    0.00    0.00    12  postgres
04:10:49 PM 100998   2977712    0.00    0.00    0.00    0.00    0.00    12  postgres
04:10:49 PM 100998   2977713    0.00    0.00    0.00    0.00    0.00    14  postgres
04:10:49 PM 100998   2978821    0.00    0.00    0.00    0.00    0.00    12  postgres
04:10:49 PM 100998   2978974    0.00    0.00    0.00    0.00    0.00    14  postgres
04:10:49 PM 100998   2979055    0.00    0.00    0.00    0.00    0.00    14  postgres
04:10:49 PM 100998   2979087    0.00    0.00    0.00    0.00    0.00    10  postgres
04:10:49 PM 100998   2979088    0.00    0.00    0.00    0.00    0.00    12  postgres
04:10:49 PM 100998   2979089    0.00    0.00    0.00    0.00    0.00    12  postgres
04:10:49 PM 100998   2979090    0.00    0.00    0.00    0.00    0.00    14  postgres
04:10:49 PM 100998   2979091    0.00    0.00    0.00    0.00    0.00    12  postgres
04:10:49 PM 100998   2979092    0.00    0.00    0.00    0.00    0.00    10  postgres
04:10:49 PM 100998   2979093    0.00    0.00    0.00    0.00    0.00    14  postgres
04:10:49 PM 100998   2979094    0.00    0.00    0.00    0.00    0.00    12  postgres

04:10:49 PM   UID       PID    %usr %system  %guest   %wait    %CPU   CPU  Command
04:10:50 PM 100998   2977709    0.00    0.00    0.00    0.00    0.00    14  postgres
04:10:50 PM 100998   2977710    0.00    0.00    0.00    0.00    0.00    12  postgres
04:10:50 PM 100998   2977712    0.00    0.00    0.00    0.00    0.00    12  postgres
04:10:50 PM 100998   2977713    0.00    0.00    0.00    0.00    0.00    14  postgres
04:10:50 PM 100998   2978821    0.00    0.00    0.00    0.00    0.00    12  postgres
04:10:50 PM 100998   2978974    0.00    0.00    0.00    0.00    0.00    14  postgres
04:10:50 PM 100998   2979055    0.00    0.00    0.00    0.00    0.00    14  postgres
04:10:50 PM 100998   2979087    0.00    0.00    0.00    0.00    0.00    10  postgres
04:10:50 PM 100998   2979088    0.00    0.00    0.00    0.00    0.00    12  postgres
04:10:50 PM 100998   2979089    0.00    0.00    0.00    0.00    0.00    12  postgres
04:10:50 PM 100998   2979090    0.00    0.00    0.00    0.00    0.00    14  postgres
04:10:50 PM 100998   2979091    0.00    0.00    0.00    0.00    0.00    12  postgres
04:10:50 PM 100998   2979092    0.00    0.00    0.00    0.00    0.00    10  postgres
04:10:50 PM 100998   2979093    0.00    0.00    0.00    0.00    0.00    14  postgres
04:10:50 PM 100998   2979094    0.00    0.00    0.00    0.00    0.00    12  postgres

04:10:50 PM   UID       PID    %usr %system  %guest   %wait    %CPU   CPU  Command
04:10:51 PM 100998   2977709    0.00    0.00    0.00    0.00    0.00    14  postgres
04:10:51 PM 100998   2977710    0.00    0.00    0.00    0.00    0.00    12  postgres
04:10:51 PM 100998   2977712    0.00    0.00    0.00    0.00    0.00    12  postgres
04:10:51 PM 100998   2977713    0.00    0.00    0.00    0.00    0.00    14  postgres
04:10:51 PM 100998   2978821    0.00    0.00    0.00    0.00    0.00    12  postgres
04:10:51 PM 100998   2978974    0.00    0.00    0.00    0.00    0.00    14  postgres
04:10:51 PM 100998   2979055    0.00    0.00    0.00    0.00    0.00    14  postgres
04:10:51 PM 100998   2979087    0.00    0.00    0.00    0.00    0.00    10  postgres
04:10:51 PM 100998   2979088    0.00    0.00    0.00    0.00    0.00    12  postgres
04:10:51 PM 100998   2979089    0.00    0.00    0.00    0.00    0.00    12  postgres
04:10:51 PM 100998   2979090    0.00    0.00    0.00    0.00    0.00    14  postgres
04:10:51 PM 100998   2979091    0.00    0.00    0.00    0.00    0.00    12  postgres
04:10:51 PM 100998   2979092    0.00    0.00    0.00    0.00    0.00    10  postgres
04:10:51 PM 100998   2979093    0.00    0.00    0.00    0.00    0.00    14  postgres
04:10:51 PM 100998   2979094    0.00    0.00    0.00    0.00    0.00    12  postgres

04:10:51 PM   UID       PID    %usr %system  %guest   %wait    %CPU   CPU  Command
04:10:52 PM 100998   2977709    0.00    0.00    0.00    0.00    0.00    14  postgres
04:10:52 PM 100998   2977710    0.00    0.00    0.00    0.00    0.00    12  postgres
04:10:52 PM 100998   2977712    0.00    0.00    0.00    0.00    0.00    12  postgres
04:10:52 PM 100998   2977713    0.00    0.00    0.00    0.00    0.00    14  postgres
04:10:52 PM 100998   2978821    0.00    0.00    0.00    0.00    0.00    12  postgres
04:10:52 PM 100998   2978974    0.00    0.00    0.00    0.00    0.00    14  postgres
04:10:52 PM 100998   2979055    0.00    0.00    0.00    0.00    0.00    14  postgres
04:10:52 PM 100998   2979087    0.00    0.00    0.00    0.00    0.00    10  postgres
04:10:52 PM 100998   2979088    0.00    0.00    0.00    0.00    0.00    12  postgres
04:10:52 PM 100998   2979089    0.00    0.00    0.00    0.00    0.00    12  postgres
04:10:52 PM 100998   2979090    0.00    0.00    0.00    0.00    0.00    14  postgres
04:10:52 PM 100998   2979091    0.00    0.00    0.00    0.00    0.00    12  postgres
04:10:52 PM 100998   2979092    0.00    0.00    0.00    0.00    0.00    10  postgres
04:10:52 PM 100998   2979093    0.00    0.00    0.00    0.00    0.00    14  postgres
04:10:52 PM 100998   2979094    0.00    0.00    0.00    0.00    0.00    12  postgres

04:10:52 PM   UID       PID    %usr %system  %guest   %wait    %CPU   CPU  Command
04:10:53 PM 100998   2977709    0.00    0.00    0.00    0.00    0.00    14  postgres
04:10:53 PM 100998   2977710    0.00    0.00    0.00    0.00    0.00    12  postgres
04:10:53 PM 100998   2977712    0.00    0.00    0.00    0.00    0.00    12  postgres
04:10:53 PM 100998   2977713    0.00    0.00    0.00    0.00    0.00    14  postgres
04:10:53 PM 100998   2978821    0.00    0.00    0.00    0.00    0.00    12  postgres
04:10:53 PM 100998   2978974    0.00    0.00    0.00    0.00    0.00    14  postgres
04:10:53 PM 100998   2979055    0.00    0.00    0.00    0.00    0.00    14  postgres
04:10:53 PM 100998   2979087    0.00    0.00    0.00    0.00    0.00    10  postgres
04:10:53 PM 100998   2979088    0.00    0.00    0.00    0.00    0.00    12  postgres
04:10:53 PM 100998   2979089    0.00    0.00    0.00    0.00    0.00    12  postgres
04:10:53 PM 100998   2979090    0.00    0.00    0.00    0.00    0.00    14  postgres
04:10:53 PM 100998   2979091    0.00    0.00    0.00    0.00    0.00    12  postgres
04:10:53 PM 100998   2979092    0.00    0.00    0.00    0.00    0.00    10  postgres
04:10:53 PM 100998   2979093    0.00    0.00    0.00    0.00    0.00    14  postgres
04:10:53 PM 100998   2979094    0.00    0.00    0.00    0.00    0.00    12  postgres

04:10:53 PM   UID       PID    %usr %system  %guest   %wait    %CPU   CPU  Command
04:10:54 PM 100998   2977709    0.00    0.00    0.00    0.00    0.00    14  postgres
04:10:54 PM 100998   2977710    0.00    0.00    0.00    0.00    0.00    12  postgres
04:10:54 PM 100998   2977712    0.00    0.00    0.00    0.00    0.00    12  postgres
04:10:54 PM 100998   2977713    0.00    0.00    0.00    0.00    0.00    14  postgres
04:10:54 PM 100998   2978821    0.00    0.00    0.00    0.00    0.00    12  postgres
04:10:54 PM 100998   2978974    0.00    0.00    0.00    0.00    0.00    14  postgres
04:10:54 PM 100998   2979055    0.00    0.00    0.00    0.00    0.00    14  postgres
04:10:54 PM 100998   2979087    0.00    0.00    0.00    0.00    0.00    10  postgres
04:10:54 PM 100998   2979088    0.00    0.00    0.00    0.00    0.00    12  postgres
04:10:54 PM 100998   2979089    0.00    0.00    0.00    0.00    0.00    12  postgres
04:10:54 PM 100998   2979090    0.00    0.00    0.00    0.00    0.00    14  postgres
04:10:54 PM 100998   2979091    0.00    0.00    0.00    0.00    0.00    12  postgres
04:10:54 PM 100998   2979092    0.00    0.00    0.00    0.00    0.00    10  postgres
04:10:54 PM 100998   2979093    0.00    0.00    0.00    0.00    0.00    14  postgres
04:10:54 PM 100998   2979094    0.00    0.00    0.00    0.00    0.00    12  postgres

04:10:54 PM   UID       PID    %usr %system  %guest   %wait    %CPU   CPU  Command
04:10:55 PM 100998   2977709    0.00    0.00    0.00    0.00    0.00    14  postgres
04:10:55 PM 100998   2977710    0.00    0.00    0.00    0.00    0.00    12  postgres
04:10:55 PM 100998   2977712    0.00    0.00    0.00    0.00    0.00    12  postgres
04:10:55 PM 100998   2977713    0.00    0.00    0.00    0.00    0.00    14  postgres
04:10:55 PM 100998   2978821    0.00    0.00    0.00    0.00    0.00    12  postgres
04:10:55 PM 100998   2978974    0.00    0.00    0.00    0.00    0.00    14  postgres
04:10:55 PM 100998   2979055    0.00    0.00    0.00    0.00    0.00    14  postgres
04:10:55 PM 100998   2979087    0.00    0.00    0.00    0.00    0.00    10  postgres
04:10:55 PM 100998   2979088    0.00    0.00    0.00    0.00    0.00    12  postgres
04:10:55 PM 100998   2979089    0.00    0.00    0.00    0.00    0.00    12  postgres
04:10:55 PM 100998   2979090    0.00    0.00    0.00    0.00    0.00    14  postgres
04:10:55 PM 100998   2979091    0.00    0.00    0.00    0.00    0.00    12  postgres
04:10:55 PM 100998   2979092    0.00    0.00    0.00    0.00    0.00    10  postgres
04:10:55 PM 100998   2979093    0.00    0.00    0.00    0.00    0.00    14  postgres
04:10:55 PM 100998   2979094    0.00    0.00    0.00    0.00    0.00    12  postgres

04:10:55 PM   UID       PID    %usr %system  %guest   %wait    %CPU   CPU  Command
04:10:56 PM 100998   2977709    0.00    0.00    0.00    0.00    0.00    14  postgres
04:10:56 PM 100998   2977710    0.00    0.00    0.00    0.00    0.00    12  postgres
04:10:56 PM 100998   2977712    0.00    0.00    0.00    0.00    0.00    12  postgres
04:10:56 PM 100998   2977713    0.00    0.00    0.00    0.00    0.00    14  postgres
04:10:56 PM 100998   2978821    1.00    1.00    0.00    0.00    2.00    10  postgres
04:10:56 PM 100998   2978974    1.00    0.00    0.00    0.00    1.00    14  postgres
04:10:56 PM 100998   2979055    0.00    0.00    0.00    0.00    0.00    10  postgres
04:10:56 PM 100998   2979087    1.00    0.00    0.00    0.00    1.00    10  postgres
04:10:56 PM 100998   2979088    1.00    0.00    0.00    0.00    1.00    12  postgres
04:10:56 PM 100998   2979089    0.00    0.00    0.00    0.00    0.00    10  postgres
04:10:56 PM 100998   2979090    0.00    1.00    0.00    0.00    1.00    12  postgres
04:10:56 PM 100998   2979091    0.00    0.00    0.00    0.00    0.00    14  postgres
04:10:56 PM 100998   2979092    1.00    0.00    0.00    0.00    1.00    14  postgres
04:10:56 PM 100998   2979093    0.00    0.00    0.00    0.00    0.00    14  postgres
04:10:56 PM 100998   2979094    0.00    1.00    0.00    0.00    1.00    10  postgres

04:10:56 PM   UID       PID    %usr %system  %guest   %wait    %CPU   CPU  Command
04:10:57 PM 100998   2977709    0.00    0.00    0.00    0.00    0.00    14  postgres
04:10:57 PM 100998   2977710    0.00    0.00    0.00    0.00    0.00    12  postgres
04:10:57 PM 100998   2977712    0.00    0.00    0.00    0.00    0.00    12  postgres
04:10:57 PM 100998   2977713    0.00    0.00    0.00    0.00    0.00    14  postgres
04:10:57 PM 100998   2978821    1.00    1.00    0.00    0.00    2.00    10  postgres
04:10:57 PM 100998   2978974    0.00    0.00    0.00    0.00    0.00    10  postgres
04:10:57 PM 100998   2979055    1.00    1.00    0.00    0.00    2.00    10  postgres
04:10:57 PM 100998   2979087    0.00    1.00    0.00    0.00    1.00    12  postgres
04:10:57 PM 100998   2979088    0.00    1.00    0.00    0.00    1.00    12  postgres
04:10:57 PM 100998   2979089    1.00    1.00    0.00    0.00    2.00    10  postgres
04:10:57 PM 100998   2979090    1.00    0.00    0.00    0.00    1.00    10  postgres
04:10:57 PM 100998   2979091    0.00    0.00    0.00    0.00    0.00    12  postgres
04:10:57 PM 100998   2979092    1.00    1.00    0.00    0.00    2.00    14  postgres
04:10:57 PM 100998   2979093    1.00    0.00    0.00    0.00    1.00    14  postgres
04:10:57 PM 100998   2979094    1.00    0.00    0.00    0.00    1.00    10  postgres

04:10:57 PM   UID       PID    %usr %system  %guest   %wait    %CPU   CPU  Command
04:10:58 PM 100998   2977709    0.00    0.00    0.00    0.00    0.00    14  postgres
04:10:58 PM 100998   2977710    0.00    0.00    0.00    0.00    0.00    12  postgres
04:10:58 PM 100998   2977712    0.00    0.00    0.00    0.00    0.00    12  postgres
04:10:58 PM 100998   2977713    0.00    0.00    0.00    0.00    0.00    14  postgres
04:10:58 PM 100998   2978821    0.00    0.00    0.00    0.00    0.00    10  postgres
04:10:58 PM 100998   2978974    1.00    1.00    0.00    0.00    2.00    12  postgres
04:10:58 PM 100998   2979055    1.00    1.00    0.00    0.00    2.00    10  postgres
04:10:58 PM 100998   2979087    0.00    0.00    0.00    0.00    0.00    12  postgres
04:10:58 PM 100998   2979088    1.00    0.00    0.00    0.00    1.00    14  postgres
04:10:58 PM 100998   2979089    0.00    0.00    0.00    0.00    0.00    14  postgres
04:10:58 PM 100998   2979090    0.00    1.00    0.00    0.00    1.00    12  postgres
04:10:58 PM 100998   2979091    1.00    1.00    0.00    0.00    2.00    14  postgres
04:10:58 PM 100998   2979092    0.00    1.00    0.00    0.00    1.00    14  postgres
04:10:58 PM 100998   2979093    0.00    0.00    0.00    0.00    0.00    10  postgres
04:10:58 PM 100998   2979094    1.00    0.00    0.00    0.00    1.00    12  postgres

04:10:58 PM   UID       PID    %usr %system  %guest   %wait    %CPU   CPU  Command
04:10:59 PM 100998   2977709    0.00    0.00    0.00    0.00    0.00    14  postgres
04:10:59 PM 100998   2977710    0.00    0.00    0.00    0.00    0.00    12  postgres
04:10:59 PM 100998   2977712    0.00    0.00    0.00    0.00    0.00    12  postgres
04:10:59 PM 100998   2977713    0.00    0.00    0.00    0.00    0.00    14  postgres
04:10:59 PM 100998   2978821    1.00    1.00    0.00    0.00    2.00    10  postgres
04:10:59 PM 100998   2978974    0.00    1.00    0.00    0.00    1.00    14  postgres
04:10:59 PM 100998   2979055    0.00    0.00    0.00    0.00    0.00    14  postgres
04:10:59 PM 100998   2979087    1.00    1.00    0.00    0.00    2.00    14  postgres
04:10:59 PM 100998   2979088    0.00    1.00    0.00    0.00    1.00    14  postgres
04:10:59 PM 100998   2979089    1.00    1.00    0.00    0.00    2.00    12  postgres
04:10:59 PM 100998   2979090    1.00    0.00    0.00    0.00    1.00    12  postgres
04:10:59 PM 100998   2979091    0.00    0.00    0.00    0.00    0.00    14  postgres
04:10:59 PM 100998   2979092    1.00    0.00    0.00    0.00    1.00    12  postgres
04:10:59 PM 100998   2979093    1.00    1.00    0.00    0.00    2.00    12  postgres
04:10:59 PM 100998   2979094    1.00    1.00    0.00    0.00    2.00    10  postgres

04:10:59 PM   UID       PID    %usr %system  %guest   %wait    %CPU   CPU  Command
04:11:00 PM 100998   2977709    0.00    0.00    0.00    0.00    0.00    14  postgres
04:11:00 PM 100998   2977710    0.00    0.00    0.00    0.00    0.00    12  postgres
04:11:00 PM 100998   2977712    0.00    0.00    0.00    0.00    0.00    12  postgres
04:11:00 PM 100998   2977713    0.00    0.00    0.00    0.00    0.00    14  postgres
04:11:00 PM 100998   2978821    1.00    0.00    0.00    0.00    1.00    12  postgres
04:11:00 PM 100998   2978974    1.00    1.00    0.00    0.00    2.00    12  postgres
04:11:00 PM 100998   2979055    1.00    1.00    0.00    0.00    2.00    12  postgres
04:11:00 PM 100998   2979087    1.00    0.00    0.00    0.00    1.00    10  postgres
04:11:00 PM 100998   2979088    1.00    0.00    0.00    0.00    1.00    14  postgres
04:11:00 PM 100998   2979089    0.00    0.00    0.00    0.00    0.00    14  postgres
04:11:00 PM 100998   2979090    0.00    1.00    0.00    0.00    1.00    14  postgres
04:11:00 PM 100998   2979091    1.00    1.00    0.00    0.00    2.00    10  postgres
04:11:00 PM 100998   2979092    1.00    0.00    0.00    0.00    1.00    10  postgres
04:11:00 PM 100998   2979093    0.00    0.00    0.00    0.00    0.00    10  postgres
04:11:00 PM 100998   2979094    0.00    1.00    0.00    0.00    1.00    12  postgres

04:11:00 PM   UID       PID    %usr %system  %guest   %wait    %CPU   CPU  Command
04:11:01 PM 100998   2977709    0.00    0.00    0.00    0.00    0.00    14  postgres
04:11:01 PM 100998   2977710    0.00    0.00    0.00    0.00    0.00    12  postgres
04:11:01 PM 100998   2977712    0.00    0.00    0.00    0.00    0.00    12  postgres
04:11:01 PM 100998   2977713    0.00    0.00    0.00    0.00    0.00    14  postgres
04:11:01 PM 100998   2978821    1.00    1.00    0.00    0.00    2.00    10  postgres
04:11:01 PM 100998   2978974    1.00    0.00    0.00    0.00    1.00    12  postgres
04:11:01 PM 100998   2979055    1.00    0.00    0.00    0.00    1.00    12  postgres
04:11:01 PM 100998   2979087    1.00    1.00    0.00    0.00    2.00    10  postgres
04:11:01 PM 100998   2979088    1.00    1.00    0.00    0.00    2.00    14  postgres
04:11:01 PM 100998   2979089    1.00    1.00    0.00    0.00    2.00    12  postgres
04:11:01 PM 100998   2979090    1.00    0.00    0.00    0.00    1.00    10  postgres
04:11:01 PM 100998   2979091    1.00    0.00    0.00    0.00    1.00    14  postgres
04:11:01 PM 100998   2979092    0.00    0.00    0.00    0.00    0.00    12  postgres
04:11:01 PM 100998   2979093    1.00    1.00    0.00    0.00    2.00    12  postgres
04:11:01 PM 100998   2979094    1.00    0.00    0.00    0.00    1.00    14  postgres

04:11:01 PM   UID       PID    %usr %system  %guest   %wait    %CPU   CPU  Command
04:11:02 PM 100998   2977709    0.00    0.00    0.00    0.00    0.00    14  postgres
04:11:02 PM 100998   2977710    0.00    0.00    0.00    0.00    0.00    12  postgres
04:11:02 PM 100998   2977712    0.00    0.00    0.00    0.00    0.00    12  postgres
04:11:02 PM 100998   2977713    0.00    0.00    0.00    0.00    0.00    14  postgres
04:11:02 PM 100998   2978821    0.00    1.00    0.00    0.00    1.00    10  postgres
04:11:02 PM 100998   2978974    0.00    1.00    0.00    0.00    1.00    14  postgres
04:11:02 PM 100998   2979055    0.00    1.00    0.00    0.00    1.00    12  postgres
04:11:02 PM 100998   2979087    1.00    0.00    0.00    0.00    1.00    10  postgres
04:11:02 PM 100998   2979088    1.00    0.00    0.00    0.00    1.00    12  postgres
04:11:02 PM 100998   2979089    0.00    0.00    0.00    0.00    0.00    12  postgres
04:11:02 PM 100998   2979090    0.00    0.00    0.00    0.00    0.00    14  postgres
04:11:02 PM 100998   2979091    1.00    1.00    0.00    0.00    2.00    10  postgres
04:11:02 PM 100998   2979092    1.00    1.00    0.00    0.00    2.00    10  postgres
04:11:02 PM 100998   2979093    0.00    0.00    0.00    0.00    0.00    12  postgres
04:11:02 PM 100998   2979094    1.00    0.00    0.00    0.00    1.00    10  postgres

04:11:02 PM   UID       PID    %usr %system  %guest   %wait    %CPU   CPU  Command
04:11:03 PM 100998   2977709    0.00    0.00    0.00    0.00    0.00    14  postgres
04:11:03 PM 100998   2977710    0.00    0.00    0.00    0.00    0.00    12  postgres
04:11:03 PM 100998   2977712    0.00    0.00    0.00    0.00    0.00    12  postgres
04:11:03 PM 100998   2977713    0.00    0.00    0.00    0.00    0.00    14  postgres
04:11:03 PM 100998   2978821    1.00    0.00    0.00    0.00    1.00    10  postgres
04:11:03 PM 100998   2978974    1.00    0.00    0.00    0.00    1.00    14  postgres
04:11:03 PM 100998   2979055    1.00    0.00    0.00    0.00    1.00    14  postgres
04:11:03 PM 100998   2979087    1.00    0.00    0.00    0.00    1.00    12  postgres
04:11:03 PM 100998   2979088    1.00    0.00    0.00    0.00    1.00    10  postgres
04:11:03 PM 100998   2979089    1.00    1.00    0.00    0.00    2.00    14  postgres
04:11:03 PM 100998   2979090    1.00    1.00    0.00    0.00    2.00    14  postgres
04:11:03 PM 100998   2979091    1.00    0.00    0.00    0.00    1.00    10  postgres
04:11:03 PM 100998   2979092    1.00    0.00    0.00    0.00    1.00    14  postgres
04:11:03 PM 100998   2979093    1.00    1.00    0.00    0.00    2.00    12  postgres
04:11:03 PM 100998   2979094    0.00    0.00    0.00    0.00    0.00    10  postgres

04:11:03 PM   UID       PID    %usr %system  %guest   %wait    %CPU   CPU  Command
04:11:04 PM 100998   2977709    0.00    0.00    0.00    0.00    0.00    14  postgres
04:11:04 PM 100998   2977710    0.00    0.00    0.00    0.00    0.00    12  postgres
04:11:04 PM 100998   2977712    0.00    0.00    0.00    0.00    0.00    12  postgres
04:11:04 PM 100998   2977713    0.00    0.00    0.00    0.00    0.00    14  postgres
04:11:04 PM 100998   2978821    1.00    1.00    0.00    0.00    2.00    10  postgres
04:11:04 PM 100998   2978974    1.00    1.00    0.00    0.00    2.00    14  postgres
04:11:04 PM 100998   2979055    0.00    0.00    0.00    0.00    0.00    12  postgres
04:11:04 PM 100998   2979087    0.00    1.00    0.00    0.00    1.00    14  postgres
04:11:04 PM 100998   2979088    0.00    1.00    0.00    0.00    1.00    12  postgres
04:11:04 PM 100998   2979089    0.00    1.00    0.00    0.00    1.00    10  postgres
04:11:04 PM 100998   2979090    1.00    0.00    0.00    0.00    1.00    14  postgres
04:11:04 PM 100998   2979091    0.00    1.00    0.00    0.00    1.00    14  postgres
04:11:04 PM 100998   2979092    0.00    1.00    0.00    0.00    1.00    10  postgres
04:11:04 PM 100998   2979093    0.00    0.00    0.00    0.00    0.00    14  postgres
04:11:04 PM 100998   2979094    0.00    1.00    0.00    0.00    1.00    10  postgres

04:11:04 PM   UID       PID    %usr %system  %guest   %wait    %CPU   CPU  Command
04:11:05 PM 100998   2977709    0.00    0.00    0.00    0.00    0.00    14  postgres
04:11:05 PM 100998   2977710    0.00    0.00    0.00    0.00    0.00    10  postgres
04:11:05 PM 100998   2977712    0.00    0.00    0.00    0.00    0.00    12  postgres
04:11:05 PM 100998   2977713    0.00    0.00    0.00    0.00    0.00    14  postgres
04:11:05 PM 100998   2978821    1.00    1.00    0.00    0.00    2.00    12  postgres
04:11:05 PM 100998   2978974    1.00    1.00    0.00    0.00    2.00    10  postgres
04:11:05 PM 100998   2979055    1.00    1.00    0.00    0.00    2.00    10  postgres
04:11:05 PM 100998   2979087    1.00    0.00    0.00    0.00    1.00    12  postgres
04:11:05 PM 100998   2979088    1.00    0.00    0.00    0.00    1.00    14  postgres
04:11:05 PM 100998   2979089    1.00    0.00    0.00    0.00    1.00    12  postgres
04:11:05 PM 100998   2979090    1.00    1.00    0.00    0.00    2.00    10  postgres
04:11:05 PM 100998   2979091    1.00    0.00    0.00    0.00    1.00    12  postgres
04:11:05 PM 100998   2979092    1.00    0.00    0.00    0.00    1.00    14  postgres
04:11:05 PM 100998   2979093    1.00    1.00    0.00    0.00    2.00    12  postgres
04:11:05 PM 100998   2979094    1.00    0.00    0.00    0.00    1.00    12  postgres

04:11:05 PM   UID       PID    %usr %system  %guest   %wait    %CPU   CPU  Command
04:11:06 PM 100998   2977709    0.00    0.00    0.00    0.00    0.00    14  postgres
04:11:06 PM 100998   2977710    0.00    0.00    0.00    0.00    0.00    10  postgres
04:11:06 PM 100998   2977712    0.00    0.00    0.00    0.00    0.00    12  postgres
04:11:06 PM 100998   2977713    0.00    0.00    0.00    0.00    0.00    14  postgres
04:11:06 PM 100998   2978821    1.00    1.00    0.00    0.00    2.00    12  postgres
04:11:06 PM 100998   2978974    1.00    1.00    0.00    0.00    2.00    10  postgres
04:11:06 PM 100998   2979055    1.00    1.00    0.00    0.00    2.00    12  postgres
04:11:06 PM 100998   2979087    1.00    1.00    0.00    0.00    2.00    10  postgres
04:11:06 PM 100998   2979088    1.00    1.00    0.00    0.00    2.00    10  postgres
04:11:06 PM 100998   2979089    1.00    1.00    0.00    0.00    2.00    10  postgres
04:11:06 PM 100998   2979090    1.00    0.00    0.00    0.00    1.00    12  postgres
04:11:06 PM 100998   2979091    1.00    1.00    0.00    0.00    2.00    12  postgres
04:11:06 PM 100998   2979092    1.00    0.00    0.00    0.00    1.00    14  postgres
04:11:06 PM 100998   2979093    0.00    0.00    0.00    0.00    0.00    12  postgres
04:11:06 PM 100998   2979094    0.00    1.00    0.00    0.00    1.00    14  postgres

04:11:06 PM   UID       PID    %usr %system  %guest   %wait    %CPU   CPU  Command
04:11:07 PM 100998   2977709    0.00    0.00    0.00    0.00    0.00    14  postgres
04:11:07 PM 100998   2977710    0.00    0.00    0.00    0.00    0.00    10  postgres
04:11:07 PM 100998   2977712    0.00    0.00    0.00    0.00    0.00    12  postgres
04:11:07 PM 100998   2977713    0.00    0.00    0.00    0.00    0.00    14  postgres
04:11:07 PM 100998   2978821    0.00    0.00    0.00    0.00    0.00    12  postgres
04:11:07 PM 100998   2978974    1.00    0.00    0.00    0.00    1.00    10  postgres
04:11:07 PM 100998   2979055    1.00    1.00    0.00    0.00    2.00    10  postgres
04:11:07 PM 100998   2979087    1.00    1.00    0.00    0.00    2.00    14  postgres
04:11:07 PM 100998   2979088    0.00    0.00    0.00    0.00    0.00    14  postgres
04:11:07 PM 100998   2979089    1.00    0.00    0.00    0.00    1.00    12  postgres
04:11:07 PM 100998   2979090    0.00    0.00    0.00    0.00    0.00    10  postgres
04:11:07 PM 100998   2979091    0.00    0.00    0.00    0.00    0.00    10  postgres
04:11:07 PM 100998   2979092    0.00    1.00    0.00    0.00    1.00    14  postgres
04:11:07 PM 100998   2979093    1.00    0.00    0.00    0.00    1.00    10  postgres
04:11:07 PM 100998   2979094    1.00    0.00    0.00    0.00    1.00    14  postgres

04:11:07 PM   UID       PID    %usr %system  %guest   %wait    %CPU   CPU  Command
04:11:08 PM 100998   2977709    0.00    0.00    0.00    0.00    0.00    14  postgres
04:11:08 PM 100998   2977710    0.00    0.00    0.00    0.00    0.00    10  postgres
04:11:08 PM 100998   2977712    0.00    0.00    0.00    0.00    0.00    12  postgres
04:11:08 PM 100998   2977713    0.00    0.00    0.00    0.00    0.00    14  postgres
04:11:08 PM 100998   2978821    2.00    1.00    0.00    0.00    3.00    14  postgres
04:11:08 PM 100998   2978974    1.00    1.00    0.00    0.00    2.00    12  postgres
04:11:08 PM 100998   2979055    1.00    0.00    0.00    0.00    1.00    12  postgres
04:11:08 PM 100998   2979087    0.00    0.00    0.00    0.00    0.00    14  postgres
04:11:08 PM 100998   2979088    1.00    1.00    0.00    0.00    2.00    10  postgres
04:11:08 PM 100998   2979089    1.00    1.00    0.00    0.00    2.00    10  postgres
04:11:08 PM 100998   2979090    1.00    1.00    0.00    0.00    2.00    14  postgres
04:11:08 PM 100998   2979091    2.00    1.00    0.00    0.00    3.00    10  postgres
04:11:08 PM 100998   2979092    1.00    0.00    0.00    0.00    1.00    14  postgres
04:11:08 PM 100998   2979093    1.00    1.00    0.00    0.00    2.00    14  postgres
04:11:08 PM 100998   2979094    0.00    1.00    0.00    0.00    1.00    12  postgres

04:11:08 PM   UID       PID    %usr %system  %guest   %wait    %CPU   CPU  Command
04:11:09 PM 100998   2977709    0.00    0.00    0.00    0.00    0.00    14  postgres
04:11:09 PM 100998   2977710    0.00    0.00    0.00    0.00    0.00    10  postgres
04:11:09 PM 100998   2977712    0.00    0.00    0.00    0.00    0.00    12  postgres
04:11:09 PM 100998   2977713    0.00    0.00    0.00    0.00    0.00    14  postgres
04:11:09 PM 100998   2978821    1.00    1.00    0.00    0.00    2.00    12  postgres
04:11:09 PM 100998   2978974    1.00    0.00    0.00    0.00    1.00    10  postgres
04:11:09 PM 100998   2979055    1.00    1.00    0.00    0.00    2.00    14  postgres
04:11:09 PM 100998   2979087    1.00    1.00    0.00    0.00    2.00    10  postgres
04:11:09 PM 100998   2979088    1.00    0.00    0.00    0.00    1.00    10  postgres
04:11:09 PM 100998   2979089    1.00    0.00    0.00    0.00    1.00    12  postgres
04:11:09 PM 100998   2979090    1.00    0.00    0.00    0.00    1.00    10  postgres
04:11:09 PM 100998   2979091    0.00    0.00    0.00    0.00    0.00    12  postgres
04:11:09 PM 100998   2979092    1.00    1.00    0.00    0.00    2.00    12  postgres
04:11:09 PM 100998   2979093    1.00    1.00    0.00    0.00    2.00    10  postgres
04:11:09 PM 100998   2979094    1.00    0.00    0.00    0.00    1.00    14  postgres

04:11:09 PM   UID       PID    %usr %system  %guest   %wait    %CPU   CPU  Command
04:11:10 PM 100998   2977709    0.00    0.00    0.00    0.00    0.00    14  postgres
04:11:10 PM 100998   2977710    0.00    0.00    0.00    0.00    0.00    10  postgres
04:11:10 PM 100998   2977712    0.00    0.00    0.00    0.00    0.00    12  postgres
04:11:10 PM 100998   2977713    0.00    0.00    0.00    0.00    0.00    14  postgres
04:11:10 PM 100998   2978821    1.00    0.00    0.00    0.00    1.00    14  postgres
04:11:10 PM 100998   2978974    1.00    1.00    0.00    0.00    2.00    12  postgres
04:11:10 PM 100998   2979055    0.00    1.00    0.00    0.00    1.00    14  postgres
04:11:10 PM 100998   2979087    0.00    0.00    0.00    0.00    0.00    12  postgres
04:11:10 PM 100998   2979088    0.00    1.00    0.00    0.00    1.00    12  postgres
04:11:10 PM 100998   2979089    1.00    1.00    0.00    0.00    2.00    14  postgres
04:11:10 PM 100998   2979090    0.00    1.00    0.00    0.00    1.00    12  postgres
04:11:10 PM 100998   2979091    0.00    1.00    0.00    0.00    1.00    14  postgres
04:11:10 PM 100998   2979092    0.00    0.00    0.00    0.00    0.00    14  postgres
04:11:10 PM 100998   2979093    0.00    0.00    0.00    0.00    0.00    14  postgres
04:11:10 PM 100998   2979094    1.00    0.00    0.00    0.00    1.00    12  postgres

04:11:10 PM   UID       PID    %usr %system  %guest   %wait    %CPU   CPU  Command
04:11:11 PM 100998   2977709    0.00    0.00    0.00    0.00    0.00    14  postgres
04:11:11 PM 100998   2977710    0.00    0.00    0.00    0.00    0.00    10  postgres
04:11:11 PM 100998   2977712    0.00    0.00    0.00    0.00    0.00    12  postgres
04:11:11 PM 100998   2977713    0.00    0.00    0.00    0.00    0.00    14  postgres
04:11:11 PM 100998   2978821    0.00    1.00    0.00    0.00    1.00    10  postgres
04:11:11 PM 100998   2978974    1.00    0.00    0.00    0.00    1.00    10  postgres
04:11:11 PM 100998   2979055    1.00    0.00    0.00    0.00    1.00    14  postgres
04:11:11 PM 100998   2979087    1.00    1.00    0.00    0.00    2.00    14  postgres
04:11:11 PM 100998   2979088    1.00    0.00    0.00    0.00    1.00    14  postgres
04:11:11 PM 100998   2979089    0.00    0.00    0.00    0.00    0.00    14  postgres
04:11:11 PM 100998   2979090    1.00    0.00    0.00    0.00    1.00    12  postgres
04:11:11 PM 100998   2979091    1.00    0.00    0.00    0.00    1.00    10  postgres
04:11:11 PM 100998   2979092    1.00    0.00    0.00    0.00    1.00    14  postgres
04:11:11 PM 100998   2979093    1.00    0.00    0.00    0.00    1.00    14  postgres
04:11:11 PM 100998   2979094    0.00    1.00    0.00    0.00    1.00    14  postgres

04:11:11 PM   UID       PID    %usr %system  %guest   %wait    %CPU   CPU  Command
04:11:12 PM 100998   2977709    0.00    0.00    0.00    0.00    0.00    14  postgres
04:11:12 PM 100998   2977710    0.00    0.00    0.00    0.00    0.00    10  postgres
04:11:12 PM 100998   2977712    0.00    0.00    0.00    0.00    0.00    12  postgres
04:11:12 PM 100998   2977713    0.00    0.00    0.00    0.00    0.00    14  postgres
04:11:12 PM 100998   2978821    1.00    0.00    0.00    0.00    1.00    14  postgres
04:11:12 PM 100998   2978974    0.00    1.00    0.00    0.00    1.00    12  postgres
04:11:12 PM 100998   2979055    1.00    1.00    0.00    0.00    2.00    10  postgres
04:11:12 PM 100998   2979087    0.00    0.00    0.00    0.00    0.00    14  postgres
04:11:12 PM 100998   2979088    0.00    0.00    0.00    0.00    0.00    12  postgres
04:11:12 PM 100998   2979089    1.00    1.00    0.00    0.00    2.00    10  postgres
04:11:12 PM 100998   2979090    1.00    1.00    0.00    0.00    2.00    10  postgres
04:11:12 PM 100998   2979091    1.00    0.00    0.00    0.00    1.00    12  postgres
04:11:12 PM 100998   2979092    1.00    1.00    0.00    0.00    2.00    14  postgres
04:11:12 PM 100998   2979093    0.00    1.00    0.00    0.00    1.00    14  postgres
04:11:12 PM 100998   2979094    1.00    0.00    0.00    0.00    1.00    10  postgres

04:11:12 PM   UID       PID    %usr %system  %guest   %wait    %CPU   CPU  Command
04:11:13 PM 100998   2977709    0.00    0.00    0.00    0.00    0.00    14  postgres
04:11:13 PM 100998   2977710    0.00    0.00    0.00    0.00    0.00    10  postgres
04:11:13 PM 100998   2977712    0.00    0.00    0.00    0.00    0.00    12  postgres
04:11:13 PM 100998   2977713    0.00    0.00    0.00    0.00    0.00    14  postgres
04:11:13 PM 100998   2978821    1.00    1.00    0.00    0.00    2.00    12  postgres
04:11:13 PM 100998   2978974    1.00    0.00    0.00    0.00    1.00    14  postgres
04:11:13 PM 100998   2979055    1.00    0.00    0.00    0.00    1.00    10  postgres
04:11:13 PM 100998   2979087    1.00    1.00    0.00    0.00    2.00    10  postgres
04:11:13 PM 100998   2979088    1.00    1.00    0.00    0.00    2.00    12  postgres
04:11:13 PM 100998   2979089    0.00    0.00    0.00    0.00    0.00    14  postgres
04:11:13 PM 100998   2979090    0.00    0.00    0.00    0.00    0.00    12  postgres
04:11:13 PM 100998   2979091    0.00    1.00    0.00    0.00    1.00    12  postgres
04:11:13 PM 100998   2979092    1.00    1.00    0.00    0.00    2.00    14  postgres
04:11:13 PM 100998   2979093    1.00    0.00    0.00    0.00    1.00    10  postgres
04:11:13 PM 100998   2979094    0.00    0.00    0.00    0.00    0.00    12  postgres

04:11:13 PM   UID       PID    %usr %system  %guest   %wait    %CPU   CPU  Command
04:11:14 PM 100998   2977709    0.00    0.00    0.00    0.00    0.00    14  postgres
04:11:14 PM 100998   2977710    0.00    0.00    0.00    0.00    0.00    10  postgres
04:11:14 PM 100998   2977712    0.00    0.00    0.00    0.00    0.00    12  postgres
04:11:14 PM 100998   2977713    0.00    0.00    0.00    0.00    0.00    14  postgres
04:11:14 PM 100998   2978821    1.00    0.00    0.00    0.00    1.00    10  postgres
04:11:14 PM 100998   2978974    1.00    1.00    0.00    0.00    2.00    10  postgres
04:11:14 PM 100998   2979055    0.00    1.00    0.00    0.00    1.00    12  postgres
04:11:14 PM 100998   2979087    1.00    1.00    0.00    0.00    2.00    12  postgres
04:11:14 PM 100998   2979088    1.00    1.00    0.00    0.00    2.00    10  postgres
04:11:14 PM 100998   2979089    2.00    1.00    0.00    0.00    3.00    10  postgres
04:11:14 PM 100998   2979090    1.00    0.00    0.00    0.00    1.00    12  postgres
04:11:14 PM 100998   2979091    1.00    0.00    0.00    0.00    1.00    12  postgres
04:11:14 PM 100998   2979092    1.00    0.00    0.00    0.00    1.00    14  postgres
04:11:14 PM 100998   2979093    0.00    1.00    0.00    0.00    1.00    10  postgres
04:11:14 PM 100998   2979094    1.00    1.00    0.00    0.00    2.00    10  postgres

04:11:14 PM   UID       PID    %usr %system  %guest   %wait    %CPU   CPU  Command
04:11:15 PM 100998   2977709    0.00    0.00    0.00    0.00    0.00    14  postgres
04:11:15 PM 100998   2977710    0.00    0.00    0.00    0.00    0.00    10  postgres
04:11:15 PM 100998   2977712    0.00    0.00    0.00    0.00    0.00    12  postgres
04:11:15 PM 100998   2977713    0.00    0.00    0.00    0.00    0.00    14  postgres
04:11:15 PM 100998   2978821    1.00    1.00    0.00    0.00    2.00    14  postgres
04:11:15 PM 100998   2978974    0.00    1.00    0.00    0.00    1.00    14  postgres
04:11:15 PM 100998   2979055    1.00    0.00    0.00    0.00    1.00    12  postgres
04:11:15 PM 100998   2979087    0.00    0.00    0.00    0.00    0.00    14  postgres
04:11:15 PM 100998   2979088    0.00    0.00    0.00    0.00    0.00    12  postgres
04:11:15 PM 100998   2979089    0.00    0.00    0.00    0.00    0.00    14  postgres
04:11:15 PM 100998   2979090    0.00    1.00    0.00    0.00    1.00    12  postgres
04:11:15 PM 100998   2979091    0.00    1.00    0.00    0.00    1.00    14  postgres
04:11:15 PM 100998   2979092    0.00    1.00    0.00    0.00    1.00    12  postgres
04:11:15 PM 100998   2979093    1.00    0.00    0.00    0.00    1.00    12  postgres
04:11:15 PM 100998   2979094    0.00    0.00    0.00    0.00    0.00    10  postgres

04:11:15 PM   UID       PID    %usr %system  %guest   %wait    %CPU   CPU  Command
04:11:16 PM 100998   2977709    0.00    0.00    0.00    0.00    0.00    14  postgres
04:11:16 PM 100998   2977710    0.00    0.00    0.00    0.00    0.00    10  postgres
04:11:16 PM 100998   2977712    0.00    0.00    0.00    0.00    0.00    12  postgres
04:11:16 PM 100998   2977713    0.00    0.00    0.00    0.00    0.00    14  postgres
04:11:16 PM 100998   2978821    1.00    1.00    0.00    0.00    2.00    12  postgres
04:11:16 PM 100998   2978974    1.00    0.00    0.00    0.00    1.00    14  postgres
04:11:16 PM 100998   2979055    1.00    1.00    0.00    0.00    2.00    10  postgres
04:11:16 PM 100998   2979087    1.00    1.00    0.00    0.00    2.00    10  postgres
04:11:16 PM 100998   2979088    1.00    0.00    0.00    0.00    1.00    10  postgres
04:11:16 PM 100998   2979089    1.00    1.00    0.00    0.00    2.00    14  postgres
04:11:16 PM 100998   2979090    1.00    1.00    0.00    0.00    2.00    10  postgres
04:11:16 PM 100998   2979091    1.00    1.00    0.00    0.00    2.00    14  postgres
04:11:16 PM 100998   2979092    1.00    0.00    0.00    0.00    1.00    12  postgres
04:11:16 PM 100998   2979093    1.00    1.00    0.00    0.00    2.00    12  postgres
04:11:16 PM 100998   2979094    1.00    0.00    0.00    0.00    1.00    12  postgres

04:11:16 PM   UID       PID    %usr %system  %guest   %wait    %CPU   CPU  Command
04:11:17 PM 100998   2977709    0.00    0.00    0.00    0.00    0.00    14  postgres
04:11:17 PM 100998   2977710    0.00    0.00    0.00    0.00    0.00    10  postgres
04:11:17 PM 100998   2977712    0.00    0.00    0.00    0.00    0.00    12  postgres
04:11:17 PM 100998   2977713    0.00    0.00    0.00    0.00    0.00    14  postgres
04:11:17 PM 100998   2978821    0.00    1.00    0.00    0.00    1.00    12  postgres
04:11:17 PM 100998   2978974    1.00    1.00    0.00    0.00    2.00    12  postgres
04:11:17 PM 100998   2979055    1.00    0.00    0.00    0.00    1.00    14  postgres
04:11:17 PM 100998   2979087    1.00    0.00    0.00    0.00    1.00    10  postgres
04:11:17 PM 100998   2979088    1.00    1.00    0.00    0.00    2.00    10  postgres
04:11:17 PM 100998   2979089    0.00    0.00    0.00    0.00    0.00    10  postgres
04:11:17 PM 100998   2979090    0.00    0.00    0.00    0.00    0.00    12  postgres
04:11:17 PM 100998   2979091    0.00    0.00    0.00    0.00    0.00    12  postgres
04:11:17 PM 100998   2979092    0.00    1.00    0.00    0.00    1.00    10  postgres
04:11:17 PM 100998   2979093    1.00    1.00    0.00    0.00    2.00    14  postgres
04:11:17 PM 100998   2979094    0.00    1.00    0.00    0.00    1.00    14  postgres

04:11:17 PM   UID       PID    %usr %system  %guest   %wait    %CPU   CPU  Command
04:11:18 PM 100998   2977709    0.00    0.00    0.00    0.00    0.00    14  postgres
04:11:18 PM 100998   2977710    0.00    0.00    0.00    0.00    0.00    10  postgres
04:11:18 PM 100998   2977712    0.00    0.00    0.00    0.00    0.00    12  postgres
04:11:18 PM 100998   2977713    0.00    0.00    0.00    0.00    0.00    14  postgres
04:11:18 PM 100998   2978821    1.00    0.00    0.00    0.00    1.00    10  postgres
04:11:18 PM 100998   2978974    1.00    1.00    0.00    0.00    2.00    12  postgres
04:11:18 PM 100998   2979055    1.00    0.00    0.00    0.00    1.00    10  postgres
04:11:18 PM 100998   2979087    0.00    1.00    0.00    0.00    1.00    12  postgres
04:11:18 PM 100998   2979088    1.00    0.00    0.00    0.00    1.00    12  postgres
04:11:18 PM 100998   2979089    1.00    1.00    0.00    0.00    2.00    14  postgres
04:11:18 PM 100998   2979090    1.00    0.00    0.00    0.00    1.00    10  postgres
04:11:18 PM 100998   2979091    1.00    1.00    0.00    0.00    2.00    12  postgres
04:11:18 PM 100998   2979092    0.00    0.00    0.00    0.00    0.00    10  postgres
04:11:18 PM 100998   2979093    0.00    0.00    0.00    0.00    0.00    10  postgres
04:11:18 PM 100998   2979094    1.00    0.00    0.00    0.00    1.00    14  postgres

04:11:18 PM   UID       PID    %usr %system  %guest   %wait    %CPU   CPU  Command
04:11:19 PM 100998   2977709    0.00    0.00    0.00    0.00    0.00    14  postgres
04:11:19 PM 100998   2977710    0.00    0.00    0.00    0.00    0.00    10  postgres
04:11:19 PM 100998   2977712    0.00    0.00    0.00    0.00    0.00    12  postgres
04:11:19 PM 100998   2977713    0.00    0.00    0.00    0.00    0.00    14  postgres
04:11:19 PM 100998   2978821    0.00    1.00    0.00    0.00    1.00    10  postgres
04:11:19 PM 100998   2978974    1.00    0.00    0.00    0.00    1.00    10  postgres
04:11:19 PM 100998   2979055    1.00    1.00    0.00    0.00    2.00    14  postgres
04:11:19 PM 100998   2979087    1.00    0.00    0.00    0.00    1.00    10  postgres
04:11:19 PM 100998   2979088    1.00    0.00    0.00    0.00    1.00    14  postgres
04:11:19 PM 100998   2979089    0.00    0.00    0.00    0.00    0.00    10  postgres
04:11:19 PM 100998   2979090    1.00    1.00    0.00    0.00    2.00    12  postgres
04:11:19 PM 100998   2979091    0.00    0.00    0.00    0.00    0.00    10  postgres
04:11:19 PM 100998   2979092    1.00    1.00    0.00    0.00    2.00    14  postgres
04:11:19 PM 100998   2979093    1.00    1.00    0.00    0.00    2.00    14  postgres
04:11:19 PM 100998   2979094    0.00    1.00    0.00    0.00    1.00    12  postgres

04:11:19 PM   UID       PID    %usr %system  %guest   %wait    %CPU   CPU  Command
04:11:20 PM 100998   2977709    0.00    0.00    0.00    0.00    0.00    14  postgres
04:11:20 PM 100998   2977710    0.00    0.00    0.00    0.00    0.00    10  postgres
04:11:20 PM 100998   2977712    0.00    0.00    0.00    0.00    0.00    12  postgres
04:11:20 PM 100998   2977713    0.00    0.00    0.00    0.00    0.00    14  postgres
04:11:20 PM 100998   2978821    2.00    1.00    0.00    0.00    3.00    10  postgres
04:11:20 PM 100998   2978974    1.00    1.00    0.00    0.00    2.00    10  postgres
04:11:20 PM 100998   2979055    0.00    1.00    0.00    0.00    1.00    10  postgres
04:11:20 PM 100998   2979087    1.00    1.00    0.00    0.00    2.00    12  postgres
04:11:20 PM 100998   2979088    1.00    1.00    0.00    0.00    2.00    12  postgres
04:11:20 PM 100998   2979089    1.00    1.00    0.00    0.00    2.00    14  postgres
04:11:20 PM 100998   2979090    0.00    0.00    0.00    0.00    0.00    10  postgres
04:11:20 PM 100998   2979091    1.00    1.00    0.00    0.00    2.00    12  postgres
04:11:20 PM 100998   2979092    1.00    0.00    0.00    0.00    1.00    12  postgres
04:11:20 PM 100998   2979093    1.00    0.00    0.00    0.00    1.00    10  postgres
04:11:20 PM 100998   2979094    1.00    0.00    0.00    0.00    1.00    12  postgres

04:11:20 PM   UID       PID    %usr %system  %guest   %wait    %CPU   CPU  Command
04:11:21 PM 100998   2977709    0.00    0.00    0.00    0.00    0.00    14  postgres
04:11:21 PM 100998   2977710    0.00    0.00    0.00    0.00    0.00    10  postgres
04:11:21 PM 100998   2977712    0.00    0.00    0.00    0.00    0.00    12  postgres
04:11:21 PM 100998   2977713    0.00    0.00    0.00    0.00    0.00    14  postgres
04:11:21 PM 100998   2978821    1.00    0.00    0.00    0.00    1.00    14  postgres
04:11:21 PM 100998   2978974    0.00    1.00    0.00    0.00    1.00    12  postgres
04:11:21 PM 100998   2979055    1.00    0.00    0.00    0.00    1.00    14  postgres
04:11:21 PM 100998   2979087    1.00    1.00    0.00    0.00    2.00    14  postgres
04:11:21 PM 100998   2979088    1.00    1.00    0.00    0.00    2.00    14  postgres
04:11:21 PM 100998   2979089    1.00    1.00    0.00    0.00    2.00    10  postgres
04:11:21 PM 100998   2979090    1.00    1.00    0.00    0.00    2.00    14  postgres
04:11:21 PM 100998   2979091    0.00    0.00    0.00    0.00    0.00    14  postgres
04:11:21 PM 100998   2979092    1.00    1.00    0.00    0.00    2.00    12  postgres
04:11:21 PM 100998   2979093    0.00    0.00    0.00    0.00    0.00    10  postgres
04:11:21 PM 100998   2979094    1.00    0.00    0.00    0.00    1.00    14  postgres

04:11:21 PM   UID       PID    %usr %system  %guest   %wait    %CPU   CPU  Command
04:11:22 PM 100998   2977709    0.00    0.00    0.00    0.00    0.00    14  postgres
04:11:22 PM 100998   2977710    0.00    0.00    0.00    0.00    0.00    10  postgres
04:11:22 PM 100998   2977712    0.00    0.00    0.00    0.00    0.00    12  postgres
04:11:22 PM 100998   2977713    0.00    0.00    0.00    0.00    0.00    14  postgres
04:11:22 PM 100998   2978821    1.00    1.00    0.00    0.00    2.00    12  postgres
04:11:22 PM 100998   2978974    1.00    1.00    0.00    0.00    2.00    10  postgres
04:11:22 PM 100998   2979055    1.00    1.00    0.00    0.00    2.00    14  postgres
04:11:22 PM 100998   2979087    1.00    0.00    0.00    0.00    1.00    10  postgres
04:11:22 PM 100998   2979088    1.00    0.00    0.00    0.00    1.00    14  postgres
04:11:22 PM 100998   2979089    1.00    0.00    0.00    0.00    1.00    12  postgres
04:11:22 PM 100998   2979090    1.00    0.00    0.00    0.00    1.00    10  postgres
04:11:22 PM 100998   2979091    1.00    1.00    0.00    0.00    2.00    12  postgres
04:11:22 PM 100998   2979092    0.00    0.00    0.00    0.00    0.00    10  postgres
04:11:22 PM 100998   2979093    1.00    0.00    0.00    0.00    1.00    12  postgres
04:11:22 PM 100998   2979094    1.00    1.00    0.00    0.00    2.00    10  postgres

04:11:22 PM   UID       PID    %usr %system  %guest   %wait    %CPU   CPU  Command
04:11:23 PM 100998   2977709    0.00    0.00    0.00    0.00    0.00    14  postgres
04:11:23 PM 100998   2977710    0.00    0.00    0.00    0.00    0.00    10  postgres
04:11:23 PM 100998   2977712    0.00    0.00    0.00    0.00    0.00    12  postgres
04:11:23 PM 100998   2977713    0.00    0.00    0.00    0.00    0.00    14  postgres
04:11:23 PM 100998   2978821    1.00    1.00    0.00    0.00    2.00    10  postgres
04:11:23 PM 100998   2978974    1.00    0.00    0.00    0.00    1.00    10  postgres
04:11:23 PM 100998   2979055    1.00    1.00    0.00    0.00    2.00    10  postgres
04:11:23 PM 100998   2979087    1.00    1.00    0.00    0.00    2.00    12  postgres
04:11:23 PM 100998   2979088    0.00    0.00    0.00    0.00    0.00    14  postgres
04:11:23 PM 100998   2979089    0.00    0.00    0.00    0.00    0.00    12  postgres
04:11:23 PM 100998   2979090    1.00    1.00    0.00    0.00    2.00    14  postgres
04:11:23 PM 100998   2979091    0.00    1.00    0.00    0.00    1.00    12  postgres
04:11:23 PM 100998   2979092    1.00    1.00    0.00    0.00    2.00    10  postgres
04:11:23 PM 100998   2979093    0.00    1.00    0.00    0.00    1.00    10  postgres
04:11:23 PM 100998   2979094    0.00    0.00    0.00    0.00    0.00    12  postgres

04:11:23 PM   UID       PID    %usr %system  %guest   %wait    %CPU   CPU  Command
04:11:24 PM 100998   2977709    0.00    0.00    0.00    0.00    0.00    14  postgres
04:11:24 PM 100998   2977710    0.00    0.00    0.00    0.00    0.00    10  postgres
04:11:24 PM 100998   2977712    0.00    0.00    0.00    0.00    0.00    12  postgres
04:11:24 PM 100998   2977713    0.00    0.00    0.00    0.00    0.00    14  postgres
04:11:24 PM 100998   2978821    0.00    1.00    0.00    0.00    1.00    14  postgres
04:11:24 PM 100998   2978974    1.00    1.00    0.00    0.00    2.00    10  postgres
04:11:24 PM 100998   2979055    0.00    0.00    0.00    0.00    0.00    10  postgres
04:11:24 PM 100998   2979087    1.00    0.00    0.00    0.00    1.00    10  postgres
04:11:24 PM 100998   2979088    1.00    1.00    0.00    0.00    2.00    10  postgres
04:11:24 PM 100998   2979089    1.00    1.00    0.00    0.00    2.00    12  postgres
04:11:24 PM 100998   2979090    1.00    0.00    0.00    0.00    1.00    10  postgres
04:11:24 PM 100998   2979091    1.00    0.00    0.00    0.00    1.00    12  postgres
04:11:24 PM 100998   2979092    0.00    1.00    0.00    0.00    1.00    12  postgres
04:11:24 PM 100998   2979093    1.00    0.00    0.00    0.00    1.00    10  postgres
04:11:24 PM 100998   2979094    1.00    1.00    0.00    0.00    2.00    14  postgres

04:11:24 PM   UID       PID    %usr %system  %guest   %wait    %CPU   CPU  Command
04:11:25 PM 100998   2977709    0.00    0.00    0.00    0.00    0.00    14  postgres
04:11:25 PM 100998   2977710    0.00    0.00    0.00    0.00    0.00    10  postgres
04:11:25 PM 100998   2977712    0.00    0.00    0.00    0.00    0.00    12  postgres
04:11:25 PM 100998   2977713    0.00    0.00    0.00    0.00    0.00    14  postgres
04:11:25 PM 100998   2978821    1.00    0.00    0.00    0.00    1.00    12  postgres
04:11:25 PM 100998   2978974    0.00    0.00    0.00    0.00    0.00    12  postgres
04:11:25 PM 100998   2979055    1.00    1.00    0.00    0.00    2.00    14  postgres
04:11:25 PM 100998   2979087    1.00    1.00    0.00    0.00    2.00    12  postgres
04:11:25 PM 100998   2979088    1.00    0.00    0.00    0.00    1.00    14  postgres
04:11:25 PM 100998   2979089    1.00    0.00    0.00    0.00    1.00    10  postgres
04:11:25 PM 100998   2979090    0.00    1.00    0.00    0.00    1.00    12  postgres
04:11:25 PM 100998   2979091    0.00    1.00    0.00    0.00    1.00    10  postgres
04:11:25 PM 100998   2979092    1.00    0.00    0.00    0.00    1.00    14  postgres
04:11:25 PM 100998   2979093    0.00    1.00    0.00    0.00    1.00    14  postgres
04:11:25 PM 100998   2979094    1.00    0.00    0.00    0.00    1.00    10  postgres

04:11:25 PM   UID       PID    %usr %system  %guest   %wait    %CPU   CPU  Command
04:11:26 PM 100998   2977709    0.00    0.00    0.00    0.00    0.00    14  postgres
04:11:26 PM 100998   2977710    0.00    0.00    0.00    0.00    0.00    12  postgres
04:11:26 PM 100998   2977712    0.00    0.00    0.00    0.00    0.00    12  postgres
04:11:26 PM 100998   2977713    0.00    0.00    0.00    0.00    0.00    14  postgres
04:11:26 PM 100998   2978821    0.00    1.00    0.00    0.00    1.00    10  postgres
04:11:26 PM 100998   2978974    1.00    1.00    0.00    0.00    2.00    10  postgres
04:11:26 PM 100998   2979055    1.00    1.00    0.00    0.00    2.00    12  postgres
04:11:26 PM 100998   2979087    1.00    0.00    0.00    0.00    1.00    12  postgres
04:11:26 PM 100998   2979088    1.00    0.00    0.00    0.00    1.00    10  postgres
04:11:26 PM 100998   2979089    1.00    0.00    0.00    0.00    1.00    14  postgres
04:11:26 PM 100998   2979090    1.00    0.00    0.00    0.00    1.00    10  postgres
04:11:26 PM 100998   2979091    1.00    0.00    0.00    0.00    1.00    10  postgres
04:11:26 PM 100998   2979092    0.00    0.00    0.00    0.00    0.00    10  postgres
04:11:26 PM 100998   2979093    1.00    0.00    0.00    0.00    1.00    14  postgres
04:11:26 PM 100998   2979094    1.00    0.00    0.00    0.00    1.00    10  postgres

04:11:26 PM   UID       PID    %usr %system  %guest   %wait    %CPU   CPU  Command
04:11:27 PM 100998   2977709    0.00    0.00    0.00    0.00    0.00    14  postgres
04:11:27 PM 100998   2977710    0.00    0.00    0.00    0.00    0.00    12  postgres
04:11:27 PM 100998   2977712    0.00    0.00    0.00    0.00    0.00    12  postgres
04:11:27 PM 100998   2977713    0.00    0.00    0.00    0.00    0.00    14  postgres
04:11:27 PM 100998   2978821    1.00    1.00    0.00    0.00    2.00    14  postgres
04:11:27 PM 100998   2978974    1.00    0.00    0.00    0.00    1.00    14  postgres
04:11:27 PM 100998   2979055    1.00    0.00    0.00    0.00    1.00    10  postgres
04:11:27 PM 100998   2979087    1.00    1.00    0.00    0.00    2.00    12  postgres
04:11:27 PM 100998   2979088    1.00    1.00    0.00    0.00    2.00    10  postgres
04:11:27 PM 100998   2979089    1.00    1.00    0.00    0.00    2.00    12  postgres
04:11:27 PM 100998   2979090    0.00    1.00    0.00    0.00    1.00    14  postgres
04:11:27 PM 100998   2979091    1.00    1.00    0.00    0.00    2.00    12  postgres
04:11:27 PM 100998   2979092    1.00    1.00    0.00    0.00    2.00    10  postgres
04:11:27 PM 100998   2979093    1.00    1.00    0.00    0.00    2.00    12  postgres
04:11:27 PM 100998   2979094    1.00    1.00    0.00    0.00    2.00    10  postgres

04:11:27 PM   UID       PID    %usr %system  %guest   %wait    %CPU   CPU  Command
04:11:28 PM 100998   2977709    0.00    0.00    0.00    0.00    0.00    14  postgres
04:11:28 PM 100998   2977710    0.00    0.00    0.00    0.00    0.00    12  postgres
04:11:28 PM 100998   2977712    0.00    0.00    0.00    0.00    0.00    12  postgres
04:11:28 PM 100998   2977713    0.00    0.00    0.00    0.00    0.00    14  postgres
04:11:28 PM 100998   2978821    0.00    0.00    0.00    0.00    0.00    12  postgres
04:11:28 PM 100998   2978974    1.00    1.00    0.00    0.00    2.00    10  postgres
04:11:28 PM 100998   2979055    0.00    1.00    0.00    0.00    1.00    14  postgres
04:11:28 PM 100998   2979087    0.00    0.00    0.00    0.00    0.00    14  postgres
04:11:28 PM 100998   2979088    0.00    0.00    0.00    0.00    0.00    12  postgres
04:11:28 PM 100998   2979089    1.00    0.00    0.00    0.00    1.00    14  postgres
04:11:28 PM 100998   2979090    1.00    0.00    0.00    0.00    1.00    10  postgres
04:11:28 PM 100998   2979091    0.00    0.00    0.00    0.00    0.00    14  postgres
04:11:28 PM 100998   2979092    1.00    1.00    0.00    0.00    2.00    10  postgres
04:11:28 PM 100998   2979093    0.00    0.00    0.00    0.00    0.00    14  postgres
04:11:28 PM 100998   2979094    0.00    0.00    0.00    0.00    0.00    12  postgres

04:11:28 PM   UID       PID    %usr %system  %guest   %wait    %CPU   CPU  Command
04:11:29 PM 100998   2977709    0.00    0.00    0.00    0.00    0.00    14  postgres
04:11:29 PM 100998   2977710    0.00    0.00    0.00    0.00    0.00    12  postgres
04:11:29 PM 100998   2977712    0.00    0.00    0.00    0.00    0.00    12  postgres
04:11:29 PM 100998   2977713    0.00    0.00    0.00    0.00    0.00    14  postgres
04:11:29 PM 100998   2978821    1.00    1.00    0.00    0.00    2.00    12  postgres
04:11:29 PM 100998   2978974    1.00    0.00    0.00    0.00    1.00    10  postgres
04:11:29 PM 100998   2979055    1.00    0.00    0.00    0.00    1.00    14  postgres
04:11:29 PM 100998   2979087    1.00    1.00    0.00    0.00    2.00    14  postgres
04:11:29 PM 100998   2979088    1.00    1.00    0.00    0.00    2.00    10  postgres
04:11:29 PM 100998   2979089    0.00    1.00    0.00    0.00    1.00    12  postgres
04:11:29 PM 100998   2979090    1.00    0.00    0.00    0.00    1.00    10  postgres
04:11:29 PM 100998   2979091    0.00    1.00    0.00    0.00    1.00    14  postgres
04:11:29 PM 100998   2979092    0.00    0.00    0.00    0.00    0.00    12  postgres
04:11:29 PM 100998   2979093    1.00    1.00    0.00    0.00    2.00    10  postgres
04:11:29 PM 100998   2979094    1.00    0.00    0.00    0.00    1.00    10  postgres

04:11:29 PM   UID       PID    %usr %system  %guest   %wait    %CPU   CPU  Command
04:11:30 PM 100998   2977709    0.00    0.00    0.00    0.00    0.00    14  postgres
04:11:30 PM 100998   2977710    0.00    0.00    0.00    0.00    0.00    12  postgres
04:11:30 PM 100998   2977712    0.00    0.00    0.00    0.00    0.00    12  postgres
04:11:30 PM 100998   2977713    0.00    0.00    0.00    0.00    0.00    14  postgres
04:11:30 PM 100998   2978821    1.00    0.00    0.00    0.00    1.00    14  postgres
04:11:30 PM 100998   2978974    0.00    1.00    0.00    0.00    1.00    12  postgres
04:11:30 PM 100998   2979055    1.00    1.00    0.00    0.00    2.00    12  postgres
04:11:30 PM 100998   2979087    0.00    0.00    0.00    0.00    0.00    12  postgres
04:11:30 PM 100998   2979088    1.00    0.00    0.00    0.00    1.00    12  postgres
04:11:30 PM 100998   2979089    1.00    1.00    0.00    0.00    2.00    12  postgres
04:11:30 PM 100998   2979090    1.00    1.00    0.00    0.00    2.00    10  postgres
04:11:30 PM 100998   2979091    1.00    1.00    0.00    0.00    2.00    12  postgres
04:11:30 PM 100998   2979092    1.00    0.00    0.00    0.00    1.00    12  postgres
04:11:30 PM 100998   2979093    1.00    0.00    0.00    0.00    1.00    14  postgres
04:11:30 PM 100998   2979094    1.00    0.00    0.00    0.00    1.00    12  postgres

04:11:30 PM   UID       PID    %usr %system  %guest   %wait    %CPU   CPU  Command
04:11:31 PM 100998   2977709    0.00    0.00    0.00    0.00    0.00    14  postgres
04:11:31 PM 100998   2977710    0.00    0.00    0.00    0.00    0.00    12  postgres
04:11:31 PM 100998   2977712    0.00    0.00    0.00    0.00    0.00    12  postgres
04:11:31 PM 100998   2977713    0.00    0.00    0.00    0.00    0.00    14  postgres
04:11:31 PM 100998   2978821    1.00    1.00    0.00    0.00    2.00    12  postgres
04:11:31 PM 100998   2978974    1.00    1.00    0.00    0.00    2.00    10  postgres
04:11:31 PM 100998   2979055    0.00    1.00    0.00    0.00    1.00    14  postgres
04:11:31 PM 100998   2979087    1.00    1.00    0.00    0.00    2.00    12  postgres
04:11:31 PM 100998   2979088    1.00    0.00    0.00    0.00    1.00    12  postgres
04:11:31 PM 100998   2979089    1.00    0.00    0.00    0.00    1.00    10  postgres
04:11:31 PM 100998   2979090    0.00    1.00    0.00    0.00    1.00    10  postgres
04:11:31 PM 100998   2979091    0.00    0.00    0.00    0.00    0.00    12  postgres
04:11:31 PM 100998   2979092    0.00    1.00    0.00    0.00    1.00    10  postgres
04:11:31 PM 100998   2979093    0.00    0.00    0.00    0.00    0.00    14  postgres
04:11:31 PM 100998   2979094    0.00    1.00    0.00    0.00    1.00    10  postgres

04:11:31 PM   UID       PID    %usr %system  %guest   %wait    %CPU   CPU  Command
04:11:32 PM 100998   2977709    0.00    0.00    0.00    0.00    0.00    14  postgres
04:11:32 PM 100998   2977710    0.00    0.00    0.00    0.00    0.00    12  postgres
04:11:32 PM 100998   2977712    0.00    0.00    0.00    0.00    0.00    12  postgres
04:11:32 PM 100998   2977713    0.00    0.00    0.00    0.00    0.00    14  postgres
04:11:32 PM 100998   2978821    0.00    0.00    0.00    0.00    0.00    14  postgres
04:11:32 PM 100998   2978974    0.00    0.00    0.00    0.00    0.00    14  postgres
04:11:32 PM 100998   2979055    0.00    0.00    0.00    0.00    0.00    12  postgres
04:11:32 PM 100998   2979087    0.00    0.00    0.00    0.00    0.00    14  postgres
04:11:32 PM 100998   2979088    0.00    0.00    0.00    0.00    0.00    12  postgres
04:11:32 PM 100998   2979089    0.00    0.00    0.00    0.00    0.00    10  postgres
04:11:32 PM 100998   2979090    0.00    0.00    0.00    0.00    0.00    10  postgres
04:11:32 PM 100998   2979091    0.00    0.00    0.00    0.00    0.00    14  postgres
04:11:32 PM 100998   2979092    0.00    0.00    0.00    0.00    0.00    10  postgres
04:11:32 PM 100998   2979093    0.00    0.00    0.00    0.00    0.00    14  postgres
04:11:32 PM 100998   2979094    0.00    0.00    0.00    0.00    0.00    12  postgres

04:11:32 PM   UID       PID    %usr %system  %guest   %wait    %CPU   CPU  Command
04:11:33 PM 100998   2977709    0.00    0.00    0.00    0.00    0.00    14  postgres
04:11:33 PM 100998   2977710    0.00    0.00    0.00    0.00    0.00    12  postgres
04:11:33 PM 100998   2977712    0.00    0.00    0.00    0.00    0.00    12  postgres
04:11:33 PM 100998   2977713    0.00    0.00    0.00    0.00    0.00    14  postgres
04:11:33 PM 100998   2978821    0.00    0.00    0.00    0.00    0.00    14  postgres
04:11:33 PM 100998   2978974    0.00    0.00    0.00    0.00    0.00    14  postgres
04:11:33 PM 100998   2979055    0.00    0.00    0.00    0.00    0.00    12  postgres
04:11:33 PM 100998   2979087    0.00    0.00    0.00    0.00    0.00    14  postgres
04:11:33 PM 100998   2979088    0.00    0.00    0.00    0.00    0.00    12  postgres
04:11:33 PM 100998   2979089    0.00    0.00    0.00    0.00    0.00    10  postgres
04:11:33 PM 100998   2979090    0.00    0.00    0.00    0.00    0.00    10  postgres
04:11:33 PM 100998   2979091    0.00    0.00    0.00    0.00    0.00    14  postgres
04:11:33 PM 100998   2979092    0.00    0.00    0.00    0.00    0.00    10  postgres
04:11:33 PM 100998   2979093    0.00    0.00    0.00    0.00    0.00    14  postgres
04:11:33 PM 100998   2979094    0.00    0.00    0.00    0.00    0.00    12  postgres

04:11:33 PM   UID       PID    %usr %system  %guest   %wait    %CPU   CPU  Command
04:11:34 PM 100998   2977709    0.00    0.00    0.00    0.00    0.00    14  postgres
04:11:34 PM 100998   2977710    0.00    0.00    0.00    0.00    0.00    12  postgres
04:11:34 PM 100998   2977712    0.00    0.00    0.00    0.00    0.00    12  postgres
04:11:34 PM 100998   2977713    0.00    0.00    0.00    0.00    0.00    14  postgres
04:11:34 PM 100998   2978821    0.00    0.00    0.00    0.00    0.00    14  postgres
04:11:34 PM 100998   2978974    0.00    0.00    0.00    0.00    0.00    14  postgres
04:11:34 PM 100998   2979055    0.00    0.00    0.00    0.00    0.00    12  postgres
04:11:34 PM 100998   2979087    0.00    0.00    0.00    0.00    0.00    14  postgres
04:11:34 PM 100998   2979088    0.00    0.00    0.00    0.00    0.00    12  postgres
04:11:34 PM 100998   2979089    0.00    0.00    0.00    0.00    0.00    10  postgres
04:11:34 PM 100998   2979090    0.00    0.00    0.00    0.00    0.00    10  postgres
04:11:34 PM 100998   2979091    0.00    0.00    0.00    0.00    0.00    14  postgres
04:11:34 PM 100998   2979092    0.00    0.00    0.00    0.00    0.00    10  postgres
04:11:34 PM 100998   2979093    0.00    0.00    0.00    0.00    0.00    14  postgres
04:11:34 PM 100998   2979094    0.00    0.00    0.00    0.00    0.00    12  postgres

04:11:34 PM   UID       PID    %usr %system  %guest   %wait    %CPU   CPU  Command
04:11:35 PM 100998   2977709    0.00    0.00    0.00    0.00    0.00    14  postgres
04:11:35 PM 100998   2977710    0.00    0.00    0.00    0.00    0.00    12  postgres
04:11:35 PM 100998   2977712    0.00    0.00    0.00    0.00    0.00    12  postgres
04:11:35 PM 100998   2977713    0.00    0.00    0.00    0.00    0.00    14  postgres
04:11:35 PM 100998   2978821    0.00    0.00    0.00    0.00    0.00    14  postgres
04:11:35 PM 100998   2978974    0.00    0.00    0.00    0.00    0.00    14  postgres
04:11:35 PM 100998   2979055    0.00    0.00    0.00    0.00    0.00    12  postgres
04:11:35 PM 100998   2979087    0.00    0.00    0.00    0.00    0.00    14  postgres
04:11:35 PM 100998   2979088    0.00    0.00    0.00    0.00    0.00    12  postgres
04:11:35 PM 100998   2979089    0.00    0.00    0.00    0.00    0.00    10  postgres
04:11:35 PM 100998   2979090    0.00    0.00    0.00    0.00    0.00    10  postgres
04:11:35 PM 100998   2979091    0.00    0.00    0.00    0.00    0.00    14  postgres
04:11:35 PM 100998   2979092    0.00    0.00    0.00    0.00    0.00    10  postgres
04:11:35 PM 100998   2979093    0.00    0.00    0.00    0.00    0.00    14  postgres
04:11:35 PM 100998   2979094    0.00    0.00    0.00    0.00    0.00    12  postgres
