Linux 5.14.0-570.60.1.el9_6.x86_64 *****) 	03/24/2026 	_x86_64_	(64 CPU)

03:46:27 PM   UID       PID    %usr %system  %guest   %wait    %CPU   CPU  Command
03:46:28 PM 100998   2961984    0.00    0.00    0.00    0.00    0.00    12  postgres
03:46:28 PM 100998   2961985    0.00    0.00    0.00    0.00    0.00    10  postgres
03:46:28 PM 100998   2961987    0.00    0.00    0.00    0.00    0.00    12  postgres
03:46:28 PM 100998   2961988    0.00    0.00    0.00    0.00    0.00    14  postgres
03:46:28 PM 100998   2962257    0.00    0.00    0.00    0.00    0.00    12  postgres

03:46:28 PM   UID       PID    %usr %system  %guest   %wait    %CPU   CPU  Command
03:46:29 PM 100998   2961984    0.00    0.00    0.00    0.00    0.00    12  postgres
03:46:29 PM 100998   2961985    0.00    0.00    0.00    0.00    0.00    10  postgres
03:46:29 PM 100998   2961987    0.00    0.00    0.00    0.00    0.00    12  postgres
03:46:29 PM 100998   2961988    0.00    0.00    0.00    0.00    0.00    14  postgres
03:46:29 PM 100998   2962257    0.00    0.00    0.00    0.00    0.00    12  postgres

03:46:29 PM   UID       PID    %usr %system  %guest   %wait    %CPU   CPU  Command
03:46:30 PM 100998   2961984    0.00    0.00    0.00    0.00    0.00    12  postgres
03:46:30 PM 100998   2961985    0.00    0.00    0.00    0.00    0.00    10  postgres
03:46:30 PM 100998   2961987    0.00    0.00    0.00    0.00    0.00    12  postgres
03:46:30 PM 100998   2961988    0.00    0.00    0.00    0.00    0.00    14  postgres
03:46:30 PM 100998   2962257    0.00    0.00    0.00    0.00    0.00    12  postgres

03:46:30 PM   UID       PID    %usr %system  %guest   %wait    %CPU   CPU  Command
03:46:31 PM 100998   2961984    0.00    0.00    0.00    0.00    0.00    12  postgres
03:46:31 PM 100998   2961985    0.00    0.00    0.00    0.00    0.00    10  postgres
03:46:31 PM 100998   2961987    0.00    0.00    0.00    0.00    0.00    12  postgres
03:46:31 PM 100998   2961988    0.00    0.00    0.00    0.00    0.00    14  postgres
03:46:31 PM 100998   2962257    0.00    0.00    0.00    0.00    0.00    12  postgres

03:46:31 PM   UID       PID    %usr %system  %guest   %wait    %CPU   CPU  Command
03:46:32 PM 100998   2961984    0.00    0.00    0.00    0.00    0.00    12  postgres
03:46:32 PM 100998   2961985    0.00    0.00    0.00    0.00    0.00    10  postgres
03:46:32 PM 100998   2961987    0.00    0.00    0.00    0.00    0.00    12  postgres
03:46:32 PM 100998   2961988    0.00    0.00    0.00    0.00    0.00    14  postgres
03:46:32 PM 100998   2962257    0.00    0.00    0.00    0.00    0.00    12  postgres

03:46:32 PM   UID       PID    %usr %system  %guest   %wait    %CPU   CPU  Command
03:46:33 PM 100998   2961984    0.00    0.00    0.00    0.00    0.00    12  postgres
03:46:33 PM 100998   2961985    0.00    0.00    0.00    0.00    0.00    10  postgres
03:46:33 PM 100998   2961987    0.00    0.00    0.00    0.00    0.00    12  postgres
03:46:33 PM 100998   2961988    0.00    0.00    0.00    0.00    0.00    14  postgres
03:46:33 PM 100998   2962257    0.00    0.00    0.00    0.00    0.00    12  postgres

03:46:33 PM   UID       PID    %usr %system  %guest   %wait    %CPU   CPU  Command
03:46:34 PM 100998   2961984    0.00    0.00    0.00    0.00    0.00    12  postgres
03:46:34 PM 100998   2961985    0.00    0.00    0.00    0.00    0.00    10  postgres
03:46:34 PM 100998   2961987    0.00    0.00    0.00    0.00    0.00    12  postgres
03:46:34 PM 100998   2961988    0.00    0.00    0.00    0.00    0.00    14  postgres
03:46:34 PM 100998   2962257    1.00    0.00    0.00    0.00    1.00    14  postgres

03:46:34 PM   UID       PID    %usr %system  %guest   %wait    %CPU   CPU  Command
03:46:35 PM 100998   2961984    0.00    0.00    0.00    0.00    0.00    12  postgres
03:46:35 PM 100998   2961985    0.00    0.00    0.00    0.00    0.00    12  postgres
03:46:35 PM 100998   2961987    0.00    0.00    0.00    0.00    0.00    12  postgres
03:46:35 PM 100998   2961988    0.00    0.00    0.00    0.00    0.00    14  postgres
03:46:35 PM 100998   2962257    2.00    2.00    0.00    0.00    4.00    12  postgres

03:46:35 PM   UID       PID    %usr %system  %guest   %wait    %CPU   CPU  Command
03:46:36 PM 100998   2961984    0.00    0.00    0.00    0.00    0.00    12  postgres
03:46:36 PM 100998   2961985    0.00    0.00    0.00    0.00    0.00    12  postgres
03:46:36 PM 100998   2961987    0.00    0.00    0.00    0.00    0.00    14  postgres
03:46:36 PM 100998   2961988    0.00    0.00    0.00    0.00    0.00    14  postgres
03:46:36 PM 100998   2962257    3.00    1.00    0.00    0.00    4.00    14  postgres

03:46:36 PM   UID       PID    %usr %system  %guest   %wait    %CPU   CPU  Command
03:46:37 PM 100998   2961984    0.00    0.00    0.00    0.00    0.00    12  postgres
03:46:37 PM 100998   2961985    0.00    0.00    0.00    0.00    0.00    12  postgres
03:46:37 PM 100998   2961987    0.00    0.00    0.00    0.00    0.00    14  postgres
03:46:37 PM 100998   2961988    0.00    0.00    0.00    0.00    0.00    14  postgres
03:46:37 PM 100998   2962257    3.00    1.00    0.00    0.00    4.00    12  postgres

03:46:37 PM   UID       PID    %usr %system  %guest   %wait    %CPU   CPU  Command
03:46:38 PM 100998   2961984    0.00    0.00    0.00    0.00    0.00    12  postgres
03:46:38 PM 100998   2961985    0.00    0.00    0.00    0.00    0.00    10  postgres
03:46:38 PM 100998   2961987    0.00    0.00    0.00    0.00    0.00    14  postgres
03:46:38 PM 100998   2961988    0.00    0.00    0.00    0.00    0.00    14  postgres
03:46:38 PM 100998   2962257    3.00    1.00    0.00    0.00    4.00    14  postgres

03:46:38 PM   UID       PID    %usr %system  %guest   %wait    %CPU   CPU  Command
03:46:39 PM 100998   2961984    0.00    0.00    0.00    0.00    0.00    12  postgres
03:46:39 PM 100998   2961985    0.00    0.00    0.00    0.00    0.00    10  postgres
03:46:39 PM 100998   2961987    0.00    0.00    0.00    0.00    0.00    14  postgres
03:46:39 PM 100998   2961988    0.00    0.00    0.00    0.00    0.00    14  postgres
03:46:39 PM 100998   2962257    3.00    1.00    0.00    0.00    4.00    12  postgres

03:46:39 PM   UID       PID    %usr %system  %guest   %wait    %CPU   CPU  Command
03:46:40 PM 100998   2961984    0.00    0.00    0.00    0.00    0.00    12  postgres
03:46:40 PM 100998   2961985    0.00    0.00    0.00    0.00    0.00    10  postgres
03:46:40 PM 100998   2961987    0.00    0.00    0.00    0.00    0.00    14  postgres
03:46:40 PM 100998   2961988    0.00    0.00    0.00    0.00    0.00    14  postgres
03:46:40 PM 100998   2962257    3.00    1.00    0.00    0.00    4.00    10  postgres

03:46:40 PM   UID       PID    %usr %system  %guest   %wait    %CPU   CPU  Command
03:46:41 PM 100998   2961984    0.00    0.00    0.00    0.00    0.00    12  postgres
03:46:41 PM 100998   2961985    0.00    0.00    0.00    0.00    0.00    14  postgres
03:46:41 PM 100998   2961987    0.00    0.00    0.00    0.00    0.00    14  postgres
03:46:41 PM 100998   2961988    0.00    0.00    0.00    0.00    0.00    14  postgres
03:46:41 PM 100998   2962257    3.00    2.00    0.00    0.00    5.00    14  postgres

03:46:41 PM   UID       PID    %usr %system  %guest   %wait    %CPU   CPU  Command
03:46:42 PM 100998   2961984    0.00    0.00    0.00    0.00    0.00    12  postgres
03:46:42 PM 100998   2961985    0.00    0.00    0.00    0.00    0.00    14  postgres
03:46:42 PM 100998   2961987    0.00    0.00    0.00    0.00    0.00    14  postgres
03:46:42 PM 100998   2961988    0.00    0.00    0.00    0.00    0.00    14  postgres
03:46:42 PM 100998   2962257    3.00    1.00    0.00    0.00    4.00    14  postgres

03:46:42 PM   UID       PID    %usr %system  %guest   %wait    %CPU   CPU  Command
03:46:43 PM 100998   2961984    0.00    0.00    0.00    0.00    0.00    12  postgres
03:46:43 PM 100998   2961985    0.00    0.00    0.00    0.00    0.00    14  postgres
03:46:43 PM 100998   2961987    0.00    0.00    0.00    0.00    0.00    14  postgres
03:46:43 PM 100998   2961988    0.00    0.00    0.00    0.00    0.00    14  postgres
03:46:43 PM 100998   2962257    3.00    2.00    0.00    0.00    5.00    14  postgres

03:46:43 PM   UID       PID    %usr %system  %guest   %wait    %CPU   CPU  Command
03:46:44 PM 100998   2961984    0.00    0.00    0.00    0.00    0.00    12  postgres
03:46:44 PM 100998   2961985    0.00    0.00    0.00    0.00    0.00    12  postgres
03:46:44 PM 100998   2961987    0.00    0.00    0.00    0.00    0.00    14  postgres
03:46:44 PM 100998   2961988    0.00    0.00    0.00    0.00    0.00    14  postgres
03:46:44 PM 100998   2962257    3.00    2.00    0.00    0.00    5.00    14  postgres

03:46:44 PM   UID       PID    %usr %system  %guest   %wait    %CPU   CPU  Command
03:46:45 PM 100998   2961984    0.00    0.00    0.00    0.00    0.00    12  postgres
03:46:45 PM 100998   2961985    0.00    0.00    0.00    0.00    0.00    14  postgres
03:46:45 PM 100998   2961987    0.00    0.00    0.00    0.00    0.00    14  postgres
03:46:45 PM 100998   2961988    0.00    0.00    0.00    0.00    0.00    14  postgres
03:46:45 PM 100998   2962257    3.00    1.00    0.00    0.00    4.00    14  postgres

03:46:45 PM   UID       PID    %usr %system  %guest   %wait    %CPU   CPU  Command
03:46:46 PM 100998   2961984    0.00    0.00    0.00    0.00    0.00    12  postgres
03:46:46 PM 100998   2961985    0.00    0.00    0.00    0.00    0.00    14  postgres
03:46:46 PM 100998   2961987    0.00    0.00    0.00    0.00    0.00    14  postgres
03:46:46 PM 100998   2961988    0.00    0.00    0.00    0.00    0.00    14  postgres
03:46:46 PM 100998   2962257    3.00    3.00    0.00    0.00    6.00    14  postgres

03:46:46 PM   UID       PID    %usr %system  %guest   %wait    %CPU   CPU  Command
03:46:47 PM 100998   2961984    0.00    0.00    0.00    0.00    0.00    12  postgres
03:46:47 PM 100998   2961985    0.00    0.00    0.00    0.00    0.00    14  postgres
03:46:47 PM 100998   2961987    0.00    0.00    0.00    0.00    0.00    14  postgres
03:46:47 PM 100998   2961988    0.00    0.00    0.00    0.00    0.00    14  postgres
03:46:47 PM 100998   2962257    3.00    1.00    0.00    0.00    4.00    12  postgres

03:46:47 PM   UID       PID    %usr %system  %guest   %wait    %CPU   CPU  Command
03:46:48 PM 100998   2961984    0.00    0.00    0.00    0.00    0.00    12  postgres
03:46:48 PM 100998   2961985    0.00    0.00    0.00    0.00    0.00    14  postgres
03:46:48 PM 100998   2961987    0.00    0.00    0.00    0.00    0.00    14  postgres
03:46:48 PM 100998   2961988    0.00    0.00    0.00    0.00    0.00    14  postgres
03:46:48 PM 100998   2962257    3.00    2.00    0.00    0.00    5.00    12  postgres

03:46:48 PM   UID       PID    %usr %system  %guest   %wait    %CPU   CPU  Command
03:46:49 PM 100998   2961984    0.00    0.00    0.00    0.00    0.00    12  postgres
03:46:49 PM 100998   2961985    0.00    0.00    0.00    0.00    0.00    14  postgres
03:46:49 PM 100998   2961987    0.00    0.00    0.00    0.00    0.00    14  postgres
03:46:49 PM 100998   2961988    0.00    0.00    0.00    0.00    0.00    14  postgres
03:46:49 PM 100998   2962257    3.00    2.00    0.00    0.00    5.00    12  postgres

03:46:49 PM   UID       PID    %usr %system  %guest   %wait    %CPU   CPU  Command
03:46:50 PM 100998   2961984    0.00    0.00    0.00    0.00    0.00    12  postgres
03:46:50 PM 100998   2961985    0.00    0.00    0.00    0.00    0.00    10  postgres
03:46:50 PM 100998   2961987    0.00    0.00    0.00    0.00    0.00    14  postgres
03:46:50 PM 100998   2961988    0.00    0.00    0.00    0.00    0.00    14  postgres
03:46:50 PM 100998   2962257    2.00    1.00    0.00    0.00    3.00    12  postgres

03:46:50 PM   UID       PID    %usr %system  %guest   %wait    %CPU   CPU  Command
03:46:51 PM 100998   2961984    0.00    0.00    0.00    0.00    0.00    12  postgres
03:46:51 PM 100998   2961985    0.00    0.00    0.00    0.00    0.00    10  postgres
03:46:51 PM 100998   2961987    0.00    0.00    0.00    0.00    0.00    14  postgres
03:46:51 PM 100998   2961988    0.00    0.00    0.00    0.00    0.00    14  postgres
03:46:51 PM 100998   2962257    2.00    2.00    0.00    0.00    4.00    12  postgres

03:46:51 PM   UID       PID    %usr %system  %guest   %wait    %CPU   CPU  Command
03:46:52 PM 100998   2961984    0.00    0.00    0.00    0.00    0.00    12  postgres
03:46:52 PM 100998   2961985    0.00    0.00    0.00    0.00    0.00    12  postgres
03:46:52 PM 100998   2961987    0.00    0.00    0.00    0.00    0.00    14  postgres
03:46:52 PM 100998   2961988    0.00    0.00    0.00    0.00    0.00    14  postgres
03:46:52 PM 100998   2962257    2.00    2.00    0.00    0.00    4.00    12  postgres

03:46:52 PM   UID       PID    %usr %system  %guest   %wait    %CPU   CPU  Command
03:46:53 PM 100998   2961984    0.00    0.00    0.00    0.00    0.00    12  postgres
03:46:53 PM 100998   2961985    0.00    0.00    0.00    0.00    0.00    12  postgres
03:46:53 PM 100998   2961987    0.00    0.00    0.00    0.00    0.00    14  postgres
03:46:53 PM 100998   2961988    0.00    0.00    0.00    0.00    0.00    14  postgres
03:46:53 PM 100998   2962257    2.00    2.00    0.00    0.00    4.00    14  postgres

03:46:53 PM   UID       PID    %usr %system  %guest   %wait    %CPU   CPU  Command
03:46:54 PM 100998   2961984    0.00    0.00    0.00    0.00    0.00    12  postgres
03:46:54 PM 100998   2961985    0.00    0.00    0.00    0.00    0.00    10  postgres
03:46:54 PM 100998   2961987    0.00    0.00    0.00    0.00    0.00    14  postgres
03:46:54 PM 100998   2961988    0.00    0.00    0.00    0.00    0.00    14  postgres
03:46:54 PM 100998   2962257    2.00    1.00    0.00    0.00    3.00    14  postgres

03:46:54 PM   UID       PID    %usr %system  %guest   %wait    %CPU   CPU  Command
03:46:55 PM 100998   2961984    0.00    0.00    0.00    0.00    0.00    12  postgres
03:46:55 PM 100998   2961985    0.00    0.00    0.00    0.00    0.00    10  postgres
03:46:55 PM 100998   2961987    0.00    0.00    0.00    0.00    0.00    14  postgres
03:46:55 PM 100998   2961988    0.00    0.00    0.00    0.00    0.00    14  postgres
03:46:55 PM 100998   2962257    2.00    1.00    0.00    0.00    3.00    14  postgres

03:46:55 PM   UID       PID    %usr %system  %guest   %wait    %CPU   CPU  Command
03:46:56 PM 100998   2961984    0.00    0.00    0.00    0.00    0.00    12  postgres
03:46:56 PM 100998   2961985    0.00    0.00    0.00    0.00    0.00    14  postgres
03:46:56 PM 100998   2961987    0.00    0.00    0.00    0.00    0.00    14  postgres
03:46:56 PM 100998   2961988    0.00    0.00    0.00    0.00    0.00    14  postgres
03:46:56 PM 100998   2962257    2.00    1.00    0.00    0.00    3.00    10  postgres

03:46:56 PM   UID       PID    %usr %system  %guest   %wait    %CPU   CPU  Command
03:46:57 PM 100998   2961984    0.00    0.00    0.00    0.00    0.00    12  postgres
03:46:57 PM 100998   2961985    0.00    0.00    0.00    0.00    0.00    14  postgres
03:46:57 PM 100998   2961987    0.00    0.00    0.00    0.00    0.00    14  postgres
03:46:57 PM 100998   2961988    0.00    0.00    0.00    0.00    0.00    14  postgres
03:46:57 PM 100998   2962257    2.00    1.00    0.00    0.00    3.00    10  postgres

03:46:57 PM   UID       PID    %usr %system  %guest   %wait    %CPU   CPU  Command
03:46:58 PM 100998   2961984    0.00    0.00    0.00    0.00    0.00    12  postgres
03:46:58 PM 100998   2961985    0.00    0.00    0.00    0.00    0.00    12  postgres
03:46:58 PM 100998   2961987    0.00    0.00    0.00    0.00    0.00    14  postgres
03:46:58 PM 100998   2961988    0.00    0.00    0.00    0.00    0.00    14  postgres
03:46:58 PM 100998   2962257    1.00    2.00    0.00    0.00    3.00    12  postgres

03:46:58 PM   UID       PID    %usr %system  %guest   %wait    %CPU   CPU  Command
03:46:59 PM 100998   2961984    0.00    0.00    0.00    0.00    0.00    12  postgres
03:46:59 PM 100998   2961985    0.00    0.00    0.00    0.00    0.00    10  postgres
03:46:59 PM 100998   2961987    0.00    0.00    0.00    0.00    0.00    14  postgres
03:46:59 PM 100998   2961988    0.00    0.00    0.00    0.00    0.00    14  postgres
03:46:59 PM 100998   2962257    2.00    1.00    0.00    0.00    3.00    12  postgres

03:46:59 PM   UID       PID    %usr %system  %guest   %wait    %CPU   CPU  Command
03:47:00 PM 100998   2961984    0.00    0.00    0.00    0.00    0.00    12  postgres
03:47:00 PM 100998   2961985    0.00    0.00    0.00    0.00    0.00    14  postgres
03:47:00 PM 100998   2961987    0.00    0.00    0.00    0.00    0.00    14  postgres
03:47:00 PM 100998   2961988    0.00    0.00    0.00    0.00    0.00    14  postgres
03:47:00 PM 100998   2962257    2.00    2.00    0.00    0.00    4.00    14  postgres

03:47:00 PM   UID       PID    %usr %system  %guest   %wait    %CPU   CPU  Command
03:47:01 PM 100998   2961984    0.00    0.00    0.00    0.00    0.00    12  postgres
03:47:01 PM 100998   2961985    0.00    0.00    0.00    0.00    0.00    14  postgres
03:47:01 PM 100998   2961987    0.00    0.00    0.00    0.00    0.00    14  postgres
03:47:01 PM 100998   2961988    0.00    0.00    0.00    0.00    0.00    14  postgres
03:47:01 PM 100998   2962257    2.00    2.00    0.00    0.00    4.00    10  postgres

03:47:01 PM   UID       PID    %usr %system  %guest   %wait    %CPU   CPU  Command
03:47:02 PM 100998   2961984    0.00    0.00    0.00    0.00    0.00    12  postgres
03:47:02 PM 100998   2961985    0.00    0.00    0.00    0.00    0.00    12  postgres
03:47:02 PM 100998   2961987    0.00    0.00    0.00    0.00    0.00    14  postgres
03:47:02 PM 100998   2961988    0.00    0.00    0.00    0.00    0.00    14  postgres
03:47:02 PM 100998   2962257    1.00    1.00    0.00    0.00    2.00    14  postgres

03:47:02 PM   UID       PID    %usr %system  %guest   %wait    %CPU   CPU  Command
03:47:03 PM 100998   2961984    0.00    0.00    0.00    0.00    0.00    12  postgres
03:47:03 PM 100998   2961985    0.00    0.00    0.00    0.00    0.00    12  postgres
03:47:03 PM 100998   2961987    0.00    0.00    0.00    0.00    0.00    14  postgres
03:47:03 PM 100998   2961988    0.00    0.00    0.00    0.00    0.00    14  postgres
03:47:03 PM 100998   2962257    3.00    1.00    0.00    0.00    4.00    10  postgres

03:47:03 PM   UID       PID    %usr %system  %guest   %wait    %CPU   CPU  Command
03:47:04 PM 100998   2961984    0.00    0.00    0.00    0.00    0.00    12  postgres
03:47:04 PM 100998   2961985    0.00    0.00    0.00    0.00    0.00    14  postgres
03:47:04 PM 100998   2961987    0.00    0.00    0.00    0.00    0.00    14  postgres
03:47:04 PM 100998   2961988    0.00    0.00    0.00    0.00    0.00    14  postgres
03:47:04 PM 100998   2962257    1.00    1.00    0.00    0.00    2.00    10  postgres

03:47:04 PM   UID       PID    %usr %system  %guest   %wait    %CPU   CPU  Command
03:47:05 PM 100998   2961984    0.00    0.00    0.00    0.00    0.00    12  postgres
03:47:05 PM 100998   2961985    0.00    0.00    0.00    0.00    0.00    12  postgres
03:47:05 PM 100998   2961987    0.00    0.00    0.00    0.00    0.00    14  postgres
03:47:05 PM 100998   2961988    0.00    0.00    0.00    0.00    0.00    14  postgres
03:47:05 PM 100998   2962257    2.00    1.00    0.00    0.00    3.00    12  postgres

03:47:05 PM   UID       PID    %usr %system  %guest   %wait    %CPU   CPU  Command
03:47:06 PM 100998   2961984    0.00    0.00    0.00    0.00    0.00    12  postgres
03:47:06 PM 100998   2961985    0.00    0.00    0.00    0.00    0.00    12  postgres
03:47:06 PM 100998   2961987    0.00    0.00    0.00    0.00    0.00    14  postgres
03:47:06 PM 100998   2961988    0.00    0.00    0.00    0.00    0.00    14  postgres
03:47:06 PM 100998   2962257    2.00    2.00    0.00    0.00    4.00    14  postgres

03:47:06 PM   UID       PID    %usr %system  %guest   %wait    %CPU   CPU  Command
03:47:07 PM 100998   2961984    0.00    0.00    0.00    0.00    0.00    12  postgres
03:47:07 PM 100998   2961985    0.00    0.00    0.00    0.00    0.00    12  postgres
03:47:07 PM 100998   2961987    0.00    0.00    0.00    0.00    0.00    14  postgres
03:47:07 PM 100998   2961988    0.00    0.00    0.00    0.00    0.00    14  postgres
03:47:07 PM 100998   2962257    2.00    1.00    0.00    0.00    3.00    14  postgres

03:47:07 PM   UID       PID    %usr %system  %guest   %wait    %CPU   CPU  Command
03:47:08 PM 100998   2961984    0.00    0.00    0.00    0.00    0.00    12  postgres
03:47:08 PM 100998   2961985    0.00    0.00    0.00    0.00    0.00    10  postgres
03:47:08 PM 100998   2961987    0.00    0.00    0.00    0.00    0.00    14  postgres
03:47:08 PM 100998   2961988    0.00    0.00    0.00    0.00    0.00    14  postgres
03:47:08 PM 100998   2962257    1.00    1.00    0.00    0.00    2.00    14  postgres

03:47:08 PM   UID       PID    %usr %system  %guest   %wait    %CPU   CPU  Command
03:47:09 PM 100998   2961984    0.00    0.00    0.00    0.00    0.00    12  postgres
03:47:09 PM 100998   2961985    0.00    0.00    0.00    0.00    0.00    10  postgres
03:47:09 PM 100998   2961987    0.00    0.00    0.00    0.00    0.00    14  postgres
03:47:09 PM 100998   2961988    0.00    0.00    0.00    0.00    0.00    14  postgres
03:47:09 PM 100998   2962257    2.00    2.00    0.00    0.00    4.00    10  postgres

03:47:09 PM   UID       PID    %usr %system  %guest   %wait    %CPU   CPU  Command
03:47:10 PM 100998   2961984    0.00    0.00    0.00    0.00    0.00    12  postgres
03:47:10 PM 100998   2961985    0.00    0.00    0.00    0.00    0.00    14  postgres
03:47:10 PM 100998   2961987    0.00    0.00    0.00    0.00    0.00    14  postgres
03:47:10 PM 100998   2961988    0.00    0.00    0.00    0.00    0.00    14  postgres
03:47:10 PM 100998   2962257    2.00    1.00    0.00    0.00    3.00    14  postgres

03:47:10 PM   UID       PID    %usr %system  %guest   %wait    %CPU   CPU  Command
03:47:11 PM 100998   2961984    0.00    0.00    0.00    0.00    0.00    12  postgres
03:47:11 PM 100998   2961985    0.00    0.00    0.00    0.00    0.00    14  postgres
03:47:11 PM 100998   2961987    0.00    0.00    0.00    0.00    0.00    14  postgres
03:47:11 PM 100998   2961988    0.00    0.00    0.00    0.00    0.00    14  postgres
03:47:11 PM 100998   2962257    2.00    2.00    0.00    0.00    4.00    10  postgres

03:47:11 PM   UID       PID    %usr %system  %guest   %wait    %CPU   CPU  Command
03:47:12 PM 100998   2961984    0.00    0.00    0.00    0.00    0.00    12  postgres
03:47:12 PM 100998   2961985    0.00    0.00    0.00    0.00    0.00    12  postgres
03:47:12 PM 100998   2961987    0.00    0.00    0.00    0.00    0.00    14  postgres
03:47:12 PM 100998   2961988    0.00    0.00    0.00    0.00    0.00    14  postgres
03:47:12 PM 100998   2962257    2.00    1.00    0.00    0.00    3.00    10  postgres

03:47:12 PM   UID       PID    %usr %system  %guest   %wait    %CPU   CPU  Command
03:47:13 PM 100998   2961984    0.00    0.00    0.00    0.00    0.00    12  postgres
03:47:13 PM 100998   2961985    0.00    0.00    0.00    0.00    0.00    10  postgres
03:47:13 PM 100998   2961987    0.00    0.00    0.00    0.00    0.00    14  postgres
03:47:13 PM 100998   2961988    0.00    0.00    0.00    0.00    0.00    14  postgres
03:47:13 PM 100998   2962257    2.00    2.00    0.00    0.00    4.00    10  postgres

03:47:13 PM   UID       PID    %usr %system  %guest   %wait    %CPU   CPU  Command
03:47:14 PM 100998   2961984    0.00    0.00    0.00    0.00    0.00    12  postgres
03:47:14 PM 100998   2961985    0.00    0.00    0.00    0.00    0.00    14  postgres
03:47:14 PM 100998   2961987    0.00    0.00    0.00    0.00    0.00    14  postgres
03:47:14 PM 100998   2961988    0.00    0.00    0.00    0.00    0.00    14  postgres
03:47:14 PM 100998   2962257    2.00    2.00    0.00    0.00    4.00    14  postgres

03:47:14 PM   UID       PID    %usr %system  %guest   %wait    %CPU   CPU  Command
03:47:15 PM 100998   2961984    0.00    0.00    0.00    0.00    0.00    12  postgres
03:47:15 PM 100998   2961985    0.00    0.00    0.00    0.00    0.00    12  postgres
03:47:15 PM 100998   2961987    0.00    0.00    0.00    0.00    0.00    14  postgres
03:47:15 PM 100998   2961988    0.00    0.00    0.00    0.00    0.00    14  postgres
03:47:15 PM 100998   2962257    2.00    1.00    0.00    0.00    3.00    12  postgres

03:47:15 PM   UID       PID    %usr %system  %guest   %wait    %CPU   CPU  Command
03:47:16 PM 100998   2961984    0.00    0.00    0.00    0.00    0.00    12  postgres
03:47:16 PM 100998   2961985    0.00    0.00    0.00    0.00    0.00    10  postgres
03:47:16 PM 100998   2961987    0.00    0.00    0.00    0.00    0.00    12  postgres
03:47:16 PM 100998   2961988    0.00    0.00    0.00    0.00    0.00    14  postgres
03:47:16 PM 100998   2962257    2.00    1.00    0.00    0.00    3.00    14  postgres

03:47:16 PM   UID       PID    %usr %system  %guest   %wait    %CPU   CPU  Command
03:47:17 PM 100998   2961984    0.00    0.00    0.00    0.00    0.00    12  postgres
03:47:17 PM 100998   2961985    0.00    0.00    0.00    0.00    0.00    14  postgres
03:47:17 PM 100998   2961987    0.00    0.00    0.00    0.00    0.00    12  postgres
03:47:17 PM 100998   2961988    0.00    0.00    0.00    0.00    0.00    14  postgres
03:47:17 PM 100998   2962257    1.00    1.00    0.00    0.00    2.00    10  postgres

03:47:17 PM   UID       PID    %usr %system  %guest   %wait    %CPU   CPU  Command
03:47:18 PM 100998   2961984    0.00    0.00    0.00    0.00    0.00    12  postgres
03:47:18 PM 100998   2961985    0.00    0.00    0.00    0.00    0.00    14  postgres
03:47:18 PM 100998   2961987    0.00    0.00    0.00    0.00    0.00    12  postgres
03:47:18 PM 100998   2961988    0.00    0.00    0.00    0.00    0.00    14  postgres
03:47:18 PM 100998   2962257    2.00    1.00    0.00    0.00    3.00    14  postgres

03:47:18 PM   UID       PID    %usr %system  %guest   %wait    %CPU   CPU  Command
03:47:19 PM 100998   2961984    0.00    0.00    0.00    0.00    0.00    12  postgres
03:47:19 PM 100998   2961985    0.00    0.00    0.00    0.00    0.00    10  postgres
03:47:19 PM 100998   2961987    0.00    0.00    0.00    0.00    0.00    12  postgres
03:47:19 PM 100998   2961988    0.00    0.00    0.00    0.00    0.00    14  postgres
03:47:19 PM 100998   2962257    2.00    2.00    0.00    0.00    4.00    12  postgres

03:47:19 PM   UID       PID    %usr %system  %guest   %wait    %CPU   CPU  Command
03:47:20 PM 100998   2961984    0.00    0.00    0.00    0.00    0.00    12  postgres
03:47:20 PM 100998   2961985    0.00    0.00    0.00    0.00    0.00    12  postgres
03:47:20 PM 100998   2961987    0.00    0.00    0.00    0.00    0.00    12  postgres
03:47:20 PM 100998   2961988    0.00    0.00    0.00    0.00    0.00    14  postgres
03:47:20 PM 100998   2962257    1.00    1.00    0.00    0.00    2.00    12  postgres

03:47:20 PM   UID       PID    %usr %system  %guest   %wait    %CPU   CPU  Command
03:47:21 PM 100998   2961984    0.00    0.00    0.00    0.00    0.00    12  postgres
03:47:21 PM 100998   2961985    0.00    0.00    0.00    0.00    0.00    12  postgres
03:47:21 PM 100998   2961987    0.00    0.00    0.00    0.00    0.00    12  postgres
03:47:21 PM 100998   2961988    0.00    0.00    0.00    0.00    0.00    14  postgres
03:47:21 PM 100998   2962257    2.00    1.00    0.00    0.00    3.00    10  postgres

03:47:21 PM   UID       PID    %usr %system  %guest   %wait    %CPU   CPU  Command
03:47:22 PM 100998   2961984    0.00    0.00    0.00    0.00    0.00    12  postgres
03:47:22 PM 100998   2961985    0.00    0.00    0.00    0.00    0.00    12  postgres
03:47:22 PM 100998   2961987    0.00    0.00    0.00    0.00    0.00    12  postgres
03:47:22 PM 100998   2961988    0.00    0.00    0.00    0.00    0.00    14  postgres
03:47:22 PM 100998   2962257    2.00    1.00    0.00    0.00    3.00    12  postgres

03:47:22 PM   UID       PID    %usr %system  %guest   %wait    %CPU   CPU  Command
03:47:23 PM 100998   2961984    0.00    0.00    0.00    0.00    0.00    12  postgres
03:47:23 PM 100998   2961985    0.00    0.00    0.00    0.00    0.00    10  postgres
03:47:23 PM 100998   2961987    0.00    0.00    0.00    0.00    0.00    12  postgres
03:47:23 PM 100998   2961988    0.00    0.00    0.00    0.00    0.00    14  postgres
03:47:23 PM 100998   2962257    1.00    2.00    0.00    0.00    3.00    10  postgres

03:47:23 PM   UID       PID    %usr %system  %guest   %wait    %CPU   CPU  Command
03:47:24 PM 100998   2961984    0.00    0.00    0.00    0.00    0.00    12  postgres
03:47:24 PM 100998   2961985    0.00    0.00    0.00    0.00    0.00    10  postgres
03:47:24 PM 100998   2961987    0.00    0.00    0.00    0.00    0.00    12  postgres
03:47:24 PM 100998   2961988    0.00    0.00    0.00    0.00    0.00    14  postgres
03:47:24 PM 100998   2962257    2.00    0.00    0.00    0.00    2.00    14  postgres

03:47:24 PM   UID       PID    %usr %system  %guest   %wait    %CPU   CPU  Command
03:47:25 PM 100998   2961984    0.00    0.00    0.00    0.00    0.00    12  postgres
03:47:25 PM 100998   2961985    0.00    0.00    0.00    0.00    0.00    10  postgres
03:47:25 PM 100998   2961987    0.00    0.00    0.00    0.00    0.00    12  postgres
03:47:25 PM 100998   2961988    0.00    0.00    0.00    0.00    0.00    14  postgres
03:47:25 PM 100998   2962257    2.00    1.00    0.00    0.00    3.00    14  postgres

03:47:25 PM   UID       PID    %usr %system  %guest   %wait    %CPU   CPU  Command
03:47:26 PM 100998   2961984    0.00    0.00    0.00    0.00    0.00    12  postgres
03:47:26 PM 100998   2961985    0.00    0.00    0.00    0.00    0.00    12  postgres
03:47:26 PM 100998   2961987    0.00    0.00    0.00    0.00    0.00    12  postgres
03:47:26 PM 100998   2961988    0.00    0.00    0.00    0.00    0.00    14  postgres
03:47:26 PM 100998   2962257    2.00    2.00    0.00    0.00    4.00    14  postgres

03:47:26 PM   UID       PID    %usr %system  %guest   %wait    %CPU   CPU  Command
03:47:27 PM 100998   2961984    0.00    0.00    0.00    0.00    0.00    12  postgres
03:47:27 PM 100998   2961985    0.00    0.00    0.00    0.00    0.00    12  postgres
03:47:27 PM 100998   2961987    0.00    0.00    0.00    0.00    0.00    12  postgres
03:47:27 PM 100998   2961988    0.00    0.00    0.00    0.00    0.00    14  postgres
03:47:27 PM 100998   2962257    1.00    1.00    0.00    0.00    2.00    14  postgres

03:47:27 PM   UID       PID    %usr %system  %guest   %wait    %CPU   CPU  Command
03:47:28 PM 100998   2961984    0.00    0.00    0.00    0.00    0.00    12  postgres
03:47:28 PM 100998   2961985    0.00    0.00    0.00    0.00    0.00    12  postgres
03:47:28 PM 100998   2961987    0.00    0.00    0.00    0.00    0.00    12  postgres
03:47:28 PM 100998   2961988    0.00    0.00    0.00    0.00    0.00    14  postgres
03:47:28 PM 100998   2962257    2.00    1.00    0.00    0.00    3.00    14  postgres

03:47:28 PM   UID       PID    %usr %system  %guest   %wait    %CPU   CPU  Command
03:47:29 PM 100998   2961984    0.00    0.00    0.00    0.00    0.00    12  postgres
03:47:29 PM 100998   2961985    0.00    0.00    0.00    0.00    0.00    10  postgres
03:47:29 PM 100998   2961987    0.00    0.00    0.00    0.00    0.00    12  postgres
03:47:29 PM 100998   2961988    0.00    0.00    0.00    0.00    0.00    14  postgres
03:47:29 PM 100998   2962257    1.00    2.00    0.00    0.00    3.00    12  postgres

03:47:29 PM   UID       PID    %usr %system  %guest   %wait    %CPU   CPU  Command
03:47:30 PM 100998   2961984    0.00    0.00    0.00    0.00    0.00    12  postgres
03:47:30 PM 100998   2961985    0.00    0.00    0.00    0.00    0.00    12  postgres
03:47:30 PM 100998   2961987    0.00    0.00    0.00    0.00    0.00    12  postgres
03:47:30 PM 100998   2961988    0.00    0.00    0.00    0.00    0.00    14  postgres
03:47:30 PM 100998   2962257    2.00    1.00    0.00    0.00    3.00    14  postgres

03:47:30 PM   UID       PID    %usr %system  %guest   %wait    %CPU   CPU  Command
03:47:31 PM 100998   2961984    0.00    0.00    0.00    0.00    0.00    12  postgres
03:47:31 PM 100998   2961985    0.00    0.00    0.00    0.00    0.00    12  postgres
03:47:31 PM 100998   2961987    0.00    0.00    0.00    0.00    0.00    12  postgres
03:47:31 PM 100998   2961988    0.00    0.00    0.00    0.00    0.00    14  postgres
03:47:31 PM 100998   2962257    1.00    1.00    0.00    0.00    2.00    14  postgres

03:47:31 PM   UID       PID    %usr %system  %guest   %wait    %CPU   CPU  Command
03:47:32 PM 100998   2961984    0.00    0.00    0.00    0.00    0.00    12  postgres
03:47:32 PM 100998   2961985    0.00    0.00    0.00    0.00    0.00    12  postgres
03:47:32 PM 100998   2961987    0.00    0.00    0.00    0.00    0.00    12  postgres
03:47:32 PM 100998   2961988    0.00    0.00    0.00    0.00    0.00    14  postgres
03:47:32 PM 100998   2962257    2.00    2.00    0.00    0.00    4.00    14  postgres

03:47:32 PM   UID       PID    %usr %system  %guest   %wait    %CPU   CPU  Command
03:47:33 PM 100998   2961984    0.00    0.00    0.00    0.00    0.00    12  postgres
03:47:33 PM 100998   2961985    0.00    0.00    0.00    0.00    0.00    12  postgres
03:47:33 PM 100998   2961987    0.00    0.00    0.00    0.00    0.00    12  postgres
03:47:33 PM 100998   2961988    0.00    0.00    0.00    0.00    0.00    14  postgres
03:47:33 PM 100998   2962257    1.00    1.00    0.00    0.00    2.00    10  postgres

03:47:33 PM   UID       PID    %usr %system  %guest   %wait    %CPU   CPU  Command
03:47:34 PM 100998   2961984    0.00    0.00    0.00    0.00    0.00    12  postgres
03:47:34 PM 100998   2961985    0.00    0.00    0.00    0.00    0.00    14  postgres
03:47:34 PM 100998   2961987    0.00    0.00    0.00    0.00    0.00    12  postgres
03:47:34 PM 100998   2961988    0.00    0.00    0.00    0.00    0.00    14  postgres
03:47:34 PM 100998   2962257    2.00    1.00    0.00    0.00    3.00    14  postgres

03:47:34 PM   UID       PID    %usr %system  %guest   %wait    %CPU   CPU  Command
03:47:35 PM 100998   2961984    0.00    0.00    0.00    0.00    0.00    12  postgres
03:47:35 PM 100998   2961985    0.00    0.00    0.00    0.00    0.00    14  postgres
03:47:35 PM 100998   2961987    0.00    0.00    0.00    0.00    0.00    12  postgres
03:47:35 PM 100998   2961988    0.00    0.00    0.00    0.00    0.00    14  postgres
03:47:35 PM 100998   2962257    1.00    1.00    0.00    0.00    2.00    14  postgres

03:47:35 PM   UID       PID    %usr %system  %guest   %wait    %CPU   CPU  Command
03:47:36 PM 100998   2961984    0.00    0.00    0.00    0.00    0.00    12  postgres
03:47:36 PM 100998   2961985    0.00    0.00    0.00    0.00    0.00    12  postgres
03:47:36 PM 100998   2961987    0.00    0.00    0.00    0.00    0.00    12  postgres
03:47:36 PM 100998   2961988    0.00    0.00    0.00    0.00    0.00    14  postgres
03:47:36 PM 100998   2962257    1.00    1.00    0.00    0.00    2.00    10  postgres

03:47:36 PM   UID       PID    %usr %system  %guest   %wait    %CPU   CPU  Command
03:47:37 PM 100998   2961984    0.00    0.00    0.00    0.00    0.00    12  postgres
03:47:37 PM 100998   2961985    0.00    0.00    0.00    0.00    0.00    12  postgres
03:47:37 PM 100998   2961987    0.00    0.00    0.00    0.00    0.00    12  postgres
03:47:37 PM 100998   2961988    0.00    0.00    0.00    0.00    0.00    14  postgres
03:47:37 PM 100998   2962257    1.00    1.00    0.00    0.00    2.00    12  postgres

03:47:37 PM   UID       PID    %usr %system  %guest   %wait    %CPU   CPU  Command
03:47:38 PM 100998   2961984    0.00    0.00    0.00    0.00    0.00    12  postgres
03:47:38 PM 100998   2961985    0.00    0.00    0.00    0.00    0.00    12  postgres
03:47:38 PM 100998   2961987    0.00    0.00    0.00    0.00    0.00    12  postgres
03:47:38 PM 100998   2961988    0.00    0.00    0.00    0.00    0.00    14  postgres
03:47:38 PM 100998   2962257    1.00    1.00    0.00    0.00    2.00    14  postgres

03:47:38 PM   UID       PID    %usr %system  %guest   %wait    %CPU   CPU  Command
03:47:39 PM 100998   2961984    0.00    0.00    0.00    0.00    0.00    12  postgres
03:47:39 PM 100998   2961985    0.00    0.00    0.00    0.00    0.00    12  postgres
03:47:39 PM 100998   2961987    0.00    0.00    0.00    0.00    0.00    12  postgres
03:47:39 PM 100998   2961988    0.00    0.00    0.00    0.00    0.00    14  postgres
03:47:39 PM 100998   2962257    2.00    1.00    0.00    0.00    3.00    14  postgres

03:47:39 PM   UID       PID    %usr %system  %guest   %wait    %CPU   CPU  Command
03:47:40 PM 100998   2961984    0.00    0.00    0.00    0.00    0.00    12  postgres
03:47:40 PM 100998   2961985    0.00    0.00    0.00    0.00    0.00    12  postgres
03:47:40 PM 100998   2961987    0.00    0.00    0.00    0.00    0.00    12  postgres
03:47:40 PM 100998   2961988    0.00    0.00    0.00    0.00    0.00    14  postgres
03:47:40 PM 100998   2962257    1.00    1.00    0.00    0.00    2.00    12  postgres

03:47:40 PM   UID       PID    %usr %system  %guest   %wait    %CPU   CPU  Command
03:47:41 PM 100998   2961984    0.00    0.00    0.00    0.00    0.00    12  postgres
03:47:41 PM 100998   2961985    0.00    0.00    0.00    0.00    0.00    12  postgres
03:47:41 PM 100998   2961987    0.00    0.00    0.00    0.00    0.00    12  postgres
03:47:41 PM 100998   2961988    0.00    0.00    0.00    0.00    0.00    14  postgres
03:47:41 PM 100998   2962257    1.00    2.00    0.00    0.00    3.00    10  postgres

03:47:41 PM   UID       PID    %usr %system  %guest   %wait    %CPU   CPU  Command
03:47:42 PM 100998   2961984    0.00    0.00    0.00    0.00    0.00    12  postgres
03:47:42 PM 100998   2961985    0.00    0.00    0.00    0.00    0.00    10  postgres
03:47:42 PM 100998   2961987    0.00    0.00    0.00    0.00    0.00    12  postgres
03:47:42 PM 100998   2961988    0.00    0.00    0.00    0.00    0.00    14  postgres
03:47:42 PM 100998   2962257    1.00    1.00    0.00    0.00    2.00    14  postgres

03:47:42 PM   UID       PID    %usr %system  %guest   %wait    %CPU   CPU  Command
03:47:43 PM 100998   2961984    0.00    0.00    0.00    0.00    0.00    12  postgres
03:47:43 PM 100998   2961985    0.00    0.00    0.00    0.00    0.00    14  postgres
03:47:43 PM 100998   2961987    0.00    0.00    0.00    0.00    0.00    12  postgres
03:47:43 PM 100998   2961988    0.00    0.00    0.00    0.00    0.00    14  postgres
03:47:43 PM 100998   2962257    2.00    1.00    0.00    0.00    3.00    14  postgres

03:47:43 PM   UID       PID    %usr %system  %guest   %wait    %CPU   CPU  Command
03:47:44 PM 100998   2961984    0.00    0.00    0.00    0.00    0.00    12  postgres
03:47:44 PM 100998   2961985    0.00    0.00    0.00    0.00    0.00    14  postgres
03:47:44 PM 100998   2961987    0.00    0.00    0.00    0.00    0.00    12  postgres
03:47:44 PM 100998   2961988    0.00    0.00    0.00    0.00    0.00    14  postgres
03:47:44 PM 100998   2962257    2.00    0.00    0.00    0.00    2.00    10  postgres

03:47:44 PM   UID       PID    %usr %system  %guest   %wait    %CPU   CPU  Command
03:47:45 PM 100998   2961984    0.00    0.00    0.00    0.00    0.00    12  postgres
03:47:45 PM 100998   2961985    0.00    0.00    0.00    0.00    0.00    14  postgres
03:47:45 PM 100998   2961987    0.00    0.00    0.00    0.00    0.00    12  postgres
03:47:45 PM 100998   2961988    0.00    0.00    0.00    0.00    0.00    14  postgres
03:47:45 PM 100998   2962257    2.00    2.00    0.00    0.00    4.00    14  postgres

03:47:45 PM   UID       PID    %usr %system  %guest   %wait    %CPU   CPU  Command
03:47:46 PM 100998   2961984    0.00    0.00    0.00    0.00    0.00    12  postgres
03:47:46 PM 100998   2961985    0.00    0.00    0.00    0.00    0.00    10  postgres
03:47:46 PM 100998   2961987    0.00    0.00    0.00    0.00    0.00    12  postgres
03:47:46 PM 100998   2961988    0.00    0.00    0.00    0.00    0.00    14  postgres
03:47:46 PM 100998   2962257    2.00    1.00    0.00    0.00    3.00    10  postgres

03:47:46 PM   UID       PID    %usr %system  %guest   %wait    %CPU   CPU  Command
03:47:47 PM 100998   2961984    0.00    0.00    0.00    0.00    0.00    12  postgres
03:47:47 PM 100998   2961985    0.00    0.00    0.00    0.00    0.00    10  postgres
03:47:47 PM 100998   2961987    0.00    0.00    0.00    0.00    0.00    12  postgres
03:47:47 PM 100998   2961988    0.00    0.00    0.00    0.00    0.00    14  postgres
03:47:47 PM 100998   2962257    1.00    0.00    0.00    0.00    1.00    14  postgres

03:47:47 PM   UID       PID    %usr %system  %guest   %wait    %CPU   CPU  Command
03:47:48 PM 100998   2961984    0.00    0.00    0.00    0.00    0.00    12  postgres
03:47:48 PM 100998   2961985    0.00    0.00    0.00    0.00    0.00    14  postgres
03:47:48 PM 100998   2961987    0.00    0.00    0.00    0.00    0.00    12  postgres
03:47:48 PM 100998   2961988    0.00    0.00    0.00    0.00    0.00    14  postgres
03:47:48 PM 100998   2962257    2.00    2.00    0.00    0.00    4.00    12  postgres

03:47:48 PM   UID       PID    %usr %system  %guest   %wait    %CPU   CPU  Command
03:47:49 PM 100998   2961984    0.00    0.00    0.00    0.00    0.00    12  postgres
03:47:49 PM 100998   2961985    0.00    0.00    0.00    0.00    0.00    10  postgres
03:47:49 PM 100998   2961987    0.00    0.00    0.00    0.00    0.00    12  postgres
03:47:49 PM 100998   2961988    0.00    0.00    0.00    0.00    0.00    14  postgres
03:47:49 PM 100998   2962257    1.00    1.00    0.00    0.00    2.00    14  postgres

03:47:49 PM   UID       PID    %usr %system  %guest   %wait    %CPU   CPU  Command
03:47:50 PM 100998   2961984    0.00    0.00    0.00    0.00    0.00    12  postgres
03:47:50 PM 100998   2961985    0.00    0.00    0.00    0.00    0.00    14  postgres
03:47:50 PM 100998   2961987    0.00    0.00    0.00    0.00    0.00    12  postgres
03:47:50 PM 100998   2961988    0.00    0.00    0.00    0.00    0.00    14  postgres
03:47:50 PM 100998   2962257    1.00    1.00    0.00    0.00    2.00    14  postgres

03:47:50 PM   UID       PID    %usr %system  %guest   %wait    %CPU   CPU  Command
03:47:51 PM 100998   2961984    0.00    0.00    0.00    0.00    0.00    12  postgres
03:47:51 PM 100998   2961985    0.00    0.00    0.00    0.00    0.00    12  postgres
03:47:51 PM 100998   2961987    0.00    0.00    0.00    0.00    0.00    12  postgres
03:47:51 PM 100998   2961988    0.00    0.00    0.00    0.00    0.00    14  postgres
03:47:51 PM 100998   2962257    2.00    2.00    0.00    0.00    4.00    12  postgres

03:47:51 PM   UID       PID    %usr %system  %guest   %wait    %CPU   CPU  Command
03:47:52 PM 100998   2961984    0.00    0.00    0.00    0.00    0.00    12  postgres
03:47:52 PM 100998   2961985    0.00    0.00    0.00    0.00    0.00    12  postgres
03:47:52 PM 100998   2961987    0.00    0.00    0.00    0.00    0.00    12  postgres
03:47:52 PM 100998   2961988    0.00    0.00    0.00    0.00    0.00    14  postgres
03:47:52 PM 100998   2962257    1.00    1.00    0.00    0.00    2.00    10  postgres

03:47:52 PM   UID       PID    %usr %system  %guest   %wait    %CPU   CPU  Command
03:47:53 PM 100998   2961984    0.00    0.00    0.00    0.00    0.00    12  postgres
03:47:53 PM 100998   2961985    0.00    0.00    0.00    0.00    0.00    12  postgres
03:47:53 PM 100998   2961987    0.00    0.00    0.00    0.00    0.00    12  postgres
03:47:53 PM 100998   2961988    0.00    0.00    0.00    0.00    0.00    14  postgres
03:47:53 PM 100998   2962257    1.00    1.00    0.00    0.00    2.00    12  postgres

03:47:53 PM   UID       PID    %usr %system  %guest   %wait    %CPU   CPU  Command
03:47:54 PM 100998   2961984    0.00    0.00    0.00    0.00    0.00    12  postgres
03:47:54 PM 100998   2961985    0.00    0.00    0.00    0.00    0.00    14  postgres
03:47:54 PM 100998   2961987    0.00    0.00    0.00    0.00    0.00    12  postgres
03:47:54 PM 100998   2961988    0.00    0.00    0.00    0.00    0.00    14  postgres
03:47:54 PM 100998   2962257    2.00    1.00    0.00    0.00    3.00    10  postgres

03:47:54 PM   UID       PID    %usr %system  %guest   %wait    %CPU   CPU  Command
03:47:55 PM 100998   2961984    0.00    0.00    0.00    0.00    0.00    12  postgres
03:47:55 PM 100998   2961985    0.00    0.00    0.00    0.00    0.00    10  postgres
03:47:55 PM 100998   2961987    0.00    0.00    0.00    0.00    0.00    12  postgres
03:47:55 PM 100998   2961988    0.00    0.00    0.00    0.00    0.00    14  postgres
03:47:55 PM 100998   2962257    1.00    1.00    0.00    0.00    2.00    10  postgres

03:47:55 PM   UID       PID    %usr %system  %guest   %wait    %CPU   CPU  Command
03:47:56 PM 100998   2961984    0.00    0.00    0.00    0.00    0.00    12  postgres
03:47:56 PM 100998   2961985    0.00    0.00    0.00    0.00    0.00    14  postgres
03:47:56 PM 100998   2961987    0.00    0.00    0.00    0.00    0.00    14  postgres
03:47:56 PM 100998   2961988    0.00    0.00    0.00    0.00    0.00    14  postgres
03:47:56 PM 100998   2962257    1.00    2.00    0.00    0.00    3.00    14  postgres

03:47:56 PM   UID       PID    %usr %system  %guest   %wait    %CPU   CPU  Command
03:47:57 PM 100998   2961984    0.00    0.00    0.00    0.00    0.00    12  postgres
03:47:57 PM 100998   2961985    0.00    0.00    0.00    0.00    0.00    10  postgres
03:47:57 PM 100998   2961987    0.00    0.00    0.00    0.00    0.00    14  postgres
03:47:57 PM 100998   2961988    0.00    0.00    0.00    0.00    0.00    14  postgres
03:47:57 PM 100998   2962257    2.00    1.00    0.00    1.00    3.00    14  postgres

03:47:57 PM   UID       PID    %usr %system  %guest   %wait    %CPU   CPU  Command
03:47:58 PM 100998   2961984    0.00    0.00    0.00    0.00    0.00    12  postgres
03:47:58 PM 100998   2961985    0.00    0.00    0.00    0.00    0.00    10  postgres
03:47:58 PM 100998   2961987    0.00    0.00    0.00    0.00    0.00    14  postgres
03:47:58 PM 100998   2961988    0.00    0.00    0.00    0.00    0.00    14  postgres
03:47:58 PM 100998   2962257    2.00    1.00    0.00    0.00    3.00    10  postgres

03:47:58 PM   UID       PID    %usr %system  %guest   %wait    %CPU   CPU  Command
03:47:59 PM 100998   2961984    0.00    0.00    0.00    0.00    0.00    12  postgres
03:47:59 PM 100998   2961985    0.00    0.00    0.00    0.00    0.00    14  postgres
03:47:59 PM 100998   2961987    0.00    0.00    0.00    0.00    0.00    14  postgres
03:47:59 PM 100998   2961988    0.00    0.00    0.00    0.00    0.00    14  postgres
03:47:59 PM 100998   2962257    1.00    2.00    0.00    0.00    3.00    10  postgres

03:47:59 PM   UID       PID    %usr %system  %guest   %wait    %CPU   CPU  Command
03:48:00 PM 100998   2961984    0.00    0.00    0.00    0.00    0.00    12  postgres
03:48:00 PM 100998   2961985    0.00    0.00    0.00    0.00    0.00    10  postgres
03:48:00 PM 100998   2961987    0.00    0.00    0.00    0.00    0.00    14  postgres
03:48:00 PM 100998   2961988    0.00    0.00    0.00    0.00    0.00    14  postgres
03:48:00 PM 100998   2962257    2.00    1.00    0.00    0.00    3.00    10  postgres

03:48:00 PM   UID       PID    %usr %system  %guest   %wait    %CPU   CPU  Command
03:48:01 PM 100998   2961984    0.00    0.00    0.00    0.00    0.00    12  postgres
03:48:01 PM 100998   2961985    0.00    0.00    0.00    0.00    0.00    14  postgres
03:48:01 PM 100998   2961987    0.00    0.00    0.00    0.00    0.00    12  postgres
03:48:01 PM 100998   2961988    0.00    0.00    0.00    0.00    0.00    14  postgres
03:48:01 PM 100998   2962257    1.00    1.00    0.00    0.00    2.00    10  postgres

03:48:01 PM   UID       PID    %usr %system  %guest   %wait    %CPU   CPU  Command
03:48:02 PM 100998   2961984    0.00    0.00    0.00    0.00    0.00    12  postgres
03:48:02 PM 100998   2961985    0.00    0.00    0.00    0.00    0.00    14  postgres
03:48:02 PM 100998   2961987    0.00    0.00    0.00    0.00    0.00    12  postgres
03:48:02 PM 100998   2961988    0.00    0.00    0.00    0.00    0.00    14  postgres
03:48:02 PM 100998   2962257    2.00    1.00    0.00    0.00    3.00    12  postgres

03:48:02 PM   UID       PID    %usr %system  %guest   %wait    %CPU   CPU  Command
03:48:03 PM 100998   2961984    0.00    0.00    0.00    0.00    0.00    12  postgres
03:48:03 PM 100998   2961985    0.00    0.00    0.00    0.00    0.00    10  postgres
03:48:03 PM 100998   2961987    0.00    0.00    0.00    0.00    0.00    12  postgres
03:48:03 PM 100998   2961988    0.00    0.00    0.00    0.00    0.00    14  postgres
03:48:03 PM 100998   2962257    1.00    2.00    0.00    0.00    3.00    10  postgres

03:48:03 PM   UID       PID    %usr %system  %guest   %wait    %CPU   CPU  Command
03:48:04 PM 100998   2961984    0.00    0.00    0.00    0.00    0.00    12  postgres
03:48:04 PM 100998   2961985    0.00    0.00    0.00    0.00    0.00    14  postgres
03:48:04 PM 100998   2961987    0.00    0.00    0.00    0.00    0.00    12  postgres
03:48:04 PM 100998   2961988    0.00    0.00    0.00    0.00    0.00    14  postgres
03:48:04 PM 100998   2962257    1.00    1.00    0.00    0.00    2.00    10  postgres

03:48:04 PM   UID       PID    %usr %system  %guest   %wait    %CPU   CPU  Command
03:48:05 PM 100998   2961984    0.00    0.00    0.00    0.00    0.00    12  postgres
03:48:05 PM 100998   2961985    0.00    0.00    0.00    0.00    0.00    14  postgres
03:48:05 PM 100998   2961987    0.00    0.00    0.00    0.00    0.00    12  postgres
03:48:05 PM 100998   2961988    0.00    0.00    0.00    0.00    0.00    14  postgres
03:48:05 PM 100998   2962257    2.00    1.00    0.00    0.00    3.00    12  postgres

03:48:05 PM   UID       PID    %usr %system  %guest   %wait    %CPU   CPU  Command
03:48:06 PM 100998   2961984    0.00    0.00    0.00    0.00    0.00    12  postgres
03:48:06 PM 100998   2961985    0.00    0.00    0.00    0.00    0.00    10  postgres
03:48:06 PM 100998   2961987    0.00    0.00    0.00    0.00    0.00    12  postgres
03:48:06 PM 100998   2961988    0.00    0.00    0.00    0.00    0.00    14  postgres
03:48:06 PM 100998   2962257    1.00    1.00    0.00    0.00    2.00    14  postgres

03:48:06 PM   UID       PID    %usr %system  %guest   %wait    %CPU   CPU  Command
03:48:07 PM 100998   2961984    0.00    0.00    0.00    0.00    0.00    12  postgres
03:48:07 PM 100998   2961985    0.00    0.00    0.00    0.00    0.00    10  postgres
03:48:07 PM 100998   2961987    0.00    0.00    0.00    0.00    0.00    12  postgres
03:48:07 PM 100998   2961988    0.00    0.00    0.00    0.00    0.00    14  postgres
03:48:07 PM 100998   2962257    2.00    1.00    0.00    0.00    3.00    12  postgres

03:48:07 PM   UID       PID    %usr %system  %guest   %wait    %CPU   CPU  Command
03:48:08 PM 100998   2961984    0.00    0.00    0.00    0.00    0.00    12  postgres
03:48:08 PM 100998   2961985    0.00    0.00    0.00    0.00    0.00    10  postgres
03:48:08 PM 100998   2961987    0.00    0.00    0.00    0.00    0.00    12  postgres
03:48:08 PM 100998   2961988    0.00    0.00    0.00    0.00    0.00    14  postgres
03:48:08 PM 100998   2962257    1.00    1.00    0.00    0.00    2.00    10  postgres

03:48:08 PM   UID       PID    %usr %system  %guest   %wait    %CPU   CPU  Command
03:48:09 PM 100998   2961984    0.00    0.00    0.00    0.00    0.00    12  postgres
03:48:09 PM 100998   2961985    0.00    0.00    0.00    0.00    0.00    14  postgres
03:48:09 PM 100998   2961987    0.00    0.00    0.00    0.00    0.00    12  postgres
03:48:09 PM 100998   2961988    0.00    0.00    0.00    0.00    0.00    14  postgres
03:48:09 PM 100998   2962257    2.00    0.00    0.00    0.00    2.00    12  postgres

03:48:09 PM   UID       PID    %usr %system  %guest   %wait    %CPU   CPU  Command
03:48:10 PM 100998   2961984    0.00    0.00    0.00    0.00    0.00    12  postgres
03:48:10 PM 100998   2961985    0.00    0.00    0.00    0.00    0.00    14  postgres
03:48:10 PM 100998   2961987    0.00    0.00    0.00    0.00    0.00    12  postgres
03:48:10 PM 100998   2961988    0.00    0.00    0.00    0.00    0.00    14  postgres
03:48:10 PM 100998   2962257    1.00    2.00    0.00    0.00    3.00    10  postgres

03:48:10 PM   UID       PID    %usr %system  %guest   %wait    %CPU   CPU  Command
03:48:11 PM 100998   2961984    0.00    0.00    0.00    0.00    0.00    12  postgres
03:48:11 PM 100998   2961985    0.00    0.00    0.00    0.00    0.00    12  postgres
03:48:11 PM 100998   2961987    0.00    0.00    0.00    0.00    0.00    12  postgres
03:48:11 PM 100998   2961988    0.00    0.00    0.00    0.00    0.00    14  postgres
03:48:11 PM 100998   2962257    2.00    1.00    0.00    0.00    3.00    10  postgres

03:48:11 PM   UID       PID    %usr %system  %guest   %wait    %CPU   CPU  Command
03:48:12 PM 100998   2961984    0.00    0.00    0.00    0.00    0.00    12  postgres
03:48:12 PM 100998   2961985    0.00    0.00    0.00    0.00    0.00    12  postgres
03:48:12 PM 100998   2961987    0.00    0.00    0.00    0.00    0.00    12  postgres
03:48:12 PM 100998   2961988    0.00    0.00    0.00    0.00    0.00    14  postgres
03:48:12 PM 100998   2962257    1.00    1.00    0.00    0.00    2.00    10  postgres

03:48:12 PM   UID       PID    %usr %system  %guest   %wait    %CPU   CPU  Command
03:48:13 PM 100998   2961984    0.00    0.00    0.00    0.00    0.00    12  postgres
03:48:13 PM 100998   2961985    0.00    0.00    0.00    0.00    0.00    12  postgres
03:48:13 PM 100998   2961987    0.00    0.00    0.00    0.00    0.00    12  postgres
03:48:13 PM 100998   2961988    0.00    0.00    0.00    0.00    0.00    14  postgres
03:48:13 PM 100998   2962257    2.00    1.00    0.00    0.00    3.00    14  postgres

03:48:13 PM   UID       PID    %usr %system  %guest   %wait    %CPU   CPU  Command
03:48:14 PM 100998   2961984    0.00    0.00    0.00    0.00    0.00    12  postgres
03:48:14 PM 100998   2961985    0.00    0.00    0.00    0.00    0.00    12  postgres
03:48:14 PM 100998   2961987    0.00    0.00    0.00    0.00    0.00    12  postgres
03:48:14 PM 100998   2961988    0.00    0.00    0.00    0.00    0.00    14  postgres
03:48:14 PM 100998   2962257    1.00    2.00    0.00    0.00    3.00    10  postgres

03:48:14 PM   UID       PID    %usr %system  %guest   %wait    %CPU   CPU  Command
03:48:15 PM 100998   2961984    0.00    0.00    0.00    0.00    0.00    12  postgres
03:48:15 PM 100998   2961985    0.00    0.00    0.00    0.00    0.00    12  postgres
03:48:15 PM 100998   2961987    0.00    0.00    0.00    0.00    0.00    12  postgres
03:48:15 PM 100998   2961988    0.00    0.00    0.00    0.00    0.00    14  postgres
03:48:15 PM 100998   2962257    2.00    1.00    0.00    0.00    3.00    12  postgres

03:48:15 PM   UID       PID    %usr %system  %guest   %wait    %CPU   CPU  Command
03:48:16 PM 100998   2961984    0.00    0.00    0.00    0.00    0.00    12  postgres
03:48:16 PM 100998   2961985    0.00    0.00    0.00    0.00    0.00    12  postgres
03:48:16 PM 100998   2961987    0.00    0.00    0.00    0.00    0.00    14  postgres
03:48:16 PM 100998   2961988    0.00    0.00    0.00    0.00    0.00    14  postgres
03:48:16 PM 100998   2962257    2.00    1.00    0.00    0.00    3.00    12  postgres

03:48:16 PM   UID       PID    %usr %system  %guest   %wait    %CPU   CPU  Command
03:48:17 PM 100998   2961984    0.00    0.00    0.00    0.00    0.00    12  postgres
03:48:17 PM 100998   2961985    0.00    0.00    0.00    0.00    0.00    12  postgres
03:48:17 PM 100998   2961987    0.00    0.00    0.00    0.00    0.00    14  postgres
03:48:17 PM 100998   2961988    0.00    0.00    0.00    0.00    0.00    14  postgres
03:48:17 PM 100998   2962257    1.00    1.00    0.00    0.00    2.00    10  postgres

03:48:17 PM   UID       PID    %usr %system  %guest   %wait    %CPU   CPU  Command
03:48:18 PM 100998   2961984    0.00    0.00    0.00    0.00    0.00    12  postgres
03:48:18 PM 100998   2961985    0.00    0.00    0.00    0.00    0.00    12  postgres
03:48:18 PM 100998   2961987    0.00    0.00    0.00    0.00    0.00    14  postgres
03:48:18 PM 100998   2961988    0.00    0.00    0.00    0.00    0.00    14  postgres
03:48:18 PM 100998   2962257    2.00    2.00    0.00    0.00    4.00    14  postgres

03:48:18 PM   UID       PID    %usr %system  %guest   %wait    %CPU   CPU  Command
03:48:19 PM 100998   2961984    0.00    0.00    0.00    0.00    0.00    12  postgres
03:48:19 PM 100998   2961985    0.00    0.00    0.00    0.00    0.00    12  postgres
03:48:19 PM 100998   2961987    0.00    0.00    0.00    0.00    0.00    14  postgres
03:48:19 PM 100998   2961988    0.00    0.00    0.00    0.00    0.00    14  postgres
03:48:19 PM 100998   2962257    1.00    1.00    0.00    0.00    2.00    14  postgres

03:48:19 PM   UID       PID    %usr %system  %guest   %wait    %CPU   CPU  Command
03:48:20 PM 100998   2961984    0.00    0.00    0.00    0.00    0.00    12  postgres
03:48:20 PM 100998   2961985    0.00    0.00    0.00    0.00    0.00    12  postgres
03:48:20 PM 100998   2961987    0.00    0.00    0.00    0.00    0.00    14  postgres
03:48:20 PM 100998   2961988    0.00    0.00    0.00    0.00    0.00    14  postgres
03:48:20 PM 100998   2962257    2.00    0.00    0.00    0.00    2.00    12  postgres

03:48:20 PM   UID       PID    %usr %system  %guest   %wait    %CPU   CPU  Command
03:48:21 PM 100998   2961984    0.00    0.00    0.00    0.00    0.00    12  postgres
03:48:21 PM 100998   2961985    0.00    0.00    0.00    0.00    0.00    12  postgres
03:48:21 PM 100998   2961987    0.00    0.00    0.00    0.00    0.00    14  postgres
03:48:21 PM 100998   2961988    0.00    0.00    0.00    0.00    0.00    14  postgres
03:48:21 PM 100998   2962257    2.00    2.00    0.00    0.00    4.00    12  postgres

03:48:21 PM   UID       PID    %usr %system  %guest   %wait    %CPU   CPU  Command
03:48:22 PM 100998   2961984    0.00    0.00    0.00    0.00    0.00    12  postgres
03:48:22 PM 100998   2961985    0.00    0.00    0.00    0.00    0.00    12  postgres
03:48:22 PM 100998   2961987    0.00    0.00    0.00    0.00    0.00    14  postgres
03:48:22 PM 100998   2961988    0.00    0.00    0.00    0.00    0.00    14  postgres
03:48:22 PM 100998   2962257    1.00    1.00    0.00    0.00    2.00    12  postgres

03:48:22 PM   UID       PID    %usr %system  %guest   %wait    %CPU   CPU  Command
03:48:23 PM 100998   2961984    0.00    0.00    0.00    0.00    0.00    12  postgres
03:48:23 PM 100998   2961985    0.00    0.00    0.00    0.00    0.00    12  postgres
03:48:23 PM 100998   2961987    0.00    0.00    0.00    0.00    0.00    14  postgres
03:48:23 PM 100998   2961988    0.00    0.00    0.00    0.00    0.00    14  postgres
03:48:23 PM 100998   2962257    2.00    1.00    0.00    0.00    3.00    10  postgres

03:48:23 PM   UID       PID    %usr %system  %guest   %wait    %CPU   CPU  Command
03:48:24 PM 100998   2961984    0.00    0.00    0.00    0.00    0.00    12  postgres
03:48:24 PM 100998   2961985    0.00    0.00    0.00    0.00    0.00    12  postgres
03:48:24 PM 100998   2961987    0.00    0.00    0.00    0.00    0.00    14  postgres
03:48:24 PM 100998   2961988    0.00    0.00    0.00    0.00    0.00    14  postgres
03:48:24 PM 100998   2962257    1.00    1.00    0.00    0.00    2.00    14  postgres

03:48:24 PM   UID       PID    %usr %system  %guest   %wait    %CPU   CPU  Command
03:48:25 PM 100998   2961984    0.00    0.00    0.00    0.00    0.00    12  postgres
03:48:25 PM 100998   2961985    0.00    0.00    0.00    0.00    0.00    12  postgres
03:48:25 PM 100998   2961987    0.00    0.00    0.00    0.00    0.00    14  postgres
03:48:25 PM 100998   2961988    0.00    0.00    0.00    0.00    0.00    14  postgres
03:48:25 PM 100998   2962257    2.00    1.00    0.00    0.00    3.00    12  postgres

03:48:25 PM   UID       PID    %usr %system  %guest   %wait    %CPU   CPU  Command
03:48:26 PM 100998   2961984    0.00    0.00    0.00    0.00    0.00    12  postgres
03:48:26 PM 100998   2961985    0.00    0.00    0.00    0.00    0.00    12  postgres
03:48:26 PM 100998   2961987    0.00    0.00    0.00    0.00    0.00    14  postgres
03:48:26 PM 100998   2961988    0.00    0.00    0.00    0.00    0.00    14  postgres
03:48:26 PM 100998   2962257    1.00    1.00    0.00    0.00    2.00    12  postgres

03:48:26 PM   UID       PID    %usr %system  %guest   %wait    %CPU   CPU  Command
03:48:27 PM 100998   2961984    0.00    0.00    0.00    0.00    0.00    12  postgres
03:48:27 PM 100998   2961985    0.00    0.00    0.00    0.00    0.00    12  postgres
03:48:27 PM 100998   2961987    0.00    0.00    0.00    0.00    0.00    14  postgres
03:48:27 PM 100998   2961988    0.00    0.00    0.00    0.00    0.00    14  postgres
03:48:27 PM 100998   2962257    1.00    1.00    0.00    0.00    2.00    10  postgres

03:48:27 PM   UID       PID    %usr %system  %guest   %wait    %CPU   CPU  Command
03:48:28 PM 100998   2961984    0.00    0.00    0.00    0.00    0.00    12  postgres
03:48:28 PM 100998   2961985    0.00    0.00    0.00    0.00    0.00    12  postgres
03:48:28 PM 100998   2961987    0.00    0.00    0.00    0.00    0.00    14  postgres
03:48:28 PM 100998   2961988    0.00    0.00    0.00    0.00    0.00    14  postgres
03:48:28 PM 100998   2962257    2.00    1.00    0.00    0.00    3.00    12  postgres

03:48:28 PM   UID       PID    %usr %system  %guest   %wait    %CPU   CPU  Command
03:48:29 PM 100998   2961984    0.00    0.00    0.00    0.00    0.00    12  postgres
03:48:29 PM 100998   2961985    0.00    0.00    0.00    0.00    0.00    12  postgres
03:48:29 PM 100998   2961987    0.00    0.00    0.00    0.00    0.00    14  postgres
03:48:29 PM 100998   2961988    0.00    0.00    0.00    0.00    0.00    14  postgres
03:48:29 PM 100998   2962257    2.00    2.00    0.00    0.00    4.00    14  postgres

03:48:29 PM   UID       PID    %usr %system  %guest   %wait    %CPU   CPU  Command
03:48:30 PM 100998   2961984    0.00    0.00    0.00    0.00    0.00    12  postgres
03:48:30 PM 100998   2961985    0.00    0.00    0.00    0.00    0.00    12  postgres
03:48:30 PM 100998   2961987    0.00    0.00    0.00    0.00    0.00    14  postgres
03:48:30 PM 100998   2961988    0.00    0.00    0.00    0.00    0.00    14  postgres
03:48:30 PM 100998   2962257    2.00    1.00    0.00    0.00    3.00    14  postgres

03:48:30 PM   UID       PID    %usr %system  %guest   %wait    %CPU   CPU  Command
03:48:31 PM 100998   2961984    0.00    0.00    0.00    0.00    0.00    12  postgres
03:48:31 PM 100998   2961985    0.00    0.00    0.00    0.00    0.00    12  postgres
03:48:31 PM 100998   2961987    0.00    0.00    0.00    0.00    0.00    14  postgres
03:48:31 PM 100998   2961988    0.00    0.00    0.00    0.00    0.00    14  postgres
03:48:31 PM 100998   2962257    2.00    1.00    0.00    0.00    3.00    14  postgres

03:48:31 PM   UID       PID    %usr %system  %guest   %wait    %CPU   CPU  Command
03:48:32 PM 100998   2961984    0.00    0.00    0.00    0.00    0.00    12  postgres
03:48:32 PM 100998   2961985    0.00    0.00    0.00    0.00    0.00    12  postgres
03:48:32 PM 100998   2961987    0.00    0.00    0.00    0.00    0.00    14  postgres
03:48:32 PM 100998   2961988    0.00    0.00    0.00    0.00    0.00    14  postgres
03:48:32 PM 100998   2962257    2.00    1.00    0.00    0.00    3.00    14  postgres

03:48:32 PM   UID       PID    %usr %system  %guest   %wait    %CPU   CPU  Command
03:48:33 PM 100998   2961984    0.00    0.00    0.00    0.00    0.00    12  postgres
03:48:33 PM 100998   2961985    0.00    0.00    0.00    0.00    0.00    12  postgres
03:48:33 PM 100998   2961987    0.00    0.00    0.00    0.00    0.00    14  postgres
03:48:33 PM 100998   2961988    0.00    0.00    0.00    0.00    0.00    14  postgres
03:48:33 PM 100998   2962257    1.00    1.00    0.00    0.00    2.00    12  postgres

03:48:33 PM   UID       PID    %usr %system  %guest   %wait    %CPU   CPU  Command
03:48:34 PM 100998   2961984    0.00    0.00    0.00    0.00    0.00    12  postgres
03:48:34 PM 100998   2961985    0.00    0.00    0.00    0.00    0.00    12  postgres
03:48:34 PM 100998   2961987    0.00    0.00    0.00    0.00    0.00    14  postgres
03:48:34 PM 100998   2961988    0.00    0.00    0.00    0.00    0.00    14  postgres
03:48:34 PM 100998   2962257    1.00    1.00    0.00    0.00    2.00    14  postgres

03:48:34 PM   UID       PID    %usr %system  %guest   %wait    %CPU   CPU  Command
03:48:35 PM 100998   2961984    0.00    0.00    0.00    0.00    0.00    12  postgres
03:48:35 PM 100998   2961985    0.00    0.00    0.00    0.00    0.00    12  postgres
03:48:35 PM 100998   2961987    0.00    0.00    0.00    0.00    0.00    14  postgres
03:48:35 PM 100998   2961988    0.00    0.00    0.00    0.00    0.00    14  postgres
03:48:35 PM 100998   2962257    2.00    1.00    0.00    0.00    3.00    12  postgres

03:48:35 PM   UID       PID    %usr %system  %guest   %wait    %CPU   CPU  Command
03:48:36 PM 100998   2961984    0.00    0.00    0.00    0.00    0.00    12  postgres
03:48:36 PM 100998   2961985    0.00    0.00    0.00    0.00    0.00    12  postgres
03:48:36 PM 100998   2961987    0.00    0.00    0.00    0.00    0.00    14  postgres
03:48:36 PM 100998   2961988    0.00    0.00    0.00    0.00    0.00    14  postgres
03:48:36 PM 100998   2962257    1.00    1.00    0.00    0.00    2.00    10  postgres

03:48:36 PM   UID       PID    %usr %system  %guest   %wait    %CPU   CPU  Command
03:48:37 PM 100998   2961984    0.00    0.00    0.00    0.00    0.00    12  postgres
03:48:37 PM 100998   2961985    0.00    0.00    0.00    0.00    0.00    12  postgres
03:48:37 PM 100998   2961987    0.00    0.00    0.00    0.00    0.00    14  postgres
03:48:37 PM 100998   2961988    0.00    0.00    0.00    0.00    0.00    14  postgres
03:48:37 PM 100998   2962257    2.00    1.00    0.00    0.00    3.00    12  postgres

03:48:37 PM   UID       PID    %usr %system  %guest   %wait    %CPU   CPU  Command
03:48:38 PM 100998   2961984    0.00    0.00    0.00    0.00    0.00    12  postgres
03:48:38 PM 100998   2961985    0.00    0.00    0.00    0.00    0.00    12  postgres
03:48:38 PM 100998   2961987    0.00    0.00    0.00    0.00    0.00    14  postgres
03:48:38 PM 100998   2961988    0.00    0.00    0.00    0.00    0.00    14  postgres
03:48:38 PM 100998   2962257    1.00    1.00    0.00    0.00    2.00    12  postgres

03:48:38 PM   UID       PID    %usr %system  %guest   %wait    %CPU   CPU  Command
03:48:39 PM 100998   2961984    0.00    0.00    0.00    0.00    0.00    12  postgres
03:48:39 PM 100998   2961985    0.00    0.00    0.00    0.00    0.00    12  postgres
03:48:39 PM 100998   2961987    0.00    0.00    0.00    0.00    0.00    14  postgres
03:48:39 PM 100998   2961988    0.00    0.00    0.00    0.00    0.00    14  postgres
03:48:39 PM 100998   2962257    1.00    2.00    0.00    0.00    3.00    12  postgres

03:48:39 PM   UID       PID    %usr %system  %guest   %wait    %CPU   CPU  Command
03:48:40 PM 100998   2961984    0.00    0.00    0.00    0.00    0.00    12  postgres
03:48:40 PM 100998   2961985    0.00    0.00    0.00    0.00    0.00    12  postgres
03:48:40 PM 100998   2961987    0.00    0.00    0.00    0.00    0.00    14  postgres
03:48:40 PM 100998   2961988    0.00    0.00    0.00    0.00    0.00    14  postgres
03:48:40 PM 100998   2962257    0.00    0.00    0.00    0.00    0.00    10  postgres

03:48:40 PM   UID       PID    %usr %system  %guest   %wait    %CPU   CPU  Command
03:48:41 PM 100998   2961984    0.00    0.00    0.00    0.00    0.00    12  postgres
03:48:41 PM 100998   2961985    0.00    0.00    0.00    0.00    0.00    12  postgres
03:48:41 PM 100998   2961987    0.00    0.00    0.00    0.00    0.00    12  postgres
03:48:41 PM 100998   2961988    0.00    0.00    0.00    0.00    0.00    14  postgres
03:48:41 PM 100998   2962257    0.00    0.00    0.00    0.00    0.00    10  postgres

03:48:41 PM   UID       PID    %usr %system  %guest   %wait    %CPU   CPU  Command
03:48:42 PM 100998   2961984    0.00    0.00    0.00    0.00    0.00    12  postgres
03:48:42 PM 100998   2961985    0.00    0.00    0.00    0.00    0.00    12  postgres
03:48:42 PM 100998   2961987    0.00    0.00    0.00    0.00    0.00    12  postgres
03:48:42 PM 100998   2961988    0.00    0.00    0.00    0.00    0.00    14  postgres
03:48:42 PM 100998   2962257    0.00    0.00    0.00    0.00    0.00    10  postgres

03:48:42 PM   UID       PID    %usr %system  %guest   %wait    %CPU   CPU  Command
03:48:43 PM 100998   2961984    0.00    0.00    0.00    0.00    0.00    12  postgres
03:48:43 PM 100998   2961985    0.00    0.00    0.00    0.00    0.00    12  postgres
03:48:43 PM 100998   2961987    0.00    0.00    0.00    0.00    0.00    12  postgres
03:48:43 PM 100998   2961988    0.00    0.00    0.00    0.00    0.00    14  postgres
03:48:43 PM 100998   2962257    0.00    0.00    0.00    0.00    0.00    10  postgres

03:48:43 PM   UID       PID    %usr %system  %guest   %wait    %CPU   CPU  Command
03:48:44 PM 100998   2961984    0.00    0.00    0.00    0.00    0.00    12  postgres
03:48:44 PM 100998   2961985    0.00    0.00    0.00    0.00    0.00    12  postgres
03:48:44 PM 100998   2961987    0.00    0.00    0.00    0.00    0.00    12  postgres
03:48:44 PM 100998   2961988    0.00    0.00    0.00    0.00    0.00    14  postgres
03:48:44 PM 100998   2962257    0.00    0.00    0.00    0.00    0.00    10  postgres

03:48:44 PM   UID       PID    %usr %system  %guest   %wait    %CPU   CPU  Command
03:48:45 PM 100998   2961984    0.00    0.00    0.00    0.00    0.00    12  postgres
03:48:45 PM 100998   2961985    0.00    0.00    0.00    0.00    0.00    12  postgres
03:48:45 PM 100998   2961987    0.00    0.00    0.00    0.00    0.00    12  postgres
03:48:45 PM 100998   2961988    0.00    0.00    0.00    0.00    0.00    14  postgres
03:48:45 PM 100998   2962257    0.00    0.00    0.00    0.00    0.00    10  postgres

03:48:45 PM   UID       PID    %usr %system  %guest   %wait    %CPU   CPU  Command
03:48:46 PM 100998   2961984    0.00    0.00    0.00    0.00    0.00    12  postgres
03:48:46 PM 100998   2961985    0.00    0.00    0.00    0.00    0.00    12  postgres
03:48:46 PM 100998   2961987    0.00    0.00    0.00    0.00    0.00    12  postgres
03:48:46 PM 100998   2961988    0.00    0.00    0.00    0.00    0.00    14  postgres
03:48:46 PM 100998   2962257    0.00    0.00    0.00    0.00    0.00    10  postgres

03:48:46 PM   UID       PID    %usr %system  %guest   %wait    %CPU   CPU  Command
03:48:47 PM 100998   2961984    0.00    0.00    0.00    0.00    0.00    12  postgres
03:48:47 PM 100998   2961985    0.00    0.00    0.00    0.00    0.00    12  postgres
03:48:47 PM 100998   2961987    0.00    0.00    0.00    0.00    0.00    12  postgres
03:48:47 PM 100998   2961988    0.00    0.00    0.00    0.00    0.00    14  postgres
03:48:47 PM 100998   2962257    0.00    0.00    0.00    0.00    0.00    10  postgres

03:48:47 PM   UID       PID    %usr %system  %guest   %wait    %CPU   CPU  Command
03:48:48 PM 100998   2961984    0.00    0.00    0.00    0.00    0.00    12  postgres
03:48:48 PM 100998   2961985    0.00    0.00    0.00    0.00    0.00    12  postgres
03:48:48 PM 100998   2961987    0.00    0.00    0.00    0.00    0.00    12  postgres
03:48:48 PM 100998   2961988    0.00    0.00    0.00    0.00    0.00    14  postgres
03:48:48 PM 100998   2962257    0.00    0.00    0.00    0.00    0.00    10  postgres

03:48:48 PM   UID       PID    %usr %system  %guest   %wait    %CPU   CPU  Command
03:48:49 PM 100998   2961984    0.00    0.00    0.00    0.00    0.00    12  postgres
03:48:49 PM 100998   2961985    0.00    0.00    0.00    0.00    0.00    12  postgres
03:48:49 PM 100998   2961987    0.00    0.00    0.00    0.00    0.00    12  postgres
03:48:49 PM 100998   2961988    0.00    0.00    0.00    0.00    0.00    14  postgres
03:48:49 PM 100998   2962257    0.00    0.00    0.00    0.00    0.00    10  postgres

03:48:49 PM   UID       PID    %usr %system  %guest   %wait    %CPU   CPU  Command
03:48:50 PM 100998   2961984    0.00    0.00    0.00    0.00    0.00    12  postgres
03:48:50 PM 100998   2961985    0.00    0.00    0.00    0.00    0.00    12  postgres
03:48:50 PM 100998   2961987    0.00    0.00    0.00    0.00    0.00    12  postgres
03:48:50 PM 100998   2961988    0.00    0.00    0.00    0.00    0.00    14  postgres
03:48:50 PM 100998   2962257    0.00    0.00    0.00    0.00    0.00    10  postgres

03:48:50 PM   UID       PID    %usr %system  %guest   %wait    %CPU   CPU  Command
03:48:51 PM 100998   2961984    0.00    0.00    0.00    0.00    0.00    12  postgres
03:48:51 PM 100998   2961985    0.00    0.00    0.00    0.00    0.00    12  postgres
03:48:51 PM 100998   2961987    0.00    0.00    0.00    0.00    0.00    12  postgres
03:48:51 PM 100998   2961988    0.00    0.00    0.00    0.00    0.00    14  postgres
03:48:51 PM 100998   2962257    0.00    0.00    0.00    0.00    0.00    10  postgres

03:48:51 PM   UID       PID    %usr %system  %guest   %wait    %CPU   CPU  Command
03:48:52 PM 100998   2961984    0.00    0.00    0.00    0.00    0.00    12  postgres
03:48:52 PM 100998   2961985    0.00    0.00    0.00    0.00    0.00    12  postgres
03:48:52 PM 100998   2961987    0.00    0.00    0.00    0.00    0.00    12  postgres
03:48:52 PM 100998   2961988    0.00    0.00    0.00    0.00    0.00    14  postgres
03:48:52 PM 100998   2962257    0.00    0.00    0.00    0.00    0.00    10  postgres

03:48:52 PM   UID       PID    %usr %system  %guest   %wait    %CPU   CPU  Command
03:48:53 PM 100998   2961984    0.00    0.00    0.00    0.00    0.00    12  postgres
03:48:53 PM 100998   2961985    0.00    0.00    0.00    0.00    0.00    12  postgres
03:48:53 PM 100998   2961987    0.00    0.00    0.00    0.00    0.00    12  postgres
03:48:53 PM 100998   2961988    0.00    0.00    0.00    0.00    0.00    14  postgres
03:48:53 PM 100998   2962257    0.00    0.00    0.00    0.00    0.00    10  postgres

03:48:53 PM   UID       PID    %usr %system  %guest   %wait    %CPU   CPU  Command
03:48:54 PM 100998   2961984    0.00    0.00    0.00    0.00    0.00    12  postgres
03:48:54 PM 100998   2961985    0.00    0.00    0.00    0.00    0.00    12  postgres
03:48:54 PM 100998   2961987    0.00    0.00    0.00    0.00    0.00    12  postgres
03:48:54 PM 100998   2961988    0.00    0.00    0.00    0.00    0.00    14  postgres
03:48:54 PM 100998   2962257    0.00    0.00    0.00    0.00    0.00    10  postgres

03:48:54 PM   UID       PID    %usr %system  %guest   %wait    %CPU   CPU  Command
03:48:55 PM 100998   2961984    0.00    0.00    0.00    0.00    0.00    12  postgres
03:48:55 PM 100998   2961985    0.00    0.00    0.00    0.00    0.00    12  postgres
03:48:55 PM 100998   2961987    0.00    0.00    0.00    0.00    0.00    12  postgres
03:48:55 PM 100998   2961988    0.00    0.00    0.00    0.00    0.00    14  postgres
03:48:55 PM 100998   2962257    0.00    0.00    0.00    0.00    0.00    10  postgres

03:48:55 PM   UID       PID    %usr %system  %guest   %wait    %CPU   CPU  Command
03:48:56 PM 100998   2961984    0.00    0.00    0.00    0.00    0.00    12  postgres
03:48:56 PM 100998   2961985    0.00    0.00    0.00    0.00    0.00    12  postgres
03:48:56 PM 100998   2961987    0.00    0.00    0.00    0.00    0.00    12  postgres
03:48:56 PM 100998   2961988    0.00    0.00    0.00    0.00    0.00    14  postgres
03:48:56 PM 100998   2962257    0.00    0.00    0.00    0.00    0.00    10  postgres

03:48:56 PM   UID       PID    %usr %system  %guest   %wait    %CPU   CPU  Command
03:48:57 PM 100998   2961984    0.00    0.00    0.00    0.00    0.00    12  postgres
03:48:57 PM 100998   2961985    0.00    0.00    0.00    0.00    0.00    12  postgres
03:48:57 PM 100998   2961987    0.00    0.00    0.00    0.00    0.00    12  postgres
03:48:57 PM 100998   2961988    0.00    0.00    0.00    0.00    0.00    14  postgres
03:48:57 PM 100998   2962257    0.00    0.00    0.00    0.00    0.00    10  postgres

03:48:57 PM   UID       PID    %usr %system  %guest   %wait    %CPU   CPU  Command
03:48:58 PM 100998   2961984    0.00    0.00    0.00    0.00    0.00    12  postgres
03:48:58 PM 100998   2961985    0.00    0.00    0.00    0.00    0.00    12  postgres
03:48:58 PM 100998   2961987    0.00    0.00    0.00    0.00    0.00    12  postgres
03:48:58 PM 100998   2961988    0.00    0.00    0.00    0.00    0.00    14  postgres
03:48:58 PM 100998   2962257    0.00    0.00    0.00    0.00    0.00    10  postgres

03:48:58 PM   UID       PID    %usr %system  %guest   %wait    %CPU   CPU  Command
03:48:59 PM 100998   2961984    0.00    0.00    0.00    0.00    0.00    12  postgres
03:48:59 PM 100998   2961985    0.00    0.00    0.00    0.00    0.00    12  postgres
03:48:59 PM 100998   2961987    0.00    0.00    0.00    0.00    0.00    12  postgres
03:48:59 PM 100998   2961988    0.00    0.00    0.00    0.00    0.00    14  postgres
03:48:59 PM 100998   2962257    0.00    0.00    0.00    0.00    0.00    10  postgres

03:48:59 PM   UID       PID    %usr %system  %guest   %wait    %CPU   CPU  Command
03:49:00 PM 100998   2961984    0.00    0.00    0.00    0.00    0.00    12  postgres
03:49:00 PM 100998   2961985    0.00    0.00    0.00    0.00    0.00    12  postgres
03:49:00 PM 100998   2961987    0.00    0.00    0.00    0.00    0.00    12  postgres
03:49:00 PM 100998   2961988    0.00    0.00    0.00    0.00    0.00    14  postgres
03:49:00 PM 100998   2962257    0.00    0.00    0.00    0.00    0.00    10  postgres

03:49:00 PM   UID       PID    %usr %system  %guest   %wait    %CPU   CPU  Command
03:49:01 PM 100998   2961984    0.00    0.00    0.00    0.00    0.00    12  postgres
03:49:01 PM 100998   2961985    0.00    0.00    0.00    0.00    0.00    12  postgres
03:49:01 PM 100998   2961987    0.00    0.00    0.00    0.00    0.00    12  postgres
03:49:01 PM 100998   2961988    0.00    0.00    0.00    0.00    0.00    14  postgres
03:49:01 PM 100998   2962257    0.00    0.00    0.00    0.00    0.00    10  postgres

03:49:01 PM   UID       PID    %usr %system  %guest   %wait    %CPU   CPU  Command
03:49:02 PM 100998   2961984    0.00    0.00    0.00    0.00    0.00    12  postgres
03:49:02 PM 100998   2961985    0.00    0.00    0.00    0.00    0.00    12  postgres
03:49:02 PM 100998   2961987    0.00    0.00    0.00    0.00    0.00    12  postgres
03:49:02 PM 100998   2961988    0.00    0.00    0.00    0.00    0.00    14  postgres
03:49:02 PM 100998   2962257    0.00    0.00    0.00    0.00    0.00    10  postgres

03:49:02 PM   UID       PID    %usr %system  %guest   %wait    %CPU   CPU  Command
03:49:03 PM 100998   2961984    0.00    0.00    0.00    0.00    0.00    12  postgres
03:49:03 PM 100998   2961985    0.00    0.00    0.00    0.00    0.00    12  postgres
03:49:03 PM 100998   2961987    0.00    0.00    0.00    0.00    0.00    12  postgres
03:49:03 PM 100998   2961988    0.00    0.00    0.00    0.00    0.00    14  postgres
03:49:03 PM 100998   2962257    0.00    0.00    0.00    0.00    0.00    10  postgres

03:49:03 PM   UID       PID    %usr %system  %guest   %wait    %CPU   CPU  Command
03:49:04 PM 100998   2961984    0.00    0.00    0.00    0.00    0.00    12  postgres
03:49:04 PM 100998   2961985    0.00    0.00    0.00    0.00    0.00    12  postgres
03:49:04 PM 100998   2961987    0.00    0.00    0.00    0.00    0.00    12  postgres
03:49:04 PM 100998   2961988    0.00    0.00    0.00    0.00    0.00    14  postgres
03:49:04 PM 100998   2962257    0.00    0.00    0.00    0.00    0.00    10  postgres

03:49:04 PM   UID       PID    %usr %system  %guest   %wait    %CPU   CPU  Command
03:49:05 PM 100998   2961984    0.00    0.00    0.00    0.00    0.00    12  postgres
03:49:05 PM 100998   2961985    0.00    0.00    0.00    0.00    0.00    12  postgres
03:49:05 PM 100998   2961987    0.00    0.00    0.00    0.00    0.00    12  postgres
03:49:05 PM 100998   2961988    0.00    0.00    0.00    0.00    0.00    14  postgres
03:49:05 PM 100998   2962257    0.00    0.00    0.00    0.00    0.00    10  postgres

03:49:05 PM   UID       PID    %usr %system  %guest   %wait    %CPU   CPU  Command
03:49:06 PM 100998   2961984    0.00    0.00    0.00    0.00    0.00    12  postgres
03:49:06 PM 100998   2961985    0.00    0.00    0.00    0.00    0.00    12  postgres
03:49:06 PM 100998   2961987    0.00    0.00    0.00    0.00    0.00    12  postgres
03:49:06 PM 100998   2961988    0.00    0.00    0.00    0.00    0.00    14  postgres
03:49:06 PM 100998   2962257    0.00    0.00    0.00    0.00    0.00    10  postgres

03:49:06 PM   UID       PID    %usr %system  %guest   %wait    %CPU   CPU  Command
03:49:07 PM 100998   2961984    0.00    0.00    0.00    0.00    0.00    12  postgres
03:49:07 PM 100998   2961985    0.00    0.00    0.00    0.00    0.00    12  postgres
03:49:07 PM 100998   2961987    0.00    0.00    0.00    0.00    0.00    12  postgres
03:49:07 PM 100998   2961988    0.00    0.00    0.00    0.00    0.00    14  postgres
03:49:07 PM 100998   2962257    0.00    0.00    0.00    0.00    0.00    10  postgres

03:49:07 PM   UID       PID    %usr %system  %guest   %wait    %CPU   CPU  Command
03:49:08 PM 100998   2961984    0.00    0.00    0.00    0.00    0.00    12  postgres
03:49:08 PM 100998   2961985    0.00    0.00    0.00    0.00    0.00    12  postgres
03:49:08 PM 100998   2961987    0.00    0.00    0.00    0.00    0.00    12  postgres
03:49:08 PM 100998   2961988    0.00    0.00    0.00    0.00    0.00    14  postgres
03:49:08 PM 100998   2962257    0.00    0.00    0.00    0.00    0.00    10  postgres

03:49:08 PM   UID       PID    %usr %system  %guest   %wait    %CPU   CPU  Command
03:49:09 PM 100998   2961984    0.00    0.00    0.00    0.00    0.00    12  postgres
03:49:09 PM 100998   2961985    0.00    0.00    0.00    0.00    0.00    12  postgres
03:49:09 PM 100998   2961987    0.00    0.00    0.00    0.00    0.00    12  postgres
03:49:09 PM 100998   2961988    0.00    0.00    0.00    0.00    0.00    14  postgres
03:49:09 PM 100998   2962257    0.00    0.00    0.00    0.00    0.00    10  postgres

03:49:09 PM   UID       PID    %usr %system  %guest   %wait    %CPU   CPU  Command
03:49:10 PM 100998   2961984    0.00    0.00    0.00    0.00    0.00    12  postgres
03:49:10 PM 100998   2961985    0.00    0.00    0.00    0.00    0.00    12  postgres
03:49:10 PM 100998   2961987    0.00    0.00    0.00    0.00    0.00    12  postgres
03:49:10 PM 100998   2961988    0.00    0.00    0.00    0.00    0.00    14  postgres
03:49:10 PM 100998   2962257    0.00    0.00    0.00    0.00    0.00    10  postgres

03:49:10 PM   UID       PID    %usr %system  %guest   %wait    %CPU   CPU  Command
03:49:11 PM 100998   2961984    0.00    0.00    0.00    0.00    0.00    12  postgres
03:49:11 PM 100998   2961985    0.00    0.00    0.00    0.00    0.00    12  postgres
03:49:11 PM 100998   2961987    0.00    0.00    0.00    0.00    0.00    12  postgres
03:49:11 PM 100998   2961988    0.00    0.00    0.00    0.00    0.00    14  postgres
03:49:11 PM 100998   2962257    0.00    0.00    0.00    0.00    0.00    10  postgres

03:49:11 PM   UID       PID    %usr %system  %guest   %wait    %CPU   CPU  Command
03:49:12 PM 100998   2961984    0.00    0.00    0.00    0.00    0.00    12  postgres
03:49:12 PM 100998   2961985    0.00    0.00    0.00    0.00    0.00    12  postgres
03:49:12 PM 100998   2961987    0.00    0.00    0.00    0.00    0.00    12  postgres
03:49:12 PM 100998   2961988    0.00    0.00    0.00    0.00    0.00    14  postgres
03:49:12 PM 100998   2962257    0.00    0.00    0.00    0.00    0.00    10  postgres

03:49:12 PM   UID       PID    %usr %system  %guest   %wait    %CPU   CPU  Command
03:49:13 PM 100998   2961984    0.00    0.00    0.00    0.00    0.00    12  postgres
03:49:13 PM 100998   2961985    0.00    0.00    0.00    0.00    0.00    12  postgres
03:49:13 PM 100998   2961987    0.00    0.00    0.00    0.00    0.00    12  postgres
03:49:13 PM 100998   2961988    0.00    0.00    0.00    0.00    0.00    14  postgres
03:49:13 PM 100998   2962257    0.00    0.00    0.00    0.00    0.00    10  postgres

03:49:13 PM   UID       PID    %usr %system  %guest   %wait    %CPU   CPU  Command
03:49:14 PM 100998   2961984    0.00    0.00    0.00    0.00    0.00    12  postgres
03:49:14 PM 100998   2961985    0.00    0.00    0.00    0.00    0.00    12  postgres
03:49:14 PM 100998   2961987    0.00    0.00    0.00    0.00    0.00    12  postgres
03:49:14 PM 100998   2961988    0.00    0.00    0.00    0.00    0.00    14  postgres
03:49:14 PM 100998   2962257    1.00    0.00    0.00    0.00    1.00    10  postgres

03:49:14 PM   UID       PID    %usr %system  %guest   %wait    %CPU   CPU  Command
03:49:15 PM 100998   2961984    0.00    0.00    0.00    0.00    0.00    12  postgres
03:49:15 PM 100998   2961985    0.00    0.00    0.00    0.00    0.00    12  postgres
03:49:15 PM 100998   2961987    0.00    0.00    0.00    0.00    0.00    12  postgres
03:49:15 PM 100998   2961988    0.00    0.00    0.00    0.00    0.00    14  postgres
03:49:15 PM 100998   2962257    1.00    1.00    0.00    0.00    2.00    14  postgres

03:49:15 PM   UID       PID    %usr %system  %guest   %wait    %CPU   CPU  Command
03:49:16 PM 100998   2961984    0.00    0.00    0.00    0.00    0.00    12  postgres
03:49:16 PM 100998   2961985    0.00    0.00    0.00    0.00    0.00    12  postgres
03:49:16 PM 100998   2961987    0.00    0.00    0.00    0.00    0.00    14  postgres
03:49:16 PM 100998   2961988    0.00    0.00    0.00    0.00    0.00    14  postgres
03:49:16 PM 100998   2962257    1.00    1.00    0.00    0.00    2.00    10  postgres

03:49:16 PM   UID       PID    %usr %system  %guest   %wait    %CPU   CPU  Command
03:49:17 PM 100998   2961984    0.00    0.00    0.00    0.00    0.00    12  postgres
03:49:17 PM 100998   2961985    0.00    0.00    0.00    0.00    0.00    12  postgres
03:49:17 PM 100998   2961987    0.00    0.00    0.00    0.00    0.00    14  postgres
03:49:17 PM 100998   2961988    0.00    0.00    0.00    0.00    0.00    14  postgres
03:49:17 PM 100998   2962257    1.00    1.00    0.00    0.00    2.00    14  postgres

03:49:17 PM   UID       PID    %usr %system  %guest   %wait    %CPU   CPU  Command
03:49:18 PM 100998   2961984    0.00    0.00    0.00    0.00    0.00    12  postgres
03:49:18 PM 100998   2961985    0.00    0.00    0.00    0.00    0.00    12  postgres
03:49:18 PM 100998   2961987    0.00    0.00    0.00    0.00    0.00    14  postgres
03:49:18 PM 100998   2961988    0.00    0.00    0.00    0.00    0.00    14  postgres
03:49:18 PM 100998   2962257    1.00    0.00    0.00    0.00    1.00    12  postgres

03:49:18 PM   UID       PID    %usr %system  %guest   %wait    %CPU   CPU  Command
03:49:19 PM 100998   2961984    0.00    0.00    0.00    0.00    0.00    12  postgres
03:49:19 PM 100998   2961985    0.00    0.00    0.00    0.00    0.00    12  postgres
03:49:19 PM 100998   2961987    0.00    0.00    0.00    0.00    0.00    14  postgres
03:49:19 PM 100998   2961988    0.00    0.00    0.00    0.00    0.00    14  postgres
03:49:19 PM 100998   2962257    1.00    1.00    0.00    0.00    2.00    10  postgres

03:49:19 PM   UID       PID    %usr %system  %guest   %wait    %CPU   CPU  Command
03:49:20 PM 100998   2961984    0.00    0.00    0.00    0.00    0.00    12  postgres
03:49:20 PM 100998   2961985    0.00    0.00    0.00    0.00    0.00    12  postgres
03:49:20 PM 100998   2961987    0.00    0.00    0.00    0.00    0.00    14  postgres
03:49:20 PM 100998   2961988    0.00    0.00    0.00    0.00    0.00    14  postgres
03:49:20 PM 100998   2962257    2.00    1.00    0.00    0.00    3.00    12  postgres

03:49:20 PM   UID       PID    %usr %system  %guest   %wait    %CPU   CPU  Command
03:49:21 PM 100998   2961984    0.00    0.00    0.00    0.00    0.00    12  postgres
03:49:21 PM 100998   2961985    0.00    0.00    0.00    0.00    0.00    12  postgres
03:49:21 PM 100998   2961987    0.00    0.00    0.00    0.00    0.00    14  postgres
03:49:21 PM 100998   2961988    0.00    0.00    0.00    0.00    0.00    14  postgres
03:49:21 PM 100998   2962257    1.00    1.00    0.00    0.00    2.00    14  postgres

03:49:21 PM   UID       PID    %usr %system  %guest   %wait    %CPU   CPU  Command
03:49:22 PM 100998   2961984    0.00    0.00    0.00    0.00    0.00    12  postgres
03:49:22 PM 100998   2961985    0.00    0.00    0.00    0.00    0.00    12  postgres
03:49:22 PM 100998   2961987    0.00    0.00    0.00    0.00    0.00    14  postgres
03:49:22 PM 100998   2961988    0.00    0.00    0.00    0.00    0.00    14  postgres
03:49:22 PM 100998   2962257    1.00    0.00    0.00    0.00    1.00    12  postgres

03:49:22 PM   UID       PID    %usr %system  %guest   %wait    %CPU   CPU  Command
03:49:23 PM 100998   2961984    0.00    0.00    0.00    0.00    0.00    12  postgres
03:49:23 PM 100998   2961985    0.00    0.00    0.00    0.00    0.00    12  postgres
03:49:23 PM 100998   2961987    0.00    0.00    0.00    0.00    0.00    14  postgres
03:49:23 PM 100998   2961988    0.00    0.00    0.00    0.00    0.00    14  postgres
03:49:23 PM 100998   2962257    1.00    1.00    0.00    0.00    2.00    12  postgres

03:49:23 PM   UID       PID    %usr %system  %guest   %wait    %CPU   CPU  Command
03:49:24 PM 100998   2961984    0.00    0.00    0.00    0.00    0.00    12  postgres
03:49:24 PM 100998   2961985    0.00    0.00    0.00    0.00    0.00    12  postgres
03:49:24 PM 100998   2961987    0.00    0.00    0.00    0.00    0.00    14  postgres
03:49:24 PM 100998   2961988    0.00    0.00    0.00    0.00    0.00    14  postgres
03:49:24 PM 100998   2962257    1.00    1.00    0.00    0.00    2.00    10  postgres

03:49:24 PM   UID       PID    %usr %system  %guest   %wait    %CPU   CPU  Command
03:49:25 PM 100998   2961984    0.00    0.00    0.00    0.00    0.00    12  postgres
03:49:25 PM 100998   2961985    0.00    0.00    0.00    0.00    0.00    10  postgres
03:49:25 PM 100998   2961987    0.00    0.00    0.00    0.00    0.00    14  postgres
03:49:25 PM 100998   2961988    0.00    0.00    0.00    0.00    0.00    14  postgres
03:49:25 PM 100998   2962257    1.00    1.00    0.00    0.00    2.00    10  postgres

03:49:25 PM   UID       PID    %usr %system  %guest   %wait    %CPU   CPU  Command
03:49:26 PM 100998   2961984    0.00    0.00    0.00    0.00    0.00    12  postgres
03:49:26 PM 100998   2961985    0.00    0.00    0.00    0.00    0.00    10  postgres
03:49:26 PM 100998   2961987    0.00    0.00    0.00    0.00    0.00    14  postgres
03:49:26 PM 100998   2961988    0.00    0.00    0.00    0.00    0.00    14  postgres
03:49:26 PM 100998   2962257    1.00    1.00    0.00    0.00    2.00    12  postgres

03:49:26 PM   UID       PID    %usr %system  %guest   %wait    %CPU   CPU  Command
03:49:27 PM 100998   2961984    0.00    0.00    0.00    0.00    0.00    12  postgres
03:49:27 PM 100998   2961985    0.00    0.00    0.00    0.00    0.00    10  postgres
03:49:27 PM 100998   2961987    0.00    0.00    0.00    0.00    0.00    14  postgres
03:49:27 PM 100998   2961988    0.00    0.00    0.00    0.00    0.00    14  postgres
03:49:27 PM 100998   2962257    2.00    0.00    0.00    0.00    2.00    10  postgres

03:49:27 PM   UID       PID    %usr %system  %guest   %wait    %CPU   CPU  Command
03:49:28 PM 100998   2961984    0.00    0.00    0.00    0.00    0.00    12  postgres
03:49:28 PM 100998   2961985    0.00    0.00    0.00    0.00    0.00    10  postgres
03:49:28 PM 100998   2961987    0.00    0.00    0.00    0.00    0.00    14  postgres
03:49:28 PM 100998   2961988    0.00    0.00    0.00    0.00    0.00    14  postgres
03:49:28 PM 100998   2962257    1.00    1.00    0.00    0.00    2.00    14  postgres

03:49:28 PM   UID       PID    %usr %system  %guest   %wait    %CPU   CPU  Command
03:49:29 PM 100998   2961984    0.00    0.00    0.00    0.00    0.00    12  postgres
03:49:29 PM 100998   2961985    0.00    0.00    0.00    0.00    0.00    10  postgres
03:49:29 PM 100998   2961987    0.00    0.00    0.00    0.00    0.00    14  postgres
03:49:29 PM 100998   2961988    0.00    0.00    0.00    0.00    0.00    14  postgres
03:49:29 PM 100998   2962257    1.00    2.00    0.00    0.00    3.00    14  postgres

03:49:29 PM   UID       PID    %usr %system  %guest   %wait    %CPU   CPU  Command
03:49:30 PM 100998   2961984    0.00    0.00    0.00    0.00    0.00    12  postgres
03:49:30 PM 100998   2961985    0.00    0.00    0.00    0.00    0.00    10  postgres
03:49:30 PM 100998   2961987    0.00    0.00    0.00    0.00    0.00    14  postgres
03:49:30 PM 100998   2961988    0.00    0.00    0.00    0.00    0.00    14  postgres
03:49:30 PM 100998   2962257    2.00    1.00    0.00    0.00    3.00    14  postgres

03:49:30 PM   UID       PID    %usr %system  %guest   %wait    %CPU   CPU  Command
03:49:31 PM 100998   2961984    0.00    0.00    0.00    0.00    0.00    12  postgres
03:49:31 PM 100998   2961985    0.00    0.00    0.00    0.00    0.00    10  postgres
03:49:31 PM 100998   2961987    0.00    0.00    0.00    0.00    0.00    14  postgres
03:49:31 PM 100998   2961988    0.00    0.00    0.00    0.00    0.00    14  postgres
03:49:31 PM 100998   2962257    1.00    1.00    0.00    0.00    2.00    14  postgres

03:49:31 PM   UID       PID    %usr %system  %guest   %wait    %CPU   CPU  Command
03:49:32 PM 100998   2961984    0.00    0.00    0.00    0.00    0.00    12  postgres
03:49:32 PM 100998   2961985    0.00    0.00    0.00    0.00    0.00    10  postgres
03:49:32 PM 100998   2961987    0.00    0.00    0.00    0.00    0.00    14  postgres
03:49:32 PM 100998   2961988    0.00    0.00    0.00    0.00    0.00    14  postgres
03:49:32 PM 100998   2962257    1.00    1.00    0.00    0.00    2.00    14  postgres

03:49:32 PM   UID       PID    %usr %system  %guest   %wait    %CPU   CPU  Command
03:49:33 PM 100998   2961984    0.00    0.00    0.00    0.00    0.00    12  postgres
03:49:33 PM 100998   2961985    0.00    0.00    0.00    0.00    0.00    10  postgres
03:49:33 PM 100998   2961987    0.00    0.00    0.00    0.00    0.00    14  postgres
03:49:33 PM 100998   2961988    0.00    0.00    0.00    0.00    0.00    14  postgres
03:49:33 PM 100998   2962257    1.00    1.00    0.00    0.00    2.00    14  postgres

03:49:33 PM   UID       PID    %usr %system  %guest   %wait    %CPU   CPU  Command
03:49:34 PM 100998   2961984    0.00    0.00    0.00    0.00    0.00    12  postgres
03:49:34 PM 100998   2961985    0.00    0.00    0.00    0.00    0.00    10  postgres
03:49:34 PM 100998   2961987    0.00    0.00    0.00    0.00    0.00    14  postgres
03:49:34 PM 100998   2961988    0.00    0.00    0.00    0.00    0.00    14  postgres
03:49:34 PM 100998   2962257    2.00    1.00    0.00    0.00    3.00    10  postgres

03:49:34 PM   UID       PID    %usr %system  %guest   %wait    %CPU   CPU  Command
03:49:35 PM 100998   2961984    0.00    0.00    0.00    0.00    0.00    12  postgres
03:49:35 PM 100998   2961985    0.00    0.00    0.00    0.00    0.00    10  postgres
03:49:35 PM 100998   2961987    0.00    0.00    0.00    0.00    0.00    14  postgres
03:49:35 PM 100998   2961988    0.00    0.00    0.00    0.00    0.00    14  postgres
03:49:35 PM 100998   2962257    1.00    1.00    0.00    0.00    2.00    14  postgres

03:49:35 PM   UID       PID    %usr %system  %guest   %wait    %CPU   CPU  Command
03:49:36 PM 100998   2961984    0.00    0.00    0.00    0.00    0.00    12  postgres
03:49:36 PM 100998   2961985    0.00    0.00    0.00    0.00    0.00    10  postgres
03:49:36 PM 100998   2961987    0.00    0.00    0.00    0.00    0.00    12  postgres
03:49:36 PM 100998   2961988    0.00    0.00    0.00    0.00    0.00    14  postgres
03:49:36 PM 100998   2962257    2.00    0.00    0.00    0.00    2.00    12  postgres

03:49:36 PM   UID       PID    %usr %system  %guest   %wait    %CPU   CPU  Command
03:49:37 PM 100998   2961984    0.00    0.00    0.00    0.00    0.00    12  postgres
03:49:37 PM 100998   2961985    0.00    0.00    0.00    0.00    0.00    10  postgres
03:49:37 PM 100998   2961987    0.00    0.00    0.00    0.00    0.00    12  postgres
03:49:37 PM 100998   2961988    0.00    0.00    0.00    0.00    0.00    14  postgres
03:49:37 PM 100998   2962257    1.00    1.00    0.00    0.00    2.00    12  postgres

03:49:37 PM   UID       PID    %usr %system  %guest   %wait    %CPU   CPU  Command
03:49:38 PM 100998   2961984    0.00    0.00    0.00    0.00    0.00    12  postgres
03:49:38 PM 100998   2961985    0.00    0.00    0.00    0.00    0.00    10  postgres
03:49:38 PM 100998   2961987    0.00    0.00    0.00    0.00    0.00    12  postgres
03:49:38 PM 100998   2961988    0.00    0.00    0.00    0.00    0.00    14  postgres
03:49:38 PM 100998   2962257    1.00    1.00    0.00    0.00    2.00    14  postgres

03:49:38 PM   UID       PID    %usr %system  %guest   %wait    %CPU   CPU  Command
03:49:39 PM 100998   2961984    0.00    0.00    0.00    0.00    0.00    12  postgres
03:49:39 PM 100998   2961985    0.00    0.00    0.00    0.00    0.00    10  postgres
03:49:39 PM 100998   2961987    0.00    0.00    0.00    0.00    0.00    12  postgres
03:49:39 PM 100998   2961988    0.00    0.00    0.00    0.00    0.00    14  postgres
03:49:39 PM 100998   2962257    2.00    1.00    0.00    0.00    3.00    14  postgres

03:49:39 PM   UID       PID    %usr %system  %guest   %wait    %CPU   CPU  Command
03:49:40 PM 100998   2961984    0.00    0.00    0.00    0.00    0.00    12  postgres
03:49:40 PM 100998   2961985    0.00    0.00    0.00    0.00    0.00    10  postgres
03:49:40 PM 100998   2961987    0.00    0.00    0.00    0.00    0.00    12  postgres
03:49:40 PM 100998   2961988    0.00    0.00    0.00    0.00    0.00    14  postgres
03:49:40 PM 100998   2962257    1.00    1.00    0.00    0.00    2.00    10  postgres

03:49:40 PM   UID       PID    %usr %system  %guest   %wait    %CPU   CPU  Command
03:49:41 PM 100998   2961984    0.00    0.00    0.00    0.00    0.00    12  postgres
03:49:41 PM 100998   2961985    0.00    0.00    0.00    0.00    0.00    10  postgres
03:49:41 PM 100998   2961987    0.00    0.00    0.00    0.00    0.00    12  postgres
03:49:41 PM 100998   2961988    0.00    0.00    0.00    0.00    0.00    14  postgres
03:49:41 PM 100998   2962257    1.00    1.00    0.00    0.00    2.00    12  postgres

03:49:41 PM   UID       PID    %usr %system  %guest   %wait    %CPU   CPU  Command
03:49:42 PM 100998   2961984    0.00    0.00    0.00    0.00    0.00    12  postgres
03:49:42 PM 100998   2961985    0.00    0.00    0.00    0.00    0.00    10  postgres
03:49:42 PM 100998   2961987    0.00    0.00    0.00    0.00    0.00    12  postgres
03:49:42 PM 100998   2961988    0.00    0.00    0.00    0.00    0.00    14  postgres
03:49:42 PM 100998   2962257    2.00    0.00    0.00    0.00    2.00    10  postgres

03:49:42 PM   UID       PID    %usr %system  %guest   %wait    %CPU   CPU  Command
03:49:43 PM 100998   2961984    0.00    0.00    0.00    0.00    0.00    12  postgres
03:49:43 PM 100998   2961985    0.00    0.00    0.00    0.00    0.00    10  postgres
03:49:43 PM 100998   2961987    0.00    0.00    0.00    0.00    0.00    12  postgres
03:49:43 PM 100998   2961988    0.00    0.00    0.00    0.00    0.00    14  postgres
03:49:43 PM 100998   2962257    2.00    1.00    0.00    0.00    3.00    12  postgres

03:49:43 PM   UID       PID    %usr %system  %guest   %wait    %CPU   CPU  Command
03:49:44 PM 100998   2961984    0.00    0.00    0.00    0.00    0.00    12  postgres
03:49:44 PM 100998   2961985    0.00    0.00    0.00    0.00    0.00    10  postgres
03:49:44 PM 100998   2961987    0.00    0.00    0.00    0.00    0.00    12  postgres
03:49:44 PM 100998   2961988    0.00    0.00    0.00    0.00    0.00    14  postgres
03:49:44 PM 100998   2962257    1.00    1.00    0.00    0.00    2.00    10  postgres

03:49:44 PM   UID       PID    %usr %system  %guest   %wait    %CPU   CPU  Command
03:49:45 PM 100998   2961984    0.00    0.00    0.00    0.00    0.00    12  postgres
03:49:45 PM 100998   2961985    0.00    0.00    0.00    0.00    0.00    10  postgres
03:49:45 PM 100998   2961987    0.00    0.00    0.00    0.00    0.00    12  postgres
03:49:45 PM 100998   2961988    0.00    0.00    0.00    0.00    0.00    14  postgres
03:49:45 PM 100998   2962257    2.00    1.00    0.00    0.00    3.00    12  postgres

03:49:45 PM   UID       PID    %usr %system  %guest   %wait    %CPU   CPU  Command
03:49:46 PM 100998   2961984    0.00    0.00    0.00    0.00    0.00    12  postgres
03:49:46 PM 100998   2961985    0.00    0.00    0.00    0.00    0.00    10  postgres
03:49:46 PM 100998   2961987    0.00    0.00    0.00    0.00    0.00    12  postgres
03:49:46 PM 100998   2961988    0.00    0.00    0.00    0.00    0.00    14  postgres
03:49:46 PM 100998   2962257    1.00    1.00    0.00    0.00    2.00    10  postgres

03:49:46 PM   UID       PID    %usr %system  %guest   %wait    %CPU   CPU  Command
03:49:47 PM 100998   2961984    0.00    0.00    0.00    0.00    0.00    12  postgres
03:49:47 PM 100998   2961985    0.00    0.00    0.00    0.00    0.00    10  postgres
03:49:47 PM 100998   2961987    0.00    0.00    0.00    0.00    0.00    12  postgres
03:49:47 PM 100998   2961988    0.00    0.00    0.00    0.00    0.00    14  postgres
03:49:47 PM 100998   2962257    1.00    0.00    0.00    0.00    1.00    14  postgres

03:49:47 PM   UID       PID    %usr %system  %guest   %wait    %CPU   CPU  Command
03:49:48 PM 100998   2961984    0.00    0.00    0.00    0.00    0.00    12  postgres
03:49:48 PM 100998   2961985    0.00    0.00    0.00    0.00    0.00    10  postgres
03:49:48 PM 100998   2961987    0.00    0.00    0.00    0.00    0.00    12  postgres
03:49:48 PM 100998   2961988    0.00    0.00    0.00    0.00    0.00    14  postgres
03:49:48 PM 100998   2962257    1.00    1.00    0.00    0.00    2.00    10  postgres

03:49:48 PM   UID       PID    %usr %system  %guest   %wait    %CPU   CPU  Command
03:49:49 PM 100998   2961984    0.00    0.00    0.00    0.00    0.00    12  postgres
03:49:49 PM 100998   2961985    0.00    0.00    0.00    0.00    0.00    10  postgres
03:49:49 PM 100998   2961987    0.00    0.00    0.00    0.00    0.00    12  postgres
03:49:49 PM 100998   2961988    0.00    0.00    0.00    0.00    0.00    14  postgres
03:49:49 PM 100998   2962257    1.00    1.00    0.00    0.00    2.00    12  postgres

03:49:49 PM   UID       PID    %usr %system  %guest   %wait    %CPU   CPU  Command
03:49:50 PM 100998   2961984    0.00    0.00    0.00    0.00    0.00    12  postgres
03:49:50 PM 100998   2961985    0.00    0.00    0.00    0.00    0.00    10  postgres
03:49:50 PM 100998   2961987    0.00    0.00    0.00    0.00    0.00    12  postgres
03:49:50 PM 100998   2961988    0.00    0.00    0.00    0.00    0.00    14  postgres
03:49:50 PM 100998   2962257    1.00    0.00    0.00    0.00    1.00    10  postgres

03:49:50 PM   UID       PID    %usr %system  %guest   %wait    %CPU   CPU  Command
03:49:51 PM 100998   2961984    0.00    0.00    0.00    0.00    0.00    12  postgres
03:49:51 PM 100998   2961985    0.00    0.00    0.00    0.00    0.00    10  postgres
03:49:51 PM 100998   2961987    0.00    0.00    0.00    0.00    0.00    12  postgres
03:49:51 PM 100998   2961988    0.00    0.00    0.00    0.00    0.00    14  postgres
03:49:51 PM 100998   2962257    0.00    0.00    0.00    0.00    0.00    10  postgres

03:49:51 PM   UID       PID    %usr %system  %guest   %wait    %CPU   CPU  Command
03:49:52 PM 100998   2961984    0.00    0.00    0.00    0.00    0.00    12  postgres
03:49:52 PM 100998   2961985    0.00    0.00    0.00    0.00    0.00    10  postgres
03:49:52 PM 100998   2961987    0.00    0.00    0.00    0.00    0.00    12  postgres
03:49:52 PM 100998   2961988    0.00    0.00    0.00    0.00    0.00    14  postgres
03:49:52 PM 100998   2962257    0.00    0.00    0.00    0.00    0.00    10  postgres

03:49:52 PM   UID       PID    %usr %system  %guest   %wait    %CPU   CPU  Command
03:49:53 PM 100998   2961984    0.00    0.00    0.00    0.00    0.00    12  postgres
03:49:53 PM 100998   2961985    0.00    0.00    0.00    0.00    0.00    10  postgres
03:49:53 PM 100998   2961987    0.00    0.00    0.00    0.00    0.00    12  postgres
03:49:53 PM 100998   2961988    0.00    0.00    0.00    0.00    0.00    14  postgres
03:49:53 PM 100998   2962257    0.00    0.00    0.00    0.00    0.00    10  postgres

03:49:53 PM   UID       PID    %usr %system  %guest   %wait    %CPU   CPU  Command
03:49:54 PM 100998   2961984    0.00    0.00    0.00    0.00    0.00    12  postgres
03:49:54 PM 100998   2961985    0.00    0.00    0.00    0.00    0.00    10  postgres
03:49:54 PM 100998   2961987    0.00    0.00    0.00    0.00    0.00    12  postgres
03:49:54 PM 100998   2961988    0.00    0.00    0.00    0.00    0.00    14  postgres
03:49:54 PM 100998   2962257    0.00    0.00    0.00    0.00    0.00    10  postgres

03:49:54 PM   UID       PID    %usr %system  %guest   %wait    %CPU   CPU  Command
03:49:55 PM 100998   2961984    0.00    0.00    0.00    0.00    0.00    12  postgres
03:49:55 PM 100998   2961985    0.00    0.00    0.00    0.00    0.00    10  postgres
03:49:55 PM 100998   2961987    0.00    0.00    0.00    0.00    0.00    12  postgres
03:49:55 PM 100998   2961988    0.00    0.00    0.00    0.00    0.00    14  postgres
03:49:55 PM 100998   2962257    0.00    0.00    0.00    0.00    0.00    10  postgres
