Linux 5.14.0-570.60.1.el9_6.x86_64 *****) 	03/10/2026 	_x86_64_	(64 CPU)

04:32:33 AM   UID       PID    %usr %system  %guest   %wait    %CPU   CPU  Command
04:32:34 AM 100998   3665322    0.00    0.00    0.00    0.00    0.00     4  postgres
04:32:34 AM 100998   3665323    0.00    0.00    0.00    0.00    0.00     5  postgres
04:32:34 AM 100998   3665325    0.00    0.00    0.00    0.00    0.00     4  postgres
04:32:34 AM 100998   3665326    0.00    0.00    0.00    0.00    0.00     5  postgres
04:32:34 AM 100998   3665851    0.00    0.00    0.00    0.00    0.00     5  postgres

04:32:34 AM   UID       PID    %usr %system  %guest   %wait    %CPU   CPU  Command
04:32:35 AM 100998   3665322    0.00    0.00    0.00    0.00    0.00     4  postgres
04:32:35 AM 100998   3665323    0.00    0.00    0.00    0.00    0.00     5  postgres
04:32:35 AM 100998   3665325    0.00    0.00    0.00    0.00    0.00     4  postgres
04:32:35 AM 100998   3665326    0.00    0.00    0.00    0.00    0.00     5  postgres
04:32:35 AM 100998   3665851    0.00    0.00    0.00    0.00    0.00     5  postgres

04:32:35 AM   UID       PID    %usr %system  %guest   %wait    %CPU   CPU  Command
04:32:36 AM 100998   3665322    0.00    0.00    0.00    0.00    0.00     4  postgres
04:32:36 AM 100998   3665323    0.00    0.00    0.00    0.00    0.00     5  postgres
04:32:36 AM 100998   3665325    0.00    0.00    0.00    0.00    0.00     4  postgres
04:32:36 AM 100998   3665326    0.00    0.00    0.00    0.00    0.00     5  postgres
04:32:36 AM 100998   3665851    0.00    0.00    0.00    0.00    0.00     5  postgres

04:32:36 AM   UID       PID    %usr %system  %guest   %wait    %CPU   CPU  Command
04:32:37 AM 100998   3665322    0.00    0.00    0.00    0.00    0.00     4  postgres
04:32:37 AM 100998   3665323    0.00    0.00    0.00    0.00    0.00     5  postgres
04:32:37 AM 100998   3665325    0.00    0.00    0.00    0.00    0.00     4  postgres
04:32:37 AM 100998   3665326    0.00    0.00    0.00    0.00    0.00     5  postgres
04:32:37 AM 100998   3665851    0.00    0.00    0.00    0.00    0.00     5  postgres

04:32:37 AM   UID       PID    %usr %system  %guest   %wait    %CPU   CPU  Command
04:32:38 AM 100998   3665322    0.00    0.00    0.00    0.00    0.00     4  postgres
04:32:38 AM 100998   3665323    0.00    0.00    0.00    0.00    0.00     5  postgres
04:32:38 AM 100998   3665325    0.00    0.00    0.00    0.00    0.00     4  postgres
04:32:38 AM 100998   3665326    0.00    0.00    0.00    0.00    0.00     5  postgres
04:32:38 AM 100998   3665851    0.00    0.00    0.00    0.00    0.00     5  postgres

04:32:38 AM   UID       PID    %usr %system  %guest   %wait    %CPU   CPU  Command
04:32:39 AM 100998   3665322    0.00    0.00    0.00    0.00    0.00     4  postgres
04:32:39 AM 100998   3665323    0.00    0.00    0.00    0.00    0.00     5  postgres
04:32:39 AM 100998   3665325    0.00    0.00    0.00    0.00    0.00     4  postgres
04:32:39 AM 100998   3665326    0.00    0.00    0.00    0.00    0.00     5  postgres
04:32:39 AM 100998   3665851    0.00    0.00    0.00    0.00    0.00     5  postgres

04:32:39 AM   UID       PID    %usr %system  %guest   %wait    %CPU   CPU  Command
04:32:40 AM 100998   3665322    0.00    0.00    0.00    0.00    0.00     4  postgres
04:32:40 AM 100998   3665323    0.00    0.00    0.00    0.00    0.00     5  postgres
04:32:40 AM 100998   3665325    0.00    0.00    0.00    0.00    0.00     4  postgres
04:32:40 AM 100998   3665326    0.00    0.00    0.00    0.00    0.00     5  postgres
04:32:40 AM 100998   3665851    0.00    1.00    0.00    0.00    1.00     6  postgres

04:32:40 AM   UID       PID    %usr %system  %guest   %wait    %CPU   CPU  Command
04:32:41 AM 100998   3665322    0.00    0.00    0.00    0.00    0.00     4  postgres
04:32:41 AM 100998   3665323    0.00    0.00    0.00    0.00    0.00     5  postgres
04:32:41 AM 100998   3665325    0.00    0.00    0.00    0.00    0.00     4  postgres
04:32:41 AM 100998   3665326    0.00    0.00    0.00    0.00    0.00     5  postgres
04:32:41 AM 100998   3665851    1.00    0.00    0.00    0.00    1.00     6  postgres

04:32:41 AM   UID       PID    %usr %system  %guest   %wait    %CPU   CPU  Command
04:32:42 AM 100998   3665322    0.00    0.00    0.00    0.00    0.00     4  postgres
04:32:42 AM 100998   3665323    0.00    0.00    0.00    0.00    0.00     5  postgres
04:32:42 AM 100998   3665325    0.00    0.00    0.00    0.00    0.00     4  postgres
04:32:42 AM 100998   3665326    0.00    0.00    0.00    0.00    0.00     5  postgres
04:32:42 AM 100998   3665851    1.00    0.00    0.00    0.00    1.00     4  postgres

04:32:42 AM   UID       PID    %usr %system  %guest   %wait    %CPU   CPU  Command
04:32:43 AM 100998   3665322    0.00    0.00    0.00    0.00    0.00     4  postgres
04:32:43 AM 100998   3665323    0.00    0.00    0.00    0.00    0.00     5  postgres
04:32:43 AM 100998   3665325    0.00    0.00    0.00    0.00    0.00     4  postgres
04:32:43 AM 100998   3665326    0.00    0.00    0.00    0.00    0.00     5  postgres
04:32:43 AM 100998   3665851    1.00    0.00    0.00    0.00    1.00     4  postgres

04:32:43 AM   UID       PID    %usr %system  %guest   %wait    %CPU   CPU  Command
04:32:44 AM 100998   3665322    0.00    0.00    0.00    0.00    0.00     4  postgres
04:32:44 AM 100998   3665323    0.00    0.00    0.00    0.00    0.00     5  postgres
04:32:44 AM 100998   3665325    0.00    0.00    0.00    0.00    0.00     4  postgres
04:32:44 AM 100998   3665326    0.00    0.00    0.00    0.00    0.00     5  postgres
04:32:44 AM 100998   3665851    1.00    1.00    0.00    0.00    2.00     6  postgres

04:32:44 AM   UID       PID    %usr %system  %guest   %wait    %CPU   CPU  Command
04:32:45 AM 100998   3665322    0.00    0.00    0.00    0.00    0.00     4  postgres
04:32:45 AM 100998   3665323    0.00    0.00    0.00    0.00    0.00     5  postgres
04:32:45 AM 100998   3665325    0.00    0.00    0.00    0.00    0.00     4  postgres
04:32:45 AM 100998   3665326    0.00    0.00    0.00    0.00    0.00     5  postgres
04:32:45 AM 100998   3665851    0.00    0.00    0.00    0.00    0.00     6  postgres

04:32:45 AM   UID       PID    %usr %system  %guest   %wait    %CPU   CPU  Command
04:32:46 AM 100998   3665322    0.00    0.00    0.00    0.00    0.00     4  postgres
04:32:46 AM 100998   3665323    0.00    0.00    0.00    0.00    0.00     5  postgres
04:32:46 AM 100998   3665325    0.00    0.00    0.00    0.00    0.00     4  postgres
04:32:46 AM 100998   3665326    0.00    0.00    0.00    0.00    0.00     5  postgres
04:32:46 AM 100998   3665851    1.00    0.00    0.00    0.00    1.00     5  postgres

04:32:46 AM   UID       PID    %usr %system  %guest   %wait    %CPU   CPU  Command
04:32:47 AM 100998   3665322    0.00    0.00    0.00    0.00    0.00     4  postgres
04:32:47 AM 100998   3665323    0.00    0.00    0.00    0.00    0.00     5  postgres
04:32:47 AM 100998   3665325    0.00    0.00    0.00    0.00    0.00     4  postgres
04:32:47 AM 100998   3665326    0.00    0.00    0.00    0.00    0.00     5  postgres
04:32:47 AM 100998   3665851    2.00    1.00    0.00    0.00    3.00     5  postgres

04:32:47 AM   UID       PID    %usr %system  %guest   %wait    %CPU   CPU  Command
04:32:48 AM 100998   3665322    0.00    0.00    0.00    0.00    0.00     4  postgres
04:32:48 AM 100998   3665323    0.00    0.00    0.00    0.00    0.00     5  postgres
04:32:48 AM 100998   3665325    0.00    0.00    0.00    0.00    0.00     4  postgres
04:32:48 AM 100998   3665326    0.00    0.00    0.00    0.00    0.00     5  postgres
04:32:48 AM 100998   3665851    0.00    1.00    0.00    0.00    1.00     6  postgres

04:32:48 AM   UID       PID    %usr %system  %guest   %wait    %CPU   CPU  Command
04:32:49 AM 100998   3665322    0.00    0.00    0.00    0.00    0.00     4  postgres
04:32:49 AM 100998   3665323    0.00    0.00    0.00    0.00    0.00     5  postgres
04:32:49 AM 100998   3665325    0.00    0.00    0.00    0.00    0.00     4  postgres
04:32:49 AM 100998   3665326    0.00    0.00    0.00    0.00    0.00     5  postgres
04:32:49 AM 100998   3665851    2.00    1.00    0.00    1.00    3.00     4  postgres

04:32:49 AM   UID       PID    %usr %system  %guest   %wait    %CPU   CPU  Command
04:32:50 AM 100998   3665322    0.00    0.00    0.00    0.00    0.00     4  postgres
04:32:50 AM 100998   3665323    0.00    0.00    0.00    0.00    0.00     5  postgres
04:32:50 AM 100998   3665325    0.00    0.00    0.00    0.00    0.00     4  postgres
04:32:50 AM 100998   3665326    0.00    0.00    0.00    0.00    0.00     5  postgres
04:32:50 AM 100998   3665851    1.00    1.00    0.00    1.00    2.00     6  postgres

04:32:50 AM   UID       PID    %usr %system  %guest   %wait    %CPU   CPU  Command
04:32:51 AM 100998   3665322    0.00    0.00    0.00    0.00    0.00     4  postgres
04:32:51 AM 100998   3665323    0.00    0.00    0.00    0.00    0.00     4  postgres
04:32:51 AM 100998   3665325    0.00    0.00    0.00    0.00    0.00     4  postgres
04:32:51 AM 100998   3665326    0.00    0.00    0.00    0.00    0.00     5  postgres
04:32:51 AM 100998   3665851    2.00    2.00    0.00    1.00    4.00     4  postgres

04:32:51 AM   UID       PID    %usr %system  %guest   %wait    %CPU   CPU  Command
04:32:52 AM 100998   3665322    0.00    0.00    0.00    0.00    0.00     4  postgres
04:32:52 AM 100998   3665323    0.00    0.00    0.00    0.00    0.00     5  postgres
04:32:52 AM 100998   3665325    0.00    0.00    0.00    0.00    0.00     5  postgres
04:32:52 AM 100998   3665326    0.00    0.00    0.00    0.00    0.00     5  postgres
04:32:52 AM 100998   3665851    2.00    2.00    0.00    3.00    4.00     6  postgres

04:32:52 AM   UID       PID    %usr %system  %guest   %wait    %CPU   CPU  Command
04:32:53 AM 100998   3665322    0.00    0.00    0.00    0.00    0.00     4  postgres
04:32:53 AM 100998   3665323    0.00    0.00    0.00    0.00    0.00     5  postgres
04:32:53 AM 100998   3665325    0.00    0.00    0.00    0.00    0.00     5  postgres
04:32:53 AM 100998   3665326    0.00    0.00    0.00    0.00    0.00     5  postgres
04:32:53 AM 100998   3665851    3.00    1.00    0.00    4.00    4.00     5  postgres

04:32:53 AM   UID       PID    %usr %system  %guest   %wait    %CPU   CPU  Command
04:32:54 AM 100998   3665322    0.00    0.00    0.00    0.00    0.00     4  postgres
04:32:54 AM 100998   3665323    0.00    0.00    0.00    0.00    0.00     5  postgres
04:32:54 AM 100998   3665325    0.00    0.00    0.00    0.00    0.00     5  postgres
04:32:54 AM 100998   3665326    0.00    0.00    0.00    0.00    0.00     5  postgres
04:32:54 AM 100998   3665851    2.00    2.00    0.00    4.00    4.00     5  postgres

04:32:54 AM   UID       PID    %usr %system  %guest   %wait    %CPU   CPU  Command
04:32:55 AM 100998   3665322    0.00    0.00    0.00    0.00    0.00     4  postgres
04:32:55 AM 100998   3665323    0.00    0.00    0.00    0.00    0.00     5  postgres
04:32:55 AM 100998   3665325    0.00    0.00    0.00    0.00    0.00     5  postgres
04:32:55 AM 100998   3665326    0.00    0.00    0.00    0.00    0.00     5  postgres
04:32:55 AM 100998   3665851    2.00    2.00    0.00    4.00    4.00     4  postgres

04:32:55 AM   UID       PID    %usr %system  %guest   %wait    %CPU   CPU  Command
04:32:56 AM 100998   3665322    0.00    0.00    0.00    0.00    0.00     4  postgres
04:32:56 AM 100998   3665323    0.00    0.00    0.00    0.00    0.00     5  postgres
04:32:56 AM 100998   3665325    0.00    0.00    0.00    0.00    0.00     5  postgres
04:32:56 AM 100998   3665326    0.00    0.00    0.00    0.00    0.00     5  postgres
04:32:56 AM 100998   3665851    2.00    2.00    0.00    4.00    4.00     4  postgres

04:32:56 AM   UID       PID    %usr %system  %guest   %wait    %CPU   CPU  Command
04:32:57 AM 100998   3665322    0.00    0.00    0.00    0.00    0.00     4  postgres
04:32:57 AM 100998   3665323    0.00    0.00    0.00    0.00    0.00     5  postgres
04:32:57 AM 100998   3665325    0.00    0.00    0.00    0.00    0.00     6  postgres
04:32:57 AM 100998   3665326    0.00    0.00    0.00    0.00    0.00     5  postgres
04:32:57 AM 100998   3665851    2.00    2.00    0.00    4.00    4.00     4  postgres

04:32:57 AM   UID       PID    %usr %system  %guest   %wait    %CPU   CPU  Command
04:32:58 AM 100998   3665322    0.00    0.00    0.00    0.00    0.00     4  postgres
04:32:58 AM 100998   3665323    0.00    0.00    0.00    0.00    0.00     6  postgres
04:32:58 AM 100998   3665325    0.00    0.00    0.00    0.00    0.00     6  postgres
04:32:58 AM 100998   3665326    0.00    0.00    0.00    0.00    0.00     5  postgres
04:32:58 AM 100998   3665851    2.00    2.00    0.00    4.00    4.00     5  postgres

04:32:58 AM   UID       PID    %usr %system  %guest   %wait    %CPU   CPU  Command
04:32:59 AM 100998   3665322    0.00    0.00    0.00    0.00    0.00     4  postgres
04:32:59 AM 100998   3665323    0.00    0.00    0.00    0.00    0.00     4  postgres
04:32:59 AM 100998   3665325    0.00    0.00    0.00    0.00    0.00     6  postgres
04:32:59 AM 100998   3665326    0.00    0.00    0.00    0.00    0.00     5  postgres
04:32:59 AM 100998   3665851    2.00    2.00    0.00    4.00    4.00     4  postgres

04:32:59 AM   UID       PID    %usr %system  %guest   %wait    %CPU   CPU  Command
04:33:00 AM 100998   3665322    0.00    0.00    0.00    0.00    0.00     4  postgres
04:33:00 AM 100998   3665323    0.00    0.00    0.00    0.00    0.00     4  postgres
04:33:00 AM 100998   3665325    0.00    0.00    0.00    0.00    0.00     6  postgres
04:33:00 AM 100998   3665326    0.00    0.00    0.00    0.00    0.00     5  postgres
04:33:00 AM 100998   3665851    2.00    2.00    0.00    4.00    4.00     4  postgres

04:33:00 AM   UID       PID    %usr %system  %guest   %wait    %CPU   CPU  Command
04:33:01 AM 100998   3665322    0.00    0.00    0.00    0.00    0.00     4  postgres
04:33:01 AM 100998   3665323    0.00    0.00    0.00    0.00    0.00     6  postgres
04:33:01 AM 100998   3665325    0.00    0.00    0.00    0.00    0.00     6  postgres
04:33:01 AM 100998   3665326    0.00    0.00    0.00    0.00    0.00     5  postgres
04:33:01 AM 100998   3665851    3.00    1.00    0.00    4.00    4.00     6  postgres

04:33:01 AM   UID       PID    %usr %system  %guest   %wait    %CPU   CPU  Command
04:33:02 AM 100998   3665322    0.00    0.00    0.00    0.00    0.00     4  postgres
04:33:02 AM 100998   3665323    0.00    0.00    0.00    0.00    0.00     4  postgres
04:33:02 AM 100998   3665325    0.00    0.00    0.00    0.00    0.00     6  postgres
04:33:02 AM 100998   3665326    0.00    0.00    0.00    0.00    0.00     5  postgres
04:33:02 AM 100998   3665851    3.00    2.00    0.00    4.00    5.00     6  postgres

04:33:02 AM   UID       PID    %usr %system  %guest   %wait    %CPU   CPU  Command
04:33:03 AM 100998   3665322    0.00    0.00    0.00    0.00    0.00     4  postgres
04:33:03 AM 100998   3665323    0.00    0.00    0.00    0.00    0.00     4  postgres
04:33:03 AM 100998   3665325    0.00    0.00    0.00    0.00    0.00     6  postgres
04:33:03 AM 100998   3665326    0.00    0.00    0.00    0.00    0.00     5  postgres
04:33:03 AM 100998   3665851    2.00    2.00    0.00    5.00    4.00     4  postgres

04:33:03 AM   UID       PID    %usr %system  %guest   %wait    %CPU   CPU  Command
04:33:04 AM 100998   3665322    0.00    0.00    0.00    0.00    0.00     4  postgres
04:33:04 AM 100998   3665323    0.00    0.00    0.00    0.00    0.00     6  postgres
04:33:04 AM 100998   3665325    0.00    0.00    0.00    0.00    0.00     6  postgres
04:33:04 AM 100998   3665326    0.00    0.00    0.00    0.00    0.00     5  postgres
04:33:04 AM 100998   3665851    3.00    2.00    0.00    4.00    5.00     6  postgres

04:33:04 AM   UID       PID    %usr %system  %guest   %wait    %CPU   CPU  Command
04:33:05 AM 100998   3665322    0.00    0.00    0.00    0.00    0.00     4  postgres
04:33:05 AM 100998   3665323    0.00    0.00    0.00    0.00    0.00     6  postgres
04:33:05 AM 100998   3665325    0.00    0.00    0.00    0.00    0.00     6  postgres
04:33:05 AM 100998   3665326    0.00    0.00    0.00    0.00    0.00     5  postgres
04:33:05 AM 100998   3665851    2.00    2.00    0.00    5.00    4.00     4  postgres

04:33:05 AM   UID       PID    %usr %system  %guest   %wait    %CPU   CPU  Command
04:33:06 AM 100998   3665322    0.00    0.00    0.00    0.00    0.00     4  postgres
04:33:06 AM 100998   3665323    0.00    0.00    0.00    0.00    0.00     6  postgres
04:33:06 AM 100998   3665325    0.00    0.00    0.00    0.00    0.00     6  postgres
04:33:06 AM 100998   3665326    0.00    0.00    0.00    0.00    0.00     5  postgres
04:33:06 AM 100998   3665851    2.00    1.00    0.00    3.00    3.00     4  postgres

04:33:06 AM   UID       PID    %usr %system  %guest   %wait    %CPU   CPU  Command
04:33:07 AM 100998   3665322    0.00    0.00    0.00    0.00    0.00     4  postgres
04:33:07 AM 100998   3665323    0.00    0.00    0.00    0.00    0.00     6  postgres
04:33:07 AM 100998   3665325    0.00    0.00    0.00    0.00    0.00     6  postgres
04:33:07 AM 100998   3665326    0.00    0.00    0.00    0.00    0.00     5  postgres
04:33:07 AM 100998   3665851    3.00    2.00    0.00    4.00    5.00     5  postgres

04:33:07 AM   UID       PID    %usr %system  %guest   %wait    %CPU   CPU  Command
04:33:08 AM 100998   3665322    0.00    0.00    0.00    0.00    0.00     4  postgres
04:33:08 AM 100998   3665323    0.00    0.00    0.00    0.00    0.00     4  postgres
04:33:08 AM 100998   3665325    0.00    0.00    0.00    0.00    0.00     6  postgres
04:33:08 AM 100998   3665326    0.00    0.00    0.00    0.00    0.00     5  postgres
04:33:08 AM 100998   3665851    3.00    1.00    0.00    4.00    4.00     6  postgres

04:33:08 AM   UID       PID    %usr %system  %guest   %wait    %CPU   CPU  Command
04:33:09 AM 100998   3665322    0.00    0.00    0.00    0.00    0.00     4  postgres
04:33:09 AM 100998   3665323    0.00    0.00    0.00    0.00    0.00     4  postgres
04:33:09 AM 100998   3665325    0.00    0.00    0.00    0.00    0.00     6  postgres
04:33:09 AM 100998   3665326    0.00    0.00    0.00    0.00    0.00     5  postgres
04:33:09 AM 100998   3665851    2.00    2.00    0.00    4.00    4.00     5  postgres

04:33:09 AM   UID       PID    %usr %system  %guest   %wait    %CPU   CPU  Command
04:33:10 AM 100998   3665322    0.00    0.00    0.00    0.00    0.00     4  postgres
04:33:10 AM 100998   3665323    0.00    0.00    0.00    0.00    0.00     4  postgres
04:33:10 AM 100998   3665325    0.00    0.00    0.00    0.00    0.00     6  postgres
04:33:10 AM 100998   3665326    0.00    0.00    0.00    0.00    0.00     5  postgres
04:33:10 AM 100998   3665851    2.00    2.00    0.00    5.00    4.00     6  postgres

04:33:10 AM   UID       PID    %usr %system  %guest   %wait    %CPU   CPU  Command
04:33:11 AM 100998   3665322    0.00    0.00    0.00    0.00    0.00     4  postgres
04:33:11 AM 100998   3665323    0.00    0.00    0.00    0.00    0.00     6  postgres
04:33:11 AM 100998   3665325    0.00    0.00    0.00    0.00    0.00     6  postgres
04:33:11 AM 100998   3665326    0.00    0.00    0.00    0.00    0.00     5  postgres
04:33:11 AM 100998   3665851    3.00    1.00    0.00    4.00    4.00     4  postgres

04:33:11 AM   UID       PID    %usr %system  %guest   %wait    %CPU   CPU  Command
04:33:12 AM 100998   3665322    0.00    0.00    0.00    0.00    0.00     4  postgres
04:33:12 AM 100998   3665323    0.00    0.00    0.00    0.00    0.00     6  postgres
04:33:12 AM 100998   3665325    0.00    0.00    0.00    0.00    0.00     6  postgres
04:33:12 AM 100998   3665326    0.00    0.00    0.00    0.00    0.00     5  postgres
04:33:12 AM 100998   3665851    2.00    3.00    0.00    4.00    5.00     6  postgres

04:33:12 AM   UID       PID    %usr %system  %guest   %wait    %CPU   CPU  Command
04:33:13 AM 100998   3665322    0.00    0.00    0.00    0.00    0.00     4  postgres
04:33:13 AM 100998   3665323    0.00    0.00    0.00    0.00    0.00     6  postgres
04:33:13 AM 100998   3665325    0.00    0.00    0.00    0.00    0.00     6  postgres
04:33:13 AM 100998   3665326    0.00    0.00    0.00    0.00    0.00     5  postgres
04:33:13 AM 100998   3665851    2.00    2.00    0.00    3.00    4.00     4  postgres

04:33:13 AM   UID       PID    %usr %system  %guest   %wait    %CPU   CPU  Command
04:33:14 AM 100998   3665322    0.00    0.00    0.00    0.00    0.00     4  postgres
04:33:14 AM 100998   3665323    0.00    0.00    0.00    0.00    0.00     4  postgres
04:33:14 AM 100998   3665325    0.00    0.00    0.00    0.00    0.00     6  postgres
04:33:14 AM 100998   3665326    0.00    0.00    0.00    0.00    0.00     5  postgres
04:33:14 AM 100998   3665851    2.00    2.00    0.00    4.00    4.00     4  postgres

04:33:14 AM   UID       PID    %usr %system  %guest   %wait    %CPU   CPU  Command
04:33:15 AM 100998   3665322    0.00    0.00    0.00    0.00    0.00     4  postgres
04:33:15 AM 100998   3665323    0.00    0.00    0.00    0.00    0.00     6  postgres
04:33:15 AM 100998   3665325    0.00    0.00    0.00    0.00    0.00     6  postgres
04:33:15 AM 100998   3665326    0.00    0.00    0.00    0.00    0.00     5  postgres
04:33:15 AM 100998   3665851    2.00    2.00    0.00    4.00    4.00     5  postgres

04:33:15 AM   UID       PID    %usr %system  %guest   %wait    %CPU   CPU  Command
04:33:16 AM 100998   3665322    0.00    0.00    0.00    0.00    0.00     4  postgres
04:33:16 AM 100998   3665323    0.00    0.00    0.00    0.00    0.00     4  postgres
04:33:16 AM 100998   3665325    0.00    0.00    0.00    0.00    0.00     6  postgres
04:33:16 AM 100998   3665326    0.00    0.00    0.00    0.00    0.00     5  postgres
04:33:16 AM 100998   3665851    2.00    1.00    0.00    4.00    3.00     4  postgres

04:33:16 AM   UID       PID    %usr %system  %guest   %wait    %CPU   CPU  Command
04:33:17 AM 100998   3665322    0.00    0.00    0.00    0.00    0.00     4  postgres
04:33:17 AM 100998   3665323    0.00    0.00    0.00    0.00    0.00     4  postgres
04:33:17 AM 100998   3665325    0.00    0.00    0.00    0.00    0.00     6  postgres
04:33:17 AM 100998   3665326    0.00    0.00    0.00    0.00    0.00     5  postgres
04:33:17 AM 100998   3665851    3.00    2.00    0.00    5.00    5.00     5  postgres

04:33:17 AM   UID       PID    %usr %system  %guest   %wait    %CPU   CPU  Command
04:33:18 AM 100998   3665322    0.00    0.00    0.00    0.00    0.00     4  postgres
04:33:18 AM 100998   3665323    0.00    0.00    0.00    0.00    0.00     6  postgres
04:33:18 AM 100998   3665325    0.00    0.00    0.00    0.00    0.00     6  postgres
04:33:18 AM 100998   3665326    0.00    0.00    0.00    0.00    0.00     5  postgres
04:33:18 AM 100998   3665851    2.00    2.00    0.00    4.00    4.00     4  postgres

04:33:18 AM   UID       PID    %usr %system  %guest   %wait    %CPU   CPU  Command
04:33:19 AM 100998   3665322    0.00    0.00    0.00    0.00    0.00     4  postgres
04:33:19 AM 100998   3665323    0.00    0.00    0.00    0.00    0.00     4  postgres
04:33:19 AM 100998   3665325    0.00    0.00    0.00    0.00    0.00     6  postgres
04:33:19 AM 100998   3665326    0.00    0.00    0.00    0.00    0.00     5  postgres
04:33:19 AM 100998   3665851    4.00    1.00    0.00    4.00    5.00     6  postgres

04:33:19 AM   UID       PID    %usr %system  %guest   %wait    %CPU   CPU  Command
04:33:20 AM 100998   3665322    0.00    0.00    0.00    0.00    0.00     4  postgres
04:33:20 AM 100998   3665323    0.00    0.00    0.00    0.00    0.00     6  postgres
04:33:20 AM 100998   3665325    0.00    0.00    0.00    0.00    0.00     6  postgres
04:33:20 AM 100998   3665326    0.00    0.00    0.00    0.00    0.00     5  postgres
04:33:20 AM 100998   3665851    2.00    2.00    0.00    4.00    4.00     6  postgres

04:33:20 AM   UID       PID    %usr %system  %guest   %wait    %CPU   CPU  Command
04:33:21 AM 100998   3665322    0.00    0.00    0.00    0.00    0.00     4  postgres
04:33:21 AM 100998   3665323    0.00    0.00    0.00    0.00    0.00     6  postgres
04:33:21 AM 100998   3665325    0.00    0.00    0.00    0.00    0.00     6  postgres
04:33:21 AM 100998   3665326    0.00    0.00    0.00    0.00    0.00     5  postgres
04:33:21 AM 100998   3665851    2.00    2.00    0.00    3.00    4.00     5  postgres

04:33:21 AM   UID       PID    %usr %system  %guest   %wait    %CPU   CPU  Command
04:33:22 AM 100998   3665322    0.00    0.00    0.00    0.00    0.00     4  postgres
04:33:22 AM 100998   3665323    0.00    0.00    0.00    0.00    0.00     4  postgres
04:33:22 AM 100998   3665325    0.00    0.00    0.00    0.00    0.00     6  postgres
04:33:22 AM 100998   3665326    0.00    0.00    0.00    0.00    0.00     5  postgres
04:33:22 AM 100998   3665851    2.00    1.00    0.00    5.00    3.00     6  postgres

04:33:22 AM   UID       PID    %usr %system  %guest   %wait    %CPU   CPU  Command
04:33:23 AM 100998   3665322    0.00    0.00    0.00    0.00    0.00     4  postgres
04:33:23 AM 100998   3665323    0.00    0.00    0.00    0.00    0.00     4  postgres
04:33:23 AM 100998   3665325    0.00    0.00    0.00    0.00    0.00     6  postgres
04:33:23 AM 100998   3665326    0.00    0.00    0.00    0.00    0.00     5  postgres
04:33:23 AM 100998   3665851    2.00    2.00    0.00    3.00    4.00     4  postgres

04:33:23 AM   UID       PID    %usr %system  %guest   %wait    %CPU   CPU  Command
04:33:24 AM 100998   3665322    0.00    0.00    0.00    0.00    0.00     4  postgres
04:33:24 AM 100998   3665323    0.00    0.00    0.00    0.00    0.00     5  postgres
04:33:24 AM 100998   3665325    0.00    0.00    0.00    0.00    0.00     6  postgres
04:33:24 AM 100998   3665326    0.00    0.00    0.00    0.00    0.00     5  postgres
04:33:24 AM 100998   3665851    3.00    1.00    0.00    5.00    4.00     6  postgres

04:33:24 AM   UID       PID    %usr %system  %guest   %wait    %CPU   CPU  Command
04:33:25 AM 100998   3665322    0.00    0.00    0.00    0.00    0.00     4  postgres
04:33:25 AM 100998   3665323    0.00    0.00    0.00    0.00    0.00     4  postgres
04:33:25 AM 100998   3665325    0.00    0.00    0.00    0.00    0.00     6  postgres
04:33:25 AM 100998   3665326    0.00    0.00    0.00    0.00    0.00     5  postgres
04:33:25 AM 100998   3665851    3.00    2.00    0.00    4.00    5.00     6  postgres

04:33:25 AM   UID       PID    %usr %system  %guest   %wait    %CPU   CPU  Command
04:33:26 AM 100998   3665322    0.00    0.00    0.00    0.00    0.00     4  postgres
04:33:26 AM 100998   3665323    0.00    0.00    0.00    0.00    0.00     4  postgres
04:33:26 AM 100998   3665325    0.00    0.00    0.00    0.00    0.00     6  postgres
04:33:26 AM 100998   3665326    0.00    0.00    0.00    0.00    0.00     5  postgres
04:33:26 AM 100998   3665851    2.00    2.00    0.00    4.00    4.00     6  postgres

04:33:26 AM   UID       PID    %usr %system  %guest   %wait    %CPU   CPU  Command
04:33:27 AM 100998   3665322    0.00    0.00    0.00    0.00    0.00     4  postgres
04:33:27 AM 100998   3665323    0.00    0.00    0.00    0.00    0.00     5  postgres
04:33:27 AM 100998   3665325    0.00    0.00    0.00    0.00    0.00     6  postgres
04:33:27 AM 100998   3665326    0.00    0.00    0.00    0.00    0.00     5  postgres
04:33:27 AM 100998   3665851    2.97    1.98    0.00    3.96    4.95     5  postgres

04:33:27 AM   UID       PID    %usr %system  %guest   %wait    %CPU   CPU  Command
04:33:28 AM 100998   3665322    0.00    0.00    0.00    0.00    0.00     4  postgres
04:33:28 AM 100998   3665323    0.00    0.00    0.00    0.00    0.00     5  postgres
04:33:28 AM 100998   3665325    0.00    0.00    0.00    0.00    0.00     6  postgres
04:33:28 AM 100998   3665326    0.00    0.00    0.00    0.00    0.00     5  postgres
04:33:28 AM 100998   3665851    2.00    1.00    0.00    4.00    3.00     6  postgres

04:33:28 AM   UID       PID    %usr %system  %guest   %wait    %CPU   CPU  Command
04:33:29 AM 100998   3665322    0.00    0.00    0.00    0.00    0.00     4  postgres
04:33:29 AM 100998   3665323    0.00    0.00    0.00    0.00    0.00     5  postgres
04:33:29 AM 100998   3665325    0.00    0.00    0.00    0.00    0.00     6  postgres
04:33:29 AM 100998   3665326    0.00    0.00    0.00    0.00    0.00     5  postgres
04:33:29 AM 100998   3665851    2.00    2.00    0.00    4.00    4.00     6  postgres

04:33:29 AM   UID       PID    %usr %system  %guest   %wait    %CPU   CPU  Command
04:33:30 AM 100998   3665322    0.00    0.00    0.00    0.00    0.00     4  postgres
04:33:30 AM 100998   3665323    0.00    0.00    0.00    0.00    0.00     5  postgres
04:33:30 AM 100998   3665325    0.00    0.00    0.00    0.00    0.00     6  postgres
04:33:30 AM 100998   3665326    0.00    0.00    0.00    0.00    0.00     5  postgres
04:33:30 AM 100998   3665851    2.00    2.00    0.00    3.00    4.00     4  postgres

04:33:30 AM   UID       PID    %usr %system  %guest   %wait    %CPU   CPU  Command
04:33:31 AM 100998   3665322    0.00    0.00    0.00    0.00    0.00     4  postgres
04:33:31 AM 100998   3665323    0.00    0.00    0.00    0.00    0.00     5  postgres
04:33:31 AM 100998   3665325    0.00    0.00    0.00    0.00    0.00     6  postgres
04:33:31 AM 100998   3665326    0.00    0.00    0.00    0.00    0.00     5  postgres
04:33:31 AM 100998   3665851    2.00    2.00    0.00    4.00    4.00     4  postgres

04:33:31 AM   UID       PID    %usr %system  %guest   %wait    %CPU   CPU  Command
04:33:32 AM 100998   3665322    0.00    0.00    0.00    0.00    0.00     4  postgres
04:33:32 AM 100998   3665323    0.00    0.00    0.00    0.00    0.00     4  postgres
04:33:32 AM 100998   3665325    0.00    0.00    0.00    0.00    0.00     6  postgres
04:33:32 AM 100998   3665326    0.00    0.00    0.00    0.00    0.00     5  postgres
04:33:32 AM 100998   3665851    2.00    2.00    0.00    4.00    4.00     5  postgres

04:33:32 AM   UID       PID    %usr %system  %guest   %wait    %CPU   CPU  Command
04:33:33 AM 100998   3665322    0.00    0.00    0.00    0.00    0.00     4  postgres
04:33:33 AM 100998   3665323    0.00    0.00    0.00    0.00    0.00     6  postgres
04:33:33 AM 100998   3665325    0.00    0.00    0.00    0.00    0.00     6  postgres
04:33:33 AM 100998   3665326    0.00    0.00    0.00    0.00    0.00     5  postgres
04:33:33 AM 100998   3665851    3.00    2.00    0.00    5.00    5.00     4  postgres

04:33:33 AM   UID       PID    %usr %system  %guest   %wait    %CPU   CPU  Command
04:33:34 AM 100998   3665322    0.00    0.00    0.00    0.00    0.00     4  postgres
04:33:34 AM 100998   3665323    0.00    0.00    0.00    0.00    0.00     4  postgres
04:33:34 AM 100998   3665325    0.00    0.00    0.00    0.00    0.00     6  postgres
04:33:34 AM 100998   3665326    0.00    0.00    0.00    0.00    0.00     5  postgres
04:33:34 AM 100998   3665851    2.00    2.00    0.00    4.00    4.00     4  postgres

04:33:34 AM   UID       PID    %usr %system  %guest   %wait    %CPU   CPU  Command
04:33:35 AM 100998   3665322    0.00    0.00    0.00    0.00    0.00     4  postgres
04:33:35 AM 100998   3665323    0.00    0.00    0.00    0.00    0.00     5  postgres
04:33:35 AM 100998   3665325    0.00    0.00    0.00    0.00    0.00     6  postgres
04:33:35 AM 100998   3665326    0.00    0.00    0.00    0.00    0.00     5  postgres
04:33:35 AM 100998   3665851    2.00    2.00    0.00    4.00    4.00     6  postgres

04:33:35 AM   UID       PID    %usr %system  %guest   %wait    %CPU   CPU  Command
04:33:36 AM 100998   3665322    0.00    0.00    0.00    0.00    0.00     4  postgres
04:33:36 AM 100998   3665323    0.00    0.00    0.00    0.00    0.00     5  postgres
04:33:36 AM 100998   3665325    0.00    0.00    0.00    0.00    0.00     6  postgres
04:33:36 AM 100998   3665326    0.00    0.00    0.00    0.00    0.00     5  postgres
04:33:36 AM 100998   3665851    3.00    2.00    0.00    4.00    5.00     4  postgres

04:33:36 AM   UID       PID    %usr %system  %guest   %wait    %CPU   CPU  Command
04:33:37 AM 100998   3665322    0.00    0.00    0.00    0.00    0.00     4  postgres
04:33:37 AM 100998   3665323    0.00    0.00    0.00    0.00    0.00     6  postgres
04:33:37 AM 100998   3665325    0.00    0.00    0.00    0.00    0.00     6  postgres
04:33:37 AM 100998   3665326    0.00    0.00    0.00    0.00    0.00     5  postgres
04:33:37 AM 100998   3665851    2.00    1.00    0.00    4.00    3.00     6  postgres

04:33:37 AM   UID       PID    %usr %system  %guest   %wait    %CPU   CPU  Command
04:33:38 AM 100998   3665322    0.00    0.00    0.00    0.00    0.00     4  postgres
04:33:38 AM 100998   3665323    0.00    0.00    0.00    0.00    0.00     4  postgres
04:33:38 AM 100998   3665325    0.00    0.00    0.00    0.00    0.00     6  postgres
04:33:38 AM 100998   3665326    0.00    0.00    0.00    0.00    0.00     5  postgres
04:33:38 AM 100998   3665851    3.00    1.00    0.00    3.00    4.00     4  postgres

04:33:38 AM   UID       PID    %usr %system  %guest   %wait    %CPU   CPU  Command
04:33:39 AM 100998   3665322    0.00    0.00    0.00    0.00    0.00     4  postgres
04:33:39 AM 100998   3665323    0.00    0.00    0.00    0.00    0.00     6  postgres
04:33:39 AM 100998   3665325    0.00    0.00    0.00    0.00    0.00     6  postgres
04:33:39 AM 100998   3665326    0.00    0.00    0.00    0.00    0.00     5  postgres
04:33:39 AM 100998   3665851    2.00    2.00    0.00    3.00    4.00     4  postgres

04:33:39 AM   UID       PID    %usr %system  %guest   %wait    %CPU   CPU  Command
04:33:40 AM 100998   3665322    0.00    0.00    0.00    0.00    0.00     4  postgres
04:33:40 AM 100998   3665323    0.00    0.00    0.00    0.00    0.00     5  postgres
04:33:40 AM 100998   3665325    0.00    0.00    0.00    0.00    0.00     6  postgres
04:33:40 AM 100998   3665326    0.00    0.00    0.00    0.00    0.00     5  postgres
04:33:40 AM 100998   3665851    2.00    2.00    0.00    4.00    4.00     4  postgres

04:33:40 AM   UID       PID    %usr %system  %guest   %wait    %CPU   CPU  Command
04:33:41 AM 100998   3665322    0.00    0.00    0.00    0.00    0.00     4  postgres
04:33:41 AM 100998   3665323    0.00    0.00    0.00    0.00    0.00     5  postgres
04:33:41 AM 100998   3665325    0.00    0.00    0.00    0.00    0.00     6  postgres
04:33:41 AM 100998   3665326    0.00    0.00    0.00    0.00    0.00     5  postgres
04:33:41 AM 100998   3665851    3.00    1.00    0.00    4.00    4.00     4  postgres

04:33:41 AM   UID       PID    %usr %system  %guest   %wait    %CPU   CPU  Command
04:33:42 AM 100998   3665322    0.00    0.00    0.00    0.00    0.00     4  postgres
04:33:42 AM 100998   3665323    0.00    0.00    0.00    0.00    0.00     5  postgres
04:33:42 AM 100998   3665325    0.00    0.00    0.00    0.00    0.00     5  postgres
04:33:42 AM 100998   3665326    0.00    0.00    0.00    0.00    0.00     5  postgres
04:33:42 AM 100998   3665851    2.00    2.00    0.00    4.00    4.00     4  postgres

04:33:42 AM   UID       PID    %usr %system  %guest   %wait    %CPU   CPU  Command
04:33:43 AM 100998   3665322    0.00    0.00    0.00    0.00    0.00     4  postgres
04:33:43 AM 100998   3665323    0.00    0.00    0.00    0.00    0.00     5  postgres
04:33:43 AM 100998   3665325    0.00    0.00    0.00    0.00    0.00     5  postgres
04:33:43 AM 100998   3665326    0.00    0.00    0.00    0.00    0.00     5  postgres
04:33:43 AM 100998   3665851    3.00    2.00    0.00    4.00    5.00     4  postgres

04:33:43 AM   UID       PID    %usr %system  %guest   %wait    %CPU   CPU  Command
04:33:44 AM 100998   3665322    0.00    0.00    0.00    0.00    0.00     4  postgres
04:33:44 AM 100998   3665323    0.00    0.00    0.00    0.00    0.00     5  postgres
04:33:44 AM 100998   3665325    0.00    0.00    0.00    0.00    0.00     5  postgres
04:33:44 AM 100998   3665326    0.00    0.00    0.00    0.00    0.00     5  postgres
04:33:44 AM 100998   3665851    2.00    2.00    0.00    4.00    4.00     4  postgres

04:33:44 AM   UID       PID    %usr %system  %guest   %wait    %CPU   CPU  Command
04:33:45 AM 100998   3665322    0.00    0.00    0.00    0.00    0.00     4  postgres
04:33:45 AM 100998   3665323    0.00    0.00    0.00    0.00    0.00     6  postgres
04:33:45 AM 100998   3665325    0.00    0.00    0.00    0.00    0.00     5  postgres
04:33:45 AM 100998   3665326    0.00    0.00    0.00    0.00    0.00     5  postgres
04:33:45 AM 100998   3665851    2.00    2.00    0.00    3.00    4.00     4  postgres

04:33:45 AM   UID       PID    %usr %system  %guest   %wait    %CPU   CPU  Command
04:33:46 AM 100998   3665322    0.00    0.00    0.00    0.00    0.00     4  postgres
04:33:46 AM 100998   3665323    0.00    0.00    0.00    0.00    0.00     6  postgres
04:33:46 AM 100998   3665325    0.00    0.00    0.00    0.00    0.00     5  postgres
04:33:46 AM 100998   3665326    0.00    0.00    0.00    0.00    0.00     5  postgres
04:33:46 AM 100998   3665851    3.00    2.00    0.00    4.00    5.00     4  postgres

04:33:46 AM   UID       PID    %usr %system  %guest   %wait    %CPU   CPU  Command
04:33:47 AM 100998   3665322    0.00    0.00    0.00    0.00    0.00     4  postgres
04:33:47 AM 100998   3665323    0.00    0.00    0.00    0.00    0.00     6  postgres
04:33:47 AM 100998   3665325    0.00    0.00    0.00    0.00    0.00     5  postgres
04:33:47 AM 100998   3665326    0.00    0.00    0.00    0.00    0.00     5  postgres
04:33:47 AM 100998   3665851    2.00    1.00    0.00    3.00    3.00     5  postgres

04:33:47 AM   UID       PID    %usr %system  %guest   %wait    %CPU   CPU  Command
04:33:48 AM 100998   3665322    0.00    0.00    0.00    0.00    0.00     4  postgres
04:33:48 AM 100998   3665323    0.00    0.00    0.00    0.00    0.00     6  postgres
04:33:48 AM 100998   3665325    0.00    0.00    0.00    0.00    0.00     5  postgres
04:33:48 AM 100998   3665326    0.00    0.00    0.00    0.00    0.00     5  postgres
04:33:48 AM 100998   3665851    2.00    2.00    0.00    4.00    4.00     5  postgres

04:33:48 AM   UID       PID    %usr %system  %guest   %wait    %CPU   CPU  Command
04:33:49 AM 100998   3665322    0.00    0.00    0.00    0.00    0.00     4  postgres
04:33:49 AM 100998   3665323    0.00    0.00    0.00    0.00    0.00     6  postgres
04:33:49 AM 100998   3665325    0.00    0.00    0.00    0.00    0.00     5  postgres
04:33:49 AM 100998   3665326    0.00    0.00    0.00    0.00    0.00     5  postgres
04:33:49 AM 100998   3665851    3.00    1.00    0.00    4.00    4.00     6  postgres

04:33:49 AM   UID       PID    %usr %system  %guest   %wait    %CPU   CPU  Command
04:33:50 AM 100998   3665322    0.00    0.00    0.00    0.00    0.00     4  postgres
04:33:50 AM 100998   3665323    0.00    0.00    0.00    0.00    0.00     4  postgres
04:33:50 AM 100998   3665325    0.00    0.00    0.00    0.00    0.00     5  postgres
04:33:50 AM 100998   3665326    0.00    0.00    0.00    0.00    0.00     5  postgres
04:33:50 AM 100998   3665851    2.00    2.00    0.00    4.00    4.00     5  postgres

04:33:50 AM   UID       PID    %usr %system  %guest   %wait    %CPU   CPU  Command
04:33:51 AM 100998   3665322    0.00    0.00    0.00    0.00    0.00     4  postgres
04:33:51 AM 100998   3665323    0.00    0.00    0.00    0.00    0.00     4  postgres
04:33:51 AM 100998   3665325    0.00    0.00    0.00    0.00    0.00     5  postgres
04:33:51 AM 100998   3665326    0.00    0.00    0.00    0.00    0.00     5  postgres
04:33:51 AM 100998   3665851    3.00    2.00    0.00    4.00    5.00     6  postgres

04:33:51 AM   UID       PID    %usr %system  %guest   %wait    %CPU   CPU  Command
04:33:52 AM 100998   3665322    0.00    0.00    0.00    0.00    0.00     4  postgres
04:33:52 AM 100998   3665323    0.00    0.00    0.00    0.00    0.00     6  postgres
04:33:52 AM 100998   3665325    0.00    0.00    0.00    0.00    0.00     5  postgres
04:33:52 AM 100998   3665326    0.00    0.00    0.00    0.00    0.00     5  postgres
04:33:52 AM 100998   3665851    2.00    2.00    0.00    4.00    4.00     6  postgres

04:33:52 AM   UID       PID    %usr %system  %guest   %wait    %CPU   CPU  Command
04:33:53 AM 100998   3665322    0.00    0.00    0.00    0.00    0.00     4  postgres
04:33:53 AM 100998   3665323    0.00    0.00    0.00    0.00    0.00     6  postgres
04:33:53 AM 100998   3665325    0.00    0.00    0.00    0.00    0.00     5  postgres
04:33:53 AM 100998   3665326    0.00    0.00    0.00    0.00    0.00     5  postgres
04:33:53 AM 100998   3665851    2.00    2.00    0.00    4.00    4.00     4  postgres

04:33:53 AM   UID       PID    %usr %system  %guest   %wait    %CPU   CPU  Command
04:33:54 AM 100998   3665322    0.00    0.00    0.00    0.00    0.00     4  postgres
04:33:54 AM 100998   3665323    0.00    0.00    0.00    0.00    0.00     4  postgres
04:33:54 AM 100998   3665325    0.00    0.00    0.00    0.00    0.00     5  postgres
04:33:54 AM 100998   3665326    0.00    0.00    0.00    0.00    0.00     5  postgres
04:33:54 AM 100998   3665851    3.00    1.00    0.00    4.00    4.00     6  postgres

04:33:54 AM   UID       PID    %usr %system  %guest   %wait    %CPU   CPU  Command
04:33:55 AM 100998   3665322    0.00    0.00    0.00    0.00    0.00     4  postgres
04:33:55 AM 100998   3665323    0.00    0.00    0.00    0.00    0.00     6  postgres
04:33:55 AM 100998   3665325    0.00    0.00    0.00    0.00    0.00     5  postgres
04:33:55 AM 100998   3665326    0.00    0.00    0.00    0.00    0.00     5  postgres
04:33:55 AM 100998   3665851    3.00    2.00    0.00    5.00    5.00     4  postgres

04:33:55 AM   UID       PID    %usr %system  %guest   %wait    %CPU   CPU  Command
04:33:56 AM 100998   3665322    0.00    0.00    0.00    0.00    0.00     4  postgres
04:33:56 AM 100998   3665323    0.00    0.00    0.00    0.00    0.00     6  postgres
04:33:56 AM 100998   3665325    0.00    0.00    0.00    0.00    0.00     5  postgres
04:33:56 AM 100998   3665326    0.00    0.00    0.00    0.00    0.00     5  postgres
04:33:56 AM 100998   3665851    2.00    1.00    0.00    4.00    3.00     4  postgres

04:33:56 AM   UID       PID    %usr %system  %guest   %wait    %CPU   CPU  Command
04:33:57 AM 100998   3665322    0.00    0.00    0.00    0.00    0.00     4  postgres
04:33:57 AM 100998   3665323    0.00    0.00    0.00    0.00    0.00     5  postgres
04:33:57 AM 100998   3665325    0.00    0.00    0.00    0.00    0.00     5  postgres
04:33:57 AM 100998   3665326    0.00    0.00    0.00    0.00    0.00     5  postgres
04:33:57 AM 100998   3665851    3.00    2.00    0.00    4.00    5.00     6  postgres

04:33:57 AM   UID       PID    %usr %system  %guest   %wait    %CPU   CPU  Command
04:33:58 AM 100998   3665322    0.00    0.00    0.00    0.00    0.00     4  postgres
04:33:58 AM 100998   3665323    0.00    0.00    0.00    0.00    0.00     5  postgres
04:33:58 AM 100998   3665325    0.00    0.00    0.00    0.00    0.00     5  postgres
04:33:58 AM 100998   3665326    0.00    0.00    0.00    0.00    0.00     5  postgres
04:33:58 AM 100998   3665851    2.00    1.00    0.00    4.00    3.00     5  postgres

04:33:58 AM   UID       PID    %usr %system  %guest   %wait    %CPU   CPU  Command
04:33:59 AM 100998   3665322    0.00    0.00    0.00    0.00    0.00     4  postgres
04:33:59 AM 100998   3665323    0.00    0.00    0.00    0.00    0.00     5  postgres
04:33:59 AM 100998   3665325    0.00    0.00    0.00    0.00    0.00     5  postgres
04:33:59 AM 100998   3665326    0.00    0.00    0.00    0.00    0.00     5  postgres
04:33:59 AM 100998   3665851    3.00    2.00    0.00    4.00    5.00     6  postgres

04:33:59 AM   UID       PID    %usr %system  %guest   %wait    %CPU   CPU  Command
04:34:00 AM 100998   3665322    0.00    0.00    0.00    0.00    0.00     4  postgres
04:34:00 AM 100998   3665323    0.00    0.00    0.00    0.00    0.00     5  postgres
04:34:00 AM 100998   3665325    0.00    0.00    0.00    0.00    0.00     5  postgres
04:34:00 AM 100998   3665326    0.00    0.00    0.00    0.00    0.00     5  postgres
04:34:00 AM 100998   3665851    2.00    1.00    0.00    4.00    3.00     5  postgres

04:34:00 AM   UID       PID    %usr %system  %guest   %wait    %CPU   CPU  Command
04:34:01 AM 100998   3665322    0.00    0.00    0.00    0.00    0.00     4  postgres
04:34:01 AM 100998   3665323    0.00    0.00    0.00    0.00    0.00     5  postgres
04:34:01 AM 100998   3665325    0.00    0.00    0.00    0.00    0.00     5  postgres
04:34:01 AM 100998   3665326    0.00    0.00    0.00    0.00    0.00     5  postgres
04:34:01 AM 100998   3665851    3.00    2.00    0.00    5.00    5.00     4  postgres

04:34:01 AM   UID       PID    %usr %system  %guest   %wait    %CPU   CPU  Command
04:34:02 AM 100998   3665322    0.00    0.00    0.00    0.00    0.00     4  postgres
04:34:02 AM 100998   3665323    0.00    0.00    0.00    0.00    0.00     5  postgres
04:34:02 AM 100998   3665325    0.00    0.00    0.00    0.00    0.00     5  postgres
04:34:02 AM 100998   3665326    0.00    0.00    0.00    0.00    0.00     5  postgres
04:34:02 AM 100998   3665851    3.00    1.00    0.00    3.00    4.00     4  postgres

04:34:02 AM   UID       PID    %usr %system  %guest   %wait    %CPU   CPU  Command
04:34:03 AM 100998   3665322    0.00    0.00    0.00    0.00    0.00     4  postgres
04:34:03 AM 100998   3665323    0.00    0.00    0.00    0.00    0.00     4  postgres
04:34:03 AM 100998   3665325    0.00    0.00    0.00    0.00    0.00     5  postgres
04:34:03 AM 100998   3665326    0.00    0.00    0.00    0.00    0.00     5  postgres
04:34:03 AM 100998   3665851    2.00    2.00    0.00    4.00    4.00     6  postgres

04:34:03 AM   UID       PID    %usr %system  %guest   %wait    %CPU   CPU  Command
04:34:04 AM 100998   3665322    0.00    0.00    0.00    0.00    0.00     4  postgres
04:34:04 AM 100998   3665323    0.00    0.00    0.00    0.00    0.00     5  postgres
04:34:04 AM 100998   3665325    0.00    0.00    0.00    0.00    0.00     5  postgres
04:34:04 AM 100998   3665326    0.00    0.00    0.00    0.00    0.00     5  postgres
04:34:04 AM 100998   3665851    3.00    1.00    0.00    3.00    4.00     4  postgres

04:34:04 AM   UID       PID    %usr %system  %guest   %wait    %CPU   CPU  Command
04:34:05 AM 100998   3665322    0.00    0.00    0.00    0.00    0.00     4  postgres
04:34:05 AM 100998   3665323    0.00    0.00    0.00    0.00    0.00     5  postgres
04:34:05 AM 100998   3665325    0.00    0.00    0.00    0.00    0.00     5  postgres
04:34:05 AM 100998   3665326    0.00    0.00    0.00    0.00    0.00     5  postgres
04:34:05 AM 100998   3665851    1.00    2.00    0.00    3.00    3.00     4  postgres

04:34:05 AM   UID       PID    %usr %system  %guest   %wait    %CPU   CPU  Command
04:34:06 AM 100998   3665322    0.00    0.00    0.00    0.00    0.00     4  postgres
04:34:06 AM 100998   3665323    0.00    0.00    0.00    0.00    0.00     5  postgres
04:34:06 AM 100998   3665325    0.00    0.00    0.00    0.00    0.00     5  postgres
04:34:06 AM 100998   3665326    0.00    0.00    0.00    0.00    0.00     5  postgres
04:34:06 AM 100998   3665851    4.00    1.00    0.00    4.00    5.00     6  postgres

04:34:06 AM   UID       PID    %usr %system  %guest   %wait    %CPU   CPU  Command
04:34:07 AM 100998   3665322    0.00    0.00    0.00    0.00    0.00     4  postgres
04:34:07 AM 100998   3665323    0.00    0.00    0.00    0.00    0.00     4  postgres
04:34:07 AM 100998   3665325    0.00    0.00    0.00    0.00    0.00     5  postgres
04:34:07 AM 100998   3665326    0.00    0.00    0.00    0.00    0.00     5  postgres
04:34:07 AM 100998   3665851    2.00    2.00    0.00    3.00    4.00     6  postgres

04:34:07 AM   UID       PID    %usr %system  %guest   %wait    %CPU   CPU  Command
04:34:08 AM 100998   3665322    0.00    0.00    0.00    0.00    0.00     4  postgres
04:34:08 AM 100998   3665323    0.00    0.00    0.00    0.00    0.00     4  postgres
04:34:08 AM 100998   3665325    0.00    0.00    0.00    0.00    0.00     5  postgres
04:34:08 AM 100998   3665326    0.00    0.00    0.00    0.00    0.00     5  postgres
04:34:08 AM 100998   3665851    2.00    3.00    0.00    4.00    5.00     6  postgres

04:34:08 AM   UID       PID    %usr %system  %guest   %wait    %CPU   CPU  Command
04:34:09 AM 100998   3665322    0.00    0.00    0.00    0.00    0.00     4  postgres
04:34:09 AM 100998   3665323    0.00    0.00    0.00    0.00    0.00     4  postgres
04:34:09 AM 100998   3665325    0.00    0.00    0.00    0.00    0.00     5  postgres
04:34:09 AM 100998   3665326    0.00    0.00    0.00    0.00    0.00     5  postgres
04:34:09 AM 100998   3665851    2.00    1.00    0.00    4.00    3.00     6  postgres

04:34:09 AM   UID       PID    %usr %system  %guest   %wait    %CPU   CPU  Command
04:34:10 AM 100998   3665322    0.00    0.00    0.00    0.00    0.00     4  postgres
04:34:10 AM 100998   3665323    0.00    0.00    0.00    0.00    0.00     5  postgres
04:34:10 AM 100998   3665325    0.00    0.00    0.00    0.00    0.00     5  postgres
04:34:10 AM 100998   3665326    0.00    0.00    0.00    0.00    0.00     5  postgres
04:34:10 AM 100998   3665851    3.00    2.00    0.00    4.00    5.00     4  postgres

04:34:10 AM   UID       PID    %usr %system  %guest   %wait    %CPU   CPU  Command
04:34:11 AM 100998   3665322    0.00    0.00    0.00    0.00    0.00     4  postgres
04:34:11 AM 100998   3665323    0.00    0.00    0.00    0.00    0.00     5  postgres
04:34:11 AM 100998   3665325    0.00    0.00    0.00    0.00    0.00     5  postgres
04:34:11 AM 100998   3665326    0.00    0.00    0.00    0.00    0.00     5  postgres
04:34:11 AM 100998   3665851    2.00    1.00    0.00    3.00    3.00     6  postgres

04:34:11 AM   UID       PID    %usr %system  %guest   %wait    %CPU   CPU  Command
04:34:12 AM 100998   3665322    0.00    0.00    0.00    0.00    0.00     4  postgres
04:34:12 AM 100998   3665323    0.00    0.00    0.00    0.00    0.00     5  postgres
04:34:12 AM 100998   3665325    0.00    0.00    0.00    0.00    0.00     5  postgres
04:34:12 AM 100998   3665326    0.00    0.00    0.00    0.00    0.00     5  postgres
04:34:12 AM 100998   3665851    2.00    2.00    0.00    4.00    4.00     6  postgres

04:34:12 AM   UID       PID    %usr %system  %guest   %wait    %CPU   CPU  Command
04:34:13 AM 100998   3665322    0.00    0.00    0.00    0.00    0.00     4  postgres
04:34:13 AM 100998   3665323    0.00    0.00    0.00    0.00    0.00     5  postgres
04:34:13 AM 100998   3665325    0.00    0.00    0.00    0.00    0.00     5  postgres
04:34:13 AM 100998   3665326    0.00    0.00    0.00    0.00    0.00     5  postgres
04:34:13 AM 100998   3665851    3.00    2.00    0.00    4.00    5.00     6  postgres

04:34:13 AM   UID       PID    %usr %system  %guest   %wait    %CPU   CPU  Command
04:34:14 AM 100998   3665322    0.00    0.00    0.00    0.00    0.00     4  postgres
04:34:14 AM 100998   3665323    0.00    0.00    0.00    0.00    0.00     6  postgres
04:34:14 AM 100998   3665325    0.00    0.00    0.00    0.00    0.00     5  postgres
04:34:14 AM 100998   3665326    0.00    0.00    0.00    0.00    0.00     5  postgres
04:34:14 AM 100998   3665851    2.00    2.00    0.00    4.00    4.00     5  postgres

04:34:14 AM   UID       PID    %usr %system  %guest   %wait    %CPU   CPU  Command
04:34:15 AM 100998   3665322    0.00    0.00    0.00    0.00    0.00     4  postgres
04:34:15 AM 100998   3665323    0.00    0.00    0.00    0.00    0.00     5  postgres
04:34:15 AM 100998   3665325    0.00    0.00    0.00    0.00    0.00     5  postgres
04:34:15 AM 100998   3665326    0.00    0.00    0.00    0.00    0.00     5  postgres
04:34:15 AM 100998   3665851    3.00    1.00    0.00    4.00    4.00     5  postgres

04:34:15 AM   UID       PID    %usr %system  %guest   %wait    %CPU   CPU  Command
04:34:16 AM 100998   3665322    0.00    0.00    0.00    0.00    0.00     4  postgres
04:34:16 AM 100998   3665323    0.00    0.00    0.00    0.00    0.00     5  postgres
04:34:16 AM 100998   3665325    0.00    0.00    0.00    0.00    0.00     5  postgres
04:34:16 AM 100998   3665326    0.00    0.00    0.00    0.00    0.00     5  postgres
04:34:16 AM 100998   3665851    2.00    2.00    0.00    4.00    4.00     5  postgres

04:34:16 AM   UID       PID    %usr %system  %guest   %wait    %CPU   CPU  Command
04:34:17 AM 100998   3665322    0.00    0.00    0.00    0.00    0.00     4  postgres
04:34:17 AM 100998   3665323    0.00    0.00    0.00    0.00    0.00     5  postgres
04:34:17 AM 100998   3665325    0.00    0.00    0.00    0.00    0.00     6  postgres
04:34:17 AM 100998   3665326    0.00    0.00    0.00    0.00    0.00     5  postgres
04:34:17 AM 100998   3665851    3.00    2.00    0.00    4.00    5.00     5  postgres

04:34:17 AM   UID       PID    %usr %system  %guest   %wait    %CPU   CPU  Command
04:34:18 AM 100998   3665322    0.00    0.00    0.00    0.00    0.00     4  postgres
04:34:18 AM 100998   3665323    0.00    0.00    0.00    0.00    0.00     5  postgres
04:34:18 AM 100998   3665325    0.00    0.00    0.00    0.00    0.00     6  postgres
04:34:18 AM 100998   3665326    0.00    0.00    0.00    0.00    0.00     5  postgres
04:34:18 AM 100998   3665851    2.00    1.00    0.00    3.00    3.00     6  postgres

04:34:18 AM   UID       PID    %usr %system  %guest   %wait    %CPU   CPU  Command
04:34:19 AM 100998   3665322    0.00    0.00    0.00    0.00    0.00     4  postgres
04:34:19 AM 100998   3665323    0.00    0.00    0.00    0.00    0.00     6  postgres
04:34:19 AM 100998   3665325    0.00    0.00    0.00    0.00    0.00     6  postgres
04:34:19 AM 100998   3665326    0.00    0.00    0.00    0.00    0.00     5  postgres
04:34:19 AM 100998   3665851    2.00    2.00    0.00    4.00    4.00     6  postgres

04:34:19 AM   UID       PID    %usr %system  %guest   %wait    %CPU   CPU  Command
04:34:20 AM 100998   3665322    0.00    0.00    0.00    0.00    0.00     4  postgres
04:34:20 AM 100998   3665323    0.00    0.00    0.00    0.00    0.00     4  postgres
04:34:20 AM 100998   3665325    0.00    0.00    0.00    0.00    0.00     6  postgres
04:34:20 AM 100998   3665326    0.00    0.00    0.00    0.00    0.00     5  postgres
04:34:20 AM 100998   3665851    3.00    1.00    0.00    4.00    4.00     5  postgres

04:34:20 AM   UID       PID    %usr %system  %guest   %wait    %CPU   CPU  Command
04:34:21 AM 100998   3665322    0.00    0.00    0.00    0.00    0.00     4  postgres
04:34:21 AM 100998   3665323    0.00    0.00    0.00    0.00    0.00     4  postgres
04:34:21 AM 100998   3665325    0.00    0.00    0.00    0.00    0.00     6  postgres
04:34:21 AM 100998   3665326    0.00    0.00    0.00    0.00    0.00     5  postgres
04:34:21 AM 100998   3665851    2.00    2.00    0.00    3.00    4.00     6  postgres

04:34:21 AM   UID       PID    %usr %system  %guest   %wait    %CPU   CPU  Command
04:34:22 AM 100998   3665322    0.00    0.00    0.00    0.00    0.00     4  postgres
04:34:22 AM 100998   3665323    0.00    0.00    0.00    0.00    0.00     4  postgres
04:34:22 AM 100998   3665325    0.00    0.00    0.00    0.00    0.00     4  postgres
04:34:22 AM 100998   3665326    0.00    0.00    0.00    0.00    0.00     5  postgres
04:34:22 AM 100998   3665851    2.00    2.00    0.00    5.00    4.00     4  postgres

04:34:22 AM   UID       PID    %usr %system  %guest   %wait    %CPU   CPU  Command
04:34:23 AM 100998   3665322    0.00    0.00    0.00    0.00    0.00     4  postgres
04:34:23 AM 100998   3665323    0.00    0.00    0.00    0.00    0.00     6  postgres
04:34:23 AM 100998   3665325    0.00    0.00    0.00    0.00    0.00     4  postgres
04:34:23 AM 100998   3665326    0.00    0.00    0.00    0.00    0.00     5  postgres
04:34:23 AM 100998   3665851    3.00    2.00    0.00    4.00    5.00     6  postgres

04:34:23 AM   UID       PID    %usr %system  %guest   %wait    %CPU   CPU  Command
04:34:24 AM 100998   3665322    0.00    0.00    0.00    0.00    0.00     4  postgres
04:34:24 AM 100998   3665323    0.00    0.00    0.00    0.00    0.00     4  postgres
04:34:24 AM 100998   3665325    0.00    0.00    0.00    0.00    0.00     4  postgres
04:34:24 AM 100998   3665326    0.00    0.00    0.00    0.00    0.00     5  postgres
04:34:24 AM 100998   3665851    2.00    2.00    0.00    3.00    4.00     4  postgres

04:34:24 AM   UID       PID    %usr %system  %guest   %wait    %CPU   CPU  Command
04:34:25 AM 100998   3665322    0.00    0.00    0.00    0.00    0.00     4  postgres
04:34:25 AM 100998   3665323    0.00    0.00    0.00    0.00    0.00     4  postgres
04:34:25 AM 100998   3665325    0.00    0.00    0.00    0.00    0.00     4  postgres
04:34:25 AM 100998   3665326    0.00    0.00    0.00    0.00    0.00     5  postgres
04:34:25 AM 100998   3665851    3.00    1.00    0.00    5.00    4.00     4  postgres

04:34:25 AM   UID       PID    %usr %system  %guest   %wait    %CPU   CPU  Command
04:34:26 AM 100998   3665322    0.00    0.00    0.00    0.00    0.00     4  postgres
04:34:26 AM 100998   3665323    0.00    0.00    0.00    0.00    0.00     4  postgres
04:34:26 AM 100998   3665325    0.00    0.00    0.00    0.00    0.00     4  postgres
04:34:26 AM 100998   3665326    0.00    0.00    0.00    0.00    0.00     5  postgres
04:34:26 AM 100998   3665851    2.00    2.00    0.00    4.00    4.00     5  postgres

04:34:26 AM   UID       PID    %usr %system  %guest   %wait    %CPU   CPU  Command
04:34:27 AM 100998   3665322    0.00    0.00    0.00    0.00    0.00     4  postgres
04:34:27 AM 100998   3665323    0.00    0.00    0.00    0.00    0.00     4  postgres
04:34:27 AM 100998   3665325    0.00    0.00    0.00    0.00    0.00     4  postgres
04:34:27 AM 100998   3665326    0.00    0.00    0.00    0.00    0.00     5  postgres
04:34:27 AM 100998   3665851    3.00    1.00    0.00    3.00    4.00     4  postgres

04:34:27 AM   UID       PID    %usr %system  %guest   %wait    %CPU   CPU  Command
04:34:28 AM 100998   3665322    0.00    0.00    0.00    0.00    0.00     4  postgres
04:34:28 AM 100998   3665323    0.00    0.00    0.00    0.00    0.00     4  postgres
04:34:28 AM 100998   3665325    0.00    0.00    0.00    0.00    0.00     4  postgres
04:34:28 AM 100998   3665326    0.00    0.00    0.00    0.00    0.00     5  postgres
04:34:28 AM 100998   3665851    2.00    2.00    0.00    5.00    4.00     4  postgres

04:34:28 AM   UID       PID    %usr %system  %guest   %wait    %CPU   CPU  Command
04:34:29 AM 100998   3665322    0.00    0.00    0.00    0.00    0.00     4  postgres
04:34:29 AM 100998   3665323    0.00    0.00    0.00    0.00    0.00     4  postgres
04:34:29 AM 100998   3665325    0.00    0.00    0.00    0.00    0.00     4  postgres
04:34:29 AM 100998   3665326    0.00    0.00    0.00    0.00    0.00     5  postgres
04:34:29 AM 100998   3665851    3.00    1.00    0.00    3.00    4.00     5  postgres

04:34:29 AM   UID       PID    %usr %system  %guest   %wait    %CPU   CPU  Command
04:34:30 AM 100998   3665322    0.00    0.00    0.00    0.00    0.00     4  postgres
04:34:30 AM 100998   3665323    0.00    0.00    0.00    0.00    0.00     4  postgres
04:34:30 AM 100998   3665325    0.00    0.00    0.00    0.00    0.00     4  postgres
04:34:30 AM 100998   3665326    0.00    0.00    0.00    0.00    0.00     5  postgres
04:34:30 AM 100998   3665851    2.00    3.00    0.00    4.00    5.00     5  postgres

04:34:30 AM   UID       PID    %usr %system  %guest   %wait    %CPU   CPU  Command
04:34:31 AM 100998   3665322    0.00    0.00    0.00    0.00    0.00     4  postgres
04:34:31 AM 100998   3665323    0.00    0.00    0.00    0.00    0.00     4  postgres
04:34:31 AM 100998   3665325    0.00    0.00    0.00    0.00    0.00     4  postgres
04:34:31 AM 100998   3665326    0.00    0.00    0.00    0.00    0.00     5  postgres
04:34:31 AM 100998   3665851    2.00    1.00    0.00    3.00    3.00     4  postgres

04:34:31 AM   UID       PID    %usr %system  %guest   %wait    %CPU   CPU  Command
04:34:32 AM 100998   3665322    0.00    0.00    0.00    0.00    0.00     4  postgres
04:34:32 AM 100998   3665323    0.00    0.00    0.00    0.00    0.00     4  postgres
04:34:32 AM 100998   3665325    0.00    0.00    0.00    0.00    0.00     4  postgres
04:34:32 AM 100998   3665326    0.00    0.00    0.00    0.00    0.00     5  postgres
04:34:32 AM 100998   3665851    3.00    2.00    0.00    4.00    5.00     4  postgres

04:34:32 AM   UID       PID    %usr %system  %guest   %wait    %CPU   CPU  Command
04:34:33 AM 100998   3665322    0.00    0.00    0.00    0.00    0.00     4  postgres
04:34:33 AM 100998   3665323    0.00    0.00    0.00    0.00    0.00     4  postgres
04:34:33 AM 100998   3665325    0.00    0.00    0.00    0.00    0.00     4  postgres
04:34:33 AM 100998   3665326    0.00    0.00    0.00    0.00    0.00     5  postgres
04:34:33 AM 100998   3665851    2.00    1.00    0.00    4.00    3.00     4  postgres

04:34:33 AM   UID       PID    %usr %system  %guest   %wait    %CPU   CPU  Command
04:34:34 AM 100998   3665322    0.00    0.00    0.00    0.00    0.00     4  postgres
04:34:34 AM 100998   3665323    0.00    0.00    0.00    0.00    0.00     6  postgres
04:34:34 AM 100998   3665325    0.00    0.00    0.00    0.00    0.00     4  postgres
04:34:34 AM 100998   3665326    0.00    0.00    0.00    0.00    0.00     5  postgres
04:34:34 AM 100998   3665851    3.00    2.00    0.00    4.00    5.00     4  postgres

04:34:34 AM   UID       PID    %usr %system  %guest   %wait    %CPU   CPU  Command
04:34:35 AM 100998   3665322    0.00    0.00    0.00    0.00    0.00     4  postgres
04:34:35 AM 100998   3665323    0.00    0.00    0.00    0.00    0.00     6  postgres
04:34:35 AM 100998   3665325    0.00    0.00    0.00    0.00    0.00     4  postgres
04:34:35 AM 100998   3665326    0.00    0.00    0.00    0.00    0.00     5  postgres
04:34:35 AM 100998   3665851    3.00    2.00    0.00    5.00    5.00     6  postgres

04:34:35 AM   UID       PID    %usr %system  %guest   %wait    %CPU   CPU  Command
04:34:36 AM 100998   3665322    0.00    0.00    0.00    0.00    0.00     4  postgres
04:34:36 AM 100998   3665323    0.00    0.00    0.00    0.00    0.00     6  postgres
04:34:36 AM 100998   3665325    0.00    0.00    0.00    0.00    0.00     4  postgres
04:34:36 AM 100998   3665326    0.00    0.00    0.00    0.00    0.00     5  postgres
04:34:36 AM 100998   3665851    2.00    1.00    0.00    4.00    3.00     4  postgres

04:34:36 AM   UID       PID    %usr %system  %guest   %wait    %CPU   CPU  Command
04:34:37 AM 100998   3665322    0.00    0.00    0.00    0.00    0.00     4  postgres
04:34:37 AM 100998   3665323    0.00    0.00    0.00    0.00    0.00     6  postgres
04:34:37 AM 100998   3665325    0.00    0.00    0.00    0.00    0.00     4  postgres
04:34:37 AM 100998   3665326    0.00    0.00    0.00    0.00    0.00     5  postgres
04:34:37 AM 100998   3665851    3.00    2.00    0.00    4.00    5.00     6  postgres

04:34:37 AM   UID       PID    %usr %system  %guest   %wait    %CPU   CPU  Command
04:34:38 AM 100998   3665322    0.00    0.00    0.00    0.00    0.00     4  postgres
04:34:38 AM 100998   3665323    0.00    0.00    0.00    0.00    0.00     6  postgres
04:34:38 AM 100998   3665325    0.00    0.00    0.00    0.00    0.00     4  postgres
04:34:38 AM 100998   3665326    0.00    0.00    0.00    0.00    0.00     5  postgres
04:34:38 AM 100998   3665851    3.00    1.00    0.00    3.00    4.00     6  postgres

04:34:38 AM   UID       PID    %usr %system  %guest   %wait    %CPU   CPU  Command
04:34:39 AM 100998   3665322    0.00    0.00    0.00    0.00    0.00     4  postgres
04:34:39 AM 100998   3665323    0.00    0.00    0.00    0.00    0.00     6  postgres
04:34:39 AM 100998   3665325    0.00    0.00    0.00    0.00    0.00     4  postgres
04:34:39 AM 100998   3665326    0.00    0.00    0.00    0.00    0.00     5  postgres
04:34:39 AM 100998   3665851    2.00    1.00    0.00    3.00    3.00     5  postgres

04:34:39 AM   UID       PID    %usr %system  %guest   %wait    %CPU   CPU  Command
04:34:40 AM 100998   3665322    0.00    0.00    0.00    0.00    0.00     4  postgres
04:34:40 AM 100998   3665323    0.00    0.00    0.00    0.00    0.00     6  postgres
04:34:40 AM 100998   3665325    0.00    0.00    0.00    0.00    0.00     4  postgres
04:34:40 AM 100998   3665326    0.00    0.00    0.00    0.00    0.00     5  postgres
04:34:40 AM 100998   3665851    3.00    2.00    0.00    4.00    5.00     4  postgres

04:34:40 AM   UID       PID    %usr %system  %guest   %wait    %CPU   CPU  Command
04:34:41 AM 100998   3665322    0.00    0.00    0.00    0.00    0.00     4  postgres
04:34:41 AM 100998   3665323    0.00    0.00    0.00    0.00    0.00     6  postgres
04:34:41 AM 100998   3665325    0.00    0.00    0.00    0.00    0.00     4  postgres
04:34:41 AM 100998   3665326    0.00    0.00    0.00    0.00    0.00     5  postgres
04:34:41 AM 100998   3665851    2.00    2.00    0.00    4.00    4.00     5  postgres

04:34:41 AM   UID       PID    %usr %system  %guest   %wait    %CPU   CPU  Command
04:34:42 AM 100998   3665322    0.00    0.00    0.00    0.00    0.00     4  postgres
04:34:42 AM 100998   3665323    0.00    0.00    0.00    0.00    0.00     6  postgres
04:34:42 AM 100998   3665325    0.00    0.00    0.00    0.00    0.00     4  postgres
04:34:42 AM 100998   3665326    0.00    0.00    0.00    0.00    0.00     5  postgres
04:34:42 AM 100998   3665851    3.00    2.00    0.00    4.00    5.00     4  postgres

04:34:42 AM   UID       PID    %usr %system  %guest   %wait    %CPU   CPU  Command
04:34:43 AM 100998   3665322    0.00    0.00    0.00    0.00    0.00     4  postgres
04:34:43 AM 100998   3665323    0.00    0.00    0.00    0.00    0.00     6  postgres
04:34:43 AM 100998   3665325    0.00    0.00    0.00    0.00    0.00     4  postgres
04:34:43 AM 100998   3665326    0.00    0.00    0.00    0.00    0.00     5  postgres
04:34:43 AM 100998   3665851    2.00    1.00    0.00    4.00    3.00     4  postgres

04:34:43 AM   UID       PID    %usr %system  %guest   %wait    %CPU   CPU  Command
04:34:44 AM 100998   3665322    0.00    0.00    0.00    0.00    0.00     4  postgres
04:34:44 AM 100998   3665323    0.00    0.00    0.00    0.00    0.00     6  postgres
04:34:44 AM 100998   3665325    0.00    0.00    0.00    0.00    0.00     4  postgres
04:34:44 AM 100998   3665326    0.00    0.00    0.00    0.00    0.00     5  postgres
04:34:44 AM 100998   3665851    2.00    1.00    0.00    2.00    3.00     4  postgres

04:34:44 AM   UID       PID    %usr %system  %guest   %wait    %CPU   CPU  Command
04:34:45 AM 100998   3665322    0.00    0.00    0.00    0.00    0.00     4  postgres
04:34:45 AM 100998   3665323    0.00    0.00    0.00    0.00    0.00     6  postgres
04:34:45 AM 100998   3665325    0.00    0.00    0.00    0.00    0.00     4  postgres
04:34:45 AM 100998   3665326    0.00    0.00    0.00    0.00    0.00     5  postgres
04:34:45 AM 100998   3665851    0.00    0.00    0.00    0.00    0.00     4  postgres

04:34:45 AM   UID       PID    %usr %system  %guest   %wait    %CPU   CPU  Command
04:34:46 AM 100998   3665322    0.00    0.00    0.00    0.00    0.00     4  postgres
04:34:46 AM 100998   3665323    0.00    0.00    0.00    0.00    0.00     6  postgres
04:34:46 AM 100998   3665325    0.00    0.00    0.00    0.00    0.00     4  postgres
04:34:46 AM 100998   3665326    0.00    0.00    0.00    0.00    0.00     5  postgres
04:34:46 AM 100998   3665851    0.00    0.00    0.00    0.00    0.00     4  postgres

04:34:46 AM   UID       PID    %usr %system  %guest   %wait    %CPU   CPU  Command
04:34:47 AM 100998   3665322    0.00    0.00    0.00    0.00    0.00     4  postgres
04:34:47 AM 100998   3665323    0.00    0.00    0.00    0.00    0.00     6  postgres
04:34:47 AM 100998   3665325    0.00    0.00    0.00    0.00    0.00     4  postgres
04:34:47 AM 100998   3665326    0.00    0.00    0.00    0.00    0.00     5  postgres
04:34:47 AM 100998   3665851    0.00    0.00    0.00    0.00    0.00     4  postgres

04:34:47 AM   UID       PID    %usr %system  %guest   %wait    %CPU   CPU  Command
04:34:48 AM 100998   3665322    0.00    0.00    0.00    0.00    0.00     4  postgres
04:34:48 AM 100998   3665323    0.00    0.00    0.00    0.00    0.00     6  postgres
04:34:48 AM 100998   3665325    0.00    0.00    0.00    0.00    0.00     4  postgres
04:34:48 AM 100998   3665326    0.00    0.00    0.00    0.00    0.00     5  postgres
04:34:48 AM 100998   3665851    0.00    0.00    0.00    0.00    0.00     4  postgres

04:34:48 AM   UID       PID    %usr %system  %guest   %wait    %CPU   CPU  Command
04:34:49 AM 100998   3665322    0.00    0.00    0.00    0.00    0.00     4  postgres
04:34:49 AM 100998   3665323    0.00    0.00    0.00    0.00    0.00     6  postgres
04:34:49 AM 100998   3665325    0.00    0.00    0.00    0.00    0.00     4  postgres
04:34:49 AM 100998   3665326    0.00    0.00    0.00    0.00    0.00     5  postgres
04:34:49 AM 100998   3665851    0.00    0.00    0.00    0.00    0.00     4  postgres

04:34:49 AM   UID       PID    %usr %system  %guest   %wait    %CPU   CPU  Command
04:34:50 AM 100998   3665322    0.00    0.00    0.00    0.00    0.00     4  postgres
04:34:50 AM 100998   3665323    0.00    0.00    0.00    0.00    0.00     6  postgres
04:34:50 AM 100998   3665325    0.00    0.00    0.00    0.00    0.00     4  postgres
04:34:50 AM 100998   3665326    0.00    0.00    0.00    0.00    0.00     5  postgres
04:34:50 AM 100998   3665851    0.00    0.00    0.00    0.00    0.00     4  postgres

04:34:50 AM   UID       PID    %usr %system  %guest   %wait    %CPU   CPU  Command
04:34:51 AM 100998   3665322    0.00    0.00    0.00    0.00    0.00     4  postgres
04:34:51 AM 100998   3665323    0.00    0.00    0.00    0.00    0.00     6  postgres
04:34:51 AM 100998   3665325    0.00    0.00    0.00    0.00    0.00     4  postgres
04:34:51 AM 100998   3665326    0.00    0.00    0.00    0.00    0.00     5  postgres
04:34:51 AM 100998   3665851    0.00    0.00    0.00    0.00    0.00     4  postgres

04:34:51 AM   UID       PID    %usr %system  %guest   %wait    %CPU   CPU  Command
04:34:52 AM 100998   3665322    0.00    0.00    0.00    0.00    0.00     4  postgres
04:34:52 AM 100998   3665323    0.00    0.00    0.00    0.00    0.00     6  postgres
04:34:52 AM 100998   3665325    0.00    0.00    0.00    0.00    0.00     4  postgres
04:34:52 AM 100998   3665326    0.00    0.00    0.00    0.00    0.00     5  postgres
04:34:52 AM 100998   3665851    0.00    0.00    0.00    0.00    0.00     4  postgres

04:34:52 AM   UID       PID    %usr %system  %guest   %wait    %CPU   CPU  Command
04:34:53 AM 100998   3665322    0.00    0.00    0.00    0.00    0.00     4  postgres
04:34:53 AM 100998   3665323    0.00    0.00    0.00    0.00    0.00     6  postgres
04:34:53 AM 100998   3665325    0.00    0.00    0.00    0.00    0.00     4  postgres
04:34:53 AM 100998   3665326    0.00    0.00    0.00    0.00    0.00     5  postgres
04:34:53 AM 100998   3665851    0.00    0.00    0.00    0.00    0.00     4  postgres

04:34:53 AM   UID       PID    %usr %system  %guest   %wait    %CPU   CPU  Command
04:34:54 AM 100998   3665322    0.00    0.00    0.00    0.00    0.00     4  postgres
04:34:54 AM 100998   3665323    0.00    0.00    0.00    0.00    0.00     6  postgres
04:34:54 AM 100998   3665325    0.00    0.00    0.00    0.00    0.00     4  postgres
04:34:54 AM 100998   3665326    0.00    0.00    0.00    0.00    0.00     5  postgres
04:34:54 AM 100998   3665851    0.00    0.00    0.00    0.00    0.00     4  postgres

04:34:54 AM   UID       PID    %usr %system  %guest   %wait    %CPU   CPU  Command
04:34:55 AM 100998   3665322    0.00    0.00    0.00    0.00    0.00     4  postgres
04:34:55 AM 100998   3665323    0.00    0.00    0.00    0.00    0.00     6  postgres
04:34:55 AM 100998   3665325    0.00    0.00    0.00    0.00    0.00     4  postgres
04:34:55 AM 100998   3665326    0.00    0.00    0.00    0.00    0.00     5  postgres
04:34:55 AM 100998   3665851    0.00    0.00    0.00    0.00    0.00     4  postgres

04:34:55 AM   UID       PID    %usr %system  %guest   %wait    %CPU   CPU  Command
04:34:56 AM 100998   3665322    0.00    0.00    0.00    0.00    0.00     4  postgres
04:34:56 AM 100998   3665323    0.00    0.00    0.00    0.00    0.00     6  postgres
04:34:56 AM 100998   3665325    0.00    0.00    0.00    0.00    0.00     4  postgres
04:34:56 AM 100998   3665326    0.00    0.00    0.00    0.00    0.00     5  postgres
04:34:56 AM 100998   3665851    0.00    0.00    0.00    0.00    0.00     4  postgres

04:34:56 AM   UID       PID    %usr %system  %guest   %wait    %CPU   CPU  Command
04:34:57 AM 100998   3665322    0.00    0.00    0.00    0.00    0.00     4  postgres
04:34:57 AM 100998   3665323    0.00    0.00    0.00    0.00    0.00     6  postgres
04:34:57 AM 100998   3665325    0.00    0.00    0.00    0.00    0.00     4  postgres
04:34:57 AM 100998   3665326    0.00    0.00    0.00    0.00    0.00     5  postgres
04:34:57 AM 100998   3665851    0.00    0.00    0.00    0.00    0.00     4  postgres

04:34:57 AM   UID       PID    %usr %system  %guest   %wait    %CPU   CPU  Command
04:34:58 AM 100998   3665322    0.00    0.00    0.00    0.00    0.00     4  postgres
04:34:58 AM 100998   3665323    0.00    0.00    0.00    0.00    0.00     6  postgres
04:34:58 AM 100998   3665325    0.00    0.00    0.00    0.00    0.00     4  postgres
04:34:58 AM 100998   3665326    0.00    0.00    0.00    0.00    0.00     5  postgres
04:34:58 AM 100998   3665851    0.00    0.00    0.00    0.00    0.00     4  postgres

04:34:58 AM   UID       PID    %usr %system  %guest   %wait    %CPU   CPU  Command
04:34:59 AM 100998   3665322    0.00    0.00    0.00    0.00    0.00     4  postgres
04:34:59 AM 100998   3665323    0.00    0.00    0.00    0.00    0.00     6  postgres
04:34:59 AM 100998   3665325    0.00    0.00    0.00    0.00    0.00     4  postgres
04:34:59 AM 100998   3665326    0.00    0.00    0.00    0.00    0.00     5  postgres
04:34:59 AM 100998   3665851    0.00    0.00    0.00    0.00    0.00     4  postgres

04:34:59 AM   UID       PID    %usr %system  %guest   %wait    %CPU   CPU  Command
04:35:00 AM 100998   3665322    0.00    0.00    0.00    0.00    0.00     4  postgres
04:35:00 AM 100998   3665323    0.00    0.00    0.00    0.00    0.00     6  postgres
04:35:00 AM 100998   3665325    0.00    0.00    0.00    0.00    0.00     4  postgres
04:35:00 AM 100998   3665326    0.00    0.00    0.00    0.00    0.00     5  postgres
04:35:00 AM 100998   3665851    0.00    0.00    0.00    0.00    0.00     4  postgres

04:35:00 AM   UID       PID    %usr %system  %guest   %wait    %CPU   CPU  Command
04:35:01 AM 100998   3665322    0.00    0.00    0.00    0.00    0.00     4  postgres
04:35:01 AM 100998   3665323    0.00    0.00    0.00    0.00    0.00     6  postgres
04:35:01 AM 100998   3665325    0.00    0.00    0.00    0.00    0.00     4  postgres
04:35:01 AM 100998   3665326    0.00    0.00    0.00    0.00    0.00     5  postgres
04:35:01 AM 100998   3665851    0.00    0.00    0.00    0.00    0.00     4  postgres

04:35:01 AM   UID       PID    %usr %system  %guest   %wait    %CPU   CPU  Command
04:35:02 AM 100998   3665322    0.00    0.00    0.00    0.00    0.00     4  postgres
04:35:02 AM 100998   3665323    0.00    0.00    0.00    0.00    0.00     6  postgres
04:35:02 AM 100998   3665325    0.00    0.00    0.00    0.00    0.00     4  postgres
04:35:02 AM 100998   3665326    0.00    0.00    0.00    0.00    0.00     5  postgres
04:35:02 AM 100998   3665851    0.00    0.00    0.00    0.00    0.00     4  postgres

04:35:02 AM   UID       PID    %usr %system  %guest   %wait    %CPU   CPU  Command
04:35:03 AM 100998   3665322    0.00    0.00    0.00    0.00    0.00     4  postgres
04:35:03 AM 100998   3665323    0.00    0.00    0.00    0.00    0.00     6  postgres
04:35:03 AM 100998   3665325    0.00    0.00    0.00    0.00    0.00     4  postgres
04:35:03 AM 100998   3665326    0.00    0.00    0.00    0.00    0.00     5  postgres
04:35:03 AM 100998   3665851    0.00    0.00    0.00    0.00    0.00     4  postgres

04:35:03 AM   UID       PID    %usr %system  %guest   %wait    %CPU   CPU  Command
04:35:04 AM 100998   3665322    0.00    0.00    0.00    0.00    0.00     4  postgres
04:35:04 AM 100998   3665323    0.00    0.00    0.00    0.00    0.00     6  postgres
04:35:04 AM 100998   3665325    0.00    0.00    0.00    0.00    0.00     4  postgres
04:35:04 AM 100998   3665326    0.00    0.00    0.00    0.00    0.00     5  postgres
04:35:04 AM 100998   3665851    0.00    0.00    0.00    0.00    0.00     4  postgres

04:35:04 AM   UID       PID    %usr %system  %guest   %wait    %CPU   CPU  Command
04:35:05 AM 100998   3665322    0.00    0.00    0.00    0.00    0.00     4  postgres
04:35:05 AM 100998   3665323    0.00    0.00    0.00    0.00    0.00     6  postgres
04:35:05 AM 100998   3665325    0.00    0.00    0.00    0.00    0.00     4  postgres
04:35:05 AM 100998   3665326    0.00    0.00    0.00    0.00    0.00     5  postgres
04:35:05 AM 100998   3665851    0.00    0.00    0.00    0.00    0.00     4  postgres

04:35:05 AM   UID       PID    %usr %system  %guest   %wait    %CPU   CPU  Command
04:35:06 AM 100998   3665322    0.00    0.00    0.00    0.00    0.00     4  postgres
04:35:06 AM 100998   3665323    0.00    0.00    0.00    0.00    0.00     6  postgres
04:35:06 AM 100998   3665325    0.00    0.00    0.00    0.00    0.00     4  postgres
04:35:06 AM 100998   3665326    0.00    0.00    0.00    0.00    0.00     5  postgres
04:35:06 AM 100998   3665851    0.00    0.00    0.00    0.00    0.00     4  postgres

04:35:06 AM   UID       PID    %usr %system  %guest   %wait    %CPU   CPU  Command
04:35:07 AM 100998   3665322    0.00    0.00    0.00    0.00    0.00     4  postgres
04:35:07 AM 100998   3665323    0.00    0.00    0.00    0.00    0.00     6  postgres
04:35:07 AM 100998   3665325    0.00    0.00    0.00    0.00    0.00     4  postgres
04:35:07 AM 100998   3665326    0.00    0.00    0.00    0.00    0.00     5  postgres
04:35:07 AM 100998   3665851    0.00    0.00    0.00    0.00    0.00     4  postgres

04:35:07 AM   UID       PID    %usr %system  %guest   %wait    %CPU   CPU  Command
04:35:08 AM 100998   3665322    0.00    0.00    0.00    0.00    0.00     4  postgres
04:35:08 AM 100998   3665323    0.00    0.00    0.00    0.00    0.00     6  postgres
04:35:08 AM 100998   3665325    0.00    0.00    0.00    0.00    0.00     4  postgres
04:35:08 AM 100998   3665326    0.00    0.00    0.00    0.00    0.00     5  postgres
04:35:08 AM 100998   3665851    0.00    0.00    0.00    0.00    0.00     4  postgres

04:35:08 AM   UID       PID    %usr %system  %guest   %wait    %CPU   CPU  Command
04:35:09 AM 100998   3665322    0.00    0.00    0.00    0.00    0.00     4  postgres
04:35:09 AM 100998   3665323    0.00    0.00    0.00    0.00    0.00     6  postgres
04:35:09 AM 100998   3665325    0.00    0.00    0.00    0.00    0.00     4  postgres
04:35:09 AM 100998   3665326    0.00    0.00    0.00    0.00    0.00     5  postgres
04:35:09 AM 100998   3665851    0.00    0.00    0.00    0.00    0.00     4  postgres

04:35:09 AM   UID       PID    %usr %system  %guest   %wait    %CPU   CPU  Command
04:35:10 AM 100998   3665322    0.00    0.00    0.00    0.00    0.00     4  postgres
04:35:10 AM 100998   3665323    0.00    0.00    0.00    0.00    0.00     6  postgres
04:35:10 AM 100998   3665325    0.00    0.00    0.00    0.00    0.00     4  postgres
04:35:10 AM 100998   3665326    0.00    0.00    0.00    0.00    0.00     5  postgres
04:35:10 AM 100998   3665851    0.00    0.00    0.00    0.00    0.00     4  postgres

04:35:10 AM   UID       PID    %usr %system  %guest   %wait    %CPU   CPU  Command
04:35:11 AM 100998   3665322    0.00    0.00    0.00    0.00    0.00     4  postgres
04:35:11 AM 100998   3665323    0.00    0.00    0.00    0.00    0.00     6  postgres
04:35:11 AM 100998   3665325    0.00    0.00    0.00    0.00    0.00     4  postgres
04:35:11 AM 100998   3665326    0.00    0.00    0.00    0.00    0.00     5  postgres
04:35:11 AM 100998   3665851    0.00    0.00    0.00    0.00    0.00     4  postgres

04:35:11 AM   UID       PID    %usr %system  %guest   %wait    %CPU   CPU  Command
04:35:12 AM 100998   3665322    0.00    0.00    0.00    0.00    0.00     4  postgres
04:35:12 AM 100998   3665323    0.00    0.00    0.00    0.00    0.00     6  postgres
04:35:12 AM 100998   3665325    0.00    0.00    0.00    0.00    0.00     4  postgres
04:35:12 AM 100998   3665326    0.00    0.00    0.00    0.00    0.00     5  postgres
04:35:12 AM 100998   3665851    0.00    0.00    0.00    0.00    0.00     4  postgres

04:35:12 AM   UID       PID    %usr %system  %guest   %wait    %CPU   CPU  Command
04:35:13 AM 100998   3665322    0.00    0.00    0.00    0.00    0.00     4  postgres
04:35:13 AM 100998   3665323    0.00    0.00    0.00    0.00    0.00     6  postgres
04:35:13 AM 100998   3665325    0.00    0.00    0.00    0.00    0.00     4  postgres
04:35:13 AM 100998   3665326    0.00    0.00    0.00    0.00    0.00     5  postgres
04:35:13 AM 100998   3665851    0.00    0.00    0.00    0.00    0.00     4  postgres

04:35:13 AM   UID       PID    %usr %system  %guest   %wait    %CPU   CPU  Command
04:35:14 AM 100998   3665322    0.00    0.00    0.00    0.00    0.00     4  postgres
04:35:14 AM 100998   3665323    0.00    0.00    0.00    0.00    0.00     6  postgres
04:35:14 AM 100998   3665325    0.00    0.00    0.00    0.00    0.00     4  postgres
04:35:14 AM 100998   3665326    0.00    0.00    0.00    0.00    0.00     5  postgres
04:35:14 AM 100998   3665851    0.00    0.00    0.00    0.00    0.00     4  postgres

04:35:14 AM   UID       PID    %usr %system  %guest   %wait    %CPU   CPU  Command
04:35:15 AM 100998   3665322    0.00    0.00    0.00    0.00    0.00     4  postgres
04:35:15 AM 100998   3665323    0.00    0.00    0.00    0.00    0.00     6  postgres
04:35:15 AM 100998   3665325    0.00    0.00    0.00    0.00    0.00     4  postgres
04:35:15 AM 100998   3665326    0.00    0.00    0.00    0.00    0.00     5  postgres
04:35:15 AM 100998   3665851    0.00    0.00    0.00    0.00    0.00     4  postgres

04:35:15 AM   UID       PID    %usr %system  %guest   %wait    %CPU   CPU  Command
04:35:16 AM 100998   3665322    0.00    0.00    0.00    0.00    0.00     4  postgres
04:35:16 AM 100998   3665323    0.00    0.00    0.00    0.00    0.00     6  postgres
04:35:16 AM 100998   3665325    0.00    0.00    0.00    0.00    0.00     4  postgres
04:35:16 AM 100998   3665326    0.00    0.00    0.00    0.00    0.00     5  postgres
04:35:16 AM 100998   3665851    0.00    0.00    0.00    0.00    0.00     4  postgres

04:35:16 AM   UID       PID    %usr %system  %guest   %wait    %CPU   CPU  Command
04:35:17 AM 100998   3665322    0.00    0.00    0.00    0.00    0.00     4  postgres
04:35:17 AM 100998   3665323    0.00    0.00    0.00    0.00    0.00     6  postgres
04:35:17 AM 100998   3665325    0.00    0.00    0.00    0.00    0.00     4  postgres
04:35:17 AM 100998   3665326    0.00    0.00    0.00    0.00    0.00     5  postgres
04:35:17 AM 100998   3665851    0.00    0.00    0.00    0.00    0.00     4  postgres

04:35:17 AM   UID       PID    %usr %system  %guest   %wait    %CPU   CPU  Command
04:35:18 AM 100998   3665322    0.00    0.00    0.00    0.00    0.00     4  postgres
04:35:18 AM 100998   3665323    0.00    0.00    0.00    0.00    0.00     6  postgres
04:35:18 AM 100998   3665325    0.00    0.00    0.00    0.00    0.00     4  postgres
04:35:18 AM 100998   3665326    0.00    0.00    0.00    0.00    0.00     5  postgres
04:35:18 AM 100998   3665851    0.00    0.00    0.00    0.00    0.00     4  postgres

04:35:18 AM   UID       PID    %usr %system  %guest   %wait    %CPU   CPU  Command
04:35:19 AM 100998   3665322    0.00    0.00    0.00    0.00    0.00     4  postgres
04:35:19 AM 100998   3665323    0.00    0.00    0.00    0.00    0.00     6  postgres
04:35:19 AM 100998   3665325    0.00    0.00    0.00    0.00    0.00     4  postgres
04:35:19 AM 100998   3665326    0.00    0.00    0.00    0.00    0.00     5  postgres
04:35:19 AM 100998   3665851    2.00    1.00    0.00    0.00    3.00     6  postgres

04:35:19 AM   UID       PID    %usr %system  %guest   %wait    %CPU   CPU  Command
04:35:20 AM 100998   3665322    0.00    0.00    0.00    0.00    0.00     4  postgres
04:35:20 AM 100998   3665323    0.00    0.00    0.00    0.00    0.00     6  postgres
04:35:20 AM 100998   3665325    0.00    0.00    0.00    0.00    0.00     4  postgres
04:35:20 AM 100998   3665326    0.00    0.00    0.00    0.00    0.00     5  postgres
04:35:20 AM 100998   3665851    2.00    1.00    0.00    5.00    3.00     4  postgres

04:35:20 AM   UID       PID    %usr %system  %guest   %wait    %CPU   CPU  Command
04:35:21 AM 100998   3665322    0.00    0.00    0.00    0.00    0.00     4  postgres
04:35:21 AM 100998   3665323    0.00    0.00    0.00    0.00    0.00     6  postgres
04:35:21 AM 100998   3665325    0.00    0.00    0.00    0.00    0.00     4  postgres
04:35:21 AM 100998   3665326    0.00    0.00    0.00    0.00    0.00     5  postgres
04:35:21 AM 100998   3665851    2.00    2.00    0.00    4.00    4.00     4  postgres

04:35:21 AM   UID       PID    %usr %system  %guest   %wait    %CPU   CPU  Command
04:35:22 AM 100998   3665322    0.00    0.00    0.00    0.00    0.00     4  postgres
04:35:22 AM 100998   3665323    0.00    0.00    0.00    0.00    0.00     6  postgres
04:35:22 AM 100998   3665325    0.00    0.00    0.00    0.00    0.00     4  postgres
04:35:22 AM 100998   3665326    0.00    0.00    0.00    0.00    0.00     5  postgres
04:35:22 AM 100998   3665851    3.00    2.00    0.00    5.00    5.00     6  postgres

04:35:22 AM   UID       PID    %usr %system  %guest   %wait    %CPU   CPU  Command
04:35:23 AM 100998   3665322    0.00    0.00    0.00    0.00    0.00     4  postgres
04:35:23 AM 100998   3665323    0.00    0.00    0.00    0.00    0.00     6  postgres
04:35:23 AM 100998   3665325    0.00    0.00    0.00    0.00    0.00     4  postgres
04:35:23 AM 100998   3665326    0.00    0.00    0.00    0.00    0.00     5  postgres
04:35:23 AM 100998   3665851    2.00    2.00    0.00    4.00    4.00     4  postgres

04:35:23 AM   UID       PID    %usr %system  %guest   %wait    %CPU   CPU  Command
04:35:24 AM 100998   3665322    0.00    0.00    0.00    0.00    0.00     4  postgres
04:35:24 AM 100998   3665323    0.00    0.00    0.00    0.00    0.00     6  postgres
04:35:24 AM 100998   3665325    0.00    0.00    0.00    0.00    0.00     4  postgres
04:35:24 AM 100998   3665326    0.00    0.00    0.00    0.00    0.00     5  postgres
04:35:24 AM 100998   3665851    3.00    1.00    0.00    4.00    4.00     4  postgres

04:35:24 AM   UID       PID    %usr %system  %guest   %wait    %CPU   CPU  Command
04:35:25 AM 100998   3665322    0.00    0.00    0.00    0.00    0.00     4  postgres
04:35:25 AM 100998   3665323    0.00    0.00    0.00    0.00    0.00     6  postgres
04:35:25 AM 100998   3665325    0.00    0.00    0.00    0.00    0.00     4  postgres
04:35:25 AM 100998   3665326    0.00    0.00    0.00    0.00    0.00     5  postgres
04:35:25 AM 100998   3665851    3.00    2.00    0.00    4.00    5.00     4  postgres

04:35:25 AM   UID       PID    %usr %system  %guest   %wait    %CPU   CPU  Command
04:35:26 AM 100998   3665322    0.00    0.00    0.00    0.00    0.00     4  postgres
04:35:26 AM 100998   3665323    0.00    0.00    0.00    0.00    0.00     6  postgres
04:35:26 AM 100998   3665325    0.00    0.00    0.00    0.00    0.00     4  postgres
04:35:26 AM 100998   3665326    0.00    0.00    0.00    0.00    0.00     5  postgres
04:35:26 AM 100998   3665851    2.00    1.00    0.00    5.00    3.00     5  postgres

04:35:26 AM   UID       PID    %usr %system  %guest   %wait    %CPU   CPU  Command
04:35:27 AM 100998   3665322    0.00    0.00    0.00    0.00    0.00     4  postgres
04:35:27 AM 100998   3665323    0.00    0.00    0.00    0.00    0.00     6  postgres
04:35:27 AM 100998   3665325    0.00    0.00    0.00    0.00    0.00     4  postgres
04:35:27 AM 100998   3665326    0.00    0.00    0.00    0.00    0.00     5  postgres
04:35:27 AM 100998   3665851    3.00    2.00    0.00    5.00    5.00     5  postgres

04:35:27 AM   UID       PID    %usr %system  %guest   %wait    %CPU   CPU  Command
04:35:28 AM 100998   3665322    0.00    0.00    0.00    0.00    0.00     4  postgres
04:35:28 AM 100998   3665323    0.00    0.00    0.00    0.00    0.00     6  postgres
04:35:28 AM 100998   3665325    0.00    0.00    0.00    0.00    0.00     4  postgres
04:35:28 AM 100998   3665326    0.00    0.00    0.00    0.00    0.00     5  postgres
04:35:28 AM 100998   3665851    3.00    1.00    0.00    4.00    4.00     6  postgres

04:35:28 AM   UID       PID    %usr %system  %guest   %wait    %CPU   CPU  Command
04:35:29 AM 100998   3665322    0.00    0.00    0.00    0.00    0.00     4  postgres
04:35:29 AM 100998   3665323    0.00    0.00    0.00    0.00    0.00     6  postgres
04:35:29 AM 100998   3665325    0.00    0.00    0.00    0.00    0.00     4  postgres
04:35:29 AM 100998   3665326    0.00    0.00    0.00    0.00    0.00     5  postgres
04:35:29 AM 100998   3665851    2.00    2.00    0.00    3.00    4.00     6  postgres

04:35:29 AM   UID       PID    %usr %system  %guest   %wait    %CPU   CPU  Command
04:35:30 AM 100998   3665322    0.00    0.00    0.00    0.00    0.00     4  postgres
04:35:30 AM 100998   3665323    0.00    0.00    0.00    0.00    0.00     6  postgres
04:35:30 AM 100998   3665325    0.00    0.00    0.00    0.00    0.00     4  postgres
04:35:30 AM 100998   3665326    0.00    0.00    0.00    0.00    0.00     5  postgres
04:35:30 AM 100998   3665851    3.00    2.00    0.00    4.00    5.00     5  postgres

04:35:30 AM   UID       PID    %usr %system  %guest   %wait    %CPU   CPU  Command
04:35:31 AM 100998   3665322    0.00    0.00    0.00    0.00    0.00     4  postgres
04:35:31 AM 100998   3665323    0.00    0.00    0.00    0.00    0.00     6  postgres
04:35:31 AM 100998   3665325    0.00    0.00    0.00    0.00    0.00     4  postgres
04:35:31 AM 100998   3665326    0.00    0.00    0.00    0.00    0.00     5  postgres
04:35:31 AM 100998   3665851    2.00    1.00    0.00    4.00    3.00     6  postgres

04:35:31 AM   UID       PID    %usr %system  %guest   %wait    %CPU   CPU  Command
04:35:32 AM 100998   3665322    0.00    0.00    0.00    0.00    0.00     4  postgres
04:35:32 AM 100998   3665323    0.00    0.00    0.00    0.00    0.00     6  postgres
04:35:32 AM 100998   3665325    0.00    0.00    0.00    0.00    0.00     4  postgres
04:35:32 AM 100998   3665326    0.00    0.00    0.00    0.00    0.00     5  postgres
04:35:32 AM 100998   3665851    2.00    3.00    0.00    5.00    5.00     6  postgres

04:35:32 AM   UID       PID    %usr %system  %guest   %wait    %CPU   CPU  Command
04:35:33 AM 100998   3665322    0.00    0.00    0.00    0.00    0.00     4  postgres
04:35:33 AM 100998   3665323    0.00    0.00    0.00    0.00    0.00     6  postgres
04:35:33 AM 100998   3665325    0.00    0.00    0.00    0.00    0.00     4  postgres
04:35:33 AM 100998   3665326    0.00    0.00    0.00    0.00    0.00     5  postgres
04:35:33 AM 100998   3665851    2.00    1.00    0.00    3.00    3.00     5  postgres

04:35:33 AM   UID       PID    %usr %system  %guest   %wait    %CPU   CPU  Command
04:35:34 AM 100998   3665322    0.00    0.00    0.00    0.00    0.00     4  postgres
04:35:34 AM 100998   3665323    0.00    0.00    0.00    0.00    0.00     6  postgres
04:35:34 AM 100998   3665325    0.00    0.00    0.00    0.00    0.00     4  postgres
04:35:34 AM 100998   3665326    0.00    0.00    0.00    0.00    0.00     5  postgres
04:35:34 AM 100998   3665851    3.00    2.00    0.00    5.00    5.00     6  postgres

04:35:34 AM   UID       PID    %usr %system  %guest   %wait    %CPU   CPU  Command
04:35:35 AM 100998   3665322    0.00    0.00    0.00    0.00    0.00     4  postgres
04:35:35 AM 100998   3665323    0.00    0.00    0.00    0.00    0.00     6  postgres
04:35:35 AM 100998   3665325    0.00    0.00    0.00    0.00    0.00     4  postgres
04:35:35 AM 100998   3665326    0.00    0.00    0.00    0.00    0.00     5  postgres
04:35:35 AM 100998   3665851    2.00    2.00    0.00    4.00    4.00     6  postgres

04:35:35 AM   UID       PID    %usr %system  %guest   %wait    %CPU   CPU  Command
04:35:36 AM 100998   3665322    0.00    0.00    0.00    0.00    0.00     4  postgres
04:35:36 AM 100998   3665323    0.00    0.00    0.00    0.00    0.00     6  postgres
04:35:36 AM 100998   3665325    0.00    0.00    0.00    0.00    0.00     4  postgres
04:35:36 AM 100998   3665326    0.00    0.00    0.00    0.00    0.00     5  postgres
04:35:36 AM 100998   3665851    2.00    1.00    0.00    3.00    3.00     6  postgres

04:35:36 AM   UID       PID    %usr %system  %guest   %wait    %CPU   CPU  Command
04:35:37 AM 100998   3665322    0.00    0.00    0.00    0.00    0.00     4  postgres
04:35:37 AM 100998   3665323    0.00    0.00    0.00    0.00    0.00     6  postgres
04:35:37 AM 100998   3665325    0.00    0.00    0.00    0.00    0.00     4  postgres
04:35:37 AM 100998   3665326    0.00    0.00    0.00    0.00    0.00     5  postgres
04:35:37 AM 100998   3665851    3.00    2.00    0.00    4.00    5.00     5  postgres

04:35:37 AM   UID       PID    %usr %system  %guest   %wait    %CPU   CPU  Command
04:35:38 AM 100998   3665322    0.00    0.00    0.00    0.00    0.00     4  postgres
04:35:38 AM 100998   3665323    0.00    0.00    0.00    0.00    0.00     6  postgres
04:35:38 AM 100998   3665325    0.00    0.00    0.00    0.00    0.00     4  postgres
04:35:38 AM 100998   3665326    0.00    0.00    0.00    0.00    0.00     5  postgres
04:35:38 AM 100998   3665851    3.00    1.00    0.00    4.00    4.00     6  postgres

04:35:38 AM   UID       PID    %usr %system  %guest   %wait    %CPU   CPU  Command
04:35:39 AM 100998   3665322    0.00    0.00    0.00    0.00    0.00     4  postgres
04:35:39 AM 100998   3665323    0.00    0.00    0.00    0.00    0.00     6  postgres
04:35:39 AM 100998   3665325    0.00    0.00    0.00    0.00    0.00     4  postgres
04:35:39 AM 100998   3665326    0.00    0.00    0.00    0.00    0.00     5  postgres
04:35:39 AM 100998   3665851    2.00    2.00    0.00    4.00    4.00     4  postgres

04:35:39 AM   UID       PID    %usr %system  %guest   %wait    %CPU   CPU  Command
04:35:40 AM 100998   3665322    0.00    0.00    0.00    0.00    0.00     4  postgres
04:35:40 AM 100998   3665323    0.00    0.00    0.00    0.00    0.00     6  postgres
04:35:40 AM 100998   3665325    0.00    0.00    0.00    0.00    0.00     4  postgres
04:35:40 AM 100998   3665326    0.00    0.00    0.00    0.00    0.00     5  postgres
04:35:40 AM 100998   3665851    2.00    2.00    0.00    4.00    4.00     6  postgres

04:35:40 AM   UID       PID    %usr %system  %guest   %wait    %CPU   CPU  Command
04:35:41 AM 100998   3665322    0.00    0.00    0.00    0.00    0.00     4  postgres
04:35:41 AM 100998   3665323    0.00    0.00    0.00    0.00    0.00     6  postgres
04:35:41 AM 100998   3665325    0.00    0.00    0.00    0.00    0.00     4  postgres
04:35:41 AM 100998   3665326    0.00    0.00    0.00    0.00    0.00     5  postgres
04:35:41 AM 100998   3665851    3.00    2.00    0.00    4.00    5.00     6  postgres

04:35:41 AM   UID       PID    %usr %system  %guest   %wait    %CPU   CPU  Command
04:35:42 AM 100998   3665322    0.00    0.00    0.00    0.00    0.00     4  postgres
04:35:42 AM 100998   3665323    0.00    0.00    0.00    0.00    0.00     6  postgres
04:35:42 AM 100998   3665325    0.00    0.00    0.00    0.00    0.00     4  postgres
04:35:42 AM 100998   3665326    0.00    0.00    0.00    0.00    0.00     5  postgres
04:35:42 AM 100998   3665851    2.00    1.00    0.00    4.00    3.00     6  postgres

04:35:42 AM   UID       PID    %usr %system  %guest   %wait    %CPU   CPU  Command
04:35:43 AM 100998   3665322    0.00    0.00    0.00    0.00    0.00     4  postgres
04:35:43 AM 100998   3665323    0.00    0.00    0.00    0.00    0.00     6  postgres
04:35:43 AM 100998   3665325    0.00    0.00    0.00    0.00    0.00     4  postgres
04:35:43 AM 100998   3665326    0.00    0.00    0.00    0.00    0.00     5  postgres
04:35:43 AM 100998   3665851    2.00    2.00    0.00    5.00    4.00     5  postgres

04:35:43 AM   UID       PID    %usr %system  %guest   %wait    %CPU   CPU  Command
04:35:44 AM 100998   3665322    0.00    0.00    0.00    0.00    0.00     4  postgres
04:35:44 AM 100998   3665323    0.00    0.00    0.00    0.00    0.00     6  postgres
04:35:44 AM 100998   3665325    0.00    0.00    0.00    0.00    0.00     4  postgres
04:35:44 AM 100998   3665326    0.00    0.00    0.00    0.00    0.00     5  postgres
04:35:44 AM 100998   3665851    3.00    2.00    0.00    4.00    5.00     6  postgres

04:35:44 AM   UID       PID    %usr %system  %guest   %wait    %CPU   CPU  Command
04:35:45 AM 100998   3665322    0.00    0.00    0.00    0.00    0.00     4  postgres
04:35:45 AM 100998   3665323    0.00    0.00    0.00    0.00    0.00     6  postgres
04:35:45 AM 100998   3665325    0.00    0.00    0.00    0.00    0.00     4  postgres
04:35:45 AM 100998   3665326    0.00    0.00    0.00    0.00    0.00     5  postgres
04:35:45 AM 100998   3665851    3.00    2.00    0.00    4.00    5.00     6  postgres

04:35:45 AM   UID       PID    %usr %system  %guest   %wait    %CPU   CPU  Command
04:35:46 AM 100998   3665322    0.00    0.00    0.00    0.00    0.00     4  postgres
04:35:46 AM 100998   3665323    0.00    0.00    0.00    0.00    0.00     4  postgres
04:35:46 AM 100998   3665325    0.00    0.00    0.00    0.00    0.00     4  postgres
04:35:46 AM 100998   3665326    0.00    0.00    0.00    0.00    0.00     5  postgres
04:35:46 AM 100998   3665851    2.00    2.00    0.00    4.00    4.00     6  postgres

04:35:46 AM   UID       PID    %usr %system  %guest   %wait    %CPU   CPU  Command
04:35:47 AM 100998   3665322    0.00    0.00    0.00    0.00    0.00     4  postgres
04:35:47 AM 100998   3665323    0.00    0.00    0.00    0.00    0.00     4  postgres
04:35:47 AM 100998   3665325    0.00    0.00    0.00    0.00    0.00     4  postgres
04:35:47 AM 100998   3665326    0.00    0.00    0.00    0.00    0.00     5  postgres
04:35:47 AM 100998   3665851    2.00    1.00    0.00    4.00    3.00     4  postgres

04:35:47 AM   UID       PID    %usr %system  %guest   %wait    %CPU   CPU  Command
04:35:48 AM 100998   3665322    0.00    0.00    0.00    0.00    0.00     4  postgres
04:35:48 AM 100998   3665323    0.00    0.00    0.00    0.00    0.00     4  postgres
04:35:48 AM 100998   3665325    0.00    0.00    0.00    0.00    0.00     4  postgres
04:35:48 AM 100998   3665326    0.00    0.00    0.00    0.00    0.00     5  postgres
04:35:48 AM 100998   3665851    2.00    2.00    0.00    4.00    4.00     5  postgres

04:35:48 AM   UID       PID    %usr %system  %guest   %wait    %CPU   CPU  Command
04:35:49 AM 100998   3665322    0.00    0.00    0.00    0.00    0.00     4  postgres
04:35:49 AM 100998   3665323    0.00    0.00    0.00    0.00    0.00     4  postgres
04:35:49 AM 100998   3665325    0.00    0.00    0.00    0.00    0.00     4  postgres
04:35:49 AM 100998   3665326    0.00    0.00    0.00    0.00    0.00     5  postgres
04:35:49 AM 100998   3665851    2.00    2.00    0.00    4.00    4.00     5  postgres

04:35:49 AM   UID       PID    %usr %system  %guest   %wait    %CPU   CPU  Command
04:35:50 AM 100998   3665322    0.00    0.00    0.00    0.00    0.00     4  postgres
04:35:50 AM 100998   3665323    0.00    0.00    0.00    0.00    0.00     4  postgres
04:35:50 AM 100998   3665325    0.00    0.00    0.00    0.00    0.00     4  postgres
04:35:50 AM 100998   3665326    0.00    0.00    0.00    0.00    0.00     5  postgres
04:35:50 AM 100998   3665851    3.00    2.00    0.00    4.00    5.00     5  postgres

04:35:50 AM   UID       PID    %usr %system  %guest   %wait    %CPU   CPU  Command
04:35:51 AM 100998   3665322    0.00    0.00    0.00    0.00    0.00     4  postgres
04:35:51 AM 100998   3665323    0.00    0.00    0.00    0.00    0.00     4  postgres
04:35:51 AM 100998   3665325    0.00    0.00    0.00    0.00    0.00     4  postgres
04:35:51 AM 100998   3665326    0.00    0.00    0.00    0.00    0.00     5  postgres
04:35:51 AM 100998   3665851    2.00    1.00    0.00    4.00    3.00     5  postgres

04:35:51 AM   UID       PID    %usr %system  %guest   %wait    %CPU   CPU  Command
04:35:52 AM 100998   3665322    0.00    0.00    0.00    0.00    0.00     4  postgres
04:35:52 AM 100998   3665323    0.00    0.00    0.00    0.00    0.00     4  postgres
04:35:52 AM 100998   3665325    0.00    0.00    0.00    0.00    0.00     4  postgres
04:35:52 AM 100998   3665326    0.00    0.00    0.00    0.00    0.00     5  postgres
04:35:52 AM 100998   3665851    2.00    3.00    0.00    4.00    5.00     5  postgres

04:35:52 AM   UID       PID    %usr %system  %guest   %wait    %CPU   CPU  Command
04:35:53 AM 100998   3665322    0.00    0.00    0.00    0.00    0.00     4  postgres
04:35:53 AM 100998   3665323    0.00    0.00    0.00    0.00    0.00     4  postgres
04:35:53 AM 100998   3665325    0.00    0.00    0.00    0.00    0.00     4  postgres
04:35:53 AM 100998   3665326    0.00    0.00    0.00    0.00    0.00     5  postgres
04:35:53 AM 100998   3665851    3.00    1.00    0.00    4.00    4.00     4  postgres

04:35:53 AM   UID       PID    %usr %system  %guest   %wait    %CPU   CPU  Command
04:35:54 AM 100998   3665322    0.00    0.00    0.00    0.00    0.00     4  postgres
04:35:54 AM 100998   3665323    0.00    0.00    0.00    0.00    0.00     4  postgres
04:35:54 AM 100998   3665325    0.00    0.00    0.00    0.00    0.00     4  postgres
04:35:54 AM 100998   3665326    0.00    0.00    0.00    0.00    0.00     5  postgres
04:35:54 AM 100998   3665851    2.00    2.00    0.00    5.00    4.00     4  postgres

04:35:54 AM   UID       PID    %usr %system  %guest   %wait    %CPU   CPU  Command
04:35:55 AM 100998   3665322    0.00    0.00    0.00    0.00    0.00     4  postgres
04:35:55 AM 100998   3665323    0.00    0.00    0.00    0.00    0.00     4  postgres
04:35:55 AM 100998   3665325    0.00    0.00    0.00    0.00    0.00     4  postgres
04:35:55 AM 100998   3665326    0.00    0.00    0.00    0.00    0.00     5  postgres
04:35:55 AM 100998   3665851    2.00    1.00    0.00    2.00    3.00     5  postgres

04:35:55 AM   UID       PID    %usr %system  %guest   %wait    %CPU   CPU  Command
04:35:56 AM 100998   3665322    0.00    0.00    0.00    0.00    0.00     4  postgres
04:35:56 AM 100998   3665323    0.00    0.00    0.00    0.00    0.00     4  postgres
04:35:56 AM 100998   3665325    0.00    0.00    0.00    0.00    0.00     4  postgres
04:35:56 AM 100998   3665326    0.00    0.00    0.00    0.00    0.00     5  postgres
04:35:56 AM 100998   3665851    0.00    0.00    0.00    0.00    0.00     5  postgres

04:35:56 AM   UID       PID    %usr %system  %guest   %wait    %CPU   CPU  Command
04:35:57 AM 100998   3665322    0.00    0.00    0.00    0.00    0.00     4  postgres
04:35:57 AM 100998   3665323    0.00    0.00    0.00    0.00    0.00     4  postgres
04:35:57 AM 100998   3665325    0.00    0.00    0.00    0.00    0.00     4  postgres
04:35:57 AM 100998   3665326    0.00    0.00    0.00    0.00    0.00     5  postgres
04:35:57 AM 100998   3665851    0.00    0.00    0.00    0.00    0.00     5  postgres

04:35:57 AM   UID       PID    %usr %system  %guest   %wait    %CPU   CPU  Command
04:35:58 AM 100998   3665322    0.00    0.00    0.00    0.00    0.00     4  postgres
04:35:58 AM 100998   3665323    0.00    0.00    0.00    0.00    0.00     4  postgres
04:35:58 AM 100998   3665325    0.00    0.00    0.00    0.00    0.00     4  postgres
04:35:58 AM 100998   3665326    0.00    0.00    0.00    0.00    0.00     5  postgres
04:35:58 AM 100998   3665851    0.00    0.00    0.00    0.00    0.00     5  postgres

04:35:58 AM   UID       PID    %usr %system  %guest   %wait    %CPU   CPU  Command
04:35:59 AM 100998   3665322    0.00    0.00    0.00    0.00    0.00     4  postgres
04:35:59 AM 100998   3665323    0.00    0.00    0.00    0.00    0.00     4  postgres
04:35:59 AM 100998   3665325    0.00    0.00    0.00    0.00    0.00     4  postgres
04:35:59 AM 100998   3665326    0.00    0.00    0.00    0.00    0.00     5  postgres
04:35:59 AM 100998   3665851    0.00    0.00    0.00    0.00    0.00     5  postgres
