Linux 5.14.0-570.60.1.el9_6.x86_64 *****) 	03/28/2026 	_x86_64_	(64 CPU)

02:06:07 AM   UID       PID    %usr %system  %guest   %wait    %CPU   CPU  Command
02:06:08 AM  1000    235147    0.00    0.00    0.00    0.00    0.00    18  run-grafana.sh
02:06:08 AM  1000    235149    0.00    0.00    0.00    0.00    0.00    18  run-loki.sh
02:06:08 AM  1000    235152    0.00    0.00    0.00    0.00    0.00    16  run-otelcol.sh
02:06:08 AM  1000    235155    0.00    0.00    0.00    0.00    0.00    18  run-prometheus.
02:06:08 AM  1000    235159    0.00    0.00    0.00    0.00    0.00    16  run-tempo.sh
02:06:08 AM  1000    235161    0.00    0.00    0.00    0.00    0.00    18  run-pyroscope.s
02:06:08 AM  1000    235265    0.00    0.00    0.00    0.00    0.00    18  sleep

02:06:08 AM   UID       PID    %usr %system  %guest   %wait    %CPU   CPU  Command
02:06:09 AM  1000    235147    0.00    0.00    0.00    0.00    0.00    18  run-grafana.sh
02:06:09 AM  1000    235149    0.00    0.00    0.00    0.00    0.00    18  run-loki.sh
02:06:09 AM  1000    235152    0.00    0.00    0.00    0.00    0.00    16  run-otelcol.sh
02:06:09 AM  1000    235155    0.00    0.00    0.00    0.00    0.00    18  run-prometheus.
02:06:09 AM  1000    235159    0.00    0.00    0.00    0.00    0.00    16  run-tempo.sh
02:06:09 AM  1000    235161    0.00    0.00    0.00    0.00    0.00    18  run-pyroscope.s
02:06:09 AM  1000    235265    0.00    0.00    0.00    0.00    0.00    18  sleep

02:06:09 AM   UID       PID    %usr %system  %guest   %wait    %CPU   CPU  Command
02:06:10 AM  1000    235147    0.00    0.00    0.00    0.00    0.00    18  run-grafana.sh
02:06:10 AM  1000    235149    0.00    0.00    0.00    0.00    0.00    18  run-loki.sh
02:06:10 AM  1000    235152    0.00    0.00    0.00    0.00    0.00    16  run-otelcol.sh
02:06:10 AM  1000    235155    0.00    0.00    0.00    0.00    0.00    18  run-prometheus.
02:06:10 AM  1000    235159    0.00    0.00    0.00    0.00    0.00    16  run-tempo.sh
02:06:10 AM  1000    235161    0.00    0.00    0.00    0.00    0.00    18  run-pyroscope.s
02:06:10 AM  1000    235265    0.00    0.00    0.00    0.00    0.00    18  sleep

02:06:10 AM   UID       PID    %usr %system  %guest   %wait    %CPU   CPU  Command
02:06:11 AM  1000    235147    0.00    0.00    0.00    0.00    0.00    18  run-grafana.sh
02:06:11 AM  1000    235149    0.00    0.00    0.00    0.00    0.00    18  run-loki.sh
02:06:11 AM  1000    235152    0.00    0.00    0.00    0.00    0.00    16  run-otelcol.sh
02:06:11 AM  1000    235155    0.00    0.00    0.00    0.00    0.00    18  run-prometheus.
02:06:11 AM  1000    235159    0.00    0.00    0.00    0.00    0.00    16  run-tempo.sh
02:06:11 AM  1000    235161    0.00    0.00    0.00    0.00    0.00    18  run-pyroscope.s
02:06:11 AM  1000    235265    0.00    0.00    0.00    0.00    0.00    18  sleep

02:06:11 AM   UID       PID    %usr %system  %guest   %wait    %CPU   CPU  Command
02:06:12 AM  1000    235147    0.00    0.00    0.00    0.00    0.00    18  run-grafana.sh
02:06:12 AM  1000    235149    0.00    0.00    0.00    0.00    0.00    18  run-loki.sh
02:06:12 AM  1000    235152    0.00    0.00    0.00    0.00    0.00    16  run-otelcol.sh
02:06:12 AM  1000    235155    0.00    0.00    0.00    0.00    0.00    18  run-prometheus.
02:06:12 AM  1000    235159    0.00    0.00    0.00    0.00    0.00    16  run-tempo.sh
02:06:12 AM  1000    235161    0.00    0.00    0.00    0.00    0.00    18  run-pyroscope.s
02:06:12 AM  1000    235265    0.00    0.00    0.00    0.00    0.00    18  sleep

02:06:12 AM   UID       PID    %usr %system  %guest   %wait    %CPU   CPU  Command
02:06:13 AM  1000    235147    0.00    0.00    0.00    0.00    0.00    18  run-grafana.sh
02:06:13 AM  1000    235149    0.00    0.00    0.00    0.00    0.00    18  run-loki.sh
02:06:13 AM  1000    235152    0.00    0.00    0.00    0.00    0.00    16  run-otelcol.sh
02:06:13 AM  1000    235155    0.00    0.00    0.00    0.00    0.00    18  run-prometheus.
02:06:13 AM  1000    235159    0.00    0.00    0.00    0.00    0.00    16  run-tempo.sh
02:06:13 AM  1000    235161    0.00    0.00    0.00    0.00    0.00    18  run-pyroscope.s
02:06:13 AM  1000    235265    0.00    0.00    0.00    0.00    0.00    18  sleep

02:06:13 AM   UID       PID    %usr %system  %guest   %wait    %CPU   CPU  Command
02:06:14 AM  1000    235147    0.00    0.00    0.00    0.00    0.00    18  run-grafana.sh
02:06:14 AM  1000    235149    0.00    0.00    0.00    0.00    0.00    18  run-loki.sh
02:06:14 AM  1000    235152    0.00    0.00    0.00    0.00    0.00    16  run-otelcol.sh
02:06:14 AM  1000    235155    0.00    0.00    0.00    0.00    0.00    18  run-prometheus.
02:06:14 AM  1000    235159    0.00    0.00    0.00    0.00    0.00    16  run-tempo.sh
02:06:14 AM  1000    235161    0.00    0.00    0.00    0.00    0.00    18  run-pyroscope.s
02:06:14 AM  1000    235265    0.00    0.00    0.00    0.00    0.00    18  sleep

02:06:14 AM   UID       PID    %usr %system  %guest   %wait    %CPU   CPU  Command
02:06:15 AM  1000    235147    0.00    0.00    0.00    0.00    0.00    18  run-grafana.sh
02:06:15 AM  1000    235149    0.00    0.00    0.00    0.00    0.00    18  run-loki.sh
02:06:15 AM  1000    235152    0.00    0.00    0.00    0.00    0.00    16  run-otelcol.sh
02:06:15 AM  1000    235155    0.00    0.00    0.00    0.00    0.00    18  run-prometheus.
02:06:15 AM  1000    235159    0.00    0.00    0.00    0.00    0.00    16  run-tempo.sh
02:06:15 AM  1000    235161    0.00    0.00    0.00    0.00    0.00    18  run-pyroscope.s
02:06:15 AM  1000    235265    0.00    0.00    0.00    0.00    0.00    18  sleep

02:06:15 AM   UID       PID    %usr %system  %guest   %wait    %CPU   CPU  Command
02:06:16 AM  1000    235147    0.00    0.00    0.00    0.00    0.00    18  run-grafana.sh
02:06:16 AM  1000    235149    0.00    0.00    0.00    0.00    0.00    18  run-loki.sh
02:06:16 AM  1000    235152    0.00    0.00    0.00    0.00    0.00    16  run-otelcol.sh
02:06:16 AM  1000    235155    0.00    0.00    0.00    0.00    0.00    18  run-prometheus.
02:06:16 AM  1000    235159    0.00    0.00    0.00    0.00    0.00    16  run-tempo.sh
02:06:16 AM  1000    235161    0.00    0.00    0.00    0.00    0.00    18  run-pyroscope.s
02:06:16 AM  1000    235265    0.00    0.00    0.00    0.00    0.00    18  sleep

02:06:16 AM   UID       PID    %usr %system  %guest   %wait    %CPU   CPU  Command
02:06:17 AM  1000    235147    0.00    0.00    0.00    0.00    0.00    18  run-grafana.sh
02:06:17 AM  1000    235149    0.00    0.00    0.00    0.00    0.00    18  run-loki.sh
02:06:17 AM  1000    235152    0.00    0.00    0.00    0.00    0.00    16  run-otelcol.sh
02:06:17 AM  1000    235155    0.00    0.00    0.00    0.00    0.00    18  run-prometheus.
02:06:17 AM  1000    235159    0.00    0.00    0.00    0.00    0.00    16  run-tempo.sh
02:06:17 AM  1000    235161    0.00    0.00    0.00    0.00    0.00    18  run-pyroscope.s
02:06:17 AM  1000    235265    0.00    0.00    0.00    0.00    0.00    18  sleep

02:06:17 AM   UID       PID    %usr %system  %guest   %wait    %CPU   CPU  Command
02:06:18 AM  1000    235147    0.00    0.00    0.00    0.00    0.00    18  run-grafana.sh
02:06:18 AM  1000    235149    0.00    0.00    0.00    0.00    0.00    18  run-loki.sh
02:06:18 AM  1000    235152    0.00    0.00    0.00    0.00    0.00    16  run-otelcol.sh
02:06:18 AM  1000    235155    0.00    0.00    0.00    0.00    0.00    18  run-prometheus.
02:06:18 AM  1000    235159    0.00    0.00    0.00    0.00    0.00    16  run-tempo.sh
02:06:18 AM  1000    235161    0.00    0.00    0.00    0.00    0.00    18  run-pyroscope.s
02:06:18 AM  1000    235265    0.00    0.00    0.00    0.00    0.00    18  sleep

02:06:18 AM   UID       PID    %usr %system  %guest   %wait    %CPU   CPU  Command
02:06:19 AM  1000    235147    0.00    0.00    0.00    0.00    0.00    18  run-grafana.sh
02:06:19 AM  1000    235149    0.00    0.00    0.00    0.00    0.00    18  run-loki.sh
02:06:19 AM  1000    235152    0.00    0.00    0.00    0.00    0.00    16  run-otelcol.sh
02:06:19 AM  1000    235155    0.00    0.00    0.00    0.00    0.00    18  run-prometheus.
02:06:19 AM  1000    235159    0.00    0.00    0.00    0.00    0.00    16  run-tempo.sh
02:06:19 AM  1000    235161    0.00    0.00    0.00    0.00    0.00    18  run-pyroscope.s
02:06:19 AM  1000    235265    0.00    0.00    0.00    0.00    0.00    18  sleep

02:06:19 AM   UID       PID    %usr %system  %guest   %wait    %CPU   CPU  Command
02:06:20 AM  1000    235147    0.00    0.00    0.00    0.00    0.00    18  run-grafana.sh
02:06:20 AM  1000    235149    0.00    0.00    0.00    0.00    0.00    18  run-loki.sh
02:06:20 AM  1000    235152    0.00    0.00    0.00    0.00    0.00    16  run-otelcol.sh
02:06:20 AM  1000    235155    0.00    0.00    0.00    0.00    0.00    18  run-prometheus.
02:06:20 AM  1000    235159    0.00    0.00    0.00    0.00    0.00    16  run-tempo.sh
02:06:20 AM  1000    235161    0.00    0.00    0.00    0.00    0.00    18  run-pyroscope.s
02:06:20 AM  1000    235265    0.00    0.00    0.00    0.00    0.00    18  sleep

02:06:20 AM   UID       PID    %usr %system  %guest   %wait    %CPU   CPU  Command
02:06:21 AM  1000    235147    0.00    0.00    0.00    0.00    0.00    18  run-grafana.sh
02:06:21 AM  1000    235149    0.00    0.00    0.00    0.00    0.00    18  run-loki.sh
02:06:21 AM  1000    235152    0.00    0.00    0.00    0.00    0.00    16  run-otelcol.sh
02:06:21 AM  1000    235155    0.00    0.00    0.00    0.00    0.00    18  run-prometheus.
02:06:21 AM  1000    235159    0.00    0.00    0.00    0.00    0.00    16  run-tempo.sh
02:06:21 AM  1000    235161    0.00    0.00    0.00    0.00    0.00    18  run-pyroscope.s
02:06:21 AM  1000    235265    0.00    0.00    0.00    0.00    0.00    18  sleep

02:06:21 AM   UID       PID    %usr %system  %guest   %wait    %CPU   CPU  Command
02:06:22 AM  1000    235147    0.00    0.00    0.00    0.00    0.00    18  run-grafana.sh
02:06:22 AM  1000    235149    0.00    0.00    0.00    0.00    0.00    18  run-loki.sh
02:06:22 AM  1000    235152    0.00    0.00    0.00    0.00    0.00    16  run-otelcol.sh
02:06:22 AM  1000    235155    0.00    0.00    0.00    0.00    0.00    18  run-prometheus.
02:06:22 AM  1000    235159    0.00    0.00    0.00    0.00    0.00    16  run-tempo.sh
02:06:22 AM  1000    235161    0.00    0.00    0.00    0.00    0.00    18  run-pyroscope.s
02:06:22 AM  1000    235265    0.00    0.00    0.00    0.00    0.00    18  sleep

02:06:22 AM   UID       PID    %usr %system  %guest   %wait    %CPU   CPU  Command
02:06:23 AM  1000    235147    0.00    0.00    0.00    0.00    0.00    18  run-grafana.sh
02:06:23 AM  1000    235149    0.00    0.00    0.00    0.00    0.00    18  run-loki.sh
02:06:23 AM  1000    235152    0.00    0.00    0.00    0.00    0.00    16  run-otelcol.sh
02:06:23 AM  1000    235155    0.00    0.00    0.00    0.00    0.00    18  run-prometheus.
02:06:23 AM  1000    235159    0.00    0.00    0.00    0.00    0.00    16  run-tempo.sh
02:06:23 AM  1000    235161    0.00    0.00    0.00    0.00    0.00    18  run-pyroscope.s
02:06:23 AM  1000    235265    0.00    0.00    0.00    0.00    0.00    18  sleep

02:06:23 AM   UID       PID    %usr %system  %guest   %wait    %CPU   CPU  Command
02:06:24 AM  1000    235147    0.00    0.00    0.00    0.00    0.00    18  run-grafana.sh
02:06:24 AM  1000    235149    0.00    0.00    0.00    0.00    0.00    18  run-loki.sh
02:06:24 AM  1000    235152    0.00    0.00    0.00    0.00    0.00    16  run-otelcol.sh
02:06:24 AM  1000    235155    0.00    0.00    0.00    0.00    0.00    18  run-prometheus.
02:06:24 AM  1000    235159    0.00    0.00    0.00    0.00    0.00    16  run-tempo.sh
02:06:24 AM  1000    235161    0.00    0.00    0.00    0.00    0.00    18  run-pyroscope.s
02:06:24 AM  1000    235265    0.00    0.00    0.00    0.00    0.00    18  sleep

02:06:24 AM   UID       PID    %usr %system  %guest   %wait    %CPU   CPU  Command
02:06:25 AM  1000    235147    0.00    0.00    0.00    0.00    0.00    18  run-grafana.sh
02:06:25 AM  1000    235149    0.00    0.00    0.00    0.00    0.00    18  run-loki.sh
02:06:25 AM  1000    235152    0.00    0.00    0.00    0.00    0.00    16  run-otelcol.sh
02:06:25 AM  1000    235155    0.00    0.00    0.00    0.00    0.00    18  run-prometheus.
02:06:25 AM  1000    235159    0.00    0.00    0.00    0.00    0.00    16  run-tempo.sh
02:06:25 AM  1000    235161    0.00    0.00    0.00    0.00    0.00    18  run-pyroscope.s
02:06:25 AM  1000    235265    0.00    0.00    0.00    0.00    0.00    18  sleep

02:06:25 AM   UID       PID    %usr %system  %guest   %wait    %CPU   CPU  Command
02:06:26 AM  1000    235147    0.00    0.00    0.00    0.00    0.00    18  run-grafana.sh
02:06:26 AM  1000    235149    0.00    0.00    0.00    0.00    0.00    18  run-loki.sh
02:06:26 AM  1000    235152    0.00    0.00    0.00    0.00    0.00    16  run-otelcol.sh
02:06:26 AM  1000    235155    0.00    0.00    0.00    0.00    0.00    18  run-prometheus.
02:06:26 AM  1000    235159    0.00    0.00    0.00    0.00    0.00    16  run-tempo.sh
02:06:26 AM  1000    235161    0.00    0.00    0.00    0.00    0.00    18  run-pyroscope.s
02:06:26 AM  1000    235265    0.00    0.00    0.00    0.00    0.00    18  sleep

02:06:26 AM   UID       PID    %usr %system  %guest   %wait    %CPU   CPU  Command
02:06:27 AM  1000    235147    0.00    0.00    0.00    0.00    0.00    18  run-grafana.sh
02:06:27 AM  1000    235149    0.00    0.00    0.00    0.00    0.00    18  run-loki.sh
02:06:27 AM  1000    235152    0.00    0.00    0.00    0.00    0.00    16  run-otelcol.sh
02:06:27 AM  1000    235155    0.00    0.00    0.00    0.00    0.00    18  run-prometheus.
02:06:27 AM  1000    235159    0.00    0.00    0.00    0.00    0.00    16  run-tempo.sh
02:06:27 AM  1000    235161    0.00    0.00    0.00    0.00    0.00    18  run-pyroscope.s
02:06:27 AM  1000    235265    0.00    0.00    0.00    0.00    0.00    18  sleep

02:06:27 AM   UID       PID    %usr %system  %guest   %wait    %CPU   CPU  Command
02:06:28 AM  1000    235147    0.00    0.00    0.00    0.00    0.00    18  run-grafana.sh
02:06:28 AM  1000    235149    0.00    0.00    0.00    0.00    0.00    18  run-loki.sh
02:06:28 AM  1000    235152    0.00    0.00    0.00    0.00    0.00    16  run-otelcol.sh
02:06:28 AM  1000    235155    0.00    0.00    0.00    0.00    0.00    18  run-prometheus.
02:06:28 AM  1000    235159    0.00    0.00    0.00    0.00    0.00    16  run-tempo.sh
02:06:28 AM  1000    235161    0.00    0.00    0.00    0.00    0.00    18  run-pyroscope.s
02:06:28 AM  1000    235265    0.00    0.00    0.00    0.00    0.00    18  sleep

02:06:28 AM   UID       PID    %usr %system  %guest   %wait    %CPU   CPU  Command
02:06:29 AM  1000    235147    0.00    0.00    0.00    0.00    0.00    18  run-grafana.sh
02:06:29 AM  1000    235149    0.00    0.00    0.00    0.00    0.00    18  run-loki.sh
02:06:29 AM  1000    235152    0.00    0.00    0.00    0.00    0.00    16  run-otelcol.sh
02:06:29 AM  1000    235155    0.00    0.00    0.00    0.00    0.00    18  run-prometheus.
02:06:29 AM  1000    235159    0.00    0.00    0.00    0.00    0.00    16  run-tempo.sh
02:06:29 AM  1000    235161    0.00    0.00    0.00    0.00    0.00    18  run-pyroscope.s
02:06:29 AM  1000    235265    0.00    0.00    0.00    0.00    0.00    18  sleep

02:06:29 AM   UID       PID    %usr %system  %guest   %wait    %CPU   CPU  Command
02:06:30 AM  1000    235147    0.00    0.00    0.00    0.00    0.00    18  run-grafana.sh
02:06:30 AM  1000    235149    0.00    0.00    0.00    0.00    0.00    18  run-loki.sh
02:06:30 AM  1000    235152    0.00    0.00    0.00    0.00    0.00    16  run-otelcol.sh
02:06:30 AM  1000    235155    0.00    0.00    0.00    0.00    0.00    18  run-prometheus.
02:06:30 AM  1000    235159    0.00    0.00    0.00    0.00    0.00    16  run-tempo.sh
02:06:30 AM  1000    235161    0.00    0.00    0.00    0.00    0.00    18  run-pyroscope.s
02:06:30 AM  1000    235265    0.00    0.00    0.00    0.00    0.00    18  sleep

02:06:30 AM   UID       PID    %usr %system  %guest   %wait    %CPU   CPU  Command
02:06:31 AM  1000    235147    0.00    0.00    0.00    0.00    0.00    18  run-grafana.sh
02:06:31 AM  1000    235149    0.00    0.00    0.00    0.00    0.00    18  run-loki.sh
02:06:31 AM  1000    235152    0.00    0.00    0.00    0.00    0.00    16  run-otelcol.sh
02:06:31 AM  1000    235155    0.00    0.00    0.00    0.00    0.00    18  run-prometheus.
02:06:31 AM  1000    235159    0.00    0.00    0.00    0.00    0.00    16  run-tempo.sh
02:06:31 AM  1000    235161    0.00    0.00    0.00    0.00    0.00    18  run-pyroscope.s
02:06:31 AM  1000    235265    0.00    0.00    0.00    0.00    0.00    18  sleep

02:06:31 AM   UID       PID    %usr %system  %guest   %wait    %CPU   CPU  Command
02:06:32 AM  1000    235147    0.00    0.00    0.00    0.00    0.00    18  run-grafana.sh
02:06:32 AM  1000    235149    0.00    0.00    0.00    0.00    0.00    18  run-loki.sh
02:06:32 AM  1000    235152    0.00    0.00    0.00    0.00    0.00    16  run-otelcol.sh
02:06:32 AM  1000    235155    0.00    0.00    0.00    0.00    0.00    18  run-prometheus.
02:06:32 AM  1000    235159    0.00    0.00    0.00    0.00    0.00    16  run-tempo.sh
02:06:32 AM  1000    235161    0.00    0.00    0.00    0.00    0.00    18  run-pyroscope.s
02:06:32 AM  1000    235265    0.00    0.00    0.00    0.00    0.00    18  sleep

02:06:32 AM   UID       PID    %usr %system  %guest   %wait    %CPU   CPU  Command
02:06:33 AM  1000    235147    0.00    0.00    0.00    0.00    0.00    18  run-grafana.sh
02:06:33 AM  1000    235149    0.00    0.00    0.00    0.00    0.00    18  run-loki.sh
02:06:33 AM  1000    235152    0.00    0.00    0.00    0.00    0.00    16  run-otelcol.sh
02:06:33 AM  1000    235155    0.00    0.00    0.00    0.00    0.00    18  run-prometheus.
02:06:33 AM  1000    235159    0.00    0.00    0.00    0.00    0.00    16  run-tempo.sh
02:06:33 AM  1000    235161    0.00    0.00    0.00    0.00    0.00    18  run-pyroscope.s
02:06:33 AM  1000    235265    0.00    0.00    0.00    0.00    0.00    18  sleep

02:06:33 AM   UID       PID    %usr %system  %guest   %wait    %CPU   CPU  Command
02:06:34 AM  1000    235147    0.00    0.00    0.00    0.00    0.00    18  run-grafana.sh
02:06:34 AM  1000    235149    0.00    0.00    0.00    0.00    0.00    18  run-loki.sh
02:06:34 AM  1000    235152    0.00    0.00    0.00    0.00    0.00    16  run-otelcol.sh
02:06:34 AM  1000    235155    0.00    0.00    0.00    0.00    0.00    18  run-prometheus.
02:06:34 AM  1000    235159    0.00    0.00    0.00    0.00    0.00    16  run-tempo.sh
02:06:34 AM  1000    235161    0.00    0.00    0.00    0.00    0.00    18  run-pyroscope.s
02:06:34 AM  1000    235265    0.00    0.00    0.00    0.00    0.00    18  sleep

02:06:34 AM   UID       PID    %usr %system  %guest   %wait    %CPU   CPU  Command
02:06:35 AM  1000    235147    0.00    0.00    0.00    0.00    0.00    18  run-grafana.sh
02:06:35 AM  1000    235149    0.00    0.00    0.00    0.00    0.00    18  run-loki.sh
02:06:35 AM  1000    235152    0.00    0.00    0.00    0.00    0.00    16  run-otelcol.sh
02:06:35 AM  1000    235155    0.00    0.00    0.00    0.00    0.00    18  run-prometheus.
02:06:35 AM  1000    235159    0.00    0.00    0.00    0.00    0.00    16  run-tempo.sh
02:06:35 AM  1000    235161    0.00    0.00    0.00    0.00    0.00    18  run-pyroscope.s
02:06:35 AM  1000    235265    0.00    0.00    0.00    0.00    0.00    18  sleep

02:06:35 AM   UID       PID    %usr %system  %guest   %wait    %CPU   CPU  Command
02:06:36 AM  1000    235147    0.00    0.00    0.00    0.00    0.00    18  run-grafana.sh
02:06:36 AM  1000    235149    0.00    0.00    0.00    0.00    0.00    18  run-loki.sh
02:06:36 AM  1000    235152    0.00    0.00    0.00    0.00    0.00    16  run-otelcol.sh
02:06:36 AM  1000    235155    0.00    0.00    0.00    0.00    0.00    18  run-prometheus.
02:06:36 AM  1000    235159    0.00    0.00    0.00    0.00    0.00    16  run-tempo.sh
02:06:36 AM  1000    235161    0.00    0.00    0.00    0.00    0.00    18  run-pyroscope.s
02:06:36 AM  1000    235265    0.00    0.00    0.00    0.00    0.00    18  sleep

02:06:36 AM   UID       PID    %usr %system  %guest   %wait    %CPU   CPU  Command
02:06:37 AM  1000    235147    0.00    0.00    0.00    0.00    0.00    18  run-grafana.sh
02:06:37 AM  1000    235149    0.00    0.00    0.00    0.00    0.00    18  run-loki.sh
02:06:37 AM  1000    235152    0.00    0.00    0.00    0.00    0.00    16  run-otelcol.sh
02:06:37 AM  1000    235155    0.00    0.00    0.00    0.00    0.00    18  run-prometheus.
02:06:37 AM  1000    235159    0.00    0.00    0.00    0.00    0.00    16  run-tempo.sh
02:06:37 AM  1000    235161    0.00    0.00    0.00    0.00    0.00    18  run-pyroscope.s
02:06:37 AM  1000    235265    0.00    0.00    0.00    0.00    0.00    18  sleep

02:06:37 AM   UID       PID    %usr %system  %guest   %wait    %CPU   CPU  Command
02:06:38 AM  1000    235147    0.00    0.00    0.00    0.00    0.00    18  run-grafana.sh
02:06:38 AM  1000    235149    0.00    0.00    0.00    0.00    0.00    18  run-loki.sh
02:06:38 AM  1000    235152    0.00    0.00    0.00    0.00    0.00    16  run-otelcol.sh
02:06:38 AM  1000    235155    0.00    0.00    0.00    0.00    0.00    18  run-prometheus.
02:06:38 AM  1000    235159    0.00    0.00    0.00    0.00    0.00    16  run-tempo.sh
02:06:38 AM  1000    235161    0.00    0.00    0.00    0.00    0.00    18  run-pyroscope.s
02:06:38 AM  1000    235265    0.00    0.00    0.00    0.00    0.00    18  sleep

02:06:38 AM   UID       PID    %usr %system  %guest   %wait    %CPU   CPU  Command
02:06:39 AM  1000    235147    0.00    0.00    0.00    0.00    0.00    18  run-grafana.sh
02:06:39 AM  1000    235149    0.00    0.00    0.00    0.00    0.00    18  run-loki.sh
02:06:39 AM  1000    235152    0.00    0.00    0.00    0.00    0.00    16  run-otelcol.sh
02:06:39 AM  1000    235155    0.00    0.00    0.00    0.00    0.00    18  run-prometheus.
02:06:39 AM  1000    235159    0.00    0.00    0.00    0.00    0.00    16  run-tempo.sh
02:06:39 AM  1000    235161    0.00    0.00    0.00    0.00    0.00    18  run-pyroscope.s
02:06:39 AM  1000    235265    0.00    0.00    0.00    0.00    0.00    18  sleep

02:06:39 AM   UID       PID    %usr %system  %guest   %wait    %CPU   CPU  Command
02:06:40 AM  1000    235147    0.00    0.00    0.00    0.00    0.00    18  run-grafana.sh
02:06:40 AM  1000    235149    0.00    0.00    0.00    0.00    0.00    18  run-loki.sh
02:06:40 AM  1000    235152    0.00    0.00    0.00    0.00    0.00    16  run-otelcol.sh
02:06:40 AM  1000    235155    0.00    0.00    0.00    0.00    0.00    18  run-prometheus.
02:06:40 AM  1000    235159    0.00    0.00    0.00    0.00    0.00    16  run-tempo.sh
02:06:40 AM  1000    235161    0.00    0.00    0.00    0.00    0.00    18  run-pyroscope.s
02:06:40 AM  1000    235265    0.00    0.00    0.00    0.00    0.00    18  sleep

02:06:40 AM   UID       PID    %usr %system  %guest   %wait    %CPU   CPU  Command
02:06:41 AM  1000    235147    0.00    0.00    0.00    0.00    0.00    18  run-grafana.sh
02:06:41 AM  1000    235149    0.00    0.00    0.00    0.00    0.00    18  run-loki.sh
02:06:41 AM  1000    235152    0.00    0.00    0.00    0.00    0.00    16  run-otelcol.sh
02:06:41 AM  1000    235155    0.00    0.00    0.00    0.00    0.00    18  run-prometheus.
02:06:41 AM  1000    235159    0.00    0.00    0.00    0.00    0.00    16  run-tempo.sh
02:06:41 AM  1000    235161    0.00    0.00    0.00    0.00    0.00    18  run-pyroscope.s
02:06:41 AM  1000    235265    0.00    0.00    0.00    0.00    0.00    18  sleep

02:06:41 AM   UID       PID    %usr %system  %guest   %wait    %CPU   CPU  Command
02:06:42 AM  1000    235147    0.00    0.00    0.00    0.00    0.00    18  run-grafana.sh
02:06:42 AM  1000    235149    0.00    0.00    0.00    0.00    0.00    18  run-loki.sh
02:06:42 AM  1000    235152    0.00    0.00    0.00    0.00    0.00    16  run-otelcol.sh
02:06:42 AM  1000    235155    0.00    0.00    0.00    0.00    0.00    18  run-prometheus.
02:06:42 AM  1000    235159    0.00    0.00    0.00    0.00    0.00    16  run-tempo.sh
02:06:42 AM  1000    235161    0.00    0.00    0.00    0.00    0.00    18  run-pyroscope.s
02:06:42 AM  1000    235265    0.00    0.00    0.00    0.00    0.00    18  sleep

02:06:42 AM   UID       PID    %usr %system  %guest   %wait    %CPU   CPU  Command
02:06:43 AM  1000    235147    0.00    0.00    0.00    0.00    0.00    18  run-grafana.sh
02:06:43 AM  1000    235149    0.00    0.00    0.00    0.00    0.00    18  run-loki.sh
02:06:43 AM  1000    235152    0.00    0.00    0.00    0.00    0.00    16  run-otelcol.sh
02:06:43 AM  1000    235155    0.00    0.00    0.00    0.00    0.00    18  run-prometheus.
02:06:43 AM  1000    235159    0.00    0.00    0.00    0.00    0.00    16  run-tempo.sh
02:06:43 AM  1000    235161    0.00    0.00    0.00    0.00    0.00    18  run-pyroscope.s
02:06:43 AM  1000    235265    0.00    0.00    0.00    0.00    0.00    18  sleep

02:06:43 AM   UID       PID    %usr %system  %guest   %wait    %CPU   CPU  Command
02:06:44 AM  1000    235147    0.00    0.00    0.00    0.00    0.00    18  run-grafana.sh
02:06:44 AM  1000    235149    0.00    0.00    0.00    0.00    0.00    18  run-loki.sh
02:06:44 AM  1000    235152    0.00    0.00    0.00    0.00    0.00    16  run-otelcol.sh
02:06:44 AM  1000    235155    0.00    0.00    0.00    0.00    0.00    18  run-prometheus.
02:06:44 AM  1000    235159    0.00    0.00    0.00    0.00    0.00    16  run-tempo.sh
02:06:44 AM  1000    235161    0.00    0.00    0.00    0.00    0.00    18  run-pyroscope.s
02:06:44 AM  1000    235265    0.00    0.00    0.00    0.00    0.00    18  sleep

02:06:44 AM   UID       PID    %usr %system  %guest   %wait    %CPU   CPU  Command
02:06:45 AM  1000    235147    0.00    0.00    0.00    0.00    0.00    18  run-grafana.sh
02:06:45 AM  1000    235149    0.00    0.00    0.00    0.00    0.00    18  run-loki.sh
02:06:45 AM  1000    235152    0.00    0.00    0.00    0.00    0.00    16  run-otelcol.sh
02:06:45 AM  1000    235155    0.00    0.00    0.00    0.00    0.00    18  run-prometheus.
02:06:45 AM  1000    235159    0.00    0.00    0.00    0.00    0.00    16  run-tempo.sh
02:06:45 AM  1000    235161    0.00    0.00    0.00    0.00    0.00    18  run-pyroscope.s
02:06:45 AM  1000    235265    0.00    0.00    0.00    0.00    0.00    18  sleep

02:06:45 AM   UID       PID    %usr %system  %guest   %wait    %CPU   CPU  Command
02:06:46 AM  1000    235147    0.00    0.00    0.00    0.00    0.00    18  run-grafana.sh
02:06:46 AM  1000    235149    0.00    0.00    0.00    0.00    0.00    18  run-loki.sh
02:06:46 AM  1000    235152    0.00    0.00    0.00    0.00    0.00    16  run-otelcol.sh
02:06:46 AM  1000    235155    0.00    0.00    0.00    0.00    0.00    18  run-prometheus.
02:06:46 AM  1000    235159    0.00    0.00    0.00    0.00    0.00    16  run-tempo.sh
02:06:46 AM  1000    235161    0.00    0.00    0.00    0.00    0.00    18  run-pyroscope.s
02:06:46 AM  1000    235265    0.00    0.00    0.00    0.00    0.00    18  sleep

02:06:46 AM   UID       PID    %usr %system  %guest   %wait    %CPU   CPU  Command
02:06:47 AM  1000    235147    0.00    0.00    0.00    0.00    0.00    18  run-grafana.sh
02:06:47 AM  1000    235149    0.00    0.00    0.00    0.00    0.00    18  run-loki.sh
02:06:47 AM  1000    235152    0.00    0.00    0.00    0.00    0.00    16  run-otelcol.sh
02:06:47 AM  1000    235155    0.00    0.00    0.00    0.00    0.00    18  run-prometheus.
02:06:47 AM  1000    235159    0.00    0.00    0.00    0.00    0.00    16  run-tempo.sh
02:06:47 AM  1000    235161    0.00    0.00    0.00    0.00    0.00    18  run-pyroscope.s
02:06:47 AM  1000    235265    0.00    0.00    0.00    0.00    0.00    18  sleep

02:06:47 AM   UID       PID    %usr %system  %guest   %wait    %CPU   CPU  Command
02:06:48 AM  1000    235147    0.00    0.00    0.00    0.00    0.00    18  run-grafana.sh
02:06:48 AM  1000    235149    0.00    0.00    0.00    0.00    0.00    18  run-loki.sh
02:06:48 AM  1000    235152    0.00    0.00    0.00    0.00    0.00    16  run-otelcol.sh
02:06:48 AM  1000    235155    0.00    0.00    0.00    0.00    0.00    18  run-prometheus.
02:06:48 AM  1000    235159    0.00    0.00    0.00    0.00    0.00    16  run-tempo.sh
02:06:48 AM  1000    235161    0.00    0.00    0.00    0.00    0.00    18  run-pyroscope.s
02:06:48 AM  1000    235265    0.00    0.00    0.00    0.00    0.00    18  sleep

02:06:48 AM   UID       PID    %usr %system  %guest   %wait    %CPU   CPU  Command
02:06:49 AM  1000    235147    0.00    0.00    0.00    0.00    0.00    18  run-grafana.sh
02:06:49 AM  1000    235149    0.00    0.00    0.00    0.00    0.00    18  run-loki.sh
02:06:49 AM  1000    235152    0.00    0.00    0.00    0.00    0.00    16  run-otelcol.sh
02:06:49 AM  1000    235155    0.00    0.00    0.00    0.00    0.00    18  run-prometheus.
02:06:49 AM  1000    235159    0.00    0.00    0.00    0.00    0.00    16  run-tempo.sh
02:06:49 AM  1000    235161    0.00    0.00    0.00    0.00    0.00    18  run-pyroscope.s
02:06:49 AM  1000    235265    0.00    0.00    0.00    0.00    0.00    18  sleep

02:06:49 AM   UID       PID    %usr %system  %guest   %wait    %CPU   CPU  Command
02:06:50 AM  1000    235147    0.00    0.00    0.00    0.00    0.00    18  run-grafana.sh
02:06:50 AM  1000    235149    0.00    0.00    0.00    0.00    0.00    18  run-loki.sh
02:06:50 AM  1000    235152    0.00    0.00    0.00    0.00    0.00    16  run-otelcol.sh
02:06:50 AM  1000    235155    0.00    0.00    0.00    0.00    0.00    18  run-prometheus.
02:06:50 AM  1000    235159    0.00    0.00    0.00    0.00    0.00    16  run-tempo.sh
02:06:50 AM  1000    235161    0.00    0.00    0.00    0.00    0.00    18  run-pyroscope.s
02:06:50 AM  1000    235265    0.00    0.00    0.00    0.00    0.00    18  sleep

02:06:50 AM   UID       PID    %usr %system  %guest   %wait    %CPU   CPU  Command
02:06:51 AM  1000    235147    0.00    0.00    0.00    0.00    0.00    18  run-grafana.sh
02:06:51 AM  1000    235149    0.00    0.00    0.00    0.00    0.00    18  run-loki.sh
02:06:51 AM  1000    235152    0.00    0.00    0.00    0.00    0.00    16  run-otelcol.sh
02:06:51 AM  1000    235155    0.00    0.00    0.00    0.00    0.00    18  run-prometheus.
02:06:51 AM  1000    235159    0.00    0.00    0.00    0.00    0.00    16  run-tempo.sh
02:06:51 AM  1000    235161    0.00    0.00    0.00    0.00    0.00    18  run-pyroscope.s
02:06:51 AM  1000    235265    0.00    0.00    0.00    0.00    0.00    18  sleep

02:06:51 AM   UID       PID    %usr %system  %guest   %wait    %CPU   CPU  Command
02:06:52 AM  1000    235147    0.00    0.00    0.00    0.00    0.00    18  run-grafana.sh
02:06:52 AM  1000    235149    0.00    0.00    0.00    0.00    0.00    18  run-loki.sh
02:06:52 AM  1000    235152    0.00    0.00    0.00    0.00    0.00    16  run-otelcol.sh
02:06:52 AM  1000    235155    0.00    0.00    0.00    0.00    0.00    18  run-prometheus.
02:06:52 AM  1000    235159    0.00    0.00    0.00    0.00    0.00    16  run-tempo.sh
02:06:52 AM  1000    235161    0.00    0.00    0.00    0.00    0.00    18  run-pyroscope.s
02:06:52 AM  1000    235265    0.00    0.00    0.00    0.00    0.00    18  sleep

02:06:52 AM   UID       PID    %usr %system  %guest   %wait    %CPU   CPU  Command
02:06:53 AM  1000    235147    0.00    0.00    0.00    0.00    0.00    18  run-grafana.sh
02:06:53 AM  1000    235149    0.00    0.00    0.00    0.00    0.00    18  run-loki.sh
02:06:53 AM  1000    235152    0.00    0.00    0.00    0.00    0.00    16  run-otelcol.sh
02:06:53 AM  1000    235155    0.00    0.00    0.00    0.00    0.00    18  run-prometheus.
02:06:53 AM  1000    235159    0.00    0.00    0.00    0.00    0.00    16  run-tempo.sh
02:06:53 AM  1000    235161    0.00    0.00    0.00    0.00    0.00    18  run-pyroscope.s
02:06:53 AM  1000    235265    0.00    0.00    0.00    0.00    0.00    18  sleep

02:06:53 AM   UID       PID    %usr %system  %guest   %wait    %CPU   CPU  Command
02:06:54 AM  1000    235147    0.00    0.00    0.00    0.00    0.00    18  run-grafana.sh
02:06:54 AM  1000    235149    0.00    0.00    0.00    0.00    0.00    18  run-loki.sh
02:06:54 AM  1000    235152    0.00    0.00    0.00    0.00    0.00    16  run-otelcol.sh
02:06:54 AM  1000    235155    0.00    0.00    0.00    0.00    0.00    18  run-prometheus.
02:06:54 AM  1000    235159    0.00    0.00    0.00    0.00    0.00    16  run-tempo.sh
02:06:54 AM  1000    235161    0.00    0.00    0.00    0.00    0.00    18  run-pyroscope.s
02:06:54 AM  1000    235265    0.00    0.00    0.00    0.00    0.00    18  sleep

02:06:54 AM   UID       PID    %usr %system  %guest   %wait    %CPU   CPU  Command
02:06:55 AM  1000    235147    0.00    0.00    0.00    0.00    0.00    18  run-grafana.sh
02:06:55 AM  1000    235149    0.00    0.00    0.00    0.00    0.00    18  run-loki.sh
02:06:55 AM  1000    235152    0.00    0.00    0.00    0.00    0.00    16  run-otelcol.sh
02:06:55 AM  1000    235155    0.00    0.00    0.00    0.00    0.00    18  run-prometheus.
02:06:55 AM  1000    235159    0.00    0.00    0.00    0.00    0.00    16  run-tempo.sh
02:06:55 AM  1000    235161    0.00    0.00    0.00    0.00    0.00    18  run-pyroscope.s
02:06:55 AM  1000    235265    0.00    0.00    0.00    0.00    0.00    18  sleep

02:06:55 AM   UID       PID    %usr %system  %guest   %wait    %CPU   CPU  Command
02:06:56 AM  1000    235147    0.00    0.00    0.00    0.00    0.00    18  run-grafana.sh
02:06:56 AM  1000    235149    0.00    0.00    0.00    0.00    0.00    18  run-loki.sh
02:06:56 AM  1000    235152    0.00    0.00    0.00    0.00    0.00    16  run-otelcol.sh
02:06:56 AM  1000    235155    0.00    0.00    0.00    0.00    0.00    18  run-prometheus.
02:06:56 AM  1000    235159    0.00    0.00    0.00    0.00    0.00    16  run-tempo.sh
02:06:56 AM  1000    235161    0.00    0.00    0.00    0.00    0.00    18  run-pyroscope.s
02:06:56 AM  1000    235265    0.00    0.00    0.00    0.00    0.00    18  sleep

02:06:56 AM   UID       PID    %usr %system  %guest   %wait    %CPU   CPU  Command
02:06:57 AM  1000    235147    0.00    0.00    0.00    0.00    0.00    18  run-grafana.sh
02:06:57 AM  1000    235149    0.00    0.00    0.00    0.00    0.00    18  run-loki.sh
02:06:57 AM  1000    235152    0.00    0.00    0.00    0.00    0.00    16  run-otelcol.sh
02:06:57 AM  1000    235155    0.00    0.00    0.00    0.00    0.00    18  run-prometheus.
02:06:57 AM  1000    235159    0.00    0.00    0.00    0.00    0.00    16  run-tempo.sh
02:06:57 AM  1000    235161    0.00    0.00    0.00    0.00    0.00    18  run-pyroscope.s
02:06:57 AM  1000    235265    0.00    0.00    0.00    0.00    0.00    18  sleep

02:06:57 AM   UID       PID    %usr %system  %guest   %wait    %CPU   CPU  Command
02:06:58 AM  1000    235147    0.00    0.00    0.00    0.00    0.00    18  run-grafana.sh
02:06:58 AM  1000    235149    0.00    0.00    0.00    0.00    0.00    18  run-loki.sh
02:06:58 AM  1000    235152    0.00    0.00    0.00    0.00    0.00    16  run-otelcol.sh
02:06:58 AM  1000    235155    0.00    0.00    0.00    0.00    0.00    18  run-prometheus.
02:06:58 AM  1000    235159    0.00    0.00    0.00    0.00    0.00    16  run-tempo.sh
02:06:58 AM  1000    235161    0.00    0.00    0.00    0.00    0.00    18  run-pyroscope.s
02:06:58 AM  1000    235265    0.00    0.00    0.00    0.00    0.00    18  sleep

02:06:58 AM   UID       PID    %usr %system  %guest   %wait    %CPU   CPU  Command
02:06:59 AM  1000    235147    0.00    0.00    0.00    0.00    0.00    18  run-grafana.sh
02:06:59 AM  1000    235149    0.00    0.00    0.00    0.00    0.00    18  run-loki.sh
02:06:59 AM  1000    235152    0.00    0.00    0.00    0.00    0.00    16  run-otelcol.sh
02:06:59 AM  1000    235155    0.00    0.00    0.00    0.00    0.00    18  run-prometheus.
02:06:59 AM  1000    235159    0.00    0.00    0.00    0.00    0.00    16  run-tempo.sh
02:06:59 AM  1000    235161    0.00    0.00    0.00    0.00    0.00    18  run-pyroscope.s
02:06:59 AM  1000    235265    0.00    0.00    0.00    0.00    0.00    18  sleep

02:06:59 AM   UID       PID    %usr %system  %guest   %wait    %CPU   CPU  Command
02:07:00 AM  1000    235147    0.00    0.00    0.00    0.00    0.00    18  run-grafana.sh
02:07:00 AM  1000    235149    0.00    0.00    0.00    0.00    0.00    18  run-loki.sh
02:07:00 AM  1000    235152    0.00    0.00    0.00    0.00    0.00    16  run-otelcol.sh
02:07:00 AM  1000    235155    0.00    0.00    0.00    0.00    0.00    18  run-prometheus.
02:07:00 AM  1000    235159    0.00    0.00    0.00    0.00    0.00    16  run-tempo.sh
02:07:00 AM  1000    235161    0.00    0.00    0.00    0.00    0.00    18  run-pyroscope.s
02:07:00 AM  1000    235265    0.00    0.00    0.00    0.00    0.00    18  sleep

02:07:00 AM   UID       PID    %usr %system  %guest   %wait    %CPU   CPU  Command
02:07:01 AM  1000    235147    0.00    0.00    0.00    0.00    0.00    18  run-grafana.sh
02:07:01 AM  1000    235149    0.00    0.00    0.00    0.00    0.00    18  run-loki.sh
02:07:01 AM  1000    235152    0.00    0.00    0.00    0.00    0.00    16  run-otelcol.sh
02:07:01 AM  1000    235155    0.00    0.00    0.00    0.00    0.00    18  run-prometheus.
02:07:01 AM  1000    235159    0.00    0.00    0.00    0.00    0.00    16  run-tempo.sh
02:07:01 AM  1000    235161    0.00    0.00    0.00    0.00    0.00    18  run-pyroscope.s
02:07:01 AM  1000    235265    0.00    0.00    0.00    0.00    0.00    18  sleep

02:07:01 AM   UID       PID    %usr %system  %guest   %wait    %CPU   CPU  Command
02:07:02 AM  1000    235147    0.00    0.00    0.00    0.00    0.00    18  run-grafana.sh
02:07:02 AM  1000    235149    0.00    0.00    0.00    0.00    0.00    18  run-loki.sh
02:07:02 AM  1000    235152    0.00    0.00    0.00    0.00    0.00    16  run-otelcol.sh
02:07:02 AM  1000    235155    0.00    0.00    0.00    0.00    0.00    18  run-prometheus.
02:07:02 AM  1000    235159    0.00    0.00    0.00    0.00    0.00    16  run-tempo.sh
02:07:02 AM  1000    235161    0.00    0.00    0.00    0.00    0.00    18  run-pyroscope.s
02:07:02 AM  1000    235265    0.00    0.00    0.00    0.00    0.00    18  sleep

02:07:02 AM   UID       PID    %usr %system  %guest   %wait    %CPU   CPU  Command
02:07:03 AM  1000    235147    0.00    0.00    0.00    0.00    0.00    18  run-grafana.sh
02:07:03 AM  1000    235149    0.00    0.00    0.00    0.00    0.00    18  run-loki.sh
02:07:03 AM  1000    235152    0.00    0.00    0.00    0.00    0.00    16  run-otelcol.sh
02:07:03 AM  1000    235155    0.00    0.00    0.00    0.00    0.00    18  run-prometheus.
02:07:03 AM  1000    235159    0.00    0.00    0.00    0.00    0.00    16  run-tempo.sh
02:07:03 AM  1000    235161    0.00    0.00    0.00    0.00    0.00    18  run-pyroscope.s
02:07:03 AM  1000    235265    0.00    0.00    0.00    0.00    0.00    18  sleep

02:07:03 AM   UID       PID    %usr %system  %guest   %wait    %CPU   CPU  Command
02:07:04 AM  1000    235147    0.00    0.00    0.00    0.00    0.00    18  run-grafana.sh
02:07:04 AM  1000    235149    0.00    0.00    0.00    0.00    0.00    18  run-loki.sh
02:07:04 AM  1000    235152    0.00    0.00    0.00    0.00    0.00    16  run-otelcol.sh
02:07:04 AM  1000    235155    0.00    0.00    0.00    0.00    0.00    18  run-prometheus.
02:07:04 AM  1000    235159    0.00    0.00    0.00    0.00    0.00    16  run-tempo.sh
02:07:04 AM  1000    235161    0.00    0.00    0.00    0.00    0.00    18  run-pyroscope.s
02:07:04 AM  1000    235265    0.00    0.00    0.00    0.00    0.00    18  sleep

02:07:04 AM   UID       PID    %usr %system  %guest   %wait    %CPU   CPU  Command
02:07:05 AM  1000    235147    0.00    0.00    0.00    0.00    0.00    18  run-grafana.sh
02:07:05 AM  1000    235149    0.00    0.00    0.00    0.00    0.00    18  run-loki.sh
02:07:05 AM  1000    235152    0.00    0.00    0.00    0.00    0.00    16  run-otelcol.sh
02:07:05 AM  1000    235155    0.00    0.00    0.00    0.00    0.00    18  run-prometheus.
02:07:05 AM  1000    235159    0.00    0.00    0.00    0.00    0.00    16  run-tempo.sh
02:07:05 AM  1000    235161    0.00    0.00    0.00    0.00    0.00    18  run-pyroscope.s
02:07:05 AM  1000    235265    0.00    0.00    0.00    0.00    0.00    18  sleep

02:07:05 AM   UID       PID    %usr %system  %guest   %wait    %CPU   CPU  Command
02:07:06 AM  1000    235147    0.00    0.00    0.00    0.00    0.00    18  run-grafana.sh
02:07:06 AM  1000    235149    0.00    0.00    0.00    0.00    0.00    18  run-loki.sh
02:07:06 AM  1000    235152    0.00    0.00    0.00    0.00    0.00    16  run-otelcol.sh
02:07:06 AM  1000    235155    0.00    0.00    0.00    0.00    0.00    18  run-prometheus.
02:07:06 AM  1000    235159    0.00    0.00    0.00    0.00    0.00    16  run-tempo.sh
02:07:06 AM  1000    235161    0.00    0.00    0.00    0.00    0.00    18  run-pyroscope.s
02:07:06 AM  1000    235265    0.00    0.00    0.00    0.00    0.00    18  sleep

02:07:06 AM   UID       PID    %usr %system  %guest   %wait    %CPU   CPU  Command
02:07:07 AM  1000    235147    0.00    0.00    0.00    0.00    0.00    18  run-grafana.sh
02:07:07 AM  1000    235149    0.00    0.00    0.00    0.00    0.00    18  run-loki.sh
02:07:07 AM  1000    235152    0.00    0.00    0.00    0.00    0.00    16  run-otelcol.sh
02:07:07 AM  1000    235155    0.00    0.00    0.00    0.00    0.00    18  run-prometheus.
02:07:07 AM  1000    235159    0.00    0.00    0.00    0.00    0.00    16  run-tempo.sh
02:07:07 AM  1000    235161    0.00    0.00    0.00    0.00    0.00    18  run-pyroscope.s
02:07:07 AM  1000    235265    0.00    0.00    0.00    0.00    0.00    18  sleep

02:07:07 AM   UID       PID    %usr %system  %guest   %wait    %CPU   CPU  Command
02:07:08 AM  1000    235147    0.00    0.00    0.00    0.00    0.00    18  run-grafana.sh
02:07:08 AM  1000    235149    0.00    0.00    0.00    0.00    0.00    18  run-loki.sh
02:07:08 AM  1000    235152    0.00    0.00    0.00    0.00    0.00    16  run-otelcol.sh
02:07:08 AM  1000    235155    0.00    0.00    0.00    0.00    0.00    18  run-prometheus.
02:07:08 AM  1000    235159    0.00    0.00    0.00    0.00    0.00    16  run-tempo.sh
02:07:08 AM  1000    235161    0.00    0.00    0.00    0.00    0.00    18  run-pyroscope.s
02:07:08 AM  1000    235265    0.00    0.00    0.00    0.00    0.00    18  sleep

02:07:08 AM   UID       PID    %usr %system  %guest   %wait    %CPU   CPU  Command
02:07:09 AM  1000    235147    0.00    0.00    0.00    0.00    0.00    18  run-grafana.sh
02:07:09 AM  1000    235149    0.00    0.00    0.00    0.00    0.00    18  run-loki.sh
02:07:09 AM  1000    235152    0.00    0.00    0.00    0.00    0.00    16  run-otelcol.sh
02:07:09 AM  1000    235155    0.00    0.00    0.00    0.00    0.00    18  run-prometheus.
02:07:09 AM  1000    235159    0.00    0.00    0.00    0.00    0.00    16  run-tempo.sh
02:07:09 AM  1000    235161    0.00    0.00    0.00    0.00    0.00    18  run-pyroscope.s
02:07:09 AM  1000    235265    0.00    0.00    0.00    0.00    0.00    18  sleep

02:07:09 AM   UID       PID    %usr %system  %guest   %wait    %CPU   CPU  Command
02:07:10 AM  1000    235147    0.00    0.00    0.00    0.00    0.00    18  run-grafana.sh
02:07:10 AM  1000    235149    0.00    0.00    0.00    0.00    0.00    18  run-loki.sh
02:07:10 AM  1000    235152    0.00    0.00    0.00    0.00    0.00    16  run-otelcol.sh
02:07:10 AM  1000    235155    0.00    0.00    0.00    0.00    0.00    18  run-prometheus.
02:07:10 AM  1000    235159    0.00    0.00    0.00    0.00    0.00    16  run-tempo.sh
02:07:10 AM  1000    235161    0.00    0.00    0.00    0.00    0.00    18  run-pyroscope.s
02:07:10 AM  1000    235265    0.00    0.00    0.00    0.00    0.00    18  sleep

02:07:10 AM   UID       PID    %usr %system  %guest   %wait    %CPU   CPU  Command
02:07:11 AM  1000    235147    0.00    0.00    0.00    0.00    0.00    18  run-grafana.sh
02:07:11 AM  1000    235149    0.00    0.00    0.00    0.00    0.00    18  run-loki.sh
02:07:11 AM  1000    235152    0.00    0.00    0.00    0.00    0.00    16  run-otelcol.sh
02:07:11 AM  1000    235155    0.00    0.00    0.00    0.00    0.00    18  run-prometheus.
02:07:11 AM  1000    235159    0.00    0.00    0.00    0.00    0.00    16  run-tempo.sh
02:07:11 AM  1000    235161    0.00    0.00    0.00    0.00    0.00    18  run-pyroscope.s
02:07:11 AM  1000    235265    0.00    0.00    0.00    0.00    0.00    18  sleep

02:07:11 AM   UID       PID    %usr %system  %guest   %wait    %CPU   CPU  Command
02:07:12 AM  1000    235147    0.00    0.00    0.00    0.00    0.00    18  run-grafana.sh
02:07:12 AM  1000    235149    0.00    0.00    0.00    0.00    0.00    18  run-loki.sh
02:07:12 AM  1000    235152    0.00    0.00    0.00    0.00    0.00    16  run-otelcol.sh
02:07:12 AM  1000    235155    0.00    0.00    0.00    0.00    0.00    18  run-prometheus.
02:07:12 AM  1000    235159    0.00    0.00    0.00    0.00    0.00    16  run-tempo.sh
02:07:12 AM  1000    235161    0.00    0.00    0.00    0.00    0.00    18  run-pyroscope.s
02:07:12 AM  1000    235265    0.00    0.00    0.00    0.00    0.00    18  sleep

02:07:12 AM   UID       PID    %usr %system  %guest   %wait    %CPU   CPU  Command
02:07:13 AM  1000    235147    0.00    0.00    0.00    0.00    0.00    18  run-grafana.sh
02:07:13 AM  1000    235149    0.00    0.00    0.00    0.00    0.00    18  run-loki.sh
02:07:13 AM  1000    235152    0.00    0.00    0.00    0.00    0.00    16  run-otelcol.sh
02:07:13 AM  1000    235155    0.00    0.00    0.00    0.00    0.00    18  run-prometheus.
02:07:13 AM  1000    235159    0.00    0.00    0.00    0.00    0.00    16  run-tempo.sh
02:07:13 AM  1000    235161    0.00    0.00    0.00    0.00    0.00    18  run-pyroscope.s
02:07:13 AM  1000    235265    0.00    0.00    0.00    0.00    0.00    18  sleep

02:07:13 AM   UID       PID    %usr %system  %guest   %wait    %CPU   CPU  Command
02:07:14 AM  1000    235147    0.00    0.00    0.00    0.00    0.00    18  run-grafana.sh
02:07:14 AM  1000    235149    0.00    0.00    0.00    0.00    0.00    18  run-loki.sh
02:07:14 AM  1000    235152    0.00    0.00    0.00    0.00    0.00    16  run-otelcol.sh
02:07:14 AM  1000    235155    0.00    0.00    0.00    0.00    0.00    18  run-prometheus.
02:07:14 AM  1000    235159    0.00    0.00    0.00    0.00    0.00    16  run-tempo.sh
02:07:14 AM  1000    235161    0.00    0.00    0.00    0.00    0.00    18  run-pyroscope.s
02:07:14 AM  1000    235265    0.00    0.00    0.00    0.00    0.00    18  sleep

02:07:14 AM   UID       PID    %usr %system  %guest   %wait    %CPU   CPU  Command
02:07:15 AM  1000    235147    0.00    0.00    0.00    0.00    0.00    18  run-grafana.sh
02:07:15 AM  1000    235149    0.00    0.00    0.00    0.00    0.00    18  run-loki.sh
02:07:15 AM  1000    235152    0.00    0.00    0.00    0.00    0.00    16  run-otelcol.sh
02:07:15 AM  1000    235155    0.00    0.00    0.00    0.00    0.00    18  run-prometheus.
02:07:15 AM  1000    235159    0.00    0.00    0.00    0.00    0.00    16  run-tempo.sh
02:07:15 AM  1000    235161    0.00    0.00    0.00    0.00    0.00    18  run-pyroscope.s
02:07:15 AM  1000    235265    0.00    0.00    0.00    0.00    0.00    18  sleep

02:07:15 AM   UID       PID    %usr %system  %guest   %wait    %CPU   CPU  Command
02:07:16 AM  1000    235147    0.00    0.00    0.00    0.00    0.00    18  run-grafana.sh
02:07:16 AM  1000    235149    0.00    0.00    0.00    0.00    0.00    18  run-loki.sh
02:07:16 AM  1000    235152    0.00    0.00    0.00    0.00    0.00    16  run-otelcol.sh
02:07:16 AM  1000    235155    0.00    0.00    0.00    0.00    0.00    18  run-prometheus.
02:07:16 AM  1000    235159    0.00    0.00    0.00    0.00    0.00    16  run-tempo.sh
02:07:16 AM  1000    235161    0.00    0.00    0.00    0.00    0.00    18  run-pyroscope.s
02:07:16 AM  1000    235265    0.00    0.00    0.00    0.00    0.00    18  sleep

02:07:16 AM   UID       PID    %usr %system  %guest   %wait    %CPU   CPU  Command
02:07:17 AM  1000    235147    0.00    0.00    0.00    0.00    0.00    18  run-grafana.sh
02:07:17 AM  1000    235149    0.00    0.00    0.00    0.00    0.00    18  run-loki.sh
02:07:17 AM  1000    235152    0.00    0.00    0.00    0.00    0.00    16  run-otelcol.sh
02:07:17 AM  1000    235155    0.00    0.00    0.00    0.00    0.00    18  run-prometheus.
02:07:17 AM  1000    235159    0.00    0.00    0.00    0.00    0.00    16  run-tempo.sh
02:07:17 AM  1000    235161    0.00    0.00    0.00    0.00    0.00    18  run-pyroscope.s
02:07:17 AM  1000    235265    0.00    0.00    0.00    0.00    0.00    18  sleep

02:07:17 AM   UID       PID    %usr %system  %guest   %wait    %CPU   CPU  Command
02:07:18 AM  1000    235147    0.00    0.00    0.00    0.00    0.00    18  run-grafana.sh
02:07:18 AM  1000    235149    0.00    0.00    0.00    0.00    0.00    18  run-loki.sh
02:07:18 AM  1000    235152    0.00    0.00    0.00    0.00    0.00    16  run-otelcol.sh
02:07:18 AM  1000    235155    0.00    0.00    0.00    0.00    0.00    18  run-prometheus.
02:07:18 AM  1000    235159    0.00    0.00    0.00    0.00    0.00    16  run-tempo.sh
02:07:18 AM  1000    235161    0.00    0.00    0.00    0.00    0.00    18  run-pyroscope.s
02:07:18 AM  1000    235265    0.00    0.00    0.00    0.00    0.00    18  sleep

02:07:18 AM   UID       PID    %usr %system  %guest   %wait    %CPU   CPU  Command
02:07:19 AM  1000    235147    0.00    0.00    0.00    0.00    0.00    18  run-grafana.sh
02:07:19 AM  1000    235149    0.00    0.00    0.00    0.00    0.00    18  run-loki.sh
02:07:19 AM  1000    235152    0.00    0.00    0.00    0.00    0.00    16  run-otelcol.sh
02:07:19 AM  1000    235155    0.00    0.00    0.00    0.00    0.00    18  run-prometheus.
02:07:19 AM  1000    235159    0.00    0.00    0.00    0.00    0.00    16  run-tempo.sh
02:07:19 AM  1000    235161    0.00    0.00    0.00    0.00    0.00    18  run-pyroscope.s
02:07:19 AM  1000    235265    0.00    0.00    0.00    0.00    0.00    18  sleep

02:07:19 AM   UID       PID    %usr %system  %guest   %wait    %CPU   CPU  Command
02:07:20 AM  1000    235147    0.00    0.00    0.00    0.00    0.00    18  run-grafana.sh
02:07:20 AM  1000    235149    0.00    0.00    0.00    0.00    0.00    18  run-loki.sh
02:07:20 AM  1000    235152    0.00    0.00    0.00    0.00    0.00    16  run-otelcol.sh
02:07:20 AM  1000    235155    0.00    0.00    0.00    0.00    0.00    18  run-prometheus.
02:07:20 AM  1000    235159    0.00    0.00    0.00    0.00    0.00    16  run-tempo.sh
02:07:20 AM  1000    235161    0.00    0.00    0.00    0.00    0.00    18  run-pyroscope.s
02:07:20 AM  1000    235265    0.00    0.00    0.00    0.00    0.00    18  sleep

02:07:20 AM   UID       PID    %usr %system  %guest   %wait    %CPU   CPU  Command
02:07:21 AM  1000    235147    0.00    0.00    0.00    0.00    0.00    18  run-grafana.sh
02:07:21 AM  1000    235149    0.00    0.00    0.00    0.00    0.00    18  run-loki.sh
02:07:21 AM  1000    235152    0.00    0.00    0.00    0.00    0.00    16  run-otelcol.sh
02:07:21 AM  1000    235155    0.00    0.00    0.00    0.00    0.00    18  run-prometheus.
02:07:21 AM  1000    235159    0.00    0.00    0.00    0.00    0.00    16  run-tempo.sh
02:07:21 AM  1000    235161    0.00    0.00    0.00    0.00    0.00    18  run-pyroscope.s
02:07:21 AM  1000    235265    0.00    0.00    0.00    0.00    0.00    18  sleep

02:07:21 AM   UID       PID    %usr %system  %guest   %wait    %CPU   CPU  Command
02:07:22 AM  1000    235147    0.00    0.00    0.00    0.00    0.00    18  run-grafana.sh
02:07:22 AM  1000    235149    0.00    0.00    0.00    0.00    0.00    18  run-loki.sh
02:07:22 AM  1000    235152    0.00    0.00    0.00    0.00    0.00    16  run-otelcol.sh
02:07:22 AM  1000    235155    0.00    0.00    0.00    0.00    0.00    18  run-prometheus.
02:07:22 AM  1000    235159    0.00    0.00    0.00    0.00    0.00    16  run-tempo.sh
02:07:22 AM  1000    235161    0.00    0.00    0.00    0.00    0.00    18  run-pyroscope.s
02:07:22 AM  1000    235265    0.00    0.00    0.00    0.00    0.00    18  sleep

02:07:22 AM   UID       PID    %usr %system  %guest   %wait    %CPU   CPU  Command
02:07:23 AM  1000    235147    0.00    0.00    0.00    0.00    0.00    18  run-grafana.sh
02:07:23 AM  1000    235149    0.00    0.00    0.00    0.00    0.00    18  run-loki.sh
02:07:23 AM  1000    235152    0.00    0.00    0.00    0.00    0.00    16  run-otelcol.sh
02:07:23 AM  1000    235155    0.00    0.00    0.00    0.00    0.00    18  run-prometheus.
02:07:23 AM  1000    235159    0.00    0.00    0.00    0.00    0.00    16  run-tempo.sh
02:07:23 AM  1000    235161    0.00    0.00    0.00    0.00    0.00    18  run-pyroscope.s
02:07:23 AM  1000    235265    0.00    0.00    0.00    0.00    0.00    18  sleep

02:07:23 AM   UID       PID    %usr %system  %guest   %wait    %CPU   CPU  Command
02:07:24 AM  1000    235147    0.00    0.00    0.00    0.00    0.00    18  run-grafana.sh
02:07:24 AM  1000    235149    0.00    0.00    0.00    0.00    0.00    18  run-loki.sh
02:07:24 AM  1000    235152    0.00    0.00    0.00    0.00    0.00    16  run-otelcol.sh
02:07:24 AM  1000    235155    0.00    0.00    0.00    0.00    0.00    18  run-prometheus.
02:07:24 AM  1000    235159    0.00    0.00    0.00    0.00    0.00    16  run-tempo.sh
02:07:24 AM  1000    235161    0.00    0.00    0.00    0.00    0.00    18  run-pyroscope.s
02:07:24 AM  1000    235265    0.00    0.00    0.00    0.00    0.00    18  sleep

02:07:24 AM   UID       PID    %usr %system  %guest   %wait    %CPU   CPU  Command
02:07:25 AM  1000    235147    0.00    0.00    0.00    0.00    0.00    18  run-grafana.sh
02:07:25 AM  1000    235149    0.00    0.00    0.00    0.00    0.00    18  run-loki.sh
02:07:25 AM  1000    235152    0.00    0.00    0.00    0.00    0.00    16  run-otelcol.sh
02:07:25 AM  1000    235155    0.00    0.00    0.00    0.00    0.00    18  run-prometheus.
02:07:25 AM  1000    235159    0.00    0.00    0.00    0.00    0.00    16  run-tempo.sh
02:07:25 AM  1000    235161    0.00    0.00    0.00    0.00    0.00    18  run-pyroscope.s
02:07:25 AM  1000    235265    0.00    0.00    0.00    0.00    0.00    18  sleep

02:07:25 AM   UID       PID    %usr %system  %guest   %wait    %CPU   CPU  Command
02:07:26 AM  1000    235147    0.00    0.00    0.00    0.00    0.00    18  run-grafana.sh
02:07:26 AM  1000    235149    0.00    0.00    0.00    0.00    0.00    18  run-loki.sh
02:07:26 AM  1000    235152    0.00    0.00    0.00    0.00    0.00    16  run-otelcol.sh
02:07:26 AM  1000    235155    0.00    0.00    0.00    0.00    0.00    18  run-prometheus.
02:07:26 AM  1000    235159    0.00    0.00    0.00    0.00    0.00    16  run-tempo.sh
02:07:26 AM  1000    235161    0.00    0.00    0.00    0.00    0.00    18  run-pyroscope.s
02:07:26 AM  1000    235265    0.00    0.00    0.00    0.00    0.00    18  sleep

02:07:26 AM   UID       PID    %usr %system  %guest   %wait    %CPU   CPU  Command
02:07:27 AM  1000    235147    0.00    0.00    0.00    0.00    0.00    18  run-grafana.sh
02:07:27 AM  1000    235149    0.00    0.00    0.00    0.00    0.00    18  run-loki.sh
02:07:27 AM  1000    235152    0.00    0.00    0.00    0.00    0.00    16  run-otelcol.sh
02:07:27 AM  1000    235155    0.00    0.00    0.00    0.00    0.00    18  run-prometheus.
02:07:27 AM  1000    235159    0.00    0.00    0.00    0.00    0.00    16  run-tempo.sh
02:07:27 AM  1000    235161    0.00    0.00    0.00    0.00    0.00    18  run-pyroscope.s
02:07:27 AM  1000    235265    0.00    0.00    0.00    0.00    0.00    18  sleep

02:07:27 AM   UID       PID    %usr %system  %guest   %wait    %CPU   CPU  Command
02:07:28 AM  1000    235147    0.00    0.00    0.00    0.00    0.00    18  run-grafana.sh
02:07:28 AM  1000    235149    0.00    0.00    0.00    0.00    0.00    18  run-loki.sh
02:07:28 AM  1000    235152    0.00    0.00    0.00    0.00    0.00    16  run-otelcol.sh
02:07:28 AM  1000    235155    0.00    0.00    0.00    0.00    0.00    18  run-prometheus.
02:07:28 AM  1000    235159    0.00    0.00    0.00    0.00    0.00    16  run-tempo.sh
02:07:28 AM  1000    235161    0.00    0.00    0.00    0.00    0.00    18  run-pyroscope.s
02:07:28 AM  1000    235265    0.00    0.00    0.00    0.00    0.00    18  sleep

02:07:28 AM   UID       PID    %usr %system  %guest   %wait    %CPU   CPU  Command
02:07:29 AM  1000    235147    0.00    0.00    0.00    0.00    0.00    18  run-grafana.sh
02:07:29 AM  1000    235149    0.00    0.00    0.00    0.00    0.00    18  run-loki.sh
02:07:29 AM  1000    235152    0.00    0.00    0.00    0.00    0.00    16  run-otelcol.sh
02:07:29 AM  1000    235155    0.00    0.00    0.00    0.00    0.00    18  run-prometheus.
02:07:29 AM  1000    235159    0.00    0.00    0.00    0.00    0.00    16  run-tempo.sh
02:07:29 AM  1000    235161    0.00    0.00    0.00    0.00    0.00    18  run-pyroscope.s
02:07:29 AM  1000    235265    0.00    0.00    0.00    0.00    0.00    18  sleep

02:07:29 AM   UID       PID    %usr %system  %guest   %wait    %CPU   CPU  Command
02:07:30 AM  1000    235147    0.00    0.00    0.00    0.00    0.00    18  run-grafana.sh
02:07:30 AM  1000    235149    0.00    0.00    0.00    0.00    0.00    18  run-loki.sh
02:07:30 AM  1000    235152    0.00    0.00    0.00    0.00    0.00    16  run-otelcol.sh
02:07:30 AM  1000    235155    0.00    0.00    0.00    0.00    0.00    18  run-prometheus.
02:07:30 AM  1000    235159    0.00    0.00    0.00    0.00    0.00    16  run-tempo.sh
02:07:30 AM  1000    235161    0.00    0.00    0.00    0.00    0.00    18  run-pyroscope.s
02:07:30 AM  1000    235265    0.00    0.00    0.00    0.00    0.00    18  sleep

02:07:30 AM   UID       PID    %usr %system  %guest   %wait    %CPU   CPU  Command
02:07:31 AM  1000    235147    0.00    0.00    0.00    0.00    0.00    18  run-grafana.sh
02:07:31 AM  1000    235149    0.00    0.00    0.00    0.00    0.00    18  run-loki.sh
02:07:31 AM  1000    235152    0.00    0.00    0.00    0.00    0.00    16  run-otelcol.sh
02:07:31 AM  1000    235155    0.00    0.00    0.00    0.00    0.00    18  run-prometheus.
02:07:31 AM  1000    235159    0.00    0.00    0.00    0.00    0.00    16  run-tempo.sh
02:07:31 AM  1000    235161    0.00    0.00    0.00    0.00    0.00    18  run-pyroscope.s
02:07:31 AM  1000    235265    0.00    0.00    0.00    0.00    0.00    18  sleep

02:07:31 AM   UID       PID    %usr %system  %guest   %wait    %CPU   CPU  Command
02:07:32 AM  1000    235147    0.00    0.00    0.00    0.00    0.00    18  run-grafana.sh
02:07:32 AM  1000    235149    0.00    0.00    0.00    0.00    0.00    18  run-loki.sh
02:07:32 AM  1000    235152    0.00    0.00    0.00    0.00    0.00    16  run-otelcol.sh
02:07:32 AM  1000    235155    0.00    0.00    0.00    0.00    0.00    18  run-prometheus.
02:07:32 AM  1000    235159    0.00    0.00    0.00    0.00    0.00    16  run-tempo.sh
02:07:32 AM  1000    235161    0.00    0.00    0.00    0.00    0.00    18  run-pyroscope.s
02:07:32 AM  1000    235265    0.00    0.00    0.00    0.00    0.00    18  sleep

02:07:32 AM   UID       PID    %usr %system  %guest   %wait    %CPU   CPU  Command
02:07:33 AM  1000    235147    0.00    0.00    0.00    0.00    0.00    18  run-grafana.sh
02:07:33 AM  1000    235149    0.00    0.00    0.00    0.00    0.00    18  run-loki.sh
02:07:33 AM  1000    235152    0.00    0.00    0.00    0.00    0.00    16  run-otelcol.sh
02:07:33 AM  1000    235155    0.00    0.00    0.00    0.00    0.00    18  run-prometheus.
02:07:33 AM  1000    235159    0.00    0.00    0.00    0.00    0.00    16  run-tempo.sh
02:07:33 AM  1000    235161    0.00    0.00    0.00    0.00    0.00    18  run-pyroscope.s
02:07:33 AM  1000    235265    0.00    0.00    0.00    0.00    0.00    18  sleep

02:07:33 AM   UID       PID    %usr %system  %guest   %wait    %CPU   CPU  Command
02:07:34 AM  1000    235147    0.00    0.00    0.00    0.00    0.00    18  run-grafana.sh
02:07:34 AM  1000    235149    0.00    0.00    0.00    0.00    0.00    18  run-loki.sh
02:07:34 AM  1000    235152    0.00    0.00    0.00    0.00    0.00    16  run-otelcol.sh
02:07:34 AM  1000    235155    0.00    0.00    0.00    0.00    0.00    18  run-prometheus.
02:07:34 AM  1000    235159    0.00    0.00    0.00    0.00    0.00    16  run-tempo.sh
02:07:34 AM  1000    235161    0.00    0.00    0.00    0.00    0.00    18  run-pyroscope.s
02:07:34 AM  1000    235265    0.00    0.00    0.00    0.00    0.00    18  sleep

02:07:34 AM   UID       PID    %usr %system  %guest   %wait    %CPU   CPU  Command
02:07:35 AM  1000    235147    0.00    0.00    0.00    0.00    0.00    18  run-grafana.sh
02:07:35 AM  1000    235149    0.00    0.00    0.00    0.00    0.00    18  run-loki.sh
02:07:35 AM  1000    235152    0.00    0.00    0.00    0.00    0.00    16  run-otelcol.sh
02:07:35 AM  1000    235155    0.00    0.00    0.00    0.00    0.00    18  run-prometheus.
02:07:35 AM  1000    235159    0.00    0.00    0.00    0.00    0.00    16  run-tempo.sh
02:07:35 AM  1000    235161    0.00    0.00    0.00    0.00    0.00    18  run-pyroscope.s
02:07:35 AM  1000    235265    0.00    0.00    0.00    0.00    0.00    18  sleep

02:07:35 AM   UID       PID    %usr %system  %guest   %wait    %CPU   CPU  Command
02:07:36 AM  1000    235147    0.00    0.00    0.00    0.00    0.00    18  run-grafana.sh
02:07:36 AM  1000    235149    0.00    0.00    0.00    0.00    0.00    18  run-loki.sh
02:07:36 AM  1000    235152    0.00    0.00    0.00    0.00    0.00    16  run-otelcol.sh
02:07:36 AM  1000    235155    0.00    0.00    0.00    0.00    0.00    18  run-prometheus.
02:07:36 AM  1000    235159    0.00    0.00    0.00    0.00    0.00    16  run-tempo.sh
02:07:36 AM  1000    235161    0.00    0.00    0.00    0.00    0.00    18  run-pyroscope.s
02:07:36 AM  1000    235265    0.00    0.00    0.00    0.00    0.00    18  sleep

02:07:36 AM   UID       PID    %usr %system  %guest   %wait    %CPU   CPU  Command
02:07:37 AM  1000    235147    0.00    0.00    0.00    0.00    0.00    18  run-grafana.sh
02:07:37 AM  1000    235149    0.00    0.00    0.00    0.00    0.00    18  run-loki.sh
02:07:37 AM  1000    235152    0.00    0.00    0.00    0.00    0.00    16  run-otelcol.sh
02:07:37 AM  1000    235155    0.00    0.00    0.00    0.00    0.00    18  run-prometheus.
02:07:37 AM  1000    235159    0.00    0.00    0.00    0.00    0.00    16  run-tempo.sh
02:07:37 AM  1000    235161    0.00    0.00    0.00    0.00    0.00    18  run-pyroscope.s
02:07:37 AM  1000    235265    0.00    0.00    0.00    0.00    0.00    18  sleep

02:07:37 AM   UID       PID    %usr %system  %guest   %wait    %CPU   CPU  Command
02:07:38 AM  1000    235147    0.00    0.00    0.00    0.00    0.00    18  run-grafana.sh
02:07:38 AM  1000    235149    0.00    0.00    0.00    0.00    0.00    18  run-loki.sh
02:07:38 AM  1000    235152    0.00    0.00    0.00    0.00    0.00    16  run-otelcol.sh
02:07:38 AM  1000    235155    0.00    0.00    0.00    0.00    0.00    18  run-prometheus.
02:07:38 AM  1000    235159    0.00    0.00    0.00    0.00    0.00    16  run-tempo.sh
02:07:38 AM  1000    235161    0.00    0.00    0.00    0.00    0.00    18  run-pyroscope.s
02:07:38 AM  1000    235265    0.00    0.00    0.00    0.00    0.00    18  sleep

02:07:38 AM   UID       PID    %usr %system  %guest   %wait    %CPU   CPU  Command
02:07:39 AM  1000    235147    0.00    0.00    0.00    0.00    0.00    18  run-grafana.sh
02:07:39 AM  1000    235149    0.00    0.00    0.00    0.00    0.00    18  run-loki.sh
02:07:39 AM  1000    235152    0.00    0.00    0.00    0.00    0.00    16  run-otelcol.sh
02:07:39 AM  1000    235155    0.00    0.00    0.00    0.00    0.00    18  run-prometheus.
02:07:39 AM  1000    235159    0.00    0.00    0.00    0.00    0.00    16  run-tempo.sh
02:07:39 AM  1000    235161    0.00    0.00    0.00    0.00    0.00    18  run-pyroscope.s
02:07:39 AM  1000    235265    0.00    0.00    0.00    0.00    0.00    18  sleep

02:07:39 AM   UID       PID    %usr %system  %guest   %wait    %CPU   CPU  Command
02:07:40 AM  1000    235147    0.00    0.00    0.00    0.00    0.00    18  run-grafana.sh
02:07:40 AM  1000    235149    0.00    0.00    0.00    0.00    0.00    18  run-loki.sh
02:07:40 AM  1000    235152    0.00    0.00    0.00    0.00    0.00    16  run-otelcol.sh
02:07:40 AM  1000    235155    0.00    0.00    0.00    0.00    0.00    18  run-prometheus.
02:07:40 AM  1000    235159    0.00    0.00    0.00    0.00    0.00    16  run-tempo.sh
02:07:40 AM  1000    235161    0.00    0.00    0.00    0.00    0.00    18  run-pyroscope.s
02:07:40 AM  1000    235265    0.00    0.00    0.00    0.00    0.00    18  sleep

02:07:40 AM   UID       PID    %usr %system  %guest   %wait    %CPU   CPU  Command
02:07:41 AM  1000    235147    0.00    0.00    0.00    0.00    0.00    18  run-grafana.sh
02:07:41 AM  1000    235149    0.00    0.00    0.00    0.00    0.00    18  run-loki.sh
02:07:41 AM  1000    235152    0.00    0.00    0.00    0.00    0.00    16  run-otelcol.sh
02:07:41 AM  1000    235155    0.00    0.00    0.00    0.00    0.00    18  run-prometheus.
02:07:41 AM  1000    235159    0.00    0.00    0.00    0.00    0.00    16  run-tempo.sh
02:07:41 AM  1000    235161    0.00    0.00    0.00    0.00    0.00    18  run-pyroscope.s
02:07:41 AM  1000    235265    0.00    0.00    0.00    0.00    0.00    18  sleep

02:07:41 AM   UID       PID    %usr %system  %guest   %wait    %CPU   CPU  Command
02:07:42 AM  1000    235147    0.00    0.00    0.00    0.00    0.00    18  run-grafana.sh
02:07:42 AM  1000    235149    0.00    0.00    0.00    0.00    0.00    18  run-loki.sh
02:07:42 AM  1000    235152    0.00    0.00    0.00    0.00    0.00    16  run-otelcol.sh
02:07:42 AM  1000    235155    0.00    0.00    0.00    0.00    0.00    18  run-prometheus.
02:07:42 AM  1000    235159    0.00    0.00    0.00    0.00    0.00    16  run-tempo.sh
02:07:42 AM  1000    235161    0.00    0.00    0.00    0.00    0.00    18  run-pyroscope.s
02:07:42 AM  1000    235265    0.00    0.00    0.00    0.00    0.00    18  sleep

02:07:42 AM   UID       PID    %usr %system  %guest   %wait    %CPU   CPU  Command
02:07:43 AM  1000    235147    0.00    0.00    0.00    0.00    0.00    18  run-grafana.sh
02:07:43 AM  1000    235149    0.00    0.00    0.00    0.00    0.00    18  run-loki.sh
02:07:43 AM  1000    235152    0.00    0.00    0.00    0.00    0.00    16  run-otelcol.sh
02:07:43 AM  1000    235155    0.00    0.00    0.00    0.00    0.00    18  run-prometheus.
02:07:43 AM  1000    235159    0.00    0.00    0.00    0.00    0.00    16  run-tempo.sh
02:07:43 AM  1000    235161    0.00    0.00    0.00    0.00    0.00    18  run-pyroscope.s
02:07:43 AM  1000    235265    0.00    0.00    0.00    0.00    0.00    18  sleep

02:07:43 AM   UID       PID    %usr %system  %guest   %wait    %CPU   CPU  Command
02:07:44 AM  1000    235147    0.00    0.00    0.00    0.00    0.00    18  run-grafana.sh
02:07:44 AM  1000    235149    0.00    0.00    0.00    0.00    0.00    18  run-loki.sh
02:07:44 AM  1000    235152    0.00    0.00    0.00    0.00    0.00    16  run-otelcol.sh
02:07:44 AM  1000    235155    0.00    0.00    0.00    0.00    0.00    18  run-prometheus.
02:07:44 AM  1000    235159    0.00    0.00    0.00    0.00    0.00    16  run-tempo.sh
02:07:44 AM  1000    235161    0.00    0.00    0.00    0.00    0.00    18  run-pyroscope.s
02:07:44 AM  1000    235265    0.00    0.00    0.00    0.00    0.00    18  sleep

02:07:44 AM   UID       PID    %usr %system  %guest   %wait    %CPU   CPU  Command
02:07:45 AM  1000    235147    0.00    0.00    0.00    0.00    0.00    18  run-grafana.sh
02:07:45 AM  1000    235149    0.00    0.00    0.00    0.00    0.00    18  run-loki.sh
02:07:45 AM  1000    235152    0.00    0.00    0.00    0.00    0.00    16  run-otelcol.sh
02:07:45 AM  1000    235155    0.00    0.00    0.00    0.00    0.00    18  run-prometheus.
02:07:45 AM  1000    235159    0.00    0.00    0.00    0.00    0.00    16  run-tempo.sh
02:07:45 AM  1000    235161    0.00    0.00    0.00    0.00    0.00    18  run-pyroscope.s
02:07:45 AM  1000    235265    0.00    0.00    0.00    0.00    0.00    18  sleep

02:07:45 AM   UID       PID    %usr %system  %guest   %wait    %CPU   CPU  Command
02:07:46 AM  1000    235147    0.00    0.00    0.00    0.00    0.00    18  run-grafana.sh
02:07:46 AM  1000    235149    0.00    0.00    0.00    0.00    0.00    18  run-loki.sh
02:07:46 AM  1000    235152    0.00    0.00    0.00    0.00    0.00    16  run-otelcol.sh
02:07:46 AM  1000    235155    0.00    0.00    0.00    0.00    0.00    18  run-prometheus.
02:07:46 AM  1000    235159    0.00    0.00    0.00    0.00    0.00    16  run-tempo.sh
02:07:46 AM  1000    235161    0.00    0.00    0.00    0.00    0.00    18  run-pyroscope.s
02:07:46 AM  1000    235265    0.00    0.00    0.00    0.00    0.00    18  sleep

02:07:46 AM   UID       PID    %usr %system  %guest   %wait    %CPU   CPU  Command
02:07:47 AM  1000    235147    0.00    0.00    0.00    0.00    0.00    18  run-grafana.sh
02:07:47 AM  1000    235149    0.00    0.00    0.00    0.00    0.00    18  run-loki.sh
02:07:47 AM  1000    235152    0.00    0.00    0.00    0.00    0.00    16  run-otelcol.sh
02:07:47 AM  1000    235155    0.00    0.00    0.00    0.00    0.00    18  run-prometheus.
02:07:47 AM  1000    235159    0.00    0.00    0.00    0.00    0.00    16  run-tempo.sh
02:07:47 AM  1000    235161    0.00    0.00    0.00    0.00    0.00    18  run-pyroscope.s
02:07:47 AM  1000    235265    0.00    0.00    0.00    0.00    0.00    18  sleep

02:07:47 AM   UID       PID    %usr %system  %guest   %wait    %CPU   CPU  Command
02:07:48 AM  1000    235147    0.00    0.00    0.00    0.00    0.00    18  run-grafana.sh
02:07:48 AM  1000    235149    0.00    0.00    0.00    0.00    0.00    18  run-loki.sh
02:07:48 AM  1000    235152    0.00    0.00    0.00    0.00    0.00    16  run-otelcol.sh
02:07:48 AM  1000    235155    0.00    0.00    0.00    0.00    0.00    18  run-prometheus.
02:07:48 AM  1000    235159    0.00    0.00    0.00    0.00    0.00    16  run-tempo.sh
02:07:48 AM  1000    235161    0.00    0.00    0.00    0.00    0.00    18  run-pyroscope.s
02:07:48 AM  1000    235265    0.00    0.00    0.00    0.00    0.00    18  sleep

02:07:48 AM   UID       PID    %usr %system  %guest   %wait    %CPU   CPU  Command
02:07:49 AM  1000    235147    0.00    0.00    0.00    0.00    0.00    18  run-grafana.sh
02:07:49 AM  1000    235149    0.00    0.00    0.00    0.00    0.00    18  run-loki.sh
02:07:49 AM  1000    235152    0.00    0.00    0.00    0.00    0.00    16  run-otelcol.sh
02:07:49 AM  1000    235155    0.00    0.00    0.00    0.00    0.00    18  run-prometheus.
02:07:49 AM  1000    235159    0.00    0.00    0.00    0.00    0.00    16  run-tempo.sh
02:07:49 AM  1000    235161    0.00    0.00    0.00    0.00    0.00    18  run-pyroscope.s
02:07:49 AM  1000    235265    0.00    0.00    0.00    0.00    0.00    18  sleep

02:07:49 AM   UID       PID    %usr %system  %guest   %wait    %CPU   CPU  Command
02:07:50 AM  1000    235147    0.00    0.00    0.00    0.00    0.00    18  run-grafana.sh
02:07:50 AM  1000    235149    0.00    0.00    0.00    0.00    0.00    18  run-loki.sh
02:07:50 AM  1000    235152    0.00    0.00    0.00    0.00    0.00    16  run-otelcol.sh
02:07:50 AM  1000    235155    0.00    0.00    0.00    0.00    0.00    18  run-prometheus.
02:07:50 AM  1000    235159    0.00    0.00    0.00    0.00    0.00    16  run-tempo.sh
02:07:50 AM  1000    235161    0.00    0.00    0.00    0.00    0.00    18  run-pyroscope.s
02:07:50 AM  1000    235265    0.00    0.00    0.00    0.00    0.00    18  sleep

02:07:50 AM   UID       PID    %usr %system  %guest   %wait    %CPU   CPU  Command
02:07:51 AM  1000    235147    0.00    0.00    0.00    0.00    0.00    18  run-grafana.sh
02:07:51 AM  1000    235149    0.00    0.00    0.00    0.00    0.00    18  run-loki.sh
02:07:51 AM  1000    235152    0.00    0.00    0.00    0.00    0.00    16  run-otelcol.sh
02:07:51 AM  1000    235155    0.00    0.00    0.00    0.00    0.00    18  run-prometheus.
02:07:51 AM  1000    235159    0.00    0.00    0.00    0.00    0.00    16  run-tempo.sh
02:07:51 AM  1000    235161    0.00    0.00    0.00    0.00    0.00    18  run-pyroscope.s
02:07:51 AM  1000    235265    0.00    0.00    0.00    0.00    0.00    18  sleep

02:07:51 AM   UID       PID    %usr %system  %guest   %wait    %CPU   CPU  Command
02:07:52 AM  1000    235147    0.00    0.00    0.00    0.00    0.00    18  run-grafana.sh
02:07:52 AM  1000    235149    0.00    0.00    0.00    0.00    0.00    18  run-loki.sh
02:07:52 AM  1000    235152    0.00    0.00    0.00    0.00    0.00    16  run-otelcol.sh
02:07:52 AM  1000    235155    0.00    0.00    0.00    0.00    0.00    18  run-prometheus.
02:07:52 AM  1000    235159    0.00    0.00    0.00    0.00    0.00    16  run-tempo.sh
02:07:52 AM  1000    235161    0.00    0.00    0.00    0.00    0.00    18  run-pyroscope.s
02:07:52 AM  1000    235265    0.00    0.00    0.00    0.00    0.00    18  sleep

02:07:52 AM   UID       PID    %usr %system  %guest   %wait    %CPU   CPU  Command
02:07:53 AM  1000    235147    0.00    0.00    0.00    0.00    0.00    18  run-grafana.sh
02:07:53 AM  1000    235149    0.00    0.00    0.00    0.00    0.00    18  run-loki.sh
02:07:53 AM  1000    235152    0.00    0.00    0.00    0.00    0.00    16  run-otelcol.sh
02:07:53 AM  1000    235155    0.00    0.00    0.00    0.00    0.00    18  run-prometheus.
02:07:53 AM  1000    235159    0.00    0.00    0.00    0.00    0.00    16  run-tempo.sh
02:07:53 AM  1000    235161    0.00    0.00    0.00    0.00    0.00    18  run-pyroscope.s
02:07:53 AM  1000    235265    0.00    0.00    0.00    0.00    0.00    18  sleep

02:07:53 AM   UID       PID    %usr %system  %guest   %wait    %CPU   CPU  Command
02:07:54 AM  1000    235147    0.00    0.00    0.00    0.00    0.00    18  run-grafana.sh
02:07:54 AM  1000    235149    0.00    0.00    0.00    0.00    0.00    18  run-loki.sh
02:07:54 AM  1000    235152    0.00    0.00    0.00    0.00    0.00    16  run-otelcol.sh
02:07:54 AM  1000    235155    0.00    0.00    0.00    0.00    0.00    18  run-prometheus.
02:07:54 AM  1000    235159    0.00    0.00    0.00    0.00    0.00    16  run-tempo.sh
02:07:54 AM  1000    235161    0.00    0.00    0.00    0.00    0.00    18  run-pyroscope.s
02:07:54 AM  1000    235265    0.00    0.00    0.00    0.00    0.00    18  sleep

02:07:54 AM   UID       PID    %usr %system  %guest   %wait    %CPU   CPU  Command
02:07:55 AM  1000    235147    0.00    0.00    0.00    0.00    0.00    18  run-grafana.sh
02:07:55 AM  1000    235149    0.00    0.00    0.00    0.00    0.00    18  run-loki.sh
02:07:55 AM  1000    235152    0.00    0.00    0.00    0.00    0.00    16  run-otelcol.sh
02:07:55 AM  1000    235155    0.00    0.00    0.00    0.00    0.00    18  run-prometheus.
02:07:55 AM  1000    235159    0.00    0.00    0.00    0.00    0.00    16  run-tempo.sh
02:07:55 AM  1000    235161    0.00    0.00    0.00    0.00    0.00    18  run-pyroscope.s
02:07:55 AM  1000    235265    0.00    0.00    0.00    0.00    0.00    18  sleep

02:07:55 AM   UID       PID    %usr %system  %guest   %wait    %CPU   CPU  Command
02:07:56 AM  1000    235147    0.00    0.00    0.00    0.00    0.00    18  run-grafana.sh
02:07:56 AM  1000    235149    0.00    0.00    0.00    0.00    0.00    18  run-loki.sh
02:07:56 AM  1000    235152    0.00    0.00    0.00    0.00    0.00    16  run-otelcol.sh
02:07:56 AM  1000    235155    0.00    0.00    0.00    0.00    0.00    18  run-prometheus.
02:07:56 AM  1000    235159    0.00    0.00    0.00    0.00    0.00    16  run-tempo.sh
02:07:56 AM  1000    235161    0.00    0.00    0.00    0.00    0.00    18  run-pyroscope.s
02:07:56 AM  1000    235265    0.00    0.00    0.00    0.00    0.00    18  sleep

02:07:56 AM   UID       PID    %usr %system  %guest   %wait    %CPU   CPU  Command
02:07:57 AM  1000    235147    0.00    0.00    0.00    0.00    0.00    18  run-grafana.sh
02:07:57 AM  1000    235149    0.00    0.00    0.00    0.00    0.00    18  run-loki.sh
02:07:57 AM  1000    235152    0.00    0.00    0.00    0.00    0.00    16  run-otelcol.sh
02:07:57 AM  1000    235155    0.00    0.00    0.00    0.00    0.00    18  run-prometheus.
02:07:57 AM  1000    235159    0.00    0.00    0.00    0.00    0.00    16  run-tempo.sh
02:07:57 AM  1000    235161    0.00    0.00    0.00    0.00    0.00    18  run-pyroscope.s
02:07:57 AM  1000    235265    0.00    0.00    0.00    0.00    0.00    18  sleep

02:07:57 AM   UID       PID    %usr %system  %guest   %wait    %CPU   CPU  Command
02:07:58 AM  1000    235147    0.00    0.00    0.00    0.00    0.00    18  run-grafana.sh
02:07:58 AM  1000    235149    0.00    0.00    0.00    0.00    0.00    18  run-loki.sh
02:07:58 AM  1000    235152    0.00    0.00    0.00    0.00    0.00    16  run-otelcol.sh
02:07:58 AM  1000    235155    0.00    0.00    0.00    0.00    0.00    18  run-prometheus.
02:07:58 AM  1000    235159    0.00    0.00    0.00    0.00    0.00    16  run-tempo.sh
02:07:58 AM  1000    235161    0.00    0.00    0.00    0.00    0.00    18  run-pyroscope.s
02:07:58 AM  1000    235265    0.00    0.00    0.00    0.00    0.00    18  sleep

02:07:58 AM   UID       PID    %usr %system  %guest   %wait    %CPU   CPU  Command
02:07:59 AM  1000    235147    0.00    0.00    0.00    0.00    0.00    18  run-grafana.sh
02:07:59 AM  1000    235149    0.00    0.00    0.00    0.00    0.00    18  run-loki.sh
02:07:59 AM  1000    235152    0.00    0.00    0.00    0.00    0.00    16  run-otelcol.sh
02:07:59 AM  1000    235155    0.00    0.00    0.00    0.00    0.00    18  run-prometheus.
02:07:59 AM  1000    235159    0.00    0.00    0.00    0.00    0.00    16  run-tempo.sh
02:07:59 AM  1000    235161    0.00    0.00    0.00    0.00    0.00    18  run-pyroscope.s
02:07:59 AM  1000    235265    0.00    0.00    0.00    0.00    0.00    18  sleep

02:07:59 AM   UID       PID    %usr %system  %guest   %wait    %CPU   CPU  Command
02:08:00 AM  1000    235147    0.00    0.00    0.00    0.00    0.00    18  run-grafana.sh
02:08:00 AM  1000    235149    0.00    0.00    0.00    0.00    0.00    18  run-loki.sh
02:08:00 AM  1000    235152    0.00    0.00    0.00    0.00    0.00    16  run-otelcol.sh
02:08:00 AM  1000    235155    0.00    0.00    0.00    0.00    0.00    18  run-prometheus.
02:08:00 AM  1000    235159    0.00    0.00    0.00    0.00    0.00    16  run-tempo.sh
02:08:00 AM  1000    235161    0.00    0.00    0.00    0.00    0.00    18  run-pyroscope.s
02:08:00 AM  1000    235265    0.00    0.00    0.00    0.00    0.00    18  sleep

02:08:00 AM   UID       PID    %usr %system  %guest   %wait    %CPU   CPU  Command
02:08:01 AM  1000    235147    0.00    0.00    0.00    0.00    0.00    18  run-grafana.sh
02:08:01 AM  1000    235149    0.00    0.00    0.00    0.00    0.00    18  run-loki.sh
02:08:01 AM  1000    235152    0.00    0.00    0.00    0.00    0.00    16  run-otelcol.sh
02:08:01 AM  1000    235155    0.00    0.00    0.00    0.00    0.00    18  run-prometheus.
02:08:01 AM  1000    235159    0.00    0.00    0.00    0.00    0.00    16  run-tempo.sh
02:08:01 AM  1000    235161    0.00    0.00    0.00    0.00    0.00    18  run-pyroscope.s
02:08:01 AM  1000    235265    0.00    0.00    0.00    0.00    0.00    18  sleep

02:08:01 AM   UID       PID    %usr %system  %guest   %wait    %CPU   CPU  Command
02:08:02 AM  1000    235147    0.00    0.00    0.00    0.00    0.00    18  run-grafana.sh
02:08:02 AM  1000    235149    0.00    0.00    0.00    0.00    0.00    18  run-loki.sh
02:08:02 AM  1000    235152    0.00    0.00    0.00    0.00    0.00    16  run-otelcol.sh
02:08:02 AM  1000    235155    0.00    0.00    0.00    0.00    0.00    18  run-prometheus.
02:08:02 AM  1000    235159    0.00    0.00    0.00    0.00    0.00    16  run-tempo.sh
02:08:02 AM  1000    235161    0.00    0.00    0.00    0.00    0.00    18  run-pyroscope.s
02:08:02 AM  1000    235265    0.00    0.00    0.00    0.00    0.00    18  sleep

02:08:02 AM   UID       PID    %usr %system  %guest   %wait    %CPU   CPU  Command
02:08:03 AM  1000    235147    0.00    0.00    0.00    0.00    0.00    18  run-grafana.sh
02:08:03 AM  1000    235149    0.00    0.00    0.00    0.00    0.00    18  run-loki.sh
02:08:03 AM  1000    235152    0.00    0.00    0.00    0.00    0.00    16  run-otelcol.sh
02:08:03 AM  1000    235155    0.00    0.00    0.00    0.00    0.00    18  run-prometheus.
02:08:03 AM  1000    235159    0.00    0.00    0.00    0.00    0.00    16  run-tempo.sh
02:08:03 AM  1000    235161    0.00    0.00    0.00    0.00    0.00    18  run-pyroscope.s
02:08:03 AM  1000    235265    0.00    0.00    0.00    0.00    0.00    18  sleep

02:08:03 AM   UID       PID    %usr %system  %guest   %wait    %CPU   CPU  Command
02:08:04 AM  1000    235147    0.00    0.00    0.00    0.00    0.00    18  run-grafana.sh
02:08:04 AM  1000    235149    0.00    0.00    0.00    0.00    0.00    18  run-loki.sh
02:08:04 AM  1000    235152    0.00    0.00    0.00    0.00    0.00    16  run-otelcol.sh
02:08:04 AM  1000    235155    0.00    0.00    0.00    0.00    0.00    18  run-prometheus.
02:08:04 AM  1000    235159    0.00    0.00    0.00    0.00    0.00    16  run-tempo.sh
02:08:04 AM  1000    235161    0.00    0.00    0.00    0.00    0.00    18  run-pyroscope.s
02:08:04 AM  1000    235265    0.00    0.00    0.00    0.00    0.00    18  sleep

02:08:04 AM   UID       PID    %usr %system  %guest   %wait    %CPU   CPU  Command
02:08:05 AM  1000    235147    0.00    0.00    0.00    0.00    0.00    18  run-grafana.sh
02:08:05 AM  1000    235149    0.00    0.00    0.00    0.00    0.00    18  run-loki.sh
02:08:05 AM  1000    235152    0.00    0.00    0.00    0.00    0.00    16  run-otelcol.sh
02:08:05 AM  1000    235155    0.00    0.00    0.00    0.00    0.00    18  run-prometheus.
02:08:05 AM  1000    235159    0.00    0.00    0.00    0.00    0.00    16  run-tempo.sh
02:08:05 AM  1000    235161    0.00    0.00    0.00    0.00    0.00    18  run-pyroscope.s
02:08:05 AM  1000    235265    0.00    0.00    0.00    0.00    0.00    18  sleep

02:08:05 AM   UID       PID    %usr %system  %guest   %wait    %CPU   CPU  Command
02:08:06 AM  1000    235147    0.00    0.00    0.00    0.00    0.00    18  run-grafana.sh
02:08:06 AM  1000    235149    0.00    0.00    0.00    0.00    0.00    18  run-loki.sh
02:08:06 AM  1000    235152    0.00    0.00    0.00    0.00    0.00    16  run-otelcol.sh
02:08:06 AM  1000    235155    0.00    0.00    0.00    0.00    0.00    18  run-prometheus.
02:08:06 AM  1000    235159    0.00    0.00    0.00    0.00    0.00    16  run-tempo.sh
02:08:06 AM  1000    235161    0.00    0.00    0.00    0.00    0.00    18  run-pyroscope.s
02:08:06 AM  1000    235265    0.00    0.00    0.00    0.00    0.00    18  sleep

02:08:06 AM   UID       PID    %usr %system  %guest   %wait    %CPU   CPU  Command
02:08:07 AM  1000    235147    0.00    0.00    0.00    0.00    0.00    18  run-grafana.sh
02:08:07 AM  1000    235149    0.00    0.00    0.00    0.00    0.00    18  run-loki.sh
02:08:07 AM  1000    235152    0.00    0.00    0.00    0.00    0.00    16  run-otelcol.sh
02:08:07 AM  1000    235155    0.00    0.00    0.00    0.00    0.00    18  run-prometheus.
02:08:07 AM  1000    235159    0.00    0.00    0.00    0.00    0.00    16  run-tempo.sh
02:08:07 AM  1000    235161    0.00    0.00    0.00    0.00    0.00    18  run-pyroscope.s
02:08:07 AM  1000    235265    0.00    0.00    0.00    0.00    0.00    18  sleep

02:08:07 AM   UID       PID    %usr %system  %guest   %wait    %CPU   CPU  Command
02:08:08 AM  1000    235147    0.00    0.00    0.00    0.00    0.00    18  run-grafana.sh
02:08:08 AM  1000    235149    0.00    0.00    0.00    0.00    0.00    18  run-loki.sh
02:08:08 AM  1000    235152    0.00    0.00    0.00    0.00    0.00    16  run-otelcol.sh
02:08:08 AM  1000    235155    0.00    0.00    0.00    0.00    0.00    18  run-prometheus.
02:08:08 AM  1000    235159    0.00    0.00    0.00    0.00    0.00    16  run-tempo.sh
02:08:08 AM  1000    235161    0.00    0.00    0.00    0.00    0.00    18  run-pyroscope.s
02:08:08 AM  1000    235265    0.00    0.00    0.00    0.00    0.00    18  sleep

02:08:08 AM   UID       PID    %usr %system  %guest   %wait    %CPU   CPU  Command
02:08:09 AM  1000    235147    0.00    0.00    0.00    0.00    0.00    18  run-grafana.sh
02:08:09 AM  1000    235149    0.00    0.00    0.00    0.00    0.00    18  run-loki.sh
02:08:09 AM  1000    235152    0.00    0.00    0.00    0.00    0.00    16  run-otelcol.sh
02:08:09 AM  1000    235155    0.00    0.00    0.00    0.00    0.00    18  run-prometheus.
02:08:09 AM  1000    235159    0.00    0.00    0.00    0.00    0.00    16  run-tempo.sh
02:08:09 AM  1000    235161    0.00    0.00    0.00    0.00    0.00    18  run-pyroscope.s
02:08:09 AM  1000    235265    0.00    0.00    0.00    0.00    0.00    18  sleep

02:08:09 AM   UID       PID    %usr %system  %guest   %wait    %CPU   CPU  Command
02:08:10 AM  1000    235147    0.00    0.00    0.00    0.00    0.00    18  run-grafana.sh
02:08:10 AM  1000    235149    0.00    0.00    0.00    0.00    0.00    18  run-loki.sh
02:08:10 AM  1000    235152    0.00    0.00    0.00    0.00    0.00    16  run-otelcol.sh
02:08:10 AM  1000    235155    0.00    0.00    0.00    0.00    0.00    18  run-prometheus.
02:08:10 AM  1000    235159    0.00    0.00    0.00    0.00    0.00    16  run-tempo.sh
02:08:10 AM  1000    235161    0.00    0.00    0.00    0.00    0.00    18  run-pyroscope.s
02:08:10 AM  1000    235265    0.00    0.00    0.00    0.00    0.00    18  sleep

02:08:10 AM   UID       PID    %usr %system  %guest   %wait    %CPU   CPU  Command
02:08:11 AM  1000    235147    0.00    0.00    0.00    0.00    0.00    18  run-grafana.sh
02:08:11 AM  1000    235149    0.00    0.00    0.00    0.00    0.00    18  run-loki.sh
02:08:11 AM  1000    235152    0.00    0.00    0.00    0.00    0.00    16  run-otelcol.sh
02:08:11 AM  1000    235155    0.00    0.00    0.00    0.00    0.00    18  run-prometheus.
02:08:11 AM  1000    235159    0.00    0.00    0.00    0.00    0.00    16  run-tempo.sh
02:08:11 AM  1000    235161    0.00    0.00    0.00    0.00    0.00    18  run-pyroscope.s
02:08:11 AM  1000    235265    0.00    0.00    0.00    0.00    0.00    18  sleep

02:08:11 AM   UID       PID    %usr %system  %guest   %wait    %CPU   CPU  Command
02:08:12 AM  1000    235147    0.00    0.00    0.00    0.00    0.00    18  run-grafana.sh
02:08:12 AM  1000    235149    0.00    0.00    0.00    0.00    0.00    18  run-loki.sh
02:08:12 AM  1000    235152    0.00    0.00    0.00    0.00    0.00    16  run-otelcol.sh
02:08:12 AM  1000    235155    0.00    0.00    0.00    0.00    0.00    18  run-prometheus.
02:08:12 AM  1000    235159    0.00    0.00    0.00    0.00    0.00    16  run-tempo.sh
02:08:12 AM  1000    235161    0.00    0.00    0.00    0.00    0.00    18  run-pyroscope.s
02:08:12 AM  1000    235265    0.00    0.00    0.00    0.00    0.00    18  sleep

02:08:12 AM   UID       PID    %usr %system  %guest   %wait    %CPU   CPU  Command
02:08:13 AM  1000    235147    0.00    0.00    0.00    0.00    0.00    18  run-grafana.sh
02:08:13 AM  1000    235149    0.00    0.00    0.00    0.00    0.00    18  run-loki.sh
02:08:13 AM  1000    235152    0.00    0.00    0.00    0.00    0.00    16  run-otelcol.sh
02:08:13 AM  1000    235155    0.00    0.00    0.00    0.00    0.00    18  run-prometheus.
02:08:13 AM  1000    235159    0.00    0.00    0.00    0.00    0.00    16  run-tempo.sh
02:08:13 AM  1000    235161    0.00    0.00    0.00    0.00    0.00    18  run-pyroscope.s
02:08:13 AM  1000    235265    0.00    0.00    0.00    0.00    0.00    18  sleep

02:08:13 AM   UID       PID    %usr %system  %guest   %wait    %CPU   CPU  Command
02:08:14 AM  1000    235147    0.00    0.00    0.00    0.00    0.00    18  run-grafana.sh
02:08:14 AM  1000    235149    0.00    0.00    0.00    0.00    0.00    18  run-loki.sh
02:08:14 AM  1000    235152    0.00    0.00    0.00    0.00    0.00    16  run-otelcol.sh
02:08:14 AM  1000    235155    0.00    0.00    0.00    0.00    0.00    18  run-prometheus.
02:08:14 AM  1000    235159    0.00    0.00    0.00    0.00    0.00    16  run-tempo.sh
02:08:14 AM  1000    235161    0.00    0.00    0.00    0.00    0.00    18  run-pyroscope.s
02:08:14 AM  1000    235265    0.00    0.00    0.00    0.00    0.00    18  sleep

02:08:14 AM   UID       PID    %usr %system  %guest   %wait    %CPU   CPU  Command
02:08:15 AM  1000    235147    0.00    0.00    0.00    0.00    0.00    18  run-grafana.sh
02:08:15 AM  1000    235149    0.00    0.00    0.00    0.00    0.00    18  run-loki.sh
02:08:15 AM  1000    235152    0.00    0.00    0.00    0.00    0.00    16  run-otelcol.sh
02:08:15 AM  1000    235155    0.00    0.00    0.00    0.00    0.00    18  run-prometheus.
02:08:15 AM  1000    235159    0.00    0.00    0.00    0.00    0.00    16  run-tempo.sh
02:08:15 AM  1000    235161    0.00    0.00    0.00    0.00    0.00    18  run-pyroscope.s
02:08:15 AM  1000    235265    0.00    0.00    0.00    0.00    0.00    18  sleep

02:08:15 AM   UID       PID    %usr %system  %guest   %wait    %CPU   CPU  Command
02:08:16 AM  1000    235147    0.00    0.00    0.00    0.00    0.00    18  run-grafana.sh
02:08:16 AM  1000    235149    0.00    0.00    0.00    0.00    0.00    18  run-loki.sh
02:08:16 AM  1000    235152    0.00    0.00    0.00    0.00    0.00    16  run-otelcol.sh
02:08:16 AM  1000    235155    0.00    0.00    0.00    0.00    0.00    18  run-prometheus.
02:08:16 AM  1000    235159    0.00    0.00    0.00    0.00    0.00    16  run-tempo.sh
02:08:16 AM  1000    235161    0.00    0.00    0.00    0.00    0.00    18  run-pyroscope.s
02:08:16 AM  1000    235265    0.00    0.00    0.00    0.00    0.00    18  sleep

02:08:16 AM   UID       PID    %usr %system  %guest   %wait    %CPU   CPU  Command
02:08:17 AM  1000    235147    0.00    0.00    0.00    0.00    0.00    18  run-grafana.sh
02:08:17 AM  1000    235149    0.00    0.00    0.00    0.00    0.00    18  run-loki.sh
02:08:17 AM  1000    235152    0.00    0.00    0.00    0.00    0.00    16  run-otelcol.sh
02:08:17 AM  1000    235155    0.00    0.00    0.00    0.00    0.00    18  run-prometheus.
02:08:17 AM  1000    235159    0.00    0.00    0.00    0.00    0.00    16  run-tempo.sh
02:08:17 AM  1000    235161    0.00    0.00    0.00    0.00    0.00    18  run-pyroscope.s
02:08:17 AM  1000    235265    0.00    0.00    0.00    0.00    0.00    18  sleep

02:08:17 AM   UID       PID    %usr %system  %guest   %wait    %CPU   CPU  Command
02:08:18 AM  1000    235147    0.00    0.00    0.00    0.00    0.00    18  run-grafana.sh
02:08:18 AM  1000    235149    0.00    0.00    0.00    0.00    0.00    18  run-loki.sh
02:08:18 AM  1000    235152    0.00    0.00    0.00    0.00    0.00    16  run-otelcol.sh
02:08:18 AM  1000    235155    0.00    0.00    0.00    0.00    0.00    18  run-prometheus.
02:08:18 AM  1000    235159    0.00    0.00    0.00    0.00    0.00    16  run-tempo.sh
02:08:18 AM  1000    235161    0.00    0.00    0.00    0.00    0.00    18  run-pyroscope.s
02:08:18 AM  1000    235265    0.00    0.00    0.00    0.00    0.00    18  sleep

02:08:18 AM   UID       PID    %usr %system  %guest   %wait    %CPU   CPU  Command
02:08:19 AM  1000    235147    0.00    0.00    0.00    0.00    0.00    18  run-grafana.sh
02:08:19 AM  1000    235149    0.00    0.00    0.00    0.00    0.00    18  run-loki.sh
02:08:19 AM  1000    235152    0.00    0.00    0.00    0.00    0.00    16  run-otelcol.sh
02:08:19 AM  1000    235155    0.00    0.00    0.00    0.00    0.00    18  run-prometheus.
02:08:19 AM  1000    235159    0.00    0.00    0.00    0.00    0.00    16  run-tempo.sh
02:08:19 AM  1000    235161    0.00    0.00    0.00    0.00    0.00    18  run-pyroscope.s
02:08:19 AM  1000    235265    0.00    0.00    0.00    0.00    0.00    18  sleep

02:08:19 AM   UID       PID    %usr %system  %guest   %wait    %CPU   CPU  Command
02:08:20 AM  1000    235147    0.00    0.00    0.00    0.00    0.00    18  run-grafana.sh
02:08:20 AM  1000    235149    0.00    0.00    0.00    0.00    0.00    18  run-loki.sh
02:08:20 AM  1000    235152    0.00    0.00    0.00    0.00    0.00    16  run-otelcol.sh
02:08:20 AM  1000    235155    0.00    0.00    0.00    0.00    0.00    18  run-prometheus.
02:08:20 AM  1000    235159    0.00    0.00    0.00    0.00    0.00    16  run-tempo.sh
02:08:20 AM  1000    235161    0.00    0.00    0.00    0.00    0.00    18  run-pyroscope.s
02:08:20 AM  1000    235265    0.00    0.00    0.00    0.00    0.00    18  sleep

02:08:20 AM   UID       PID    %usr %system  %guest   %wait    %CPU   CPU  Command
02:08:21 AM  1000    235147    0.00    0.00    0.00    0.00    0.00    18  run-grafana.sh
02:08:21 AM  1000    235149    0.00    0.00    0.00    0.00    0.00    18  run-loki.sh
02:08:21 AM  1000    235152    0.00    0.00    0.00    0.00    0.00    16  run-otelcol.sh
02:08:21 AM  1000    235155    0.00    0.00    0.00    0.00    0.00    18  run-prometheus.
02:08:21 AM  1000    235159    0.00    0.00    0.00    0.00    0.00    16  run-tempo.sh
02:08:21 AM  1000    235161    0.00    0.00    0.00    0.00    0.00    18  run-pyroscope.s
02:08:21 AM  1000    235265    0.00    0.00    0.00    0.00    0.00    18  sleep

02:08:21 AM   UID       PID    %usr %system  %guest   %wait    %CPU   CPU  Command
02:08:22 AM  1000    235147    0.00    0.00    0.00    0.00    0.00    18  run-grafana.sh
02:08:22 AM  1000    235149    0.00    0.00    0.00    0.00    0.00    18  run-loki.sh
02:08:22 AM  1000    235152    0.00    0.00    0.00    0.00    0.00    16  run-otelcol.sh
02:08:22 AM  1000    235155    0.00    0.00    0.00    0.00    0.00    18  run-prometheus.
02:08:22 AM  1000    235159    0.00    0.00    0.00    0.00    0.00    16  run-tempo.sh
02:08:22 AM  1000    235161    0.00    0.00    0.00    0.00    0.00    18  run-pyroscope.s
02:08:22 AM  1000    235265    0.00    0.00    0.00    0.00    0.00    18  sleep

02:08:22 AM   UID       PID    %usr %system  %guest   %wait    %CPU   CPU  Command
02:08:23 AM  1000    235147    0.00    0.00    0.00    0.00    0.00    18  run-grafana.sh
02:08:23 AM  1000    235149    0.00    0.00    0.00    0.00    0.00    18  run-loki.sh
02:08:23 AM  1000    235152    0.00    0.00    0.00    0.00    0.00    16  run-otelcol.sh
02:08:23 AM  1000    235155    0.00    0.00    0.00    0.00    0.00    18  run-prometheus.
02:08:23 AM  1000    235159    0.00    0.00    0.00    0.00    0.00    16  run-tempo.sh
02:08:23 AM  1000    235161    0.00    0.00    0.00    0.00    0.00    18  run-pyroscope.s
02:08:23 AM  1000    235265    0.00    0.00    0.00    0.00    0.00    18  sleep

02:08:23 AM   UID       PID    %usr %system  %guest   %wait    %CPU   CPU  Command
02:08:24 AM  1000    235147    0.00    0.00    0.00    0.00    0.00    18  run-grafana.sh
02:08:24 AM  1000    235149    0.00    0.00    0.00    0.00    0.00    18  run-loki.sh
02:08:24 AM  1000    235152    0.00    0.00    0.00    0.00    0.00    16  run-otelcol.sh
02:08:24 AM  1000    235155    0.00    0.00    0.00    0.00    0.00    18  run-prometheus.
02:08:24 AM  1000    235159    0.00    0.00    0.00    0.00    0.00    16  run-tempo.sh
02:08:24 AM  1000    235161    0.00    0.00    0.00    0.00    0.00    18  run-pyroscope.s
02:08:24 AM  1000    235265    0.00    0.00    0.00    0.00    0.00    18  sleep

02:08:24 AM   UID       PID    %usr %system  %guest   %wait    %CPU   CPU  Command
02:08:25 AM  1000    235147    0.00    0.00    0.00    0.00    0.00    18  run-grafana.sh
02:08:25 AM  1000    235149    0.00    0.00    0.00    0.00    0.00    18  run-loki.sh
02:08:25 AM  1000    235152    0.00    0.00    0.00    0.00    0.00    16  run-otelcol.sh
02:08:25 AM  1000    235155    0.00    0.00    0.00    0.00    0.00    18  run-prometheus.
02:08:25 AM  1000    235159    0.00    0.00    0.00    0.00    0.00    16  run-tempo.sh
02:08:25 AM  1000    235161    0.00    0.00    0.00    0.00    0.00    18  run-pyroscope.s
02:08:25 AM  1000    235265    0.00    0.00    0.00    0.00    0.00    18  sleep

02:08:25 AM   UID       PID    %usr %system  %guest   %wait    %CPU   CPU  Command
02:08:26 AM  1000    235147    0.00    0.00    0.00    0.00    0.00    18  run-grafana.sh
02:08:26 AM  1000    235149    0.00    0.00    0.00    0.00    0.00    18  run-loki.sh
02:08:26 AM  1000    235152    0.00    0.00    0.00    0.00    0.00    16  run-otelcol.sh
02:08:26 AM  1000    235155    0.00    0.00    0.00    0.00    0.00    18  run-prometheus.
02:08:26 AM  1000    235159    0.00    0.00    0.00    0.00    0.00    16  run-tempo.sh
02:08:26 AM  1000    235161    0.00    0.00    0.00    0.00    0.00    18  run-pyroscope.s
02:08:26 AM  1000    235265    0.00    0.00    0.00    0.00    0.00    18  sleep

02:08:26 AM   UID       PID    %usr %system  %guest   %wait    %CPU   CPU  Command
02:08:27 AM  1000    235147    0.00    0.00    0.00    0.00    0.00    18  run-grafana.sh
02:08:27 AM  1000    235149    0.00    0.00    0.00    0.00    0.00    18  run-loki.sh
02:08:27 AM  1000    235152    0.00    0.00    0.00    0.00    0.00    16  run-otelcol.sh
02:08:27 AM  1000    235155    0.00    0.00    0.00    0.00    0.00    18  run-prometheus.
02:08:27 AM  1000    235159    0.00    0.00    0.00    0.00    0.00    16  run-tempo.sh
02:08:27 AM  1000    235161    0.00    0.00    0.00    0.00    0.00    18  run-pyroscope.s
02:08:27 AM  1000    235265    0.00    0.00    0.00    0.00    0.00    18  sleep

02:08:27 AM   UID       PID    %usr %system  %guest   %wait    %CPU   CPU  Command
02:08:28 AM  1000    235147    0.00    0.00    0.00    0.00    0.00    18  run-grafana.sh
02:08:28 AM  1000    235149    0.00    0.00    0.00    0.00    0.00    18  run-loki.sh
02:08:28 AM  1000    235152    0.00    0.00    0.00    0.00    0.00    16  run-otelcol.sh
02:08:28 AM  1000    235155    0.00    0.00    0.00    0.00    0.00    18  run-prometheus.
02:08:28 AM  1000    235159    0.00    0.00    0.00    0.00    0.00    16  run-tempo.sh
02:08:28 AM  1000    235161    0.00    0.00    0.00    0.00    0.00    18  run-pyroscope.s
02:08:28 AM  1000    235265    0.00    0.00    0.00    0.00    0.00    18  sleep

02:08:28 AM   UID       PID    %usr %system  %guest   %wait    %CPU   CPU  Command
02:08:29 AM  1000    235147    0.00    0.00    0.00    0.00    0.00    18  run-grafana.sh
02:08:29 AM  1000    235149    0.00    0.00    0.00    0.00    0.00    18  run-loki.sh
02:08:29 AM  1000    235152    0.00    0.00    0.00    0.00    0.00    16  run-otelcol.sh
02:08:29 AM  1000    235155    0.00    0.00    0.00    0.00    0.00    18  run-prometheus.
02:08:29 AM  1000    235159    0.00    0.00    0.00    0.00    0.00    16  run-tempo.sh
02:08:29 AM  1000    235161    0.00    0.00    0.00    0.00    0.00    18  run-pyroscope.s
02:08:29 AM  1000    235265    0.00    0.00    0.00    0.00    0.00    18  sleep

02:08:29 AM   UID       PID    %usr %system  %guest   %wait    %CPU   CPU  Command
02:08:30 AM  1000    235147    0.00    0.00    0.00    0.00    0.00    18  run-grafana.sh
02:08:30 AM  1000    235149    0.00    0.00    0.00    0.00    0.00    18  run-loki.sh
02:08:30 AM  1000    235152    0.00    0.00    0.00    0.00    0.00    16  run-otelcol.sh
02:08:30 AM  1000    235155    0.00    0.00    0.00    0.00    0.00    18  run-prometheus.
02:08:30 AM  1000    235159    0.00    0.00    0.00    0.00    0.00    16  run-tempo.sh
02:08:30 AM  1000    235161    0.00    0.00    0.00    0.00    0.00    18  run-pyroscope.s
02:08:30 AM  1000    235265    0.00    0.00    0.00    0.00    0.00    18  sleep

02:08:30 AM   UID       PID    %usr %system  %guest   %wait    %CPU   CPU  Command
02:08:31 AM  1000    235147    0.00    0.00    0.00    0.00    0.00    18  run-grafana.sh
02:08:31 AM  1000    235149    0.00    0.00    0.00    0.00    0.00    18  run-loki.sh
02:08:31 AM  1000    235152    0.00    0.00    0.00    0.00    0.00    16  run-otelcol.sh
02:08:31 AM  1000    235155    0.00    0.00    0.00    0.00    0.00    18  run-prometheus.
02:08:31 AM  1000    235159    0.00    0.00    0.00    0.00    0.00    16  run-tempo.sh
02:08:31 AM  1000    235161    0.00    0.00    0.00    0.00    0.00    18  run-pyroscope.s
02:08:31 AM  1000    235265    0.00    0.00    0.00    0.00    0.00    18  sleep

02:08:31 AM   UID       PID    %usr %system  %guest   %wait    %CPU   CPU  Command
02:08:32 AM  1000    235147    0.00    0.00    0.00    0.00    0.00    18  run-grafana.sh
02:08:32 AM  1000    235149    0.00    0.00    0.00    0.00    0.00    18  run-loki.sh
02:08:32 AM  1000    235152    0.00    0.00    0.00    0.00    0.00    16  run-otelcol.sh
02:08:32 AM  1000    235155    0.00    0.00    0.00    0.00    0.00    18  run-prometheus.
02:08:32 AM  1000    235159    0.00    0.00    0.00    0.00    0.00    16  run-tempo.sh
02:08:32 AM  1000    235161    0.00    0.00    0.00    0.00    0.00    18  run-pyroscope.s
02:08:32 AM  1000    235265    0.00    0.00    0.00    0.00    0.00    18  sleep

02:08:32 AM   UID       PID    %usr %system  %guest   %wait    %CPU   CPU  Command
02:08:33 AM  1000    235147    0.00    0.00    0.00    0.00    0.00    18  run-grafana.sh
02:08:33 AM  1000    235149    0.00    0.00    0.00    0.00    0.00    18  run-loki.sh
02:08:33 AM  1000    235152    0.00    0.00    0.00    0.00    0.00    16  run-otelcol.sh
02:08:33 AM  1000    235155    0.00    0.00    0.00    0.00    0.00    18  run-prometheus.
02:08:33 AM  1000    235159    0.00    0.00    0.00    0.00    0.00    16  run-tempo.sh
02:08:33 AM  1000    235161    0.00    0.00    0.00    0.00    0.00    18  run-pyroscope.s
02:08:33 AM  1000    235265    0.00    0.00    0.00    0.00    0.00    18  sleep

02:08:33 AM   UID       PID    %usr %system  %guest   %wait    %CPU   CPU  Command
02:08:34 AM  1000    235147    0.00    0.00    0.00    0.00    0.00    18  run-grafana.sh
02:08:34 AM  1000    235149    0.00    0.00    0.00    0.00    0.00    18  run-loki.sh
02:08:34 AM  1000    235152    0.00    0.00    0.00    0.00    0.00    16  run-otelcol.sh
02:08:34 AM  1000    235155    0.00    0.00    0.00    0.00    0.00    18  run-prometheus.
02:08:34 AM  1000    235159    0.00    0.00    0.00    0.00    0.00    16  run-tempo.sh
02:08:34 AM  1000    235161    0.00    0.00    0.00    0.00    0.00    18  run-pyroscope.s
02:08:34 AM  1000    235265    0.00    0.00    0.00    0.00    0.00    18  sleep

02:08:34 AM   UID       PID    %usr %system  %guest   %wait    %CPU   CPU  Command
02:08:35 AM  1000    235147    0.00    0.00    0.00    0.00    0.00    18  run-grafana.sh
02:08:35 AM  1000    235149    0.00    0.00    0.00    0.00    0.00    18  run-loki.sh
02:08:35 AM  1000    235152    0.00    0.00    0.00    0.00    0.00    16  run-otelcol.sh
02:08:35 AM  1000    235155    0.00    0.00    0.00    0.00    0.00    18  run-prometheus.
02:08:35 AM  1000    235159    0.00    0.00    0.00    0.00    0.00    16  run-tempo.sh
02:08:35 AM  1000    235161    0.00    0.00    0.00    0.00    0.00    18  run-pyroscope.s
02:08:35 AM  1000    235265    0.00    0.00    0.00    0.00    0.00    18  sleep

02:08:35 AM   UID       PID    %usr %system  %guest   %wait    %CPU   CPU  Command
02:08:36 AM  1000    235147    0.00    0.00    0.00    0.00    0.00    18  run-grafana.sh
02:08:36 AM  1000    235149    0.00    0.00    0.00    0.00    0.00    18  run-loki.sh
02:08:36 AM  1000    235152    0.00    0.00    0.00    0.00    0.00    16  run-otelcol.sh
02:08:36 AM  1000    235155    0.00    0.00    0.00    0.00    0.00    18  run-prometheus.
02:08:36 AM  1000    235159    0.00    0.00    0.00    0.00    0.00    16  run-tempo.sh
02:08:36 AM  1000    235161    0.00    0.00    0.00    0.00    0.00    18  run-pyroscope.s
02:08:36 AM  1000    235265    0.00    0.00    0.00    0.00    0.00    18  sleep

02:08:36 AM   UID       PID    %usr %system  %guest   %wait    %CPU   CPU  Command
02:08:37 AM  1000    235147    0.00    0.00    0.00    0.00    0.00    18  run-grafana.sh
02:08:37 AM  1000    235149    0.00    0.00    0.00    0.00    0.00    18  run-loki.sh
02:08:37 AM  1000    235152    0.00    0.00    0.00    0.00    0.00    16  run-otelcol.sh
02:08:37 AM  1000    235155    0.00    0.00    0.00    0.00    0.00    18  run-prometheus.
02:08:37 AM  1000    235159    0.00    0.00    0.00    0.00    0.00    16  run-tempo.sh
02:08:37 AM  1000    235161    0.00    0.00    0.00    0.00    0.00    18  run-pyroscope.s
02:08:37 AM  1000    235265    0.00    0.00    0.00    0.00    0.00    18  sleep

02:08:37 AM   UID       PID    %usr %system  %guest   %wait    %CPU   CPU  Command
02:08:38 AM  1000    235147    0.00    0.00    0.00    0.00    0.00    18  run-grafana.sh
02:08:38 AM  1000    235149    0.00    0.00    0.00    0.00    0.00    18  run-loki.sh
02:08:38 AM  1000    235152    0.00    0.00    0.00    0.00    0.00    16  run-otelcol.sh
02:08:38 AM  1000    235155    0.00    0.00    0.00    0.00    0.00    18  run-prometheus.
02:08:38 AM  1000    235159    0.00    0.00    0.00    0.00    0.00    16  run-tempo.sh
02:08:38 AM  1000    235161    0.00    0.00    0.00    0.00    0.00    18  run-pyroscope.s
02:08:38 AM  1000    235265    0.00    0.00    0.00    0.00    0.00    18  sleep

02:08:38 AM   UID       PID    %usr %system  %guest   %wait    %CPU   CPU  Command
02:08:39 AM  1000    235147    0.00    0.00    0.00    0.00    0.00    18  run-grafana.sh
02:08:39 AM  1000    235149    0.00    0.00    0.00    0.00    0.00    18  run-loki.sh
02:08:39 AM  1000    235152    0.00    0.00    0.00    0.00    0.00    16  run-otelcol.sh
02:08:39 AM  1000    235155    0.00    0.00    0.00    0.00    0.00    18  run-prometheus.
02:08:39 AM  1000    235159    0.00    0.00    0.00    0.00    0.00    16  run-tempo.sh
02:08:39 AM  1000    235161    0.00    0.00    0.00    0.00    0.00    18  run-pyroscope.s
02:08:39 AM  1000    235265    0.00    0.00    0.00    0.00    0.00    18  sleep

02:08:39 AM   UID       PID    %usr %system  %guest   %wait    %CPU   CPU  Command
02:08:40 AM  1000    235147    0.00    0.00    0.00    0.00    0.00    18  run-grafana.sh
02:08:40 AM  1000    235149    0.00    0.00    0.00    0.00    0.00    18  run-loki.sh
02:08:40 AM  1000    235152    0.00    0.00    0.00    0.00    0.00    16  run-otelcol.sh
02:08:40 AM  1000    235155    0.00    0.00    0.00    0.00    0.00    18  run-prometheus.
02:08:40 AM  1000    235159    0.00    0.00    0.00    0.00    0.00    16  run-tempo.sh
02:08:40 AM  1000    235161    0.00    0.00    0.00    0.00    0.00    18  run-pyroscope.s
02:08:40 AM  1000    235265    0.00    0.00    0.00    0.00    0.00    18  sleep

02:08:40 AM   UID       PID    %usr %system  %guest   %wait    %CPU   CPU  Command
02:08:41 AM  1000    235147    0.00    0.00    0.00    0.00    0.00    18  run-grafana.sh
02:08:41 AM  1000    235149    0.00    0.00    0.00    0.00    0.00    18  run-loki.sh
02:08:41 AM  1000    235152    0.00    0.00    0.00    0.00    0.00    16  run-otelcol.sh
02:08:41 AM  1000    235155    0.00    0.00    0.00    0.00    0.00    18  run-prometheus.
02:08:41 AM  1000    235159    0.00    0.00    0.00    0.00    0.00    16  run-tempo.sh
02:08:41 AM  1000    235161    0.00    0.00    0.00    0.00    0.00    18  run-pyroscope.s
02:08:41 AM  1000    235265    0.00    0.00    0.00    0.00    0.00    18  sleep

02:08:41 AM   UID       PID    %usr %system  %guest   %wait    %CPU   CPU  Command
02:08:42 AM  1000    235147    0.00    0.00    0.00    0.00    0.00    18  run-grafana.sh
02:08:42 AM  1000    235149    0.00    0.00    0.00    0.00    0.00    18  run-loki.sh
02:08:42 AM  1000    235152    0.00    0.00    0.00    0.00    0.00    16  run-otelcol.sh
02:08:42 AM  1000    235155    0.00    0.00    0.00    0.00    0.00    18  run-prometheus.
02:08:42 AM  1000    235159    0.00    0.00    0.00    0.00    0.00    16  run-tempo.sh
02:08:42 AM  1000    235161    0.00    0.00    0.00    0.00    0.00    18  run-pyroscope.s
02:08:42 AM  1000    235265    0.00    0.00    0.00    0.00    0.00    18  sleep

02:08:42 AM   UID       PID    %usr %system  %guest   %wait    %CPU   CPU  Command
02:08:43 AM  1000    235147    0.00    0.00    0.00    0.00    0.00    18  run-grafana.sh
02:08:43 AM  1000    235149    0.00    0.00    0.00    0.00    0.00    18  run-loki.sh
02:08:43 AM  1000    235152    0.00    0.00    0.00    0.00    0.00    16  run-otelcol.sh
02:08:43 AM  1000    235155    0.00    0.00    0.00    0.00    0.00    18  run-prometheus.
02:08:43 AM  1000    235159    0.00    0.00    0.00    0.00    0.00    16  run-tempo.sh
02:08:43 AM  1000    235161    0.00    0.00    0.00    0.00    0.00    18  run-pyroscope.s
02:08:43 AM  1000    235265    0.00    0.00    0.00    0.00    0.00    18  sleep

02:08:43 AM   UID       PID    %usr %system  %guest   %wait    %CPU   CPU  Command
02:08:44 AM  1000    235147    0.00    0.00    0.00    0.00    0.00    18  run-grafana.sh
02:08:44 AM  1000    235149    0.00    0.00    0.00    0.00    0.00    18  run-loki.sh
02:08:44 AM  1000    235152    0.00    0.00    0.00    0.00    0.00    16  run-otelcol.sh
02:08:44 AM  1000    235155    0.00    0.00    0.00    0.00    0.00    18  run-prometheus.
02:08:44 AM  1000    235159    0.00    0.00    0.00    0.00    0.00    16  run-tempo.sh
02:08:44 AM  1000    235161    0.00    0.00    0.00    0.00    0.00    18  run-pyroscope.s
02:08:44 AM  1000    235265    0.00    0.00    0.00    0.00    0.00    18  sleep

02:08:44 AM   UID       PID    %usr %system  %guest   %wait    %CPU   CPU  Command
02:08:45 AM  1000    235147    0.00    0.00    0.00    0.00    0.00    18  run-grafana.sh
02:08:45 AM  1000    235149    0.00    0.00    0.00    0.00    0.00    18  run-loki.sh
02:08:45 AM  1000    235152    0.00    0.00    0.00    0.00    0.00    16  run-otelcol.sh
02:08:45 AM  1000    235155    0.00    0.00    0.00    0.00    0.00    18  run-prometheus.
02:08:45 AM  1000    235159    0.00    0.00    0.00    0.00    0.00    16  run-tempo.sh
02:08:45 AM  1000    235161    0.00    0.00    0.00    0.00    0.00    18  run-pyroscope.s
02:08:45 AM  1000    235265    0.00    0.00    0.00    0.00    0.00    18  sleep

02:08:45 AM   UID       PID    %usr %system  %guest   %wait    %CPU   CPU  Command
02:08:46 AM  1000    235147    0.00    0.00    0.00    0.00    0.00    18  run-grafana.sh
02:08:46 AM  1000    235149    0.00    0.00    0.00    0.00    0.00    18  run-loki.sh
02:08:46 AM  1000    235152    0.00    0.00    0.00    0.00    0.00    16  run-otelcol.sh
02:08:46 AM  1000    235155    0.00    0.00    0.00    0.00    0.00    18  run-prometheus.
02:08:46 AM  1000    235159    0.00    0.00    0.00    0.00    0.00    16  run-tempo.sh
02:08:46 AM  1000    235161    0.00    0.00    0.00    0.00    0.00    18  run-pyroscope.s
02:08:46 AM  1000    235265    0.00    0.00    0.00    0.00    0.00    18  sleep

02:08:46 AM   UID       PID    %usr %system  %guest   %wait    %CPU   CPU  Command
02:08:47 AM  1000    235147    0.00    0.00    0.00    0.00    0.00    18  run-grafana.sh
02:08:47 AM  1000    235149    0.00    0.00    0.00    0.00    0.00    18  run-loki.sh
02:08:47 AM  1000    235152    0.00    0.00    0.00    0.00    0.00    16  run-otelcol.sh
02:08:47 AM  1000    235155    0.00    0.00    0.00    0.00    0.00    18  run-prometheus.
02:08:47 AM  1000    235159    0.00    0.00    0.00    0.00    0.00    16  run-tempo.sh
02:08:47 AM  1000    235161    0.00    0.00    0.00    0.00    0.00    18  run-pyroscope.s
02:08:47 AM  1000    235265    0.00    0.00    0.00    0.00    0.00    18  sleep

02:08:47 AM   UID       PID    %usr %system  %guest   %wait    %CPU   CPU  Command
02:08:48 AM  1000    235147    0.00    0.00    0.00    0.00    0.00    18  run-grafana.sh
02:08:48 AM  1000    235149    0.00    0.00    0.00    0.00    0.00    18  run-loki.sh
02:08:48 AM  1000    235152    0.00    0.00    0.00    0.00    0.00    16  run-otelcol.sh
02:08:48 AM  1000    235155    0.00    0.00    0.00    0.00    0.00    18  run-prometheus.
02:08:48 AM  1000    235159    0.00    0.00    0.00    0.00    0.00    16  run-tempo.sh
02:08:48 AM  1000    235161    0.00    0.00    0.00    0.00    0.00    18  run-pyroscope.s
02:08:48 AM  1000    235265    0.00    0.00    0.00    0.00    0.00    18  sleep

02:08:48 AM   UID       PID    %usr %system  %guest   %wait    %CPU   CPU  Command
02:08:49 AM  1000    235147    0.00    0.00    0.00    0.00    0.00    18  run-grafana.sh
02:08:49 AM  1000    235149    0.00    0.00    0.00    0.00    0.00    18  run-loki.sh
02:08:49 AM  1000    235152    0.00    0.00    0.00    0.00    0.00    16  run-otelcol.sh
02:08:49 AM  1000    235155    0.00    0.00    0.00    0.00    0.00    18  run-prometheus.
02:08:49 AM  1000    235159    0.00    0.00    0.00    0.00    0.00    16  run-tempo.sh
02:08:49 AM  1000    235161    0.00    0.00    0.00    0.00    0.00    18  run-pyroscope.s
02:08:49 AM  1000    235265    0.00    0.00    0.00    0.00    0.00    18  sleep

02:08:49 AM   UID       PID    %usr %system  %guest   %wait    %CPU   CPU  Command
02:08:50 AM  1000    235147    0.00    0.00    0.00    0.00    0.00    18  run-grafana.sh
02:08:50 AM  1000    235149    0.00    0.00    0.00    0.00    0.00    18  run-loki.sh
02:08:50 AM  1000    235152    0.00    0.00    0.00    0.00    0.00    16  run-otelcol.sh
02:08:50 AM  1000    235155    0.00    0.00    0.00    0.00    0.00    18  run-prometheus.
02:08:50 AM  1000    235159    0.00    0.00    0.00    0.00    0.00    16  run-tempo.sh
02:08:50 AM  1000    235161    0.00    0.00    0.00    0.00    0.00    18  run-pyroscope.s
02:08:50 AM  1000    235265    0.00    0.00    0.00    0.00    0.00    18  sleep

02:08:50 AM   UID       PID    %usr %system  %guest   %wait    %CPU   CPU  Command
02:08:51 AM  1000    235147    0.00    0.00    0.00    0.00    0.00    18  run-grafana.sh
02:08:51 AM  1000    235149    0.00    0.00    0.00    0.00    0.00    18  run-loki.sh
02:08:51 AM  1000    235152    0.00    0.00    0.00    0.00    0.00    16  run-otelcol.sh
02:08:51 AM  1000    235155    0.00    0.00    0.00    0.00    0.00    18  run-prometheus.
02:08:51 AM  1000    235159    0.00    0.00    0.00    0.00    0.00    16  run-tempo.sh
02:08:51 AM  1000    235161    0.00    0.00    0.00    0.00    0.00    18  run-pyroscope.s
02:08:51 AM  1000    235265    0.00    0.00    0.00    0.00    0.00    18  sleep

02:08:51 AM   UID       PID    %usr %system  %guest   %wait    %CPU   CPU  Command
02:08:52 AM  1000    235147    0.00    0.00    0.00    0.00    0.00    18  run-grafana.sh
02:08:52 AM  1000    235149    0.00    0.00    0.00    0.00    0.00    18  run-loki.sh
02:08:52 AM  1000    235152    0.00    0.00    0.00    0.00    0.00    16  run-otelcol.sh
02:08:52 AM  1000    235155    0.00    0.00    0.00    0.00    0.00    18  run-prometheus.
02:08:52 AM  1000    235159    0.00    0.00    0.00    0.00    0.00    16  run-tempo.sh
02:08:52 AM  1000    235161    0.00    0.00    0.00    0.00    0.00    18  run-pyroscope.s
02:08:52 AM  1000    235265    0.00    0.00    0.00    0.00    0.00    18  sleep

02:08:52 AM   UID       PID    %usr %system  %guest   %wait    %CPU   CPU  Command
02:08:53 AM  1000    235147    0.00    0.00    0.00    0.00    0.00    18  run-grafana.sh
02:08:53 AM  1000    235149    0.00    0.00    0.00    0.00    0.00    18  run-loki.sh
02:08:53 AM  1000    235152    0.00    0.00    0.00    0.00    0.00    16  run-otelcol.sh
02:08:53 AM  1000    235155    0.00    0.00    0.00    0.00    0.00    18  run-prometheus.
02:08:53 AM  1000    235159    0.00    0.00    0.00    0.00    0.00    16  run-tempo.sh
02:08:53 AM  1000    235161    0.00    0.00    0.00    0.00    0.00    18  run-pyroscope.s
02:08:53 AM  1000    235265    0.00    0.00    0.00    0.00    0.00    18  sleep

02:08:53 AM   UID       PID    %usr %system  %guest   %wait    %CPU   CPU  Command
02:08:54 AM  1000    235147    0.00    0.00    0.00    0.00    0.00    18  run-grafana.sh
02:08:54 AM  1000    235149    0.00    0.00    0.00    0.00    0.00    18  run-loki.sh
02:08:54 AM  1000    235152    0.00    0.00    0.00    0.00    0.00    16  run-otelcol.sh
02:08:54 AM  1000    235155    0.00    0.00    0.00    0.00    0.00    18  run-prometheus.
02:08:54 AM  1000    235159    0.00    0.00    0.00    0.00    0.00    16  run-tempo.sh
02:08:54 AM  1000    235161    0.00    0.00    0.00    0.00    0.00    18  run-pyroscope.s
02:08:54 AM  1000    235265    0.00    0.00    0.00    0.00    0.00    18  sleep

02:08:54 AM   UID       PID    %usr %system  %guest   %wait    %CPU   CPU  Command
02:08:55 AM  1000    235147    0.00    0.00    0.00    0.00    0.00    18  run-grafana.sh
02:08:55 AM  1000    235149    0.00    0.00    0.00    0.00    0.00    18  run-loki.sh
02:08:55 AM  1000    235152    0.00    0.00    0.00    0.00    0.00    16  run-otelcol.sh
02:08:55 AM  1000    235155    0.00    0.00    0.00    0.00    0.00    18  run-prometheus.
02:08:55 AM  1000    235159    0.00    0.00    0.00    0.00    0.00    16  run-tempo.sh
02:08:55 AM  1000    235161    0.00    0.00    0.00    0.00    0.00    18  run-pyroscope.s
02:08:55 AM  1000    235265    0.00    0.00    0.00    0.00    0.00    18  sleep

02:08:55 AM   UID       PID    %usr %system  %guest   %wait    %CPU   CPU  Command
02:08:56 AM  1000    235147    0.00    0.00    0.00    0.00    0.00    18  run-grafana.sh
02:08:56 AM  1000    235149    0.00    0.00    0.00    0.00    0.00    18  run-loki.sh
02:08:56 AM  1000    235152    0.00    0.00    0.00    0.00    0.00    16  run-otelcol.sh
02:08:56 AM  1000    235155    0.00    0.00    0.00    0.00    0.00    18  run-prometheus.
02:08:56 AM  1000    235159    0.00    0.00    0.00    0.00    0.00    16  run-tempo.sh
02:08:56 AM  1000    235161    0.00    0.00    0.00    0.00    0.00    18  run-pyroscope.s
02:08:56 AM  1000    235265    0.00    0.00    0.00    0.00    0.00    18  sleep

02:08:56 AM   UID       PID    %usr %system  %guest   %wait    %CPU   CPU  Command
02:08:57 AM  1000    235147    0.00    0.00    0.00    0.00    0.00    18  run-grafana.sh
02:08:57 AM  1000    235149    0.00    0.00    0.00    0.00    0.00    18  run-loki.sh
02:08:57 AM  1000    235152    0.00    0.00    0.00    0.00    0.00    16  run-otelcol.sh
02:08:57 AM  1000    235155    0.00    0.00    0.00    0.00    0.00    18  run-prometheus.
02:08:57 AM  1000    235159    0.00    0.00    0.00    0.00    0.00    16  run-tempo.sh
02:08:57 AM  1000    235161    0.00    0.00    0.00    0.00    0.00    18  run-pyroscope.s
02:08:57 AM  1000    235265    0.00    0.00    0.00    0.00    0.00    18  sleep

02:08:57 AM   UID       PID    %usr %system  %guest   %wait    %CPU   CPU  Command
02:08:58 AM  1000    235147    0.00    0.00    0.00    0.00    0.00    18  run-grafana.sh
02:08:58 AM  1000    235149    0.00    0.00    0.00    0.00    0.00    18  run-loki.sh
02:08:58 AM  1000    235152    0.00    0.00    0.00    0.00    0.00    16  run-otelcol.sh
02:08:58 AM  1000    235155    0.00    0.00    0.00    0.00    0.00    18  run-prometheus.
02:08:58 AM  1000    235159    0.00    0.00    0.00    0.00    0.00    16  run-tempo.sh
02:08:58 AM  1000    235161    0.00    0.00    0.00    0.00    0.00    18  run-pyroscope.s
02:08:58 AM  1000    235265    0.00    0.00    0.00    0.00    0.00    18  sleep

02:08:58 AM   UID       PID    %usr %system  %guest   %wait    %CPU   CPU  Command
02:08:59 AM  1000    235147    0.00    0.00    0.00    0.00    0.00    18  run-grafana.sh
02:08:59 AM  1000    235149    0.00    0.00    0.00    0.00    0.00    18  run-loki.sh
02:08:59 AM  1000    235152    0.00    0.00    0.00    0.00    0.00    16  run-otelcol.sh
02:08:59 AM  1000    235155    0.00    0.00    0.00    0.00    0.00    18  run-prometheus.
02:08:59 AM  1000    235159    0.00    0.00    0.00    0.00    0.00    16  run-tempo.sh
02:08:59 AM  1000    235161    0.00    0.00    0.00    0.00    0.00    18  run-pyroscope.s
02:08:59 AM  1000    235265    0.00    0.00    0.00    0.00    0.00    18  sleep

02:08:59 AM   UID       PID    %usr %system  %guest   %wait    %CPU   CPU  Command
02:09:00 AM  1000    235147    0.00    0.00    0.00    0.00    0.00    18  run-grafana.sh
02:09:00 AM  1000    235149    0.00    0.00    0.00    0.00    0.00    18  run-loki.sh
02:09:00 AM  1000    235152    0.00    0.00    0.00    0.00    0.00    16  run-otelcol.sh
02:09:00 AM  1000    235155    0.00    0.00    0.00    0.00    0.00    18  run-prometheus.
02:09:00 AM  1000    235159    0.00    0.00    0.00    0.00    0.00    16  run-tempo.sh
02:09:00 AM  1000    235161    0.00    0.00    0.00    0.00    0.00    18  run-pyroscope.s
02:09:00 AM  1000    235265    0.00    0.00    0.00    0.00    0.00    18  sleep

02:09:00 AM   UID       PID    %usr %system  %guest   %wait    %CPU   CPU  Command
02:09:01 AM  1000    235147    0.00    0.00    0.00    0.00    0.00    18  run-grafana.sh
02:09:01 AM  1000    235149    0.00    0.00    0.00    0.00    0.00    18  run-loki.sh
02:09:01 AM  1000    235152    0.00    0.00    0.00    0.00    0.00    16  run-otelcol.sh
02:09:01 AM  1000    235155    0.00    0.00    0.00    0.00    0.00    18  run-prometheus.
02:09:01 AM  1000    235159    0.00    0.00    0.00    0.00    0.00    16  run-tempo.sh
02:09:01 AM  1000    235161    0.00    0.00    0.00    0.00    0.00    18  run-pyroscope.s
02:09:01 AM  1000    235265    0.00    0.00    0.00    0.00    0.00    18  sleep

02:09:01 AM   UID       PID    %usr %system  %guest   %wait    %CPU   CPU  Command
02:09:02 AM  1000    235147    0.00    0.00    0.00    0.00    0.00    18  run-grafana.sh
02:09:02 AM  1000    235149    0.00    0.00    0.00    0.00    0.00    18  run-loki.sh
02:09:02 AM  1000    235152    0.00    0.00    0.00    0.00    0.00    16  run-otelcol.sh
02:09:02 AM  1000    235155    0.00    0.00    0.00    0.00    0.00    18  run-prometheus.
02:09:02 AM  1000    235159    0.00    0.00    0.00    0.00    0.00    16  run-tempo.sh
02:09:02 AM  1000    235161    0.00    0.00    0.00    0.00    0.00    18  run-pyroscope.s
02:09:02 AM  1000    235265    0.00    0.00    0.00    0.00    0.00    18  sleep

02:09:02 AM   UID       PID    %usr %system  %guest   %wait    %CPU   CPU  Command
02:09:03 AM  1000    235147    0.00    0.00    0.00    0.00    0.00    18  run-grafana.sh
02:09:03 AM  1000    235149    0.00    0.00    0.00    0.00    0.00    18  run-loki.sh
02:09:03 AM  1000    235152    0.00    0.00    0.00    0.00    0.00    16  run-otelcol.sh
02:09:03 AM  1000    235155    0.00    0.00    0.00    0.00    0.00    18  run-prometheus.
02:09:03 AM  1000    235159    0.00    0.00    0.00    0.00    0.00    16  run-tempo.sh
02:09:03 AM  1000    235161    0.00    0.00    0.00    0.00    0.00    18  run-pyroscope.s
02:09:03 AM  1000    235265    0.00    0.00    0.00    0.00    0.00    18  sleep

02:09:03 AM   UID       PID    %usr %system  %guest   %wait    %CPU   CPU  Command
02:09:04 AM  1000    235147    0.00    0.00    0.00    0.00    0.00    18  run-grafana.sh
02:09:04 AM  1000    235149    0.00    0.00    0.00    0.00    0.00    18  run-loki.sh
02:09:04 AM  1000    235152    0.00    0.00    0.00    0.00    0.00    16  run-otelcol.sh
02:09:04 AM  1000    235155    0.00    0.00    0.00    0.00    0.00    18  run-prometheus.
02:09:04 AM  1000    235159    0.00    0.00    0.00    0.00    0.00    16  run-tempo.sh
02:09:04 AM  1000    235161    0.00    0.00    0.00    0.00    0.00    18  run-pyroscope.s
02:09:04 AM  1000    235265    0.00    0.00    0.00    0.00    0.00    18  sleep

02:09:04 AM   UID       PID    %usr %system  %guest   %wait    %CPU   CPU  Command
02:09:05 AM  1000    235147    0.00    0.00    0.00    0.00    0.00    18  run-grafana.sh
02:09:05 AM  1000    235149    0.00    0.00    0.00    0.00    0.00    18  run-loki.sh
02:09:05 AM  1000    235152    0.00    0.00    0.00    0.00    0.00    16  run-otelcol.sh
02:09:05 AM  1000    235155    0.00    0.00    0.00    0.00    0.00    18  run-prometheus.
02:09:05 AM  1000    235159    0.00    0.00    0.00    0.00    0.00    16  run-tempo.sh
02:09:05 AM  1000    235161    0.00    0.00    0.00    0.00    0.00    18  run-pyroscope.s
02:09:05 AM  1000    235265    0.00    0.00    0.00    0.00    0.00    18  sleep

02:09:05 AM   UID       PID    %usr %system  %guest   %wait    %CPU   CPU  Command
02:09:06 AM  1000    235147    0.00    0.00    0.00    0.00    0.00    18  run-grafana.sh
02:09:06 AM  1000    235149    0.00    0.00    0.00    0.00    0.00    18  run-loki.sh
02:09:06 AM  1000    235152    0.00    0.00    0.00    0.00    0.00    16  run-otelcol.sh
02:09:06 AM  1000    235155    0.00    0.00    0.00    0.00    0.00    18  run-prometheus.
02:09:06 AM  1000    235159    0.00    0.00    0.00    0.00    0.00    16  run-tempo.sh
02:09:06 AM  1000    235161    0.00    0.00    0.00    0.00    0.00    18  run-pyroscope.s
02:09:06 AM  1000    235265    0.00    0.00    0.00    0.00    0.00    18  sleep

02:09:06 AM   UID       PID    %usr %system  %guest   %wait    %CPU   CPU  Command
02:09:07 AM  1000    235147    0.00    0.00    0.00    0.00    0.00    18  run-grafana.sh
02:09:07 AM  1000    235149    0.00    0.00    0.00    0.00    0.00    18  run-loki.sh
02:09:07 AM  1000    235152    0.00    0.00    0.00    0.00    0.00    16  run-otelcol.sh
02:09:07 AM  1000    235155    0.00    0.00    0.00    0.00    0.00    18  run-prometheus.
02:09:07 AM  1000    235159    0.00    0.00    0.00    0.00    0.00    16  run-tempo.sh
02:09:07 AM  1000    235161    0.00    0.00    0.00    0.00    0.00    18  run-pyroscope.s
02:09:07 AM  1000    235265    0.00    0.00    0.00    0.00    0.00    18  sleep

02:09:07 AM   UID       PID    %usr %system  %guest   %wait    %CPU   CPU  Command
02:09:08 AM  1000    235147    0.00    0.00    0.00    0.00    0.00    18  run-grafana.sh
02:09:08 AM  1000    235149    0.00    0.00    0.00    0.00    0.00    18  run-loki.sh
02:09:08 AM  1000    235152    0.00    0.00    0.00    0.00    0.00    16  run-otelcol.sh
02:09:08 AM  1000    235155    0.00    0.00    0.00    0.00    0.00    18  run-prometheus.
02:09:08 AM  1000    235159    0.00    0.00    0.00    0.00    0.00    16  run-tempo.sh
02:09:08 AM  1000    235161    0.00    0.00    0.00    0.00    0.00    18  run-pyroscope.s
02:09:08 AM  1000    235265    0.00    0.00    0.00    0.00    0.00    18  sleep

02:09:08 AM   UID       PID    %usr %system  %guest   %wait    %CPU   CPU  Command
02:09:09 AM  1000    235147    0.00    0.00    0.00    0.00    0.00    18  run-grafana.sh
02:09:09 AM  1000    235149    0.00    0.00    0.00    0.00    0.00    18  run-loki.sh
02:09:09 AM  1000    235152    0.00    0.00    0.00    0.00    0.00    16  run-otelcol.sh
02:09:09 AM  1000    235155    0.00    0.00    0.00    0.00    0.00    18  run-prometheus.
02:09:09 AM  1000    235159    0.00    0.00    0.00    0.00    0.00    16  run-tempo.sh
02:09:09 AM  1000    235161    0.00    0.00    0.00    0.00    0.00    18  run-pyroscope.s
02:09:09 AM  1000    235265    0.00    0.00    0.00    0.00    0.00    18  sleep

02:09:09 AM   UID       PID    %usr %system  %guest   %wait    %CPU   CPU  Command
02:09:10 AM  1000    235147    0.00    0.00    0.00    0.00    0.00    18  run-grafana.sh
02:09:10 AM  1000    235149    0.00    0.00    0.00    0.00    0.00    18  run-loki.sh
02:09:10 AM  1000    235152    0.00    0.00    0.00    0.00    0.00    16  run-otelcol.sh
02:09:10 AM  1000    235155    0.00    0.00    0.00    0.00    0.00    18  run-prometheus.
02:09:10 AM  1000    235159    0.00    0.00    0.00    0.00    0.00    16  run-tempo.sh
02:09:10 AM  1000    235161    0.00    0.00    0.00    0.00    0.00    18  run-pyroscope.s
02:09:10 AM  1000    235265    0.00    0.00    0.00    0.00    0.00    18  sleep

02:09:10 AM   UID       PID    %usr %system  %guest   %wait    %CPU   CPU  Command
02:09:11 AM  1000    235147    0.00    0.00    0.00    0.00    0.00    18  run-grafana.sh
02:09:11 AM  1000    235149    0.00    0.00    0.00    0.00    0.00    18  run-loki.sh
02:09:11 AM  1000    235152    0.00    0.00    0.00    0.00    0.00    16  run-otelcol.sh
02:09:11 AM  1000    235155    0.00    0.00    0.00    0.00    0.00    18  run-prometheus.
02:09:11 AM  1000    235159    0.00    0.00    0.00    0.00    0.00    16  run-tempo.sh
02:09:11 AM  1000    235161    0.00    0.00    0.00    0.00    0.00    18  run-pyroscope.s
02:09:11 AM  1000    235265    0.00    0.00    0.00    0.00    0.00    18  sleep

02:09:11 AM   UID       PID    %usr %system  %guest   %wait    %CPU   CPU  Command
02:09:12 AM  1000    235147    0.00    0.00    0.00    0.00    0.00    18  run-grafana.sh
02:09:12 AM  1000    235149    0.00    0.00    0.00    0.00    0.00    18  run-loki.sh
02:09:12 AM  1000    235152    0.00    0.00    0.00    0.00    0.00    16  run-otelcol.sh
02:09:12 AM  1000    235155    0.00    0.00    0.00    0.00    0.00    18  run-prometheus.
02:09:12 AM  1000    235159    0.00    0.00    0.00    0.00    0.00    16  run-tempo.sh
02:09:12 AM  1000    235161    0.00    0.00    0.00    0.00    0.00    18  run-pyroscope.s
02:09:12 AM  1000    235265    0.00    0.00    0.00    0.00    0.00    18  sleep

02:09:12 AM   UID       PID    %usr %system  %guest   %wait    %CPU   CPU  Command
02:09:13 AM  1000    235147    0.00    0.00    0.00    0.00    0.00    18  run-grafana.sh
02:09:13 AM  1000    235149    0.00    0.00    0.00    0.00    0.00    18  run-loki.sh
02:09:13 AM  1000    235152    0.00    0.00    0.00    0.00    0.00    16  run-otelcol.sh
02:09:13 AM  1000    235155    0.00    0.00    0.00    0.00    0.00    18  run-prometheus.
02:09:13 AM  1000    235159    0.00    0.00    0.00    0.00    0.00    16  run-tempo.sh
02:09:13 AM  1000    235161    0.00    0.00    0.00    0.00    0.00    18  run-pyroscope.s
02:09:13 AM  1000    235265    0.00    0.00    0.00    0.00    0.00    18  sleep

02:09:13 AM   UID       PID    %usr %system  %guest   %wait    %CPU   CPU  Command
02:09:14 AM  1000    235147    0.00    0.00    0.00    0.00    0.00    18  run-grafana.sh
02:09:14 AM  1000    235149    0.00    0.00    0.00    0.00    0.00    18  run-loki.sh
02:09:14 AM  1000    235152    0.00    0.00    0.00    0.00    0.00    16  run-otelcol.sh
02:09:14 AM  1000    235155    0.00    0.00    0.00    0.00    0.00    18  run-prometheus.
02:09:14 AM  1000    235159    0.00    0.00    0.00    0.00    0.00    16  run-tempo.sh
02:09:14 AM  1000    235161    0.00    0.00    0.00    0.00    0.00    18  run-pyroscope.s
02:09:14 AM  1000    235265    0.00    0.00    0.00    0.00    0.00    18  sleep

02:09:14 AM   UID       PID    %usr %system  %guest   %wait    %CPU   CPU  Command
02:09:15 AM  1000    235147    0.00    0.00    0.00    0.00    0.00    18  run-grafana.sh
02:09:15 AM  1000    235149    0.00    0.00    0.00    0.00    0.00    18  run-loki.sh
02:09:15 AM  1000    235152    0.00    0.00    0.00    0.00    0.00    16  run-otelcol.sh
02:09:15 AM  1000    235155    0.00    0.00    0.00    0.00    0.00    18  run-prometheus.
02:09:15 AM  1000    235159    0.00    0.00    0.00    0.00    0.00    16  run-tempo.sh
02:09:15 AM  1000    235161    0.00    0.00    0.00    0.00    0.00    18  run-pyroscope.s
02:09:15 AM  1000    235265    0.00    0.00    0.00    0.00    0.00    18  sleep

02:09:15 AM   UID       PID    %usr %system  %guest   %wait    %CPU   CPU  Command
02:09:16 AM  1000    235147    0.00    0.00    0.00    0.00    0.00    18  run-grafana.sh
02:09:16 AM  1000    235149    0.00    0.00    0.00    0.00    0.00    18  run-loki.sh
02:09:16 AM  1000    235152    0.00    0.00    0.00    0.00    0.00    16  run-otelcol.sh
02:09:16 AM  1000    235155    0.00    0.00    0.00    0.00    0.00    18  run-prometheus.
02:09:16 AM  1000    235159    0.00    0.00    0.00    0.00    0.00    16  run-tempo.sh
02:09:16 AM  1000    235161    0.00    0.00    0.00    0.00    0.00    18  run-pyroscope.s
02:09:16 AM  1000    235265    0.00    0.00    0.00    0.00    0.00    18  sleep

02:09:16 AM   UID       PID    %usr %system  %guest   %wait    %CPU   CPU  Command
02:09:17 AM  1000    235147    0.00    0.00    0.00    0.00    0.00    18  run-grafana.sh
02:09:17 AM  1000    235149    0.00    0.00    0.00    0.00    0.00    18  run-loki.sh
02:09:17 AM  1000    235152    0.00    0.00    0.00    0.00    0.00    16  run-otelcol.sh
02:09:17 AM  1000    235155    0.00    0.00    0.00    0.00    0.00    18  run-prometheus.
02:09:17 AM  1000    235159    0.00    0.00    0.00    0.00    0.00    16  run-tempo.sh
02:09:17 AM  1000    235161    0.00    0.00    0.00    0.00    0.00    18  run-pyroscope.s
02:09:17 AM  1000    235265    0.00    0.00    0.00    0.00    0.00    18  sleep

02:09:17 AM   UID       PID    %usr %system  %guest   %wait    %CPU   CPU  Command
02:09:18 AM  1000    235147    0.00    0.00    0.00    0.00    0.00    18  run-grafana.sh
02:09:18 AM  1000    235149    0.00    0.00    0.00    0.00    0.00    18  run-loki.sh
02:09:18 AM  1000    235152    0.00    0.00    0.00    0.00    0.00    16  run-otelcol.sh
02:09:18 AM  1000    235155    0.00    0.00    0.00    0.00    0.00    18  run-prometheus.
02:09:18 AM  1000    235159    0.00    0.00    0.00    0.00    0.00    16  run-tempo.sh
02:09:18 AM  1000    235161    0.00    0.00    0.00    0.00    0.00    18  run-pyroscope.s
02:09:18 AM  1000    235265    0.00    0.00    0.00    0.00    0.00    18  sleep

02:09:18 AM   UID       PID    %usr %system  %guest   %wait    %CPU   CPU  Command
02:09:19 AM  1000    235147    0.00    0.00    0.00    0.00    0.00    18  run-grafana.sh
02:09:19 AM  1000    235149    0.00    0.00    0.00    0.00    0.00    18  run-loki.sh
02:09:19 AM  1000    235152    0.00    0.00    0.00    0.00    0.00    16  run-otelcol.sh
02:09:19 AM  1000    235155    0.00    0.00    0.00    0.00    0.00    18  run-prometheus.
02:09:19 AM  1000    235159    0.00    0.00    0.00    0.00    0.00    16  run-tempo.sh
02:09:19 AM  1000    235161    0.00    0.00    0.00    0.00    0.00    18  run-pyroscope.s
02:09:19 AM  1000    235265    0.00    0.00    0.00    0.00    0.00    18  sleep

02:09:19 AM   UID       PID    %usr %system  %guest   %wait    %CPU   CPU  Command
02:09:20 AM  1000    235147    0.00    0.00    0.00    0.00    0.00    18  run-grafana.sh
02:09:20 AM  1000    235149    0.00    0.00    0.00    0.00    0.00    18  run-loki.sh
02:09:20 AM  1000    235152    0.00    0.00    0.00    0.00    0.00    16  run-otelcol.sh
02:09:20 AM  1000    235155    0.00    0.00    0.00    0.00    0.00    18  run-prometheus.
02:09:20 AM  1000    235159    0.00    0.00    0.00    0.00    0.00    16  run-tempo.sh
02:09:20 AM  1000    235161    0.00    0.00    0.00    0.00    0.00    18  run-pyroscope.s
02:09:20 AM  1000    235265    0.00    0.00    0.00    0.00    0.00    18  sleep

02:09:20 AM   UID       PID    %usr %system  %guest   %wait    %CPU   CPU  Command
02:09:21 AM  1000    235147    0.00    0.00    0.00    0.00    0.00    18  run-grafana.sh
02:09:21 AM  1000    235149    0.00    0.00    0.00    0.00    0.00    18  run-loki.sh
02:09:21 AM  1000    235152    0.00    0.00    0.00    0.00    0.00    16  run-otelcol.sh
02:09:21 AM  1000    235155    0.00    0.00    0.00    0.00    0.00    18  run-prometheus.
02:09:21 AM  1000    235159    0.00    0.00    0.00    0.00    0.00    16  run-tempo.sh
02:09:21 AM  1000    235161    0.00    0.00    0.00    0.00    0.00    18  run-pyroscope.s
02:09:21 AM  1000    235265    0.00    0.00    0.00    0.00    0.00    18  sleep

02:09:21 AM   UID       PID    %usr %system  %guest   %wait    %CPU   CPU  Command
02:09:22 AM  1000    235147    0.00    0.00    0.00    0.00    0.00    18  run-grafana.sh
02:09:22 AM  1000    235149    0.00    0.00    0.00    0.00    0.00    18  run-loki.sh
02:09:22 AM  1000    235152    0.00    0.00    0.00    0.00    0.00    16  run-otelcol.sh
02:09:22 AM  1000    235155    0.00    0.00    0.00    0.00    0.00    18  run-prometheus.
02:09:22 AM  1000    235159    0.00    0.00    0.00    0.00    0.00    16  run-tempo.sh
02:09:22 AM  1000    235161    0.00    0.00    0.00    0.00    0.00    18  run-pyroscope.s
02:09:22 AM  1000    235265    0.00    0.00    0.00    0.00    0.00    18  sleep

02:09:22 AM   UID       PID    %usr %system  %guest   %wait    %CPU   CPU  Command
02:09:23 AM  1000    235147    0.00    0.00    0.00    0.00    0.00    18  run-grafana.sh
02:09:23 AM  1000    235149    0.00    0.00    0.00    0.00    0.00    18  run-loki.sh
02:09:23 AM  1000    235152    0.00    0.00    0.00    0.00    0.00    16  run-otelcol.sh
02:09:23 AM  1000    235155    0.00    0.00    0.00    0.00    0.00    18  run-prometheus.
02:09:23 AM  1000    235159    0.00    0.00    0.00    0.00    0.00    16  run-tempo.sh
02:09:23 AM  1000    235161    0.00    0.00    0.00    0.00    0.00    18  run-pyroscope.s
02:09:23 AM  1000    235265    0.00    0.00    0.00    0.00    0.00    18  sleep

02:09:23 AM   UID       PID    %usr %system  %guest   %wait    %CPU   CPU  Command
02:09:24 AM  1000    235147    0.00    0.00    0.00    0.00    0.00    18  run-grafana.sh
02:09:24 AM  1000    235149    0.00    0.00    0.00    0.00    0.00    18  run-loki.sh
02:09:24 AM  1000    235152    0.00    0.00    0.00    0.00    0.00    16  run-otelcol.sh
02:09:24 AM  1000    235155    0.00    0.00    0.00    0.00    0.00    18  run-prometheus.
02:09:24 AM  1000    235159    0.00    0.00    0.00    0.00    0.00    16  run-tempo.sh
02:09:24 AM  1000    235161    0.00    0.00    0.00    0.00    0.00    18  run-pyroscope.s
02:09:24 AM  1000    235265    0.00    0.00    0.00    0.00    0.00    18  sleep

02:09:24 AM   UID       PID    %usr %system  %guest   %wait    %CPU   CPU  Command
02:09:25 AM  1000    235147    0.00    0.00    0.00    0.00    0.00    18  run-grafana.sh
02:09:25 AM  1000    235149    0.00    0.00    0.00    0.00    0.00    18  run-loki.sh
02:09:25 AM  1000    235152    0.00    0.00    0.00    0.00    0.00    16  run-otelcol.sh
02:09:25 AM  1000    235155    0.00    0.00    0.00    0.00    0.00    18  run-prometheus.
02:09:25 AM  1000    235159    0.00    0.00    0.00    0.00    0.00    16  run-tempo.sh
02:09:25 AM  1000    235161    0.00    0.00    0.00    0.00    0.00    18  run-pyroscope.s
02:09:25 AM  1000    235265    0.00    0.00    0.00    0.00    0.00    18  sleep

02:09:25 AM   UID       PID    %usr %system  %guest   %wait    %CPU   CPU  Command
02:09:26 AM  1000    235147    0.00    0.00    0.00    0.00    0.00    18  run-grafana.sh
02:09:26 AM  1000    235149    0.00    0.00    0.00    0.00    0.00    18  run-loki.sh
02:09:26 AM  1000    235152    0.00    0.00    0.00    0.00    0.00    16  run-otelcol.sh
02:09:26 AM  1000    235155    0.00    0.00    0.00    0.00    0.00    18  run-prometheus.
02:09:26 AM  1000    235159    0.00    0.00    0.00    0.00    0.00    16  run-tempo.sh
02:09:26 AM  1000    235161    0.00    0.00    0.00    0.00    0.00    18  run-pyroscope.s
02:09:26 AM  1000    235265    0.00    0.00    0.00    0.00    0.00    18  sleep

02:09:26 AM   UID       PID    %usr %system  %guest   %wait    %CPU   CPU  Command
02:09:27 AM  1000    235147    0.00    0.00    0.00    0.00    0.00    18  run-grafana.sh
02:09:27 AM  1000    235149    0.00    0.00    0.00    0.00    0.00    18  run-loki.sh
02:09:27 AM  1000    235152    0.00    0.00    0.00    0.00    0.00    16  run-otelcol.sh
02:09:27 AM  1000    235155    0.00    0.00    0.00    0.00    0.00    18  run-prometheus.
02:09:27 AM  1000    235159    0.00    0.00    0.00    0.00    0.00    16  run-tempo.sh
02:09:27 AM  1000    235161    0.00    0.00    0.00    0.00    0.00    18  run-pyroscope.s
02:09:27 AM  1000    235265    0.00    0.00    0.00    0.00    0.00    18  sleep

02:09:27 AM   UID       PID    %usr %system  %guest   %wait    %CPU   CPU  Command
02:09:28 AM  1000    235147    0.00    0.00    0.00    0.00    0.00    18  run-grafana.sh
02:09:28 AM  1000    235149    0.00    0.00    0.00    0.00    0.00    18  run-loki.sh
02:09:28 AM  1000    235152    0.00    0.00    0.00    0.00    0.00    16  run-otelcol.sh
02:09:28 AM  1000    235155    0.00    0.00    0.00    0.00    0.00    18  run-prometheus.
02:09:28 AM  1000    235159    0.00    0.00    0.00    0.00    0.00    16  run-tempo.sh
02:09:28 AM  1000    235161    0.00    0.00    0.00    0.00    0.00    18  run-pyroscope.s
02:09:28 AM  1000    235265    0.00    0.00    0.00    0.00    0.00    18  sleep

02:09:28 AM   UID       PID    %usr %system  %guest   %wait    %CPU   CPU  Command
02:09:29 AM  1000    235147    0.00    0.00    0.00    0.00    0.00    18  run-grafana.sh
02:09:29 AM  1000    235149    0.00    0.00    0.00    0.00    0.00    18  run-loki.sh
02:09:29 AM  1000    235152    0.00    0.00    0.00    0.00    0.00    16  run-otelcol.sh
02:09:29 AM  1000    235155    0.00    0.00    0.00    0.00    0.00    18  run-prometheus.
02:09:29 AM  1000    235159    0.00    0.00    0.00    0.00    0.00    16  run-tempo.sh
02:09:29 AM  1000    235161    0.00    0.00    0.00    0.00    0.00    18  run-pyroscope.s
02:09:29 AM  1000    235265    0.00    0.00    0.00    0.00    0.00    18  sleep

02:09:29 AM   UID       PID    %usr %system  %guest   %wait    %CPU   CPU  Command
02:09:30 AM  1000    235147    0.00    0.00    0.00    0.00    0.00    18  run-grafana.sh
02:09:30 AM  1000    235149    0.00    0.00    0.00    0.00    0.00    18  run-loki.sh
02:09:30 AM  1000    235152    0.00    0.00    0.00    0.00    0.00    16  run-otelcol.sh
02:09:30 AM  1000    235155    0.00    0.00    0.00    0.00    0.00    18  run-prometheus.
02:09:30 AM  1000    235159    0.00    0.00    0.00    0.00    0.00    16  run-tempo.sh
02:09:30 AM  1000    235161    0.00    0.00    0.00    0.00    0.00    18  run-pyroscope.s
02:09:30 AM  1000    235265    0.00    0.00    0.00    0.00    0.00    18  sleep

02:09:30 AM   UID       PID    %usr %system  %guest   %wait    %CPU   CPU  Command
02:09:31 AM  1000    235147    0.00    0.00    0.00    0.00    0.00    18  run-grafana.sh
02:09:31 AM  1000    235149    0.00    0.00    0.00    0.00    0.00    18  run-loki.sh
02:09:31 AM  1000    235152    0.00    0.00    0.00    0.00    0.00    16  run-otelcol.sh
02:09:31 AM  1000    235155    0.00    0.00    0.00    0.00    0.00    18  run-prometheus.
02:09:31 AM  1000    235159    0.00    0.00    0.00    0.00    0.00    16  run-tempo.sh
02:09:31 AM  1000    235161    0.00    0.00    0.00    0.00    0.00    18  run-pyroscope.s
02:09:31 AM  1000    235265    0.00    0.00    0.00    0.00    0.00    18  sleep

02:09:31 AM   UID       PID    %usr %system  %guest   %wait    %CPU   CPU  Command
02:09:32 AM  1000    235147    0.00    0.00    0.00    0.00    0.00    18  run-grafana.sh
02:09:32 AM  1000    235149    0.00    0.00    0.00    0.00    0.00    18  run-loki.sh
02:09:32 AM  1000    235152    0.00    0.00    0.00    0.00    0.00    16  run-otelcol.sh
02:09:32 AM  1000    235155    0.00    0.00    0.00    0.00    0.00    18  run-prometheus.
02:09:32 AM  1000    235159    0.00    0.00    0.00    0.00    0.00    16  run-tempo.sh
02:09:32 AM  1000    235161    0.00    0.00    0.00    0.00    0.00    18  run-pyroscope.s
02:09:32 AM  1000    235265    0.00    0.00    0.00    0.00    0.00    18  sleep
