Linux 5.14.0-570.60.1.el9_6.x86_64 *****) 	03/28/2026 	_x86_64_	(64 CPU)

04:37:46 AM   UID       PID    %usr %system  %guest   %wait    %CPU   CPU  Command
04:37:47 AM  1000    328755    0.00    0.00    0.00    0.00    0.00    18  run-grafana.sh
04:37:47 AM  1000    328758    0.00    0.00    0.00    0.00    0.00    20  run-loki.sh
04:37:47 AM  1000    328762    0.00    0.00    0.00    0.00    0.00    16  run-otelcol.sh
04:37:47 AM  1000    328766    0.00    0.00    0.00    0.00    0.00    16  run-prometheus.
04:37:47 AM  1000    328770    0.00    0.00    0.00    0.00    0.00    16  run-tempo.sh
04:37:47 AM  1000    328788    0.00    0.00    0.00    0.00    0.00    20  run-pyroscope.s
04:37:47 AM  1000    328880    0.00    0.00    0.00    0.00    0.00    18  sleep

04:37:47 AM   UID       PID    %usr %system  %guest   %wait    %CPU   CPU  Command
04:37:48 AM  1000    328755    0.00    0.00    0.00    0.00    0.00    18  run-grafana.sh
04:37:48 AM  1000    328758    0.00    0.00    0.00    0.00    0.00    20  run-loki.sh
04:37:48 AM  1000    328762    0.00    0.00    0.00    0.00    0.00    16  run-otelcol.sh
04:37:48 AM  1000    328766    0.00    0.00    0.00    0.00    0.00    16  run-prometheus.
04:37:48 AM  1000    328770    0.00    0.00    0.00    0.00    0.00    16  run-tempo.sh
04:37:48 AM  1000    328788    0.00    0.00    0.00    0.00    0.00    20  run-pyroscope.s
04:37:48 AM  1000    328880    0.00    0.00    0.00    0.00    0.00    18  sleep

04:37:48 AM   UID       PID    %usr %system  %guest   %wait    %CPU   CPU  Command
04:37:49 AM  1000    328755    0.00    0.00    0.00    0.00    0.00    18  run-grafana.sh
04:37:49 AM  1000    328758    0.00    0.00    0.00    0.00    0.00    20  run-loki.sh
04:37:49 AM  1000    328762    0.00    0.00    0.00    0.00    0.00    16  run-otelcol.sh
04:37:49 AM  1000    328766    0.00    0.00    0.00    0.00    0.00    16  run-prometheus.
04:37:49 AM  1000    328770    0.00    0.00    0.00    0.00    0.00    16  run-tempo.sh
04:37:49 AM  1000    328788    0.00    0.00    0.00    0.00    0.00    20  run-pyroscope.s
04:37:49 AM  1000    328880    0.00    0.00    0.00    0.00    0.00    18  sleep

04:37:49 AM   UID       PID    %usr %system  %guest   %wait    %CPU   CPU  Command
04:37:50 AM  1000    328755    0.00    0.00    0.00    0.00    0.00    18  run-grafana.sh
04:37:50 AM  1000    328758    0.00    0.00    0.00    0.00    0.00    20  run-loki.sh
04:37:50 AM  1000    328762    0.00    0.00    0.00    0.00    0.00    16  run-otelcol.sh
04:37:50 AM  1000    328766    0.00    0.00    0.00    0.00    0.00    16  run-prometheus.
04:37:50 AM  1000    328770    0.00    0.00    0.00    0.00    0.00    16  run-tempo.sh
04:37:50 AM  1000    328788    0.00    0.00    0.00    0.00    0.00    20  run-pyroscope.s
04:37:50 AM  1000    328880    0.00    0.00    0.00    0.00    0.00    18  sleep

04:37:50 AM   UID       PID    %usr %system  %guest   %wait    %CPU   CPU  Command
04:37:51 AM  1000    328755    0.00    0.00    0.00    0.00    0.00    18  run-grafana.sh
04:37:51 AM  1000    328758    0.00    0.00    0.00    0.00    0.00    20  run-loki.sh
04:37:51 AM  1000    328762    0.00    0.00    0.00    0.00    0.00    16  run-otelcol.sh
04:37:51 AM  1000    328766    0.00    0.00    0.00    0.00    0.00    16  run-prometheus.
04:37:51 AM  1000    328770    0.00    0.00    0.00    0.00    0.00    16  run-tempo.sh
04:37:51 AM  1000    328788    0.00    0.00    0.00    0.00    0.00    20  run-pyroscope.s
04:37:51 AM  1000    328880    0.00    0.00    0.00    0.00    0.00    18  sleep

04:37:51 AM   UID       PID    %usr %system  %guest   %wait    %CPU   CPU  Command
04:37:52 AM  1000    328755    0.00    0.00    0.00    0.00    0.00    18  run-grafana.sh
04:37:52 AM  1000    328758    0.00    0.00    0.00    0.00    0.00    20  run-loki.sh
04:37:52 AM  1000    328762    0.00    0.00    0.00    0.00    0.00    16  run-otelcol.sh
04:37:52 AM  1000    328766    0.00    0.00    0.00    0.00    0.00    16  run-prometheus.
04:37:52 AM  1000    328770    0.00    0.00    0.00    0.00    0.00    16  run-tempo.sh
04:37:52 AM  1000    328788    0.00    0.00    0.00    0.00    0.00    20  run-pyroscope.s
04:37:52 AM  1000    328880    0.00    0.00    0.00    0.00    0.00    18  sleep

04:37:52 AM   UID       PID    %usr %system  %guest   %wait    %CPU   CPU  Command
04:37:53 AM  1000    328755    0.00    0.00    0.00    0.00    0.00    18  run-grafana.sh
04:37:53 AM  1000    328758    0.00    0.00    0.00    0.00    0.00    20  run-loki.sh
04:37:53 AM  1000    328762    0.00    0.00    0.00    0.00    0.00    16  run-otelcol.sh
04:37:53 AM  1000    328766    0.00    0.00    0.00    0.00    0.00    16  run-prometheus.
04:37:53 AM  1000    328770    0.00    0.00    0.00    0.00    0.00    16  run-tempo.sh
04:37:53 AM  1000    328788    0.00    0.00    0.00    0.00    0.00    20  run-pyroscope.s
04:37:53 AM  1000    328880    0.00    0.00    0.00    0.00    0.00    18  sleep

04:37:53 AM   UID       PID    %usr %system  %guest   %wait    %CPU   CPU  Command
04:37:54 AM  1000    328755    0.00    0.00    0.00    0.00    0.00    18  run-grafana.sh
04:37:54 AM  1000    328758    0.00    0.00    0.00    0.00    0.00    20  run-loki.sh
04:37:54 AM  1000    328762    0.00    0.00    0.00    0.00    0.00    16  run-otelcol.sh
04:37:54 AM  1000    328766    0.00    0.00    0.00    0.00    0.00    16  run-prometheus.
04:37:54 AM  1000    328770    0.00    0.00    0.00    0.00    0.00    16  run-tempo.sh
04:37:54 AM  1000    328788    0.00    0.00    0.00    0.00    0.00    20  run-pyroscope.s
04:37:54 AM  1000    328880    0.00    0.00    0.00    0.00    0.00    18  sleep

04:37:54 AM   UID       PID    %usr %system  %guest   %wait    %CPU   CPU  Command
04:37:55 AM  1000    328755    0.00    0.00    0.00    0.00    0.00    18  run-grafana.sh
04:37:55 AM  1000    328758    0.00    0.00    0.00    0.00    0.00    20  run-loki.sh
04:37:55 AM  1000    328762    0.00    0.00    0.00    0.00    0.00    16  run-otelcol.sh
04:37:55 AM  1000    328766    0.00    0.00    0.00    0.00    0.00    16  run-prometheus.
04:37:55 AM  1000    328770    0.00    0.00    0.00    0.00    0.00    16  run-tempo.sh
04:37:55 AM  1000    328788    0.00    0.00    0.00    0.00    0.00    20  run-pyroscope.s
04:37:55 AM  1000    328880    0.00    0.00    0.00    0.00    0.00    18  sleep

04:37:55 AM   UID       PID    %usr %system  %guest   %wait    %CPU   CPU  Command
04:37:56 AM  1000    328755    0.00    0.00    0.00    0.00    0.00    18  run-grafana.sh
04:37:56 AM  1000    328758    0.00    0.00    0.00    0.00    0.00    20  run-loki.sh
04:37:56 AM  1000    328762    0.00    0.00    0.00    0.00    0.00    16  run-otelcol.sh
04:37:56 AM  1000    328766    0.00    0.00    0.00    0.00    0.00    16  run-prometheus.
04:37:56 AM  1000    328770    0.00    0.00    0.00    0.00    0.00    16  run-tempo.sh
04:37:56 AM  1000    328788    0.00    0.00    0.00    0.00    0.00    20  run-pyroscope.s
04:37:56 AM  1000    328880    0.00    0.00    0.00    0.00    0.00    18  sleep

04:37:56 AM   UID       PID    %usr %system  %guest   %wait    %CPU   CPU  Command
04:37:57 AM  1000    328755    0.00    0.00    0.00    0.00    0.00    18  run-grafana.sh
04:37:57 AM  1000    328758    0.00    0.00    0.00    0.00    0.00    20  run-loki.sh
04:37:57 AM  1000    328762    0.00    0.00    0.00    0.00    0.00    16  run-otelcol.sh
04:37:57 AM  1000    328766    0.00    0.00    0.00    0.00    0.00    16  run-prometheus.
04:37:57 AM  1000    328770    0.00    0.00    0.00    0.00    0.00    16  run-tempo.sh
04:37:57 AM  1000    328788    0.00    0.00    0.00    0.00    0.00    20  run-pyroscope.s
04:37:57 AM  1000    328880    0.00    0.00    0.00    0.00    0.00    18  sleep

04:37:57 AM   UID       PID    %usr %system  %guest   %wait    %CPU   CPU  Command
04:37:58 AM  1000    328755    0.00    0.00    0.00    0.00    0.00    18  run-grafana.sh
04:37:58 AM  1000    328758    0.00    0.00    0.00    0.00    0.00    20  run-loki.sh
04:37:58 AM  1000    328762    0.00    0.00    0.00    0.00    0.00    16  run-otelcol.sh
04:37:58 AM  1000    328766    0.00    0.00    0.00    0.00    0.00    16  run-prometheus.
04:37:58 AM  1000    328770    0.00    0.00    0.00    0.00    0.00    16  run-tempo.sh
04:37:58 AM  1000    328788    0.00    0.00    0.00    0.00    0.00    20  run-pyroscope.s
04:37:58 AM  1000    328880    0.00    0.00    0.00    0.00    0.00    18  sleep

04:37:58 AM   UID       PID    %usr %system  %guest   %wait    %CPU   CPU  Command
04:37:59 AM  1000    328755    0.00    0.00    0.00    0.00    0.00    18  run-grafana.sh
04:37:59 AM  1000    328758    0.00    0.00    0.00    0.00    0.00    20  run-loki.sh
04:37:59 AM  1000    328762    0.00    0.00    0.00    0.00    0.00    16  run-otelcol.sh
04:37:59 AM  1000    328766    0.00    0.00    0.00    0.00    0.00    16  run-prometheus.
04:37:59 AM  1000    328770    0.00    0.00    0.00    0.00    0.00    16  run-tempo.sh
04:37:59 AM  1000    328788    0.00    0.00    0.00    0.00    0.00    20  run-pyroscope.s
04:37:59 AM  1000    328880    0.00    0.00    0.00    0.00    0.00    18  sleep

04:37:59 AM   UID       PID    %usr %system  %guest   %wait    %CPU   CPU  Command
04:38:00 AM  1000    328755    0.00    0.00    0.00    0.00    0.00    18  run-grafana.sh
04:38:00 AM  1000    328758    0.00    0.00    0.00    0.00    0.00    20  run-loki.sh
04:38:00 AM  1000    328762    0.00    0.00    0.00    0.00    0.00    16  run-otelcol.sh
04:38:00 AM  1000    328766    0.00    0.00    0.00    0.00    0.00    16  run-prometheus.
04:38:00 AM  1000    328770    0.00    0.00    0.00    0.00    0.00    16  run-tempo.sh
04:38:00 AM  1000    328788    0.00    0.00    0.00    0.00    0.00    20  run-pyroscope.s
04:38:00 AM  1000    328880    0.00    0.00    0.00    0.00    0.00    18  sleep

04:38:00 AM   UID       PID    %usr %system  %guest   %wait    %CPU   CPU  Command
04:38:01 AM  1000    328755    0.00    0.00    0.00    0.00    0.00    18  run-grafana.sh
04:38:01 AM  1000    328758    0.00    0.00    0.00    0.00    0.00    20  run-loki.sh
04:38:01 AM  1000    328762    0.00    0.00    0.00    0.00    0.00    16  run-otelcol.sh
04:38:01 AM  1000    328766    0.00    0.00    0.00    0.00    0.00    16  run-prometheus.
04:38:01 AM  1000    328770    0.00    0.00    0.00    0.00    0.00    16  run-tempo.sh
04:38:01 AM  1000    328788    0.00    0.00    0.00    0.00    0.00    20  run-pyroscope.s
04:38:01 AM  1000    328880    0.00    0.00    0.00    0.00    0.00    18  sleep

04:38:01 AM   UID       PID    %usr %system  %guest   %wait    %CPU   CPU  Command
04:38:02 AM  1000    328755    0.00    0.00    0.00    0.00    0.00    18  run-grafana.sh
04:38:02 AM  1000    328758    0.00    0.00    0.00    0.00    0.00    20  run-loki.sh
04:38:02 AM  1000    328762    0.00    0.00    0.00    0.00    0.00    16  run-otelcol.sh
04:38:02 AM  1000    328766    0.00    0.00    0.00    0.00    0.00    16  run-prometheus.
04:38:02 AM  1000    328770    0.00    0.00    0.00    0.00    0.00    16  run-tempo.sh
04:38:02 AM  1000    328788    0.00    0.00    0.00    0.00    0.00    20  run-pyroscope.s
04:38:02 AM  1000    328880    0.00    0.00    0.00    0.00    0.00    18  sleep

04:38:02 AM   UID       PID    %usr %system  %guest   %wait    %CPU   CPU  Command
04:38:03 AM  1000    328755    0.00    0.00    0.00    0.00    0.00    18  run-grafana.sh
04:38:03 AM  1000    328758    0.00    0.00    0.00    0.00    0.00    20  run-loki.sh
04:38:03 AM  1000    328762    0.00    0.00    0.00    0.00    0.00    16  run-otelcol.sh
04:38:03 AM  1000    328766    0.00    0.00    0.00    0.00    0.00    16  run-prometheus.
04:38:03 AM  1000    328770    0.00    0.00    0.00    0.00    0.00    16  run-tempo.sh
04:38:03 AM  1000    328788    0.00    0.00    0.00    0.00    0.00    20  run-pyroscope.s
04:38:03 AM  1000    328880    0.00    0.00    0.00    0.00    0.00    18  sleep

04:38:03 AM   UID       PID    %usr %system  %guest   %wait    %CPU   CPU  Command
04:38:04 AM  1000    328755    0.00    0.00    0.00    0.00    0.00    18  run-grafana.sh
04:38:04 AM  1000    328758    0.00    0.00    0.00    0.00    0.00    20  run-loki.sh
04:38:04 AM  1000    328762    0.00    0.00    0.00    0.00    0.00    16  run-otelcol.sh
04:38:04 AM  1000    328766    0.00    0.00    0.00    0.00    0.00    16  run-prometheus.
04:38:04 AM  1000    328770    0.00    0.00    0.00    0.00    0.00    16  run-tempo.sh
04:38:04 AM  1000    328788    0.00    0.00    0.00    0.00    0.00    20  run-pyroscope.s
04:38:04 AM  1000    328880    0.00    0.00    0.00    0.00    0.00    18  sleep

04:38:04 AM   UID       PID    %usr %system  %guest   %wait    %CPU   CPU  Command
04:38:05 AM  1000    328755    0.00    0.00    0.00    0.00    0.00    18  run-grafana.sh
04:38:05 AM  1000    328758    0.00    0.00    0.00    0.00    0.00    20  run-loki.sh
04:38:05 AM  1000    328762    0.00    0.00    0.00    0.00    0.00    16  run-otelcol.sh
04:38:05 AM  1000    328766    0.00    0.00    0.00    0.00    0.00    16  run-prometheus.
04:38:05 AM  1000    328770    0.00    0.00    0.00    0.00    0.00    16  run-tempo.sh
04:38:05 AM  1000    328788    0.00    0.00    0.00    0.00    0.00    20  run-pyroscope.s
04:38:05 AM  1000    328880    0.00    0.00    0.00    0.00    0.00    18  sleep

04:38:05 AM   UID       PID    %usr %system  %guest   %wait    %CPU   CPU  Command
04:38:06 AM  1000    328755    0.00    0.00    0.00    0.00    0.00    18  run-grafana.sh
04:38:06 AM  1000    328758    0.00    0.00    0.00    0.00    0.00    20  run-loki.sh
04:38:06 AM  1000    328762    0.00    0.00    0.00    0.00    0.00    16  run-otelcol.sh
04:38:06 AM  1000    328766    0.00    0.00    0.00    0.00    0.00    16  run-prometheus.
04:38:06 AM  1000    328770    0.00    0.00    0.00    0.00    0.00    16  run-tempo.sh
04:38:06 AM  1000    328788    0.00    0.00    0.00    0.00    0.00    20  run-pyroscope.s
04:38:06 AM  1000    328880    0.00    0.00    0.00    0.00    0.00    18  sleep

04:38:06 AM   UID       PID    %usr %system  %guest   %wait    %CPU   CPU  Command
04:38:07 AM  1000    328755    0.00    0.00    0.00    0.00    0.00    18  run-grafana.sh
04:38:07 AM  1000    328758    0.00    0.00    0.00    0.00    0.00    20  run-loki.sh
04:38:07 AM  1000    328762    0.00    0.00    0.00    0.00    0.00    16  run-otelcol.sh
04:38:07 AM  1000    328766    0.00    0.00    0.00    0.00    0.00    16  run-prometheus.
04:38:07 AM  1000    328770    0.00    0.00    0.00    0.00    0.00    16  run-tempo.sh
04:38:07 AM  1000    328788    0.00    0.00    0.00    0.00    0.00    20  run-pyroscope.s
04:38:07 AM  1000    328880    0.00    0.00    0.00    0.00    0.00    18  sleep

04:38:07 AM   UID       PID    %usr %system  %guest   %wait    %CPU   CPU  Command
04:38:08 AM  1000    328755    0.00    0.00    0.00    0.00    0.00    18  run-grafana.sh
04:38:08 AM  1000    328758    0.00    0.00    0.00    0.00    0.00    20  run-loki.sh
04:38:08 AM  1000    328762    0.00    0.00    0.00    0.00    0.00    16  run-otelcol.sh
04:38:08 AM  1000    328766    0.00    0.00    0.00    0.00    0.00    16  run-prometheus.
04:38:08 AM  1000    328770    0.00    0.00    0.00    0.00    0.00    16  run-tempo.sh
04:38:08 AM  1000    328788    0.00    0.00    0.00    0.00    0.00    20  run-pyroscope.s
04:38:08 AM  1000    328880    0.00    0.00    0.00    0.00    0.00    18  sleep

04:38:08 AM   UID       PID    %usr %system  %guest   %wait    %CPU   CPU  Command
04:38:09 AM  1000    328755    0.00    0.00    0.00    0.00    0.00    18  run-grafana.sh
04:38:09 AM  1000    328758    0.00    0.00    0.00    0.00    0.00    20  run-loki.sh
04:38:09 AM  1000    328762    0.00    0.00    0.00    0.00    0.00    16  run-otelcol.sh
04:38:09 AM  1000    328766    0.00    0.00    0.00    0.00    0.00    16  run-prometheus.
04:38:09 AM  1000    328770    0.00    0.00    0.00    0.00    0.00    16  run-tempo.sh
04:38:09 AM  1000    328788    0.00    0.00    0.00    0.00    0.00    20  run-pyroscope.s
04:38:09 AM  1000    328880    0.00    0.00    0.00    0.00    0.00    18  sleep

04:38:09 AM   UID       PID    %usr %system  %guest   %wait    %CPU   CPU  Command
04:38:10 AM  1000    328755    0.00    0.00    0.00    0.00    0.00    18  run-grafana.sh
04:38:10 AM  1000    328758    0.00    0.00    0.00    0.00    0.00    20  run-loki.sh
04:38:10 AM  1000    328762    0.00    0.00    0.00    0.00    0.00    16  run-otelcol.sh
04:38:10 AM  1000    328766    0.00    0.00    0.00    0.00    0.00    16  run-prometheus.
04:38:10 AM  1000    328770    0.00    0.00    0.00    0.00    0.00    16  run-tempo.sh
04:38:10 AM  1000    328788    0.00    0.00    0.00    0.00    0.00    20  run-pyroscope.s
04:38:10 AM  1000    328880    0.00    0.00    0.00    0.00    0.00    18  sleep

04:38:10 AM   UID       PID    %usr %system  %guest   %wait    %CPU   CPU  Command
04:38:11 AM  1000    328755    0.00    0.00    0.00    0.00    0.00    18  run-grafana.sh
04:38:11 AM  1000    328758    0.00    0.00    0.00    0.00    0.00    20  run-loki.sh
04:38:11 AM  1000    328762    0.00    0.00    0.00    0.00    0.00    16  run-otelcol.sh
04:38:11 AM  1000    328766    0.00    0.00    0.00    0.00    0.00    16  run-prometheus.
04:38:11 AM  1000    328770    0.00    0.00    0.00    0.00    0.00    16  run-tempo.sh
04:38:11 AM  1000    328788    0.00    0.00    0.00    0.00    0.00    20  run-pyroscope.s
04:38:11 AM  1000    328880    0.00    0.00    0.00    0.00    0.00    18  sleep

04:38:11 AM   UID       PID    %usr %system  %guest   %wait    %CPU   CPU  Command
04:38:12 AM  1000    328755    0.00    0.00    0.00    0.00    0.00    18  run-grafana.sh
04:38:12 AM  1000    328758    0.00    0.00    0.00    0.00    0.00    20  run-loki.sh
04:38:12 AM  1000    328762    0.00    0.00    0.00    0.00    0.00    16  run-otelcol.sh
04:38:12 AM  1000    328766    0.00    0.00    0.00    0.00    0.00    16  run-prometheus.
04:38:12 AM  1000    328770    0.00    0.00    0.00    0.00    0.00    16  run-tempo.sh
04:38:12 AM  1000    328788    0.00    0.00    0.00    0.00    0.00    20  run-pyroscope.s
04:38:12 AM  1000    328880    0.00    0.00    0.00    0.00    0.00    18  sleep

04:38:12 AM   UID       PID    %usr %system  %guest   %wait    %CPU   CPU  Command
04:38:13 AM  1000    328755    0.00    0.00    0.00    0.00    0.00    18  run-grafana.sh
04:38:13 AM  1000    328758    0.00    0.00    0.00    0.00    0.00    20  run-loki.sh
04:38:13 AM  1000    328762    0.00    0.00    0.00    0.00    0.00    16  run-otelcol.sh
04:38:13 AM  1000    328766    0.00    0.00    0.00    0.00    0.00    16  run-prometheus.
04:38:13 AM  1000    328770    0.00    0.00    0.00    0.00    0.00    16  run-tempo.sh
04:38:13 AM  1000    328788    0.00    0.00    0.00    0.00    0.00    20  run-pyroscope.s
04:38:13 AM  1000    328880    0.00    0.00    0.00    0.00    0.00    18  sleep

04:38:13 AM   UID       PID    %usr %system  %guest   %wait    %CPU   CPU  Command
04:38:14 AM  1000    328755    0.00    0.00    0.00    0.00    0.00    18  run-grafana.sh
04:38:14 AM  1000    328758    0.00    0.00    0.00    0.00    0.00    20  run-loki.sh
04:38:14 AM  1000    328762    0.00    0.00    0.00    0.00    0.00    16  run-otelcol.sh
04:38:14 AM  1000    328766    0.00    0.00    0.00    0.00    0.00    16  run-prometheus.
04:38:14 AM  1000    328770    0.00    0.00    0.00    0.00    0.00    16  run-tempo.sh
04:38:14 AM  1000    328788    0.00    0.00    0.00    0.00    0.00    20  run-pyroscope.s
04:38:14 AM  1000    328880    0.00    0.00    0.00    0.00    0.00    18  sleep

04:38:14 AM   UID       PID    %usr %system  %guest   %wait    %CPU   CPU  Command
04:38:15 AM  1000    328755    0.00    0.00    0.00    0.00    0.00    18  run-grafana.sh
04:38:15 AM  1000    328758    0.00    0.00    0.00    0.00    0.00    20  run-loki.sh
04:38:15 AM  1000    328762    0.00    0.00    0.00    0.00    0.00    16  run-otelcol.sh
04:38:15 AM  1000    328766    0.00    0.00    0.00    0.00    0.00    16  run-prometheus.
04:38:15 AM  1000    328770    0.00    0.00    0.00    0.00    0.00    16  run-tempo.sh
04:38:15 AM  1000    328788    0.00    0.00    0.00    0.00    0.00    20  run-pyroscope.s
04:38:15 AM  1000    328880    0.00    0.00    0.00    0.00    0.00    18  sleep

04:38:15 AM   UID       PID    %usr %system  %guest   %wait    %CPU   CPU  Command
04:38:16 AM  1000    328755    0.00    0.00    0.00    0.00    0.00    18  run-grafana.sh
04:38:16 AM  1000    328758    0.00    0.00    0.00    0.00    0.00    20  run-loki.sh
04:38:16 AM  1000    328762    0.00    0.00    0.00    0.00    0.00    16  run-otelcol.sh
04:38:16 AM  1000    328766    0.00    0.00    0.00    0.00    0.00    16  run-prometheus.
04:38:16 AM  1000    328770    0.00    0.00    0.00    0.00    0.00    16  run-tempo.sh
04:38:16 AM  1000    328788    0.00    0.00    0.00    0.00    0.00    20  run-pyroscope.s
04:38:16 AM  1000    328880    0.00    0.00    0.00    0.00    0.00    18  sleep

04:38:16 AM   UID       PID    %usr %system  %guest   %wait    %CPU   CPU  Command
04:38:17 AM  1000    328755    0.00    0.00    0.00    0.00    0.00    18  run-grafana.sh
04:38:17 AM  1000    328758    0.00    0.00    0.00    0.00    0.00    20  run-loki.sh
04:38:17 AM  1000    328762    0.00    0.00    0.00    0.00    0.00    16  run-otelcol.sh
04:38:17 AM  1000    328766    0.00    0.00    0.00    0.00    0.00    16  run-prometheus.
04:38:17 AM  1000    328770    0.00    0.00    0.00    0.00    0.00    16  run-tempo.sh
04:38:17 AM  1000    328788    0.00    0.00    0.00    0.00    0.00    20  run-pyroscope.s
04:38:17 AM  1000    328880    0.00    0.00    0.00    0.00    0.00    18  sleep

04:38:17 AM   UID       PID    %usr %system  %guest   %wait    %CPU   CPU  Command
04:38:18 AM  1000    328755    0.00    0.00    0.00    0.00    0.00    18  run-grafana.sh
04:38:18 AM  1000    328758    0.00    0.00    0.00    0.00    0.00    20  run-loki.sh
04:38:18 AM  1000    328762    0.00    0.00    0.00    0.00    0.00    16  run-otelcol.sh
04:38:18 AM  1000    328766    0.00    0.00    0.00    0.00    0.00    16  run-prometheus.
04:38:18 AM  1000    328770    0.00    0.00    0.00    0.00    0.00    16  run-tempo.sh
04:38:18 AM  1000    328788    0.00    0.00    0.00    0.00    0.00    20  run-pyroscope.s
04:38:18 AM  1000    328880    0.00    0.00    0.00    0.00    0.00    18  sleep

04:38:18 AM   UID       PID    %usr %system  %guest   %wait    %CPU   CPU  Command
04:38:19 AM  1000    328755    0.00    0.00    0.00    0.00    0.00    18  run-grafana.sh
04:38:19 AM  1000    328758    0.00    0.00    0.00    0.00    0.00    20  run-loki.sh
04:38:19 AM  1000    328762    0.00    0.00    0.00    0.00    0.00    16  run-otelcol.sh
04:38:19 AM  1000    328766    0.00    0.00    0.00    0.00    0.00    16  run-prometheus.
04:38:19 AM  1000    328770    0.00    0.00    0.00    0.00    0.00    16  run-tempo.sh
04:38:19 AM  1000    328788    0.00    0.00    0.00    0.00    0.00    20  run-pyroscope.s
04:38:19 AM  1000    328880    0.00    0.00    0.00    0.00    0.00    18  sleep

04:38:19 AM   UID       PID    %usr %system  %guest   %wait    %CPU   CPU  Command
04:38:20 AM  1000    328755    0.00    0.00    0.00    0.00    0.00    18  run-grafana.sh
04:38:20 AM  1000    328758    0.00    0.00    0.00    0.00    0.00    20  run-loki.sh
04:38:20 AM  1000    328762    0.00    0.00    0.00    0.00    0.00    16  run-otelcol.sh
04:38:20 AM  1000    328766    0.00    0.00    0.00    0.00    0.00    16  run-prometheus.
04:38:20 AM  1000    328770    0.00    0.00    0.00    0.00    0.00    16  run-tempo.sh
04:38:20 AM  1000    328788    0.00    0.00    0.00    0.00    0.00    20  run-pyroscope.s
04:38:20 AM  1000    328880    0.00    0.00    0.00    0.00    0.00    18  sleep

04:38:20 AM   UID       PID    %usr %system  %guest   %wait    %CPU   CPU  Command
04:38:21 AM  1000    328755    0.00    0.00    0.00    0.00    0.00    18  run-grafana.sh
04:38:21 AM  1000    328758    0.00    0.00    0.00    0.00    0.00    20  run-loki.sh
04:38:21 AM  1000    328762    0.00    0.00    0.00    0.00    0.00    16  run-otelcol.sh
04:38:21 AM  1000    328766    0.00    0.00    0.00    0.00    0.00    16  run-prometheus.
04:38:21 AM  1000    328770    0.00    0.00    0.00    0.00    0.00    16  run-tempo.sh
04:38:21 AM  1000    328788    0.00    0.00    0.00    0.00    0.00    20  run-pyroscope.s
04:38:21 AM  1000    328880    0.00    0.00    0.00    0.00    0.00    18  sleep

04:38:21 AM   UID       PID    %usr %system  %guest   %wait    %CPU   CPU  Command
04:38:22 AM  1000    328755    0.00    0.00    0.00    0.00    0.00    18  run-grafana.sh
04:38:22 AM  1000    328758    0.00    0.00    0.00    0.00    0.00    20  run-loki.sh
04:38:22 AM  1000    328762    0.00    0.00    0.00    0.00    0.00    16  run-otelcol.sh
04:38:22 AM  1000    328766    0.00    0.00    0.00    0.00    0.00    16  run-prometheus.
04:38:22 AM  1000    328770    0.00    0.00    0.00    0.00    0.00    16  run-tempo.sh
04:38:22 AM  1000    328788    0.00    0.00    0.00    0.00    0.00    20  run-pyroscope.s
04:38:22 AM  1000    328880    0.00    0.00    0.00    0.00    0.00    18  sleep

04:38:22 AM   UID       PID    %usr %system  %guest   %wait    %CPU   CPU  Command
04:38:23 AM  1000    328755    0.00    0.00    0.00    0.00    0.00    18  run-grafana.sh
04:38:23 AM  1000    328758    0.00    0.00    0.00    0.00    0.00    20  run-loki.sh
04:38:23 AM  1000    328762    0.00    0.00    0.00    0.00    0.00    16  run-otelcol.sh
04:38:23 AM  1000    328766    0.00    0.00    0.00    0.00    0.00    16  run-prometheus.
04:38:23 AM  1000    328770    0.00    0.00    0.00    0.00    0.00    16  run-tempo.sh
04:38:23 AM  1000    328788    0.00    0.00    0.00    0.00    0.00    20  run-pyroscope.s
04:38:23 AM  1000    328880    0.00    0.00    0.00    0.00    0.00    18  sleep

04:38:23 AM   UID       PID    %usr %system  %guest   %wait    %CPU   CPU  Command
04:38:24 AM  1000    328755    0.00    0.00    0.00    0.00    0.00    18  run-grafana.sh
04:38:24 AM  1000    328758    0.00    0.00    0.00    0.00    0.00    20  run-loki.sh
04:38:24 AM  1000    328762    0.00    0.00    0.00    0.00    0.00    16  run-otelcol.sh
04:38:24 AM  1000    328766    0.00    0.00    0.00    0.00    0.00    16  run-prometheus.
04:38:24 AM  1000    328770    0.00    0.00    0.00    0.00    0.00    16  run-tempo.sh
04:38:24 AM  1000    328788    0.00    0.00    0.00    0.00    0.00    20  run-pyroscope.s
04:38:24 AM  1000    328880    0.00    0.00    0.00    0.00    0.00    18  sleep

04:38:24 AM   UID       PID    %usr %system  %guest   %wait    %CPU   CPU  Command
04:38:25 AM  1000    328755    0.00    0.00    0.00    0.00    0.00    18  run-grafana.sh
04:38:25 AM  1000    328758    0.00    0.00    0.00    0.00    0.00    20  run-loki.sh
04:38:25 AM  1000    328762    0.00    0.00    0.00    0.00    0.00    16  run-otelcol.sh
04:38:25 AM  1000    328766    0.00    0.00    0.00    0.00    0.00    16  run-prometheus.
04:38:25 AM  1000    328770    0.00    0.00    0.00    0.00    0.00    16  run-tempo.sh
04:38:25 AM  1000    328788    0.00    0.00    0.00    0.00    0.00    20  run-pyroscope.s
04:38:25 AM  1000    328880    0.00    0.00    0.00    0.00    0.00    18  sleep

04:38:25 AM   UID       PID    %usr %system  %guest   %wait    %CPU   CPU  Command
04:38:26 AM  1000    328755    0.00    0.00    0.00    0.00    0.00    18  run-grafana.sh
04:38:26 AM  1000    328758    0.00    0.00    0.00    0.00    0.00    20  run-loki.sh
04:38:26 AM  1000    328762    0.00    0.00    0.00    0.00    0.00    16  run-otelcol.sh
04:38:26 AM  1000    328766    0.00    0.00    0.00    0.00    0.00    16  run-prometheus.
04:38:26 AM  1000    328770    0.00    0.00    0.00    0.00    0.00    16  run-tempo.sh
04:38:26 AM  1000    328788    0.00    0.00    0.00    0.00    0.00    20  run-pyroscope.s
04:38:26 AM  1000    328880    0.00    0.00    0.00    0.00    0.00    18  sleep

04:38:26 AM   UID       PID    %usr %system  %guest   %wait    %CPU   CPU  Command
04:38:27 AM  1000    328755    0.00    0.00    0.00    0.00    0.00    18  run-grafana.sh
04:38:27 AM  1000    328758    0.00    0.00    0.00    0.00    0.00    20  run-loki.sh
04:38:27 AM  1000    328762    0.00    0.00    0.00    0.00    0.00    16  run-otelcol.sh
04:38:27 AM  1000    328766    0.00    0.00    0.00    0.00    0.00    16  run-prometheus.
04:38:27 AM  1000    328770    0.00    0.00    0.00    0.00    0.00    16  run-tempo.sh
04:38:27 AM  1000    328788    0.00    0.00    0.00    0.00    0.00    20  run-pyroscope.s
04:38:27 AM  1000    328880    0.00    0.00    0.00    0.00    0.00    18  sleep

04:38:27 AM   UID       PID    %usr %system  %guest   %wait    %CPU   CPU  Command
04:38:28 AM  1000    328755    0.00    0.00    0.00    0.00    0.00    18  run-grafana.sh
04:38:28 AM  1000    328758    0.00    0.00    0.00    0.00    0.00    20  run-loki.sh
04:38:28 AM  1000    328762    0.00    0.00    0.00    0.00    0.00    16  run-otelcol.sh
04:38:28 AM  1000    328766    0.00    0.00    0.00    0.00    0.00    16  run-prometheus.
04:38:28 AM  1000    328770    0.00    0.00    0.00    0.00    0.00    16  run-tempo.sh
04:38:28 AM  1000    328788    0.00    0.00    0.00    0.00    0.00    20  run-pyroscope.s
04:38:28 AM  1000    328880    0.00    0.00    0.00    0.00    0.00    18  sleep

04:38:28 AM   UID       PID    %usr %system  %guest   %wait    %CPU   CPU  Command
04:38:29 AM  1000    328755    0.00    0.00    0.00    0.00    0.00    18  run-grafana.sh
04:38:29 AM  1000    328758    0.00    0.00    0.00    0.00    0.00    20  run-loki.sh
04:38:29 AM  1000    328762    0.00    0.00    0.00    0.00    0.00    16  run-otelcol.sh
04:38:29 AM  1000    328766    0.00    0.00    0.00    0.00    0.00    16  run-prometheus.
04:38:29 AM  1000    328770    0.00    0.00    0.00    0.00    0.00    16  run-tempo.sh
04:38:29 AM  1000    328788    0.00    0.00    0.00    0.00    0.00    20  run-pyroscope.s
04:38:29 AM  1000    328880    0.00    0.00    0.00    0.00    0.00    18  sleep

04:38:29 AM   UID       PID    %usr %system  %guest   %wait    %CPU   CPU  Command
04:38:30 AM  1000    328755    0.00    0.00    0.00    0.00    0.00    18  run-grafana.sh
04:38:30 AM  1000    328758    0.00    0.00    0.00    0.00    0.00    20  run-loki.sh
04:38:30 AM  1000    328762    0.00    0.00    0.00    0.00    0.00    16  run-otelcol.sh
04:38:30 AM  1000    328766    0.00    0.00    0.00    0.00    0.00    16  run-prometheus.
04:38:30 AM  1000    328770    0.00    0.00    0.00    0.00    0.00    16  run-tempo.sh
04:38:30 AM  1000    328788    0.00    0.00    0.00    0.00    0.00    20  run-pyroscope.s
04:38:30 AM  1000    328880    0.00    0.00    0.00    0.00    0.00    18  sleep

04:38:30 AM   UID       PID    %usr %system  %guest   %wait    %CPU   CPU  Command
04:38:31 AM  1000    328755    0.00    0.00    0.00    0.00    0.00    18  run-grafana.sh
04:38:31 AM  1000    328758    0.00    0.00    0.00    0.00    0.00    20  run-loki.sh
04:38:31 AM  1000    328762    0.00    0.00    0.00    0.00    0.00    16  run-otelcol.sh
04:38:31 AM  1000    328766    0.00    0.00    0.00    0.00    0.00    16  run-prometheus.
04:38:31 AM  1000    328770    0.00    0.00    0.00    0.00    0.00    16  run-tempo.sh
04:38:31 AM  1000    328788    0.00    0.00    0.00    0.00    0.00    20  run-pyroscope.s
04:38:31 AM  1000    328880    0.00    0.00    0.00    0.00    0.00    18  sleep

04:38:31 AM   UID       PID    %usr %system  %guest   %wait    %CPU   CPU  Command
04:38:32 AM  1000    328755    0.00    0.00    0.00    0.00    0.00    18  run-grafana.sh
04:38:32 AM  1000    328758    0.00    0.00    0.00    0.00    0.00    20  run-loki.sh
04:38:32 AM  1000    328762    0.00    0.00    0.00    0.00    0.00    16  run-otelcol.sh
04:38:32 AM  1000    328766    0.00    0.00    0.00    0.00    0.00    16  run-prometheus.
04:38:32 AM  1000    328770    0.00    0.00    0.00    0.00    0.00    16  run-tempo.sh
04:38:32 AM  1000    328788    0.00    0.00    0.00    0.00    0.00    20  run-pyroscope.s
04:38:32 AM  1000    328880    0.00    0.00    0.00    0.00    0.00    18  sleep

04:38:32 AM   UID       PID    %usr %system  %guest   %wait    %CPU   CPU  Command
04:38:33 AM  1000    328755    0.00    0.00    0.00    0.00    0.00    18  run-grafana.sh
04:38:33 AM  1000    328758    0.00    0.00    0.00    0.00    0.00    20  run-loki.sh
04:38:33 AM  1000    328762    0.00    0.00    0.00    0.00    0.00    16  run-otelcol.sh
04:38:33 AM  1000    328766    0.00    0.00    0.00    0.00    0.00    16  run-prometheus.
04:38:33 AM  1000    328770    0.00    0.00    0.00    0.00    0.00    16  run-tempo.sh
04:38:33 AM  1000    328788    0.00    0.00    0.00    0.00    0.00    20  run-pyroscope.s
04:38:33 AM  1000    328880    0.00    0.00    0.00    0.00    0.00    18  sleep

04:38:33 AM   UID       PID    %usr %system  %guest   %wait    %CPU   CPU  Command
04:38:34 AM  1000    328755    0.00    0.00    0.00    0.00    0.00    18  run-grafana.sh
04:38:34 AM  1000    328758    0.00    0.00    0.00    0.00    0.00    20  run-loki.sh
04:38:34 AM  1000    328762    0.00    0.00    0.00    0.00    0.00    16  run-otelcol.sh
04:38:34 AM  1000    328766    0.00    0.00    0.00    0.00    0.00    16  run-prometheus.
04:38:34 AM  1000    328770    0.00    0.00    0.00    0.00    0.00    16  run-tempo.sh
04:38:34 AM  1000    328788    0.00    0.00    0.00    0.00    0.00    20  run-pyroscope.s
04:38:34 AM  1000    328880    0.00    0.00    0.00    0.00    0.00    18  sleep

04:38:34 AM   UID       PID    %usr %system  %guest   %wait    %CPU   CPU  Command
04:38:35 AM  1000    328755    0.00    0.00    0.00    0.00    0.00    18  run-grafana.sh
04:38:35 AM  1000    328758    0.00    0.00    0.00    0.00    0.00    20  run-loki.sh
04:38:35 AM  1000    328762    0.00    0.00    0.00    0.00    0.00    16  run-otelcol.sh
04:38:35 AM  1000    328766    0.00    0.00    0.00    0.00    0.00    16  run-prometheus.
04:38:35 AM  1000    328770    0.00    0.00    0.00    0.00    0.00    16  run-tempo.sh
04:38:35 AM  1000    328788    0.00    0.00    0.00    0.00    0.00    20  run-pyroscope.s
04:38:35 AM  1000    328880    0.00    0.00    0.00    0.00    0.00    18  sleep

04:38:35 AM   UID       PID    %usr %system  %guest   %wait    %CPU   CPU  Command
04:38:36 AM  1000    328755    0.00    0.00    0.00    0.00    0.00    18  run-grafana.sh
04:38:36 AM  1000    328758    0.00    0.00    0.00    0.00    0.00    20  run-loki.sh
04:38:36 AM  1000    328762    0.00    0.00    0.00    0.00    0.00    16  run-otelcol.sh
04:38:36 AM  1000    328766    0.00    0.00    0.00    0.00    0.00    16  run-prometheus.
04:38:36 AM  1000    328770    0.00    0.00    0.00    0.00    0.00    16  run-tempo.sh
04:38:36 AM  1000    328788    0.00    0.00    0.00    0.00    0.00    20  run-pyroscope.s
04:38:36 AM  1000    328880    0.00    0.00    0.00    0.00    0.00    18  sleep

04:38:36 AM   UID       PID    %usr %system  %guest   %wait    %CPU   CPU  Command
04:38:37 AM  1000    328755    0.00    0.00    0.00    0.00    0.00    18  run-grafana.sh
04:38:37 AM  1000    328758    0.00    0.00    0.00    0.00    0.00    20  run-loki.sh
04:38:37 AM  1000    328762    0.00    0.00    0.00    0.00    0.00    16  run-otelcol.sh
04:38:37 AM  1000    328766    0.00    0.00    0.00    0.00    0.00    16  run-prometheus.
04:38:37 AM  1000    328770    0.00    0.00    0.00    0.00    0.00    16  run-tempo.sh
04:38:37 AM  1000    328788    0.00    0.00    0.00    0.00    0.00    20  run-pyroscope.s
04:38:37 AM  1000    328880    0.00    0.00    0.00    0.00    0.00    18  sleep

04:38:37 AM   UID       PID    %usr %system  %guest   %wait    %CPU   CPU  Command
04:38:38 AM  1000    328755    0.00    0.00    0.00    0.00    0.00    18  run-grafana.sh
04:38:38 AM  1000    328758    0.00    0.00    0.00    0.00    0.00    20  run-loki.sh
04:38:38 AM  1000    328762    0.00    0.00    0.00    0.00    0.00    16  run-otelcol.sh
04:38:38 AM  1000    328766    0.00    0.00    0.00    0.00    0.00    16  run-prometheus.
04:38:38 AM  1000    328770    0.00    0.00    0.00    0.00    0.00    16  run-tempo.sh
04:38:38 AM  1000    328788    0.00    0.00    0.00    0.00    0.00    20  run-pyroscope.s
04:38:38 AM  1000    328880    0.00    0.00    0.00    0.00    0.00    18  sleep

04:38:38 AM   UID       PID    %usr %system  %guest   %wait    %CPU   CPU  Command
04:38:39 AM  1000    328755    0.00    0.00    0.00    0.00    0.00    18  run-grafana.sh
04:38:39 AM  1000    328758    0.00    0.00    0.00    0.00    0.00    20  run-loki.sh
04:38:39 AM  1000    328762    0.00    0.00    0.00    0.00    0.00    16  run-otelcol.sh
04:38:39 AM  1000    328766    0.00    0.00    0.00    0.00    0.00    16  run-prometheus.
04:38:39 AM  1000    328770    0.00    0.00    0.00    0.00    0.00    16  run-tempo.sh
04:38:39 AM  1000    328788    0.00    0.00    0.00    0.00    0.00    20  run-pyroscope.s
04:38:39 AM  1000    328880    0.00    0.00    0.00    0.00    0.00    18  sleep

04:38:39 AM   UID       PID    %usr %system  %guest   %wait    %CPU   CPU  Command
04:38:40 AM  1000    328755    0.00    0.00    0.00    0.00    0.00    18  run-grafana.sh
04:38:40 AM  1000    328758    0.00    0.00    0.00    0.00    0.00    20  run-loki.sh
04:38:40 AM  1000    328762    0.00    0.00    0.00    0.00    0.00    16  run-otelcol.sh
04:38:40 AM  1000    328766    0.00    0.00    0.00    0.00    0.00    16  run-prometheus.
04:38:40 AM  1000    328770    0.00    0.00    0.00    0.00    0.00    16  run-tempo.sh
04:38:40 AM  1000    328788    0.00    0.00    0.00    0.00    0.00    20  run-pyroscope.s
04:38:40 AM  1000    328880    0.00    0.00    0.00    0.00    0.00    18  sleep

04:38:40 AM   UID       PID    %usr %system  %guest   %wait    %CPU   CPU  Command
04:38:41 AM  1000    328755    0.00    0.00    0.00    0.00    0.00    18  run-grafana.sh
04:38:41 AM  1000    328758    0.00    0.00    0.00    0.00    0.00    20  run-loki.sh
04:38:41 AM  1000    328762    0.00    0.00    0.00    0.00    0.00    16  run-otelcol.sh
04:38:41 AM  1000    328766    0.00    0.00    0.00    0.00    0.00    16  run-prometheus.
04:38:41 AM  1000    328770    0.00    0.00    0.00    0.00    0.00    16  run-tempo.sh
04:38:41 AM  1000    328788    0.00    0.00    0.00    0.00    0.00    20  run-pyroscope.s
04:38:41 AM  1000    328880    0.00    0.00    0.00    0.00    0.00    18  sleep

04:38:41 AM   UID       PID    %usr %system  %guest   %wait    %CPU   CPU  Command
04:38:42 AM  1000    328755    0.00    0.00    0.00    0.00    0.00    18  run-grafana.sh
04:38:42 AM  1000    328758    0.00    0.00    0.00    0.00    0.00    20  run-loki.sh
04:38:42 AM  1000    328762    0.00    0.00    0.00    0.00    0.00    16  run-otelcol.sh
04:38:42 AM  1000    328766    0.00    0.00    0.00    0.00    0.00    16  run-prometheus.
04:38:42 AM  1000    328770    0.00    0.00    0.00    0.00    0.00    16  run-tempo.sh
04:38:42 AM  1000    328788    0.00    0.00    0.00    0.00    0.00    20  run-pyroscope.s
04:38:42 AM  1000    328880    0.00    0.00    0.00    0.00    0.00    18  sleep

04:38:42 AM   UID       PID    %usr %system  %guest   %wait    %CPU   CPU  Command
04:38:43 AM  1000    328755    0.00    0.00    0.00    0.00    0.00    18  run-grafana.sh
04:38:43 AM  1000    328758    0.00    0.00    0.00    0.00    0.00    20  run-loki.sh
04:38:43 AM  1000    328762    0.00    0.00    0.00    0.00    0.00    16  run-otelcol.sh
04:38:43 AM  1000    328766    0.00    0.00    0.00    0.00    0.00    16  run-prometheus.
04:38:43 AM  1000    328770    0.00    0.00    0.00    0.00    0.00    16  run-tempo.sh
04:38:43 AM  1000    328788    0.00    0.00    0.00    0.00    0.00    20  run-pyroscope.s
04:38:43 AM  1000    328880    0.00    0.00    0.00    0.00    0.00    18  sleep

04:38:43 AM   UID       PID    %usr %system  %guest   %wait    %CPU   CPU  Command
04:38:44 AM  1000    328755    0.00    0.00    0.00    0.00    0.00    18  run-grafana.sh
04:38:44 AM  1000    328758    0.00    0.00    0.00    0.00    0.00    20  run-loki.sh
04:38:44 AM  1000    328762    0.00    0.00    0.00    0.00    0.00    16  run-otelcol.sh
04:38:44 AM  1000    328766    0.00    0.00    0.00    0.00    0.00    16  run-prometheus.
04:38:44 AM  1000    328770    0.00    0.00    0.00    0.00    0.00    16  run-tempo.sh
04:38:44 AM  1000    328788    0.00    0.00    0.00    0.00    0.00    20  run-pyroscope.s
04:38:44 AM  1000    328880    0.00    0.00    0.00    0.00    0.00    18  sleep

04:38:44 AM   UID       PID    %usr %system  %guest   %wait    %CPU   CPU  Command
04:38:45 AM  1000    328755    0.00    0.00    0.00    0.00    0.00    18  run-grafana.sh
04:38:45 AM  1000    328758    0.00    0.00    0.00    0.00    0.00    20  run-loki.sh
04:38:45 AM  1000    328762    0.00    0.00    0.00    0.00    0.00    16  run-otelcol.sh
04:38:45 AM  1000    328766    0.00    0.00    0.00    0.00    0.00    16  run-prometheus.
04:38:45 AM  1000    328770    0.00    0.00    0.00    0.00    0.00    16  run-tempo.sh
04:38:45 AM  1000    328788    0.00    0.00    0.00    0.00    0.00    20  run-pyroscope.s
04:38:45 AM  1000    328880    0.00    0.00    0.00    0.00    0.00    18  sleep

04:38:45 AM   UID       PID    %usr %system  %guest   %wait    %CPU   CPU  Command
04:38:46 AM  1000    328755    0.00    0.00    0.00    0.00    0.00    18  run-grafana.sh
04:38:46 AM  1000    328758    0.00    0.00    0.00    0.00    0.00    20  run-loki.sh
04:38:46 AM  1000    328762    0.00    0.00    0.00    0.00    0.00    16  run-otelcol.sh
04:38:46 AM  1000    328766    0.00    0.00    0.00    0.00    0.00    16  run-prometheus.
04:38:46 AM  1000    328770    0.00    0.00    0.00    0.00    0.00    16  run-tempo.sh
04:38:46 AM  1000    328788    0.00    0.00    0.00    0.00    0.00    20  run-pyroscope.s
04:38:46 AM  1000    328880    0.00    0.00    0.00    0.00    0.00    18  sleep

04:38:46 AM   UID       PID    %usr %system  %guest   %wait    %CPU   CPU  Command
04:38:47 AM  1000    328755    0.00    0.00    0.00    0.00    0.00    18  run-grafana.sh
04:38:47 AM  1000    328758    0.00    0.00    0.00    0.00    0.00    20  run-loki.sh
04:38:47 AM  1000    328762    0.00    0.00    0.00    0.00    0.00    16  run-otelcol.sh
04:38:47 AM  1000    328766    0.00    0.00    0.00    0.00    0.00    16  run-prometheus.
04:38:47 AM  1000    328770    0.00    0.00    0.00    0.00    0.00    16  run-tempo.sh
04:38:47 AM  1000    328788    0.00    0.00    0.00    0.00    0.00    20  run-pyroscope.s
04:38:47 AM  1000    328880    0.00    0.00    0.00    0.00    0.00    18  sleep

04:38:47 AM   UID       PID    %usr %system  %guest   %wait    %CPU   CPU  Command
04:38:48 AM  1000    328755    0.00    0.00    0.00    0.00    0.00    18  run-grafana.sh
04:38:48 AM  1000    328758    0.00    0.00    0.00    0.00    0.00    20  run-loki.sh
04:38:48 AM  1000    328762    0.00    0.00    0.00    0.00    0.00    16  run-otelcol.sh
04:38:48 AM  1000    328766    0.00    0.00    0.00    0.00    0.00    16  run-prometheus.
04:38:48 AM  1000    328770    0.00    0.00    0.00    0.00    0.00    16  run-tempo.sh
04:38:48 AM  1000    328788    0.00    0.00    0.00    0.00    0.00    20  run-pyroscope.s
04:38:48 AM  1000    328880    0.00    0.00    0.00    0.00    0.00    18  sleep

04:38:48 AM   UID       PID    %usr %system  %guest   %wait    %CPU   CPU  Command
04:38:49 AM  1000    328755    0.00    0.00    0.00    0.00    0.00    18  run-grafana.sh
04:38:49 AM  1000    328758    0.00    0.00    0.00    0.00    0.00    20  run-loki.sh
04:38:49 AM  1000    328762    0.00    0.00    0.00    0.00    0.00    16  run-otelcol.sh
04:38:49 AM  1000    328766    0.00    0.00    0.00    0.00    0.00    16  run-prometheus.
04:38:49 AM  1000    328770    0.00    0.00    0.00    0.00    0.00    16  run-tempo.sh
04:38:49 AM  1000    328788    0.00    0.00    0.00    0.00    0.00    20  run-pyroscope.s
04:38:49 AM  1000    328880    0.00    0.00    0.00    0.00    0.00    18  sleep

04:38:49 AM   UID       PID    %usr %system  %guest   %wait    %CPU   CPU  Command
04:38:50 AM  1000    328755    0.00    0.00    0.00    0.00    0.00    18  run-grafana.sh
04:38:50 AM  1000    328758    0.00    0.00    0.00    0.00    0.00    20  run-loki.sh
04:38:50 AM  1000    328762    0.00    0.00    0.00    0.00    0.00    16  run-otelcol.sh
04:38:50 AM  1000    328766    0.00    0.00    0.00    0.00    0.00    16  run-prometheus.
04:38:50 AM  1000    328770    0.00    0.00    0.00    0.00    0.00    16  run-tempo.sh
04:38:50 AM  1000    328788    0.00    0.00    0.00    0.00    0.00    20  run-pyroscope.s
04:38:50 AM  1000    328880    0.00    0.00    0.00    0.00    0.00    18  sleep

04:38:50 AM   UID       PID    %usr %system  %guest   %wait    %CPU   CPU  Command
04:38:51 AM  1000    328755    0.00    0.00    0.00    0.00    0.00    18  run-grafana.sh
04:38:51 AM  1000    328758    0.00    0.00    0.00    0.00    0.00    20  run-loki.sh
04:38:51 AM  1000    328762    0.00    0.00    0.00    0.00    0.00    16  run-otelcol.sh
04:38:51 AM  1000    328766    0.00    0.00    0.00    0.00    0.00    16  run-prometheus.
04:38:51 AM  1000    328770    0.00    0.00    0.00    0.00    0.00    16  run-tempo.sh
04:38:51 AM  1000    328788    0.00    0.00    0.00    0.00    0.00    20  run-pyroscope.s
04:38:51 AM  1000    328880    0.00    0.00    0.00    0.00    0.00    18  sleep

04:38:51 AM   UID       PID    %usr %system  %guest   %wait    %CPU   CPU  Command
04:38:52 AM  1000    328755    0.00    0.00    0.00    0.00    0.00    18  run-grafana.sh
04:38:52 AM  1000    328758    0.00    0.00    0.00    0.00    0.00    20  run-loki.sh
04:38:52 AM  1000    328762    0.00    0.00    0.00    0.00    0.00    16  run-otelcol.sh
04:38:52 AM  1000    328766    0.00    0.00    0.00    0.00    0.00    16  run-prometheus.
04:38:52 AM  1000    328770    0.00    0.00    0.00    0.00    0.00    16  run-tempo.sh
04:38:52 AM  1000    328788    0.00    0.00    0.00    0.00    0.00    20  run-pyroscope.s
04:38:52 AM  1000    328880    0.00    0.00    0.00    0.00    0.00    18  sleep

04:38:52 AM   UID       PID    %usr %system  %guest   %wait    %CPU   CPU  Command
04:38:53 AM  1000    328755    0.00    0.00    0.00    0.00    0.00    18  run-grafana.sh
04:38:53 AM  1000    328758    0.00    0.00    0.00    0.00    0.00    20  run-loki.sh
04:38:53 AM  1000    328762    0.00    0.00    0.00    0.00    0.00    16  run-otelcol.sh
04:38:53 AM  1000    328766    0.00    0.00    0.00    0.00    0.00    16  run-prometheus.
04:38:53 AM  1000    328770    0.00    0.00    0.00    0.00    0.00    16  run-tempo.sh
04:38:53 AM  1000    328788    0.00    0.00    0.00    0.00    0.00    20  run-pyroscope.s
04:38:53 AM  1000    328880    0.00    0.00    0.00    0.00    0.00    18  sleep

04:38:53 AM   UID       PID    %usr %system  %guest   %wait    %CPU   CPU  Command
04:38:54 AM  1000    328755    0.00    0.00    0.00    0.00    0.00    18  run-grafana.sh
04:38:54 AM  1000    328758    0.00    0.00    0.00    0.00    0.00    20  run-loki.sh
04:38:54 AM  1000    328762    0.00    0.00    0.00    0.00    0.00    16  run-otelcol.sh
04:38:54 AM  1000    328766    0.00    0.00    0.00    0.00    0.00    16  run-prometheus.
04:38:54 AM  1000    328770    0.00    0.00    0.00    0.00    0.00    16  run-tempo.sh
04:38:54 AM  1000    328788    0.00    0.00    0.00    0.00    0.00    20  run-pyroscope.s
04:38:54 AM  1000    328880    0.00    0.00    0.00    0.00    0.00    18  sleep

04:38:54 AM   UID       PID    %usr %system  %guest   %wait    %CPU   CPU  Command
04:38:55 AM  1000    328755    0.00    0.00    0.00    0.00    0.00    18  run-grafana.sh
04:38:55 AM  1000    328758    0.00    0.00    0.00    0.00    0.00    20  run-loki.sh
04:38:55 AM  1000    328762    0.00    0.00    0.00    0.00    0.00    16  run-otelcol.sh
04:38:55 AM  1000    328766    0.00    0.00    0.00    0.00    0.00    16  run-prometheus.
04:38:55 AM  1000    328770    0.00    0.00    0.00    0.00    0.00    16  run-tempo.sh
04:38:55 AM  1000    328788    0.00    0.00    0.00    0.00    0.00    20  run-pyroscope.s
04:38:55 AM  1000    328880    0.00    0.00    0.00    0.00    0.00    18  sleep

04:38:55 AM   UID       PID    %usr %system  %guest   %wait    %CPU   CPU  Command
04:38:56 AM  1000    328755    0.00    0.00    0.00    0.00    0.00    18  run-grafana.sh
04:38:56 AM  1000    328758    0.00    0.00    0.00    0.00    0.00    20  run-loki.sh
04:38:56 AM  1000    328762    0.00    0.00    0.00    0.00    0.00    16  run-otelcol.sh
04:38:56 AM  1000    328766    0.00    0.00    0.00    0.00    0.00    16  run-prometheus.
04:38:56 AM  1000    328770    0.00    0.00    0.00    0.00    0.00    16  run-tempo.sh
04:38:56 AM  1000    328788    0.00    0.00    0.00    0.00    0.00    20  run-pyroscope.s
04:38:56 AM  1000    328880    0.00    0.00    0.00    0.00    0.00    18  sleep

04:38:56 AM   UID       PID    %usr %system  %guest   %wait    %CPU   CPU  Command
04:38:57 AM  1000    328755    0.00    0.00    0.00    0.00    0.00    18  run-grafana.sh
04:38:57 AM  1000    328758    0.00    0.00    0.00    0.00    0.00    20  run-loki.sh
04:38:57 AM  1000    328762    0.00    0.00    0.00    0.00    0.00    16  run-otelcol.sh
04:38:57 AM  1000    328766    0.00    0.00    0.00    0.00    0.00    16  run-prometheus.
04:38:57 AM  1000    328770    0.00    0.00    0.00    0.00    0.00    16  run-tempo.sh
04:38:57 AM  1000    328788    0.00    0.00    0.00    0.00    0.00    20  run-pyroscope.s
04:38:57 AM  1000    328880    0.00    0.00    0.00    0.00    0.00    18  sleep

04:38:57 AM   UID       PID    %usr %system  %guest   %wait    %CPU   CPU  Command
04:38:58 AM  1000    328755    0.00    0.00    0.00    0.00    0.00    18  run-grafana.sh
04:38:58 AM  1000    328758    0.00    0.00    0.00    0.00    0.00    20  run-loki.sh
04:38:58 AM  1000    328762    0.00    0.00    0.00    0.00    0.00    16  run-otelcol.sh
04:38:58 AM  1000    328766    0.00    0.00    0.00    0.00    0.00    16  run-prometheus.
04:38:58 AM  1000    328770    0.00    0.00    0.00    0.00    0.00    16  run-tempo.sh
04:38:58 AM  1000    328788    0.00    0.00    0.00    0.00    0.00    20  run-pyroscope.s
04:38:58 AM  1000    328880    0.00    0.00    0.00    0.00    0.00    18  sleep

04:38:58 AM   UID       PID    %usr %system  %guest   %wait    %CPU   CPU  Command
04:38:59 AM  1000    328755    0.00    0.00    0.00    0.00    0.00    18  run-grafana.sh
04:38:59 AM  1000    328758    0.00    0.00    0.00    0.00    0.00    20  run-loki.sh
04:38:59 AM  1000    328762    0.00    0.00    0.00    0.00    0.00    16  run-otelcol.sh
04:38:59 AM  1000    328766    0.00    0.00    0.00    0.00    0.00    16  run-prometheus.
04:38:59 AM  1000    328770    0.00    0.00    0.00    0.00    0.00    16  run-tempo.sh
04:38:59 AM  1000    328788    0.00    0.00    0.00    0.00    0.00    20  run-pyroscope.s
04:38:59 AM  1000    328880    0.00    0.00    0.00    0.00    0.00    18  sleep

04:38:59 AM   UID       PID    %usr %system  %guest   %wait    %CPU   CPU  Command
04:39:00 AM  1000    328755    0.00    0.00    0.00    0.00    0.00    18  run-grafana.sh
04:39:00 AM  1000    328758    0.00    0.00    0.00    0.00    0.00    20  run-loki.sh
04:39:00 AM  1000    328762    0.00    0.00    0.00    0.00    0.00    16  run-otelcol.sh
04:39:00 AM  1000    328766    0.00    0.00    0.00    0.00    0.00    16  run-prometheus.
04:39:00 AM  1000    328770    0.00    0.00    0.00    0.00    0.00    16  run-tempo.sh
04:39:00 AM  1000    328788    0.00    0.00    0.00    0.00    0.00    20  run-pyroscope.s
04:39:00 AM  1000    328880    0.00    0.00    0.00    0.00    0.00    18  sleep

04:39:00 AM   UID       PID    %usr %system  %guest   %wait    %CPU   CPU  Command
04:39:01 AM  1000    328755    0.00    0.00    0.00    0.00    0.00    18  run-grafana.sh
04:39:01 AM  1000    328758    0.00    0.00    0.00    0.00    0.00    20  run-loki.sh
04:39:01 AM  1000    328762    0.00    0.00    0.00    0.00    0.00    16  run-otelcol.sh
04:39:01 AM  1000    328766    0.00    0.00    0.00    0.00    0.00    16  run-prometheus.
04:39:01 AM  1000    328770    0.00    0.00    0.00    0.00    0.00    16  run-tempo.sh
04:39:01 AM  1000    328788    0.00    0.00    0.00    0.00    0.00    20  run-pyroscope.s
04:39:01 AM  1000    328880    0.00    0.00    0.00    0.00    0.00    18  sleep

04:39:01 AM   UID       PID    %usr %system  %guest   %wait    %CPU   CPU  Command
04:39:02 AM  1000    328755    0.00    0.00    0.00    0.00    0.00    18  run-grafana.sh
04:39:02 AM  1000    328758    0.00    0.00    0.00    0.00    0.00    20  run-loki.sh
04:39:02 AM  1000    328762    0.00    0.00    0.00    0.00    0.00    16  run-otelcol.sh
04:39:02 AM  1000    328766    0.00    0.00    0.00    0.00    0.00    16  run-prometheus.
04:39:02 AM  1000    328770    0.00    0.00    0.00    0.00    0.00    16  run-tempo.sh
04:39:02 AM  1000    328788    0.00    0.00    0.00    0.00    0.00    20  run-pyroscope.s
04:39:02 AM  1000    328880    0.00    0.00    0.00    0.00    0.00    18  sleep

04:39:02 AM   UID       PID    %usr %system  %guest   %wait    %CPU   CPU  Command
04:39:03 AM  1000    328755    0.00    0.00    0.00    0.00    0.00    18  run-grafana.sh
04:39:03 AM  1000    328758    0.00    0.00    0.00    0.00    0.00    20  run-loki.sh
04:39:03 AM  1000    328762    0.00    0.00    0.00    0.00    0.00    16  run-otelcol.sh
04:39:03 AM  1000    328766    0.00    0.00    0.00    0.00    0.00    16  run-prometheus.
04:39:03 AM  1000    328770    0.00    0.00    0.00    0.00    0.00    16  run-tempo.sh
04:39:03 AM  1000    328788    0.00    0.00    0.00    0.00    0.00    20  run-pyroscope.s
04:39:03 AM  1000    328880    0.00    0.00    0.00    0.00    0.00    18  sleep

04:39:03 AM   UID       PID    %usr %system  %guest   %wait    %CPU   CPU  Command
04:39:04 AM  1000    328755    0.00    0.00    0.00    0.00    0.00    18  run-grafana.sh
04:39:04 AM  1000    328758    0.00    0.00    0.00    0.00    0.00    20  run-loki.sh
04:39:04 AM  1000    328762    0.00    0.00    0.00    0.00    0.00    16  run-otelcol.sh
04:39:04 AM  1000    328766    0.00    0.00    0.00    0.00    0.00    16  run-prometheus.
04:39:04 AM  1000    328770    0.00    0.00    0.00    0.00    0.00    16  run-tempo.sh
04:39:04 AM  1000    328788    0.00    0.00    0.00    0.00    0.00    20  run-pyroscope.s
04:39:04 AM  1000    328880    0.00    0.00    0.00    0.00    0.00    18  sleep

04:39:04 AM   UID       PID    %usr %system  %guest   %wait    %CPU   CPU  Command
04:39:05 AM  1000    328755    0.00    0.00    0.00    0.00    0.00    18  run-grafana.sh
04:39:05 AM  1000    328758    0.00    0.00    0.00    0.00    0.00    20  run-loki.sh
04:39:05 AM  1000    328762    0.00    0.00    0.00    0.00    0.00    16  run-otelcol.sh
04:39:05 AM  1000    328766    0.00    0.00    0.00    0.00    0.00    16  run-prometheus.
04:39:05 AM  1000    328770    0.00    0.00    0.00    0.00    0.00    16  run-tempo.sh
04:39:05 AM  1000    328788    0.00    0.00    0.00    0.00    0.00    20  run-pyroscope.s
04:39:05 AM  1000    328880    0.00    0.00    0.00    0.00    0.00    18  sleep

04:39:05 AM   UID       PID    %usr %system  %guest   %wait    %CPU   CPU  Command
04:39:06 AM  1000    328755    0.00    0.00    0.00    0.00    0.00    18  run-grafana.sh
04:39:06 AM  1000    328758    0.00    0.00    0.00    0.00    0.00    20  run-loki.sh
04:39:06 AM  1000    328762    0.00    0.00    0.00    0.00    0.00    16  run-otelcol.sh
04:39:06 AM  1000    328766    0.00    0.00    0.00    0.00    0.00    16  run-prometheus.
04:39:06 AM  1000    328770    0.00    0.00    0.00    0.00    0.00    16  run-tempo.sh
04:39:06 AM  1000    328788    0.00    0.00    0.00    0.00    0.00    20  run-pyroscope.s
04:39:06 AM  1000    328880    0.00    0.00    0.00    0.00    0.00    18  sleep

04:39:06 AM   UID       PID    %usr %system  %guest   %wait    %CPU   CPU  Command
04:39:07 AM  1000    328755    0.00    0.00    0.00    0.00    0.00    18  run-grafana.sh
04:39:07 AM  1000    328758    0.00    0.00    0.00    0.00    0.00    20  run-loki.sh
04:39:07 AM  1000    328762    0.00    0.00    0.00    0.00    0.00    16  run-otelcol.sh
04:39:07 AM  1000    328766    0.00    0.00    0.00    0.00    0.00    16  run-prometheus.
04:39:07 AM  1000    328770    0.00    0.00    0.00    0.00    0.00    16  run-tempo.sh
04:39:07 AM  1000    328788    0.00    0.00    0.00    0.00    0.00    20  run-pyroscope.s
04:39:07 AM  1000    328880    0.00    0.00    0.00    0.00    0.00    18  sleep

04:39:07 AM   UID       PID    %usr %system  %guest   %wait    %CPU   CPU  Command
04:39:08 AM  1000    328755    0.00    0.00    0.00    0.00    0.00    18  run-grafana.sh
04:39:08 AM  1000    328758    0.00    0.00    0.00    0.00    0.00    20  run-loki.sh
04:39:08 AM  1000    328762    0.00    0.00    0.00    0.00    0.00    16  run-otelcol.sh
04:39:08 AM  1000    328766    0.00    0.00    0.00    0.00    0.00    16  run-prometheus.
04:39:08 AM  1000    328770    0.00    0.00    0.00    0.00    0.00    16  run-tempo.sh
04:39:08 AM  1000    328788    0.00    0.00    0.00    0.00    0.00    20  run-pyroscope.s
04:39:08 AM  1000    328880    0.00    0.00    0.00    0.00    0.00    18  sleep

04:39:08 AM   UID       PID    %usr %system  %guest   %wait    %CPU   CPU  Command
04:39:09 AM  1000    328755    0.00    0.00    0.00    0.00    0.00    18  run-grafana.sh
04:39:09 AM  1000    328758    0.00    0.00    0.00    0.00    0.00    20  run-loki.sh
04:39:09 AM  1000    328762    0.00    0.00    0.00    0.00    0.00    16  run-otelcol.sh
04:39:09 AM  1000    328766    0.00    0.00    0.00    0.00    0.00    16  run-prometheus.
04:39:09 AM  1000    328770    0.00    0.00    0.00    0.00    0.00    16  run-tempo.sh
04:39:09 AM  1000    328788    0.00    0.00    0.00    0.00    0.00    20  run-pyroscope.s
04:39:09 AM  1000    328880    0.00    0.00    0.00    0.00    0.00    18  sleep

04:39:09 AM   UID       PID    %usr %system  %guest   %wait    %CPU   CPU  Command
04:39:10 AM  1000    328755    0.00    0.00    0.00    0.00    0.00    18  run-grafana.sh
04:39:10 AM  1000    328758    0.00    0.00    0.00    0.00    0.00    20  run-loki.sh
04:39:10 AM  1000    328762    0.00    0.00    0.00    0.00    0.00    16  run-otelcol.sh
04:39:10 AM  1000    328766    0.00    0.00    0.00    0.00    0.00    16  run-prometheus.
04:39:10 AM  1000    328770    0.00    0.00    0.00    0.00    0.00    16  run-tempo.sh
04:39:10 AM  1000    328788    0.00    0.00    0.00    0.00    0.00    20  run-pyroscope.s
04:39:10 AM  1000    328880    0.00    0.00    0.00    0.00    0.00    18  sleep

04:39:10 AM   UID       PID    %usr %system  %guest   %wait    %CPU   CPU  Command
04:39:11 AM  1000    328755    0.00    0.00    0.00    0.00    0.00    18  run-grafana.sh
04:39:11 AM  1000    328758    0.00    0.00    0.00    0.00    0.00    20  run-loki.sh
04:39:11 AM  1000    328762    0.00    0.00    0.00    0.00    0.00    16  run-otelcol.sh
04:39:11 AM  1000    328766    0.00    0.00    0.00    0.00    0.00    16  run-prometheus.
04:39:11 AM  1000    328770    0.00    0.00    0.00    0.00    0.00    16  run-tempo.sh
04:39:11 AM  1000    328788    0.00    0.00    0.00    0.00    0.00    20  run-pyroscope.s
04:39:11 AM  1000    328880    0.00    0.00    0.00    0.00    0.00    18  sleep

04:39:11 AM   UID       PID    %usr %system  %guest   %wait    %CPU   CPU  Command
04:39:12 AM  1000    328755    0.00    0.00    0.00    0.00    0.00    18  run-grafana.sh
04:39:12 AM  1000    328758    0.00    0.00    0.00    0.00    0.00    20  run-loki.sh
04:39:12 AM  1000    328762    0.00    0.00    0.00    0.00    0.00    16  run-otelcol.sh
04:39:12 AM  1000    328766    0.00    0.00    0.00    0.00    0.00    16  run-prometheus.
04:39:12 AM  1000    328770    0.00    0.00    0.00    0.00    0.00    16  run-tempo.sh
04:39:12 AM  1000    328788    0.00    0.00    0.00    0.00    0.00    20  run-pyroscope.s
04:39:12 AM  1000    328880    0.00    0.00    0.00    0.00    0.00    18  sleep

04:39:12 AM   UID       PID    %usr %system  %guest   %wait    %CPU   CPU  Command
04:39:13 AM  1000    328755    0.00    0.00    0.00    0.00    0.00    18  run-grafana.sh
04:39:13 AM  1000    328758    0.00    0.00    0.00    0.00    0.00    20  run-loki.sh
04:39:13 AM  1000    328762    0.00    0.00    0.00    0.00    0.00    16  run-otelcol.sh
04:39:13 AM  1000    328766    0.00    0.00    0.00    0.00    0.00    16  run-prometheus.
04:39:13 AM  1000    328770    0.00    0.00    0.00    0.00    0.00    16  run-tempo.sh
04:39:13 AM  1000    328788    0.00    0.00    0.00    0.00    0.00    20  run-pyroscope.s
04:39:13 AM  1000    328880    0.00    0.00    0.00    0.00    0.00    18  sleep

04:39:13 AM   UID       PID    %usr %system  %guest   %wait    %CPU   CPU  Command
04:39:14 AM  1000    328755    0.00    0.00    0.00    0.00    0.00    18  run-grafana.sh
04:39:14 AM  1000    328758    0.00    0.00    0.00    0.00    0.00    20  run-loki.sh
04:39:14 AM  1000    328762    0.00    0.00    0.00    0.00    0.00    16  run-otelcol.sh
04:39:14 AM  1000    328766    0.00    0.00    0.00    0.00    0.00    16  run-prometheus.
04:39:14 AM  1000    328770    0.00    0.00    0.00    0.00    0.00    16  run-tempo.sh
04:39:14 AM  1000    328788    0.00    0.00    0.00    0.00    0.00    20  run-pyroscope.s
04:39:14 AM  1000    328880    0.00    0.00    0.00    0.00    0.00    18  sleep

04:39:14 AM   UID       PID    %usr %system  %guest   %wait    %CPU   CPU  Command
04:39:15 AM  1000    328755    0.00    0.00    0.00    0.00    0.00    18  run-grafana.sh
04:39:15 AM  1000    328758    0.00    0.00    0.00    0.00    0.00    20  run-loki.sh
04:39:15 AM  1000    328762    0.00    0.00    0.00    0.00    0.00    16  run-otelcol.sh
04:39:15 AM  1000    328766    0.00    0.00    0.00    0.00    0.00    16  run-prometheus.
04:39:15 AM  1000    328770    0.00    0.00    0.00    0.00    0.00    16  run-tempo.sh
04:39:15 AM  1000    328788    0.00    0.00    0.00    0.00    0.00    20  run-pyroscope.s
04:39:15 AM  1000    328880    0.00    0.00    0.00    0.00    0.00    18  sleep

04:39:15 AM   UID       PID    %usr %system  %guest   %wait    %CPU   CPU  Command
04:39:16 AM  1000    328755    0.00    0.00    0.00    0.00    0.00    18  run-grafana.sh
04:39:16 AM  1000    328758    0.00    0.00    0.00    0.00    0.00    20  run-loki.sh
04:39:16 AM  1000    328762    0.00    0.00    0.00    0.00    0.00    16  run-otelcol.sh
04:39:16 AM  1000    328766    0.00    0.00    0.00    0.00    0.00    16  run-prometheus.
04:39:16 AM  1000    328770    0.00    0.00    0.00    0.00    0.00    16  run-tempo.sh
04:39:16 AM  1000    328788    0.00    0.00    0.00    0.00    0.00    20  run-pyroscope.s
04:39:16 AM  1000    328880    0.00    0.00    0.00    0.00    0.00    18  sleep

04:39:16 AM   UID       PID    %usr %system  %guest   %wait    %CPU   CPU  Command
04:39:17 AM  1000    328755    0.00    0.00    0.00    0.00    0.00    18  run-grafana.sh
04:39:17 AM  1000    328758    0.00    0.00    0.00    0.00    0.00    20  run-loki.sh
04:39:17 AM  1000    328762    0.00    0.00    0.00    0.00    0.00    16  run-otelcol.sh
04:39:17 AM  1000    328766    0.00    0.00    0.00    0.00    0.00    16  run-prometheus.
04:39:17 AM  1000    328770    0.00    0.00    0.00    0.00    0.00    16  run-tempo.sh
04:39:17 AM  1000    328788    0.00    0.00    0.00    0.00    0.00    20  run-pyroscope.s
04:39:17 AM  1000    328880    0.00    0.00    0.00    0.00    0.00    18  sleep

04:39:17 AM   UID       PID    %usr %system  %guest   %wait    %CPU   CPU  Command
04:39:18 AM  1000    328755    0.00    0.00    0.00    0.00    0.00    18  run-grafana.sh
04:39:18 AM  1000    328758    0.00    0.00    0.00    0.00    0.00    20  run-loki.sh
04:39:18 AM  1000    328762    0.00    0.00    0.00    0.00    0.00    16  run-otelcol.sh
04:39:18 AM  1000    328766    0.00    0.00    0.00    0.00    0.00    16  run-prometheus.
04:39:18 AM  1000    328770    0.00    0.00    0.00    0.00    0.00    16  run-tempo.sh
04:39:18 AM  1000    328788    0.00    0.00    0.00    0.00    0.00    20  run-pyroscope.s
04:39:18 AM  1000    328880    0.00    0.00    0.00    0.00    0.00    18  sleep

04:39:18 AM   UID       PID    %usr %system  %guest   %wait    %CPU   CPU  Command
04:39:19 AM  1000    328755    0.00    0.00    0.00    0.00    0.00    18  run-grafana.sh
04:39:19 AM  1000    328758    0.00    0.00    0.00    0.00    0.00    20  run-loki.sh
04:39:19 AM  1000    328762    0.00    0.00    0.00    0.00    0.00    16  run-otelcol.sh
04:39:19 AM  1000    328766    0.00    0.00    0.00    0.00    0.00    16  run-prometheus.
04:39:19 AM  1000    328770    0.00    0.00    0.00    0.00    0.00    16  run-tempo.sh
04:39:19 AM  1000    328788    0.00    0.00    0.00    0.00    0.00    20  run-pyroscope.s
04:39:19 AM  1000    328880    0.00    0.00    0.00    0.00    0.00    18  sleep

04:39:19 AM   UID       PID    %usr %system  %guest   %wait    %CPU   CPU  Command
04:39:20 AM  1000    328755    0.00    0.00    0.00    0.00    0.00    18  run-grafana.sh
04:39:20 AM  1000    328758    0.00    0.00    0.00    0.00    0.00    20  run-loki.sh
04:39:20 AM  1000    328762    0.00    0.00    0.00    0.00    0.00    16  run-otelcol.sh
04:39:20 AM  1000    328766    0.00    0.00    0.00    0.00    0.00    16  run-prometheus.
04:39:20 AM  1000    328770    0.00    0.00    0.00    0.00    0.00    16  run-tempo.sh
04:39:20 AM  1000    328788    0.00    0.00    0.00    0.00    0.00    20  run-pyroscope.s
04:39:20 AM  1000    328880    0.00    0.00    0.00    0.00    0.00    18  sleep

04:39:20 AM   UID       PID    %usr %system  %guest   %wait    %CPU   CPU  Command
04:39:21 AM  1000    328755    0.00    0.00    0.00    0.00    0.00    18  run-grafana.sh
04:39:21 AM  1000    328758    0.00    0.00    0.00    0.00    0.00    20  run-loki.sh
04:39:21 AM  1000    328762    0.00    0.00    0.00    0.00    0.00    16  run-otelcol.sh
04:39:21 AM  1000    328766    0.00    0.00    0.00    0.00    0.00    16  run-prometheus.
04:39:21 AM  1000    328770    0.00    0.00    0.00    0.00    0.00    16  run-tempo.sh
04:39:21 AM  1000    328788    0.00    0.00    0.00    0.00    0.00    20  run-pyroscope.s
04:39:21 AM  1000    328880    0.00    0.00    0.00    0.00    0.00    18  sleep

04:39:21 AM   UID       PID    %usr %system  %guest   %wait    %CPU   CPU  Command
04:39:22 AM  1000    328755    0.00    0.00    0.00    0.00    0.00    18  run-grafana.sh
04:39:22 AM  1000    328758    0.00    0.00    0.00    0.00    0.00    20  run-loki.sh
04:39:22 AM  1000    328762    0.00    0.00    0.00    0.00    0.00    16  run-otelcol.sh
04:39:22 AM  1000    328766    0.00    0.00    0.00    0.00    0.00    16  run-prometheus.
04:39:22 AM  1000    328770    0.00    0.00    0.00    0.00    0.00    16  run-tempo.sh
04:39:22 AM  1000    328788    0.00    0.00    0.00    0.00    0.00    20  run-pyroscope.s
04:39:22 AM  1000    328880    0.00    0.00    0.00    0.00    0.00    18  sleep

04:39:22 AM   UID       PID    %usr %system  %guest   %wait    %CPU   CPU  Command
04:39:23 AM  1000    328755    0.00    0.00    0.00    0.00    0.00    18  run-grafana.sh
04:39:23 AM  1000    328758    0.00    0.00    0.00    0.00    0.00    20  run-loki.sh
04:39:23 AM  1000    328762    0.00    0.00    0.00    0.00    0.00    16  run-otelcol.sh
04:39:23 AM  1000    328766    0.00    0.00    0.00    0.00    0.00    16  run-prometheus.
04:39:23 AM  1000    328770    0.00    0.00    0.00    0.00    0.00    16  run-tempo.sh
04:39:23 AM  1000    328788    0.00    0.00    0.00    0.00    0.00    20  run-pyroscope.s
04:39:23 AM  1000    328880    0.00    0.00    0.00    0.00    0.00    18  sleep

04:39:23 AM   UID       PID    %usr %system  %guest   %wait    %CPU   CPU  Command
04:39:24 AM  1000    328755    0.00    0.00    0.00    0.00    0.00    18  run-grafana.sh
04:39:24 AM  1000    328758    0.00    0.00    0.00    0.00    0.00    20  run-loki.sh
04:39:24 AM  1000    328762    0.00    0.00    0.00    0.00    0.00    16  run-otelcol.sh
04:39:24 AM  1000    328766    0.00    0.00    0.00    0.00    0.00    16  run-prometheus.
04:39:24 AM  1000    328770    0.00    0.00    0.00    0.00    0.00    16  run-tempo.sh
04:39:24 AM  1000    328788    0.00    0.00    0.00    0.00    0.00    20  run-pyroscope.s
04:39:24 AM  1000    328880    0.00    0.00    0.00    0.00    0.00    18  sleep

04:39:24 AM   UID       PID    %usr %system  %guest   %wait    %CPU   CPU  Command
04:39:25 AM  1000    328755    0.00    0.00    0.00    0.00    0.00    18  run-grafana.sh
04:39:25 AM  1000    328758    0.00    0.00    0.00    0.00    0.00    20  run-loki.sh
04:39:25 AM  1000    328762    0.00    0.00    0.00    0.00    0.00    16  run-otelcol.sh
04:39:25 AM  1000    328766    0.00    0.00    0.00    0.00    0.00    16  run-prometheus.
04:39:25 AM  1000    328770    0.00    0.00    0.00    0.00    0.00    16  run-tempo.sh
04:39:25 AM  1000    328788    0.00    0.00    0.00    0.00    0.00    20  run-pyroscope.s
04:39:25 AM  1000    328880    0.00    0.00    0.00    0.00    0.00    18  sleep

04:39:25 AM   UID       PID    %usr %system  %guest   %wait    %CPU   CPU  Command
04:39:26 AM  1000    328755    0.00    0.00    0.00    0.00    0.00    18  run-grafana.sh
04:39:26 AM  1000    328758    0.00    0.00    0.00    0.00    0.00    20  run-loki.sh
04:39:26 AM  1000    328762    0.00    0.00    0.00    0.00    0.00    16  run-otelcol.sh
04:39:26 AM  1000    328766    0.00    0.00    0.00    0.00    0.00    16  run-prometheus.
04:39:26 AM  1000    328770    0.00    0.00    0.00    0.00    0.00    16  run-tempo.sh
04:39:26 AM  1000    328788    0.00    0.00    0.00    0.00    0.00    20  run-pyroscope.s
04:39:26 AM  1000    328880    0.00    0.00    0.00    0.00    0.00    18  sleep

04:39:26 AM   UID       PID    %usr %system  %guest   %wait    %CPU   CPU  Command
04:39:27 AM  1000    328755    0.00    0.00    0.00    0.00    0.00    18  run-grafana.sh
04:39:27 AM  1000    328758    0.00    0.00    0.00    0.00    0.00    20  run-loki.sh
04:39:27 AM  1000    328762    0.00    0.00    0.00    0.00    0.00    16  run-otelcol.sh
04:39:27 AM  1000    328766    0.00    0.00    0.00    0.00    0.00    16  run-prometheus.
04:39:27 AM  1000    328770    0.00    0.00    0.00    0.00    0.00    16  run-tempo.sh
04:39:27 AM  1000    328788    0.00    0.00    0.00    0.00    0.00    20  run-pyroscope.s
04:39:27 AM  1000    328880    0.00    0.00    0.00    0.00    0.00    18  sleep

04:39:27 AM   UID       PID    %usr %system  %guest   %wait    %CPU   CPU  Command
04:39:28 AM  1000    328755    0.00    0.00    0.00    0.00    0.00    18  run-grafana.sh
04:39:28 AM  1000    328758    0.00    0.00    0.00    0.00    0.00    20  run-loki.sh
04:39:28 AM  1000    328762    0.00    0.00    0.00    0.00    0.00    16  run-otelcol.sh
04:39:28 AM  1000    328766    0.00    0.00    0.00    0.00    0.00    16  run-prometheus.
04:39:28 AM  1000    328770    0.00    0.00    0.00    0.00    0.00    16  run-tempo.sh
04:39:28 AM  1000    328788    0.00    0.00    0.00    0.00    0.00    20  run-pyroscope.s
04:39:28 AM  1000    328880    0.00    0.00    0.00    0.00    0.00    18  sleep

04:39:28 AM   UID       PID    %usr %system  %guest   %wait    %CPU   CPU  Command
04:39:29 AM  1000    328755    0.00    0.00    0.00    0.00    0.00    18  run-grafana.sh
04:39:29 AM  1000    328758    0.00    0.00    0.00    0.00    0.00    20  run-loki.sh
04:39:29 AM  1000    328762    0.00    0.00    0.00    0.00    0.00    16  run-otelcol.sh
04:39:29 AM  1000    328766    0.00    0.00    0.00    0.00    0.00    16  run-prometheus.
04:39:29 AM  1000    328770    0.00    0.00    0.00    0.00    0.00    16  run-tempo.sh
04:39:29 AM  1000    328788    0.00    0.00    0.00    0.00    0.00    20  run-pyroscope.s
04:39:29 AM  1000    328880    0.00    0.00    0.00    0.00    0.00    18  sleep

04:39:29 AM   UID       PID    %usr %system  %guest   %wait    %CPU   CPU  Command
04:39:30 AM  1000    328755    0.00    0.00    0.00    0.00    0.00    18  run-grafana.sh
04:39:30 AM  1000    328758    0.00    0.00    0.00    0.00    0.00    20  run-loki.sh
04:39:30 AM  1000    328762    0.00    0.00    0.00    0.00    0.00    16  run-otelcol.sh
04:39:30 AM  1000    328766    0.00    0.00    0.00    0.00    0.00    16  run-prometheus.
04:39:30 AM  1000    328770    0.00    0.00    0.00    0.00    0.00    16  run-tempo.sh
04:39:30 AM  1000    328788    0.00    0.00    0.00    0.00    0.00    20  run-pyroscope.s
04:39:30 AM  1000    328880    0.00    0.00    0.00    0.00    0.00    18  sleep

04:39:30 AM   UID       PID    %usr %system  %guest   %wait    %CPU   CPU  Command
04:39:31 AM  1000    328755    0.00    0.00    0.00    0.00    0.00    18  run-grafana.sh
04:39:31 AM  1000    328758    0.00    0.00    0.00    0.00    0.00    20  run-loki.sh
04:39:31 AM  1000    328762    0.00    0.00    0.00    0.00    0.00    16  run-otelcol.sh
04:39:31 AM  1000    328766    0.00    0.00    0.00    0.00    0.00    16  run-prometheus.
04:39:31 AM  1000    328770    0.00    0.00    0.00    0.00    0.00    16  run-tempo.sh
04:39:31 AM  1000    328788    0.00    0.00    0.00    0.00    0.00    20  run-pyroscope.s
04:39:31 AM  1000    328880    0.00    0.00    0.00    0.00    0.00    18  sleep

04:39:31 AM   UID       PID    %usr %system  %guest   %wait    %CPU   CPU  Command
04:39:32 AM  1000    328755    0.00    0.00    0.00    0.00    0.00    18  run-grafana.sh
04:39:32 AM  1000    328758    0.00    0.00    0.00    0.00    0.00    20  run-loki.sh
04:39:32 AM  1000    328762    0.00    0.00    0.00    0.00    0.00    16  run-otelcol.sh
04:39:32 AM  1000    328766    0.00    0.00    0.00    0.00    0.00    16  run-prometheus.
04:39:32 AM  1000    328770    0.00    0.00    0.00    0.00    0.00    16  run-tempo.sh
04:39:32 AM  1000    328788    0.00    0.00    0.00    0.00    0.00    20  run-pyroscope.s
04:39:32 AM  1000    328880    0.00    0.00    0.00    0.00    0.00    18  sleep

04:39:32 AM   UID       PID    %usr %system  %guest   %wait    %CPU   CPU  Command
04:39:33 AM  1000    328755    0.00    0.00    0.00    0.00    0.00    18  run-grafana.sh
04:39:33 AM  1000    328758    0.00    0.00    0.00    0.00    0.00    20  run-loki.sh
04:39:33 AM  1000    328762    0.00    0.00    0.00    0.00    0.00    16  run-otelcol.sh
04:39:33 AM  1000    328766    0.00    0.00    0.00    0.00    0.00    16  run-prometheus.
04:39:33 AM  1000    328770    0.00    0.00    0.00    0.00    0.00    16  run-tempo.sh
04:39:33 AM  1000    328788    0.00    0.00    0.00    0.00    0.00    20  run-pyroscope.s
04:39:33 AM  1000    328880    0.00    0.00    0.00    0.00    0.00    18  sleep

04:39:33 AM   UID       PID    %usr %system  %guest   %wait    %CPU   CPU  Command
04:39:34 AM  1000    328755    0.00    0.00    0.00    0.00    0.00    18  run-grafana.sh
04:39:34 AM  1000    328758    0.00    0.00    0.00    0.00    0.00    20  run-loki.sh
04:39:34 AM  1000    328762    0.00    0.00    0.00    0.00    0.00    16  run-otelcol.sh
04:39:34 AM  1000    328766    0.00    0.00    0.00    0.00    0.00    16  run-prometheus.
04:39:34 AM  1000    328770    0.00    0.00    0.00    0.00    0.00    16  run-tempo.sh
04:39:34 AM  1000    328788    0.00    0.00    0.00    0.00    0.00    20  run-pyroscope.s
04:39:34 AM  1000    328880    0.00    0.00    0.00    0.00    0.00    18  sleep

04:39:34 AM   UID       PID    %usr %system  %guest   %wait    %CPU   CPU  Command
04:39:35 AM  1000    328755    0.00    0.00    0.00    0.00    0.00    18  run-grafana.sh
04:39:35 AM  1000    328758    0.00    0.00    0.00    0.00    0.00    20  run-loki.sh
04:39:35 AM  1000    328762    0.00    0.00    0.00    0.00    0.00    16  run-otelcol.sh
04:39:35 AM  1000    328766    0.00    0.00    0.00    0.00    0.00    16  run-prometheus.
04:39:35 AM  1000    328770    0.00    0.00    0.00    0.00    0.00    16  run-tempo.sh
04:39:35 AM  1000    328788    0.00    0.00    0.00    0.00    0.00    20  run-pyroscope.s
04:39:35 AM  1000    328880    0.00    0.00    0.00    0.00    0.00    18  sleep

04:39:35 AM   UID       PID    %usr %system  %guest   %wait    %CPU   CPU  Command
04:39:36 AM  1000    328755    0.00    0.00    0.00    0.00    0.00    18  run-grafana.sh
04:39:36 AM  1000    328758    0.00    0.00    0.00    0.00    0.00    20  run-loki.sh
04:39:36 AM  1000    328762    0.00    0.00    0.00    0.00    0.00    16  run-otelcol.sh
04:39:36 AM  1000    328766    0.00    0.00    0.00    0.00    0.00    16  run-prometheus.
04:39:36 AM  1000    328770    0.00    0.00    0.00    0.00    0.00    16  run-tempo.sh
04:39:36 AM  1000    328788    0.00    0.00    0.00    0.00    0.00    20  run-pyroscope.s
04:39:36 AM  1000    328880    0.00    0.00    0.00    0.00    0.00    18  sleep

04:39:36 AM   UID       PID    %usr %system  %guest   %wait    %CPU   CPU  Command
04:39:37 AM  1000    328755    0.00    0.00    0.00    0.00    0.00    18  run-grafana.sh
04:39:37 AM  1000    328758    0.00    0.00    0.00    0.00    0.00    20  run-loki.sh
04:39:37 AM  1000    328762    0.00    0.00    0.00    0.00    0.00    16  run-otelcol.sh
04:39:37 AM  1000    328766    0.00    0.00    0.00    0.00    0.00    16  run-prometheus.
04:39:37 AM  1000    328770    0.00    0.00    0.00    0.00    0.00    16  run-tempo.sh
04:39:37 AM  1000    328788    0.00    0.00    0.00    0.00    0.00    20  run-pyroscope.s
04:39:37 AM  1000    328880    0.00    0.00    0.00    0.00    0.00    18  sleep

04:39:37 AM   UID       PID    %usr %system  %guest   %wait    %CPU   CPU  Command
04:39:38 AM  1000    328755    0.00    0.00    0.00    0.00    0.00    18  run-grafana.sh
04:39:38 AM  1000    328758    0.00    0.00    0.00    0.00    0.00    20  run-loki.sh
04:39:38 AM  1000    328762    0.00    0.00    0.00    0.00    0.00    16  run-otelcol.sh
04:39:38 AM  1000    328766    0.00    0.00    0.00    0.00    0.00    16  run-prometheus.
04:39:38 AM  1000    328770    0.00    0.00    0.00    0.00    0.00    16  run-tempo.sh
04:39:38 AM  1000    328788    0.00    0.00    0.00    0.00    0.00    20  run-pyroscope.s
04:39:38 AM  1000    328880    0.00    0.00    0.00    0.00    0.00    18  sleep

04:39:38 AM   UID       PID    %usr %system  %guest   %wait    %CPU   CPU  Command
04:39:39 AM  1000    328755    0.00    0.00    0.00    0.00    0.00    18  run-grafana.sh
04:39:39 AM  1000    328758    0.00    0.00    0.00    0.00    0.00    20  run-loki.sh
04:39:39 AM  1000    328762    0.00    0.00    0.00    0.00    0.00    16  run-otelcol.sh
04:39:39 AM  1000    328766    0.00    0.00    0.00    0.00    0.00    16  run-prometheus.
04:39:39 AM  1000    328770    0.00    0.00    0.00    0.00    0.00    16  run-tempo.sh
04:39:39 AM  1000    328788    0.00    0.00    0.00    0.00    0.00    20  run-pyroscope.s
04:39:39 AM  1000    328880    0.00    0.00    0.00    0.00    0.00    18  sleep

04:39:39 AM   UID       PID    %usr %system  %guest   %wait    %CPU   CPU  Command
04:39:40 AM  1000    328755    0.00    0.00    0.00    0.00    0.00    18  run-grafana.sh
04:39:40 AM  1000    328758    0.00    0.00    0.00    0.00    0.00    20  run-loki.sh
04:39:40 AM  1000    328762    0.00    0.00    0.00    0.00    0.00    16  run-otelcol.sh
04:39:40 AM  1000    328766    0.00    0.00    0.00    0.00    0.00    16  run-prometheus.
04:39:40 AM  1000    328770    0.00    0.00    0.00    0.00    0.00    16  run-tempo.sh
04:39:40 AM  1000    328788    0.00    0.00    0.00    0.00    0.00    20  run-pyroscope.s
04:39:40 AM  1000    328880    0.00    0.00    0.00    0.00    0.00    18  sleep

04:39:40 AM   UID       PID    %usr %system  %guest   %wait    %CPU   CPU  Command
04:39:41 AM  1000    328755    0.00    0.00    0.00    0.00    0.00    18  run-grafana.sh
04:39:41 AM  1000    328758    0.00    0.00    0.00    0.00    0.00    20  run-loki.sh
04:39:41 AM  1000    328762    0.00    0.00    0.00    0.00    0.00    16  run-otelcol.sh
04:39:41 AM  1000    328766    0.00    0.00    0.00    0.00    0.00    16  run-prometheus.
04:39:41 AM  1000    328770    0.00    0.00    0.00    0.00    0.00    16  run-tempo.sh
04:39:41 AM  1000    328788    0.00    0.00    0.00    0.00    0.00    20  run-pyroscope.s
04:39:41 AM  1000    328880    0.00    0.00    0.00    0.00    0.00    18  sleep

04:39:41 AM   UID       PID    %usr %system  %guest   %wait    %CPU   CPU  Command
04:39:42 AM  1000    328755    0.00    0.00    0.00    0.00    0.00    18  run-grafana.sh
04:39:42 AM  1000    328758    0.00    0.00    0.00    0.00    0.00    20  run-loki.sh
04:39:42 AM  1000    328762    0.00    0.00    0.00    0.00    0.00    16  run-otelcol.sh
04:39:42 AM  1000    328766    0.00    0.00    0.00    0.00    0.00    16  run-prometheus.
04:39:42 AM  1000    328770    0.00    0.00    0.00    0.00    0.00    16  run-tempo.sh
04:39:42 AM  1000    328788    0.00    0.00    0.00    0.00    0.00    20  run-pyroscope.s
04:39:42 AM  1000    328880    0.00    0.00    0.00    0.00    0.00    18  sleep

04:39:42 AM   UID       PID    %usr %system  %guest   %wait    %CPU   CPU  Command
04:39:43 AM  1000    328755    0.00    0.00    0.00    0.00    0.00    18  run-grafana.sh
04:39:43 AM  1000    328758    0.00    0.00    0.00    0.00    0.00    20  run-loki.sh
04:39:43 AM  1000    328762    0.00    0.00    0.00    0.00    0.00    16  run-otelcol.sh
04:39:43 AM  1000    328766    0.00    0.00    0.00    0.00    0.00    16  run-prometheus.
04:39:43 AM  1000    328770    0.00    0.00    0.00    0.00    0.00    16  run-tempo.sh
04:39:43 AM  1000    328788    0.00    0.00    0.00    0.00    0.00    20  run-pyroscope.s
04:39:43 AM  1000    328880    0.00    0.00    0.00    0.00    0.00    18  sleep

04:39:43 AM   UID       PID    %usr %system  %guest   %wait    %CPU   CPU  Command
04:39:44 AM  1000    328755    0.00    0.00    0.00    0.00    0.00    18  run-grafana.sh
04:39:44 AM  1000    328758    0.00    0.00    0.00    0.00    0.00    20  run-loki.sh
04:39:44 AM  1000    328762    0.00    0.00    0.00    0.00    0.00    16  run-otelcol.sh
04:39:44 AM  1000    328766    0.00    0.00    0.00    0.00    0.00    16  run-prometheus.
04:39:44 AM  1000    328770    0.00    0.00    0.00    0.00    0.00    16  run-tempo.sh
04:39:44 AM  1000    328788    0.00    0.00    0.00    0.00    0.00    20  run-pyroscope.s
04:39:44 AM  1000    328880    0.00    0.00    0.00    0.00    0.00    18  sleep

04:39:44 AM   UID       PID    %usr %system  %guest   %wait    %CPU   CPU  Command
04:39:45 AM  1000    328755    0.00    0.00    0.00    0.00    0.00    18  run-grafana.sh
04:39:45 AM  1000    328758    0.00    0.00    0.00    0.00    0.00    20  run-loki.sh
04:39:45 AM  1000    328762    0.00    0.00    0.00    0.00    0.00    16  run-otelcol.sh
04:39:45 AM  1000    328766    0.00    0.00    0.00    0.00    0.00    16  run-prometheus.
04:39:45 AM  1000    328770    0.00    0.00    0.00    0.00    0.00    16  run-tempo.sh
04:39:45 AM  1000    328788    0.00    0.00    0.00    0.00    0.00    20  run-pyroscope.s
04:39:45 AM  1000    328880    0.00    0.00    0.00    0.00    0.00    18  sleep

04:39:45 AM   UID       PID    %usr %system  %guest   %wait    %CPU   CPU  Command
04:39:46 AM  1000    328755    0.00    0.00    0.00    0.00    0.00    18  run-grafana.sh
04:39:46 AM  1000    328758    0.00    0.00    0.00    0.00    0.00    20  run-loki.sh
04:39:46 AM  1000    328762    0.00    0.00    0.00    0.00    0.00    16  run-otelcol.sh
04:39:46 AM  1000    328766    0.00    0.00    0.00    0.00    0.00    16  run-prometheus.
04:39:46 AM  1000    328770    0.00    0.00    0.00    0.00    0.00    16  run-tempo.sh
04:39:46 AM  1000    328788    0.00    0.00    0.00    0.00    0.00    20  run-pyroscope.s
04:39:46 AM  1000    328880    0.00    0.00    0.00    0.00    0.00    18  sleep

04:39:46 AM   UID       PID    %usr %system  %guest   %wait    %CPU   CPU  Command
04:39:47 AM  1000    328755    0.00    0.00    0.00    0.00    0.00    18  run-grafana.sh
04:39:47 AM  1000    328758    0.00    0.00    0.00    0.00    0.00    20  run-loki.sh
04:39:47 AM  1000    328762    0.00    0.00    0.00    0.00    0.00    16  run-otelcol.sh
04:39:47 AM  1000    328766    0.00    0.00    0.00    0.00    0.00    16  run-prometheus.
04:39:47 AM  1000    328770    0.00    0.00    0.00    0.00    0.00    16  run-tempo.sh
04:39:47 AM  1000    328788    0.00    0.00    0.00    0.00    0.00    20  run-pyroscope.s
04:39:47 AM  1000    328880    0.00    0.00    0.00    0.00    0.00    18  sleep

04:39:47 AM   UID       PID    %usr %system  %guest   %wait    %CPU   CPU  Command
04:39:48 AM  1000    328755    0.00    0.00    0.00    0.00    0.00    18  run-grafana.sh
04:39:48 AM  1000    328758    0.00    0.00    0.00    0.00    0.00    20  run-loki.sh
04:39:48 AM  1000    328762    0.00    0.00    0.00    0.00    0.00    16  run-otelcol.sh
04:39:48 AM  1000    328766    0.00    0.00    0.00    0.00    0.00    16  run-prometheus.
04:39:48 AM  1000    328770    0.00    0.00    0.00    0.00    0.00    16  run-tempo.sh
04:39:48 AM  1000    328788    0.00    0.00    0.00    0.00    0.00    20  run-pyroscope.s
04:39:48 AM  1000    328880    0.00    0.00    0.00    0.00    0.00    18  sleep

04:39:48 AM   UID       PID    %usr %system  %guest   %wait    %CPU   CPU  Command
04:39:49 AM  1000    328755    0.00    0.00    0.00    0.00    0.00    18  run-grafana.sh
04:39:49 AM  1000    328758    0.00    0.00    0.00    0.00    0.00    20  run-loki.sh
04:39:49 AM  1000    328762    0.00    0.00    0.00    0.00    0.00    16  run-otelcol.sh
04:39:49 AM  1000    328766    0.00    0.00    0.00    0.00    0.00    16  run-prometheus.
04:39:49 AM  1000    328770    0.00    0.00    0.00    0.00    0.00    16  run-tempo.sh
04:39:49 AM  1000    328788    0.00    0.00    0.00    0.00    0.00    20  run-pyroscope.s
04:39:49 AM  1000    328880    0.00    0.00    0.00    0.00    0.00    18  sleep

04:39:49 AM   UID       PID    %usr %system  %guest   %wait    %CPU   CPU  Command
04:39:50 AM  1000    328755    0.00    0.00    0.00    0.00    0.00    18  run-grafana.sh
04:39:50 AM  1000    328758    0.00    0.00    0.00    0.00    0.00    20  run-loki.sh
04:39:50 AM  1000    328762    0.00    0.00    0.00    0.00    0.00    16  run-otelcol.sh
04:39:50 AM  1000    328766    0.00    0.00    0.00    0.00    0.00    16  run-prometheus.
04:39:50 AM  1000    328770    0.00    0.00    0.00    0.00    0.00    16  run-tempo.sh
04:39:50 AM  1000    328788    0.00    0.00    0.00    0.00    0.00    20  run-pyroscope.s
04:39:50 AM  1000    328880    0.00    0.00    0.00    0.00    0.00    18  sleep

04:39:50 AM   UID       PID    %usr %system  %guest   %wait    %CPU   CPU  Command
04:39:51 AM  1000    328755    0.00    0.00    0.00    0.00    0.00    18  run-grafana.sh
04:39:51 AM  1000    328758    0.00    0.00    0.00    0.00    0.00    20  run-loki.sh
04:39:51 AM  1000    328762    0.00    0.00    0.00    0.00    0.00    16  run-otelcol.sh
04:39:51 AM  1000    328766    0.00    0.00    0.00    0.00    0.00    16  run-prometheus.
04:39:51 AM  1000    328770    0.00    0.00    0.00    0.00    0.00    16  run-tempo.sh
04:39:51 AM  1000    328788    0.00    0.00    0.00    0.00    0.00    20  run-pyroscope.s
04:39:51 AM  1000    328880    0.00    0.00    0.00    0.00    0.00    18  sleep

04:39:51 AM   UID       PID    %usr %system  %guest   %wait    %CPU   CPU  Command
04:39:52 AM  1000    328755    0.00    0.00    0.00    0.00    0.00    18  run-grafana.sh
04:39:52 AM  1000    328758    0.00    0.00    0.00    0.00    0.00    20  run-loki.sh
04:39:52 AM  1000    328762    0.00    0.00    0.00    0.00    0.00    16  run-otelcol.sh
04:39:52 AM  1000    328766    0.00    0.00    0.00    0.00    0.00    16  run-prometheus.
04:39:52 AM  1000    328770    0.00    0.00    0.00    0.00    0.00    16  run-tempo.sh
04:39:52 AM  1000    328788    0.00    0.00    0.00    0.00    0.00    20  run-pyroscope.s
04:39:52 AM  1000    328880    0.00    0.00    0.00    0.00    0.00    18  sleep

04:39:52 AM   UID       PID    %usr %system  %guest   %wait    %CPU   CPU  Command
04:39:53 AM  1000    328755    0.00    0.00    0.00    0.00    0.00    18  run-grafana.sh
04:39:53 AM  1000    328758    0.00    0.00    0.00    0.00    0.00    20  run-loki.sh
04:39:53 AM  1000    328762    0.00    0.00    0.00    0.00    0.00    16  run-otelcol.sh
04:39:53 AM  1000    328766    0.00    0.00    0.00    0.00    0.00    16  run-prometheus.
04:39:53 AM  1000    328770    0.00    0.00    0.00    0.00    0.00    16  run-tempo.sh
04:39:53 AM  1000    328788    0.00    0.00    0.00    0.00    0.00    20  run-pyroscope.s
04:39:53 AM  1000    328880    0.00    0.00    0.00    0.00    0.00    18  sleep

04:39:53 AM   UID       PID    %usr %system  %guest   %wait    %CPU   CPU  Command
04:39:54 AM  1000    328755    0.00    0.00    0.00    0.00    0.00    18  run-grafana.sh
04:39:54 AM  1000    328758    0.00    0.00    0.00    0.00    0.00    20  run-loki.sh
04:39:54 AM  1000    328762    0.00    0.00    0.00    0.00    0.00    16  run-otelcol.sh
04:39:54 AM  1000    328766    0.00    0.00    0.00    0.00    0.00    16  run-prometheus.
04:39:54 AM  1000    328770    0.00    0.00    0.00    0.00    0.00    16  run-tempo.sh
04:39:54 AM  1000    328788    0.00    0.00    0.00    0.00    0.00    20  run-pyroscope.s
04:39:54 AM  1000    328880    0.00    0.00    0.00    0.00    0.00    18  sleep

04:39:54 AM   UID       PID    %usr %system  %guest   %wait    %CPU   CPU  Command
04:39:55 AM  1000    328755    0.00    0.00    0.00    0.00    0.00    18  run-grafana.sh
04:39:55 AM  1000    328758    0.00    0.00    0.00    0.00    0.00    20  run-loki.sh
04:39:55 AM  1000    328762    0.00    0.00    0.00    0.00    0.00    16  run-otelcol.sh
04:39:55 AM  1000    328766    0.00    0.00    0.00    0.00    0.00    16  run-prometheus.
04:39:55 AM  1000    328770    0.00    0.00    0.00    0.00    0.00    16  run-tempo.sh
04:39:55 AM  1000    328788    0.00    0.00    0.00    0.00    0.00    20  run-pyroscope.s
04:39:55 AM  1000    328880    0.00    0.00    0.00    0.00    0.00    18  sleep

04:39:55 AM   UID       PID    %usr %system  %guest   %wait    %CPU   CPU  Command
04:39:56 AM  1000    328755    0.00    0.00    0.00    0.00    0.00    18  run-grafana.sh
04:39:56 AM  1000    328758    0.00    0.00    0.00    0.00    0.00    20  run-loki.sh
04:39:56 AM  1000    328762    0.00    0.00    0.00    0.00    0.00    16  run-otelcol.sh
04:39:56 AM  1000    328766    0.00    0.00    0.00    0.00    0.00    16  run-prometheus.
04:39:56 AM  1000    328770    0.00    0.00    0.00    0.00    0.00    16  run-tempo.sh
04:39:56 AM  1000    328788    0.00    0.00    0.00    0.00    0.00    20  run-pyroscope.s
04:39:56 AM  1000    328880    0.00    0.00    0.00    0.00    0.00    18  sleep

04:39:56 AM   UID       PID    %usr %system  %guest   %wait    %CPU   CPU  Command
04:39:57 AM  1000    328755    0.00    0.00    0.00    0.00    0.00    18  run-grafana.sh
04:39:57 AM  1000    328758    0.00    0.00    0.00    0.00    0.00    20  run-loki.sh
04:39:57 AM  1000    328762    0.00    0.00    0.00    0.00    0.00    16  run-otelcol.sh
04:39:57 AM  1000    328766    0.00    0.00    0.00    0.00    0.00    16  run-prometheus.
04:39:57 AM  1000    328770    0.00    0.00    0.00    0.00    0.00    16  run-tempo.sh
04:39:57 AM  1000    328788    0.00    0.00    0.00    0.00    0.00    20  run-pyroscope.s
04:39:57 AM  1000    328880    0.00    0.00    0.00    0.00    0.00    18  sleep

04:39:57 AM   UID       PID    %usr %system  %guest   %wait    %CPU   CPU  Command
04:39:58 AM  1000    328755    0.00    0.00    0.00    0.00    0.00    18  run-grafana.sh
04:39:58 AM  1000    328758    0.00    0.00    0.00    0.00    0.00    20  run-loki.sh
04:39:58 AM  1000    328762    0.00    0.00    0.00    0.00    0.00    16  run-otelcol.sh
04:39:58 AM  1000    328766    0.00    0.00    0.00    0.00    0.00    16  run-prometheus.
04:39:58 AM  1000    328770    0.00    0.00    0.00    0.00    0.00    16  run-tempo.sh
04:39:58 AM  1000    328788    0.00    0.00    0.00    0.00    0.00    20  run-pyroscope.s
04:39:58 AM  1000    328880    0.00    0.00    0.00    0.00    0.00    18  sleep

04:39:58 AM   UID       PID    %usr %system  %guest   %wait    %CPU   CPU  Command
04:39:59 AM  1000    328755    0.00    0.00    0.00    0.00    0.00    18  run-grafana.sh
04:39:59 AM  1000    328758    0.00    0.00    0.00    0.00    0.00    20  run-loki.sh
04:39:59 AM  1000    328762    0.00    0.00    0.00    0.00    0.00    16  run-otelcol.sh
04:39:59 AM  1000    328766    0.00    0.00    0.00    0.00    0.00    16  run-prometheus.
04:39:59 AM  1000    328770    0.00    0.00    0.00    0.00    0.00    16  run-tempo.sh
04:39:59 AM  1000    328788    0.00    0.00    0.00    0.00    0.00    20  run-pyroscope.s
04:39:59 AM  1000    328880    0.00    0.00    0.00    0.00    0.00    18  sleep

04:39:59 AM   UID       PID    %usr %system  %guest   %wait    %CPU   CPU  Command
04:40:00 AM  1000    328755    0.00    0.00    0.00    0.00    0.00    18  run-grafana.sh
04:40:00 AM  1000    328758    0.00    0.00    0.00    0.00    0.00    20  run-loki.sh
04:40:00 AM  1000    328762    0.00    0.00    0.00    0.00    0.00    16  run-otelcol.sh
04:40:00 AM  1000    328766    0.00    0.00    0.00    0.00    0.00    16  run-prometheus.
04:40:00 AM  1000    328770    0.00    0.00    0.00    0.00    0.00    16  run-tempo.sh
04:40:00 AM  1000    328788    0.00    0.00    0.00    0.00    0.00    20  run-pyroscope.s
04:40:00 AM  1000    328880    0.00    0.00    0.00    0.00    0.00    18  sleep

04:40:00 AM   UID       PID    %usr %system  %guest   %wait    %CPU   CPU  Command
04:40:01 AM  1000    328755    0.00    0.00    0.00    0.00    0.00    18  run-grafana.sh
04:40:01 AM  1000    328758    0.00    0.00    0.00    0.00    0.00    20  run-loki.sh
04:40:01 AM  1000    328762    0.00    0.00    0.00    0.00    0.00    16  run-otelcol.sh
04:40:01 AM  1000    328766    0.00    0.00    0.00    0.00    0.00    16  run-prometheus.
04:40:01 AM  1000    328770    0.00    0.00    0.00    0.00    0.00    16  run-tempo.sh
04:40:01 AM  1000    328788    0.00    0.00    0.00    0.00    0.00    20  run-pyroscope.s
04:40:01 AM  1000    328880    0.00    0.00    0.00    0.00    0.00    18  sleep

04:40:01 AM   UID       PID    %usr %system  %guest   %wait    %CPU   CPU  Command
04:40:02 AM  1000    328755    0.00    0.00    0.00    0.00    0.00    18  run-grafana.sh
04:40:02 AM  1000    328758    0.00    0.00    0.00    0.00    0.00    20  run-loki.sh
04:40:02 AM  1000    328762    0.00    0.00    0.00    0.00    0.00    16  run-otelcol.sh
04:40:02 AM  1000    328766    0.00    0.00    0.00    0.00    0.00    16  run-prometheus.
04:40:02 AM  1000    328770    0.00    0.00    0.00    0.00    0.00    16  run-tempo.sh
04:40:02 AM  1000    328788    0.00    0.00    0.00    0.00    0.00    20  run-pyroscope.s
04:40:02 AM  1000    328880    0.00    0.00    0.00    0.00    0.00    18  sleep

04:40:02 AM   UID       PID    %usr %system  %guest   %wait    %CPU   CPU  Command
04:40:03 AM  1000    328755    0.00    0.00    0.00    0.00    0.00    18  run-grafana.sh
04:40:03 AM  1000    328758    0.00    0.00    0.00    0.00    0.00    20  run-loki.sh
04:40:03 AM  1000    328762    0.00    0.00    0.00    0.00    0.00    16  run-otelcol.sh
04:40:03 AM  1000    328766    0.00    0.00    0.00    0.00    0.00    16  run-prometheus.
04:40:03 AM  1000    328770    0.00    0.00    0.00    0.00    0.00    16  run-tempo.sh
04:40:03 AM  1000    328788    0.00    0.00    0.00    0.00    0.00    20  run-pyroscope.s
04:40:03 AM  1000    328880    0.00    0.00    0.00    0.00    0.00    18  sleep

04:40:03 AM   UID       PID    %usr %system  %guest   %wait    %CPU   CPU  Command
04:40:04 AM  1000    328755    0.00    0.00    0.00    0.00    0.00    18  run-grafana.sh
04:40:04 AM  1000    328758    0.00    0.00    0.00    0.00    0.00    20  run-loki.sh
04:40:04 AM  1000    328762    0.00    0.00    0.00    0.00    0.00    16  run-otelcol.sh
04:40:04 AM  1000    328766    0.00    0.00    0.00    0.00    0.00    16  run-prometheus.
04:40:04 AM  1000    328770    0.00    0.00    0.00    0.00    0.00    16  run-tempo.sh
04:40:04 AM  1000    328788    0.00    0.00    0.00    0.00    0.00    20  run-pyroscope.s
04:40:04 AM  1000    328880    0.00    0.00    0.00    0.00    0.00    18  sleep

04:40:04 AM   UID       PID    %usr %system  %guest   %wait    %CPU   CPU  Command
04:40:05 AM  1000    328755    0.00    0.00    0.00    0.00    0.00    18  run-grafana.sh
04:40:05 AM  1000    328758    0.00    0.00    0.00    0.00    0.00    20  run-loki.sh
04:40:05 AM  1000    328762    0.00    0.00    0.00    0.00    0.00    16  run-otelcol.sh
04:40:05 AM  1000    328766    0.00    0.00    0.00    0.00    0.00    16  run-prometheus.
04:40:05 AM  1000    328770    0.00    0.00    0.00    0.00    0.00    16  run-tempo.sh
04:40:05 AM  1000    328788    0.00    0.00    0.00    0.00    0.00    20  run-pyroscope.s
04:40:05 AM  1000    328880    0.00    0.00    0.00    0.00    0.00    18  sleep

04:40:05 AM   UID       PID    %usr %system  %guest   %wait    %CPU   CPU  Command
04:40:06 AM  1000    328755    0.00    0.00    0.00    0.00    0.00    18  run-grafana.sh
04:40:06 AM  1000    328758    0.00    0.00    0.00    0.00    0.00    20  run-loki.sh
04:40:06 AM  1000    328762    0.00    0.00    0.00    0.00    0.00    16  run-otelcol.sh
04:40:06 AM  1000    328766    0.00    0.00    0.00    0.00    0.00    16  run-prometheus.
04:40:06 AM  1000    328770    0.00    0.00    0.00    0.00    0.00    16  run-tempo.sh
04:40:06 AM  1000    328788    0.00    0.00    0.00    0.00    0.00    20  run-pyroscope.s
04:40:06 AM  1000    328880    0.00    0.00    0.00    0.00    0.00    18  sleep

04:40:06 AM   UID       PID    %usr %system  %guest   %wait    %CPU   CPU  Command
04:40:07 AM  1000    328755    0.00    0.00    0.00    0.00    0.00    18  run-grafana.sh
04:40:07 AM  1000    328758    0.00    0.00    0.00    0.00    0.00    20  run-loki.sh
04:40:07 AM  1000    328762    0.00    0.00    0.00    0.00    0.00    16  run-otelcol.sh
04:40:07 AM  1000    328766    0.00    0.00    0.00    0.00    0.00    16  run-prometheus.
04:40:07 AM  1000    328770    0.00    0.00    0.00    0.00    0.00    16  run-tempo.sh
04:40:07 AM  1000    328788    0.00    0.00    0.00    0.00    0.00    20  run-pyroscope.s
04:40:07 AM  1000    328880    0.00    0.00    0.00    0.00    0.00    18  sleep

04:40:07 AM   UID       PID    %usr %system  %guest   %wait    %CPU   CPU  Command
04:40:08 AM  1000    328755    0.00    0.00    0.00    0.00    0.00    18  run-grafana.sh
04:40:08 AM  1000    328758    0.00    0.00    0.00    0.00    0.00    20  run-loki.sh
04:40:08 AM  1000    328762    0.00    0.00    0.00    0.00    0.00    16  run-otelcol.sh
04:40:08 AM  1000    328766    0.00    0.00    0.00    0.00    0.00    16  run-prometheus.
04:40:08 AM  1000    328770    0.00    0.00    0.00    0.00    0.00    16  run-tempo.sh
04:40:08 AM  1000    328788    0.00    0.00    0.00    0.00    0.00    20  run-pyroscope.s
04:40:08 AM  1000    328880    0.00    0.00    0.00    0.00    0.00    18  sleep

04:40:08 AM   UID       PID    %usr %system  %guest   %wait    %CPU   CPU  Command
04:40:09 AM  1000    328755    0.00    0.00    0.00    0.00    0.00    18  run-grafana.sh
04:40:09 AM  1000    328758    0.00    0.00    0.00    0.00    0.00    20  run-loki.sh
04:40:09 AM  1000    328762    0.00    0.00    0.00    0.00    0.00    16  run-otelcol.sh
04:40:09 AM  1000    328766    0.00    0.00    0.00    0.00    0.00    16  run-prometheus.
04:40:09 AM  1000    328770    0.00    0.00    0.00    0.00    0.00    16  run-tempo.sh
04:40:09 AM  1000    328788    0.00    0.00    0.00    0.00    0.00    20  run-pyroscope.s
04:40:09 AM  1000    328880    0.00    0.00    0.00    0.00    0.00    18  sleep

04:40:09 AM   UID       PID    %usr %system  %guest   %wait    %CPU   CPU  Command
04:40:10 AM  1000    328755    0.00    0.00    0.00    0.00    0.00    18  run-grafana.sh
04:40:10 AM  1000    328758    0.00    0.00    0.00    0.00    0.00    20  run-loki.sh
04:40:10 AM  1000    328762    0.00    0.00    0.00    0.00    0.00    16  run-otelcol.sh
04:40:10 AM  1000    328766    0.00    0.00    0.00    0.00    0.00    16  run-prometheus.
04:40:10 AM  1000    328770    0.00    0.00    0.00    0.00    0.00    16  run-tempo.sh
04:40:10 AM  1000    328788    0.00    0.00    0.00    0.00    0.00    20  run-pyroscope.s
04:40:10 AM  1000    328880    0.00    0.00    0.00    0.00    0.00    18  sleep

04:40:10 AM   UID       PID    %usr %system  %guest   %wait    %CPU   CPU  Command
04:40:11 AM  1000    328755    0.00    0.00    0.00    0.00    0.00    18  run-grafana.sh
04:40:11 AM  1000    328758    0.00    0.00    0.00    0.00    0.00    20  run-loki.sh
04:40:11 AM  1000    328762    0.00    0.00    0.00    0.00    0.00    16  run-otelcol.sh
04:40:11 AM  1000    328766    0.00    0.00    0.00    0.00    0.00    16  run-prometheus.
04:40:11 AM  1000    328770    0.00    0.00    0.00    0.00    0.00    16  run-tempo.sh
04:40:11 AM  1000    328788    0.00    0.00    0.00    0.00    0.00    20  run-pyroscope.s
04:40:11 AM  1000    328880    0.00    0.00    0.00    0.00    0.00    18  sleep

04:40:11 AM   UID       PID    %usr %system  %guest   %wait    %CPU   CPU  Command
04:40:12 AM  1000    328755    0.00    0.00    0.00    0.00    0.00    18  run-grafana.sh
04:40:12 AM  1000    328758    0.00    0.00    0.00    0.00    0.00    20  run-loki.sh
04:40:12 AM  1000    328762    0.00    0.00    0.00    0.00    0.00    16  run-otelcol.sh
04:40:12 AM  1000    328766    0.00    0.00    0.00    0.00    0.00    16  run-prometheus.
04:40:12 AM  1000    328770    0.00    0.00    0.00    0.00    0.00    16  run-tempo.sh
04:40:12 AM  1000    328788    0.00    0.00    0.00    0.00    0.00    20  run-pyroscope.s
04:40:12 AM  1000    328880    0.00    0.00    0.00    0.00    0.00    18  sleep

04:40:12 AM   UID       PID    %usr %system  %guest   %wait    %CPU   CPU  Command
04:40:13 AM  1000    328755    0.00    0.00    0.00    0.00    0.00    18  run-grafana.sh
04:40:13 AM  1000    328758    0.00    0.00    0.00    0.00    0.00    20  run-loki.sh
04:40:13 AM  1000    328762    0.00    0.00    0.00    0.00    0.00    16  run-otelcol.sh
04:40:13 AM  1000    328766    0.00    0.00    0.00    0.00    0.00    16  run-prometheus.
04:40:13 AM  1000    328770    0.00    0.00    0.00    0.00    0.00    16  run-tempo.sh
04:40:13 AM  1000    328788    0.00    0.00    0.00    0.00    0.00    20  run-pyroscope.s
04:40:13 AM  1000    328880    0.00    0.00    0.00    0.00    0.00    18  sleep

04:40:13 AM   UID       PID    %usr %system  %guest   %wait    %CPU   CPU  Command
04:40:14 AM  1000    328755    0.00    0.00    0.00    0.00    0.00    18  run-grafana.sh
04:40:14 AM  1000    328758    0.00    0.00    0.00    0.00    0.00    20  run-loki.sh
04:40:14 AM  1000    328762    0.00    0.00    0.00    0.00    0.00    16  run-otelcol.sh
04:40:14 AM  1000    328766    0.00    0.00    0.00    0.00    0.00    16  run-prometheus.
04:40:14 AM  1000    328770    0.00    0.00    0.00    0.00    0.00    16  run-tempo.sh
04:40:14 AM  1000    328788    0.00    0.00    0.00    0.00    0.00    20  run-pyroscope.s
04:40:14 AM  1000    328880    0.00    0.00    0.00    0.00    0.00    18  sleep

04:40:14 AM   UID       PID    %usr %system  %guest   %wait    %CPU   CPU  Command
04:40:15 AM  1000    328755    0.00    0.00    0.00    0.00    0.00    18  run-grafana.sh
04:40:15 AM  1000    328758    0.00    0.00    0.00    0.00    0.00    20  run-loki.sh
04:40:15 AM  1000    328762    0.00    0.00    0.00    0.00    0.00    16  run-otelcol.sh
04:40:15 AM  1000    328766    0.00    0.00    0.00    0.00    0.00    16  run-prometheus.
04:40:15 AM  1000    328770    0.00    0.00    0.00    0.00    0.00    16  run-tempo.sh
04:40:15 AM  1000    328788    0.00    0.00    0.00    0.00    0.00    20  run-pyroscope.s
04:40:15 AM  1000    328880    0.00    0.00    0.00    0.00    0.00    18  sleep

04:40:15 AM   UID       PID    %usr %system  %guest   %wait    %CPU   CPU  Command
04:40:16 AM  1000    328755    0.00    0.00    0.00    0.00    0.00    18  run-grafana.sh
04:40:16 AM  1000    328758    0.00    0.00    0.00    0.00    0.00    20  run-loki.sh
04:40:16 AM  1000    328762    0.00    0.00    0.00    0.00    0.00    16  run-otelcol.sh
04:40:16 AM  1000    328766    0.00    0.00    0.00    0.00    0.00    16  run-prometheus.
04:40:16 AM  1000    328770    0.00    0.00    0.00    0.00    0.00    16  run-tempo.sh
04:40:16 AM  1000    328788    0.00    0.00    0.00    0.00    0.00    20  run-pyroscope.s
04:40:16 AM  1000    328880    0.00    0.00    0.00    0.00    0.00    18  sleep

04:40:16 AM   UID       PID    %usr %system  %guest   %wait    %CPU   CPU  Command
04:40:17 AM  1000    328755    0.00    0.00    0.00    0.00    0.00    18  run-grafana.sh
04:40:17 AM  1000    328758    0.00    0.00    0.00    0.00    0.00    20  run-loki.sh
04:40:17 AM  1000    328762    0.00    0.00    0.00    0.00    0.00    16  run-otelcol.sh
04:40:17 AM  1000    328766    0.00    0.00    0.00    0.00    0.00    16  run-prometheus.
04:40:17 AM  1000    328770    0.00    0.00    0.00    0.00    0.00    16  run-tempo.sh
04:40:17 AM  1000    328788    0.00    0.00    0.00    0.00    0.00    20  run-pyroscope.s
04:40:17 AM  1000    328880    0.00    0.00    0.00    0.00    0.00    18  sleep

04:40:17 AM   UID       PID    %usr %system  %guest   %wait    %CPU   CPU  Command
04:40:18 AM  1000    328755    0.00    0.00    0.00    0.00    0.00    18  run-grafana.sh
04:40:18 AM  1000    328758    0.00    0.00    0.00    0.00    0.00    20  run-loki.sh
04:40:18 AM  1000    328762    0.00    0.00    0.00    0.00    0.00    16  run-otelcol.sh
04:40:18 AM  1000    328766    0.00    0.00    0.00    0.00    0.00    16  run-prometheus.
04:40:18 AM  1000    328770    0.00    0.00    0.00    0.00    0.00    16  run-tempo.sh
04:40:18 AM  1000    328788    0.00    0.00    0.00    0.00    0.00    20  run-pyroscope.s
04:40:18 AM  1000    328880    0.00    0.00    0.00    0.00    0.00    18  sleep

04:40:18 AM   UID       PID    %usr %system  %guest   %wait    %CPU   CPU  Command
04:40:19 AM  1000    328755    0.00    0.00    0.00    0.00    0.00    18  run-grafana.sh
04:40:19 AM  1000    328758    0.00    0.00    0.00    0.00    0.00    20  run-loki.sh
04:40:19 AM  1000    328762    0.00    0.00    0.00    0.00    0.00    16  run-otelcol.sh
04:40:19 AM  1000    328766    0.00    0.00    0.00    0.00    0.00    16  run-prometheus.
04:40:19 AM  1000    328770    0.00    0.00    0.00    0.00    0.00    16  run-tempo.sh
04:40:19 AM  1000    328788    0.00    0.00    0.00    0.00    0.00    20  run-pyroscope.s
04:40:19 AM  1000    328880    0.00    0.00    0.00    0.00    0.00    18  sleep

04:40:19 AM   UID       PID    %usr %system  %guest   %wait    %CPU   CPU  Command
04:40:20 AM  1000    328755    0.00    0.00    0.00    0.00    0.00    18  run-grafana.sh
04:40:20 AM  1000    328758    0.00    0.00    0.00    0.00    0.00    20  run-loki.sh
04:40:20 AM  1000    328762    0.00    0.00    0.00    0.00    0.00    16  run-otelcol.sh
04:40:20 AM  1000    328766    0.00    0.00    0.00    0.00    0.00    16  run-prometheus.
04:40:20 AM  1000    328770    0.00    0.00    0.00    0.00    0.00    16  run-tempo.sh
04:40:20 AM  1000    328788    0.00    0.00    0.00    0.00    0.00    20  run-pyroscope.s
04:40:20 AM  1000    328880    0.00    0.00    0.00    0.00    0.00    18  sleep

04:40:20 AM   UID       PID    %usr %system  %guest   %wait    %CPU   CPU  Command
04:40:21 AM  1000    328755    0.00    0.00    0.00    0.00    0.00    18  run-grafana.sh
04:40:21 AM  1000    328758    0.00    0.00    0.00    0.00    0.00    20  run-loki.sh
04:40:21 AM  1000    328762    0.00    0.00    0.00    0.00    0.00    16  run-otelcol.sh
04:40:21 AM  1000    328766    0.00    0.00    0.00    0.00    0.00    16  run-prometheus.
04:40:21 AM  1000    328770    0.00    0.00    0.00    0.00    0.00    16  run-tempo.sh
04:40:21 AM  1000    328788    0.00    0.00    0.00    0.00    0.00    20  run-pyroscope.s
04:40:21 AM  1000    328880    0.00    0.00    0.00    0.00    0.00    18  sleep

04:40:21 AM   UID       PID    %usr %system  %guest   %wait    %CPU   CPU  Command
04:40:22 AM  1000    328755    0.00    0.00    0.00    0.00    0.00    18  run-grafana.sh
04:40:22 AM  1000    328758    0.00    0.00    0.00    0.00    0.00    20  run-loki.sh
04:40:22 AM  1000    328762    0.00    0.00    0.00    0.00    0.00    16  run-otelcol.sh
04:40:22 AM  1000    328766    0.00    0.00    0.00    0.00    0.00    16  run-prometheus.
04:40:22 AM  1000    328770    0.00    0.00    0.00    0.00    0.00    16  run-tempo.sh
04:40:22 AM  1000    328788    0.00    0.00    0.00    0.00    0.00    20  run-pyroscope.s
04:40:22 AM  1000    328880    0.00    0.00    0.00    0.00    0.00    18  sleep

04:40:22 AM   UID       PID    %usr %system  %guest   %wait    %CPU   CPU  Command
04:40:23 AM  1000    328755    0.00    0.00    0.00    0.00    0.00    18  run-grafana.sh
04:40:23 AM  1000    328758    0.00    0.00    0.00    0.00    0.00    20  run-loki.sh
04:40:23 AM  1000    328762    0.00    0.00    0.00    0.00    0.00    16  run-otelcol.sh
04:40:23 AM  1000    328766    0.00    0.00    0.00    0.00    0.00    16  run-prometheus.
04:40:23 AM  1000    328770    0.00    0.00    0.00    0.00    0.00    16  run-tempo.sh
04:40:23 AM  1000    328788    0.00    0.00    0.00    0.00    0.00    20  run-pyroscope.s
04:40:23 AM  1000    328880    0.00    0.00    0.00    0.00    0.00    18  sleep

04:40:23 AM   UID       PID    %usr %system  %guest   %wait    %CPU   CPU  Command
04:40:24 AM  1000    328755    0.00    0.00    0.00    0.00    0.00    18  run-grafana.sh
04:40:24 AM  1000    328758    0.00    0.00    0.00    0.00    0.00    20  run-loki.sh
04:40:24 AM  1000    328762    0.00    0.00    0.00    0.00    0.00    16  run-otelcol.sh
04:40:24 AM  1000    328766    0.00    0.00    0.00    0.00    0.00    16  run-prometheus.
04:40:24 AM  1000    328770    0.00    0.00    0.00    0.00    0.00    16  run-tempo.sh
04:40:24 AM  1000    328788    0.00    0.00    0.00    0.00    0.00    20  run-pyroscope.s
04:40:24 AM  1000    328880    0.00    0.00    0.00    0.00    0.00    18  sleep

04:40:24 AM   UID       PID    %usr %system  %guest   %wait    %CPU   CPU  Command
04:40:25 AM  1000    328755    0.00    0.00    0.00    0.00    0.00    18  run-grafana.sh
04:40:25 AM  1000    328758    0.00    0.00    0.00    0.00    0.00    20  run-loki.sh
04:40:25 AM  1000    328762    0.00    0.00    0.00    0.00    0.00    16  run-otelcol.sh
04:40:25 AM  1000    328766    0.00    0.00    0.00    0.00    0.00    16  run-prometheus.
04:40:25 AM  1000    328770    0.00    0.00    0.00    0.00    0.00    16  run-tempo.sh
04:40:25 AM  1000    328788    0.00    0.00    0.00    0.00    0.00    20  run-pyroscope.s
04:40:25 AM  1000    328880    0.00    0.00    0.00    0.00    0.00    18  sleep

04:40:25 AM   UID       PID    %usr %system  %guest   %wait    %CPU   CPU  Command
04:40:26 AM  1000    328755    0.00    0.00    0.00    0.00    0.00    18  run-grafana.sh
04:40:26 AM  1000    328758    0.00    0.00    0.00    0.00    0.00    20  run-loki.sh
04:40:26 AM  1000    328762    0.00    0.00    0.00    0.00    0.00    16  run-otelcol.sh
04:40:26 AM  1000    328766    0.00    0.00    0.00    0.00    0.00    16  run-prometheus.
04:40:26 AM  1000    328770    0.00    0.00    0.00    0.00    0.00    16  run-tempo.sh
04:40:26 AM  1000    328788    0.00    0.00    0.00    0.00    0.00    20  run-pyroscope.s
04:40:26 AM  1000    328880    0.00    0.00    0.00    0.00    0.00    18  sleep

04:40:26 AM   UID       PID    %usr %system  %guest   %wait    %CPU   CPU  Command
04:40:27 AM  1000    328755    0.00    0.00    0.00    0.00    0.00    18  run-grafana.sh
04:40:27 AM  1000    328758    0.00    0.00    0.00    0.00    0.00    20  run-loki.sh
04:40:27 AM  1000    328762    0.00    0.00    0.00    0.00    0.00    16  run-otelcol.sh
04:40:27 AM  1000    328766    0.00    0.00    0.00    0.00    0.00    16  run-prometheus.
04:40:27 AM  1000    328770    0.00    0.00    0.00    0.00    0.00    16  run-tempo.sh
04:40:27 AM  1000    328788    0.00    0.00    0.00    0.00    0.00    20  run-pyroscope.s
04:40:27 AM  1000    328880    0.00    0.00    0.00    0.00    0.00    18  sleep

04:40:27 AM   UID       PID    %usr %system  %guest   %wait    %CPU   CPU  Command
04:40:28 AM  1000    328755    0.00    0.00    0.00    0.00    0.00    18  run-grafana.sh
04:40:28 AM  1000    328758    0.00    0.00    0.00    0.00    0.00    20  run-loki.sh
04:40:28 AM  1000    328762    0.00    0.00    0.00    0.00    0.00    16  run-otelcol.sh
04:40:28 AM  1000    328766    0.00    0.00    0.00    0.00    0.00    16  run-prometheus.
04:40:28 AM  1000    328770    0.00    0.00    0.00    0.00    0.00    16  run-tempo.sh
04:40:28 AM  1000    328788    0.00    0.00    0.00    0.00    0.00    20  run-pyroscope.s
04:40:28 AM  1000    328880    0.00    0.00    0.00    0.00    0.00    18  sleep

04:40:28 AM   UID       PID    %usr %system  %guest   %wait    %CPU   CPU  Command
04:40:29 AM  1000    328755    0.00    0.00    0.00    0.00    0.00    18  run-grafana.sh
04:40:29 AM  1000    328758    0.00    0.00    0.00    0.00    0.00    20  run-loki.sh
04:40:29 AM  1000    328762    0.00    0.00    0.00    0.00    0.00    16  run-otelcol.sh
04:40:29 AM  1000    328766    0.00    0.00    0.00    0.00    0.00    16  run-prometheus.
04:40:29 AM  1000    328770    0.00    0.00    0.00    0.00    0.00    16  run-tempo.sh
04:40:29 AM  1000    328788    0.00    0.00    0.00    0.00    0.00    20  run-pyroscope.s
04:40:29 AM  1000    328880    0.00    0.00    0.00    0.00    0.00    18  sleep

04:40:29 AM   UID       PID    %usr %system  %guest   %wait    %CPU   CPU  Command
04:40:30 AM  1000    328755    0.00    0.00    0.00    0.00    0.00    18  run-grafana.sh
04:40:30 AM  1000    328758    0.00    0.00    0.00    0.00    0.00    20  run-loki.sh
04:40:30 AM  1000    328762    0.00    0.00    0.00    0.00    0.00    16  run-otelcol.sh
04:40:30 AM  1000    328766    0.00    0.00    0.00    0.00    0.00    16  run-prometheus.
04:40:30 AM  1000    328770    0.00    0.00    0.00    0.00    0.00    16  run-tempo.sh
04:40:30 AM  1000    328788    0.00    0.00    0.00    0.00    0.00    20  run-pyroscope.s
04:40:30 AM  1000    328880    0.00    0.00    0.00    0.00    0.00    18  sleep

04:40:30 AM   UID       PID    %usr %system  %guest   %wait    %CPU   CPU  Command
04:40:31 AM  1000    328755    0.00    0.00    0.00    0.00    0.00    18  run-grafana.sh
04:40:31 AM  1000    328758    0.00    0.00    0.00    0.00    0.00    20  run-loki.sh
04:40:31 AM  1000    328762    0.00    0.00    0.00    0.00    0.00    16  run-otelcol.sh
04:40:31 AM  1000    328766    0.00    0.00    0.00    0.00    0.00    16  run-prometheus.
04:40:31 AM  1000    328770    0.00    0.00    0.00    0.00    0.00    16  run-tempo.sh
04:40:31 AM  1000    328788    0.00    0.00    0.00    0.00    0.00    20  run-pyroscope.s
04:40:31 AM  1000    328880    0.00    0.00    0.00    0.00    0.00    18  sleep

04:40:31 AM   UID       PID    %usr %system  %guest   %wait    %CPU   CPU  Command
04:40:32 AM  1000    328755    0.00    0.00    0.00    0.00    0.00    18  run-grafana.sh
04:40:32 AM  1000    328758    0.00    0.00    0.00    0.00    0.00    20  run-loki.sh
04:40:32 AM  1000    328762    0.00    0.00    0.00    0.00    0.00    16  run-otelcol.sh
04:40:32 AM  1000    328766    0.00    0.00    0.00    0.00    0.00    16  run-prometheus.
04:40:32 AM  1000    328770    0.00    0.00    0.00    0.00    0.00    16  run-tempo.sh
04:40:32 AM  1000    328788    0.00    0.00    0.00    0.00    0.00    20  run-pyroscope.s
04:40:32 AM  1000    328880    0.00    0.00    0.00    0.00    0.00    18  sleep

04:40:32 AM   UID       PID    %usr %system  %guest   %wait    %CPU   CPU  Command
04:40:33 AM  1000    328755    0.00    0.00    0.00    0.00    0.00    18  run-grafana.sh
04:40:33 AM  1000    328758    0.00    0.00    0.00    0.00    0.00    20  run-loki.sh
04:40:33 AM  1000    328762    0.00    0.00    0.00    0.00    0.00    16  run-otelcol.sh
04:40:33 AM  1000    328766    0.00    0.00    0.00    0.00    0.00    16  run-prometheus.
04:40:33 AM  1000    328770    0.00    0.00    0.00    0.00    0.00    16  run-tempo.sh
04:40:33 AM  1000    328788    0.00    0.00    0.00    0.00    0.00    20  run-pyroscope.s
04:40:33 AM  1000    328880    0.00    0.00    0.00    0.00    0.00    18  sleep

04:40:33 AM   UID       PID    %usr %system  %guest   %wait    %CPU   CPU  Command
04:40:34 AM  1000    328755    0.00    0.00    0.00    0.00    0.00    18  run-grafana.sh
04:40:34 AM  1000    328758    0.00    0.00    0.00    0.00    0.00    20  run-loki.sh
04:40:34 AM  1000    328762    0.00    0.00    0.00    0.00    0.00    16  run-otelcol.sh
04:40:34 AM  1000    328766    0.00    0.00    0.00    0.00    0.00    16  run-prometheus.
04:40:34 AM  1000    328770    0.00    0.00    0.00    0.00    0.00    16  run-tempo.sh
04:40:34 AM  1000    328788    0.00    0.00    0.00    0.00    0.00    20  run-pyroscope.s
04:40:34 AM  1000    328880    0.00    0.00    0.00    0.00    0.00    18  sleep

04:40:34 AM   UID       PID    %usr %system  %guest   %wait    %CPU   CPU  Command
04:40:35 AM  1000    328755    0.00    0.00    0.00    0.00    0.00    18  run-grafana.sh
04:40:35 AM  1000    328758    0.00    0.00    0.00    0.00    0.00    20  run-loki.sh
04:40:35 AM  1000    328762    0.00    0.00    0.00    0.00    0.00    16  run-otelcol.sh
04:40:35 AM  1000    328766    0.00    0.00    0.00    0.00    0.00    16  run-prometheus.
04:40:35 AM  1000    328770    0.00    0.00    0.00    0.00    0.00    16  run-tempo.sh
04:40:35 AM  1000    328788    0.00    0.00    0.00    0.00    0.00    20  run-pyroscope.s
04:40:35 AM  1000    328880    0.00    0.00    0.00    0.00    0.00    18  sleep

04:40:35 AM   UID       PID    %usr %system  %guest   %wait    %CPU   CPU  Command
04:40:36 AM  1000    328755    0.00    0.00    0.00    0.00    0.00    18  run-grafana.sh
04:40:36 AM  1000    328758    0.00    0.00    0.00    0.00    0.00    20  run-loki.sh
04:40:36 AM  1000    328762    0.00    0.00    0.00    0.00    0.00    16  run-otelcol.sh
04:40:36 AM  1000    328766    0.00    0.00    0.00    0.00    0.00    16  run-prometheus.
04:40:36 AM  1000    328770    0.00    0.00    0.00    0.00    0.00    16  run-tempo.sh
04:40:36 AM  1000    328788    0.00    0.00    0.00    0.00    0.00    20  run-pyroscope.s
04:40:36 AM  1000    328880    0.00    0.00    0.00    0.00    0.00    18  sleep

04:40:36 AM   UID       PID    %usr %system  %guest   %wait    %CPU   CPU  Command
04:40:37 AM  1000    328755    0.00    0.00    0.00    0.00    0.00    18  run-grafana.sh
04:40:37 AM  1000    328758    0.00    0.00    0.00    0.00    0.00    20  run-loki.sh
04:40:37 AM  1000    328762    0.00    0.00    0.00    0.00    0.00    16  run-otelcol.sh
04:40:37 AM  1000    328766    0.00    0.00    0.00    0.00    0.00    16  run-prometheus.
04:40:37 AM  1000    328770    0.00    0.00    0.00    0.00    0.00    16  run-tempo.sh
04:40:37 AM  1000    328788    0.00    0.00    0.00    0.00    0.00    20  run-pyroscope.s
04:40:37 AM  1000    328880    0.00    0.00    0.00    0.00    0.00    18  sleep

04:40:37 AM   UID       PID    %usr %system  %guest   %wait    %CPU   CPU  Command
04:40:38 AM  1000    328755    0.00    0.00    0.00    0.00    0.00    18  run-grafana.sh
04:40:38 AM  1000    328758    0.00    0.00    0.00    0.00    0.00    20  run-loki.sh
04:40:38 AM  1000    328762    0.00    0.00    0.00    0.00    0.00    16  run-otelcol.sh
04:40:38 AM  1000    328766    0.00    0.00    0.00    0.00    0.00    16  run-prometheus.
04:40:38 AM  1000    328770    0.00    0.00    0.00    0.00    0.00    16  run-tempo.sh
04:40:38 AM  1000    328788    0.00    0.00    0.00    0.00    0.00    20  run-pyroscope.s
04:40:38 AM  1000    328880    0.00    0.00    0.00    0.00    0.00    18  sleep

04:40:38 AM   UID       PID    %usr %system  %guest   %wait    %CPU   CPU  Command
04:40:39 AM  1000    328755    0.00    0.00    0.00    0.00    0.00    18  run-grafana.sh
04:40:39 AM  1000    328758    0.00    0.00    0.00    0.00    0.00    20  run-loki.sh
04:40:39 AM  1000    328762    0.00    0.00    0.00    0.00    0.00    16  run-otelcol.sh
04:40:39 AM  1000    328766    0.00    0.00    0.00    0.00    0.00    16  run-prometheus.
04:40:39 AM  1000    328770    0.00    0.00    0.00    0.00    0.00    16  run-tempo.sh
04:40:39 AM  1000    328788    0.00    0.00    0.00    0.00    0.00    20  run-pyroscope.s
04:40:39 AM  1000    328880    0.00    0.00    0.00    0.00    0.00    18  sleep

04:40:39 AM   UID       PID    %usr %system  %guest   %wait    %CPU   CPU  Command
04:40:40 AM  1000    328755    0.00    0.00    0.00    0.00    0.00    18  run-grafana.sh
04:40:40 AM  1000    328758    0.00    0.00    0.00    0.00    0.00    20  run-loki.sh
04:40:40 AM  1000    328762    0.00    0.00    0.00    0.00    0.00    16  run-otelcol.sh
04:40:40 AM  1000    328766    0.00    0.00    0.00    0.00    0.00    16  run-prometheus.
04:40:40 AM  1000    328770    0.00    0.00    0.00    0.00    0.00    16  run-tempo.sh
04:40:40 AM  1000    328788    0.00    0.00    0.00    0.00    0.00    20  run-pyroscope.s
04:40:40 AM  1000    328880    0.00    0.00    0.00    0.00    0.00    18  sleep

04:40:40 AM   UID       PID    %usr %system  %guest   %wait    %CPU   CPU  Command
04:40:41 AM  1000    328755    0.00    0.00    0.00    0.00    0.00    18  run-grafana.sh
04:40:41 AM  1000    328758    0.00    0.00    0.00    0.00    0.00    20  run-loki.sh
04:40:41 AM  1000    328762    0.00    0.00    0.00    0.00    0.00    16  run-otelcol.sh
04:40:41 AM  1000    328766    0.00    0.00    0.00    0.00    0.00    16  run-prometheus.
04:40:41 AM  1000    328770    0.00    0.00    0.00    0.00    0.00    16  run-tempo.sh
04:40:41 AM  1000    328788    0.00    0.00    0.00    0.00    0.00    20  run-pyroscope.s
04:40:41 AM  1000    328880    0.00    0.00    0.00    0.00    0.00    18  sleep

04:40:41 AM   UID       PID    %usr %system  %guest   %wait    %CPU   CPU  Command
04:40:42 AM  1000    328755    0.00    0.00    0.00    0.00    0.00    18  run-grafana.sh
04:40:42 AM  1000    328758    0.00    0.00    0.00    0.00    0.00    20  run-loki.sh
04:40:42 AM  1000    328762    0.00    0.00    0.00    0.00    0.00    16  run-otelcol.sh
04:40:42 AM  1000    328766    0.00    0.00    0.00    0.00    0.00    16  run-prometheus.
04:40:42 AM  1000    328770    0.00    0.00    0.00    0.00    0.00    16  run-tempo.sh
04:40:42 AM  1000    328788    0.00    0.00    0.00    0.00    0.00    20  run-pyroscope.s
04:40:42 AM  1000    328880    0.00    0.00    0.00    0.00    0.00    18  sleep

04:40:42 AM   UID       PID    %usr %system  %guest   %wait    %CPU   CPU  Command
04:40:43 AM  1000    328755    0.00    0.00    0.00    0.00    0.00    18  run-grafana.sh
04:40:43 AM  1000    328758    0.00    0.00    0.00    0.00    0.00    20  run-loki.sh
04:40:43 AM  1000    328762    0.00    0.00    0.00    0.00    0.00    16  run-otelcol.sh
04:40:43 AM  1000    328766    0.00    0.00    0.00    0.00    0.00    16  run-prometheus.
04:40:43 AM  1000    328770    0.00    0.00    0.00    0.00    0.00    16  run-tempo.sh
04:40:43 AM  1000    328788    0.00    0.00    0.00    0.00    0.00    20  run-pyroscope.s
04:40:43 AM  1000    328880    0.00    0.00    0.00    0.00    0.00    18  sleep

04:40:43 AM   UID       PID    %usr %system  %guest   %wait    %CPU   CPU  Command
04:40:44 AM  1000    328755    0.00    0.00    0.00    0.00    0.00    18  run-grafana.sh
04:40:44 AM  1000    328758    0.00    0.00    0.00    0.00    0.00    20  run-loki.sh
04:40:44 AM  1000    328762    0.00    0.00    0.00    0.00    0.00    16  run-otelcol.sh
04:40:44 AM  1000    328766    0.00    0.00    0.00    0.00    0.00    16  run-prometheus.
04:40:44 AM  1000    328770    0.00    0.00    0.00    0.00    0.00    16  run-tempo.sh
04:40:44 AM  1000    328788    0.00    0.00    0.00    0.00    0.00    20  run-pyroscope.s
04:40:44 AM  1000    328880    0.00    0.00    0.00    0.00    0.00    18  sleep

04:40:44 AM   UID       PID    %usr %system  %guest   %wait    %CPU   CPU  Command
04:40:45 AM  1000    328755    0.00    0.00    0.00    0.00    0.00    18  run-grafana.sh
04:40:45 AM  1000    328758    0.00    0.00    0.00    0.00    0.00    20  run-loki.sh
04:40:45 AM  1000    328762    0.00    0.00    0.00    0.00    0.00    16  run-otelcol.sh
04:40:45 AM  1000    328766    0.00    0.00    0.00    0.00    0.00    16  run-prometheus.
04:40:45 AM  1000    328770    0.00    0.00    0.00    0.00    0.00    16  run-tempo.sh
04:40:45 AM  1000    328788    0.00    0.00    0.00    0.00    0.00    20  run-pyroscope.s
04:40:45 AM  1000    328880    0.00    0.00    0.00    0.00    0.00    18  sleep

04:40:45 AM   UID       PID    %usr %system  %guest   %wait    %CPU   CPU  Command
04:40:46 AM  1000    328755    0.00    0.00    0.00    0.00    0.00    18  run-grafana.sh
04:40:46 AM  1000    328758    0.00    0.00    0.00    0.00    0.00    20  run-loki.sh
04:40:46 AM  1000    328762    0.00    0.00    0.00    0.00    0.00    16  run-otelcol.sh
04:40:46 AM  1000    328766    0.00    0.00    0.00    0.00    0.00    16  run-prometheus.
04:40:46 AM  1000    328770    0.00    0.00    0.00    0.00    0.00    16  run-tempo.sh
04:40:46 AM  1000    328788    0.00    0.00    0.00    0.00    0.00    20  run-pyroscope.s
04:40:46 AM  1000    328880    0.00    0.00    0.00    0.00    0.00    18  sleep

04:40:46 AM   UID       PID    %usr %system  %guest   %wait    %CPU   CPU  Command
04:40:47 AM  1000    328755    0.00    0.00    0.00    0.00    0.00    18  run-grafana.sh
04:40:47 AM  1000    328758    0.00    0.00    0.00    0.00    0.00    20  run-loki.sh
04:40:47 AM  1000    328762    0.00    0.00    0.00    0.00    0.00    16  run-otelcol.sh
04:40:47 AM  1000    328766    0.00    0.00    0.00    0.00    0.00    16  run-prometheus.
04:40:47 AM  1000    328770    0.00    0.00    0.00    0.00    0.00    16  run-tempo.sh
04:40:47 AM  1000    328788    0.00    0.00    0.00    0.00    0.00    20  run-pyroscope.s
04:40:47 AM  1000    328880    0.00    0.00    0.00    0.00    0.00    18  sleep

04:40:47 AM   UID       PID    %usr %system  %guest   %wait    %CPU   CPU  Command
04:40:48 AM  1000    328755    0.00    0.00    0.00    0.00    0.00    18  run-grafana.sh
04:40:48 AM  1000    328758    0.00    0.00    0.00    0.00    0.00    20  run-loki.sh
04:40:48 AM  1000    328762    0.00    0.00    0.00    0.00    0.00    16  run-otelcol.sh
04:40:48 AM  1000    328766    0.00    0.00    0.00    0.00    0.00    16  run-prometheus.
04:40:48 AM  1000    328770    0.00    0.00    0.00    0.00    0.00    16  run-tempo.sh
04:40:48 AM  1000    328788    0.00    0.00    0.00    0.00    0.00    20  run-pyroscope.s
04:40:48 AM  1000    328880    0.00    0.00    0.00    0.00    0.00    18  sleep

04:40:48 AM   UID       PID    %usr %system  %guest   %wait    %CPU   CPU  Command
04:40:49 AM  1000    328755    0.00    0.00    0.00    0.00    0.00    18  run-grafana.sh
04:40:49 AM  1000    328758    0.00    0.00    0.00    0.00    0.00    20  run-loki.sh
04:40:49 AM  1000    328762    0.00    0.00    0.00    0.00    0.00    16  run-otelcol.sh
04:40:49 AM  1000    328766    0.00    0.00    0.00    0.00    0.00    16  run-prometheus.
04:40:49 AM  1000    328770    0.00    0.00    0.00    0.00    0.00    16  run-tempo.sh
04:40:49 AM  1000    328788    0.00    0.00    0.00    0.00    0.00    20  run-pyroscope.s
04:40:49 AM  1000    328880    0.00    0.00    0.00    0.00    0.00    18  sleep

04:40:49 AM   UID       PID    %usr %system  %guest   %wait    %CPU   CPU  Command
04:40:50 AM  1000    328755    0.00    0.00    0.00    0.00    0.00    18  run-grafana.sh
04:40:50 AM  1000    328758    0.00    0.00    0.00    0.00    0.00    20  run-loki.sh
04:40:50 AM  1000    328762    0.00    0.00    0.00    0.00    0.00    16  run-otelcol.sh
04:40:50 AM  1000    328766    0.00    0.00    0.00    0.00    0.00    16  run-prometheus.
04:40:50 AM  1000    328770    0.00    0.00    0.00    0.00    0.00    16  run-tempo.sh
04:40:50 AM  1000    328788    0.00    0.00    0.00    0.00    0.00    20  run-pyroscope.s
04:40:50 AM  1000    328880    0.00    0.00    0.00    0.00    0.00    18  sleep

04:40:50 AM   UID       PID    %usr %system  %guest   %wait    %CPU   CPU  Command
04:40:51 AM  1000    328755    0.00    0.00    0.00    0.00    0.00    18  run-grafana.sh
04:40:51 AM  1000    328758    0.00    0.00    0.00    0.00    0.00    20  run-loki.sh
04:40:51 AM  1000    328762    0.00    0.00    0.00    0.00    0.00    16  run-otelcol.sh
04:40:51 AM  1000    328766    0.00    0.00    0.00    0.00    0.00    16  run-prometheus.
04:40:51 AM  1000    328770    0.00    0.00    0.00    0.00    0.00    16  run-tempo.sh
04:40:51 AM  1000    328788    0.00    0.00    0.00    0.00    0.00    20  run-pyroscope.s
04:40:51 AM  1000    328880    0.00    0.00    0.00    0.00    0.00    18  sleep

04:40:51 AM   UID       PID    %usr %system  %guest   %wait    %CPU   CPU  Command
04:40:52 AM  1000    328755    0.00    0.00    0.00    0.00    0.00    18  run-grafana.sh
04:40:52 AM  1000    328758    0.00    0.00    0.00    0.00    0.00    20  run-loki.sh
04:40:52 AM  1000    328762    0.00    0.00    0.00    0.00    0.00    16  run-otelcol.sh
04:40:52 AM  1000    328766    0.00    0.00    0.00    0.00    0.00    16  run-prometheus.
04:40:52 AM  1000    328770    0.00    0.00    0.00    0.00    0.00    16  run-tempo.sh
04:40:52 AM  1000    328788    0.00    0.00    0.00    0.00    0.00    20  run-pyroscope.s
04:40:52 AM  1000    328880    0.00    0.00    0.00    0.00    0.00    18  sleep

04:40:52 AM   UID       PID    %usr %system  %guest   %wait    %CPU   CPU  Command
04:40:53 AM  1000    328755    0.00    0.00    0.00    0.00    0.00    18  run-grafana.sh
04:40:53 AM  1000    328758    0.00    0.00    0.00    0.00    0.00    20  run-loki.sh
04:40:53 AM  1000    328762    0.00    0.00    0.00    0.00    0.00    16  run-otelcol.sh
04:40:53 AM  1000    328766    0.00    0.00    0.00    0.00    0.00    16  run-prometheus.
04:40:53 AM  1000    328770    0.00    0.00    0.00    0.00    0.00    16  run-tempo.sh
04:40:53 AM  1000    328788    0.00    0.00    0.00    0.00    0.00    20  run-pyroscope.s
04:40:53 AM  1000    328880    0.00    0.00    0.00    0.00    0.00    18  sleep

04:40:53 AM   UID       PID    %usr %system  %guest   %wait    %CPU   CPU  Command
04:40:54 AM  1000    328755    0.00    0.00    0.00    0.00    0.00    18  run-grafana.sh
04:40:54 AM  1000    328758    0.00    0.00    0.00    0.00    0.00    20  run-loki.sh
04:40:54 AM  1000    328762    0.00    0.00    0.00    0.00    0.00    16  run-otelcol.sh
04:40:54 AM  1000    328766    0.00    0.00    0.00    0.00    0.00    16  run-prometheus.
04:40:54 AM  1000    328770    0.00    0.00    0.00    0.00    0.00    16  run-tempo.sh
04:40:54 AM  1000    328788    0.00    0.00    0.00    0.00    0.00    20  run-pyroscope.s
04:40:54 AM  1000    328880    0.00    0.00    0.00    0.00    0.00    18  sleep

04:40:54 AM   UID       PID    %usr %system  %guest   %wait    %CPU   CPU  Command
04:40:55 AM  1000    328755    0.00    0.00    0.00    0.00    0.00    18  run-grafana.sh
04:40:55 AM  1000    328758    0.00    0.00    0.00    0.00    0.00    20  run-loki.sh
04:40:55 AM  1000    328762    0.00    0.00    0.00    0.00    0.00    16  run-otelcol.sh
04:40:55 AM  1000    328766    0.00    0.00    0.00    0.00    0.00    16  run-prometheus.
04:40:55 AM  1000    328770    0.00    0.00    0.00    0.00    0.00    16  run-tempo.sh
04:40:55 AM  1000    328788    0.00    0.00    0.00    0.00    0.00    20  run-pyroscope.s
04:40:55 AM  1000    328880    0.00    0.00    0.00    0.00    0.00    18  sleep

04:40:55 AM   UID       PID    %usr %system  %guest   %wait    %CPU   CPU  Command
04:40:56 AM  1000    328755    0.00    0.00    0.00    0.00    0.00    18  run-grafana.sh
04:40:56 AM  1000    328758    0.00    0.00    0.00    0.00    0.00    20  run-loki.sh
04:40:56 AM  1000    328762    0.00    0.00    0.00    0.00    0.00    16  run-otelcol.sh
04:40:56 AM  1000    328766    0.00    0.00    0.00    0.00    0.00    16  run-prometheus.
04:40:56 AM  1000    328770    0.00    0.00    0.00    0.00    0.00    16  run-tempo.sh
04:40:56 AM  1000    328788    0.00    0.00    0.00    0.00    0.00    20  run-pyroscope.s
04:40:56 AM  1000    328880    0.00    0.00    0.00    0.00    0.00    18  sleep

04:40:56 AM   UID       PID    %usr %system  %guest   %wait    %CPU   CPU  Command
04:40:57 AM  1000    328755    0.00    0.00    0.00    0.00    0.00    18  run-grafana.sh
04:40:57 AM  1000    328758    0.00    0.00    0.00    0.00    0.00    20  run-loki.sh
04:40:57 AM  1000    328762    0.00    0.00    0.00    0.00    0.00    16  run-otelcol.sh
04:40:57 AM  1000    328766    0.00    0.00    0.00    0.00    0.00    16  run-prometheus.
04:40:57 AM  1000    328770    0.00    0.00    0.00    0.00    0.00    16  run-tempo.sh
04:40:57 AM  1000    328788    0.00    0.00    0.00    0.00    0.00    20  run-pyroscope.s
04:40:57 AM  1000    328880    0.00    0.00    0.00    0.00    0.00    18  sleep

04:40:57 AM   UID       PID    %usr %system  %guest   %wait    %CPU   CPU  Command
04:40:58 AM  1000    328755    0.00    0.00    0.00    0.00    0.00    18  run-grafana.sh
04:40:58 AM  1000    328758    0.00    0.00    0.00    0.00    0.00    20  run-loki.sh
04:40:58 AM  1000    328762    0.00    0.00    0.00    0.00    0.00    16  run-otelcol.sh
04:40:58 AM  1000    328766    0.00    0.00    0.00    0.00    0.00    16  run-prometheus.
04:40:58 AM  1000    328770    0.00    0.00    0.00    0.00    0.00    16  run-tempo.sh
04:40:58 AM  1000    328788    0.00    0.00    0.00    0.00    0.00    20  run-pyroscope.s
04:40:58 AM  1000    328880    0.00    0.00    0.00    0.00    0.00    18  sleep

04:40:58 AM   UID       PID    %usr %system  %guest   %wait    %CPU   CPU  Command
04:40:59 AM  1000    328755    0.00    0.00    0.00    0.00    0.00    18  run-grafana.sh
04:40:59 AM  1000    328758    0.00    0.00    0.00    0.00    0.00    20  run-loki.sh
04:40:59 AM  1000    328762    0.00    0.00    0.00    0.00    0.00    16  run-otelcol.sh
04:40:59 AM  1000    328766    0.00    0.00    0.00    0.00    0.00    16  run-prometheus.
04:40:59 AM  1000    328770    0.00    0.00    0.00    0.00    0.00    16  run-tempo.sh
04:40:59 AM  1000    328788    0.00    0.00    0.00    0.00    0.00    20  run-pyroscope.s
04:40:59 AM  1000    328880    0.00    0.00    0.00    0.00    0.00    18  sleep

04:40:59 AM   UID       PID    %usr %system  %guest   %wait    %CPU   CPU  Command
04:41:00 AM  1000    328755    0.00    0.00    0.00    0.00    0.00    18  run-grafana.sh
04:41:00 AM  1000    328758    0.00    0.00    0.00    0.00    0.00    20  run-loki.sh
04:41:00 AM  1000    328762    0.00    0.00    0.00    0.00    0.00    16  run-otelcol.sh
04:41:00 AM  1000    328766    0.00    0.00    0.00    0.00    0.00    16  run-prometheus.
04:41:00 AM  1000    328770    0.00    0.00    0.00    0.00    0.00    16  run-tempo.sh
04:41:00 AM  1000    328788    0.00    0.00    0.00    0.00    0.00    20  run-pyroscope.s
04:41:00 AM  1000    328880    0.00    0.00    0.00    0.00    0.00    18  sleep

04:41:00 AM   UID       PID    %usr %system  %guest   %wait    %CPU   CPU  Command
04:41:01 AM  1000    328755    0.00    0.00    0.00    0.00    0.00    18  run-grafana.sh
04:41:01 AM  1000    328758    0.00    0.00    0.00    0.00    0.00    20  run-loki.sh
04:41:01 AM  1000    328762    0.00    0.00    0.00    0.00    0.00    16  run-otelcol.sh
04:41:01 AM  1000    328766    0.00    0.00    0.00    0.00    0.00    16  run-prometheus.
04:41:01 AM  1000    328770    0.00    0.00    0.00    0.00    0.00    16  run-tempo.sh
04:41:01 AM  1000    328788    0.00    0.00    0.00    0.00    0.00    20  run-pyroscope.s
04:41:01 AM  1000    328880    0.00    0.00    0.00    0.00    0.00    18  sleep

04:41:01 AM   UID       PID    %usr %system  %guest   %wait    %CPU   CPU  Command
04:41:02 AM  1000    328755    0.00    0.00    0.00    0.00    0.00    18  run-grafana.sh
04:41:02 AM  1000    328758    0.00    0.00    0.00    0.00    0.00    20  run-loki.sh
04:41:02 AM  1000    328762    0.00    0.00    0.00    0.00    0.00    16  run-otelcol.sh
04:41:02 AM  1000    328766    0.00    0.00    0.00    0.00    0.00    16  run-prometheus.
04:41:02 AM  1000    328770    0.00    0.00    0.00    0.00    0.00    16  run-tempo.sh
04:41:02 AM  1000    328788    0.00    0.00    0.00    0.00    0.00    20  run-pyroscope.s
04:41:02 AM  1000    328880    0.00    0.00    0.00    0.00    0.00    18  sleep

04:41:02 AM   UID       PID    %usr %system  %guest   %wait    %CPU   CPU  Command
04:41:03 AM  1000    328755    0.00    0.00    0.00    0.00    0.00    18  run-grafana.sh
04:41:03 AM  1000    328758    0.00    0.00    0.00    0.00    0.00    20  run-loki.sh
04:41:03 AM  1000    328762    0.00    0.00    0.00    0.00    0.00    16  run-otelcol.sh
04:41:03 AM  1000    328766    0.00    0.00    0.00    0.00    0.00    16  run-prometheus.
04:41:03 AM  1000    328770    0.00    0.00    0.00    0.00    0.00    16  run-tempo.sh
04:41:03 AM  1000    328788    0.00    0.00    0.00    0.00    0.00    20  run-pyroscope.s
04:41:03 AM  1000    328880    0.00    0.00    0.00    0.00    0.00    18  sleep

04:41:03 AM   UID       PID    %usr %system  %guest   %wait    %CPU   CPU  Command
04:41:04 AM  1000    328755    0.00    0.00    0.00    0.00    0.00    18  run-grafana.sh
04:41:04 AM  1000    328758    0.00    0.00    0.00    0.00    0.00    20  run-loki.sh
04:41:04 AM  1000    328762    0.00    0.00    0.00    0.00    0.00    16  run-otelcol.sh
04:41:04 AM  1000    328766    0.00    0.00    0.00    0.00    0.00    16  run-prometheus.
04:41:04 AM  1000    328770    0.00    0.00    0.00    0.00    0.00    16  run-tempo.sh
04:41:04 AM  1000    328788    0.00    0.00    0.00    0.00    0.00    20  run-pyroscope.s
04:41:04 AM  1000    328880    0.00    0.00    0.00    0.00    0.00    18  sleep

04:41:04 AM   UID       PID    %usr %system  %guest   %wait    %CPU   CPU  Command
04:41:05 AM  1000    328755    0.00    0.00    0.00    0.00    0.00    18  run-grafana.sh
04:41:05 AM  1000    328758    0.00    0.00    0.00    0.00    0.00    20  run-loki.sh
04:41:05 AM  1000    328762    0.00    0.00    0.00    0.00    0.00    16  run-otelcol.sh
04:41:05 AM  1000    328766    0.00    0.00    0.00    0.00    0.00    16  run-prometheus.
04:41:05 AM  1000    328770    0.00    0.00    0.00    0.00    0.00    16  run-tempo.sh
04:41:05 AM  1000    328788    0.00    0.00    0.00    0.00    0.00    20  run-pyroscope.s
04:41:05 AM  1000    328880    0.00    0.00    0.00    0.00    0.00    18  sleep

04:41:05 AM   UID       PID    %usr %system  %guest   %wait    %CPU   CPU  Command
04:41:06 AM  1000    328755    0.00    0.00    0.00    0.00    0.00    18  run-grafana.sh
04:41:06 AM  1000    328758    0.00    0.00    0.00    0.00    0.00    20  run-loki.sh
04:41:06 AM  1000    328762    0.00    0.00    0.00    0.00    0.00    16  run-otelcol.sh
04:41:06 AM  1000    328766    0.00    0.00    0.00    0.00    0.00    16  run-prometheus.
04:41:06 AM  1000    328770    0.00    0.00    0.00    0.00    0.00    16  run-tempo.sh
04:41:06 AM  1000    328788    0.00    0.00    0.00    0.00    0.00    20  run-pyroscope.s
04:41:06 AM  1000    328880    0.00    0.00    0.00    0.00    0.00    18  sleep

04:41:06 AM   UID       PID    %usr %system  %guest   %wait    %CPU   CPU  Command
04:41:07 AM  1000    328755    0.00    0.00    0.00    0.00    0.00    18  run-grafana.sh
04:41:07 AM  1000    328758    0.00    0.00    0.00    0.00    0.00    20  run-loki.sh
04:41:07 AM  1000    328762    0.00    0.00    0.00    0.00    0.00    16  run-otelcol.sh
04:41:07 AM  1000    328766    0.00    0.00    0.00    0.00    0.00    16  run-prometheus.
04:41:07 AM  1000    328770    0.00    0.00    0.00    0.00    0.00    16  run-tempo.sh
04:41:07 AM  1000    328788    0.00    0.00    0.00    0.00    0.00    20  run-pyroscope.s
04:41:07 AM  1000    328880    0.00    0.00    0.00    0.00    0.00    18  sleep

04:41:07 AM   UID       PID    %usr %system  %guest   %wait    %CPU   CPU  Command
04:41:08 AM  1000    328755    0.00    0.00    0.00    0.00    0.00    18  run-grafana.sh
04:41:08 AM  1000    328758    0.00    0.00    0.00    0.00    0.00    20  run-loki.sh
04:41:08 AM  1000    328762    0.00    0.00    0.00    0.00    0.00    16  run-otelcol.sh
04:41:08 AM  1000    328766    0.00    0.00    0.00    0.00    0.00    16  run-prometheus.
04:41:08 AM  1000    328770    0.00    0.00    0.00    0.00    0.00    16  run-tempo.sh
04:41:08 AM  1000    328788    0.00    0.00    0.00    0.00    0.00    20  run-pyroscope.s
04:41:08 AM  1000    328880    0.00    0.00    0.00    0.00    0.00    18  sleep

04:41:08 AM   UID       PID    %usr %system  %guest   %wait    %CPU   CPU  Command
04:41:09 AM  1000    328755    0.00    0.00    0.00    0.00    0.00    18  run-grafana.sh
04:41:09 AM  1000    328758    0.00    0.00    0.00    0.00    0.00    20  run-loki.sh
04:41:09 AM  1000    328762    0.00    0.00    0.00    0.00    0.00    16  run-otelcol.sh
04:41:09 AM  1000    328766    0.00    0.00    0.00    0.00    0.00    16  run-prometheus.
04:41:09 AM  1000    328770    0.00    0.00    0.00    0.00    0.00    16  run-tempo.sh
04:41:09 AM  1000    328788    0.00    0.00    0.00    0.00    0.00    20  run-pyroscope.s
04:41:09 AM  1000    328880    0.00    0.00    0.00    0.00    0.00    18  sleep

04:41:09 AM   UID       PID    %usr %system  %guest   %wait    %CPU   CPU  Command
04:41:10 AM  1000    328755    0.00    0.00    0.00    0.00    0.00    18  run-grafana.sh
04:41:10 AM  1000    328758    0.00    0.00    0.00    0.00    0.00    20  run-loki.sh
04:41:10 AM  1000    328762    0.00    0.00    0.00    0.00    0.00    16  run-otelcol.sh
04:41:10 AM  1000    328766    0.00    0.00    0.00    0.00    0.00    16  run-prometheus.
04:41:10 AM  1000    328770    0.00    0.00    0.00    0.00    0.00    16  run-tempo.sh
04:41:10 AM  1000    328788    0.00    0.00    0.00    0.00    0.00    20  run-pyroscope.s
04:41:10 AM  1000    328880    0.00    0.00    0.00    0.00    0.00    18  sleep

04:41:10 AM   UID       PID    %usr %system  %guest   %wait    %CPU   CPU  Command
04:41:11 AM  1000    328755    0.00    0.00    0.00    0.00    0.00    18  run-grafana.sh
04:41:11 AM  1000    328758    0.00    0.00    0.00    0.00    0.00    20  run-loki.sh
04:41:11 AM  1000    328762    0.00    0.00    0.00    0.00    0.00    16  run-otelcol.sh
04:41:11 AM  1000    328766    0.00    0.00    0.00    0.00    0.00    16  run-prometheus.
04:41:11 AM  1000    328770    0.00    0.00    0.00    0.00    0.00    16  run-tempo.sh
04:41:11 AM  1000    328788    0.00    0.00    0.00    0.00    0.00    20  run-pyroscope.s
04:41:11 AM  1000    328880    0.00    0.00    0.00    0.00    0.00    18  sleep
