Linux 5.14.0-570.60.1.el9_6.x86_64 *****) 	03/28/2026 	_x86_64_	(64 CPU)

01:37:46 AM   UID       PID    %usr %system  %guest   %wait    %CPU   CPU  Command
01:37:47 AM  1000    214404    0.00    0.00    0.00    0.00    0.00    20  run-grafana.sh
01:37:47 AM  1000    214407    0.00    0.00    0.00    0.00    0.00    18  run-loki.sh
01:37:47 AM  1000    214411    0.00    0.00    0.00    0.00    0.00    16  run-otelcol.sh
01:37:47 AM  1000    214414    0.00    0.00    0.00    0.00    0.00    20  run-prometheus.
01:37:47 AM  1000    214419    0.00    0.00    0.00    0.00    0.00    16  run-tempo.sh
01:37:47 AM  1000    214445    0.00    0.00    0.00    0.00    0.00    18  run-pyroscope.s
01:37:47 AM  1000    214530    0.00    0.00    0.00    0.00    0.00    20  sleep

01:37:47 AM   UID       PID    %usr %system  %guest   %wait    %CPU   CPU  Command
01:37:48 AM  1000    214404    0.00    0.00    0.00    0.00    0.00    20  run-grafana.sh
01:37:48 AM  1000    214407    0.00    0.00    0.00    0.00    0.00    18  run-loki.sh
01:37:48 AM  1000    214411    0.00    0.00    0.00    0.00    0.00    16  run-otelcol.sh
01:37:48 AM  1000    214414    0.00    0.00    0.00    0.00    0.00    20  run-prometheus.
01:37:48 AM  1000    214419    0.00    0.00    0.00    0.00    0.00    16  run-tempo.sh
01:37:48 AM  1000    214445    0.00    0.00    0.00    0.00    0.00    18  run-pyroscope.s
01:37:48 AM  1000    214530    0.00    0.00    0.00    0.00    0.00    20  sleep

01:37:48 AM   UID       PID    %usr %system  %guest   %wait    %CPU   CPU  Command
01:37:49 AM  1000    214404    0.00    0.00    0.00    0.00    0.00    20  run-grafana.sh
01:37:49 AM  1000    214407    0.00    0.00    0.00    0.00    0.00    18  run-loki.sh
01:37:49 AM  1000    214411    0.00    0.00    0.00    0.00    0.00    16  run-otelcol.sh
01:37:49 AM  1000    214414    0.00    0.00    0.00    0.00    0.00    20  run-prometheus.
01:37:49 AM  1000    214419    0.00    0.00    0.00    0.00    0.00    16  run-tempo.sh
01:37:49 AM  1000    214445    0.00    0.00    0.00    0.00    0.00    18  run-pyroscope.s
01:37:49 AM  1000    214530    0.00    0.00    0.00    0.00    0.00    20  sleep

01:37:49 AM   UID       PID    %usr %system  %guest   %wait    %CPU   CPU  Command
01:37:50 AM  1000    214404    0.00    0.00    0.00    0.00    0.00    20  run-grafana.sh
01:37:50 AM  1000    214407    0.00    0.00    0.00    0.00    0.00    18  run-loki.sh
01:37:50 AM  1000    214411    0.00    0.00    0.00    0.00    0.00    16  run-otelcol.sh
01:37:50 AM  1000    214414    0.00    0.00    0.00    0.00    0.00    20  run-prometheus.
01:37:50 AM  1000    214419    0.00    0.00    0.00    0.00    0.00    16  run-tempo.sh
01:37:50 AM  1000    214445    0.00    0.00    0.00    0.00    0.00    18  run-pyroscope.s
01:37:50 AM  1000    214530    0.00    0.00    0.00    0.00    0.00    20  sleep

01:37:50 AM   UID       PID    %usr %system  %guest   %wait    %CPU   CPU  Command
01:37:51 AM  1000    214404    0.00    0.00    0.00    0.00    0.00    20  run-grafana.sh
01:37:51 AM  1000    214407    0.00    0.00    0.00    0.00    0.00    18  run-loki.sh
01:37:51 AM  1000    214411    0.00    0.00    0.00    0.00    0.00    16  run-otelcol.sh
01:37:51 AM  1000    214414    0.00    0.00    0.00    0.00    0.00    20  run-prometheus.
01:37:51 AM  1000    214419    0.00    0.00    0.00    0.00    0.00    16  run-tempo.sh
01:37:51 AM  1000    214445    0.00    0.00    0.00    0.00    0.00    18  run-pyroscope.s
01:37:51 AM  1000    214530    0.00    0.00    0.00    0.00    0.00    20  sleep

01:37:51 AM   UID       PID    %usr %system  %guest   %wait    %CPU   CPU  Command
01:37:52 AM  1000    214404    0.00    0.00    0.00    0.00    0.00    20  run-grafana.sh
01:37:52 AM  1000    214407    0.00    0.00    0.00    0.00    0.00    18  run-loki.sh
01:37:52 AM  1000    214411    0.00    0.00    0.00    0.00    0.00    16  run-otelcol.sh
01:37:52 AM  1000    214414    0.00    0.00    0.00    0.00    0.00    20  run-prometheus.
01:37:52 AM  1000    214419    0.00    0.00    0.00    0.00    0.00    16  run-tempo.sh
01:37:52 AM  1000    214445    0.00    0.00    0.00    0.00    0.00    18  run-pyroscope.s
01:37:52 AM  1000    214530    0.00    0.00    0.00    0.00    0.00    20  sleep

01:37:52 AM   UID       PID    %usr %system  %guest   %wait    %CPU   CPU  Command
01:37:53 AM  1000    214404    0.00    0.00    0.00    0.00    0.00    20  run-grafana.sh
01:37:53 AM  1000    214407    0.00    0.00    0.00    0.00    0.00    18  run-loki.sh
01:37:53 AM  1000    214411    0.00    0.00    0.00    0.00    0.00    16  run-otelcol.sh
01:37:53 AM  1000    214414    0.00    0.00    0.00    0.00    0.00    20  run-prometheus.
01:37:53 AM  1000    214419    0.00    0.00    0.00    0.00    0.00    16  run-tempo.sh
01:37:53 AM  1000    214445    0.00    0.00    0.00    0.00    0.00    18  run-pyroscope.s
01:37:53 AM  1000    214530    0.00    0.00    0.00    0.00    0.00    20  sleep

01:37:53 AM   UID       PID    %usr %system  %guest   %wait    %CPU   CPU  Command
01:37:54 AM  1000    214404    0.00    0.00    0.00    0.00    0.00    20  run-grafana.sh
01:37:54 AM  1000    214407    0.00    0.00    0.00    0.00    0.00    18  run-loki.sh
01:37:54 AM  1000    214411    0.00    0.00    0.00    0.00    0.00    16  run-otelcol.sh
01:37:54 AM  1000    214414    0.00    0.00    0.00    0.00    0.00    20  run-prometheus.
01:37:54 AM  1000    214419    0.00    0.00    0.00    0.00    0.00    16  run-tempo.sh
01:37:54 AM  1000    214445    0.00    0.00    0.00    0.00    0.00    18  run-pyroscope.s
01:37:54 AM  1000    214530    0.00    0.00    0.00    0.00    0.00    20  sleep

01:37:54 AM   UID       PID    %usr %system  %guest   %wait    %CPU   CPU  Command
01:37:55 AM  1000    214404    0.00    0.00    0.00    0.00    0.00    20  run-grafana.sh
01:37:55 AM  1000    214407    0.00    0.00    0.00    0.00    0.00    18  run-loki.sh
01:37:55 AM  1000    214411    0.00    0.00    0.00    0.00    0.00    16  run-otelcol.sh
01:37:55 AM  1000    214414    0.00    0.00    0.00    0.00    0.00    20  run-prometheus.
01:37:55 AM  1000    214419    0.00    0.00    0.00    0.00    0.00    16  run-tempo.sh
01:37:55 AM  1000    214445    0.00    0.00    0.00    0.00    0.00    18  run-pyroscope.s
01:37:55 AM  1000    214530    0.00    0.00    0.00    0.00    0.00    20  sleep

01:37:55 AM   UID       PID    %usr %system  %guest   %wait    %CPU   CPU  Command
01:37:56 AM  1000    214404    0.00    0.00    0.00    0.00    0.00    20  run-grafana.sh
01:37:56 AM  1000    214407    0.00    0.00    0.00    0.00    0.00    18  run-loki.sh
01:37:56 AM  1000    214411    0.00    0.00    0.00    0.00    0.00    16  run-otelcol.sh
01:37:56 AM  1000    214414    0.00    0.00    0.00    0.00    0.00    20  run-prometheus.
01:37:56 AM  1000    214419    0.00    0.00    0.00    0.00    0.00    16  run-tempo.sh
01:37:56 AM  1000    214445    0.00    0.00    0.00    0.00    0.00    18  run-pyroscope.s
01:37:56 AM  1000    214530    0.00    0.00    0.00    0.00    0.00    20  sleep

01:37:56 AM   UID       PID    %usr %system  %guest   %wait    %CPU   CPU  Command
01:37:57 AM  1000    214404    0.00    0.00    0.00    0.00    0.00    20  run-grafana.sh
01:37:57 AM  1000    214407    0.00    0.00    0.00    0.00    0.00    18  run-loki.sh
01:37:57 AM  1000    214411    0.00    0.00    0.00    0.00    0.00    16  run-otelcol.sh
01:37:57 AM  1000    214414    0.00    0.00    0.00    0.00    0.00    20  run-prometheus.
01:37:57 AM  1000    214419    0.00    0.00    0.00    0.00    0.00    16  run-tempo.sh
01:37:57 AM  1000    214445    0.00    0.00    0.00    0.00    0.00    18  run-pyroscope.s
01:37:57 AM  1000    214530    0.00    0.00    0.00    0.00    0.00    20  sleep

01:37:57 AM   UID       PID    %usr %system  %guest   %wait    %CPU   CPU  Command
01:37:58 AM  1000    214404    0.00    0.00    0.00    0.00    0.00    20  run-grafana.sh
01:37:58 AM  1000    214407    0.00    0.00    0.00    0.00    0.00    18  run-loki.sh
01:37:58 AM  1000    214411    0.00    0.00    0.00    0.00    0.00    16  run-otelcol.sh
01:37:58 AM  1000    214414    0.00    0.00    0.00    0.00    0.00    20  run-prometheus.
01:37:58 AM  1000    214419    0.00    0.00    0.00    0.00    0.00    16  run-tempo.sh
01:37:58 AM  1000    214445    0.00    0.00    0.00    0.00    0.00    18  run-pyroscope.s
01:37:58 AM  1000    214530    0.00    0.00    0.00    0.00    0.00    20  sleep

01:37:58 AM   UID       PID    %usr %system  %guest   %wait    %CPU   CPU  Command
01:37:59 AM  1000    214404    0.00    0.00    0.00    0.00    0.00    20  run-grafana.sh
01:37:59 AM  1000    214407    0.00    0.00    0.00    0.00    0.00    18  run-loki.sh
01:37:59 AM  1000    214411    0.00    0.00    0.00    0.00    0.00    16  run-otelcol.sh
01:37:59 AM  1000    214414    0.00    0.00    0.00    0.00    0.00    20  run-prometheus.
01:37:59 AM  1000    214419    0.00    0.00    0.00    0.00    0.00    16  run-tempo.sh
01:37:59 AM  1000    214445    0.00    0.00    0.00    0.00    0.00    18  run-pyroscope.s
01:37:59 AM  1000    214530    0.00    0.00    0.00    0.00    0.00    20  sleep

01:37:59 AM   UID       PID    %usr %system  %guest   %wait    %CPU   CPU  Command
01:38:00 AM  1000    214404    0.00    0.00    0.00    0.00    0.00    20  run-grafana.sh
01:38:00 AM  1000    214407    0.00    0.00    0.00    0.00    0.00    18  run-loki.sh
01:38:00 AM  1000    214411    0.00    0.00    0.00    0.00    0.00    16  run-otelcol.sh
01:38:00 AM  1000    214414    0.00    0.00    0.00    0.00    0.00    20  run-prometheus.
01:38:00 AM  1000    214419    0.00    0.00    0.00    0.00    0.00    16  run-tempo.sh
01:38:00 AM  1000    214445    0.00    0.00    0.00    0.00    0.00    18  run-pyroscope.s
01:38:00 AM  1000    214530    0.00    0.00    0.00    0.00    0.00    20  sleep

01:38:00 AM   UID       PID    %usr %system  %guest   %wait    %CPU   CPU  Command
01:38:01 AM  1000    214404    0.00    0.00    0.00    0.00    0.00    20  run-grafana.sh
01:38:01 AM  1000    214407    0.00    0.00    0.00    0.00    0.00    18  run-loki.sh
01:38:01 AM  1000    214411    0.00    0.00    0.00    0.00    0.00    16  run-otelcol.sh
01:38:01 AM  1000    214414    0.00    0.00    0.00    0.00    0.00    20  run-prometheus.
01:38:01 AM  1000    214419    0.00    0.00    0.00    0.00    0.00    16  run-tempo.sh
01:38:01 AM  1000    214445    0.00    0.00    0.00    0.00    0.00    18  run-pyroscope.s
01:38:01 AM  1000    214530    0.00    0.00    0.00    0.00    0.00    20  sleep

01:38:01 AM   UID       PID    %usr %system  %guest   %wait    %CPU   CPU  Command
01:38:02 AM  1000    214404    0.00    0.00    0.00    0.00    0.00    20  run-grafana.sh
01:38:02 AM  1000    214407    0.00    0.00    0.00    0.00    0.00    18  run-loki.sh
01:38:02 AM  1000    214411    0.00    0.00    0.00    0.00    0.00    16  run-otelcol.sh
01:38:02 AM  1000    214414    0.00    0.00    0.00    0.00    0.00    20  run-prometheus.
01:38:02 AM  1000    214419    0.00    0.00    0.00    0.00    0.00    16  run-tempo.sh
01:38:02 AM  1000    214445    0.00    0.00    0.00    0.00    0.00    18  run-pyroscope.s
01:38:02 AM  1000    214530    0.00    0.00    0.00    0.00    0.00    20  sleep

01:38:02 AM   UID       PID    %usr %system  %guest   %wait    %CPU   CPU  Command
01:38:03 AM  1000    214404    0.00    0.00    0.00    0.00    0.00    20  run-grafana.sh
01:38:03 AM  1000    214407    0.00    0.00    0.00    0.00    0.00    18  run-loki.sh
01:38:03 AM  1000    214411    0.00    0.00    0.00    0.00    0.00    16  run-otelcol.sh
01:38:03 AM  1000    214414    0.00    0.00    0.00    0.00    0.00    20  run-prometheus.
01:38:03 AM  1000    214419    0.00    0.00    0.00    0.00    0.00    16  run-tempo.sh
01:38:03 AM  1000    214445    0.00    0.00    0.00    0.00    0.00    18  run-pyroscope.s
01:38:03 AM  1000    214530    0.00    0.00    0.00    0.00    0.00    20  sleep

01:38:03 AM   UID       PID    %usr %system  %guest   %wait    %CPU   CPU  Command
01:38:04 AM  1000    214404    0.00    0.00    0.00    0.00    0.00    20  run-grafana.sh
01:38:04 AM  1000    214407    0.00    0.00    0.00    0.00    0.00    18  run-loki.sh
01:38:04 AM  1000    214411    0.00    0.00    0.00    0.00    0.00    16  run-otelcol.sh
01:38:04 AM  1000    214414    0.00    0.00    0.00    0.00    0.00    20  run-prometheus.
01:38:04 AM  1000    214419    0.00    0.00    0.00    0.00    0.00    16  run-tempo.sh
01:38:04 AM  1000    214445    0.00    0.00    0.00    0.00    0.00    18  run-pyroscope.s
01:38:04 AM  1000    214530    0.00    0.00    0.00    0.00    0.00    20  sleep

01:38:04 AM   UID       PID    %usr %system  %guest   %wait    %CPU   CPU  Command
01:38:05 AM  1000    214404    0.00    0.00    0.00    0.00    0.00    20  run-grafana.sh
01:38:05 AM  1000    214407    0.00    0.00    0.00    0.00    0.00    18  run-loki.sh
01:38:05 AM  1000    214411    0.00    0.00    0.00    0.00    0.00    16  run-otelcol.sh
01:38:05 AM  1000    214414    0.00    0.00    0.00    0.00    0.00    20  run-prometheus.
01:38:05 AM  1000    214419    0.00    0.00    0.00    0.00    0.00    16  run-tempo.sh
01:38:05 AM  1000    214445    0.00    0.00    0.00    0.00    0.00    18  run-pyroscope.s
01:38:05 AM  1000    214530    0.00    0.00    0.00    0.00    0.00    20  sleep

01:38:05 AM   UID       PID    %usr %system  %guest   %wait    %CPU   CPU  Command
01:38:06 AM  1000    214404    0.00    0.00    0.00    0.00    0.00    20  run-grafana.sh
01:38:06 AM  1000    214407    0.00    0.00    0.00    0.00    0.00    18  run-loki.sh
01:38:06 AM  1000    214411    0.00    0.00    0.00    0.00    0.00    16  run-otelcol.sh
01:38:06 AM  1000    214414    0.00    0.00    0.00    0.00    0.00    20  run-prometheus.
01:38:06 AM  1000    214419    0.00    0.00    0.00    0.00    0.00    16  run-tempo.sh
01:38:06 AM  1000    214445    0.00    0.00    0.00    0.00    0.00    18  run-pyroscope.s
01:38:06 AM  1000    214530    0.00    0.00    0.00    0.00    0.00    20  sleep

01:38:06 AM   UID       PID    %usr %system  %guest   %wait    %CPU   CPU  Command
01:38:07 AM  1000    214404    0.00    0.00    0.00    0.00    0.00    20  run-grafana.sh
01:38:07 AM  1000    214407    0.00    0.00    0.00    0.00    0.00    18  run-loki.sh
01:38:07 AM  1000    214411    0.00    0.00    0.00    0.00    0.00    16  run-otelcol.sh
01:38:07 AM  1000    214414    0.00    0.00    0.00    0.00    0.00    20  run-prometheus.
01:38:07 AM  1000    214419    0.00    0.00    0.00    0.00    0.00    16  run-tempo.sh
01:38:07 AM  1000    214445    0.00    0.00    0.00    0.00    0.00    18  run-pyroscope.s
01:38:07 AM  1000    214530    0.00    0.00    0.00    0.00    0.00    20  sleep

01:38:07 AM   UID       PID    %usr %system  %guest   %wait    %CPU   CPU  Command
01:38:08 AM  1000    214404    0.00    0.00    0.00    0.00    0.00    20  run-grafana.sh
01:38:08 AM  1000    214407    0.00    0.00    0.00    0.00    0.00    18  run-loki.sh
01:38:08 AM  1000    214411    0.00    0.00    0.00    0.00    0.00    16  run-otelcol.sh
01:38:08 AM  1000    214414    0.00    0.00    0.00    0.00    0.00    20  run-prometheus.
01:38:08 AM  1000    214419    0.00    0.00    0.00    0.00    0.00    16  run-tempo.sh
01:38:08 AM  1000    214445    0.00    0.00    0.00    0.00    0.00    18  run-pyroscope.s
01:38:08 AM  1000    214530    0.00    0.00    0.00    0.00    0.00    20  sleep

01:38:08 AM   UID       PID    %usr %system  %guest   %wait    %CPU   CPU  Command
01:38:09 AM  1000    214404    0.00    0.00    0.00    0.00    0.00    20  run-grafana.sh
01:38:09 AM  1000    214407    0.00    0.00    0.00    0.00    0.00    18  run-loki.sh
01:38:09 AM  1000    214411    0.00    0.00    0.00    0.00    0.00    16  run-otelcol.sh
01:38:09 AM  1000    214414    0.00    0.00    0.00    0.00    0.00    20  run-prometheus.
01:38:09 AM  1000    214419    0.00    0.00    0.00    0.00    0.00    16  run-tempo.sh
01:38:09 AM  1000    214445    0.00    0.00    0.00    0.00    0.00    18  run-pyroscope.s
01:38:09 AM  1000    214530    0.00    0.00    0.00    0.00    0.00    20  sleep

01:38:09 AM   UID       PID    %usr %system  %guest   %wait    %CPU   CPU  Command
01:38:10 AM  1000    214404    0.00    0.00    0.00    0.00    0.00    20  run-grafana.sh
01:38:10 AM  1000    214407    0.00    0.00    0.00    0.00    0.00    18  run-loki.sh
01:38:10 AM  1000    214411    0.00    0.00    0.00    0.00    0.00    16  run-otelcol.sh
01:38:10 AM  1000    214414    0.00    0.00    0.00    0.00    0.00    20  run-prometheus.
01:38:10 AM  1000    214419    0.00    0.00    0.00    0.00    0.00    16  run-tempo.sh
01:38:10 AM  1000    214445    0.00    0.00    0.00    0.00    0.00    18  run-pyroscope.s
01:38:10 AM  1000    214530    0.00    0.00    0.00    0.00    0.00    20  sleep

01:38:10 AM   UID       PID    %usr %system  %guest   %wait    %CPU   CPU  Command
01:38:11 AM  1000    214404    0.00    0.00    0.00    0.00    0.00    20  run-grafana.sh
01:38:11 AM  1000    214407    0.00    0.00    0.00    0.00    0.00    18  run-loki.sh
01:38:11 AM  1000    214411    0.00    0.00    0.00    0.00    0.00    16  run-otelcol.sh
01:38:11 AM  1000    214414    0.00    0.00    0.00    0.00    0.00    20  run-prometheus.
01:38:11 AM  1000    214419    0.00    0.00    0.00    0.00    0.00    16  run-tempo.sh
01:38:11 AM  1000    214445    0.00    0.00    0.00    0.00    0.00    18  run-pyroscope.s
01:38:11 AM  1000    214530    0.00    0.00    0.00    0.00    0.00    20  sleep

01:38:11 AM   UID       PID    %usr %system  %guest   %wait    %CPU   CPU  Command
01:38:12 AM  1000    214404    0.00    0.00    0.00    0.00    0.00    20  run-grafana.sh
01:38:12 AM  1000    214407    0.00    0.00    0.00    0.00    0.00    18  run-loki.sh
01:38:12 AM  1000    214411    0.00    0.00    0.00    0.00    0.00    16  run-otelcol.sh
01:38:12 AM  1000    214414    0.00    0.00    0.00    0.00    0.00    20  run-prometheus.
01:38:12 AM  1000    214419    0.00    0.00    0.00    0.00    0.00    16  run-tempo.sh
01:38:12 AM  1000    214445    0.00    0.00    0.00    0.00    0.00    18  run-pyroscope.s
01:38:12 AM  1000    214530    0.00    0.00    0.00    0.00    0.00    20  sleep

01:38:12 AM   UID       PID    %usr %system  %guest   %wait    %CPU   CPU  Command
01:38:13 AM  1000    214404    0.00    0.00    0.00    0.00    0.00    20  run-grafana.sh
01:38:13 AM  1000    214407    0.00    0.00    0.00    0.00    0.00    18  run-loki.sh
01:38:13 AM  1000    214411    0.00    0.00    0.00    0.00    0.00    16  run-otelcol.sh
01:38:13 AM  1000    214414    0.00    0.00    0.00    0.00    0.00    20  run-prometheus.
01:38:13 AM  1000    214419    0.00    0.00    0.00    0.00    0.00    16  run-tempo.sh
01:38:13 AM  1000    214445    0.00    0.00    0.00    0.00    0.00    18  run-pyroscope.s
01:38:13 AM  1000    214530    0.00    0.00    0.00    0.00    0.00    20  sleep

01:38:13 AM   UID       PID    %usr %system  %guest   %wait    %CPU   CPU  Command
01:38:14 AM  1000    214404    0.00    0.00    0.00    0.00    0.00    20  run-grafana.sh
01:38:14 AM  1000    214407    0.00    0.00    0.00    0.00    0.00    18  run-loki.sh
01:38:14 AM  1000    214411    0.00    0.00    0.00    0.00    0.00    16  run-otelcol.sh
01:38:14 AM  1000    214414    0.00    0.00    0.00    0.00    0.00    20  run-prometheus.
01:38:14 AM  1000    214419    0.00    0.00    0.00    0.00    0.00    16  run-tempo.sh
01:38:14 AM  1000    214445    0.00    0.00    0.00    0.00    0.00    18  run-pyroscope.s
01:38:14 AM  1000    214530    0.00    0.00    0.00    0.00    0.00    20  sleep

01:38:14 AM   UID       PID    %usr %system  %guest   %wait    %CPU   CPU  Command
01:38:15 AM  1000    214404    0.00    0.00    0.00    0.00    0.00    20  run-grafana.sh
01:38:15 AM  1000    214407    0.00    0.00    0.00    0.00    0.00    18  run-loki.sh
01:38:15 AM  1000    214411    0.00    0.00    0.00    0.00    0.00    16  run-otelcol.sh
01:38:15 AM  1000    214414    0.00    0.00    0.00    0.00    0.00    20  run-prometheus.
01:38:15 AM  1000    214419    0.00    0.00    0.00    0.00    0.00    16  run-tempo.sh
01:38:15 AM  1000    214445    0.00    0.00    0.00    0.00    0.00    18  run-pyroscope.s
01:38:15 AM  1000    214530    0.00    0.00    0.00    0.00    0.00    20  sleep

01:38:15 AM   UID       PID    %usr %system  %guest   %wait    %CPU   CPU  Command
01:38:16 AM  1000    214404    0.00    0.00    0.00    0.00    0.00    20  run-grafana.sh
01:38:16 AM  1000    214407    0.00    0.00    0.00    0.00    0.00    18  run-loki.sh
01:38:16 AM  1000    214411    0.00    0.00    0.00    0.00    0.00    16  run-otelcol.sh
01:38:16 AM  1000    214414    0.00    0.00    0.00    0.00    0.00    20  run-prometheus.
01:38:16 AM  1000    214419    0.00    0.00    0.00    0.00    0.00    16  run-tempo.sh
01:38:16 AM  1000    214445    0.00    0.00    0.00    0.00    0.00    18  run-pyroscope.s
01:38:16 AM  1000    214530    0.00    0.00    0.00    0.00    0.00    20  sleep

01:38:16 AM   UID       PID    %usr %system  %guest   %wait    %CPU   CPU  Command
01:38:17 AM  1000    214404    0.00    0.00    0.00    0.00    0.00    20  run-grafana.sh
01:38:17 AM  1000    214407    0.00    0.00    0.00    0.00    0.00    18  run-loki.sh
01:38:17 AM  1000    214411    0.00    0.00    0.00    0.00    0.00    16  run-otelcol.sh
01:38:17 AM  1000    214414    0.00    0.00    0.00    0.00    0.00    20  run-prometheus.
01:38:17 AM  1000    214419    0.00    0.00    0.00    0.00    0.00    16  run-tempo.sh
01:38:17 AM  1000    214445    0.00    0.00    0.00    0.00    0.00    18  run-pyroscope.s
01:38:17 AM  1000    214530    0.00    0.00    0.00    0.00    0.00    20  sleep

01:38:17 AM   UID       PID    %usr %system  %guest   %wait    %CPU   CPU  Command
01:38:18 AM  1000    214404    0.00    0.00    0.00    0.00    0.00    20  run-grafana.sh
01:38:18 AM  1000    214407    0.00    0.00    0.00    0.00    0.00    18  run-loki.sh
01:38:18 AM  1000    214411    0.00    0.00    0.00    0.00    0.00    16  run-otelcol.sh
01:38:18 AM  1000    214414    0.00    0.00    0.00    0.00    0.00    20  run-prometheus.
01:38:18 AM  1000    214419    0.00    0.00    0.00    0.00    0.00    16  run-tempo.sh
01:38:18 AM  1000    214445    0.00    0.00    0.00    0.00    0.00    18  run-pyroscope.s
01:38:18 AM  1000    214530    0.00    0.00    0.00    0.00    0.00    20  sleep

01:38:18 AM   UID       PID    %usr %system  %guest   %wait    %CPU   CPU  Command
01:38:19 AM  1000    214404    0.00    0.00    0.00    0.00    0.00    20  run-grafana.sh
01:38:19 AM  1000    214407    0.00    0.00    0.00    0.00    0.00    18  run-loki.sh
01:38:19 AM  1000    214411    0.00    0.00    0.00    0.00    0.00    16  run-otelcol.sh
01:38:19 AM  1000    214414    0.00    0.00    0.00    0.00    0.00    20  run-prometheus.
01:38:19 AM  1000    214419    0.00    0.00    0.00    0.00    0.00    16  run-tempo.sh
01:38:19 AM  1000    214445    0.00    0.00    0.00    0.00    0.00    18  run-pyroscope.s
01:38:19 AM  1000    214530    0.00    0.00    0.00    0.00    0.00    20  sleep

01:38:19 AM   UID       PID    %usr %system  %guest   %wait    %CPU   CPU  Command
01:38:20 AM  1000    214404    0.00    0.00    0.00    0.00    0.00    20  run-grafana.sh
01:38:20 AM  1000    214407    0.00    0.00    0.00    0.00    0.00    18  run-loki.sh
01:38:20 AM  1000    214411    0.00    0.00    0.00    0.00    0.00    16  run-otelcol.sh
01:38:20 AM  1000    214414    0.00    0.00    0.00    0.00    0.00    20  run-prometheus.
01:38:20 AM  1000    214419    0.00    0.00    0.00    0.00    0.00    16  run-tempo.sh
01:38:20 AM  1000    214445    0.00    0.00    0.00    0.00    0.00    18  run-pyroscope.s
01:38:20 AM  1000    214530    0.00    0.00    0.00    0.00    0.00    20  sleep

01:38:20 AM   UID       PID    %usr %system  %guest   %wait    %CPU   CPU  Command
01:38:21 AM  1000    214404    0.00    0.00    0.00    0.00    0.00    20  run-grafana.sh
01:38:21 AM  1000    214407    0.00    0.00    0.00    0.00    0.00    18  run-loki.sh
01:38:21 AM  1000    214411    0.00    0.00    0.00    0.00    0.00    16  run-otelcol.sh
01:38:21 AM  1000    214414    0.00    0.00    0.00    0.00    0.00    20  run-prometheus.
01:38:21 AM  1000    214419    0.00    0.00    0.00    0.00    0.00    16  run-tempo.sh
01:38:21 AM  1000    214445    0.00    0.00    0.00    0.00    0.00    18  run-pyroscope.s
01:38:21 AM  1000    214530    0.00    0.00    0.00    0.00    0.00    20  sleep

01:38:21 AM   UID       PID    %usr %system  %guest   %wait    %CPU   CPU  Command
01:38:22 AM  1000    214404    0.00    0.00    0.00    0.00    0.00    20  run-grafana.sh
01:38:22 AM  1000    214407    0.00    0.00    0.00    0.00    0.00    18  run-loki.sh
01:38:22 AM  1000    214411    0.00    0.00    0.00    0.00    0.00    16  run-otelcol.sh
01:38:22 AM  1000    214414    0.00    0.00    0.00    0.00    0.00    20  run-prometheus.
01:38:22 AM  1000    214419    0.00    0.00    0.00    0.00    0.00    16  run-tempo.sh
01:38:22 AM  1000    214445    0.00    0.00    0.00    0.00    0.00    18  run-pyroscope.s
01:38:22 AM  1000    214530    0.00    0.00    0.00    0.00    0.00    20  sleep

01:38:22 AM   UID       PID    %usr %system  %guest   %wait    %CPU   CPU  Command
01:38:23 AM  1000    214404    0.00    0.00    0.00    0.00    0.00    20  run-grafana.sh
01:38:23 AM  1000    214407    0.00    0.00    0.00    0.00    0.00    18  run-loki.sh
01:38:23 AM  1000    214411    0.00    0.00    0.00    0.00    0.00    16  run-otelcol.sh
01:38:23 AM  1000    214414    0.00    0.00    0.00    0.00    0.00    20  run-prometheus.
01:38:23 AM  1000    214419    0.00    0.00    0.00    0.00    0.00    16  run-tempo.sh
01:38:23 AM  1000    214445    0.00    0.00    0.00    0.00    0.00    18  run-pyroscope.s
01:38:23 AM  1000    214530    0.00    0.00    0.00    0.00    0.00    20  sleep

01:38:23 AM   UID       PID    %usr %system  %guest   %wait    %CPU   CPU  Command
01:38:24 AM  1000    214404    0.00    0.00    0.00    0.00    0.00    20  run-grafana.sh
01:38:24 AM  1000    214407    0.00    0.00    0.00    0.00    0.00    18  run-loki.sh
01:38:24 AM  1000    214411    0.00    0.00    0.00    0.00    0.00    16  run-otelcol.sh
01:38:24 AM  1000    214414    0.00    0.00    0.00    0.00    0.00    20  run-prometheus.
01:38:24 AM  1000    214419    0.00    0.00    0.00    0.00    0.00    16  run-tempo.sh
01:38:24 AM  1000    214445    0.00    0.00    0.00    0.00    0.00    18  run-pyroscope.s
01:38:24 AM  1000    214530    0.00    0.00    0.00    0.00    0.00    20  sleep

01:38:24 AM   UID       PID    %usr %system  %guest   %wait    %CPU   CPU  Command
01:38:25 AM  1000    214404    0.00    0.00    0.00    0.00    0.00    20  run-grafana.sh
01:38:25 AM  1000    214407    0.00    0.00    0.00    0.00    0.00    18  run-loki.sh
01:38:25 AM  1000    214411    0.00    0.00    0.00    0.00    0.00    16  run-otelcol.sh
01:38:25 AM  1000    214414    0.00    0.00    0.00    0.00    0.00    20  run-prometheus.
01:38:25 AM  1000    214419    0.00    0.00    0.00    0.00    0.00    16  run-tempo.sh
01:38:25 AM  1000    214445    0.00    0.00    0.00    0.00    0.00    18  run-pyroscope.s
01:38:25 AM  1000    214530    0.00    0.00    0.00    0.00    0.00    20  sleep

01:38:25 AM   UID       PID    %usr %system  %guest   %wait    %CPU   CPU  Command
01:38:26 AM  1000    214404    0.00    0.00    0.00    0.00    0.00    20  run-grafana.sh
01:38:26 AM  1000    214407    0.00    0.00    0.00    0.00    0.00    18  run-loki.sh
01:38:26 AM  1000    214411    0.00    0.00    0.00    0.00    0.00    16  run-otelcol.sh
01:38:26 AM  1000    214414    0.00    0.00    0.00    0.00    0.00    20  run-prometheus.
01:38:26 AM  1000    214419    0.00    0.00    0.00    0.00    0.00    16  run-tempo.sh
01:38:26 AM  1000    214445    0.00    0.00    0.00    0.00    0.00    18  run-pyroscope.s
01:38:26 AM  1000    214530    0.00    0.00    0.00    0.00    0.00    20  sleep

01:38:26 AM   UID       PID    %usr %system  %guest   %wait    %CPU   CPU  Command
01:38:27 AM  1000    214404    0.00    0.00    0.00    0.00    0.00    20  run-grafana.sh
01:38:27 AM  1000    214407    0.00    0.00    0.00    0.00    0.00    18  run-loki.sh
01:38:27 AM  1000    214411    0.00    0.00    0.00    0.00    0.00    16  run-otelcol.sh
01:38:27 AM  1000    214414    0.00    0.00    0.00    0.00    0.00    20  run-prometheus.
01:38:27 AM  1000    214419    0.00    0.00    0.00    0.00    0.00    16  run-tempo.sh
01:38:27 AM  1000    214445    0.00    0.00    0.00    0.00    0.00    18  run-pyroscope.s
01:38:27 AM  1000    214530    0.00    0.00    0.00    0.00    0.00    20  sleep

01:38:27 AM   UID       PID    %usr %system  %guest   %wait    %CPU   CPU  Command
01:38:28 AM  1000    214404    0.00    0.00    0.00    0.00    0.00    20  run-grafana.sh
01:38:28 AM  1000    214407    0.00    0.00    0.00    0.00    0.00    18  run-loki.sh
01:38:28 AM  1000    214411    0.00    0.00    0.00    0.00    0.00    16  run-otelcol.sh
01:38:28 AM  1000    214414    0.00    0.00    0.00    0.00    0.00    20  run-prometheus.
01:38:28 AM  1000    214419    0.00    0.00    0.00    0.00    0.00    16  run-tempo.sh
01:38:28 AM  1000    214445    0.00    0.00    0.00    0.00    0.00    18  run-pyroscope.s
01:38:28 AM  1000    214530    0.00    0.00    0.00    0.00    0.00    20  sleep

01:38:28 AM   UID       PID    %usr %system  %guest   %wait    %CPU   CPU  Command
01:38:29 AM  1000    214404    0.00    0.00    0.00    0.00    0.00    20  run-grafana.sh
01:38:29 AM  1000    214407    0.00    0.00    0.00    0.00    0.00    18  run-loki.sh
01:38:29 AM  1000    214411    0.00    0.00    0.00    0.00    0.00    16  run-otelcol.sh
01:38:29 AM  1000    214414    0.00    0.00    0.00    0.00    0.00    20  run-prometheus.
01:38:29 AM  1000    214419    0.00    0.00    0.00    0.00    0.00    16  run-tempo.sh
01:38:29 AM  1000    214445    0.00    0.00    0.00    0.00    0.00    18  run-pyroscope.s
01:38:29 AM  1000    214530    0.00    0.00    0.00    0.00    0.00    20  sleep

01:38:29 AM   UID       PID    %usr %system  %guest   %wait    %CPU   CPU  Command
01:38:30 AM  1000    214404    0.00    0.00    0.00    0.00    0.00    20  run-grafana.sh
01:38:30 AM  1000    214407    0.00    0.00    0.00    0.00    0.00    18  run-loki.sh
01:38:30 AM  1000    214411    0.00    0.00    0.00    0.00    0.00    16  run-otelcol.sh
01:38:30 AM  1000    214414    0.00    0.00    0.00    0.00    0.00    20  run-prometheus.
01:38:30 AM  1000    214419    0.00    0.00    0.00    0.00    0.00    16  run-tempo.sh
01:38:30 AM  1000    214445    0.00    0.00    0.00    0.00    0.00    18  run-pyroscope.s
01:38:30 AM  1000    214530    0.00    0.00    0.00    0.00    0.00    20  sleep

01:38:30 AM   UID       PID    %usr %system  %guest   %wait    %CPU   CPU  Command
01:38:31 AM  1000    214404    0.00    0.00    0.00    0.00    0.00    20  run-grafana.sh
01:38:31 AM  1000    214407    0.00    0.00    0.00    0.00    0.00    18  run-loki.sh
01:38:31 AM  1000    214411    0.00    0.00    0.00    0.00    0.00    16  run-otelcol.sh
01:38:31 AM  1000    214414    0.00    0.00    0.00    0.00    0.00    20  run-prometheus.
01:38:31 AM  1000    214419    0.00    0.00    0.00    0.00    0.00    16  run-tempo.sh
01:38:31 AM  1000    214445    0.00    0.00    0.00    0.00    0.00    18  run-pyroscope.s
01:38:31 AM  1000    214530    0.00    0.00    0.00    0.00    0.00    20  sleep

01:38:31 AM   UID       PID    %usr %system  %guest   %wait    %CPU   CPU  Command
01:38:32 AM  1000    214404    0.00    0.00    0.00    0.00    0.00    20  run-grafana.sh
01:38:32 AM  1000    214407    0.00    0.00    0.00    0.00    0.00    18  run-loki.sh
01:38:32 AM  1000    214411    0.00    0.00    0.00    0.00    0.00    16  run-otelcol.sh
01:38:32 AM  1000    214414    0.00    0.00    0.00    0.00    0.00    20  run-prometheus.
01:38:32 AM  1000    214419    0.00    0.00    0.00    0.00    0.00    16  run-tempo.sh
01:38:32 AM  1000    214445    0.00    0.00    0.00    0.00    0.00    18  run-pyroscope.s
01:38:32 AM  1000    214530    0.00    0.00    0.00    0.00    0.00    20  sleep

01:38:32 AM   UID       PID    %usr %system  %guest   %wait    %CPU   CPU  Command
01:38:33 AM  1000    214404    0.00    0.00    0.00    0.00    0.00    20  run-grafana.sh
01:38:33 AM  1000    214407    0.00    0.00    0.00    0.00    0.00    18  run-loki.sh
01:38:33 AM  1000    214411    0.00    0.00    0.00    0.00    0.00    16  run-otelcol.sh
01:38:33 AM  1000    214414    0.00    0.00    0.00    0.00    0.00    20  run-prometheus.
01:38:33 AM  1000    214419    0.00    0.00    0.00    0.00    0.00    16  run-tempo.sh
01:38:33 AM  1000    214445    0.00    0.00    0.00    0.00    0.00    18  run-pyroscope.s
01:38:33 AM  1000    214530    0.00    0.00    0.00    0.00    0.00    20  sleep

01:38:33 AM   UID       PID    %usr %system  %guest   %wait    %CPU   CPU  Command
01:38:34 AM  1000    214404    0.00    0.00    0.00    0.00    0.00    20  run-grafana.sh
01:38:34 AM  1000    214407    0.00    0.00    0.00    0.00    0.00    18  run-loki.sh
01:38:34 AM  1000    214411    0.00    0.00    0.00    0.00    0.00    16  run-otelcol.sh
01:38:34 AM  1000    214414    0.00    0.00    0.00    0.00    0.00    20  run-prometheus.
01:38:34 AM  1000    214419    0.00    0.00    0.00    0.00    0.00    16  run-tempo.sh
01:38:34 AM  1000    214445    0.00    0.00    0.00    0.00    0.00    18  run-pyroscope.s
01:38:34 AM  1000    214530    0.00    0.00    0.00    0.00    0.00    20  sleep

01:38:34 AM   UID       PID    %usr %system  %guest   %wait    %CPU   CPU  Command
01:38:35 AM  1000    214404    0.00    0.00    0.00    0.00    0.00    20  run-grafana.sh
01:38:35 AM  1000    214407    0.00    0.00    0.00    0.00    0.00    18  run-loki.sh
01:38:35 AM  1000    214411    0.00    0.00    0.00    0.00    0.00    16  run-otelcol.sh
01:38:35 AM  1000    214414    0.00    0.00    0.00    0.00    0.00    20  run-prometheus.
01:38:35 AM  1000    214419    0.00    0.00    0.00    0.00    0.00    16  run-tempo.sh
01:38:35 AM  1000    214445    0.00    0.00    0.00    0.00    0.00    18  run-pyroscope.s
01:38:35 AM  1000    214530    0.00    0.00    0.00    0.00    0.00    20  sleep

01:38:35 AM   UID       PID    %usr %system  %guest   %wait    %CPU   CPU  Command
01:38:36 AM  1000    214404    0.00    0.00    0.00    0.00    0.00    20  run-grafana.sh
01:38:36 AM  1000    214407    0.00    0.00    0.00    0.00    0.00    18  run-loki.sh
01:38:36 AM  1000    214411    0.00    0.00    0.00    0.00    0.00    16  run-otelcol.sh
01:38:36 AM  1000    214414    0.00    0.00    0.00    0.00    0.00    20  run-prometheus.
01:38:36 AM  1000    214419    0.00    0.00    0.00    0.00    0.00    16  run-tempo.sh
01:38:36 AM  1000    214445    0.00    0.00    0.00    0.00    0.00    18  run-pyroscope.s
01:38:36 AM  1000    214530    0.00    0.00    0.00    0.00    0.00    20  sleep

01:38:36 AM   UID       PID    %usr %system  %guest   %wait    %CPU   CPU  Command
01:38:37 AM  1000    214404    0.00    0.00    0.00    0.00    0.00    20  run-grafana.sh
01:38:37 AM  1000    214407    0.00    0.00    0.00    0.00    0.00    18  run-loki.sh
01:38:37 AM  1000    214411    0.00    0.00    0.00    0.00    0.00    16  run-otelcol.sh
01:38:37 AM  1000    214414    0.00    0.00    0.00    0.00    0.00    20  run-prometheus.
01:38:37 AM  1000    214419    0.00    0.00    0.00    0.00    0.00    16  run-tempo.sh
01:38:37 AM  1000    214445    0.00    0.00    0.00    0.00    0.00    18  run-pyroscope.s
01:38:37 AM  1000    214530    0.00    0.00    0.00    0.00    0.00    20  sleep

01:38:37 AM   UID       PID    %usr %system  %guest   %wait    %CPU   CPU  Command
01:38:38 AM  1000    214404    0.00    0.00    0.00    0.00    0.00    20  run-grafana.sh
01:38:38 AM  1000    214407    0.00    0.00    0.00    0.00    0.00    18  run-loki.sh
01:38:38 AM  1000    214411    0.00    0.00    0.00    0.00    0.00    16  run-otelcol.sh
01:38:38 AM  1000    214414    0.00    0.00    0.00    0.00    0.00    20  run-prometheus.
01:38:38 AM  1000    214419    0.00    0.00    0.00    0.00    0.00    16  run-tempo.sh
01:38:38 AM  1000    214445    0.00    0.00    0.00    0.00    0.00    18  run-pyroscope.s
01:38:38 AM  1000    214530    0.00    0.00    0.00    0.00    0.00    20  sleep

01:38:38 AM   UID       PID    %usr %system  %guest   %wait    %CPU   CPU  Command
01:38:39 AM  1000    214404    0.00    0.00    0.00    0.00    0.00    20  run-grafana.sh
01:38:39 AM  1000    214407    0.00    0.00    0.00    0.00    0.00    18  run-loki.sh
01:38:39 AM  1000    214411    0.00    0.00    0.00    0.00    0.00    16  run-otelcol.sh
01:38:39 AM  1000    214414    0.00    0.00    0.00    0.00    0.00    20  run-prometheus.
01:38:39 AM  1000    214419    0.00    0.00    0.00    0.00    0.00    16  run-tempo.sh
01:38:39 AM  1000    214445    0.00    0.00    0.00    0.00    0.00    18  run-pyroscope.s
01:38:39 AM  1000    214530    0.00    0.00    0.00    0.00    0.00    20  sleep

01:38:39 AM   UID       PID    %usr %system  %guest   %wait    %CPU   CPU  Command
01:38:40 AM  1000    214404    0.00    0.00    0.00    0.00    0.00    20  run-grafana.sh
01:38:40 AM  1000    214407    0.00    0.00    0.00    0.00    0.00    18  run-loki.sh
01:38:40 AM  1000    214411    0.00    0.00    0.00    0.00    0.00    16  run-otelcol.sh
01:38:40 AM  1000    214414    0.00    0.00    0.00    0.00    0.00    20  run-prometheus.
01:38:40 AM  1000    214419    0.00    0.00    0.00    0.00    0.00    16  run-tempo.sh
01:38:40 AM  1000    214445    0.00    0.00    0.00    0.00    0.00    18  run-pyroscope.s
01:38:40 AM  1000    214530    0.00    0.00    0.00    0.00    0.00    20  sleep

01:38:40 AM   UID       PID    %usr %system  %guest   %wait    %CPU   CPU  Command
01:38:41 AM  1000    214404    0.00    0.00    0.00    0.00    0.00    20  run-grafana.sh
01:38:41 AM  1000    214407    0.00    0.00    0.00    0.00    0.00    18  run-loki.sh
01:38:41 AM  1000    214411    0.00    0.00    0.00    0.00    0.00    16  run-otelcol.sh
01:38:41 AM  1000    214414    0.00    0.00    0.00    0.00    0.00    20  run-prometheus.
01:38:41 AM  1000    214419    0.00    0.00    0.00    0.00    0.00    16  run-tempo.sh
01:38:41 AM  1000    214445    0.00    0.00    0.00    0.00    0.00    18  run-pyroscope.s
01:38:41 AM  1000    214530    0.00    0.00    0.00    0.00    0.00    20  sleep

01:38:41 AM   UID       PID    %usr %system  %guest   %wait    %CPU   CPU  Command
01:38:42 AM  1000    214404    0.00    0.00    0.00    0.00    0.00    20  run-grafana.sh
01:38:42 AM  1000    214407    0.00    0.00    0.00    0.00    0.00    18  run-loki.sh
01:38:42 AM  1000    214411    0.00    0.00    0.00    0.00    0.00    16  run-otelcol.sh
01:38:42 AM  1000    214414    0.00    0.00    0.00    0.00    0.00    20  run-prometheus.
01:38:42 AM  1000    214419    0.00    0.00    0.00    0.00    0.00    16  run-tempo.sh
01:38:42 AM  1000    214445    0.00    0.00    0.00    0.00    0.00    18  run-pyroscope.s
01:38:42 AM  1000    214530    0.00    0.00    0.00    0.00    0.00    20  sleep

01:38:42 AM   UID       PID    %usr %system  %guest   %wait    %CPU   CPU  Command
01:38:43 AM  1000    214404    0.00    0.00    0.00    0.00    0.00    20  run-grafana.sh
01:38:43 AM  1000    214407    0.00    0.00    0.00    0.00    0.00    18  run-loki.sh
01:38:43 AM  1000    214411    0.00    0.00    0.00    0.00    0.00    16  run-otelcol.sh
01:38:43 AM  1000    214414    0.00    0.00    0.00    0.00    0.00    20  run-prometheus.
01:38:43 AM  1000    214419    0.00    0.00    0.00    0.00    0.00    16  run-tempo.sh
01:38:43 AM  1000    214445    0.00    0.00    0.00    0.00    0.00    18  run-pyroscope.s
01:38:43 AM  1000    214530    0.00    0.00    0.00    0.00    0.00    20  sleep

01:38:43 AM   UID       PID    %usr %system  %guest   %wait    %CPU   CPU  Command
01:38:44 AM  1000    214404    0.00    0.00    0.00    0.00    0.00    20  run-grafana.sh
01:38:44 AM  1000    214407    0.00    0.00    0.00    0.00    0.00    18  run-loki.sh
01:38:44 AM  1000    214411    0.00    0.00    0.00    0.00    0.00    16  run-otelcol.sh
01:38:44 AM  1000    214414    0.00    0.00    0.00    0.00    0.00    20  run-prometheus.
01:38:44 AM  1000    214419    0.00    0.00    0.00    0.00    0.00    16  run-tempo.sh
01:38:44 AM  1000    214445    0.00    0.00    0.00    0.00    0.00    18  run-pyroscope.s
01:38:44 AM  1000    214530    0.00    0.00    0.00    0.00    0.00    20  sleep

01:38:44 AM   UID       PID    %usr %system  %guest   %wait    %CPU   CPU  Command
01:38:45 AM  1000    214404    0.00    0.00    0.00    0.00    0.00    20  run-grafana.sh
01:38:45 AM  1000    214407    0.00    0.00    0.00    0.00    0.00    18  run-loki.sh
01:38:45 AM  1000    214411    0.00    0.00    0.00    0.00    0.00    16  run-otelcol.sh
01:38:45 AM  1000    214414    0.00    0.00    0.00    0.00    0.00    20  run-prometheus.
01:38:45 AM  1000    214419    0.00    0.00    0.00    0.00    0.00    16  run-tempo.sh
01:38:45 AM  1000    214445    0.00    0.00    0.00    0.00    0.00    18  run-pyroscope.s
01:38:45 AM  1000    214530    0.00    0.00    0.00    0.00    0.00    20  sleep

01:38:45 AM   UID       PID    %usr %system  %guest   %wait    %CPU   CPU  Command
01:38:46 AM  1000    214404    0.00    0.00    0.00    0.00    0.00    20  run-grafana.sh
01:38:46 AM  1000    214407    0.00    0.00    0.00    0.00    0.00    18  run-loki.sh
01:38:46 AM  1000    214411    0.00    0.00    0.00    0.00    0.00    16  run-otelcol.sh
01:38:46 AM  1000    214414    0.00    0.00    0.00    0.00    0.00    20  run-prometheus.
01:38:46 AM  1000    214419    0.00    0.00    0.00    0.00    0.00    16  run-tempo.sh
01:38:46 AM  1000    214445    0.00    0.00    0.00    0.00    0.00    18  run-pyroscope.s
01:38:46 AM  1000    214530    0.00    0.00    0.00    0.00    0.00    20  sleep

01:38:46 AM   UID       PID    %usr %system  %guest   %wait    %CPU   CPU  Command
01:38:47 AM  1000    214404    0.00    0.00    0.00    0.00    0.00    20  run-grafana.sh
01:38:47 AM  1000    214407    0.00    0.00    0.00    0.00    0.00    18  run-loki.sh
01:38:47 AM  1000    214411    0.00    0.00    0.00    0.00    0.00    16  run-otelcol.sh
01:38:47 AM  1000    214414    0.00    0.00    0.00    0.00    0.00    20  run-prometheus.
01:38:47 AM  1000    214419    0.00    0.00    0.00    0.00    0.00    16  run-tempo.sh
01:38:47 AM  1000    214445    0.00    0.00    0.00    0.00    0.00    18  run-pyroscope.s
01:38:47 AM  1000    214530    0.00    0.00    0.00    0.00    0.00    20  sleep

01:38:47 AM   UID       PID    %usr %system  %guest   %wait    %CPU   CPU  Command
01:38:48 AM  1000    214404    0.00    0.00    0.00    0.00    0.00    20  run-grafana.sh
01:38:48 AM  1000    214407    0.00    0.00    0.00    0.00    0.00    18  run-loki.sh
01:38:48 AM  1000    214411    0.00    0.00    0.00    0.00    0.00    16  run-otelcol.sh
01:38:48 AM  1000    214414    0.00    0.00    0.00    0.00    0.00    20  run-prometheus.
01:38:48 AM  1000    214419    0.00    0.00    0.00    0.00    0.00    16  run-tempo.sh
01:38:48 AM  1000    214445    0.00    0.00    0.00    0.00    0.00    18  run-pyroscope.s
01:38:48 AM  1000    214530    0.00    0.00    0.00    0.00    0.00    20  sleep

01:38:48 AM   UID       PID    %usr %system  %guest   %wait    %CPU   CPU  Command
01:38:49 AM  1000    214404    0.00    0.00    0.00    0.00    0.00    20  run-grafana.sh
01:38:49 AM  1000    214407    0.00    0.00    0.00    0.00    0.00    18  run-loki.sh
01:38:49 AM  1000    214411    0.00    0.00    0.00    0.00    0.00    16  run-otelcol.sh
01:38:49 AM  1000    214414    0.00    0.00    0.00    0.00    0.00    20  run-prometheus.
01:38:49 AM  1000    214419    0.00    0.00    0.00    0.00    0.00    16  run-tempo.sh
01:38:49 AM  1000    214445    0.00    0.00    0.00    0.00    0.00    18  run-pyroscope.s
01:38:49 AM  1000    214530    0.00    0.00    0.00    0.00    0.00    20  sleep

01:38:49 AM   UID       PID    %usr %system  %guest   %wait    %CPU   CPU  Command
01:38:50 AM  1000    214404    0.00    0.00    0.00    0.00    0.00    20  run-grafana.sh
01:38:50 AM  1000    214407    0.00    0.00    0.00    0.00    0.00    18  run-loki.sh
01:38:50 AM  1000    214411    0.00    0.00    0.00    0.00    0.00    16  run-otelcol.sh
01:38:50 AM  1000    214414    0.00    0.00    0.00    0.00    0.00    20  run-prometheus.
01:38:50 AM  1000    214419    0.00    0.00    0.00    0.00    0.00    16  run-tempo.sh
01:38:50 AM  1000    214445    0.00    0.00    0.00    0.00    0.00    18  run-pyroscope.s
01:38:50 AM  1000    214530    0.00    0.00    0.00    0.00    0.00    20  sleep

01:38:50 AM   UID       PID    %usr %system  %guest   %wait    %CPU   CPU  Command
01:38:51 AM  1000    214404    0.00    0.00    0.00    0.00    0.00    20  run-grafana.sh
01:38:51 AM  1000    214407    0.00    0.00    0.00    0.00    0.00    18  run-loki.sh
01:38:51 AM  1000    214411    0.00    0.00    0.00    0.00    0.00    16  run-otelcol.sh
01:38:51 AM  1000    214414    0.00    0.00    0.00    0.00    0.00    20  run-prometheus.
01:38:51 AM  1000    214419    0.00    0.00    0.00    0.00    0.00    16  run-tempo.sh
01:38:51 AM  1000    214445    0.00    0.00    0.00    0.00    0.00    18  run-pyroscope.s
01:38:51 AM  1000    214530    0.00    0.00    0.00    0.00    0.00    20  sleep

01:38:51 AM   UID       PID    %usr %system  %guest   %wait    %CPU   CPU  Command
01:38:52 AM  1000    214404    0.00    0.00    0.00    0.00    0.00    20  run-grafana.sh
01:38:52 AM  1000    214407    0.00    0.00    0.00    0.00    0.00    18  run-loki.sh
01:38:52 AM  1000    214411    0.00    0.00    0.00    0.00    0.00    16  run-otelcol.sh
01:38:52 AM  1000    214414    0.00    0.00    0.00    0.00    0.00    20  run-prometheus.
01:38:52 AM  1000    214419    0.00    0.00    0.00    0.00    0.00    16  run-tempo.sh
01:38:52 AM  1000    214445    0.00    0.00    0.00    0.00    0.00    18  run-pyroscope.s
01:38:52 AM  1000    214530    0.00    0.00    0.00    0.00    0.00    20  sleep

01:38:52 AM   UID       PID    %usr %system  %guest   %wait    %CPU   CPU  Command
01:38:53 AM  1000    214404    0.00    0.00    0.00    0.00    0.00    20  run-grafana.sh
01:38:53 AM  1000    214407    0.00    0.00    0.00    0.00    0.00    18  run-loki.sh
01:38:53 AM  1000    214411    0.00    0.00    0.00    0.00    0.00    16  run-otelcol.sh
01:38:53 AM  1000    214414    0.00    0.00    0.00    0.00    0.00    20  run-prometheus.
01:38:53 AM  1000    214419    0.00    0.00    0.00    0.00    0.00    16  run-tempo.sh
01:38:53 AM  1000    214445    0.00    0.00    0.00    0.00    0.00    18  run-pyroscope.s
01:38:53 AM  1000    214530    0.00    0.00    0.00    0.00    0.00    20  sleep

01:38:53 AM   UID       PID    %usr %system  %guest   %wait    %CPU   CPU  Command
01:38:54 AM  1000    214404    0.00    0.00    0.00    0.00    0.00    20  run-grafana.sh
01:38:54 AM  1000    214407    0.00    0.00    0.00    0.00    0.00    18  run-loki.sh
01:38:54 AM  1000    214411    0.00    0.00    0.00    0.00    0.00    16  run-otelcol.sh
01:38:54 AM  1000    214414    0.00    0.00    0.00    0.00    0.00    20  run-prometheus.
01:38:54 AM  1000    214419    0.00    0.00    0.00    0.00    0.00    16  run-tempo.sh
01:38:54 AM  1000    214445    0.00    0.00    0.00    0.00    0.00    18  run-pyroscope.s
01:38:54 AM  1000    214530    0.00    0.00    0.00    0.00    0.00    20  sleep

01:38:54 AM   UID       PID    %usr %system  %guest   %wait    %CPU   CPU  Command
01:38:55 AM  1000    214404    0.00    0.00    0.00    0.00    0.00    20  run-grafana.sh
01:38:55 AM  1000    214407    0.00    0.00    0.00    0.00    0.00    18  run-loki.sh
01:38:55 AM  1000    214411    0.00    0.00    0.00    0.00    0.00    16  run-otelcol.sh
01:38:55 AM  1000    214414    0.00    0.00    0.00    0.00    0.00    20  run-prometheus.
01:38:55 AM  1000    214419    0.00    0.00    0.00    0.00    0.00    16  run-tempo.sh
01:38:55 AM  1000    214445    0.00    0.00    0.00    0.00    0.00    18  run-pyroscope.s
01:38:55 AM  1000    214530    0.00    0.00    0.00    0.00    0.00    20  sleep

01:38:55 AM   UID       PID    %usr %system  %guest   %wait    %CPU   CPU  Command
01:38:56 AM  1000    214404    0.00    0.00    0.00    0.00    0.00    20  run-grafana.sh
01:38:56 AM  1000    214407    0.00    0.00    0.00    0.00    0.00    18  run-loki.sh
01:38:56 AM  1000    214411    0.00    0.00    0.00    0.00    0.00    16  run-otelcol.sh
01:38:56 AM  1000    214414    0.00    0.00    0.00    0.00    0.00    20  run-prometheus.
01:38:56 AM  1000    214419    0.00    0.00    0.00    0.00    0.00    16  run-tempo.sh
01:38:56 AM  1000    214445    0.00    0.00    0.00    0.00    0.00    18  run-pyroscope.s
01:38:56 AM  1000    214530    0.00    0.00    0.00    0.00    0.00    20  sleep

01:38:56 AM   UID       PID    %usr %system  %guest   %wait    %CPU   CPU  Command
01:38:57 AM  1000    214404    0.00    0.00    0.00    0.00    0.00    20  run-grafana.sh
01:38:57 AM  1000    214407    0.00    0.00    0.00    0.00    0.00    18  run-loki.sh
01:38:57 AM  1000    214411    0.00    0.00    0.00    0.00    0.00    16  run-otelcol.sh
01:38:57 AM  1000    214414    0.00    0.00    0.00    0.00    0.00    20  run-prometheus.
01:38:57 AM  1000    214419    0.00    0.00    0.00    0.00    0.00    16  run-tempo.sh
01:38:57 AM  1000    214445    0.00    0.00    0.00    0.00    0.00    18  run-pyroscope.s
01:38:57 AM  1000    214530    0.00    0.00    0.00    0.00    0.00    20  sleep

01:38:57 AM   UID       PID    %usr %system  %guest   %wait    %CPU   CPU  Command
01:38:58 AM  1000    214404    0.00    0.00    0.00    0.00    0.00    20  run-grafana.sh
01:38:58 AM  1000    214407    0.00    0.00    0.00    0.00    0.00    18  run-loki.sh
01:38:58 AM  1000    214411    0.00    0.00    0.00    0.00    0.00    16  run-otelcol.sh
01:38:58 AM  1000    214414    0.00    0.00    0.00    0.00    0.00    20  run-prometheus.
01:38:58 AM  1000    214419    0.00    0.00    0.00    0.00    0.00    16  run-tempo.sh
01:38:58 AM  1000    214445    0.00    0.00    0.00    0.00    0.00    18  run-pyroscope.s
01:38:58 AM  1000    214530    0.00    0.00    0.00    0.00    0.00    20  sleep

01:38:58 AM   UID       PID    %usr %system  %guest   %wait    %CPU   CPU  Command
01:38:59 AM  1000    214404    0.00    0.00    0.00    0.00    0.00    20  run-grafana.sh
01:38:59 AM  1000    214407    0.00    0.00    0.00    0.00    0.00    18  run-loki.sh
01:38:59 AM  1000    214411    0.00    0.00    0.00    0.00    0.00    16  run-otelcol.sh
01:38:59 AM  1000    214414    0.00    0.00    0.00    0.00    0.00    20  run-prometheus.
01:38:59 AM  1000    214419    0.00    0.00    0.00    0.00    0.00    16  run-tempo.sh
01:38:59 AM  1000    214445    0.00    0.00    0.00    0.00    0.00    18  run-pyroscope.s
01:38:59 AM  1000    214530    0.00    0.00    0.00    0.00    0.00    20  sleep

01:38:59 AM   UID       PID    %usr %system  %guest   %wait    %CPU   CPU  Command
01:39:00 AM  1000    214404    0.00    0.00    0.00    0.00    0.00    20  run-grafana.sh
01:39:00 AM  1000    214407    0.00    0.00    0.00    0.00    0.00    18  run-loki.sh
01:39:00 AM  1000    214411    0.00    0.00    0.00    0.00    0.00    16  run-otelcol.sh
01:39:00 AM  1000    214414    0.00    0.00    0.00    0.00    0.00    20  run-prometheus.
01:39:00 AM  1000    214419    0.00    0.00    0.00    0.00    0.00    16  run-tempo.sh
01:39:00 AM  1000    214445    0.00    0.00    0.00    0.00    0.00    18  run-pyroscope.s
01:39:00 AM  1000    214530    0.00    0.00    0.00    0.00    0.00    20  sleep

01:39:00 AM   UID       PID    %usr %system  %guest   %wait    %CPU   CPU  Command
01:39:01 AM  1000    214404    0.00    0.00    0.00    0.00    0.00    20  run-grafana.sh
01:39:01 AM  1000    214407    0.00    0.00    0.00    0.00    0.00    18  run-loki.sh
01:39:01 AM  1000    214411    0.00    0.00    0.00    0.00    0.00    16  run-otelcol.sh
01:39:01 AM  1000    214414    0.00    0.00    0.00    0.00    0.00    20  run-prometheus.
01:39:01 AM  1000    214419    0.00    0.00    0.00    0.00    0.00    16  run-tempo.sh
01:39:01 AM  1000    214445    0.00    0.00    0.00    0.00    0.00    18  run-pyroscope.s
01:39:01 AM  1000    214530    0.00    0.00    0.00    0.00    0.00    20  sleep

01:39:01 AM   UID       PID    %usr %system  %guest   %wait    %CPU   CPU  Command
01:39:02 AM  1000    214404    0.00    0.00    0.00    0.00    0.00    20  run-grafana.sh
01:39:02 AM  1000    214407    0.00    0.00    0.00    0.00    0.00    18  run-loki.sh
01:39:02 AM  1000    214411    0.00    0.00    0.00    0.00    0.00    16  run-otelcol.sh
01:39:02 AM  1000    214414    0.00    0.00    0.00    0.00    0.00    20  run-prometheus.
01:39:02 AM  1000    214419    0.00    0.00    0.00    0.00    0.00    16  run-tempo.sh
01:39:02 AM  1000    214445    0.00    0.00    0.00    0.00    0.00    18  run-pyroscope.s
01:39:02 AM  1000    214530    0.00    0.00    0.00    0.00    0.00    20  sleep

01:39:02 AM   UID       PID    %usr %system  %guest   %wait    %CPU   CPU  Command
01:39:03 AM  1000    214404    0.00    0.00    0.00    0.00    0.00    20  run-grafana.sh
01:39:03 AM  1000    214407    0.00    0.00    0.00    0.00    0.00    18  run-loki.sh
01:39:03 AM  1000    214411    0.00    0.00    0.00    0.00    0.00    16  run-otelcol.sh
01:39:03 AM  1000    214414    0.00    0.00    0.00    0.00    0.00    20  run-prometheus.
01:39:03 AM  1000    214419    0.00    0.00    0.00    0.00    0.00    16  run-tempo.sh
01:39:03 AM  1000    214445    0.00    0.00    0.00    0.00    0.00    18  run-pyroscope.s
01:39:03 AM  1000    214530    0.00    0.00    0.00    0.00    0.00    20  sleep

01:39:03 AM   UID       PID    %usr %system  %guest   %wait    %CPU   CPU  Command
01:39:04 AM  1000    214404    0.00    0.00    0.00    0.00    0.00    20  run-grafana.sh
01:39:04 AM  1000    214407    0.00    0.00    0.00    0.00    0.00    18  run-loki.sh
01:39:04 AM  1000    214411    0.00    0.00    0.00    0.00    0.00    16  run-otelcol.sh
01:39:04 AM  1000    214414    0.00    0.00    0.00    0.00    0.00    20  run-prometheus.
01:39:04 AM  1000    214419    0.00    0.00    0.00    0.00    0.00    16  run-tempo.sh
01:39:04 AM  1000    214445    0.00    0.00    0.00    0.00    0.00    18  run-pyroscope.s
01:39:04 AM  1000    214530    0.00    0.00    0.00    0.00    0.00    20  sleep

01:39:04 AM   UID       PID    %usr %system  %guest   %wait    %CPU   CPU  Command
01:39:05 AM  1000    214404    0.00    0.00    0.00    0.00    0.00    20  run-grafana.sh
01:39:05 AM  1000    214407    0.00    0.00    0.00    0.00    0.00    18  run-loki.sh
01:39:05 AM  1000    214411    0.00    0.00    0.00    0.00    0.00    16  run-otelcol.sh
01:39:05 AM  1000    214414    0.00    0.00    0.00    0.00    0.00    20  run-prometheus.
01:39:05 AM  1000    214419    0.00    0.00    0.00    0.00    0.00    16  run-tempo.sh
01:39:05 AM  1000    214445    0.00    0.00    0.00    0.00    0.00    18  run-pyroscope.s
01:39:05 AM  1000    214530    0.00    0.00    0.00    0.00    0.00    20  sleep

01:39:05 AM   UID       PID    %usr %system  %guest   %wait    %CPU   CPU  Command
01:39:06 AM  1000    214404    0.00    0.00    0.00    0.00    0.00    20  run-grafana.sh
01:39:06 AM  1000    214407    0.00    0.00    0.00    0.00    0.00    18  run-loki.sh
01:39:06 AM  1000    214411    0.00    0.00    0.00    0.00    0.00    16  run-otelcol.sh
01:39:06 AM  1000    214414    0.00    0.00    0.00    0.00    0.00    20  run-prometheus.
01:39:06 AM  1000    214419    0.00    0.00    0.00    0.00    0.00    16  run-tempo.sh
01:39:06 AM  1000    214445    0.00    0.00    0.00    0.00    0.00    18  run-pyroscope.s
01:39:06 AM  1000    214530    0.00    0.00    0.00    0.00    0.00    20  sleep

01:39:06 AM   UID       PID    %usr %system  %guest   %wait    %CPU   CPU  Command
01:39:07 AM  1000    214404    0.00    0.00    0.00    0.00    0.00    20  run-grafana.sh
01:39:07 AM  1000    214407    0.00    0.00    0.00    0.00    0.00    18  run-loki.sh
01:39:07 AM  1000    214411    0.00    0.00    0.00    0.00    0.00    16  run-otelcol.sh
01:39:07 AM  1000    214414    0.00    0.00    0.00    0.00    0.00    20  run-prometheus.
01:39:07 AM  1000    214419    0.00    0.00    0.00    0.00    0.00    16  run-tempo.sh
01:39:07 AM  1000    214445    0.00    0.00    0.00    0.00    0.00    18  run-pyroscope.s
01:39:07 AM  1000    214530    0.00    0.00    0.00    0.00    0.00    20  sleep

01:39:07 AM   UID       PID    %usr %system  %guest   %wait    %CPU   CPU  Command
01:39:08 AM  1000    214404    0.00    0.00    0.00    0.00    0.00    20  run-grafana.sh
01:39:08 AM  1000    214407    0.00    0.00    0.00    0.00    0.00    18  run-loki.sh
01:39:08 AM  1000    214411    0.00    0.00    0.00    0.00    0.00    16  run-otelcol.sh
01:39:08 AM  1000    214414    0.00    0.00    0.00    0.00    0.00    20  run-prometheus.
01:39:08 AM  1000    214419    0.00    0.00    0.00    0.00    0.00    16  run-tempo.sh
01:39:08 AM  1000    214445    0.00    0.00    0.00    0.00    0.00    18  run-pyroscope.s
01:39:08 AM  1000    214530    0.00    0.00    0.00    0.00    0.00    20  sleep

01:39:08 AM   UID       PID    %usr %system  %guest   %wait    %CPU   CPU  Command
01:39:09 AM  1000    214404    0.00    0.00    0.00    0.00    0.00    20  run-grafana.sh
01:39:09 AM  1000    214407    0.00    0.00    0.00    0.00    0.00    18  run-loki.sh
01:39:09 AM  1000    214411    0.00    0.00    0.00    0.00    0.00    16  run-otelcol.sh
01:39:09 AM  1000    214414    0.00    0.00    0.00    0.00    0.00    20  run-prometheus.
01:39:09 AM  1000    214419    0.00    0.00    0.00    0.00    0.00    16  run-tempo.sh
01:39:09 AM  1000    214445    0.00    0.00    0.00    0.00    0.00    18  run-pyroscope.s
01:39:09 AM  1000    214530    0.00    0.00    0.00    0.00    0.00    20  sleep

01:39:09 AM   UID       PID    %usr %system  %guest   %wait    %CPU   CPU  Command
01:39:10 AM  1000    214404    0.00    0.00    0.00    0.00    0.00    20  run-grafana.sh
01:39:10 AM  1000    214407    0.00    0.00    0.00    0.00    0.00    18  run-loki.sh
01:39:10 AM  1000    214411    0.00    0.00    0.00    0.00    0.00    16  run-otelcol.sh
01:39:10 AM  1000    214414    0.00    0.00    0.00    0.00    0.00    20  run-prometheus.
01:39:10 AM  1000    214419    0.00    0.00    0.00    0.00    0.00    16  run-tempo.sh
01:39:10 AM  1000    214445    0.00    0.00    0.00    0.00    0.00    18  run-pyroscope.s
01:39:10 AM  1000    214530    0.00    0.00    0.00    0.00    0.00    20  sleep

01:39:10 AM   UID       PID    %usr %system  %guest   %wait    %CPU   CPU  Command
01:39:11 AM  1000    214404    0.00    0.00    0.00    0.00    0.00    20  run-grafana.sh
01:39:11 AM  1000    214407    0.00    0.00    0.00    0.00    0.00    18  run-loki.sh
01:39:11 AM  1000    214411    0.00    0.00    0.00    0.00    0.00    16  run-otelcol.sh
01:39:11 AM  1000    214414    0.00    0.00    0.00    0.00    0.00    20  run-prometheus.
01:39:11 AM  1000    214419    0.00    0.00    0.00    0.00    0.00    16  run-tempo.sh
01:39:11 AM  1000    214445    0.00    0.00    0.00    0.00    0.00    18  run-pyroscope.s
01:39:11 AM  1000    214530    0.00    0.00    0.00    0.00    0.00    20  sleep

01:39:11 AM   UID       PID    %usr %system  %guest   %wait    %CPU   CPU  Command
01:39:12 AM  1000    214404    0.00    0.00    0.00    0.00    0.00    20  run-grafana.sh
01:39:12 AM  1000    214407    0.00    0.00    0.00    0.00    0.00    18  run-loki.sh
01:39:12 AM  1000    214411    0.00    0.00    0.00    0.00    0.00    16  run-otelcol.sh
01:39:12 AM  1000    214414    0.00    0.00    0.00    0.00    0.00    20  run-prometheus.
01:39:12 AM  1000    214419    0.00    0.00    0.00    0.00    0.00    16  run-tempo.sh
01:39:12 AM  1000    214445    0.00    0.00    0.00    0.00    0.00    18  run-pyroscope.s
01:39:12 AM  1000    214530    0.00    0.00    0.00    0.00    0.00    20  sleep

01:39:12 AM   UID       PID    %usr %system  %guest   %wait    %CPU   CPU  Command
01:39:13 AM  1000    214404    0.00    0.00    0.00    0.00    0.00    20  run-grafana.sh
01:39:13 AM  1000    214407    0.00    0.00    0.00    0.00    0.00    18  run-loki.sh
01:39:13 AM  1000    214411    0.00    0.00    0.00    0.00    0.00    16  run-otelcol.sh
01:39:13 AM  1000    214414    0.00    0.00    0.00    0.00    0.00    20  run-prometheus.
01:39:13 AM  1000    214419    0.00    0.00    0.00    0.00    0.00    16  run-tempo.sh
01:39:13 AM  1000    214445    0.00    0.00    0.00    0.00    0.00    18  run-pyroscope.s
01:39:13 AM  1000    214530    0.00    0.00    0.00    0.00    0.00    20  sleep

01:39:13 AM   UID       PID    %usr %system  %guest   %wait    %CPU   CPU  Command
01:39:14 AM  1000    214404    0.00    0.00    0.00    0.00    0.00    20  run-grafana.sh
01:39:14 AM  1000    214407    0.00    0.00    0.00    0.00    0.00    18  run-loki.sh
01:39:14 AM  1000    214411    0.00    0.00    0.00    0.00    0.00    16  run-otelcol.sh
01:39:14 AM  1000    214414    0.00    0.00    0.00    0.00    0.00    20  run-prometheus.
01:39:14 AM  1000    214419    0.00    0.00    0.00    0.00    0.00    16  run-tempo.sh
01:39:14 AM  1000    214445    0.00    0.00    0.00    0.00    0.00    18  run-pyroscope.s
01:39:14 AM  1000    214530    0.00    0.00    0.00    0.00    0.00    20  sleep

01:39:14 AM   UID       PID    %usr %system  %guest   %wait    %CPU   CPU  Command
01:39:15 AM  1000    214404    0.00    0.00    0.00    0.00    0.00    20  run-grafana.sh
01:39:15 AM  1000    214407    0.00    0.00    0.00    0.00    0.00    18  run-loki.sh
01:39:15 AM  1000    214411    0.00    0.00    0.00    0.00    0.00    16  run-otelcol.sh
01:39:15 AM  1000    214414    0.00    0.00    0.00    0.00    0.00    20  run-prometheus.
01:39:15 AM  1000    214419    0.00    0.00    0.00    0.00    0.00    16  run-tempo.sh
01:39:15 AM  1000    214445    0.00    0.00    0.00    0.00    0.00    18  run-pyroscope.s
01:39:15 AM  1000    214530    0.00    0.00    0.00    0.00    0.00    20  sleep

01:39:15 AM   UID       PID    %usr %system  %guest   %wait    %CPU   CPU  Command
01:39:16 AM  1000    214404    0.00    0.00    0.00    0.00    0.00    20  run-grafana.sh
01:39:16 AM  1000    214407    0.00    0.00    0.00    0.00    0.00    18  run-loki.sh
01:39:16 AM  1000    214411    0.00    0.00    0.00    0.00    0.00    16  run-otelcol.sh
01:39:16 AM  1000    214414    0.00    0.00    0.00    0.00    0.00    20  run-prometheus.
01:39:16 AM  1000    214419    0.00    0.00    0.00    0.00    0.00    16  run-tempo.sh
01:39:16 AM  1000    214445    0.00    0.00    0.00    0.00    0.00    18  run-pyroscope.s
01:39:16 AM  1000    214530    0.00    0.00    0.00    0.00    0.00    20  sleep

01:39:16 AM   UID       PID    %usr %system  %guest   %wait    %CPU   CPU  Command
01:39:17 AM  1000    214404    0.00    0.00    0.00    0.00    0.00    20  run-grafana.sh
01:39:17 AM  1000    214407    0.00    0.00    0.00    0.00    0.00    18  run-loki.sh
01:39:17 AM  1000    214411    0.00    0.00    0.00    0.00    0.00    16  run-otelcol.sh
01:39:17 AM  1000    214414    0.00    0.00    0.00    0.00    0.00    20  run-prometheus.
01:39:17 AM  1000    214419    0.00    0.00    0.00    0.00    0.00    16  run-tempo.sh
01:39:17 AM  1000    214445    0.00    0.00    0.00    0.00    0.00    18  run-pyroscope.s
01:39:17 AM  1000    214530    0.00    0.00    0.00    0.00    0.00    20  sleep

01:39:17 AM   UID       PID    %usr %system  %guest   %wait    %CPU   CPU  Command
01:39:18 AM  1000    214404    0.00    0.00    0.00    0.00    0.00    20  run-grafana.sh
01:39:18 AM  1000    214407    0.00    0.00    0.00    0.00    0.00    18  run-loki.sh
01:39:18 AM  1000    214411    0.00    0.00    0.00    0.00    0.00    16  run-otelcol.sh
01:39:18 AM  1000    214414    0.00    0.00    0.00    0.00    0.00    20  run-prometheus.
01:39:18 AM  1000    214419    0.00    0.00    0.00    0.00    0.00    16  run-tempo.sh
01:39:18 AM  1000    214445    0.00    0.00    0.00    0.00    0.00    18  run-pyroscope.s
01:39:18 AM  1000    214530    0.00    0.00    0.00    0.00    0.00    20  sleep

01:39:18 AM   UID       PID    %usr %system  %guest   %wait    %CPU   CPU  Command
01:39:19 AM  1000    214404    0.00    0.00    0.00    0.00    0.00    20  run-grafana.sh
01:39:19 AM  1000    214407    0.00    0.00    0.00    0.00    0.00    18  run-loki.sh
01:39:19 AM  1000    214411    0.00    0.00    0.00    0.00    0.00    16  run-otelcol.sh
01:39:19 AM  1000    214414    0.00    0.00    0.00    0.00    0.00    20  run-prometheus.
01:39:19 AM  1000    214419    0.00    0.00    0.00    0.00    0.00    16  run-tempo.sh
01:39:19 AM  1000    214445    0.00    0.00    0.00    0.00    0.00    18  run-pyroscope.s
01:39:19 AM  1000    214530    0.00    0.00    0.00    0.00    0.00    20  sleep

01:39:19 AM   UID       PID    %usr %system  %guest   %wait    %CPU   CPU  Command
01:39:20 AM  1000    214404    0.00    0.00    0.00    0.00    0.00    20  run-grafana.sh
01:39:20 AM  1000    214407    0.00    0.00    0.00    0.00    0.00    18  run-loki.sh
01:39:20 AM  1000    214411    0.00    0.00    0.00    0.00    0.00    16  run-otelcol.sh
01:39:20 AM  1000    214414    0.00    0.00    0.00    0.00    0.00    20  run-prometheus.
01:39:20 AM  1000    214419    0.00    0.00    0.00    0.00    0.00    16  run-tempo.sh
01:39:20 AM  1000    214445    0.00    0.00    0.00    0.00    0.00    18  run-pyroscope.s
01:39:20 AM  1000    214530    0.00    0.00    0.00    0.00    0.00    20  sleep

01:39:20 AM   UID       PID    %usr %system  %guest   %wait    %CPU   CPU  Command
01:39:21 AM  1000    214404    0.00    0.00    0.00    0.00    0.00    20  run-grafana.sh
01:39:21 AM  1000    214407    0.00    0.00    0.00    0.00    0.00    18  run-loki.sh
01:39:21 AM  1000    214411    0.00    0.00    0.00    0.00    0.00    16  run-otelcol.sh
01:39:21 AM  1000    214414    0.00    0.00    0.00    0.00    0.00    20  run-prometheus.
01:39:21 AM  1000    214419    0.00    0.00    0.00    0.00    0.00    16  run-tempo.sh
01:39:21 AM  1000    214445    0.00    0.00    0.00    0.00    0.00    18  run-pyroscope.s
01:39:21 AM  1000    214530    0.00    0.00    0.00    0.00    0.00    20  sleep

01:39:21 AM   UID       PID    %usr %system  %guest   %wait    %CPU   CPU  Command
01:39:22 AM  1000    214404    0.00    0.00    0.00    0.00    0.00    20  run-grafana.sh
01:39:22 AM  1000    214407    0.00    0.00    0.00    0.00    0.00    18  run-loki.sh
01:39:22 AM  1000    214411    0.00    0.00    0.00    0.00    0.00    16  run-otelcol.sh
01:39:22 AM  1000    214414    0.00    0.00    0.00    0.00    0.00    20  run-prometheus.
01:39:22 AM  1000    214419    0.00    0.00    0.00    0.00    0.00    16  run-tempo.sh
01:39:22 AM  1000    214445    0.00    0.00    0.00    0.00    0.00    18  run-pyroscope.s
01:39:22 AM  1000    214530    0.00    0.00    0.00    0.00    0.00    20  sleep

01:39:22 AM   UID       PID    %usr %system  %guest   %wait    %CPU   CPU  Command
01:39:23 AM  1000    214404    0.00    0.00    0.00    0.00    0.00    20  run-grafana.sh
01:39:23 AM  1000    214407    0.00    0.00    0.00    0.00    0.00    18  run-loki.sh
01:39:23 AM  1000    214411    0.00    0.00    0.00    0.00    0.00    16  run-otelcol.sh
01:39:23 AM  1000    214414    0.00    0.00    0.00    0.00    0.00    20  run-prometheus.
01:39:23 AM  1000    214419    0.00    0.00    0.00    0.00    0.00    16  run-tempo.sh
01:39:23 AM  1000    214445    0.00    0.00    0.00    0.00    0.00    18  run-pyroscope.s
01:39:23 AM  1000    214530    0.00    0.00    0.00    0.00    0.00    20  sleep

01:39:23 AM   UID       PID    %usr %system  %guest   %wait    %CPU   CPU  Command
01:39:24 AM  1000    214404    0.00    0.00    0.00    0.00    0.00    20  run-grafana.sh
01:39:24 AM  1000    214407    0.00    0.00    0.00    0.00    0.00    18  run-loki.sh
01:39:24 AM  1000    214411    0.00    0.00    0.00    0.00    0.00    16  run-otelcol.sh
01:39:24 AM  1000    214414    0.00    0.00    0.00    0.00    0.00    20  run-prometheus.
01:39:24 AM  1000    214419    0.00    0.00    0.00    0.00    0.00    16  run-tempo.sh
01:39:24 AM  1000    214445    0.00    0.00    0.00    0.00    0.00    18  run-pyroscope.s
01:39:24 AM  1000    214530    0.00    0.00    0.00    0.00    0.00    20  sleep

01:39:24 AM   UID       PID    %usr %system  %guest   %wait    %CPU   CPU  Command
01:39:25 AM  1000    214404    0.00    0.00    0.00    0.00    0.00    20  run-grafana.sh
01:39:25 AM  1000    214407    0.00    0.00    0.00    0.00    0.00    18  run-loki.sh
01:39:25 AM  1000    214411    0.00    0.00    0.00    0.00    0.00    16  run-otelcol.sh
01:39:25 AM  1000    214414    0.00    0.00    0.00    0.00    0.00    20  run-prometheus.
01:39:25 AM  1000    214419    0.00    0.00    0.00    0.00    0.00    16  run-tempo.sh
01:39:25 AM  1000    214445    0.00    0.00    0.00    0.00    0.00    18  run-pyroscope.s
01:39:25 AM  1000    214530    0.00    0.00    0.00    0.00    0.00    20  sleep

01:39:25 AM   UID       PID    %usr %system  %guest   %wait    %CPU   CPU  Command
01:39:26 AM  1000    214404    0.00    0.00    0.00    0.00    0.00    20  run-grafana.sh
01:39:26 AM  1000    214407    0.00    0.00    0.00    0.00    0.00    18  run-loki.sh
01:39:26 AM  1000    214411    0.00    0.00    0.00    0.00    0.00    16  run-otelcol.sh
01:39:26 AM  1000    214414    0.00    0.00    0.00    0.00    0.00    20  run-prometheus.
01:39:26 AM  1000    214419    0.00    0.00    0.00    0.00    0.00    16  run-tempo.sh
01:39:26 AM  1000    214445    0.00    0.00    0.00    0.00    0.00    18  run-pyroscope.s
01:39:26 AM  1000    214530    0.00    0.00    0.00    0.00    0.00    20  sleep

01:39:26 AM   UID       PID    %usr %system  %guest   %wait    %CPU   CPU  Command
01:39:27 AM  1000    214404    0.00    0.00    0.00    0.00    0.00    20  run-grafana.sh
01:39:27 AM  1000    214407    0.00    0.00    0.00    0.00    0.00    18  run-loki.sh
01:39:27 AM  1000    214411    0.00    0.00    0.00    0.00    0.00    16  run-otelcol.sh
01:39:27 AM  1000    214414    0.00    0.00    0.00    0.00    0.00    20  run-prometheus.
01:39:27 AM  1000    214419    0.00    0.00    0.00    0.00    0.00    16  run-tempo.sh
01:39:27 AM  1000    214445    0.00    0.00    0.00    0.00    0.00    18  run-pyroscope.s
01:39:27 AM  1000    214530    0.00    0.00    0.00    0.00    0.00    20  sleep

01:39:27 AM   UID       PID    %usr %system  %guest   %wait    %CPU   CPU  Command
01:39:28 AM  1000    214404    0.00    0.00    0.00    0.00    0.00    20  run-grafana.sh
01:39:28 AM  1000    214407    0.00    0.00    0.00    0.00    0.00    18  run-loki.sh
01:39:28 AM  1000    214411    0.00    0.00    0.00    0.00    0.00    16  run-otelcol.sh
01:39:28 AM  1000    214414    0.00    0.00    0.00    0.00    0.00    20  run-prometheus.
01:39:28 AM  1000    214419    0.00    0.00    0.00    0.00    0.00    16  run-tempo.sh
01:39:28 AM  1000    214445    0.00    0.00    0.00    0.00    0.00    18  run-pyroscope.s
01:39:28 AM  1000    214530    0.00    0.00    0.00    0.00    0.00    20  sleep

01:39:28 AM   UID       PID    %usr %system  %guest   %wait    %CPU   CPU  Command
01:39:29 AM  1000    214404    0.00    0.00    0.00    0.00    0.00    20  run-grafana.sh
01:39:29 AM  1000    214407    0.00    0.00    0.00    0.00    0.00    18  run-loki.sh
01:39:29 AM  1000    214411    0.00    0.00    0.00    0.00    0.00    16  run-otelcol.sh
01:39:29 AM  1000    214414    0.00    0.00    0.00    0.00    0.00    20  run-prometheus.
01:39:29 AM  1000    214419    0.00    0.00    0.00    0.00    0.00    16  run-tempo.sh
01:39:29 AM  1000    214445    0.00    0.00    0.00    0.00    0.00    18  run-pyroscope.s
01:39:29 AM  1000    214530    0.00    0.00    0.00    0.00    0.00    20  sleep

01:39:29 AM   UID       PID    %usr %system  %guest   %wait    %CPU   CPU  Command
01:39:30 AM  1000    214404    0.00    0.00    0.00    0.00    0.00    20  run-grafana.sh
01:39:30 AM  1000    214407    0.00    0.00    0.00    0.00    0.00    18  run-loki.sh
01:39:30 AM  1000    214411    0.00    0.00    0.00    0.00    0.00    16  run-otelcol.sh
01:39:30 AM  1000    214414    0.00    0.00    0.00    0.00    0.00    20  run-prometheus.
01:39:30 AM  1000    214419    0.00    0.00    0.00    0.00    0.00    16  run-tempo.sh
01:39:30 AM  1000    214445    0.00    0.00    0.00    0.00    0.00    18  run-pyroscope.s
01:39:30 AM  1000    214530    0.00    0.00    0.00    0.00    0.00    20  sleep

01:39:30 AM   UID       PID    %usr %system  %guest   %wait    %CPU   CPU  Command
01:39:31 AM  1000    214404    0.00    0.00    0.00    0.00    0.00    20  run-grafana.sh
01:39:31 AM  1000    214407    0.00    0.00    0.00    0.00    0.00    18  run-loki.sh
01:39:31 AM  1000    214411    0.00    0.00    0.00    0.00    0.00    16  run-otelcol.sh
01:39:31 AM  1000    214414    0.00    0.00    0.00    0.00    0.00    20  run-prometheus.
01:39:31 AM  1000    214419    0.00    0.00    0.00    0.00    0.00    16  run-tempo.sh
01:39:31 AM  1000    214445    0.00    0.00    0.00    0.00    0.00    18  run-pyroscope.s
01:39:31 AM  1000    214530    0.00    0.00    0.00    0.00    0.00    20  sleep

01:39:31 AM   UID       PID    %usr %system  %guest   %wait    %CPU   CPU  Command
01:39:32 AM  1000    214404    0.00    0.00    0.00    0.00    0.00    20  run-grafana.sh
01:39:32 AM  1000    214407    0.00    0.00    0.00    0.00    0.00    18  run-loki.sh
01:39:32 AM  1000    214411    0.00    0.00    0.00    0.00    0.00    16  run-otelcol.sh
01:39:32 AM  1000    214414    0.00    0.00    0.00    0.00    0.00    20  run-prometheus.
01:39:32 AM  1000    214419    0.00    0.00    0.00    0.00    0.00    16  run-tempo.sh
01:39:32 AM  1000    214445    0.00    0.00    0.00    0.00    0.00    18  run-pyroscope.s
01:39:32 AM  1000    214530    0.00    0.00    0.00    0.00    0.00    20  sleep

01:39:32 AM   UID       PID    %usr %system  %guest   %wait    %CPU   CPU  Command
01:39:33 AM  1000    214404    0.00    0.00    0.00    0.00    0.00    20  run-grafana.sh
01:39:33 AM  1000    214407    0.00    0.00    0.00    0.00    0.00    18  run-loki.sh
01:39:33 AM  1000    214411    0.00    0.00    0.00    0.00    0.00    16  run-otelcol.sh
01:39:33 AM  1000    214414    0.00    0.00    0.00    0.00    0.00    20  run-prometheus.
01:39:33 AM  1000    214419    0.00    0.00    0.00    0.00    0.00    16  run-tempo.sh
01:39:33 AM  1000    214445    0.00    0.00    0.00    0.00    0.00    18  run-pyroscope.s
01:39:33 AM  1000    214530    0.00    0.00    0.00    0.00    0.00    20  sleep

01:39:33 AM   UID       PID    %usr %system  %guest   %wait    %CPU   CPU  Command
01:39:34 AM  1000    214404    0.00    0.00    0.00    0.00    0.00    20  run-grafana.sh
01:39:34 AM  1000    214407    0.00    0.00    0.00    0.00    0.00    18  run-loki.sh
01:39:34 AM  1000    214411    0.00    0.00    0.00    0.00    0.00    16  run-otelcol.sh
01:39:34 AM  1000    214414    0.00    0.00    0.00    0.00    0.00    20  run-prometheus.
01:39:34 AM  1000    214419    0.00    0.00    0.00    0.00    0.00    16  run-tempo.sh
01:39:34 AM  1000    214445    0.00    0.00    0.00    0.00    0.00    18  run-pyroscope.s
01:39:34 AM  1000    214530    0.00    0.00    0.00    0.00    0.00    20  sleep

01:39:34 AM   UID       PID    %usr %system  %guest   %wait    %CPU   CPU  Command
01:39:35 AM  1000    214404    0.00    0.00    0.00    0.00    0.00    20  run-grafana.sh
01:39:35 AM  1000    214407    0.00    0.00    0.00    0.00    0.00    18  run-loki.sh
01:39:35 AM  1000    214411    0.00    0.00    0.00    0.00    0.00    16  run-otelcol.sh
01:39:35 AM  1000    214414    0.00    0.00    0.00    0.00    0.00    20  run-prometheus.
01:39:35 AM  1000    214419    0.00    0.00    0.00    0.00    0.00    16  run-tempo.sh
01:39:35 AM  1000    214445    0.00    0.00    0.00    0.00    0.00    18  run-pyroscope.s
01:39:35 AM  1000    214530    0.00    0.00    0.00    0.00    0.00    20  sleep

01:39:35 AM   UID       PID    %usr %system  %guest   %wait    %CPU   CPU  Command
01:39:36 AM  1000    214404    0.00    0.00    0.00    0.00    0.00    20  run-grafana.sh
01:39:36 AM  1000    214407    0.00    0.00    0.00    0.00    0.00    18  run-loki.sh
01:39:36 AM  1000    214411    0.00    0.00    0.00    0.00    0.00    16  run-otelcol.sh
01:39:36 AM  1000    214414    0.00    0.00    0.00    0.00    0.00    20  run-prometheus.
01:39:36 AM  1000    214419    0.00    0.00    0.00    0.00    0.00    16  run-tempo.sh
01:39:36 AM  1000    214445    0.00    0.00    0.00    0.00    0.00    18  run-pyroscope.s
01:39:36 AM  1000    214530    0.00    0.00    0.00    0.00    0.00    20  sleep

01:39:36 AM   UID       PID    %usr %system  %guest   %wait    %CPU   CPU  Command
01:39:37 AM  1000    214404    0.00    0.00    0.00    0.00    0.00    20  run-grafana.sh
01:39:37 AM  1000    214407    0.00    0.00    0.00    0.00    0.00    18  run-loki.sh
01:39:37 AM  1000    214411    0.00    0.00    0.00    0.00    0.00    16  run-otelcol.sh
01:39:37 AM  1000    214414    0.00    0.00    0.00    0.00    0.00    20  run-prometheus.
01:39:37 AM  1000    214419    0.00    0.00    0.00    0.00    0.00    16  run-tempo.sh
01:39:37 AM  1000    214445    0.00    0.00    0.00    0.00    0.00    18  run-pyroscope.s
01:39:37 AM  1000    214530    0.00    0.00    0.00    0.00    0.00    20  sleep

01:39:37 AM   UID       PID    %usr %system  %guest   %wait    %CPU   CPU  Command
01:39:38 AM  1000    214404    0.00    0.00    0.00    0.00    0.00    20  run-grafana.sh
01:39:38 AM  1000    214407    0.00    0.00    0.00    0.00    0.00    18  run-loki.sh
01:39:38 AM  1000    214411    0.00    0.00    0.00    0.00    0.00    16  run-otelcol.sh
01:39:38 AM  1000    214414    0.00    0.00    0.00    0.00    0.00    20  run-prometheus.
01:39:38 AM  1000    214419    0.00    0.00    0.00    0.00    0.00    16  run-tempo.sh
01:39:38 AM  1000    214445    0.00    0.00    0.00    0.00    0.00    18  run-pyroscope.s
01:39:38 AM  1000    214530    0.00    0.00    0.00    0.00    0.00    20  sleep

01:39:38 AM   UID       PID    %usr %system  %guest   %wait    %CPU   CPU  Command
01:39:39 AM  1000    214404    0.00    0.00    0.00    0.00    0.00    20  run-grafana.sh
01:39:39 AM  1000    214407    0.00    0.00    0.00    0.00    0.00    18  run-loki.sh
01:39:39 AM  1000    214411    0.00    0.00    0.00    0.00    0.00    16  run-otelcol.sh
01:39:39 AM  1000    214414    0.00    0.00    0.00    0.00    0.00    20  run-prometheus.
01:39:39 AM  1000    214419    0.00    0.00    0.00    0.00    0.00    16  run-tempo.sh
01:39:39 AM  1000    214445    0.00    0.00    0.00    0.00    0.00    18  run-pyroscope.s
01:39:39 AM  1000    214530    0.00    0.00    0.00    0.00    0.00    20  sleep

01:39:39 AM   UID       PID    %usr %system  %guest   %wait    %CPU   CPU  Command
01:39:40 AM  1000    214404    0.00    0.00    0.00    0.00    0.00    20  run-grafana.sh
01:39:40 AM  1000    214407    0.00    0.00    0.00    0.00    0.00    18  run-loki.sh
01:39:40 AM  1000    214411    0.00    0.00    0.00    0.00    0.00    16  run-otelcol.sh
01:39:40 AM  1000    214414    0.00    0.00    0.00    0.00    0.00    20  run-prometheus.
01:39:40 AM  1000    214419    0.00    0.00    0.00    0.00    0.00    16  run-tempo.sh
01:39:40 AM  1000    214445    0.00    0.00    0.00    0.00    0.00    18  run-pyroscope.s
01:39:40 AM  1000    214530    0.00    0.00    0.00    0.00    0.00    20  sleep

01:39:40 AM   UID       PID    %usr %system  %guest   %wait    %CPU   CPU  Command
01:39:41 AM  1000    214404    0.00    0.00    0.00    0.00    0.00    20  run-grafana.sh
01:39:41 AM  1000    214407    0.00    0.00    0.00    0.00    0.00    18  run-loki.sh
01:39:41 AM  1000    214411    0.00    0.00    0.00    0.00    0.00    16  run-otelcol.sh
01:39:41 AM  1000    214414    0.00    0.00    0.00    0.00    0.00    20  run-prometheus.
01:39:41 AM  1000    214419    0.00    0.00    0.00    0.00    0.00    16  run-tempo.sh
01:39:41 AM  1000    214445    0.00    0.00    0.00    0.00    0.00    18  run-pyroscope.s
01:39:41 AM  1000    214530    0.00    0.00    0.00    0.00    0.00    20  sleep

01:39:41 AM   UID       PID    %usr %system  %guest   %wait    %CPU   CPU  Command
01:39:42 AM  1000    214404    0.00    0.00    0.00    0.00    0.00    20  run-grafana.sh
01:39:42 AM  1000    214407    0.00    0.00    0.00    0.00    0.00    18  run-loki.sh
01:39:42 AM  1000    214411    0.00    0.00    0.00    0.00    0.00    16  run-otelcol.sh
01:39:42 AM  1000    214414    0.00    0.00    0.00    0.00    0.00    20  run-prometheus.
01:39:42 AM  1000    214419    0.00    0.00    0.00    0.00    0.00    16  run-tempo.sh
01:39:42 AM  1000    214445    0.00    0.00    0.00    0.00    0.00    18  run-pyroscope.s
01:39:42 AM  1000    214530    0.00    0.00    0.00    0.00    0.00    20  sleep

01:39:42 AM   UID       PID    %usr %system  %guest   %wait    %CPU   CPU  Command
01:39:43 AM  1000    214404    0.00    0.00    0.00    0.00    0.00    20  run-grafana.sh
01:39:43 AM  1000    214407    0.00    0.00    0.00    0.00    0.00    18  run-loki.sh
01:39:43 AM  1000    214411    0.00    0.00    0.00    0.00    0.00    16  run-otelcol.sh
01:39:43 AM  1000    214414    0.00    0.00    0.00    0.00    0.00    20  run-prometheus.
01:39:43 AM  1000    214419    0.00    0.00    0.00    0.00    0.00    16  run-tempo.sh
01:39:43 AM  1000    214445    0.00    0.00    0.00    0.00    0.00    18  run-pyroscope.s
01:39:43 AM  1000    214530    0.00    0.00    0.00    0.00    0.00    20  sleep

01:39:43 AM   UID       PID    %usr %system  %guest   %wait    %CPU   CPU  Command
01:39:44 AM  1000    214404    0.00    0.00    0.00    0.00    0.00    20  run-grafana.sh
01:39:44 AM  1000    214407    0.00    0.00    0.00    0.00    0.00    18  run-loki.sh
01:39:44 AM  1000    214411    0.00    0.00    0.00    0.00    0.00    16  run-otelcol.sh
01:39:44 AM  1000    214414    0.00    0.00    0.00    0.00    0.00    20  run-prometheus.
01:39:44 AM  1000    214419    0.00    0.00    0.00    0.00    0.00    16  run-tempo.sh
01:39:44 AM  1000    214445    0.00    0.00    0.00    0.00    0.00    18  run-pyroscope.s
01:39:44 AM  1000    214530    0.00    0.00    0.00    0.00    0.00    20  sleep

01:39:44 AM   UID       PID    %usr %system  %guest   %wait    %CPU   CPU  Command
01:39:45 AM  1000    214404    0.00    0.00    0.00    0.00    0.00    20  run-grafana.sh
01:39:45 AM  1000    214407    0.00    0.00    0.00    0.00    0.00    18  run-loki.sh
01:39:45 AM  1000    214411    0.00    0.00    0.00    0.00    0.00    16  run-otelcol.sh
01:39:45 AM  1000    214414    0.00    0.00    0.00    0.00    0.00    20  run-prometheus.
01:39:45 AM  1000    214419    0.00    0.00    0.00    0.00    0.00    16  run-tempo.sh
01:39:45 AM  1000    214445    0.00    0.00    0.00    0.00    0.00    18  run-pyroscope.s
01:39:45 AM  1000    214530    0.00    0.00    0.00    0.00    0.00    20  sleep

01:39:45 AM   UID       PID    %usr %system  %guest   %wait    %CPU   CPU  Command
01:39:46 AM  1000    214404    0.00    0.00    0.00    0.00    0.00    20  run-grafana.sh
01:39:46 AM  1000    214407    0.00    0.00    0.00    0.00    0.00    18  run-loki.sh
01:39:46 AM  1000    214411    0.00    0.00    0.00    0.00    0.00    16  run-otelcol.sh
01:39:46 AM  1000    214414    0.00    0.00    0.00    0.00    0.00    20  run-prometheus.
01:39:46 AM  1000    214419    0.00    0.00    0.00    0.00    0.00    16  run-tempo.sh
01:39:46 AM  1000    214445    0.00    0.00    0.00    0.00    0.00    18  run-pyroscope.s
01:39:46 AM  1000    214530    0.00    0.00    0.00    0.00    0.00    20  sleep

01:39:46 AM   UID       PID    %usr %system  %guest   %wait    %CPU   CPU  Command
01:39:47 AM  1000    214404    0.00    0.00    0.00    0.00    0.00    20  run-grafana.sh
01:39:47 AM  1000    214407    0.00    0.00    0.00    0.00    0.00    18  run-loki.sh
01:39:47 AM  1000    214411    0.00    0.00    0.00    0.00    0.00    16  run-otelcol.sh
01:39:47 AM  1000    214414    0.00    0.00    0.00    0.00    0.00    20  run-prometheus.
01:39:47 AM  1000    214419    0.00    0.00    0.00    0.00    0.00    16  run-tempo.sh
01:39:47 AM  1000    214445    0.00    0.00    0.00    0.00    0.00    18  run-pyroscope.s
01:39:47 AM  1000    214530    0.00    0.00    0.00    0.00    0.00    20  sleep

01:39:47 AM   UID       PID    %usr %system  %guest   %wait    %CPU   CPU  Command
01:39:48 AM  1000    214404    0.00    0.00    0.00    0.00    0.00    20  run-grafana.sh
01:39:48 AM  1000    214407    0.00    0.00    0.00    0.00    0.00    18  run-loki.sh
01:39:48 AM  1000    214411    0.00    0.00    0.00    0.00    0.00    16  run-otelcol.sh
01:39:48 AM  1000    214414    0.00    0.00    0.00    0.00    0.00    20  run-prometheus.
01:39:48 AM  1000    214419    0.00    0.00    0.00    0.00    0.00    16  run-tempo.sh
01:39:48 AM  1000    214445    0.00    0.00    0.00    0.00    0.00    18  run-pyroscope.s
01:39:48 AM  1000    214530    0.00    0.00    0.00    0.00    0.00    20  sleep

01:39:48 AM   UID       PID    %usr %system  %guest   %wait    %CPU   CPU  Command
01:39:49 AM  1000    214404    0.00    0.00    0.00    0.00    0.00    20  run-grafana.sh
01:39:49 AM  1000    214407    0.00    0.00    0.00    0.00    0.00    18  run-loki.sh
01:39:49 AM  1000    214411    0.00    0.00    0.00    0.00    0.00    16  run-otelcol.sh
01:39:49 AM  1000    214414    0.00    0.00    0.00    0.00    0.00    20  run-prometheus.
01:39:49 AM  1000    214419    0.00    0.00    0.00    0.00    0.00    16  run-tempo.sh
01:39:49 AM  1000    214445    0.00    0.00    0.00    0.00    0.00    18  run-pyroscope.s
01:39:49 AM  1000    214530    0.00    0.00    0.00    0.00    0.00    20  sleep

01:39:49 AM   UID       PID    %usr %system  %guest   %wait    %CPU   CPU  Command
01:39:50 AM  1000    214404    0.00    0.00    0.00    0.00    0.00    20  run-grafana.sh
01:39:50 AM  1000    214407    0.00    0.00    0.00    0.00    0.00    18  run-loki.sh
01:39:50 AM  1000    214411    0.00    0.00    0.00    0.00    0.00    16  run-otelcol.sh
01:39:50 AM  1000    214414    0.00    0.00    0.00    0.00    0.00    20  run-prometheus.
01:39:50 AM  1000    214419    0.00    0.00    0.00    0.00    0.00    16  run-tempo.sh
01:39:50 AM  1000    214445    0.00    0.00    0.00    0.00    0.00    18  run-pyroscope.s
01:39:50 AM  1000    214530    0.00    0.00    0.00    0.00    0.00    20  sleep

01:39:50 AM   UID       PID    %usr %system  %guest   %wait    %CPU   CPU  Command
01:39:51 AM  1000    214404    0.00    0.00    0.00    0.00    0.00    20  run-grafana.sh
01:39:51 AM  1000    214407    0.00    0.00    0.00    0.00    0.00    18  run-loki.sh
01:39:51 AM  1000    214411    0.00    0.00    0.00    0.00    0.00    16  run-otelcol.sh
01:39:51 AM  1000    214414    0.00    0.00    0.00    0.00    0.00    20  run-prometheus.
01:39:51 AM  1000    214419    0.00    0.00    0.00    0.00    0.00    16  run-tempo.sh
01:39:51 AM  1000    214445    0.00    0.00    0.00    0.00    0.00    18  run-pyroscope.s
01:39:51 AM  1000    214530    0.00    0.00    0.00    0.00    0.00    20  sleep

01:39:51 AM   UID       PID    %usr %system  %guest   %wait    %CPU   CPU  Command
01:39:52 AM  1000    214404    0.00    0.00    0.00    0.00    0.00    20  run-grafana.sh
01:39:52 AM  1000    214407    0.00    0.00    0.00    0.00    0.00    18  run-loki.sh
01:39:52 AM  1000    214411    0.00    0.00    0.00    0.00    0.00    16  run-otelcol.sh
01:39:52 AM  1000    214414    0.00    0.00    0.00    0.00    0.00    20  run-prometheus.
01:39:52 AM  1000    214419    0.00    0.00    0.00    0.00    0.00    16  run-tempo.sh
01:39:52 AM  1000    214445    0.00    0.00    0.00    0.00    0.00    18  run-pyroscope.s
01:39:52 AM  1000    214530    0.00    0.00    0.00    0.00    0.00    20  sleep

01:39:52 AM   UID       PID    %usr %system  %guest   %wait    %CPU   CPU  Command
01:39:53 AM  1000    214404    0.00    0.00    0.00    0.00    0.00    20  run-grafana.sh
01:39:53 AM  1000    214407    0.00    0.00    0.00    0.00    0.00    18  run-loki.sh
01:39:53 AM  1000    214411    0.00    0.00    0.00    0.00    0.00    16  run-otelcol.sh
01:39:53 AM  1000    214414    0.00    0.00    0.00    0.00    0.00    20  run-prometheus.
01:39:53 AM  1000    214419    0.00    0.00    0.00    0.00    0.00    16  run-tempo.sh
01:39:53 AM  1000    214445    0.00    0.00    0.00    0.00    0.00    18  run-pyroscope.s
01:39:53 AM  1000    214530    0.00    0.00    0.00    0.00    0.00    20  sleep

01:39:53 AM   UID       PID    %usr %system  %guest   %wait    %CPU   CPU  Command
01:39:54 AM  1000    214404    0.00    0.00    0.00    0.00    0.00    20  run-grafana.sh
01:39:54 AM  1000    214407    0.00    0.00    0.00    0.00    0.00    18  run-loki.sh
01:39:54 AM  1000    214411    0.00    0.00    0.00    0.00    0.00    16  run-otelcol.sh
01:39:54 AM  1000    214414    0.00    0.00    0.00    0.00    0.00    20  run-prometheus.
01:39:54 AM  1000    214419    0.00    0.00    0.00    0.00    0.00    16  run-tempo.sh
01:39:54 AM  1000    214445    0.00    0.00    0.00    0.00    0.00    18  run-pyroscope.s
01:39:54 AM  1000    214530    0.00    0.00    0.00    0.00    0.00    20  sleep

01:39:54 AM   UID       PID    %usr %system  %guest   %wait    %CPU   CPU  Command
01:39:55 AM  1000    214404    0.00    0.00    0.00    0.00    0.00    20  run-grafana.sh
01:39:55 AM  1000    214407    0.00    0.00    0.00    0.00    0.00    18  run-loki.sh
01:39:55 AM  1000    214411    0.00    0.00    0.00    0.00    0.00    16  run-otelcol.sh
01:39:55 AM  1000    214414    0.00    0.00    0.00    0.00    0.00    20  run-prometheus.
01:39:55 AM  1000    214419    0.00    0.00    0.00    0.00    0.00    16  run-tempo.sh
01:39:55 AM  1000    214445    0.00    0.00    0.00    0.00    0.00    18  run-pyroscope.s
01:39:55 AM  1000    214530    0.00    0.00    0.00    0.00    0.00    20  sleep

01:39:55 AM   UID       PID    %usr %system  %guest   %wait    %CPU   CPU  Command
01:39:56 AM  1000    214404    0.00    0.00    0.00    0.00    0.00    20  run-grafana.sh
01:39:56 AM  1000    214407    0.00    0.00    0.00    0.00    0.00    18  run-loki.sh
01:39:56 AM  1000    214411    0.00    0.00    0.00    0.00    0.00    16  run-otelcol.sh
01:39:56 AM  1000    214414    0.00    0.00    0.00    0.00    0.00    20  run-prometheus.
01:39:56 AM  1000    214419    0.00    0.00    0.00    0.00    0.00    16  run-tempo.sh
01:39:56 AM  1000    214445    0.00    0.00    0.00    0.00    0.00    18  run-pyroscope.s
01:39:56 AM  1000    214530    0.00    0.00    0.00    0.00    0.00    20  sleep

01:39:56 AM   UID       PID    %usr %system  %guest   %wait    %CPU   CPU  Command
01:39:57 AM  1000    214404    0.00    0.00    0.00    0.00    0.00    20  run-grafana.sh
01:39:57 AM  1000    214407    0.00    0.00    0.00    0.00    0.00    18  run-loki.sh
01:39:57 AM  1000    214411    0.00    0.00    0.00    0.00    0.00    16  run-otelcol.sh
01:39:57 AM  1000    214414    0.00    0.00    0.00    0.00    0.00    20  run-prometheus.
01:39:57 AM  1000    214419    0.00    0.00    0.00    0.00    0.00    16  run-tempo.sh
01:39:57 AM  1000    214445    0.00    0.00    0.00    0.00    0.00    18  run-pyroscope.s
01:39:57 AM  1000    214530    0.00    0.00    0.00    0.00    0.00    20  sleep

01:39:57 AM   UID       PID    %usr %system  %guest   %wait    %CPU   CPU  Command
01:39:58 AM  1000    214404    0.00    0.00    0.00    0.00    0.00    20  run-grafana.sh
01:39:58 AM  1000    214407    0.00    0.00    0.00    0.00    0.00    18  run-loki.sh
01:39:58 AM  1000    214411    0.00    0.00    0.00    0.00    0.00    16  run-otelcol.sh
01:39:58 AM  1000    214414    0.00    0.00    0.00    0.00    0.00    20  run-prometheus.
01:39:58 AM  1000    214419    0.00    0.00    0.00    0.00    0.00    16  run-tempo.sh
01:39:58 AM  1000    214445    0.00    0.00    0.00    0.00    0.00    18  run-pyroscope.s
01:39:58 AM  1000    214530    0.00    0.00    0.00    0.00    0.00    20  sleep

01:39:58 AM   UID       PID    %usr %system  %guest   %wait    %CPU   CPU  Command
01:39:59 AM  1000    214404    0.00    0.00    0.00    0.00    0.00    20  run-grafana.sh
01:39:59 AM  1000    214407    0.00    0.00    0.00    0.00    0.00    18  run-loki.sh
01:39:59 AM  1000    214411    0.00    0.00    0.00    0.00    0.00    16  run-otelcol.sh
01:39:59 AM  1000    214414    0.00    0.00    0.00    0.00    0.00    20  run-prometheus.
01:39:59 AM  1000    214419    0.00    0.00    0.00    0.00    0.00    16  run-tempo.sh
01:39:59 AM  1000    214445    0.00    0.00    0.00    0.00    0.00    18  run-pyroscope.s
01:39:59 AM  1000    214530    0.00    0.00    0.00    0.00    0.00    20  sleep

01:39:59 AM   UID       PID    %usr %system  %guest   %wait    %CPU   CPU  Command
01:40:00 AM  1000    214404    0.00    0.00    0.00    0.00    0.00    20  run-grafana.sh
01:40:00 AM  1000    214407    0.00    0.00    0.00    0.00    0.00    18  run-loki.sh
01:40:00 AM  1000    214411    0.00    0.00    0.00    0.00    0.00    16  run-otelcol.sh
01:40:00 AM  1000    214414    0.00    0.00    0.00    0.00    0.00    20  run-prometheus.
01:40:00 AM  1000    214419    0.00    0.00    0.00    0.00    0.00    16  run-tempo.sh
01:40:00 AM  1000    214445    0.00    0.00    0.00    0.00    0.00    18  run-pyroscope.s
01:40:00 AM  1000    214530    0.00    0.00    0.00    0.00    0.00    20  sleep

01:40:00 AM   UID       PID    %usr %system  %guest   %wait    %CPU   CPU  Command
01:40:01 AM  1000    214404    0.00    0.00    0.00    0.00    0.00    20  run-grafana.sh
01:40:01 AM  1000    214407    0.00    0.00    0.00    0.00    0.00    18  run-loki.sh
01:40:01 AM  1000    214411    0.00    0.00    0.00    0.00    0.00    16  run-otelcol.sh
01:40:01 AM  1000    214414    0.00    0.00    0.00    0.00    0.00    20  run-prometheus.
01:40:01 AM  1000    214419    0.00    0.00    0.00    0.00    0.00    16  run-tempo.sh
01:40:01 AM  1000    214445    0.00    0.00    0.00    0.00    0.00    18  run-pyroscope.s
01:40:01 AM  1000    214530    0.00    0.00    0.00    0.00    0.00    20  sleep

01:40:01 AM   UID       PID    %usr %system  %guest   %wait    %CPU   CPU  Command
01:40:02 AM  1000    214404    0.00    0.00    0.00    0.00    0.00    20  run-grafana.sh
01:40:02 AM  1000    214407    0.00    0.00    0.00    0.00    0.00    18  run-loki.sh
01:40:02 AM  1000    214411    0.00    0.00    0.00    0.00    0.00    16  run-otelcol.sh
01:40:02 AM  1000    214414    0.00    0.00    0.00    0.00    0.00    20  run-prometheus.
01:40:02 AM  1000    214419    0.00    0.00    0.00    0.00    0.00    16  run-tempo.sh
01:40:02 AM  1000    214445    0.00    0.00    0.00    0.00    0.00    18  run-pyroscope.s
01:40:02 AM  1000    214530    0.00    0.00    0.00    0.00    0.00    20  sleep

01:40:02 AM   UID       PID    %usr %system  %guest   %wait    %CPU   CPU  Command
01:40:03 AM  1000    214404    0.00    0.00    0.00    0.00    0.00    20  run-grafana.sh
01:40:03 AM  1000    214407    0.00    0.00    0.00    0.00    0.00    18  run-loki.sh
01:40:03 AM  1000    214411    0.00    0.00    0.00    0.00    0.00    16  run-otelcol.sh
01:40:03 AM  1000    214414    0.00    0.00    0.00    0.00    0.00    20  run-prometheus.
01:40:03 AM  1000    214419    0.00    0.00    0.00    0.00    0.00    16  run-tempo.sh
01:40:03 AM  1000    214445    0.00    0.00    0.00    0.00    0.00    18  run-pyroscope.s
01:40:03 AM  1000    214530    0.00    0.00    0.00    0.00    0.00    20  sleep

01:40:03 AM   UID       PID    %usr %system  %guest   %wait    %CPU   CPU  Command
01:40:04 AM  1000    214404    0.00    0.00    0.00    0.00    0.00    20  run-grafana.sh
01:40:04 AM  1000    214407    0.00    0.00    0.00    0.00    0.00    18  run-loki.sh
01:40:04 AM  1000    214411    0.00    0.00    0.00    0.00    0.00    16  run-otelcol.sh
01:40:04 AM  1000    214414    0.00    0.00    0.00    0.00    0.00    20  run-prometheus.
01:40:04 AM  1000    214419    0.00    0.00    0.00    0.00    0.00    16  run-tempo.sh
01:40:04 AM  1000    214445    0.00    0.00    0.00    0.00    0.00    18  run-pyroscope.s
01:40:04 AM  1000    214530    0.00    0.00    0.00    0.00    0.00    20  sleep

01:40:04 AM   UID       PID    %usr %system  %guest   %wait    %CPU   CPU  Command
01:40:05 AM  1000    214404    0.00    0.00    0.00    0.00    0.00    20  run-grafana.sh
01:40:05 AM  1000    214407    0.00    0.00    0.00    0.00    0.00    18  run-loki.sh
01:40:05 AM  1000    214411    0.00    0.00    0.00    0.00    0.00    16  run-otelcol.sh
01:40:05 AM  1000    214414    0.00    0.00    0.00    0.00    0.00    20  run-prometheus.
01:40:05 AM  1000    214419    0.00    0.00    0.00    0.00    0.00    16  run-tempo.sh
01:40:05 AM  1000    214445    0.00    0.00    0.00    0.00    0.00    18  run-pyroscope.s
01:40:05 AM  1000    214530    0.00    0.00    0.00    0.00    0.00    20  sleep

01:40:05 AM   UID       PID    %usr %system  %guest   %wait    %CPU   CPU  Command
01:40:06 AM  1000    214404    0.00    0.00    0.00    0.00    0.00    20  run-grafana.sh
01:40:06 AM  1000    214407    0.00    0.00    0.00    0.00    0.00    18  run-loki.sh
01:40:06 AM  1000    214411    0.00    0.00    0.00    0.00    0.00    16  run-otelcol.sh
01:40:06 AM  1000    214414    0.00    0.00    0.00    0.00    0.00    20  run-prometheus.
01:40:06 AM  1000    214419    0.00    0.00    0.00    0.00    0.00    16  run-tempo.sh
01:40:06 AM  1000    214445    0.00    0.00    0.00    0.00    0.00    18  run-pyroscope.s
01:40:06 AM  1000    214530    0.00    0.00    0.00    0.00    0.00    20  sleep

01:40:06 AM   UID       PID    %usr %system  %guest   %wait    %CPU   CPU  Command
01:40:07 AM  1000    214404    0.00    0.00    0.00    0.00    0.00    20  run-grafana.sh
01:40:07 AM  1000    214407    0.00    0.00    0.00    0.00    0.00    18  run-loki.sh
01:40:07 AM  1000    214411    0.00    0.00    0.00    0.00    0.00    16  run-otelcol.sh
01:40:07 AM  1000    214414    0.00    0.00    0.00    0.00    0.00    20  run-prometheus.
01:40:07 AM  1000    214419    0.00    0.00    0.00    0.00    0.00    16  run-tempo.sh
01:40:07 AM  1000    214445    0.00    0.00    0.00    0.00    0.00    18  run-pyroscope.s
01:40:07 AM  1000    214530    0.00    0.00    0.00    0.00    0.00    20  sleep

01:40:07 AM   UID       PID    %usr %system  %guest   %wait    %CPU   CPU  Command
01:40:08 AM  1000    214404    0.00    0.00    0.00    0.00    0.00    20  run-grafana.sh
01:40:08 AM  1000    214407    0.00    0.00    0.00    0.00    0.00    18  run-loki.sh
01:40:08 AM  1000    214411    0.00    0.00    0.00    0.00    0.00    16  run-otelcol.sh
01:40:08 AM  1000    214414    0.00    0.00    0.00    0.00    0.00    20  run-prometheus.
01:40:08 AM  1000    214419    0.00    0.00    0.00    0.00    0.00    16  run-tempo.sh
01:40:08 AM  1000    214445    0.00    0.00    0.00    0.00    0.00    18  run-pyroscope.s
01:40:08 AM  1000    214530    0.00    0.00    0.00    0.00    0.00    20  sleep

01:40:08 AM   UID       PID    %usr %system  %guest   %wait    %CPU   CPU  Command
01:40:09 AM  1000    214404    0.00    0.00    0.00    0.00    0.00    20  run-grafana.sh
01:40:09 AM  1000    214407    0.00    0.00    0.00    0.00    0.00    18  run-loki.sh
01:40:09 AM  1000    214411    0.00    0.00    0.00    0.00    0.00    16  run-otelcol.sh
01:40:09 AM  1000    214414    0.00    0.00    0.00    0.00    0.00    20  run-prometheus.
01:40:09 AM  1000    214419    0.00    0.00    0.00    0.00    0.00    16  run-tempo.sh
01:40:09 AM  1000    214445    0.00    0.00    0.00    0.00    0.00    18  run-pyroscope.s
01:40:09 AM  1000    214530    0.00    0.00    0.00    0.00    0.00    20  sleep

01:40:09 AM   UID       PID    %usr %system  %guest   %wait    %CPU   CPU  Command
01:40:10 AM  1000    214404    0.00    0.00    0.00    0.00    0.00    20  run-grafana.sh
01:40:10 AM  1000    214407    0.00    0.00    0.00    0.00    0.00    18  run-loki.sh
01:40:10 AM  1000    214411    0.00    0.00    0.00    0.00    0.00    16  run-otelcol.sh
01:40:10 AM  1000    214414    0.00    0.00    0.00    0.00    0.00    20  run-prometheus.
01:40:10 AM  1000    214419    0.00    0.00    0.00    0.00    0.00    16  run-tempo.sh
01:40:10 AM  1000    214445    0.00    0.00    0.00    0.00    0.00    18  run-pyroscope.s
01:40:10 AM  1000    214530    0.00    0.00    0.00    0.00    0.00    20  sleep

01:40:10 AM   UID       PID    %usr %system  %guest   %wait    %CPU   CPU  Command
01:40:11 AM  1000    214404    0.00    0.00    0.00    0.00    0.00    20  run-grafana.sh
01:40:11 AM  1000    214407    0.00    0.00    0.00    0.00    0.00    18  run-loki.sh
01:40:11 AM  1000    214411    0.00    0.00    0.00    0.00    0.00    16  run-otelcol.sh
01:40:11 AM  1000    214414    0.00    0.00    0.00    0.00    0.00    20  run-prometheus.
01:40:11 AM  1000    214419    0.00    0.00    0.00    0.00    0.00    16  run-tempo.sh
01:40:11 AM  1000    214445    0.00    0.00    0.00    0.00    0.00    18  run-pyroscope.s
01:40:11 AM  1000    214530    0.00    0.00    0.00    0.00    0.00    20  sleep

01:40:11 AM   UID       PID    %usr %system  %guest   %wait    %CPU   CPU  Command
01:40:12 AM  1000    214404    0.00    0.00    0.00    0.00    0.00    20  run-grafana.sh
01:40:12 AM  1000    214407    0.00    0.00    0.00    0.00    0.00    18  run-loki.sh
01:40:12 AM  1000    214411    0.00    0.00    0.00    0.00    0.00    16  run-otelcol.sh
01:40:12 AM  1000    214414    0.00    0.00    0.00    0.00    0.00    20  run-prometheus.
01:40:12 AM  1000    214419    0.00    0.00    0.00    0.00    0.00    16  run-tempo.sh
01:40:12 AM  1000    214445    0.00    0.00    0.00    0.00    0.00    18  run-pyroscope.s
01:40:12 AM  1000    214530    0.00    0.00    0.00    0.00    0.00    20  sleep

01:40:12 AM   UID       PID    %usr %system  %guest   %wait    %CPU   CPU  Command
01:40:13 AM  1000    214404    0.00    0.00    0.00    0.00    0.00    20  run-grafana.sh
01:40:13 AM  1000    214407    0.00    0.00    0.00    0.00    0.00    18  run-loki.sh
01:40:13 AM  1000    214411    0.00    0.00    0.00    0.00    0.00    16  run-otelcol.sh
01:40:13 AM  1000    214414    0.00    0.00    0.00    0.00    0.00    20  run-prometheus.
01:40:13 AM  1000    214419    0.00    0.00    0.00    0.00    0.00    16  run-tempo.sh
01:40:13 AM  1000    214445    0.00    0.00    0.00    0.00    0.00    18  run-pyroscope.s
01:40:13 AM  1000    214530    0.00    0.00    0.00    0.00    0.00    20  sleep

01:40:13 AM   UID       PID    %usr %system  %guest   %wait    %CPU   CPU  Command
01:40:14 AM  1000    214404    0.00    0.00    0.00    0.00    0.00    20  run-grafana.sh
01:40:14 AM  1000    214407    0.00    0.00    0.00    0.00    0.00    18  run-loki.sh
01:40:14 AM  1000    214411    0.00    0.00    0.00    0.00    0.00    16  run-otelcol.sh
01:40:14 AM  1000    214414    0.00    0.00    0.00    0.00    0.00    20  run-prometheus.
01:40:14 AM  1000    214419    0.00    0.00    0.00    0.00    0.00    16  run-tempo.sh
01:40:14 AM  1000    214445    0.00    0.00    0.00    0.00    0.00    18  run-pyroscope.s
01:40:14 AM  1000    214530    0.00    0.00    0.00    0.00    0.00    20  sleep

01:40:14 AM   UID       PID    %usr %system  %guest   %wait    %CPU   CPU  Command
01:40:15 AM  1000    214404    0.00    0.00    0.00    0.00    0.00    20  run-grafana.sh
01:40:15 AM  1000    214407    0.00    0.00    0.00    0.00    0.00    18  run-loki.sh
01:40:15 AM  1000    214411    0.00    0.00    0.00    0.00    0.00    16  run-otelcol.sh
01:40:15 AM  1000    214414    0.00    0.00    0.00    0.00    0.00    20  run-prometheus.
01:40:15 AM  1000    214419    0.00    0.00    0.00    0.00    0.00    16  run-tempo.sh
01:40:15 AM  1000    214445    0.00    0.00    0.00    0.00    0.00    18  run-pyroscope.s
01:40:15 AM  1000    214530    0.00    0.00    0.00    0.00    0.00    20  sleep

01:40:15 AM   UID       PID    %usr %system  %guest   %wait    %CPU   CPU  Command
01:40:16 AM  1000    214404    0.00    0.00    0.00    0.00    0.00    20  run-grafana.sh
01:40:16 AM  1000    214407    0.00    0.00    0.00    0.00    0.00    18  run-loki.sh
01:40:16 AM  1000    214411    0.00    0.00    0.00    0.00    0.00    16  run-otelcol.sh
01:40:16 AM  1000    214414    0.00    0.00    0.00    0.00    0.00    20  run-prometheus.
01:40:16 AM  1000    214419    0.00    0.00    0.00    0.00    0.00    16  run-tempo.sh
01:40:16 AM  1000    214445    0.00    0.00    0.00    0.00    0.00    18  run-pyroscope.s
01:40:16 AM  1000    214530    0.00    0.00    0.00    0.00    0.00    20  sleep

01:40:16 AM   UID       PID    %usr %system  %guest   %wait    %CPU   CPU  Command
01:40:17 AM  1000    214404    0.00    0.00    0.00    0.00    0.00    20  run-grafana.sh
01:40:17 AM  1000    214407    0.00    0.00    0.00    0.00    0.00    18  run-loki.sh
01:40:17 AM  1000    214411    0.00    0.00    0.00    0.00    0.00    16  run-otelcol.sh
01:40:17 AM  1000    214414    0.00    0.00    0.00    0.00    0.00    20  run-prometheus.
01:40:17 AM  1000    214419    0.00    0.00    0.00    0.00    0.00    16  run-tempo.sh
01:40:17 AM  1000    214445    0.00    0.00    0.00    0.00    0.00    18  run-pyroscope.s
01:40:17 AM  1000    214530    0.00    0.00    0.00    0.00    0.00    20  sleep

01:40:17 AM   UID       PID    %usr %system  %guest   %wait    %CPU   CPU  Command
01:40:18 AM  1000    214404    0.00    0.00    0.00    0.00    0.00    20  run-grafana.sh
01:40:18 AM  1000    214407    0.00    0.00    0.00    0.00    0.00    18  run-loki.sh
01:40:18 AM  1000    214411    0.00    0.00    0.00    0.00    0.00    16  run-otelcol.sh
01:40:18 AM  1000    214414    0.00    0.00    0.00    0.00    0.00    20  run-prometheus.
01:40:18 AM  1000    214419    0.00    0.00    0.00    0.00    0.00    16  run-tempo.sh
01:40:18 AM  1000    214445    0.00    0.00    0.00    0.00    0.00    18  run-pyroscope.s
01:40:18 AM  1000    214530    0.00    0.00    0.00    0.00    0.00    20  sleep

01:40:18 AM   UID       PID    %usr %system  %guest   %wait    %CPU   CPU  Command
01:40:19 AM  1000    214404    0.00    0.00    0.00    0.00    0.00    20  run-grafana.sh
01:40:19 AM  1000    214407    0.00    0.00    0.00    0.00    0.00    18  run-loki.sh
01:40:19 AM  1000    214411    0.00    0.00    0.00    0.00    0.00    16  run-otelcol.sh
01:40:19 AM  1000    214414    0.00    0.00    0.00    0.00    0.00    20  run-prometheus.
01:40:19 AM  1000    214419    0.00    0.00    0.00    0.00    0.00    16  run-tempo.sh
01:40:19 AM  1000    214445    0.00    0.00    0.00    0.00    0.00    18  run-pyroscope.s
01:40:19 AM  1000    214530    0.00    0.00    0.00    0.00    0.00    20  sleep

01:40:19 AM   UID       PID    %usr %system  %guest   %wait    %CPU   CPU  Command
01:40:20 AM  1000    214404    0.00    0.00    0.00    0.00    0.00    20  run-grafana.sh
01:40:20 AM  1000    214407    0.00    0.00    0.00    0.00    0.00    18  run-loki.sh
01:40:20 AM  1000    214411    0.00    0.00    0.00    0.00    0.00    16  run-otelcol.sh
01:40:20 AM  1000    214414    0.00    0.00    0.00    0.00    0.00    20  run-prometheus.
01:40:20 AM  1000    214419    0.00    0.00    0.00    0.00    0.00    16  run-tempo.sh
01:40:20 AM  1000    214445    0.00    0.00    0.00    0.00    0.00    18  run-pyroscope.s
01:40:20 AM  1000    214530    0.00    0.00    0.00    0.00    0.00    20  sleep

01:40:20 AM   UID       PID    %usr %system  %guest   %wait    %CPU   CPU  Command
01:40:21 AM  1000    214404    0.00    0.00    0.00    0.00    0.00    20  run-grafana.sh
01:40:21 AM  1000    214407    0.00    0.00    0.00    0.00    0.00    18  run-loki.sh
01:40:21 AM  1000    214411    0.00    0.00    0.00    0.00    0.00    16  run-otelcol.sh
01:40:21 AM  1000    214414    0.00    0.00    0.00    0.00    0.00    20  run-prometheus.
01:40:21 AM  1000    214419    0.00    0.00    0.00    0.00    0.00    16  run-tempo.sh
01:40:21 AM  1000    214445    0.00    0.00    0.00    0.00    0.00    18  run-pyroscope.s
01:40:21 AM  1000    214530    0.00    0.00    0.00    0.00    0.00    20  sleep

01:40:21 AM   UID       PID    %usr %system  %guest   %wait    %CPU   CPU  Command
01:40:22 AM  1000    214404    0.00    0.00    0.00    0.00    0.00    20  run-grafana.sh
01:40:22 AM  1000    214407    0.00    0.00    0.00    0.00    0.00    18  run-loki.sh
01:40:22 AM  1000    214411    0.00    0.00    0.00    0.00    0.00    16  run-otelcol.sh
01:40:22 AM  1000    214414    0.00    0.00    0.00    0.00    0.00    20  run-prometheus.
01:40:22 AM  1000    214419    0.00    0.00    0.00    0.00    0.00    16  run-tempo.sh
01:40:22 AM  1000    214445    0.00    0.00    0.00    0.00    0.00    18  run-pyroscope.s
01:40:22 AM  1000    214530    0.00    0.00    0.00    0.00    0.00    20  sleep

01:40:22 AM   UID       PID    %usr %system  %guest   %wait    %CPU   CPU  Command
01:40:23 AM  1000    214404    0.00    0.00    0.00    0.00    0.00    20  run-grafana.sh
01:40:23 AM  1000    214407    0.00    0.00    0.00    0.00    0.00    18  run-loki.sh
01:40:23 AM  1000    214411    0.00    0.00    0.00    0.00    0.00    16  run-otelcol.sh
01:40:23 AM  1000    214414    0.00    0.00    0.00    0.00    0.00    20  run-prometheus.
01:40:23 AM  1000    214419    0.00    0.00    0.00    0.00    0.00    16  run-tempo.sh
01:40:23 AM  1000    214445    0.00    0.00    0.00    0.00    0.00    18  run-pyroscope.s
01:40:23 AM  1000    214530    0.00    0.00    0.00    0.00    0.00    20  sleep

01:40:23 AM   UID       PID    %usr %system  %guest   %wait    %CPU   CPU  Command
01:40:24 AM  1000    214404    0.00    0.00    0.00    0.00    0.00    20  run-grafana.sh
01:40:24 AM  1000    214407    0.00    0.00    0.00    0.00    0.00    18  run-loki.sh
01:40:24 AM  1000    214411    0.00    0.00    0.00    0.00    0.00    16  run-otelcol.sh
01:40:24 AM  1000    214414    0.00    0.00    0.00    0.00    0.00    20  run-prometheus.
01:40:24 AM  1000    214419    0.00    0.00    0.00    0.00    0.00    16  run-tempo.sh
01:40:24 AM  1000    214445    0.00    0.00    0.00    0.00    0.00    18  run-pyroscope.s
01:40:24 AM  1000    214530    0.00    0.00    0.00    0.00    0.00    20  sleep

01:40:24 AM   UID       PID    %usr %system  %guest   %wait    %CPU   CPU  Command
01:40:25 AM  1000    214404    0.00    0.00    0.00    0.00    0.00    20  run-grafana.sh
01:40:25 AM  1000    214407    0.00    0.00    0.00    0.00    0.00    18  run-loki.sh
01:40:25 AM  1000    214411    0.00    0.00    0.00    0.00    0.00    16  run-otelcol.sh
01:40:25 AM  1000    214414    0.00    0.00    0.00    0.00    0.00    20  run-prometheus.
01:40:25 AM  1000    214419    0.00    0.00    0.00    0.00    0.00    16  run-tempo.sh
01:40:25 AM  1000    214445    0.00    0.00    0.00    0.00    0.00    18  run-pyroscope.s
01:40:25 AM  1000    214530    0.00    0.00    0.00    0.00    0.00    20  sleep

01:40:25 AM   UID       PID    %usr %system  %guest   %wait    %CPU   CPU  Command
01:40:26 AM  1000    214404    0.00    0.00    0.00    0.00    0.00    20  run-grafana.sh
01:40:26 AM  1000    214407    0.00    0.00    0.00    0.00    0.00    18  run-loki.sh
01:40:26 AM  1000    214411    0.00    0.00    0.00    0.00    0.00    16  run-otelcol.sh
01:40:26 AM  1000    214414    0.00    0.00    0.00    0.00    0.00    20  run-prometheus.
01:40:26 AM  1000    214419    0.00    0.00    0.00    0.00    0.00    16  run-tempo.sh
01:40:26 AM  1000    214445    0.00    0.00    0.00    0.00    0.00    18  run-pyroscope.s
01:40:26 AM  1000    214530    0.00    0.00    0.00    0.00    0.00    20  sleep

01:40:26 AM   UID       PID    %usr %system  %guest   %wait    %CPU   CPU  Command
01:40:27 AM  1000    214404    0.00    0.00    0.00    0.00    0.00    20  run-grafana.sh
01:40:27 AM  1000    214407    0.00    0.00    0.00    0.00    0.00    18  run-loki.sh
01:40:27 AM  1000    214411    0.00    0.00    0.00    0.00    0.00    16  run-otelcol.sh
01:40:27 AM  1000    214414    0.00    0.00    0.00    0.00    0.00    20  run-prometheus.
01:40:27 AM  1000    214419    0.00    0.00    0.00    0.00    0.00    16  run-tempo.sh
01:40:27 AM  1000    214445    0.00    0.00    0.00    0.00    0.00    18  run-pyroscope.s
01:40:27 AM  1000    214530    0.00    0.00    0.00    0.00    0.00    20  sleep

01:40:27 AM   UID       PID    %usr %system  %guest   %wait    %CPU   CPU  Command
01:40:28 AM  1000    214404    0.00    0.00    0.00    0.00    0.00    20  run-grafana.sh
01:40:28 AM  1000    214407    0.00    0.00    0.00    0.00    0.00    18  run-loki.sh
01:40:28 AM  1000    214411    0.00    0.00    0.00    0.00    0.00    16  run-otelcol.sh
01:40:28 AM  1000    214414    0.00    0.00    0.00    0.00    0.00    20  run-prometheus.
01:40:28 AM  1000    214419    0.00    0.00    0.00    0.00    0.00    16  run-tempo.sh
01:40:28 AM  1000    214445    0.00    0.00    0.00    0.00    0.00    18  run-pyroscope.s
01:40:28 AM  1000    214530    0.00    0.00    0.00    0.00    0.00    20  sleep

01:40:28 AM   UID       PID    %usr %system  %guest   %wait    %CPU   CPU  Command
01:40:29 AM  1000    214404    0.00    0.00    0.00    0.00    0.00    20  run-grafana.sh
01:40:29 AM  1000    214407    0.00    0.00    0.00    0.00    0.00    18  run-loki.sh
01:40:29 AM  1000    214411    0.00    0.00    0.00    0.00    0.00    16  run-otelcol.sh
01:40:29 AM  1000    214414    0.00    0.00    0.00    0.00    0.00    20  run-prometheus.
01:40:29 AM  1000    214419    0.00    0.00    0.00    0.00    0.00    16  run-tempo.sh
01:40:29 AM  1000    214445    0.00    0.00    0.00    0.00    0.00    18  run-pyroscope.s
01:40:29 AM  1000    214530    0.00    0.00    0.00    0.00    0.00    20  sleep

01:40:29 AM   UID       PID    %usr %system  %guest   %wait    %CPU   CPU  Command
01:40:30 AM  1000    214404    0.00    0.00    0.00    0.00    0.00    20  run-grafana.sh
01:40:30 AM  1000    214407    0.00    0.00    0.00    0.00    0.00    18  run-loki.sh
01:40:30 AM  1000    214411    0.00    0.00    0.00    0.00    0.00    16  run-otelcol.sh
01:40:30 AM  1000    214414    0.00    0.00    0.00    0.00    0.00    20  run-prometheus.
01:40:30 AM  1000    214419    0.00    0.00    0.00    0.00    0.00    16  run-tempo.sh
01:40:30 AM  1000    214445    0.00    0.00    0.00    0.00    0.00    18  run-pyroscope.s
01:40:30 AM  1000    214530    0.00    0.00    0.00    0.00    0.00    20  sleep

01:40:30 AM   UID       PID    %usr %system  %guest   %wait    %CPU   CPU  Command
01:40:31 AM  1000    214404    0.00    0.00    0.00    0.00    0.00    20  run-grafana.sh
01:40:31 AM  1000    214407    0.00    0.00    0.00    0.00    0.00    18  run-loki.sh
01:40:31 AM  1000    214411    0.00    0.00    0.00    0.00    0.00    16  run-otelcol.sh
01:40:31 AM  1000    214414    0.00    0.00    0.00    0.00    0.00    20  run-prometheus.
01:40:31 AM  1000    214419    0.00    0.00    0.00    0.00    0.00    16  run-tempo.sh
01:40:31 AM  1000    214445    0.00    0.00    0.00    0.00    0.00    18  run-pyroscope.s
01:40:31 AM  1000    214530    0.00    0.00    0.00    0.00    0.00    20  sleep

01:40:31 AM   UID       PID    %usr %system  %guest   %wait    %CPU   CPU  Command
01:40:32 AM  1000    214404    0.00    0.00    0.00    0.00    0.00    20  run-grafana.sh
01:40:32 AM  1000    214407    0.00    0.00    0.00    0.00    0.00    18  run-loki.sh
01:40:32 AM  1000    214411    0.00    0.00    0.00    0.00    0.00    16  run-otelcol.sh
01:40:32 AM  1000    214414    0.00    0.00    0.00    0.00    0.00    20  run-prometheus.
01:40:32 AM  1000    214419    0.00    0.00    0.00    0.00    0.00    16  run-tempo.sh
01:40:32 AM  1000    214445    0.00    0.00    0.00    0.00    0.00    18  run-pyroscope.s
01:40:32 AM  1000    214530    0.00    0.00    0.00    0.00    0.00    20  sleep

01:40:32 AM   UID       PID    %usr %system  %guest   %wait    %CPU   CPU  Command
01:40:33 AM  1000    214404    0.00    0.00    0.00    0.00    0.00    20  run-grafana.sh
01:40:33 AM  1000    214407    0.00    0.00    0.00    0.00    0.00    18  run-loki.sh
01:40:33 AM  1000    214411    0.00    0.00    0.00    0.00    0.00    16  run-otelcol.sh
01:40:33 AM  1000    214414    0.00    0.00    0.00    0.00    0.00    20  run-prometheus.
01:40:33 AM  1000    214419    0.00    0.00    0.00    0.00    0.00    16  run-tempo.sh
01:40:33 AM  1000    214445    0.00    0.00    0.00    0.00    0.00    18  run-pyroscope.s
01:40:33 AM  1000    214530    0.00    0.00    0.00    0.00    0.00    20  sleep

01:40:33 AM   UID       PID    %usr %system  %guest   %wait    %CPU   CPU  Command
01:40:34 AM  1000    214404    0.00    0.00    0.00    0.00    0.00    20  run-grafana.sh
01:40:34 AM  1000    214407    0.00    0.00    0.00    0.00    0.00    18  run-loki.sh
01:40:34 AM  1000    214411    0.00    0.00    0.00    0.00    0.00    16  run-otelcol.sh
01:40:34 AM  1000    214414    0.00    0.00    0.00    0.00    0.00    20  run-prometheus.
01:40:34 AM  1000    214419    0.00    0.00    0.00    0.00    0.00    16  run-tempo.sh
01:40:34 AM  1000    214445    0.00    0.00    0.00    0.00    0.00    18  run-pyroscope.s
01:40:34 AM  1000    214530    0.00    0.00    0.00    0.00    0.00    20  sleep

01:40:34 AM   UID       PID    %usr %system  %guest   %wait    %CPU   CPU  Command
01:40:35 AM  1000    214404    0.00    0.00    0.00    0.00    0.00    20  run-grafana.sh
01:40:35 AM  1000    214407    0.00    0.00    0.00    0.00    0.00    18  run-loki.sh
01:40:35 AM  1000    214411    0.00    0.00    0.00    0.00    0.00    16  run-otelcol.sh
01:40:35 AM  1000    214414    0.00    0.00    0.00    0.00    0.00    20  run-prometheus.
01:40:35 AM  1000    214419    0.00    0.00    0.00    0.00    0.00    16  run-tempo.sh
01:40:35 AM  1000    214445    0.00    0.00    0.00    0.00    0.00    18  run-pyroscope.s
01:40:35 AM  1000    214530    0.00    0.00    0.00    0.00    0.00    20  sleep

01:40:35 AM   UID       PID    %usr %system  %guest   %wait    %CPU   CPU  Command
01:40:36 AM  1000    214404    0.00    0.00    0.00    0.00    0.00    20  run-grafana.sh
01:40:36 AM  1000    214407    0.00    0.00    0.00    0.00    0.00    18  run-loki.sh
01:40:36 AM  1000    214411    0.00    0.00    0.00    0.00    0.00    16  run-otelcol.sh
01:40:36 AM  1000    214414    0.00    0.00    0.00    0.00    0.00    20  run-prometheus.
01:40:36 AM  1000    214419    0.00    0.00    0.00    0.00    0.00    16  run-tempo.sh
01:40:36 AM  1000    214445    0.00    0.00    0.00    0.00    0.00    18  run-pyroscope.s
01:40:36 AM  1000    214530    0.00    0.00    0.00    0.00    0.00    20  sleep

01:40:36 AM   UID       PID    %usr %system  %guest   %wait    %CPU   CPU  Command
01:40:37 AM  1000    214404    0.00    0.00    0.00    0.00    0.00    20  run-grafana.sh
01:40:37 AM  1000    214407    0.00    0.00    0.00    0.00    0.00    18  run-loki.sh
01:40:37 AM  1000    214411    0.00    0.00    0.00    0.00    0.00    16  run-otelcol.sh
01:40:37 AM  1000    214414    0.00    0.00    0.00    0.00    0.00    20  run-prometheus.
01:40:37 AM  1000    214419    0.00    0.00    0.00    0.00    0.00    16  run-tempo.sh
01:40:37 AM  1000    214445    0.00    0.00    0.00    0.00    0.00    18  run-pyroscope.s
01:40:37 AM  1000    214530    0.00    0.00    0.00    0.00    0.00    20  sleep

01:40:37 AM   UID       PID    %usr %system  %guest   %wait    %CPU   CPU  Command
01:40:38 AM  1000    214404    0.00    0.00    0.00    0.00    0.00    20  run-grafana.sh
01:40:38 AM  1000    214407    0.00    0.00    0.00    0.00    0.00    18  run-loki.sh
01:40:38 AM  1000    214411    0.00    0.00    0.00    0.00    0.00    16  run-otelcol.sh
01:40:38 AM  1000    214414    0.00    0.00    0.00    0.00    0.00    20  run-prometheus.
01:40:38 AM  1000    214419    0.00    0.00    0.00    0.00    0.00    16  run-tempo.sh
01:40:38 AM  1000    214445    0.00    0.00    0.00    0.00    0.00    18  run-pyroscope.s
01:40:38 AM  1000    214530    0.00    0.00    0.00    0.00    0.00    20  sleep

01:40:38 AM   UID       PID    %usr %system  %guest   %wait    %CPU   CPU  Command
01:40:39 AM  1000    214404    0.00    0.00    0.00    0.00    0.00    20  run-grafana.sh
01:40:39 AM  1000    214407    0.00    0.00    0.00    0.00    0.00    18  run-loki.sh
01:40:39 AM  1000    214411    0.00    0.00    0.00    0.00    0.00    16  run-otelcol.sh
01:40:39 AM  1000    214414    0.00    0.00    0.00    0.00    0.00    20  run-prometheus.
01:40:39 AM  1000    214419    0.00    0.00    0.00    0.00    0.00    16  run-tempo.sh
01:40:39 AM  1000    214445    0.00    0.00    0.00    0.00    0.00    18  run-pyroscope.s
01:40:39 AM  1000    214530    0.00    0.00    0.00    0.00    0.00    20  sleep

01:40:39 AM   UID       PID    %usr %system  %guest   %wait    %CPU   CPU  Command
01:40:40 AM  1000    214404    0.00    0.00    0.00    0.00    0.00    20  run-grafana.sh
01:40:40 AM  1000    214407    0.00    0.00    0.00    0.00    0.00    18  run-loki.sh
01:40:40 AM  1000    214411    0.00    0.00    0.00    0.00    0.00    16  run-otelcol.sh
01:40:40 AM  1000    214414    0.00    0.00    0.00    0.00    0.00    20  run-prometheus.
01:40:40 AM  1000    214419    0.00    0.00    0.00    0.00    0.00    16  run-tempo.sh
01:40:40 AM  1000    214445    0.00    0.00    0.00    0.00    0.00    18  run-pyroscope.s
01:40:40 AM  1000    214530    0.00    0.00    0.00    0.00    0.00    20  sleep

01:40:40 AM   UID       PID    %usr %system  %guest   %wait    %CPU   CPU  Command
01:40:41 AM  1000    214404    0.00    0.00    0.00    0.00    0.00    20  run-grafana.sh
01:40:41 AM  1000    214407    0.00    0.00    0.00    0.00    0.00    18  run-loki.sh
01:40:41 AM  1000    214411    0.00    0.00    0.00    0.00    0.00    16  run-otelcol.sh
01:40:41 AM  1000    214414    0.00    0.00    0.00    0.00    0.00    20  run-prometheus.
01:40:41 AM  1000    214419    0.00    0.00    0.00    0.00    0.00    16  run-tempo.sh
01:40:41 AM  1000    214445    0.00    0.00    0.00    0.00    0.00    18  run-pyroscope.s
01:40:41 AM  1000    214530    0.00    0.00    0.00    0.00    0.00    20  sleep

01:40:41 AM   UID       PID    %usr %system  %guest   %wait    %CPU   CPU  Command
01:40:42 AM  1000    214404    0.00    0.00    0.00    0.00    0.00    20  run-grafana.sh
01:40:42 AM  1000    214407    0.00    0.00    0.00    0.00    0.00    18  run-loki.sh
01:40:42 AM  1000    214411    0.00    0.00    0.00    0.00    0.00    16  run-otelcol.sh
01:40:42 AM  1000    214414    0.00    0.00    0.00    0.00    0.00    20  run-prometheus.
01:40:42 AM  1000    214419    0.00    0.00    0.00    0.00    0.00    16  run-tempo.sh
01:40:42 AM  1000    214445    0.00    0.00    0.00    0.00    0.00    18  run-pyroscope.s
01:40:42 AM  1000    214530    0.00    0.00    0.00    0.00    0.00    20  sleep

01:40:42 AM   UID       PID    %usr %system  %guest   %wait    %CPU   CPU  Command
01:40:43 AM  1000    214404    0.00    0.00    0.00    0.00    0.00    20  run-grafana.sh
01:40:43 AM  1000    214407    0.00    0.00    0.00    0.00    0.00    18  run-loki.sh
01:40:43 AM  1000    214411    0.00    0.00    0.00    0.00    0.00    16  run-otelcol.sh
01:40:43 AM  1000    214414    0.00    0.00    0.00    0.00    0.00    20  run-prometheus.
01:40:43 AM  1000    214419    0.00    0.00    0.00    0.00    0.00    16  run-tempo.sh
01:40:43 AM  1000    214445    0.00    0.00    0.00    0.00    0.00    18  run-pyroscope.s
01:40:43 AM  1000    214530    0.00    0.00    0.00    0.00    0.00    20  sleep

01:40:43 AM   UID       PID    %usr %system  %guest   %wait    %CPU   CPU  Command
01:40:44 AM  1000    214404    0.00    0.00    0.00    0.00    0.00    20  run-grafana.sh
01:40:44 AM  1000    214407    0.00    0.00    0.00    0.00    0.00    18  run-loki.sh
01:40:44 AM  1000    214411    0.00    0.00    0.00    0.00    0.00    16  run-otelcol.sh
01:40:44 AM  1000    214414    0.00    0.00    0.00    0.00    0.00    20  run-prometheus.
01:40:44 AM  1000    214419    0.00    0.00    0.00    0.00    0.00    16  run-tempo.sh
01:40:44 AM  1000    214445    0.00    0.00    0.00    0.00    0.00    18  run-pyroscope.s
01:40:44 AM  1000    214530    0.00    0.00    0.00    0.00    0.00    20  sleep

01:40:44 AM   UID       PID    %usr %system  %guest   %wait    %CPU   CPU  Command
01:40:45 AM  1000    214404    0.00    0.00    0.00    0.00    0.00    20  run-grafana.sh
01:40:45 AM  1000    214407    0.00    0.00    0.00    0.00    0.00    18  run-loki.sh
01:40:45 AM  1000    214411    0.00    0.00    0.00    0.00    0.00    16  run-otelcol.sh
01:40:45 AM  1000    214414    0.00    0.00    0.00    0.00    0.00    20  run-prometheus.
01:40:45 AM  1000    214419    0.00    0.00    0.00    0.00    0.00    16  run-tempo.sh
01:40:45 AM  1000    214445    0.00    0.00    0.00    0.00    0.00    18  run-pyroscope.s
01:40:45 AM  1000    214530    0.00    0.00    0.00    0.00    0.00    20  sleep

01:40:45 AM   UID       PID    %usr %system  %guest   %wait    %CPU   CPU  Command
01:40:46 AM  1000    214404    0.00    0.00    0.00    0.00    0.00    20  run-grafana.sh
01:40:46 AM  1000    214407    0.00    0.00    0.00    0.00    0.00    18  run-loki.sh
01:40:46 AM  1000    214411    0.00    0.00    0.00    0.00    0.00    16  run-otelcol.sh
01:40:46 AM  1000    214414    0.00    0.00    0.00    0.00    0.00    20  run-prometheus.
01:40:46 AM  1000    214419    0.00    0.00    0.00    0.00    0.00    16  run-tempo.sh
01:40:46 AM  1000    214445    0.00    0.00    0.00    0.00    0.00    18  run-pyroscope.s
01:40:46 AM  1000    214530    0.00    0.00    0.00    0.00    0.00    20  sleep

01:40:46 AM   UID       PID    %usr %system  %guest   %wait    %CPU   CPU  Command
01:40:47 AM  1000    214404    0.00    0.00    0.00    0.00    0.00    20  run-grafana.sh
01:40:47 AM  1000    214407    0.00    0.00    0.00    0.00    0.00    18  run-loki.sh
01:40:47 AM  1000    214411    0.00    0.00    0.00    0.00    0.00    16  run-otelcol.sh
01:40:47 AM  1000    214414    0.00    0.00    0.00    0.00    0.00    20  run-prometheus.
01:40:47 AM  1000    214419    0.00    0.00    0.00    0.00    0.00    16  run-tempo.sh
01:40:47 AM  1000    214445    0.00    0.00    0.00    0.00    0.00    18  run-pyroscope.s
01:40:47 AM  1000    214530    0.00    0.00    0.00    0.00    0.00    20  sleep

01:40:47 AM   UID       PID    %usr %system  %guest   %wait    %CPU   CPU  Command
01:40:48 AM  1000    214404    0.00    0.00    0.00    0.00    0.00    20  run-grafana.sh
01:40:48 AM  1000    214407    0.00    0.00    0.00    0.00    0.00    18  run-loki.sh
01:40:48 AM  1000    214411    0.00    0.00    0.00    0.00    0.00    16  run-otelcol.sh
01:40:48 AM  1000    214414    0.00    0.00    0.00    0.00    0.00    20  run-prometheus.
01:40:48 AM  1000    214419    0.00    0.00    0.00    0.00    0.00    16  run-tempo.sh
01:40:48 AM  1000    214445    0.00    0.00    0.00    0.00    0.00    18  run-pyroscope.s
01:40:48 AM  1000    214530    0.00    0.00    0.00    0.00    0.00    20  sleep

01:40:48 AM   UID       PID    %usr %system  %guest   %wait    %CPU   CPU  Command
01:40:49 AM  1000    214404    0.00    0.00    0.00    0.00    0.00    20  run-grafana.sh
01:40:49 AM  1000    214407    0.00    0.00    0.00    0.00    0.00    18  run-loki.sh
01:40:49 AM  1000    214411    0.00    0.00    0.00    0.00    0.00    16  run-otelcol.sh
01:40:49 AM  1000    214414    0.00    0.00    0.00    0.00    0.00    20  run-prometheus.
01:40:49 AM  1000    214419    0.00    0.00    0.00    0.00    0.00    16  run-tempo.sh
01:40:49 AM  1000    214445    0.00    0.00    0.00    0.00    0.00    18  run-pyroscope.s
01:40:49 AM  1000    214530    0.00    0.00    0.00    0.00    0.00    20  sleep

01:40:49 AM   UID       PID    %usr %system  %guest   %wait    %CPU   CPU  Command
01:40:50 AM  1000    214404    0.00    0.00    0.00    0.00    0.00    20  run-grafana.sh
01:40:50 AM  1000    214407    0.00    0.00    0.00    0.00    0.00    18  run-loki.sh
01:40:50 AM  1000    214411    0.00    0.00    0.00    0.00    0.00    16  run-otelcol.sh
01:40:50 AM  1000    214414    0.00    0.00    0.00    0.00    0.00    20  run-prometheus.
01:40:50 AM  1000    214419    0.00    0.00    0.00    0.00    0.00    16  run-tempo.sh
01:40:50 AM  1000    214445    0.00    0.00    0.00    0.00    0.00    18  run-pyroscope.s
01:40:50 AM  1000    214530    0.00    0.00    0.00    0.00    0.00    20  sleep

01:40:50 AM   UID       PID    %usr %system  %guest   %wait    %CPU   CPU  Command
01:40:51 AM  1000    214404    0.00    0.00    0.00    0.00    0.00    20  run-grafana.sh
01:40:51 AM  1000    214407    0.00    0.00    0.00    0.00    0.00    18  run-loki.sh
01:40:51 AM  1000    214411    0.00    0.00    0.00    0.00    0.00    16  run-otelcol.sh
01:40:51 AM  1000    214414    0.00    0.00    0.00    0.00    0.00    20  run-prometheus.
01:40:51 AM  1000    214419    0.00    0.00    0.00    0.00    0.00    16  run-tempo.sh
01:40:51 AM  1000    214445    0.00    0.00    0.00    0.00    0.00    18  run-pyroscope.s
01:40:51 AM  1000    214530    0.00    0.00    0.00    0.00    0.00    20  sleep

01:40:51 AM   UID       PID    %usr %system  %guest   %wait    %CPU   CPU  Command
01:40:52 AM  1000    214404    0.00    0.00    0.00    0.00    0.00    20  run-grafana.sh
01:40:52 AM  1000    214407    0.00    0.00    0.00    0.00    0.00    18  run-loki.sh
01:40:52 AM  1000    214411    0.00    0.00    0.00    0.00    0.00    16  run-otelcol.sh
01:40:52 AM  1000    214414    0.00    0.00    0.00    0.00    0.00    20  run-prometheus.
01:40:52 AM  1000    214419    0.00    0.00    0.00    0.00    0.00    16  run-tempo.sh
01:40:52 AM  1000    214445    0.00    0.00    0.00    0.00    0.00    18  run-pyroscope.s
01:40:52 AM  1000    214530    0.00    0.00    0.00    0.00    0.00    20  sleep

01:40:52 AM   UID       PID    %usr %system  %guest   %wait    %CPU   CPU  Command
01:40:53 AM  1000    214404    0.00    0.00    0.00    0.00    0.00    20  run-grafana.sh
01:40:53 AM  1000    214407    0.00    0.00    0.00    0.00    0.00    18  run-loki.sh
01:40:53 AM  1000    214411    0.00    0.00    0.00    0.00    0.00    16  run-otelcol.sh
01:40:53 AM  1000    214414    0.00    0.00    0.00    0.00    0.00    20  run-prometheus.
01:40:53 AM  1000    214419    0.00    0.00    0.00    0.00    0.00    16  run-tempo.sh
01:40:53 AM  1000    214445    0.00    0.00    0.00    0.00    0.00    18  run-pyroscope.s
01:40:53 AM  1000    214530    0.00    0.00    0.00    0.00    0.00    20  sleep

01:40:53 AM   UID       PID    %usr %system  %guest   %wait    %CPU   CPU  Command
01:40:54 AM  1000    214404    0.00    0.00    0.00    0.00    0.00    20  run-grafana.sh
01:40:54 AM  1000    214407    0.00    0.00    0.00    0.00    0.00    18  run-loki.sh
01:40:54 AM  1000    214411    0.00    0.00    0.00    0.00    0.00    16  run-otelcol.sh
01:40:54 AM  1000    214414    0.00    0.00    0.00    0.00    0.00    20  run-prometheus.
01:40:54 AM  1000    214419    0.00    0.00    0.00    0.00    0.00    16  run-tempo.sh
01:40:54 AM  1000    214445    0.00    0.00    0.00    0.00    0.00    18  run-pyroscope.s
01:40:54 AM  1000    214530    0.00    0.00    0.00    0.00    0.00    20  sleep

01:40:54 AM   UID       PID    %usr %system  %guest   %wait    %CPU   CPU  Command
01:40:55 AM  1000    214404    0.00    0.00    0.00    0.00    0.00    20  run-grafana.sh
01:40:55 AM  1000    214407    0.00    0.00    0.00    0.00    0.00    18  run-loki.sh
01:40:55 AM  1000    214411    0.00    0.00    0.00    0.00    0.00    16  run-otelcol.sh
01:40:55 AM  1000    214414    0.00    0.00    0.00    0.00    0.00    20  run-prometheus.
01:40:55 AM  1000    214419    0.00    0.00    0.00    0.00    0.00    16  run-tempo.sh
01:40:55 AM  1000    214445    0.00    0.00    0.00    0.00    0.00    18  run-pyroscope.s
01:40:55 AM  1000    214530    0.00    0.00    0.00    0.00    0.00    20  sleep

01:40:55 AM   UID       PID    %usr %system  %guest   %wait    %CPU   CPU  Command
01:40:56 AM  1000    214404    0.00    0.00    0.00    0.00    0.00    20  run-grafana.sh
01:40:56 AM  1000    214407    0.00    0.00    0.00    0.00    0.00    18  run-loki.sh
01:40:56 AM  1000    214411    0.00    0.00    0.00    0.00    0.00    16  run-otelcol.sh
01:40:56 AM  1000    214414    0.00    0.00    0.00    0.00    0.00    20  run-prometheus.
01:40:56 AM  1000    214419    0.00    0.00    0.00    0.00    0.00    16  run-tempo.sh
01:40:56 AM  1000    214445    0.00    0.00    0.00    0.00    0.00    18  run-pyroscope.s
01:40:56 AM  1000    214530    0.00    0.00    0.00    0.00    0.00    20  sleep

01:40:56 AM   UID       PID    %usr %system  %guest   %wait    %CPU   CPU  Command
01:40:57 AM  1000    214404    0.00    0.00    0.00    0.00    0.00    20  run-grafana.sh
01:40:57 AM  1000    214407    0.00    0.00    0.00    0.00    0.00    18  run-loki.sh
01:40:57 AM  1000    214411    0.00    0.00    0.00    0.00    0.00    16  run-otelcol.sh
01:40:57 AM  1000    214414    0.00    0.00    0.00    0.00    0.00    20  run-prometheus.
01:40:57 AM  1000    214419    0.00    0.00    0.00    0.00    0.00    16  run-tempo.sh
01:40:57 AM  1000    214445    0.00    0.00    0.00    0.00    0.00    18  run-pyroscope.s
01:40:57 AM  1000    214530    0.00    0.00    0.00    0.00    0.00    20  sleep

01:40:57 AM   UID       PID    %usr %system  %guest   %wait    %CPU   CPU  Command
01:40:58 AM  1000    214404    0.00    0.00    0.00    0.00    0.00    20  run-grafana.sh
01:40:58 AM  1000    214407    0.00    0.00    0.00    0.00    0.00    18  run-loki.sh
01:40:58 AM  1000    214411    0.00    0.00    0.00    0.00    0.00    16  run-otelcol.sh
01:40:58 AM  1000    214414    0.00    0.00    0.00    0.00    0.00    20  run-prometheus.
01:40:58 AM  1000    214419    0.00    0.00    0.00    0.00    0.00    16  run-tempo.sh
01:40:58 AM  1000    214445    0.00    0.00    0.00    0.00    0.00    18  run-pyroscope.s
01:40:58 AM  1000    214530    0.00    0.00    0.00    0.00    0.00    20  sleep

01:40:58 AM   UID       PID    %usr %system  %guest   %wait    %CPU   CPU  Command
01:40:59 AM  1000    214404    0.00    0.00    0.00    0.00    0.00    20  run-grafana.sh
01:40:59 AM  1000    214407    0.00    0.00    0.00    0.00    0.00    18  run-loki.sh
01:40:59 AM  1000    214411    0.00    0.00    0.00    0.00    0.00    16  run-otelcol.sh
01:40:59 AM  1000    214414    0.00    0.00    0.00    0.00    0.00    20  run-prometheus.
01:40:59 AM  1000    214419    0.00    0.00    0.00    0.00    0.00    16  run-tempo.sh
01:40:59 AM  1000    214445    0.00    0.00    0.00    0.00    0.00    18  run-pyroscope.s
01:40:59 AM  1000    214530    0.00    0.00    0.00    0.00    0.00    20  sleep

01:40:59 AM   UID       PID    %usr %system  %guest   %wait    %CPU   CPU  Command
01:41:00 AM  1000    214404    0.00    0.00    0.00    0.00    0.00    20  run-grafana.sh
01:41:00 AM  1000    214407    0.00    0.00    0.00    0.00    0.00    18  run-loki.sh
01:41:00 AM  1000    214411    0.00    0.00    0.00    0.00    0.00    16  run-otelcol.sh
01:41:00 AM  1000    214414    0.00    0.00    0.00    0.00    0.00    20  run-prometheus.
01:41:00 AM  1000    214419    0.00    0.00    0.00    0.00    0.00    16  run-tempo.sh
01:41:00 AM  1000    214445    0.00    0.00    0.00    0.00    0.00    18  run-pyroscope.s
01:41:00 AM  1000    214530    0.00    0.00    0.00    0.00    0.00    20  sleep

01:41:00 AM   UID       PID    %usr %system  %guest   %wait    %CPU   CPU  Command
01:41:01 AM  1000    214404    0.00    0.00    0.00    0.00    0.00    20  run-grafana.sh
01:41:01 AM  1000    214407    0.00    0.00    0.00    0.00    0.00    18  run-loki.sh
01:41:01 AM  1000    214411    0.00    0.00    0.00    0.00    0.00    16  run-otelcol.sh
01:41:01 AM  1000    214414    0.00    0.00    0.00    0.00    0.00    20  run-prometheus.
01:41:01 AM  1000    214419    0.00    0.00    0.00    0.00    0.00    16  run-tempo.sh
01:41:01 AM  1000    214445    0.00    0.00    0.00    0.00    0.00    18  run-pyroscope.s
01:41:01 AM  1000    214530    0.00    0.00    0.00    0.00    0.00    20  sleep

01:41:01 AM   UID       PID    %usr %system  %guest   %wait    %CPU   CPU  Command
01:41:02 AM  1000    214404    0.00    0.00    0.00    0.00    0.00    20  run-grafana.sh
01:41:02 AM  1000    214407    0.00    0.00    0.00    0.00    0.00    18  run-loki.sh
01:41:02 AM  1000    214411    0.00    0.00    0.00    0.00    0.00    16  run-otelcol.sh
01:41:02 AM  1000    214414    0.00    0.00    0.00    0.00    0.00    20  run-prometheus.
01:41:02 AM  1000    214419    0.00    0.00    0.00    0.00    0.00    16  run-tempo.sh
01:41:02 AM  1000    214445    0.00    0.00    0.00    0.00    0.00    18  run-pyroscope.s
01:41:02 AM  1000    214530    0.00    0.00    0.00    0.00    0.00    20  sleep

01:41:02 AM   UID       PID    %usr %system  %guest   %wait    %CPU   CPU  Command
01:41:03 AM  1000    214404    0.00    0.00    0.00    0.00    0.00    20  run-grafana.sh
01:41:03 AM  1000    214407    0.00    0.00    0.00    0.00    0.00    18  run-loki.sh
01:41:03 AM  1000    214411    0.00    0.00    0.00    0.00    0.00    16  run-otelcol.sh
01:41:03 AM  1000    214414    0.00    0.00    0.00    0.00    0.00    20  run-prometheus.
01:41:03 AM  1000    214419    0.00    0.00    0.00    0.00    0.00    16  run-tempo.sh
01:41:03 AM  1000    214445    0.00    0.00    0.00    0.00    0.00    18  run-pyroscope.s
01:41:03 AM  1000    214530    0.00    0.00    0.00    0.00    0.00    20  sleep

01:41:03 AM   UID       PID    %usr %system  %guest   %wait    %CPU   CPU  Command
01:41:04 AM  1000    214404    0.00    0.00    0.00    0.00    0.00    20  run-grafana.sh
01:41:04 AM  1000    214407    0.00    0.00    0.00    0.00    0.00    18  run-loki.sh
01:41:04 AM  1000    214411    0.00    0.00    0.00    0.00    0.00    16  run-otelcol.sh
01:41:04 AM  1000    214414    0.00    0.00    0.00    0.00    0.00    20  run-prometheus.
01:41:04 AM  1000    214419    0.00    0.00    0.00    0.00    0.00    16  run-tempo.sh
01:41:04 AM  1000    214445    0.00    0.00    0.00    0.00    0.00    18  run-pyroscope.s
01:41:04 AM  1000    214530    0.00    0.00    0.00    0.00    0.00    20  sleep

01:41:04 AM   UID       PID    %usr %system  %guest   %wait    %CPU   CPU  Command
01:41:05 AM  1000    214404    0.00    0.00    0.00    0.00    0.00    20  run-grafana.sh
01:41:05 AM  1000    214407    0.00    0.00    0.00    0.00    0.00    18  run-loki.sh
01:41:05 AM  1000    214411    0.00    0.00    0.00    0.00    0.00    16  run-otelcol.sh
01:41:05 AM  1000    214414    0.00    0.00    0.00    0.00    0.00    20  run-prometheus.
01:41:05 AM  1000    214419    0.00    0.00    0.00    0.00    0.00    16  run-tempo.sh
01:41:05 AM  1000    214445    0.00    0.00    0.00    0.00    0.00    18  run-pyroscope.s
01:41:05 AM  1000    214530    0.00    0.00    0.00    0.00    0.00    20  sleep

01:41:05 AM   UID       PID    %usr %system  %guest   %wait    %CPU   CPU  Command
01:41:06 AM  1000    214404    0.00    0.00    0.00    0.00    0.00    20  run-grafana.sh
01:41:06 AM  1000    214407    0.00    0.00    0.00    0.00    0.00    18  run-loki.sh
01:41:06 AM  1000    214411    0.00    0.00    0.00    0.00    0.00    16  run-otelcol.sh
01:41:06 AM  1000    214414    0.00    0.00    0.00    0.00    0.00    20  run-prometheus.
01:41:06 AM  1000    214419    0.00    0.00    0.00    0.00    0.00    16  run-tempo.sh
01:41:06 AM  1000    214445    0.00    0.00    0.00    0.00    0.00    18  run-pyroscope.s
01:41:06 AM  1000    214530    0.00    0.00    0.00    0.00    0.00    20  sleep

01:41:06 AM   UID       PID    %usr %system  %guest   %wait    %CPU   CPU  Command
01:41:07 AM  1000    214404    0.00    0.00    0.00    0.00    0.00    20  run-grafana.sh
01:41:07 AM  1000    214407    0.00    0.00    0.00    0.00    0.00    18  run-loki.sh
01:41:07 AM  1000    214411    0.00    0.00    0.00    0.00    0.00    16  run-otelcol.sh
01:41:07 AM  1000    214414    0.00    0.00    0.00    0.00    0.00    20  run-prometheus.
01:41:07 AM  1000    214419    0.00    0.00    0.00    0.00    0.00    16  run-tempo.sh
01:41:07 AM  1000    214445    0.00    0.00    0.00    0.00    0.00    18  run-pyroscope.s
01:41:07 AM  1000    214530    0.00    0.00    0.00    0.00    0.00    20  sleep

01:41:07 AM   UID       PID    %usr %system  %guest   %wait    %CPU   CPU  Command
01:41:08 AM  1000    214404    0.00    0.00    0.00    0.00    0.00    20  run-grafana.sh
01:41:08 AM  1000    214407    0.00    0.00    0.00    0.00    0.00    18  run-loki.sh
01:41:08 AM  1000    214411    0.00    0.00    0.00    0.00    0.00    16  run-otelcol.sh
01:41:08 AM  1000    214414    0.00    0.00    0.00    0.00    0.00    20  run-prometheus.
01:41:08 AM  1000    214419    0.00    0.00    0.00    0.00    0.00    16  run-tempo.sh
01:41:08 AM  1000    214445    0.00    0.00    0.00    0.00    0.00    18  run-pyroscope.s
01:41:08 AM  1000    214530    0.00    0.00    0.00    0.00    0.00    20  sleep

01:41:08 AM   UID       PID    %usr %system  %guest   %wait    %CPU   CPU  Command
01:41:09 AM  1000    214404    0.00    0.00    0.00    0.00    0.00    20  run-grafana.sh
01:41:09 AM  1000    214407    0.00    0.00    0.00    0.00    0.00    18  run-loki.sh
01:41:09 AM  1000    214411    0.00    0.00    0.00    0.00    0.00    16  run-otelcol.sh
01:41:09 AM  1000    214414    0.00    0.00    0.00    0.00    0.00    20  run-prometheus.
01:41:09 AM  1000    214419    0.00    0.00    0.00    0.00    0.00    16  run-tempo.sh
01:41:09 AM  1000    214445    0.00    0.00    0.00    0.00    0.00    18  run-pyroscope.s
01:41:09 AM  1000    214530    0.00    0.00    0.00    0.00    0.00    20  sleep

01:41:09 AM   UID       PID    %usr %system  %guest   %wait    %CPU   CPU  Command
01:41:10 AM  1000    214404    0.00    0.00    0.00    0.00    0.00    20  run-grafana.sh
01:41:10 AM  1000    214407    0.00    0.00    0.00    0.00    0.00    18  run-loki.sh
01:41:10 AM  1000    214411    0.00    0.00    0.00    0.00    0.00    16  run-otelcol.sh
01:41:10 AM  1000    214414    0.00    0.00    0.00    0.00    0.00    20  run-prometheus.
01:41:10 AM  1000    214419    0.00    0.00    0.00    0.00    0.00    16  run-tempo.sh
01:41:10 AM  1000    214445    0.00    0.00    0.00    0.00    0.00    18  run-pyroscope.s
01:41:10 AM  1000    214530    0.00    0.00    0.00    0.00    0.00    20  sleep

01:41:10 AM   UID       PID    %usr %system  %guest   %wait    %CPU   CPU  Command
01:41:11 AM  1000    214404    0.00    0.00    0.00    0.00    0.00    20  run-grafana.sh
01:41:11 AM  1000    214407    0.00    0.00    0.00    0.00    0.00    18  run-loki.sh
01:41:11 AM  1000    214411    0.00    0.00    0.00    0.00    0.00    16  run-otelcol.sh
01:41:11 AM  1000    214414    0.00    0.00    0.00    0.00    0.00    20  run-prometheus.
01:41:11 AM  1000    214419    0.00    0.00    0.00    0.00    0.00    16  run-tempo.sh
01:41:11 AM  1000    214445    0.00    0.00    0.00    0.00    0.00    18  run-pyroscope.s
01:41:11 AM  1000    214530    0.00    0.00    0.00    0.00    0.00    20  sleep

01:41:11 AM   UID       PID    %usr %system  %guest   %wait    %CPU   CPU  Command
01:41:12 AM  1000    214404    0.00    0.00    0.00    0.00    0.00    20  run-grafana.sh
01:41:12 AM  1000    214407    0.00    0.00    0.00    0.00    0.00    18  run-loki.sh
01:41:12 AM  1000    214411    0.00    0.00    0.00    0.00    0.00    16  run-otelcol.sh
01:41:12 AM  1000    214414    0.00    0.00    0.00    0.00    0.00    20  run-prometheus.
01:41:12 AM  1000    214419    0.00    0.00    0.00    0.00    0.00    16  run-tempo.sh
01:41:12 AM  1000    214445    0.00    0.00    0.00    0.00    0.00    18  run-pyroscope.s
01:41:12 AM  1000    214530    0.00    0.00    0.00    0.00    0.00    20  sleep
