Linux 5.14.0-570.60.1.el9_6.x86_64 *****) 	03/28/2026 	_x86_64_	(64 CPU)

06:55:25 AM   UID       PID    %usr %system  %guest   %wait    %CPU   CPU  Command
06:55:26 AM  1000    408528    0.00    0.00    0.00    0.00    0.00    20  run-grafana.sh
06:55:26 AM  1000    408530    0.00    0.00    0.00    0.00    0.00    18  run-loki.sh
06:55:26 AM  1000    408533    0.00    0.00    0.00    0.00    0.00    20  run-otelcol.sh
06:55:26 AM  1000    408536    0.00    0.00    0.00    0.00    0.00    20  run-prometheus.
06:55:26 AM  1000    408539    0.00    0.00    0.00    0.00    0.00    20  run-tempo.sh
06:55:26 AM  1000    408542    0.00    0.00    0.00    0.00    0.00    16  run-pyroscope.s
06:55:26 AM  1000    408650    0.00    0.00    0.00    0.00    0.00    20  sleep

06:55:26 AM   UID       PID    %usr %system  %guest   %wait    %CPU   CPU  Command
06:55:27 AM  1000    408528    0.00    0.00    0.00    0.00    0.00    20  run-grafana.sh
06:55:27 AM  1000    408530    0.00    0.00    0.00    0.00    0.00    18  run-loki.sh
06:55:27 AM  1000    408533    0.00    0.00    0.00    0.00    0.00    20  run-otelcol.sh
06:55:27 AM  1000    408536    0.00    0.00    0.00    0.00    0.00    20  run-prometheus.
06:55:27 AM  1000    408539    0.00    0.00    0.00    0.00    0.00    20  run-tempo.sh
06:55:27 AM  1000    408542    0.00    0.00    0.00    0.00    0.00    16  run-pyroscope.s
06:55:27 AM  1000    408650    0.00    0.00    0.00    0.00    0.00    20  sleep

06:55:27 AM   UID       PID    %usr %system  %guest   %wait    %CPU   CPU  Command
06:55:28 AM  1000    408528    0.00    0.00    0.00    0.00    0.00    20  run-grafana.sh
06:55:28 AM  1000    408530    0.00    0.00    0.00    0.00    0.00    18  run-loki.sh
06:55:28 AM  1000    408533    0.00    0.00    0.00    0.00    0.00    20  run-otelcol.sh
06:55:28 AM  1000    408536    0.00    0.00    0.00    0.00    0.00    20  run-prometheus.
06:55:28 AM  1000    408539    0.00    0.00    0.00    0.00    0.00    20  run-tempo.sh
06:55:28 AM  1000    408542    0.00    0.00    0.00    0.00    0.00    16  run-pyroscope.s
06:55:28 AM  1000    408650    0.00    0.00    0.00    0.00    0.00    20  sleep

06:55:28 AM   UID       PID    %usr %system  %guest   %wait    %CPU   CPU  Command
06:55:29 AM  1000    408528    0.00    0.00    0.00    0.00    0.00    20  run-grafana.sh
06:55:29 AM  1000    408530    0.00    0.00    0.00    0.00    0.00    18  run-loki.sh
06:55:29 AM  1000    408533    0.00    0.00    0.00    0.00    0.00    20  run-otelcol.sh
06:55:29 AM  1000    408536    0.00    0.00    0.00    0.00    0.00    20  run-prometheus.
06:55:29 AM  1000    408539    0.00    0.00    0.00    0.00    0.00    20  run-tempo.sh
06:55:29 AM  1000    408542    0.00    0.00    0.00    0.00    0.00    16  run-pyroscope.s
06:55:29 AM  1000    408650    0.00    0.00    0.00    0.00    0.00    20  sleep

06:55:29 AM   UID       PID    %usr %system  %guest   %wait    %CPU   CPU  Command
06:55:30 AM  1000    408528    0.00    0.00    0.00    0.00    0.00    20  run-grafana.sh
06:55:30 AM  1000    408530    0.00    0.00    0.00    0.00    0.00    18  run-loki.sh
06:55:30 AM  1000    408533    0.00    0.00    0.00    0.00    0.00    20  run-otelcol.sh
06:55:30 AM  1000    408536    0.00    0.00    0.00    0.00    0.00    20  run-prometheus.
06:55:30 AM  1000    408539    0.00    0.00    0.00    0.00    0.00    20  run-tempo.sh
06:55:30 AM  1000    408542    0.00    0.00    0.00    0.00    0.00    16  run-pyroscope.s
06:55:30 AM  1000    408650    0.00    0.00    0.00    0.00    0.00    20  sleep

06:55:30 AM   UID       PID    %usr %system  %guest   %wait    %CPU   CPU  Command
06:55:31 AM  1000    408528    0.00    0.00    0.00    0.00    0.00    20  run-grafana.sh
06:55:31 AM  1000    408530    0.00    0.00    0.00    0.00    0.00    18  run-loki.sh
06:55:31 AM  1000    408533    0.00    0.00    0.00    0.00    0.00    20  run-otelcol.sh
06:55:31 AM  1000    408536    0.00    0.00    0.00    0.00    0.00    20  run-prometheus.
06:55:31 AM  1000    408539    0.00    0.00    0.00    0.00    0.00    20  run-tempo.sh
06:55:31 AM  1000    408542    0.00    0.00    0.00    0.00    0.00    16  run-pyroscope.s
06:55:31 AM  1000    408650    0.00    0.00    0.00    0.00    0.00    20  sleep

06:55:31 AM   UID       PID    %usr %system  %guest   %wait    %CPU   CPU  Command
06:55:32 AM  1000    408528    0.00    0.00    0.00    0.00    0.00    20  run-grafana.sh
06:55:32 AM  1000    408530    0.00    0.00    0.00    0.00    0.00    18  run-loki.sh
06:55:32 AM  1000    408533    0.00    0.00    0.00    0.00    0.00    20  run-otelcol.sh
06:55:32 AM  1000    408536    0.00    0.00    0.00    0.00    0.00    20  run-prometheus.
06:55:32 AM  1000    408539    0.00    0.00    0.00    0.00    0.00    20  run-tempo.sh
06:55:32 AM  1000    408542    0.00    0.00    0.00    0.00    0.00    16  run-pyroscope.s
06:55:32 AM  1000    408650    0.00    0.00    0.00    0.00    0.00    20  sleep

06:55:32 AM   UID       PID    %usr %system  %guest   %wait    %CPU   CPU  Command
06:55:33 AM  1000    408528    0.00    0.00    0.00    0.00    0.00    20  run-grafana.sh
06:55:33 AM  1000    408530    0.00    0.00    0.00    0.00    0.00    18  run-loki.sh
06:55:33 AM  1000    408533    0.00    0.00    0.00    0.00    0.00    20  run-otelcol.sh
06:55:33 AM  1000    408536    0.00    0.00    0.00    0.00    0.00    20  run-prometheus.
06:55:33 AM  1000    408539    0.00    0.00    0.00    0.00    0.00    20  run-tempo.sh
06:55:33 AM  1000    408542    0.00    0.00    0.00    0.00    0.00    16  run-pyroscope.s
06:55:33 AM  1000    408650    0.00    0.00    0.00    0.00    0.00    20  sleep

06:55:33 AM   UID       PID    %usr %system  %guest   %wait    %CPU   CPU  Command
06:55:34 AM  1000    408528    0.00    0.00    0.00    0.00    0.00    20  run-grafana.sh
06:55:34 AM  1000    408530    0.00    0.00    0.00    0.00    0.00    18  run-loki.sh
06:55:34 AM  1000    408533    0.00    0.00    0.00    0.00    0.00    20  run-otelcol.sh
06:55:34 AM  1000    408536    0.00    0.00    0.00    0.00    0.00    20  run-prometheus.
06:55:34 AM  1000    408539    0.00    0.00    0.00    0.00    0.00    20  run-tempo.sh
06:55:34 AM  1000    408542    0.00    0.00    0.00    0.00    0.00    16  run-pyroscope.s
06:55:34 AM  1000    408650    0.00    0.00    0.00    0.00    0.00    20  sleep

06:55:34 AM   UID       PID    %usr %system  %guest   %wait    %CPU   CPU  Command
06:55:35 AM  1000    408528    0.00    0.00    0.00    0.00    0.00    20  run-grafana.sh
06:55:35 AM  1000    408530    0.00    0.00    0.00    0.00    0.00    18  run-loki.sh
06:55:35 AM  1000    408533    0.00    0.00    0.00    0.00    0.00    20  run-otelcol.sh
06:55:35 AM  1000    408536    0.00    0.00    0.00    0.00    0.00    20  run-prometheus.
06:55:35 AM  1000    408539    0.00    0.00    0.00    0.00    0.00    20  run-tempo.sh
06:55:35 AM  1000    408542    0.00    0.00    0.00    0.00    0.00    16  run-pyroscope.s
06:55:35 AM  1000    408650    0.00    0.00    0.00    0.00    0.00    20  sleep

06:55:35 AM   UID       PID    %usr %system  %guest   %wait    %CPU   CPU  Command
06:55:36 AM  1000    408528    0.00    0.00    0.00    0.00    0.00    20  run-grafana.sh
06:55:36 AM  1000    408530    0.00    0.00    0.00    0.00    0.00    18  run-loki.sh
06:55:36 AM  1000    408533    0.00    0.00    0.00    0.00    0.00    20  run-otelcol.sh
06:55:36 AM  1000    408536    0.00    0.00    0.00    0.00    0.00    20  run-prometheus.
06:55:36 AM  1000    408539    0.00    0.00    0.00    0.00    0.00    20  run-tempo.sh
06:55:36 AM  1000    408542    0.00    0.00    0.00    0.00    0.00    16  run-pyroscope.s
06:55:36 AM  1000    408650    0.00    0.00    0.00    0.00    0.00    20  sleep

06:55:36 AM   UID       PID    %usr %system  %guest   %wait    %CPU   CPU  Command
06:55:37 AM  1000    408528    0.00    0.00    0.00    0.00    0.00    20  run-grafana.sh
06:55:37 AM  1000    408530    0.00    0.00    0.00    0.00    0.00    18  run-loki.sh
06:55:37 AM  1000    408533    0.00    0.00    0.00    0.00    0.00    20  run-otelcol.sh
06:55:37 AM  1000    408536    0.00    0.00    0.00    0.00    0.00    20  run-prometheus.
06:55:37 AM  1000    408539    0.00    0.00    0.00    0.00    0.00    20  run-tempo.sh
06:55:37 AM  1000    408542    0.00    0.00    0.00    0.00    0.00    16  run-pyroscope.s
06:55:37 AM  1000    408650    0.00    0.00    0.00    0.00    0.00    20  sleep

06:55:37 AM   UID       PID    %usr %system  %guest   %wait    %CPU   CPU  Command
06:55:38 AM  1000    408528    0.00    0.00    0.00    0.00    0.00    20  run-grafana.sh
06:55:38 AM  1000    408530    0.00    0.00    0.00    0.00    0.00    18  run-loki.sh
06:55:38 AM  1000    408533    0.00    0.00    0.00    0.00    0.00    20  run-otelcol.sh
06:55:38 AM  1000    408536    0.00    0.00    0.00    0.00    0.00    20  run-prometheus.
06:55:38 AM  1000    408539    0.00    0.00    0.00    0.00    0.00    20  run-tempo.sh
06:55:38 AM  1000    408542    0.00    0.00    0.00    0.00    0.00    16  run-pyroscope.s
06:55:38 AM  1000    408650    0.00    0.00    0.00    0.00    0.00    20  sleep

06:55:38 AM   UID       PID    %usr %system  %guest   %wait    %CPU   CPU  Command
06:55:39 AM  1000    408528    0.00    0.00    0.00    0.00    0.00    20  run-grafana.sh
06:55:39 AM  1000    408530    0.00    0.00    0.00    0.00    0.00    18  run-loki.sh
06:55:39 AM  1000    408533    0.00    0.00    0.00    0.00    0.00    20  run-otelcol.sh
06:55:39 AM  1000    408536    0.00    0.00    0.00    0.00    0.00    20  run-prometheus.
06:55:39 AM  1000    408539    0.00    0.00    0.00    0.00    0.00    20  run-tempo.sh
06:55:39 AM  1000    408542    0.00    0.00    0.00    0.00    0.00    16  run-pyroscope.s
06:55:39 AM  1000    408650    0.00    0.00    0.00    0.00    0.00    20  sleep

06:55:39 AM   UID       PID    %usr %system  %guest   %wait    %CPU   CPU  Command
06:55:40 AM  1000    408528    0.00    0.00    0.00    0.00    0.00    20  run-grafana.sh
06:55:40 AM  1000    408530    0.00    0.00    0.00    0.00    0.00    18  run-loki.sh
06:55:40 AM  1000    408533    0.00    0.00    0.00    0.00    0.00    20  run-otelcol.sh
06:55:40 AM  1000    408536    0.00    0.00    0.00    0.00    0.00    20  run-prometheus.
06:55:40 AM  1000    408539    0.00    0.00    0.00    0.00    0.00    20  run-tempo.sh
06:55:40 AM  1000    408542    0.00    0.00    0.00    0.00    0.00    16  run-pyroscope.s
06:55:40 AM  1000    408650    0.00    0.00    0.00    0.00    0.00    20  sleep

06:55:40 AM   UID       PID    %usr %system  %guest   %wait    %CPU   CPU  Command
06:55:41 AM  1000    408528    0.00    0.00    0.00    0.00    0.00    20  run-grafana.sh
06:55:41 AM  1000    408530    0.00    0.00    0.00    0.00    0.00    18  run-loki.sh
06:55:41 AM  1000    408533    0.00    0.00    0.00    0.00    0.00    20  run-otelcol.sh
06:55:41 AM  1000    408536    0.00    0.00    0.00    0.00    0.00    20  run-prometheus.
06:55:41 AM  1000    408539    0.00    0.00    0.00    0.00    0.00    20  run-tempo.sh
06:55:41 AM  1000    408542    0.00    0.00    0.00    0.00    0.00    16  run-pyroscope.s
06:55:41 AM  1000    408650    0.00    0.00    0.00    0.00    0.00    20  sleep

06:55:41 AM   UID       PID    %usr %system  %guest   %wait    %CPU   CPU  Command
06:55:42 AM  1000    408528    0.00    0.00    0.00    0.00    0.00    20  run-grafana.sh
06:55:42 AM  1000    408530    0.00    0.00    0.00    0.00    0.00    18  run-loki.sh
06:55:42 AM  1000    408533    0.00    0.00    0.00    0.00    0.00    20  run-otelcol.sh
06:55:42 AM  1000    408536    0.00    0.00    0.00    0.00    0.00    20  run-prometheus.
06:55:42 AM  1000    408539    0.00    0.00    0.00    0.00    0.00    20  run-tempo.sh
06:55:42 AM  1000    408542    0.00    0.00    0.00    0.00    0.00    16  run-pyroscope.s
06:55:42 AM  1000    408650    0.00    0.00    0.00    0.00    0.00    20  sleep

06:55:42 AM   UID       PID    %usr %system  %guest   %wait    %CPU   CPU  Command
06:55:43 AM  1000    408528    0.00    0.00    0.00    0.00    0.00    20  run-grafana.sh
06:55:43 AM  1000    408530    0.00    0.00    0.00    0.00    0.00    18  run-loki.sh
06:55:43 AM  1000    408533    0.00    0.00    0.00    0.00    0.00    20  run-otelcol.sh
06:55:43 AM  1000    408536    0.00    0.00    0.00    0.00    0.00    20  run-prometheus.
06:55:43 AM  1000    408539    0.00    0.00    0.00    0.00    0.00    20  run-tempo.sh
06:55:43 AM  1000    408542    0.00    0.00    0.00    0.00    0.00    16  run-pyroscope.s
06:55:43 AM  1000    408650    0.00    0.00    0.00    0.00    0.00    20  sleep

06:55:43 AM   UID       PID    %usr %system  %guest   %wait    %CPU   CPU  Command
06:55:44 AM  1000    408528    0.00    0.00    0.00    0.00    0.00    20  run-grafana.sh
06:55:44 AM  1000    408530    0.00    0.00    0.00    0.00    0.00    18  run-loki.sh
06:55:44 AM  1000    408533    0.00    0.00    0.00    0.00    0.00    20  run-otelcol.sh
06:55:44 AM  1000    408536    0.00    0.00    0.00    0.00    0.00    20  run-prometheus.
06:55:44 AM  1000    408539    0.00    0.00    0.00    0.00    0.00    20  run-tempo.sh
06:55:44 AM  1000    408542    0.00    0.00    0.00    0.00    0.00    16  run-pyroscope.s
06:55:44 AM  1000    408650    0.00    0.00    0.00    0.00    0.00    20  sleep

06:55:44 AM   UID       PID    %usr %system  %guest   %wait    %CPU   CPU  Command
06:55:45 AM  1000    408528    0.00    0.00    0.00    0.00    0.00    20  run-grafana.sh
06:55:45 AM  1000    408530    0.00    0.00    0.00    0.00    0.00    18  run-loki.sh
06:55:45 AM  1000    408533    0.00    0.00    0.00    0.00    0.00    20  run-otelcol.sh
06:55:45 AM  1000    408536    0.00    0.00    0.00    0.00    0.00    20  run-prometheus.
06:55:45 AM  1000    408539    0.00    0.00    0.00    0.00    0.00    20  run-tempo.sh
06:55:45 AM  1000    408542    0.00    0.00    0.00    0.00    0.00    16  run-pyroscope.s
06:55:45 AM  1000    408650    0.00    0.00    0.00    0.00    0.00    20  sleep

06:55:45 AM   UID       PID    %usr %system  %guest   %wait    %CPU   CPU  Command
06:55:46 AM  1000    408528    0.00    0.00    0.00    0.00    0.00    20  run-grafana.sh
06:55:46 AM  1000    408530    0.00    0.00    0.00    0.00    0.00    18  run-loki.sh
06:55:46 AM  1000    408533    0.00    0.00    0.00    0.00    0.00    20  run-otelcol.sh
06:55:46 AM  1000    408536    0.00    0.00    0.00    0.00    0.00    20  run-prometheus.
06:55:46 AM  1000    408539    0.00    0.00    0.00    0.00    0.00    20  run-tempo.sh
06:55:46 AM  1000    408542    0.00    0.00    0.00    0.00    0.00    16  run-pyroscope.s
06:55:46 AM  1000    408650    0.00    0.00    0.00    0.00    0.00    20  sleep

06:55:46 AM   UID       PID    %usr %system  %guest   %wait    %CPU   CPU  Command
06:55:47 AM  1000    408528    0.00    0.00    0.00    0.00    0.00    20  run-grafana.sh
06:55:47 AM  1000    408530    0.00    0.00    0.00    0.00    0.00    18  run-loki.sh
06:55:47 AM  1000    408533    0.00    0.00    0.00    0.00    0.00    20  run-otelcol.sh
06:55:47 AM  1000    408536    0.00    0.00    0.00    0.00    0.00    20  run-prometheus.
06:55:47 AM  1000    408539    0.00    0.00    0.00    0.00    0.00    20  run-tempo.sh
06:55:47 AM  1000    408542    0.00    0.00    0.00    0.00    0.00    16  run-pyroscope.s
06:55:47 AM  1000    408650    0.00    0.00    0.00    0.00    0.00    20  sleep

06:55:47 AM   UID       PID    %usr %system  %guest   %wait    %CPU   CPU  Command
06:55:48 AM  1000    408528    0.00    0.00    0.00    0.00    0.00    20  run-grafana.sh
06:55:48 AM  1000    408530    0.00    0.00    0.00    0.00    0.00    18  run-loki.sh
06:55:48 AM  1000    408533    0.00    0.00    0.00    0.00    0.00    20  run-otelcol.sh
06:55:48 AM  1000    408536    0.00    0.00    0.00    0.00    0.00    20  run-prometheus.
06:55:48 AM  1000    408539    0.00    0.00    0.00    0.00    0.00    20  run-tempo.sh
06:55:48 AM  1000    408542    0.00    0.00    0.00    0.00    0.00    16  run-pyroscope.s
06:55:48 AM  1000    408650    0.00    0.00    0.00    0.00    0.00    20  sleep

06:55:48 AM   UID       PID    %usr %system  %guest   %wait    %CPU   CPU  Command
06:55:49 AM  1000    408528    0.00    0.00    0.00    0.00    0.00    20  run-grafana.sh
06:55:49 AM  1000    408530    0.00    0.00    0.00    0.00    0.00    18  run-loki.sh
06:55:49 AM  1000    408533    0.00    0.00    0.00    0.00    0.00    20  run-otelcol.sh
06:55:49 AM  1000    408536    0.00    0.00    0.00    0.00    0.00    20  run-prometheus.
06:55:49 AM  1000    408539    0.00    0.00    0.00    0.00    0.00    20  run-tempo.sh
06:55:49 AM  1000    408542    0.00    0.00    0.00    0.00    0.00    16  run-pyroscope.s
06:55:49 AM  1000    408650    0.00    0.00    0.00    0.00    0.00    20  sleep

06:55:49 AM   UID       PID    %usr %system  %guest   %wait    %CPU   CPU  Command
06:55:50 AM  1000    408528    0.00    0.00    0.00    0.00    0.00    20  run-grafana.sh
06:55:50 AM  1000    408530    0.00    0.00    0.00    0.00    0.00    18  run-loki.sh
06:55:50 AM  1000    408533    0.00    0.00    0.00    0.00    0.00    20  run-otelcol.sh
06:55:50 AM  1000    408536    0.00    0.00    0.00    0.00    0.00    20  run-prometheus.
06:55:50 AM  1000    408539    0.00    0.00    0.00    0.00    0.00    20  run-tempo.sh
06:55:50 AM  1000    408542    0.00    0.00    0.00    0.00    0.00    16  run-pyroscope.s
06:55:50 AM  1000    408650    0.00    0.00    0.00    0.00    0.00    20  sleep

06:55:50 AM   UID       PID    %usr %system  %guest   %wait    %CPU   CPU  Command
06:55:51 AM  1000    408528    0.00    0.00    0.00    0.00    0.00    20  run-grafana.sh
06:55:51 AM  1000    408530    0.00    0.00    0.00    0.00    0.00    18  run-loki.sh
06:55:51 AM  1000    408533    0.00    0.00    0.00    0.00    0.00    20  run-otelcol.sh
06:55:51 AM  1000    408536    0.00    0.00    0.00    0.00    0.00    20  run-prometheus.
06:55:51 AM  1000    408539    0.00    0.00    0.00    0.00    0.00    20  run-tempo.sh
06:55:51 AM  1000    408542    0.00    0.00    0.00    0.00    0.00    16  run-pyroscope.s
06:55:51 AM  1000    408650    0.00    0.00    0.00    0.00    0.00    20  sleep

06:55:51 AM   UID       PID    %usr %system  %guest   %wait    %CPU   CPU  Command
06:55:52 AM  1000    408528    0.00    0.00    0.00    0.00    0.00    20  run-grafana.sh
06:55:52 AM  1000    408530    0.00    0.00    0.00    0.00    0.00    18  run-loki.sh
06:55:52 AM  1000    408533    0.00    0.00    0.00    0.00    0.00    20  run-otelcol.sh
06:55:52 AM  1000    408536    0.00    0.00    0.00    0.00    0.00    20  run-prometheus.
06:55:52 AM  1000    408539    0.00    0.00    0.00    0.00    0.00    20  run-tempo.sh
06:55:52 AM  1000    408542    0.00    0.00    0.00    0.00    0.00    16  run-pyroscope.s
06:55:52 AM  1000    408650    0.00    0.00    0.00    0.00    0.00    20  sleep

06:55:52 AM   UID       PID    %usr %system  %guest   %wait    %CPU   CPU  Command
06:55:53 AM  1000    408528    0.00    0.00    0.00    0.00    0.00    20  run-grafana.sh
06:55:53 AM  1000    408530    0.00    0.00    0.00    0.00    0.00    18  run-loki.sh
06:55:53 AM  1000    408533    0.00    0.00    0.00    0.00    0.00    20  run-otelcol.sh
06:55:53 AM  1000    408536    0.00    0.00    0.00    0.00    0.00    20  run-prometheus.
06:55:53 AM  1000    408539    0.00    0.00    0.00    0.00    0.00    20  run-tempo.sh
06:55:53 AM  1000    408542    0.00    0.00    0.00    0.00    0.00    16  run-pyroscope.s
06:55:53 AM  1000    408650    0.00    0.00    0.00    0.00    0.00    20  sleep

06:55:53 AM   UID       PID    %usr %system  %guest   %wait    %CPU   CPU  Command
06:55:54 AM  1000    408528    0.00    0.00    0.00    0.00    0.00    20  run-grafana.sh
06:55:54 AM  1000    408530    0.00    0.00    0.00    0.00    0.00    18  run-loki.sh
06:55:54 AM  1000    408533    0.00    0.00    0.00    0.00    0.00    20  run-otelcol.sh
06:55:54 AM  1000    408536    0.00    0.00    0.00    0.00    0.00    20  run-prometheus.
06:55:54 AM  1000    408539    0.00    0.00    0.00    0.00    0.00    20  run-tempo.sh
06:55:54 AM  1000    408542    0.00    0.00    0.00    0.00    0.00    16  run-pyroscope.s
06:55:54 AM  1000    408650    0.00    0.00    0.00    0.00    0.00    20  sleep

06:55:54 AM   UID       PID    %usr %system  %guest   %wait    %CPU   CPU  Command
06:55:55 AM  1000    408528    0.00    0.00    0.00    0.00    0.00    20  run-grafana.sh
06:55:55 AM  1000    408530    0.00    0.00    0.00    0.00    0.00    18  run-loki.sh
06:55:55 AM  1000    408533    0.00    0.00    0.00    0.00    0.00    20  run-otelcol.sh
06:55:55 AM  1000    408536    0.00    0.00    0.00    0.00    0.00    20  run-prometheus.
06:55:55 AM  1000    408539    0.00    0.00    0.00    0.00    0.00    20  run-tempo.sh
06:55:55 AM  1000    408542    0.00    0.00    0.00    0.00    0.00    16  run-pyroscope.s
06:55:55 AM  1000    408650    0.00    0.00    0.00    0.00    0.00    20  sleep

06:55:55 AM   UID       PID    %usr %system  %guest   %wait    %CPU   CPU  Command
06:55:56 AM  1000    408528    0.00    0.00    0.00    0.00    0.00    20  run-grafana.sh
06:55:56 AM  1000    408530    0.00    0.00    0.00    0.00    0.00    18  run-loki.sh
06:55:56 AM  1000    408533    0.00    0.00    0.00    0.00    0.00    20  run-otelcol.sh
06:55:56 AM  1000    408536    0.00    0.00    0.00    0.00    0.00    20  run-prometheus.
06:55:56 AM  1000    408539    0.00    0.00    0.00    0.00    0.00    20  run-tempo.sh
06:55:56 AM  1000    408542    0.00    0.00    0.00    0.00    0.00    16  run-pyroscope.s
06:55:56 AM  1000    408650    0.00    0.00    0.00    0.00    0.00    20  sleep

06:55:56 AM   UID       PID    %usr %system  %guest   %wait    %CPU   CPU  Command
06:55:57 AM  1000    408528    0.00    0.00    0.00    0.00    0.00    20  run-grafana.sh
06:55:57 AM  1000    408530    0.00    0.00    0.00    0.00    0.00    18  run-loki.sh
06:55:57 AM  1000    408533    0.00    0.00    0.00    0.00    0.00    20  run-otelcol.sh
06:55:57 AM  1000    408536    0.00    0.00    0.00    0.00    0.00    20  run-prometheus.
06:55:57 AM  1000    408539    0.00    0.00    0.00    0.00    0.00    20  run-tempo.sh
06:55:57 AM  1000    408542    0.00    0.00    0.00    0.00    0.00    16  run-pyroscope.s
06:55:57 AM  1000    408650    0.00    0.00    0.00    0.00    0.00    20  sleep

06:55:57 AM   UID       PID    %usr %system  %guest   %wait    %CPU   CPU  Command
06:55:58 AM  1000    408528    0.00    0.00    0.00    0.00    0.00    20  run-grafana.sh
06:55:58 AM  1000    408530    0.00    0.00    0.00    0.00    0.00    18  run-loki.sh
06:55:58 AM  1000    408533    0.00    0.00    0.00    0.00    0.00    20  run-otelcol.sh
06:55:58 AM  1000    408536    0.00    0.00    0.00    0.00    0.00    20  run-prometheus.
06:55:58 AM  1000    408539    0.00    0.00    0.00    0.00    0.00    20  run-tempo.sh
06:55:58 AM  1000    408542    0.00    0.00    0.00    0.00    0.00    16  run-pyroscope.s
06:55:58 AM  1000    408650    0.00    0.00    0.00    0.00    0.00    20  sleep

06:55:58 AM   UID       PID    %usr %system  %guest   %wait    %CPU   CPU  Command
06:55:59 AM  1000    408528    0.00    0.00    0.00    0.00    0.00    20  run-grafana.sh
06:55:59 AM  1000    408530    0.00    0.00    0.00    0.00    0.00    18  run-loki.sh
06:55:59 AM  1000    408533    0.00    0.00    0.00    0.00    0.00    20  run-otelcol.sh
06:55:59 AM  1000    408536    0.00    0.00    0.00    0.00    0.00    20  run-prometheus.
06:55:59 AM  1000    408539    0.00    0.00    0.00    0.00    0.00    20  run-tempo.sh
06:55:59 AM  1000    408542    0.00    0.00    0.00    0.00    0.00    16  run-pyroscope.s
06:55:59 AM  1000    408650    0.00    0.00    0.00    0.00    0.00    20  sleep

06:55:59 AM   UID       PID    %usr %system  %guest   %wait    %CPU   CPU  Command
06:56:00 AM  1000    408528    0.00    0.00    0.00    0.00    0.00    20  run-grafana.sh
06:56:00 AM  1000    408530    0.00    0.00    0.00    0.00    0.00    18  run-loki.sh
06:56:00 AM  1000    408533    0.00    0.00    0.00    0.00    0.00    20  run-otelcol.sh
06:56:00 AM  1000    408536    0.00    0.00    0.00    0.00    0.00    20  run-prometheus.
06:56:00 AM  1000    408539    0.00    0.00    0.00    0.00    0.00    20  run-tempo.sh
06:56:00 AM  1000    408542    0.00    0.00    0.00    0.00    0.00    16  run-pyroscope.s
06:56:00 AM  1000    408650    0.00    0.00    0.00    0.00    0.00    20  sleep

06:56:00 AM   UID       PID    %usr %system  %guest   %wait    %CPU   CPU  Command
06:56:01 AM  1000    408528    0.00    0.00    0.00    0.00    0.00    20  run-grafana.sh
06:56:01 AM  1000    408530    0.00    0.00    0.00    0.00    0.00    18  run-loki.sh
06:56:01 AM  1000    408533    0.00    0.00    0.00    0.00    0.00    20  run-otelcol.sh
06:56:01 AM  1000    408536    0.00    0.00    0.00    0.00    0.00    20  run-prometheus.
06:56:01 AM  1000    408539    0.00    0.00    0.00    0.00    0.00    20  run-tempo.sh
06:56:01 AM  1000    408542    0.00    0.00    0.00    0.00    0.00    16  run-pyroscope.s
06:56:01 AM  1000    408650    0.00    0.00    0.00    0.00    0.00    20  sleep

06:56:01 AM   UID       PID    %usr %system  %guest   %wait    %CPU   CPU  Command
06:56:02 AM  1000    408528    0.00    0.00    0.00    0.00    0.00    20  run-grafana.sh
06:56:02 AM  1000    408530    0.00    0.00    0.00    0.00    0.00    18  run-loki.sh
06:56:02 AM  1000    408533    0.00    0.00    0.00    0.00    0.00    20  run-otelcol.sh
06:56:02 AM  1000    408536    0.00    0.00    0.00    0.00    0.00    20  run-prometheus.
06:56:02 AM  1000    408539    0.00    0.00    0.00    0.00    0.00    20  run-tempo.sh
06:56:02 AM  1000    408542    0.00    0.00    0.00    0.00    0.00    16  run-pyroscope.s
06:56:02 AM  1000    408650    0.00    0.00    0.00    0.00    0.00    20  sleep

06:56:02 AM   UID       PID    %usr %system  %guest   %wait    %CPU   CPU  Command
06:56:03 AM  1000    408528    0.00    0.00    0.00    0.00    0.00    20  run-grafana.sh
06:56:03 AM  1000    408530    0.00    0.00    0.00    0.00    0.00    18  run-loki.sh
06:56:03 AM  1000    408533    0.00    0.00    0.00    0.00    0.00    20  run-otelcol.sh
06:56:03 AM  1000    408536    0.00    0.00    0.00    0.00    0.00    20  run-prometheus.
06:56:03 AM  1000    408539    0.00    0.00    0.00    0.00    0.00    20  run-tempo.sh
06:56:03 AM  1000    408542    0.00    0.00    0.00    0.00    0.00    16  run-pyroscope.s
06:56:03 AM  1000    408650    0.00    0.00    0.00    0.00    0.00    20  sleep

06:56:03 AM   UID       PID    %usr %system  %guest   %wait    %CPU   CPU  Command
06:56:04 AM  1000    408528    0.00    0.00    0.00    0.00    0.00    20  run-grafana.sh
06:56:04 AM  1000    408530    0.00    0.00    0.00    0.00    0.00    18  run-loki.sh
06:56:04 AM  1000    408533    0.00    0.00    0.00    0.00    0.00    20  run-otelcol.sh
06:56:04 AM  1000    408536    0.00    0.00    0.00    0.00    0.00    20  run-prometheus.
06:56:04 AM  1000    408539    0.00    0.00    0.00    0.00    0.00    20  run-tempo.sh
06:56:04 AM  1000    408542    0.00    0.00    0.00    0.00    0.00    16  run-pyroscope.s
06:56:04 AM  1000    408650    0.00    0.00    0.00    0.00    0.00    20  sleep

06:56:04 AM   UID       PID    %usr %system  %guest   %wait    %CPU   CPU  Command
06:56:05 AM  1000    408528    0.00    0.00    0.00    0.00    0.00    20  run-grafana.sh
06:56:05 AM  1000    408530    0.00    0.00    0.00    0.00    0.00    18  run-loki.sh
06:56:05 AM  1000    408533    0.00    0.00    0.00    0.00    0.00    20  run-otelcol.sh
06:56:05 AM  1000    408536    0.00    0.00    0.00    0.00    0.00    20  run-prometheus.
06:56:05 AM  1000    408539    0.00    0.00    0.00    0.00    0.00    20  run-tempo.sh
06:56:05 AM  1000    408542    0.00    0.00    0.00    0.00    0.00    16  run-pyroscope.s
06:56:05 AM  1000    408650    0.00    0.00    0.00    0.00    0.00    20  sleep

06:56:05 AM   UID       PID    %usr %system  %guest   %wait    %CPU   CPU  Command
06:56:06 AM  1000    408528    0.00    0.00    0.00    0.00    0.00    20  run-grafana.sh
06:56:06 AM  1000    408530    0.00    0.00    0.00    0.00    0.00    18  run-loki.sh
06:56:06 AM  1000    408533    0.00    0.00    0.00    0.00    0.00    20  run-otelcol.sh
06:56:06 AM  1000    408536    0.00    0.00    0.00    0.00    0.00    20  run-prometheus.
06:56:06 AM  1000    408539    0.00    0.00    0.00    0.00    0.00    20  run-tempo.sh
06:56:06 AM  1000    408542    0.00    0.00    0.00    0.00    0.00    16  run-pyroscope.s
06:56:06 AM  1000    408650    0.00    0.00    0.00    0.00    0.00    20  sleep

06:56:06 AM   UID       PID    %usr %system  %guest   %wait    %CPU   CPU  Command
06:56:07 AM  1000    408528    0.00    0.00    0.00    0.00    0.00    20  run-grafana.sh
06:56:07 AM  1000    408530    0.00    0.00    0.00    0.00    0.00    18  run-loki.sh
06:56:07 AM  1000    408533    0.00    0.00    0.00    0.00    0.00    20  run-otelcol.sh
06:56:07 AM  1000    408536    0.00    0.00    0.00    0.00    0.00    20  run-prometheus.
06:56:07 AM  1000    408539    0.00    0.00    0.00    0.00    0.00    20  run-tempo.sh
06:56:07 AM  1000    408542    0.00    0.00    0.00    0.00    0.00    16  run-pyroscope.s
06:56:07 AM  1000    408650    0.00    0.00    0.00    0.00    0.00    20  sleep

06:56:07 AM   UID       PID    %usr %system  %guest   %wait    %CPU   CPU  Command
06:56:08 AM  1000    408528    0.00    0.00    0.00    0.00    0.00    20  run-grafana.sh
06:56:08 AM  1000    408530    0.00    0.00    0.00    0.00    0.00    18  run-loki.sh
06:56:08 AM  1000    408533    0.00    0.00    0.00    0.00    0.00    20  run-otelcol.sh
06:56:08 AM  1000    408536    0.00    0.00    0.00    0.00    0.00    20  run-prometheus.
06:56:08 AM  1000    408539    0.00    0.00    0.00    0.00    0.00    20  run-tempo.sh
06:56:08 AM  1000    408542    0.00    0.00    0.00    0.00    0.00    16  run-pyroscope.s
06:56:08 AM  1000    408650    0.00    0.00    0.00    0.00    0.00    20  sleep

06:56:08 AM   UID       PID    %usr %system  %guest   %wait    %CPU   CPU  Command
06:56:09 AM  1000    408528    0.00    0.00    0.00    0.00    0.00    20  run-grafana.sh
06:56:09 AM  1000    408530    0.00    0.00    0.00    0.00    0.00    18  run-loki.sh
06:56:09 AM  1000    408533    0.00    0.00    0.00    0.00    0.00    20  run-otelcol.sh
06:56:09 AM  1000    408536    0.00    0.00    0.00    0.00    0.00    20  run-prometheus.
06:56:09 AM  1000    408539    0.00    0.00    0.00    0.00    0.00    20  run-tempo.sh
06:56:09 AM  1000    408542    0.00    0.00    0.00    0.00    0.00    16  run-pyroscope.s
06:56:09 AM  1000    408650    0.00    0.00    0.00    0.00    0.00    20  sleep

06:56:09 AM   UID       PID    %usr %system  %guest   %wait    %CPU   CPU  Command
06:56:10 AM  1000    408528    0.00    0.00    0.00    0.00    0.00    20  run-grafana.sh
06:56:10 AM  1000    408530    0.00    0.00    0.00    0.00    0.00    18  run-loki.sh
06:56:10 AM  1000    408533    0.00    0.00    0.00    0.00    0.00    20  run-otelcol.sh
06:56:10 AM  1000    408536    0.00    0.00    0.00    0.00    0.00    20  run-prometheus.
06:56:10 AM  1000    408539    0.00    0.00    0.00    0.00    0.00    20  run-tempo.sh
06:56:10 AM  1000    408542    0.00    0.00    0.00    0.00    0.00    16  run-pyroscope.s
06:56:10 AM  1000    408650    0.00    0.00    0.00    0.00    0.00    20  sleep

06:56:10 AM   UID       PID    %usr %system  %guest   %wait    %CPU   CPU  Command
06:56:11 AM  1000    408528    0.00    0.00    0.00    0.00    0.00    20  run-grafana.sh
06:56:11 AM  1000    408530    0.00    0.00    0.00    0.00    0.00    18  run-loki.sh
06:56:11 AM  1000    408533    0.00    0.00    0.00    0.00    0.00    20  run-otelcol.sh
06:56:11 AM  1000    408536    0.00    0.00    0.00    0.00    0.00    20  run-prometheus.
06:56:11 AM  1000    408539    0.00    0.00    0.00    0.00    0.00    20  run-tempo.sh
06:56:11 AM  1000    408542    0.00    0.00    0.00    0.00    0.00    16  run-pyroscope.s
06:56:11 AM  1000    408650    0.00    0.00    0.00    0.00    0.00    20  sleep

06:56:11 AM   UID       PID    %usr %system  %guest   %wait    %CPU   CPU  Command
06:56:12 AM  1000    408528    0.00    0.00    0.00    0.00    0.00    20  run-grafana.sh
06:56:12 AM  1000    408530    0.00    0.00    0.00    0.00    0.00    18  run-loki.sh
06:56:12 AM  1000    408533    0.00    0.00    0.00    0.00    0.00    20  run-otelcol.sh
06:56:12 AM  1000    408536    0.00    0.00    0.00    0.00    0.00    20  run-prometheus.
06:56:12 AM  1000    408539    0.00    0.00    0.00    0.00    0.00    20  run-tempo.sh
06:56:12 AM  1000    408542    0.00    0.00    0.00    0.00    0.00    16  run-pyroscope.s
06:56:12 AM  1000    408650    0.00    0.00    0.00    0.00    0.00    20  sleep

06:56:12 AM   UID       PID    %usr %system  %guest   %wait    %CPU   CPU  Command
06:56:13 AM  1000    408528    0.00    0.00    0.00    0.00    0.00    20  run-grafana.sh
06:56:13 AM  1000    408530    0.00    0.00    0.00    0.00    0.00    18  run-loki.sh
06:56:13 AM  1000    408533    0.00    0.00    0.00    0.00    0.00    20  run-otelcol.sh
06:56:13 AM  1000    408536    0.00    0.00    0.00    0.00    0.00    20  run-prometheus.
06:56:13 AM  1000    408539    0.00    0.00    0.00    0.00    0.00    20  run-tempo.sh
06:56:13 AM  1000    408542    0.00    0.00    0.00    0.00    0.00    16  run-pyroscope.s
06:56:13 AM  1000    408650    0.00    0.00    0.00    0.00    0.00    20  sleep

06:56:13 AM   UID       PID    %usr %system  %guest   %wait    %CPU   CPU  Command
06:56:14 AM  1000    408528    0.00    0.00    0.00    0.00    0.00    20  run-grafana.sh
06:56:14 AM  1000    408530    0.00    0.00    0.00    0.00    0.00    18  run-loki.sh
06:56:14 AM  1000    408533    0.00    0.00    0.00    0.00    0.00    20  run-otelcol.sh
06:56:14 AM  1000    408536    0.00    0.00    0.00    0.00    0.00    20  run-prometheus.
06:56:14 AM  1000    408539    0.00    0.00    0.00    0.00    0.00    20  run-tempo.sh
06:56:14 AM  1000    408542    0.00    0.00    0.00    0.00    0.00    16  run-pyroscope.s
06:56:14 AM  1000    408650    0.00    0.00    0.00    0.00    0.00    20  sleep

06:56:14 AM   UID       PID    %usr %system  %guest   %wait    %CPU   CPU  Command
06:56:15 AM  1000    408528    0.00    0.00    0.00    0.00    0.00    20  run-grafana.sh
06:56:15 AM  1000    408530    0.00    0.00    0.00    0.00    0.00    18  run-loki.sh
06:56:15 AM  1000    408533    0.00    0.00    0.00    0.00    0.00    20  run-otelcol.sh
06:56:15 AM  1000    408536    0.00    0.00    0.00    0.00    0.00    20  run-prometheus.
06:56:15 AM  1000    408539    0.00    0.00    0.00    0.00    0.00    20  run-tempo.sh
06:56:15 AM  1000    408542    0.00    0.00    0.00    0.00    0.00    16  run-pyroscope.s
06:56:15 AM  1000    408650    0.00    0.00    0.00    0.00    0.00    20  sleep

06:56:15 AM   UID       PID    %usr %system  %guest   %wait    %CPU   CPU  Command
06:56:16 AM  1000    408528    0.00    0.00    0.00    0.00    0.00    20  run-grafana.sh
06:56:16 AM  1000    408530    0.00    0.00    0.00    0.00    0.00    18  run-loki.sh
06:56:16 AM  1000    408533    0.00    0.00    0.00    0.00    0.00    20  run-otelcol.sh
06:56:16 AM  1000    408536    0.00    0.00    0.00    0.00    0.00    20  run-prometheus.
06:56:16 AM  1000    408539    0.00    0.00    0.00    0.00    0.00    20  run-tempo.sh
06:56:16 AM  1000    408542    0.00    0.00    0.00    0.00    0.00    16  run-pyroscope.s
06:56:16 AM  1000    408650    0.00    0.00    0.00    0.00    0.00    20  sleep

06:56:16 AM   UID       PID    %usr %system  %guest   %wait    %CPU   CPU  Command
06:56:17 AM  1000    408528    0.00    0.00    0.00    0.00    0.00    20  run-grafana.sh
06:56:17 AM  1000    408530    0.00    0.00    0.00    0.00    0.00    18  run-loki.sh
06:56:17 AM  1000    408533    0.00    0.00    0.00    0.00    0.00    20  run-otelcol.sh
06:56:17 AM  1000    408536    0.00    0.00    0.00    0.00    0.00    20  run-prometheus.
06:56:17 AM  1000    408539    0.00    0.00    0.00    0.00    0.00    20  run-tempo.sh
06:56:17 AM  1000    408542    0.00    0.00    0.00    0.00    0.00    16  run-pyroscope.s
06:56:17 AM  1000    408650    0.00    0.00    0.00    0.00    0.00    20  sleep

06:56:17 AM   UID       PID    %usr %system  %guest   %wait    %CPU   CPU  Command
06:56:18 AM  1000    408528    0.00    0.00    0.00    0.00    0.00    20  run-grafana.sh
06:56:18 AM  1000    408530    0.00    0.00    0.00    0.00    0.00    18  run-loki.sh
06:56:18 AM  1000    408533    0.00    0.00    0.00    0.00    0.00    20  run-otelcol.sh
06:56:18 AM  1000    408536    0.00    0.00    0.00    0.00    0.00    20  run-prometheus.
06:56:18 AM  1000    408539    0.00    0.00    0.00    0.00    0.00    20  run-tempo.sh
06:56:18 AM  1000    408542    0.00    0.00    0.00    0.00    0.00    16  run-pyroscope.s
06:56:18 AM  1000    408650    0.00    0.00    0.00    0.00    0.00    20  sleep

06:56:18 AM   UID       PID    %usr %system  %guest   %wait    %CPU   CPU  Command
06:56:19 AM  1000    408528    0.00    0.00    0.00    0.00    0.00    20  run-grafana.sh
06:56:19 AM  1000    408530    0.00    0.00    0.00    0.00    0.00    18  run-loki.sh
06:56:19 AM  1000    408533    0.00    0.00    0.00    0.00    0.00    20  run-otelcol.sh
06:56:19 AM  1000    408536    0.00    0.00    0.00    0.00    0.00    20  run-prometheus.
06:56:19 AM  1000    408539    0.00    0.00    0.00    0.00    0.00    20  run-tempo.sh
06:56:19 AM  1000    408542    0.00    0.00    0.00    0.00    0.00    16  run-pyroscope.s
06:56:19 AM  1000    408650    0.00    0.00    0.00    0.00    0.00    20  sleep

06:56:19 AM   UID       PID    %usr %system  %guest   %wait    %CPU   CPU  Command
06:56:20 AM  1000    408528    0.00    0.00    0.00    0.00    0.00    20  run-grafana.sh
06:56:20 AM  1000    408530    0.00    0.00    0.00    0.00    0.00    18  run-loki.sh
06:56:20 AM  1000    408533    0.00    0.00    0.00    0.00    0.00    20  run-otelcol.sh
06:56:20 AM  1000    408536    0.00    0.00    0.00    0.00    0.00    20  run-prometheus.
06:56:20 AM  1000    408539    0.00    0.00    0.00    0.00    0.00    20  run-tempo.sh
06:56:20 AM  1000    408542    0.00    0.00    0.00    0.00    0.00    16  run-pyroscope.s
06:56:20 AM  1000    408650    0.00    0.00    0.00    0.00    0.00    20  sleep

06:56:20 AM   UID       PID    %usr %system  %guest   %wait    %CPU   CPU  Command
06:56:21 AM  1000    408528    0.00    0.00    0.00    0.00    0.00    20  run-grafana.sh
06:56:21 AM  1000    408530    0.00    0.00    0.00    0.00    0.00    18  run-loki.sh
06:56:21 AM  1000    408533    0.00    0.00    0.00    0.00    0.00    20  run-otelcol.sh
06:56:21 AM  1000    408536    0.00    0.00    0.00    0.00    0.00    20  run-prometheus.
06:56:21 AM  1000    408539    0.00    0.00    0.00    0.00    0.00    20  run-tempo.sh
06:56:21 AM  1000    408542    0.00    0.00    0.00    0.00    0.00    16  run-pyroscope.s
06:56:21 AM  1000    408650    0.00    0.00    0.00    0.00    0.00    20  sleep

06:56:21 AM   UID       PID    %usr %system  %guest   %wait    %CPU   CPU  Command
06:56:22 AM  1000    408528    0.00    0.00    0.00    0.00    0.00    20  run-grafana.sh
06:56:22 AM  1000    408530    0.00    0.00    0.00    0.00    0.00    18  run-loki.sh
06:56:22 AM  1000    408533    0.00    0.00    0.00    0.00    0.00    20  run-otelcol.sh
06:56:22 AM  1000    408536    0.00    0.00    0.00    0.00    0.00    20  run-prometheus.
06:56:22 AM  1000    408539    0.00    0.00    0.00    0.00    0.00    20  run-tempo.sh
06:56:22 AM  1000    408542    0.00    0.00    0.00    0.00    0.00    16  run-pyroscope.s
06:56:22 AM  1000    408650    0.00    0.00    0.00    0.00    0.00    20  sleep

06:56:22 AM   UID       PID    %usr %system  %guest   %wait    %CPU   CPU  Command
06:56:23 AM  1000    408528    0.00    0.00    0.00    0.00    0.00    20  run-grafana.sh
06:56:23 AM  1000    408530    0.00    0.00    0.00    0.00    0.00    18  run-loki.sh
06:56:23 AM  1000    408533    0.00    0.00    0.00    0.00    0.00    20  run-otelcol.sh
06:56:23 AM  1000    408536    0.00    0.00    0.00    0.00    0.00    20  run-prometheus.
06:56:23 AM  1000    408539    0.00    0.00    0.00    0.00    0.00    20  run-tempo.sh
06:56:23 AM  1000    408542    0.00    0.00    0.00    0.00    0.00    16  run-pyroscope.s
06:56:23 AM  1000    408650    0.00    0.00    0.00    0.00    0.00    20  sleep

06:56:23 AM   UID       PID    %usr %system  %guest   %wait    %CPU   CPU  Command
06:56:24 AM  1000    408528    0.00    0.00    0.00    0.00    0.00    20  run-grafana.sh
06:56:24 AM  1000    408530    0.00    0.00    0.00    0.00    0.00    18  run-loki.sh
06:56:24 AM  1000    408533    0.00    0.00    0.00    0.00    0.00    20  run-otelcol.sh
06:56:24 AM  1000    408536    0.00    0.00    0.00    0.00    0.00    20  run-prometheus.
06:56:24 AM  1000    408539    0.00    0.00    0.00    0.00    0.00    20  run-tempo.sh
06:56:24 AM  1000    408542    0.00    0.00    0.00    0.00    0.00    16  run-pyroscope.s
06:56:24 AM  1000    408650    0.00    0.00    0.00    0.00    0.00    20  sleep

06:56:24 AM   UID       PID    %usr %system  %guest   %wait    %CPU   CPU  Command
06:56:25 AM  1000    408528    0.00    0.00    0.00    0.00    0.00    20  run-grafana.sh
06:56:25 AM  1000    408530    0.00    0.00    0.00    0.00    0.00    18  run-loki.sh
06:56:25 AM  1000    408533    0.00    0.00    0.00    0.00    0.00    20  run-otelcol.sh
06:56:25 AM  1000    408536    0.00    0.00    0.00    0.00    0.00    20  run-prometheus.
06:56:25 AM  1000    408539    0.00    0.00    0.00    0.00    0.00    20  run-tempo.sh
06:56:25 AM  1000    408542    0.00    0.00    0.00    0.00    0.00    16  run-pyroscope.s
06:56:25 AM  1000    408650    0.00    0.00    0.00    0.00    0.00    20  sleep

06:56:25 AM   UID       PID    %usr %system  %guest   %wait    %CPU   CPU  Command
06:56:26 AM  1000    408528    0.00    0.00    0.00    0.00    0.00    20  run-grafana.sh
06:56:26 AM  1000    408530    0.00    0.00    0.00    0.00    0.00    18  run-loki.sh
06:56:26 AM  1000    408533    0.00    0.00    0.00    0.00    0.00    20  run-otelcol.sh
06:56:26 AM  1000    408536    0.00    0.00    0.00    0.00    0.00    20  run-prometheus.
06:56:26 AM  1000    408539    0.00    0.00    0.00    0.00    0.00    20  run-tempo.sh
06:56:26 AM  1000    408542    0.00    0.00    0.00    0.00    0.00    16  run-pyroscope.s
06:56:26 AM  1000    408650    0.00    0.00    0.00    0.00    0.00    20  sleep

06:56:26 AM   UID       PID    %usr %system  %guest   %wait    %CPU   CPU  Command
06:56:27 AM  1000    408528    0.00    0.00    0.00    0.00    0.00    20  run-grafana.sh
06:56:27 AM  1000    408530    0.00    0.00    0.00    0.00    0.00    18  run-loki.sh
06:56:27 AM  1000    408533    0.00    0.00    0.00    0.00    0.00    20  run-otelcol.sh
06:56:27 AM  1000    408536    0.00    0.00    0.00    0.00    0.00    20  run-prometheus.
06:56:27 AM  1000    408539    0.00    0.00    0.00    0.00    0.00    20  run-tempo.sh
06:56:27 AM  1000    408542    0.00    0.00    0.00    0.00    0.00    16  run-pyroscope.s
06:56:27 AM  1000    408650    0.00    0.00    0.00    0.00    0.00    20  sleep

06:56:27 AM   UID       PID    %usr %system  %guest   %wait    %CPU   CPU  Command
06:56:28 AM  1000    408528    0.00    0.00    0.00    0.00    0.00    20  run-grafana.sh
06:56:28 AM  1000    408530    0.00    0.00    0.00    0.00    0.00    18  run-loki.sh
06:56:28 AM  1000    408533    0.00    0.00    0.00    0.00    0.00    20  run-otelcol.sh
06:56:28 AM  1000    408536    0.00    0.00    0.00    0.00    0.00    20  run-prometheus.
06:56:28 AM  1000    408539    0.00    0.00    0.00    0.00    0.00    20  run-tempo.sh
06:56:28 AM  1000    408542    0.00    0.00    0.00    0.00    0.00    16  run-pyroscope.s
06:56:28 AM  1000    408650    0.00    0.00    0.00    0.00    0.00    20  sleep

06:56:28 AM   UID       PID    %usr %system  %guest   %wait    %CPU   CPU  Command
06:56:29 AM  1000    408528    0.00    0.00    0.00    0.00    0.00    20  run-grafana.sh
06:56:29 AM  1000    408530    0.00    0.00    0.00    0.00    0.00    18  run-loki.sh
06:56:29 AM  1000    408533    0.00    0.00    0.00    0.00    0.00    20  run-otelcol.sh
06:56:29 AM  1000    408536    0.00    0.00    0.00    0.00    0.00    20  run-prometheus.
06:56:29 AM  1000    408539    0.00    0.00    0.00    0.00    0.00    20  run-tempo.sh
06:56:29 AM  1000    408542    0.00    0.00    0.00    0.00    0.00    16  run-pyroscope.s
06:56:29 AM  1000    408650    0.00    0.00    0.00    0.00    0.00    20  sleep

06:56:29 AM   UID       PID    %usr %system  %guest   %wait    %CPU   CPU  Command
06:56:30 AM  1000    408528    0.00    0.00    0.00    0.00    0.00    20  run-grafana.sh
06:56:30 AM  1000    408530    0.00    0.00    0.00    0.00    0.00    18  run-loki.sh
06:56:30 AM  1000    408533    0.00    0.00    0.00    0.00    0.00    20  run-otelcol.sh
06:56:30 AM  1000    408536    0.00    0.00    0.00    0.00    0.00    20  run-prometheus.
06:56:30 AM  1000    408539    0.00    0.00    0.00    0.00    0.00    20  run-tempo.sh
06:56:30 AM  1000    408542    0.00    0.00    0.00    0.00    0.00    16  run-pyroscope.s
06:56:30 AM  1000    408650    0.00    0.00    0.00    0.00    0.00    20  sleep

06:56:30 AM   UID       PID    %usr %system  %guest   %wait    %CPU   CPU  Command
06:56:31 AM  1000    408528    0.00    0.00    0.00    0.00    0.00    20  run-grafana.sh
06:56:31 AM  1000    408530    0.00    0.00    0.00    0.00    0.00    18  run-loki.sh
06:56:31 AM  1000    408533    0.00    0.00    0.00    0.00    0.00    20  run-otelcol.sh
06:56:31 AM  1000    408536    0.00    0.00    0.00    0.00    0.00    20  run-prometheus.
06:56:31 AM  1000    408539    0.00    0.00    0.00    0.00    0.00    20  run-tempo.sh
06:56:31 AM  1000    408542    0.00    0.00    0.00    0.00    0.00    16  run-pyroscope.s
06:56:31 AM  1000    408650    0.00    0.00    0.00    0.00    0.00    20  sleep

06:56:31 AM   UID       PID    %usr %system  %guest   %wait    %CPU   CPU  Command
06:56:32 AM  1000    408528    0.00    0.00    0.00    0.00    0.00    20  run-grafana.sh
06:56:32 AM  1000    408530    0.00    0.00    0.00    0.00    0.00    18  run-loki.sh
06:56:32 AM  1000    408533    0.00    0.00    0.00    0.00    0.00    20  run-otelcol.sh
06:56:32 AM  1000    408536    0.00    0.00    0.00    0.00    0.00    20  run-prometheus.
06:56:32 AM  1000    408539    0.00    0.00    0.00    0.00    0.00    20  run-tempo.sh
06:56:32 AM  1000    408542    0.00    0.00    0.00    0.00    0.00    16  run-pyroscope.s
06:56:32 AM  1000    408650    0.00    0.00    0.00    0.00    0.00    20  sleep

06:56:32 AM   UID       PID    %usr %system  %guest   %wait    %CPU   CPU  Command
06:56:33 AM  1000    408528    0.00    0.00    0.00    0.00    0.00    20  run-grafana.sh
06:56:33 AM  1000    408530    0.00    0.00    0.00    0.00    0.00    18  run-loki.sh
06:56:33 AM  1000    408533    0.00    0.00    0.00    0.00    0.00    20  run-otelcol.sh
06:56:33 AM  1000    408536    0.00    0.00    0.00    0.00    0.00    20  run-prometheus.
06:56:33 AM  1000    408539    0.00    0.00    0.00    0.00    0.00    20  run-tempo.sh
06:56:33 AM  1000    408542    0.00    0.00    0.00    0.00    0.00    16  run-pyroscope.s
06:56:33 AM  1000    408650    0.00    0.00    0.00    0.00    0.00    20  sleep

06:56:33 AM   UID       PID    %usr %system  %guest   %wait    %CPU   CPU  Command
06:56:34 AM  1000    408528    0.00    0.00    0.00    0.00    0.00    20  run-grafana.sh
06:56:34 AM  1000    408530    0.00    0.00    0.00    0.00    0.00    18  run-loki.sh
06:56:34 AM  1000    408533    0.00    0.00    0.00    0.00    0.00    20  run-otelcol.sh
06:56:34 AM  1000    408536    0.00    0.00    0.00    0.00    0.00    20  run-prometheus.
06:56:34 AM  1000    408539    0.00    0.00    0.00    0.00    0.00    20  run-tempo.sh
06:56:34 AM  1000    408542    0.00    0.00    0.00    0.00    0.00    16  run-pyroscope.s
06:56:34 AM  1000    408650    0.00    0.00    0.00    0.00    0.00    20  sleep

06:56:34 AM   UID       PID    %usr %system  %guest   %wait    %CPU   CPU  Command
06:56:35 AM  1000    408528    0.00    0.00    0.00    0.00    0.00    20  run-grafana.sh
06:56:35 AM  1000    408530    0.00    0.00    0.00    0.00    0.00    18  run-loki.sh
06:56:35 AM  1000    408533    0.00    0.00    0.00    0.00    0.00    20  run-otelcol.sh
06:56:35 AM  1000    408536    0.00    0.00    0.00    0.00    0.00    20  run-prometheus.
06:56:35 AM  1000    408539    0.00    0.00    0.00    0.00    0.00    20  run-tempo.sh
06:56:35 AM  1000    408542    0.00    0.00    0.00    0.00    0.00    16  run-pyroscope.s
06:56:35 AM  1000    408650    0.00    0.00    0.00    0.00    0.00    20  sleep

06:56:35 AM   UID       PID    %usr %system  %guest   %wait    %CPU   CPU  Command
06:56:36 AM  1000    408528    0.00    0.00    0.00    0.00    0.00    20  run-grafana.sh
06:56:36 AM  1000    408530    0.00    0.00    0.00    0.00    0.00    18  run-loki.sh
06:56:36 AM  1000    408533    0.00    0.00    0.00    0.00    0.00    20  run-otelcol.sh
06:56:36 AM  1000    408536    0.00    0.00    0.00    0.00    0.00    20  run-prometheus.
06:56:36 AM  1000    408539    0.00    0.00    0.00    0.00    0.00    20  run-tempo.sh
06:56:36 AM  1000    408542    0.00    0.00    0.00    0.00    0.00    16  run-pyroscope.s
06:56:36 AM  1000    408650    0.00    0.00    0.00    0.00    0.00    20  sleep

06:56:36 AM   UID       PID    %usr %system  %guest   %wait    %CPU   CPU  Command
06:56:37 AM  1000    408528    0.00    0.00    0.00    0.00    0.00    20  run-grafana.sh
06:56:37 AM  1000    408530    0.00    0.00    0.00    0.00    0.00    18  run-loki.sh
06:56:37 AM  1000    408533    0.00    0.00    0.00    0.00    0.00    20  run-otelcol.sh
06:56:37 AM  1000    408536    0.00    0.00    0.00    0.00    0.00    20  run-prometheus.
06:56:37 AM  1000    408539    0.00    0.00    0.00    0.00    0.00    20  run-tempo.sh
06:56:37 AM  1000    408542    0.00    0.00    0.00    0.00    0.00    16  run-pyroscope.s
06:56:37 AM  1000    408650    0.00    0.00    0.00    0.00    0.00    20  sleep

06:56:37 AM   UID       PID    %usr %system  %guest   %wait    %CPU   CPU  Command
06:56:38 AM  1000    408528    0.00    0.00    0.00    0.00    0.00    20  run-grafana.sh
06:56:38 AM  1000    408530    0.00    0.00    0.00    0.00    0.00    18  run-loki.sh
06:56:38 AM  1000    408533    0.00    0.00    0.00    0.00    0.00    20  run-otelcol.sh
06:56:38 AM  1000    408536    0.00    0.00    0.00    0.00    0.00    20  run-prometheus.
06:56:38 AM  1000    408539    0.00    0.00    0.00    0.00    0.00    20  run-tempo.sh
06:56:38 AM  1000    408542    0.00    0.00    0.00    0.00    0.00    16  run-pyroscope.s
06:56:38 AM  1000    408650    0.00    0.00    0.00    0.00    0.00    20  sleep

06:56:38 AM   UID       PID    %usr %system  %guest   %wait    %CPU   CPU  Command
06:56:39 AM  1000    408528    0.00    0.00    0.00    0.00    0.00    20  run-grafana.sh
06:56:39 AM  1000    408530    0.00    0.00    0.00    0.00    0.00    18  run-loki.sh
06:56:39 AM  1000    408533    0.00    0.00    0.00    0.00    0.00    20  run-otelcol.sh
06:56:39 AM  1000    408536    0.00    0.00    0.00    0.00    0.00    20  run-prometheus.
06:56:39 AM  1000    408539    0.00    0.00    0.00    0.00    0.00    20  run-tempo.sh
06:56:39 AM  1000    408542    0.00    0.00    0.00    0.00    0.00    16  run-pyroscope.s
06:56:39 AM  1000    408650    0.00    0.00    0.00    0.00    0.00    20  sleep

06:56:39 AM   UID       PID    %usr %system  %guest   %wait    %CPU   CPU  Command
06:56:40 AM  1000    408528    0.00    0.00    0.00    0.00    0.00    20  run-grafana.sh
06:56:40 AM  1000    408530    0.00    0.00    0.00    0.00    0.00    18  run-loki.sh
06:56:40 AM  1000    408533    0.00    0.00    0.00    0.00    0.00    20  run-otelcol.sh
06:56:40 AM  1000    408536    0.00    0.00    0.00    0.00    0.00    20  run-prometheus.
06:56:40 AM  1000    408539    0.00    0.00    0.00    0.00    0.00    20  run-tempo.sh
06:56:40 AM  1000    408542    0.00    0.00    0.00    0.00    0.00    16  run-pyroscope.s
06:56:40 AM  1000    408650    0.00    0.00    0.00    0.00    0.00    20  sleep

06:56:40 AM   UID       PID    %usr %system  %guest   %wait    %CPU   CPU  Command
06:56:41 AM  1000    408528    0.00    0.00    0.00    0.00    0.00    20  run-grafana.sh
06:56:41 AM  1000    408530    0.00    0.00    0.00    0.00    0.00    18  run-loki.sh
06:56:41 AM  1000    408533    0.00    0.00    0.00    0.00    0.00    20  run-otelcol.sh
06:56:41 AM  1000    408536    0.00    0.00    0.00    0.00    0.00    20  run-prometheus.
06:56:41 AM  1000    408539    0.00    0.00    0.00    0.00    0.00    20  run-tempo.sh
06:56:41 AM  1000    408542    0.00    0.00    0.00    0.00    0.00    16  run-pyroscope.s
06:56:41 AM  1000    408650    0.00    0.00    0.00    0.00    0.00    20  sleep

06:56:41 AM   UID       PID    %usr %system  %guest   %wait    %CPU   CPU  Command
06:56:42 AM  1000    408528    0.00    0.00    0.00    0.00    0.00    20  run-grafana.sh
06:56:42 AM  1000    408530    0.00    0.00    0.00    0.00    0.00    18  run-loki.sh
06:56:42 AM  1000    408533    0.00    0.00    0.00    0.00    0.00    20  run-otelcol.sh
06:56:42 AM  1000    408536    0.00    0.00    0.00    0.00    0.00    20  run-prometheus.
06:56:42 AM  1000    408539    0.00    0.00    0.00    0.00    0.00    20  run-tempo.sh
06:56:42 AM  1000    408542    0.00    0.00    0.00    0.00    0.00    16  run-pyroscope.s
06:56:42 AM  1000    408650    0.00    0.00    0.00    0.00    0.00    20  sleep

06:56:42 AM   UID       PID    %usr %system  %guest   %wait    %CPU   CPU  Command
06:56:43 AM  1000    408528    0.00    0.00    0.00    0.00    0.00    20  run-grafana.sh
06:56:43 AM  1000    408530    0.00    0.00    0.00    0.00    0.00    18  run-loki.sh
06:56:43 AM  1000    408533    0.00    0.00    0.00    0.00    0.00    20  run-otelcol.sh
06:56:43 AM  1000    408536    0.00    0.00    0.00    0.00    0.00    20  run-prometheus.
06:56:43 AM  1000    408539    0.00    0.00    0.00    0.00    0.00    20  run-tempo.sh
06:56:43 AM  1000    408542    0.00    0.00    0.00    0.00    0.00    16  run-pyroscope.s
06:56:43 AM  1000    408650    0.00    0.00    0.00    0.00    0.00    20  sleep

06:56:43 AM   UID       PID    %usr %system  %guest   %wait    %CPU   CPU  Command
06:56:44 AM  1000    408528    0.00    0.00    0.00    0.00    0.00    20  run-grafana.sh
06:56:44 AM  1000    408530    0.00    0.00    0.00    0.00    0.00    18  run-loki.sh
06:56:44 AM  1000    408533    0.00    0.00    0.00    0.00    0.00    20  run-otelcol.sh
06:56:44 AM  1000    408536    0.00    0.00    0.00    0.00    0.00    20  run-prometheus.
06:56:44 AM  1000    408539    0.00    0.00    0.00    0.00    0.00    20  run-tempo.sh
06:56:44 AM  1000    408542    0.00    0.00    0.00    0.00    0.00    16  run-pyroscope.s
06:56:44 AM  1000    408650    0.00    0.00    0.00    0.00    0.00    20  sleep

06:56:44 AM   UID       PID    %usr %system  %guest   %wait    %CPU   CPU  Command
06:56:45 AM  1000    408528    0.00    0.00    0.00    0.00    0.00    20  run-grafana.sh
06:56:45 AM  1000    408530    0.00    0.00    0.00    0.00    0.00    18  run-loki.sh
06:56:45 AM  1000    408533    0.00    0.00    0.00    0.00    0.00    20  run-otelcol.sh
06:56:45 AM  1000    408536    0.00    0.00    0.00    0.00    0.00    20  run-prometheus.
06:56:45 AM  1000    408539    0.00    0.00    0.00    0.00    0.00    20  run-tempo.sh
06:56:45 AM  1000    408542    0.00    0.00    0.00    0.00    0.00    16  run-pyroscope.s
06:56:45 AM  1000    408650    0.00    0.00    0.00    0.00    0.00    20  sleep

06:56:45 AM   UID       PID    %usr %system  %guest   %wait    %CPU   CPU  Command
06:56:46 AM  1000    408528    0.00    0.00    0.00    0.00    0.00    20  run-grafana.sh
06:56:46 AM  1000    408530    0.00    0.00    0.00    0.00    0.00    18  run-loki.sh
06:56:46 AM  1000    408533    0.00    0.00    0.00    0.00    0.00    20  run-otelcol.sh
06:56:46 AM  1000    408536    0.00    0.00    0.00    0.00    0.00    20  run-prometheus.
06:56:46 AM  1000    408539    0.00    0.00    0.00    0.00    0.00    20  run-tempo.sh
06:56:46 AM  1000    408542    0.00    0.00    0.00    0.00    0.00    16  run-pyroscope.s
06:56:46 AM  1000    408650    0.00    0.00    0.00    0.00    0.00    20  sleep

06:56:46 AM   UID       PID    %usr %system  %guest   %wait    %CPU   CPU  Command
06:56:47 AM  1000    408528    0.00    0.00    0.00    0.00    0.00    20  run-grafana.sh
06:56:47 AM  1000    408530    0.00    0.00    0.00    0.00    0.00    18  run-loki.sh
06:56:47 AM  1000    408533    0.00    0.00    0.00    0.00    0.00    20  run-otelcol.sh
06:56:47 AM  1000    408536    0.00    0.00    0.00    0.00    0.00    20  run-prometheus.
06:56:47 AM  1000    408539    0.00    0.00    0.00    0.00    0.00    20  run-tempo.sh
06:56:47 AM  1000    408542    0.00    0.00    0.00    0.00    0.00    16  run-pyroscope.s
06:56:47 AM  1000    408650    0.00    0.00    0.00    0.00    0.00    20  sleep

06:56:47 AM   UID       PID    %usr %system  %guest   %wait    %CPU   CPU  Command
06:56:48 AM  1000    408528    0.00    0.00    0.00    0.00    0.00    20  run-grafana.sh
06:56:48 AM  1000    408530    0.00    0.00    0.00    0.00    0.00    18  run-loki.sh
06:56:48 AM  1000    408533    0.00    0.00    0.00    0.00    0.00    20  run-otelcol.sh
06:56:48 AM  1000    408536    0.00    0.00    0.00    0.00    0.00    20  run-prometheus.
06:56:48 AM  1000    408539    0.00    0.00    0.00    0.00    0.00    20  run-tempo.sh
06:56:48 AM  1000    408542    0.00    0.00    0.00    0.00    0.00    16  run-pyroscope.s
06:56:48 AM  1000    408650    0.00    0.00    0.00    0.00    0.00    20  sleep

06:56:48 AM   UID       PID    %usr %system  %guest   %wait    %CPU   CPU  Command
06:56:49 AM  1000    408528    0.00    0.00    0.00    0.00    0.00    20  run-grafana.sh
06:56:49 AM  1000    408530    0.00    0.00    0.00    0.00    0.00    18  run-loki.sh
06:56:49 AM  1000    408533    0.00    0.00    0.00    0.00    0.00    20  run-otelcol.sh
06:56:49 AM  1000    408536    0.00    0.00    0.00    0.00    0.00    20  run-prometheus.
06:56:49 AM  1000    408539    0.00    0.00    0.00    0.00    0.00    20  run-tempo.sh
06:56:49 AM  1000    408542    0.00    0.00    0.00    0.00    0.00    16  run-pyroscope.s
06:56:49 AM  1000    408650    0.00    0.00    0.00    0.00    0.00    20  sleep

06:56:49 AM   UID       PID    %usr %system  %guest   %wait    %CPU   CPU  Command
06:56:50 AM  1000    408528    0.00    0.00    0.00    0.00    0.00    20  run-grafana.sh
06:56:50 AM  1000    408530    0.00    0.00    0.00    0.00    0.00    18  run-loki.sh
06:56:50 AM  1000    408533    0.00    0.00    0.00    0.00    0.00    20  run-otelcol.sh
06:56:50 AM  1000    408536    0.00    0.00    0.00    0.00    0.00    20  run-prometheus.
06:56:50 AM  1000    408539    0.00    0.00    0.00    0.00    0.00    20  run-tempo.sh
06:56:50 AM  1000    408542    0.00    0.00    0.00    0.00    0.00    16  run-pyroscope.s
06:56:50 AM  1000    408650    0.00    0.00    0.00    0.00    0.00    20  sleep

06:56:50 AM   UID       PID    %usr %system  %guest   %wait    %CPU   CPU  Command
06:56:51 AM  1000    408528    0.00    0.00    0.00    0.00    0.00    20  run-grafana.sh
06:56:51 AM  1000    408530    0.00    0.00    0.00    0.00    0.00    18  run-loki.sh
06:56:51 AM  1000    408533    0.00    0.00    0.00    0.00    0.00    20  run-otelcol.sh
06:56:51 AM  1000    408536    0.00    0.00    0.00    0.00    0.00    20  run-prometheus.
06:56:51 AM  1000    408539    0.00    0.00    0.00    0.00    0.00    20  run-tempo.sh
06:56:51 AM  1000    408542    0.00    0.00    0.00    0.00    0.00    16  run-pyroscope.s
06:56:51 AM  1000    408650    0.00    0.00    0.00    0.00    0.00    20  sleep

06:56:51 AM   UID       PID    %usr %system  %guest   %wait    %CPU   CPU  Command
06:56:52 AM  1000    408528    0.00    0.00    0.00    0.00    0.00    20  run-grafana.sh
06:56:52 AM  1000    408530    0.00    0.00    0.00    0.00    0.00    18  run-loki.sh
06:56:52 AM  1000    408533    0.00    0.00    0.00    0.00    0.00    20  run-otelcol.sh
06:56:52 AM  1000    408536    0.00    0.00    0.00    0.00    0.00    20  run-prometheus.
06:56:52 AM  1000    408539    0.00    0.00    0.00    0.00    0.00    20  run-tempo.sh
06:56:52 AM  1000    408542    0.00    0.00    0.00    0.00    0.00    16  run-pyroscope.s
06:56:52 AM  1000    408650    0.00    0.00    0.00    0.00    0.00    20  sleep

06:56:52 AM   UID       PID    %usr %system  %guest   %wait    %CPU   CPU  Command
06:56:53 AM  1000    408528    0.00    0.00    0.00    0.00    0.00    20  run-grafana.sh
06:56:53 AM  1000    408530    0.00    0.00    0.00    0.00    0.00    18  run-loki.sh
06:56:53 AM  1000    408533    0.00    0.00    0.00    0.00    0.00    20  run-otelcol.sh
06:56:53 AM  1000    408536    0.00    0.00    0.00    0.00    0.00    20  run-prometheus.
06:56:53 AM  1000    408539    0.00    0.00    0.00    0.00    0.00    20  run-tempo.sh
06:56:53 AM  1000    408542    0.00    0.00    0.00    0.00    0.00    16  run-pyroscope.s
06:56:53 AM  1000    408650    0.00    0.00    0.00    0.00    0.00    20  sleep

06:56:53 AM   UID       PID    %usr %system  %guest   %wait    %CPU   CPU  Command
06:56:54 AM  1000    408528    0.00    0.00    0.00    0.00    0.00    20  run-grafana.sh
06:56:54 AM  1000    408530    0.00    0.00    0.00    0.00    0.00    18  run-loki.sh
06:56:54 AM  1000    408533    0.00    0.00    0.00    0.00    0.00    20  run-otelcol.sh
06:56:54 AM  1000    408536    0.00    0.00    0.00    0.00    0.00    20  run-prometheus.
06:56:54 AM  1000    408539    0.00    0.00    0.00    0.00    0.00    20  run-tempo.sh
06:56:54 AM  1000    408542    0.00    0.00    0.00    0.00    0.00    16  run-pyroscope.s
06:56:54 AM  1000    408650    0.00    0.00    0.00    0.00    0.00    20  sleep

06:56:54 AM   UID       PID    %usr %system  %guest   %wait    %CPU   CPU  Command
06:56:55 AM  1000    408528    0.00    0.00    0.00    0.00    0.00    20  run-grafana.sh
06:56:55 AM  1000    408530    0.00    0.00    0.00    0.00    0.00    18  run-loki.sh
06:56:55 AM  1000    408533    0.00    0.00    0.00    0.00    0.00    20  run-otelcol.sh
06:56:55 AM  1000    408536    0.00    0.00    0.00    0.00    0.00    20  run-prometheus.
06:56:55 AM  1000    408539    0.00    0.00    0.00    0.00    0.00    20  run-tempo.sh
06:56:55 AM  1000    408542    0.00    0.00    0.00    0.00    0.00    16  run-pyroscope.s
06:56:55 AM  1000    408650    0.00    0.00    0.00    0.00    0.00    20  sleep

06:56:55 AM   UID       PID    %usr %system  %guest   %wait    %CPU   CPU  Command
06:56:56 AM  1000    408528    0.00    0.00    0.00    0.00    0.00    20  run-grafana.sh
06:56:56 AM  1000    408530    0.00    0.00    0.00    0.00    0.00    18  run-loki.sh
06:56:56 AM  1000    408533    0.00    0.00    0.00    0.00    0.00    20  run-otelcol.sh
06:56:56 AM  1000    408536    0.00    0.00    0.00    0.00    0.00    20  run-prometheus.
06:56:56 AM  1000    408539    0.00    0.00    0.00    0.00    0.00    20  run-tempo.sh
06:56:56 AM  1000    408542    0.00    0.00    0.00    0.00    0.00    16  run-pyroscope.s
06:56:56 AM  1000    408650    0.00    0.00    0.00    0.00    0.00    20  sleep

06:56:56 AM   UID       PID    %usr %system  %guest   %wait    %CPU   CPU  Command
06:56:57 AM  1000    408528    0.00    0.00    0.00    0.00    0.00    20  run-grafana.sh
06:56:57 AM  1000    408530    0.00    0.00    0.00    0.00    0.00    18  run-loki.sh
06:56:57 AM  1000    408533    0.00    0.00    0.00    0.00    0.00    20  run-otelcol.sh
06:56:57 AM  1000    408536    0.00    0.00    0.00    0.00    0.00    20  run-prometheus.
06:56:57 AM  1000    408539    0.00    0.00    0.00    0.00    0.00    20  run-tempo.sh
06:56:57 AM  1000    408542    0.00    0.00    0.00    0.00    0.00    16  run-pyroscope.s
06:56:57 AM  1000    408650    0.00    0.00    0.00    0.00    0.00    20  sleep

06:56:57 AM   UID       PID    %usr %system  %guest   %wait    %CPU   CPU  Command
06:56:58 AM  1000    408528    0.00    0.00    0.00    0.00    0.00    20  run-grafana.sh
06:56:58 AM  1000    408530    0.00    0.00    0.00    0.00    0.00    18  run-loki.sh
06:56:58 AM  1000    408533    0.00    0.00    0.00    0.00    0.00    20  run-otelcol.sh
06:56:58 AM  1000    408536    0.00    0.00    0.00    0.00    0.00    20  run-prometheus.
06:56:58 AM  1000    408539    0.00    0.00    0.00    0.00    0.00    20  run-tempo.sh
06:56:58 AM  1000    408542    0.00    0.00    0.00    0.00    0.00    16  run-pyroscope.s
06:56:58 AM  1000    408650    0.00    0.00    0.00    0.00    0.00    20  sleep

06:56:58 AM   UID       PID    %usr %system  %guest   %wait    %CPU   CPU  Command
06:56:59 AM  1000    408528    0.00    0.00    0.00    0.00    0.00    20  run-grafana.sh
06:56:59 AM  1000    408530    0.00    0.00    0.00    0.00    0.00    18  run-loki.sh
06:56:59 AM  1000    408533    0.00    0.00    0.00    0.00    0.00    20  run-otelcol.sh
06:56:59 AM  1000    408536    0.00    0.00    0.00    0.00    0.00    20  run-prometheus.
06:56:59 AM  1000    408539    0.00    0.00    0.00    0.00    0.00    20  run-tempo.sh
06:56:59 AM  1000    408542    0.00    0.00    0.00    0.00    0.00    16  run-pyroscope.s
06:56:59 AM  1000    408650    0.00    0.00    0.00    0.00    0.00    20  sleep

06:56:59 AM   UID       PID    %usr %system  %guest   %wait    %CPU   CPU  Command
06:57:00 AM  1000    408528    0.00    0.00    0.00    0.00    0.00    20  run-grafana.sh
06:57:00 AM  1000    408530    0.00    0.00    0.00    0.00    0.00    18  run-loki.sh
06:57:00 AM  1000    408533    0.00    0.00    0.00    0.00    0.00    20  run-otelcol.sh
06:57:00 AM  1000    408536    0.00    0.00    0.00    0.00    0.00    20  run-prometheus.
06:57:00 AM  1000    408539    0.00    0.00    0.00    0.00    0.00    20  run-tempo.sh
06:57:00 AM  1000    408542    0.00    0.00    0.00    0.00    0.00    16  run-pyroscope.s
06:57:00 AM  1000    408650    0.00    0.00    0.00    0.00    0.00    20  sleep

06:57:00 AM   UID       PID    %usr %system  %guest   %wait    %CPU   CPU  Command
06:57:01 AM  1000    408528    0.00    0.00    0.00    0.00    0.00    20  run-grafana.sh
06:57:01 AM  1000    408530    0.00    0.00    0.00    0.00    0.00    18  run-loki.sh
06:57:01 AM  1000    408533    0.00    0.00    0.00    0.00    0.00    20  run-otelcol.sh
06:57:01 AM  1000    408536    0.00    0.00    0.00    0.00    0.00    20  run-prometheus.
06:57:01 AM  1000    408539    0.00    0.00    0.00    0.00    0.00    20  run-tempo.sh
06:57:01 AM  1000    408542    0.00    0.00    0.00    0.00    0.00    16  run-pyroscope.s
06:57:01 AM  1000    408650    0.00    0.00    0.00    0.00    0.00    20  sleep

06:57:01 AM   UID       PID    %usr %system  %guest   %wait    %CPU   CPU  Command
06:57:02 AM  1000    408528    0.00    0.00    0.00    0.00    0.00    20  run-grafana.sh
06:57:02 AM  1000    408530    0.00    0.00    0.00    0.00    0.00    18  run-loki.sh
06:57:02 AM  1000    408533    0.00    0.00    0.00    0.00    0.00    20  run-otelcol.sh
06:57:02 AM  1000    408536    0.00    0.00    0.00    0.00    0.00    20  run-prometheus.
06:57:02 AM  1000    408539    0.00    0.00    0.00    0.00    0.00    20  run-tempo.sh
06:57:02 AM  1000    408542    0.00    0.00    0.00    0.00    0.00    16  run-pyroscope.s
06:57:02 AM  1000    408650    0.00    0.00    0.00    0.00    0.00    20  sleep

06:57:02 AM   UID       PID    %usr %system  %guest   %wait    %CPU   CPU  Command
06:57:03 AM  1000    408528    0.00    0.00    0.00    0.00    0.00    20  run-grafana.sh
06:57:03 AM  1000    408530    0.00    0.00    0.00    0.00    0.00    18  run-loki.sh
06:57:03 AM  1000    408533    0.00    0.00    0.00    0.00    0.00    20  run-otelcol.sh
06:57:03 AM  1000    408536    0.00    0.00    0.00    0.00    0.00    20  run-prometheus.
06:57:03 AM  1000    408539    0.00    0.00    0.00    0.00    0.00    20  run-tempo.sh
06:57:03 AM  1000    408542    0.00    0.00    0.00    0.00    0.00    16  run-pyroscope.s
06:57:03 AM  1000    408650    0.00    0.00    0.00    0.00    0.00    20  sleep

06:57:03 AM   UID       PID    %usr %system  %guest   %wait    %CPU   CPU  Command
06:57:04 AM  1000    408528    0.00    0.00    0.00    0.00    0.00    20  run-grafana.sh
06:57:04 AM  1000    408530    0.00    0.00    0.00    0.00    0.00    18  run-loki.sh
06:57:04 AM  1000    408533    0.00    0.00    0.00    0.00    0.00    20  run-otelcol.sh
06:57:04 AM  1000    408536    0.00    0.00    0.00    0.00    0.00    20  run-prometheus.
06:57:04 AM  1000    408539    0.00    0.00    0.00    0.00    0.00    20  run-tempo.sh
06:57:04 AM  1000    408542    0.00    0.00    0.00    0.00    0.00    16  run-pyroscope.s
06:57:04 AM  1000    408650    0.00    0.00    0.00    0.00    0.00    20  sleep

06:57:04 AM   UID       PID    %usr %system  %guest   %wait    %CPU   CPU  Command
06:57:05 AM  1000    408528    0.00    0.00    0.00    0.00    0.00    20  run-grafana.sh
06:57:05 AM  1000    408530    0.00    0.00    0.00    0.00    0.00    18  run-loki.sh
06:57:05 AM  1000    408533    0.00    0.00    0.00    0.00    0.00    20  run-otelcol.sh
06:57:05 AM  1000    408536    0.00    0.00    0.00    0.00    0.00    20  run-prometheus.
06:57:05 AM  1000    408539    0.00    0.00    0.00    0.00    0.00    20  run-tempo.sh
06:57:05 AM  1000    408542    0.00    0.00    0.00    0.00    0.00    16  run-pyroscope.s
06:57:05 AM  1000    408650    0.00    0.00    0.00    0.00    0.00    20  sleep

06:57:05 AM   UID       PID    %usr %system  %guest   %wait    %CPU   CPU  Command
06:57:06 AM  1000    408528    0.00    0.00    0.00    0.00    0.00    20  run-grafana.sh
06:57:06 AM  1000    408530    0.00    0.00    0.00    0.00    0.00    18  run-loki.sh
06:57:06 AM  1000    408533    0.00    0.00    0.00    0.00    0.00    20  run-otelcol.sh
06:57:06 AM  1000    408536    0.00    0.00    0.00    0.00    0.00    20  run-prometheus.
06:57:06 AM  1000    408539    0.00    0.00    0.00    0.00    0.00    20  run-tempo.sh
06:57:06 AM  1000    408542    0.00    0.00    0.00    0.00    0.00    16  run-pyroscope.s
06:57:06 AM  1000    408650    0.00    0.00    0.00    0.00    0.00    20  sleep

06:57:06 AM   UID       PID    %usr %system  %guest   %wait    %CPU   CPU  Command
06:57:07 AM  1000    408528    0.00    0.00    0.00    0.00    0.00    20  run-grafana.sh
06:57:07 AM  1000    408530    0.00    0.00    0.00    0.00    0.00    18  run-loki.sh
06:57:07 AM  1000    408533    0.00    0.00    0.00    0.00    0.00    20  run-otelcol.sh
06:57:07 AM  1000    408536    0.00    0.00    0.00    0.00    0.00    20  run-prometheus.
06:57:07 AM  1000    408539    0.00    0.00    0.00    0.00    0.00    20  run-tempo.sh
06:57:07 AM  1000    408542    0.00    0.00    0.00    0.00    0.00    16  run-pyroscope.s
06:57:07 AM  1000    408650    0.00    0.00    0.00    0.00    0.00    20  sleep

06:57:07 AM   UID       PID    %usr %system  %guest   %wait    %CPU   CPU  Command
06:57:08 AM  1000    408528    0.00    0.00    0.00    0.00    0.00    20  run-grafana.sh
06:57:08 AM  1000    408530    0.00    0.00    0.00    0.00    0.00    18  run-loki.sh
06:57:08 AM  1000    408533    0.00    0.00    0.00    0.00    0.00    20  run-otelcol.sh
06:57:08 AM  1000    408536    0.00    0.00    0.00    0.00    0.00    20  run-prometheus.
06:57:08 AM  1000    408539    0.00    0.00    0.00    0.00    0.00    20  run-tempo.sh
06:57:08 AM  1000    408542    0.00    0.00    0.00    0.00    0.00    16  run-pyroscope.s
06:57:08 AM  1000    408650    0.00    0.00    0.00    0.00    0.00    20  sleep

06:57:08 AM   UID       PID    %usr %system  %guest   %wait    %CPU   CPU  Command
06:57:09 AM  1000    408528    0.00    0.00    0.00    0.00    0.00    20  run-grafana.sh
06:57:09 AM  1000    408530    0.00    0.00    0.00    0.00    0.00    18  run-loki.sh
06:57:09 AM  1000    408533    0.00    0.00    0.00    0.00    0.00    20  run-otelcol.sh
06:57:09 AM  1000    408536    0.00    0.00    0.00    0.00    0.00    20  run-prometheus.
06:57:09 AM  1000    408539    0.00    0.00    0.00    0.00    0.00    20  run-tempo.sh
06:57:09 AM  1000    408542    0.00    0.00    0.00    0.00    0.00    16  run-pyroscope.s
06:57:09 AM  1000    408650    0.00    0.00    0.00    0.00    0.00    20  sleep

06:57:09 AM   UID       PID    %usr %system  %guest   %wait    %CPU   CPU  Command
06:57:10 AM  1000    408528    0.00    0.00    0.00    0.00    0.00    20  run-grafana.sh
06:57:10 AM  1000    408530    0.00    0.00    0.00    0.00    0.00    18  run-loki.sh
06:57:10 AM  1000    408533    0.00    0.00    0.00    0.00    0.00    20  run-otelcol.sh
06:57:10 AM  1000    408536    0.00    0.00    0.00    0.00    0.00    20  run-prometheus.
06:57:10 AM  1000    408539    0.00    0.00    0.00    0.00    0.00    20  run-tempo.sh
06:57:10 AM  1000    408542    0.00    0.00    0.00    0.00    0.00    16  run-pyroscope.s
06:57:10 AM  1000    408650    0.00    0.00    0.00    0.00    0.00    20  sleep

06:57:10 AM   UID       PID    %usr %system  %guest   %wait    %CPU   CPU  Command
06:57:11 AM  1000    408528    0.00    0.00    0.00    0.00    0.00    20  run-grafana.sh
06:57:11 AM  1000    408530    0.00    0.00    0.00    0.00    0.00    18  run-loki.sh
06:57:11 AM  1000    408533    0.00    0.00    0.00    0.00    0.00    20  run-otelcol.sh
06:57:11 AM  1000    408536    0.00    0.00    0.00    0.00    0.00    20  run-prometheus.
06:57:11 AM  1000    408539    0.00    0.00    0.00    0.00    0.00    20  run-tempo.sh
06:57:11 AM  1000    408542    0.00    0.00    0.00    0.00    0.00    16  run-pyroscope.s
06:57:11 AM  1000    408650    0.00    0.00    0.00    0.00    0.00    20  sleep

06:57:11 AM   UID       PID    %usr %system  %guest   %wait    %CPU   CPU  Command
06:57:12 AM  1000    408528    0.00    0.00    0.00    0.00    0.00    20  run-grafana.sh
06:57:12 AM  1000    408530    0.00    0.00    0.00    0.00    0.00    18  run-loki.sh
06:57:12 AM  1000    408533    0.00    0.00    0.00    0.00    0.00    20  run-otelcol.sh
06:57:12 AM  1000    408536    0.00    0.00    0.00    0.00    0.00    20  run-prometheus.
06:57:12 AM  1000    408539    0.00    0.00    0.00    0.00    0.00    20  run-tempo.sh
06:57:12 AM  1000    408542    0.00    0.00    0.00    0.00    0.00    16  run-pyroscope.s
06:57:12 AM  1000    408650    0.00    0.00    0.00    0.00    0.00    20  sleep

06:57:12 AM   UID       PID    %usr %system  %guest   %wait    %CPU   CPU  Command
06:57:13 AM  1000    408528    0.00    0.00    0.00    0.00    0.00    20  run-grafana.sh
06:57:13 AM  1000    408530    0.00    0.00    0.00    0.00    0.00    18  run-loki.sh
06:57:13 AM  1000    408533    0.00    0.00    0.00    0.00    0.00    20  run-otelcol.sh
06:57:13 AM  1000    408536    0.00    0.00    0.00    0.00    0.00    20  run-prometheus.
06:57:13 AM  1000    408539    0.00    0.00    0.00    0.00    0.00    20  run-tempo.sh
06:57:13 AM  1000    408542    0.00    0.00    0.00    0.00    0.00    16  run-pyroscope.s
06:57:13 AM  1000    408650    0.00    0.00    0.00    0.00    0.00    20  sleep

06:57:13 AM   UID       PID    %usr %system  %guest   %wait    %CPU   CPU  Command
06:57:14 AM  1000    408528    0.00    0.00    0.00    0.00    0.00    20  run-grafana.sh
06:57:14 AM  1000    408530    0.00    0.00    0.00    0.00    0.00    18  run-loki.sh
06:57:14 AM  1000    408533    0.00    0.00    0.00    0.00    0.00    20  run-otelcol.sh
06:57:14 AM  1000    408536    0.00    0.00    0.00    0.00    0.00    20  run-prometheus.
06:57:14 AM  1000    408539    0.00    0.00    0.00    0.00    0.00    20  run-tempo.sh
06:57:14 AM  1000    408542    0.00    0.00    0.00    0.00    0.00    16  run-pyroscope.s
06:57:14 AM  1000    408650    0.00    0.00    0.00    0.00    0.00    20  sleep

06:57:14 AM   UID       PID    %usr %system  %guest   %wait    %CPU   CPU  Command
06:57:15 AM  1000    408528    0.00    0.00    0.00    0.00    0.00    20  run-grafana.sh
06:57:15 AM  1000    408530    0.00    0.00    0.00    0.00    0.00    18  run-loki.sh
06:57:15 AM  1000    408533    0.00    0.00    0.00    0.00    0.00    20  run-otelcol.sh
06:57:15 AM  1000    408536    0.00    0.00    0.00    0.00    0.00    20  run-prometheus.
06:57:15 AM  1000    408539    0.00    0.00    0.00    0.00    0.00    20  run-tempo.sh
06:57:15 AM  1000    408542    0.00    0.00    0.00    0.00    0.00    16  run-pyroscope.s
06:57:15 AM  1000    408650    0.00    0.00    0.00    0.00    0.00    20  sleep

06:57:15 AM   UID       PID    %usr %system  %guest   %wait    %CPU   CPU  Command
06:57:16 AM  1000    408528    0.00    0.00    0.00    0.00    0.00    20  run-grafana.sh
06:57:16 AM  1000    408530    0.00    0.00    0.00    0.00    0.00    18  run-loki.sh
06:57:16 AM  1000    408533    0.00    0.00    0.00    0.00    0.00    20  run-otelcol.sh
06:57:16 AM  1000    408536    0.00    0.00    0.00    0.00    0.00    20  run-prometheus.
06:57:16 AM  1000    408539    0.00    0.00    0.00    0.00    0.00    20  run-tempo.sh
06:57:16 AM  1000    408542    0.00    0.00    0.00    0.00    0.00    16  run-pyroscope.s
06:57:16 AM  1000    408650    0.00    0.00    0.00    0.00    0.00    20  sleep

06:57:16 AM   UID       PID    %usr %system  %guest   %wait    %CPU   CPU  Command
06:57:17 AM  1000    408528    0.00    0.00    0.00    0.00    0.00    20  run-grafana.sh
06:57:17 AM  1000    408530    0.00    0.00    0.00    0.00    0.00    18  run-loki.sh
06:57:17 AM  1000    408533    0.00    0.00    0.00    0.00    0.00    20  run-otelcol.sh
06:57:17 AM  1000    408536    0.00    0.00    0.00    0.00    0.00    20  run-prometheus.
06:57:17 AM  1000    408539    0.00    0.00    0.00    0.00    0.00    20  run-tempo.sh
06:57:17 AM  1000    408542    0.00    0.00    0.00    0.00    0.00    16  run-pyroscope.s
06:57:17 AM  1000    408650    0.00    0.00    0.00    0.00    0.00    20  sleep

06:57:17 AM   UID       PID    %usr %system  %guest   %wait    %CPU   CPU  Command
06:57:18 AM  1000    408528    0.00    0.00    0.00    0.00    0.00    20  run-grafana.sh
06:57:18 AM  1000    408530    0.00    0.00    0.00    0.00    0.00    18  run-loki.sh
06:57:18 AM  1000    408533    0.00    0.00    0.00    0.00    0.00    20  run-otelcol.sh
06:57:18 AM  1000    408536    0.00    0.00    0.00    0.00    0.00    20  run-prometheus.
06:57:18 AM  1000    408539    0.00    0.00    0.00    0.00    0.00    20  run-tempo.sh
06:57:18 AM  1000    408542    0.00    0.00    0.00    0.00    0.00    16  run-pyroscope.s
06:57:18 AM  1000    408650    0.00    0.00    0.00    0.00    0.00    20  sleep

06:57:18 AM   UID       PID    %usr %system  %guest   %wait    %CPU   CPU  Command
06:57:19 AM  1000    408528    0.00    0.00    0.00    0.00    0.00    20  run-grafana.sh
06:57:19 AM  1000    408530    0.00    0.00    0.00    0.00    0.00    18  run-loki.sh
06:57:19 AM  1000    408533    0.00    0.00    0.00    0.00    0.00    20  run-otelcol.sh
06:57:19 AM  1000    408536    0.00    0.00    0.00    0.00    0.00    20  run-prometheus.
06:57:19 AM  1000    408539    0.00    0.00    0.00    0.00    0.00    20  run-tempo.sh
06:57:19 AM  1000    408542    0.00    0.00    0.00    0.00    0.00    16  run-pyroscope.s
06:57:19 AM  1000    408650    0.00    0.00    0.00    0.00    0.00    20  sleep

06:57:19 AM   UID       PID    %usr %system  %guest   %wait    %CPU   CPU  Command
06:57:20 AM  1000    408528    0.00    0.00    0.00    0.00    0.00    20  run-grafana.sh
06:57:20 AM  1000    408530    0.00    0.00    0.00    0.00    0.00    18  run-loki.sh
06:57:20 AM  1000    408533    0.00    0.00    0.00    0.00    0.00    20  run-otelcol.sh
06:57:20 AM  1000    408536    0.00    0.00    0.00    0.00    0.00    20  run-prometheus.
06:57:20 AM  1000    408539    0.00    0.00    0.00    0.00    0.00    20  run-tempo.sh
06:57:20 AM  1000    408542    0.00    0.00    0.00    0.00    0.00    16  run-pyroscope.s
06:57:20 AM  1000    408650    0.00    0.00    0.00    0.00    0.00    20  sleep

06:57:20 AM   UID       PID    %usr %system  %guest   %wait    %CPU   CPU  Command
06:57:21 AM  1000    408528    0.00    0.00    0.00    0.00    0.00    20  run-grafana.sh
06:57:21 AM  1000    408530    0.00    0.00    0.00    0.00    0.00    18  run-loki.sh
06:57:21 AM  1000    408533    0.00    0.00    0.00    0.00    0.00    20  run-otelcol.sh
06:57:21 AM  1000    408536    0.00    0.00    0.00    0.00    0.00    20  run-prometheus.
06:57:21 AM  1000    408539    0.00    0.00    0.00    0.00    0.00    20  run-tempo.sh
06:57:21 AM  1000    408542    0.00    0.00    0.00    0.00    0.00    16  run-pyroscope.s
06:57:21 AM  1000    408650    0.00    0.00    0.00    0.00    0.00    20  sleep

06:57:21 AM   UID       PID    %usr %system  %guest   %wait    %CPU   CPU  Command
06:57:22 AM  1000    408528    0.00    0.00    0.00    0.00    0.00    20  run-grafana.sh
06:57:22 AM  1000    408530    0.00    0.00    0.00    0.00    0.00    18  run-loki.sh
06:57:22 AM  1000    408533    0.00    0.00    0.00    0.00    0.00    20  run-otelcol.sh
06:57:22 AM  1000    408536    0.00    0.00    0.00    0.00    0.00    20  run-prometheus.
06:57:22 AM  1000    408539    0.00    0.00    0.00    0.00    0.00    20  run-tempo.sh
06:57:22 AM  1000    408542    0.00    0.00    0.00    0.00    0.00    16  run-pyroscope.s
06:57:22 AM  1000    408650    0.00    0.00    0.00    0.00    0.00    20  sleep

06:57:22 AM   UID       PID    %usr %system  %guest   %wait    %CPU   CPU  Command
06:57:23 AM  1000    408528    0.00    0.00    0.00    0.00    0.00    20  run-grafana.sh
06:57:23 AM  1000    408530    0.00    0.00    0.00    0.00    0.00    18  run-loki.sh
06:57:23 AM  1000    408533    0.00    0.00    0.00    0.00    0.00    20  run-otelcol.sh
06:57:23 AM  1000    408536    0.00    0.00    0.00    0.00    0.00    20  run-prometheus.
06:57:23 AM  1000    408539    0.00    0.00    0.00    0.00    0.00    20  run-tempo.sh
06:57:23 AM  1000    408542    0.00    0.00    0.00    0.00    0.00    16  run-pyroscope.s
06:57:23 AM  1000    408650    0.00    0.00    0.00    0.00    0.00    20  sleep

06:57:23 AM   UID       PID    %usr %system  %guest   %wait    %CPU   CPU  Command
06:57:24 AM  1000    408528    0.00    0.00    0.00    0.00    0.00    20  run-grafana.sh
06:57:24 AM  1000    408530    0.00    0.00    0.00    0.00    0.00    18  run-loki.sh
06:57:24 AM  1000    408533    0.00    0.00    0.00    0.00    0.00    20  run-otelcol.sh
06:57:24 AM  1000    408536    0.00    0.00    0.00    0.00    0.00    20  run-prometheus.
06:57:24 AM  1000    408539    0.00    0.00    0.00    0.00    0.00    20  run-tempo.sh
06:57:24 AM  1000    408542    0.00    0.00    0.00    0.00    0.00    16  run-pyroscope.s
06:57:24 AM  1000    408650    0.00    0.00    0.00    0.00    0.00    20  sleep

06:57:24 AM   UID       PID    %usr %system  %guest   %wait    %CPU   CPU  Command
06:57:25 AM  1000    408528    0.00    0.00    0.00    0.00    0.00    20  run-grafana.sh
06:57:25 AM  1000    408530    0.00    0.00    0.00    0.00    0.00    18  run-loki.sh
06:57:25 AM  1000    408533    0.00    0.00    0.00    0.00    0.00    20  run-otelcol.sh
06:57:25 AM  1000    408536    0.00    0.00    0.00    0.00    0.00    20  run-prometheus.
06:57:25 AM  1000    408539    0.00    0.00    0.00    0.00    0.00    20  run-tempo.sh
06:57:25 AM  1000    408542    0.00    0.00    0.00    0.00    0.00    16  run-pyroscope.s
06:57:25 AM  1000    408650    0.00    0.00    0.00    0.00    0.00    20  sleep

06:57:25 AM   UID       PID    %usr %system  %guest   %wait    %CPU   CPU  Command
06:57:26 AM  1000    408528    0.00    0.00    0.00    0.00    0.00    20  run-grafana.sh
06:57:26 AM  1000    408530    0.00    0.00    0.00    0.00    0.00    18  run-loki.sh
06:57:26 AM  1000    408533    0.00    0.00    0.00    0.00    0.00    20  run-otelcol.sh
06:57:26 AM  1000    408536    0.00    0.00    0.00    0.00    0.00    20  run-prometheus.
06:57:26 AM  1000    408539    0.00    0.00    0.00    0.00    0.00    20  run-tempo.sh
06:57:26 AM  1000    408542    0.00    0.00    0.00    0.00    0.00    16  run-pyroscope.s
06:57:26 AM  1000    408650    0.00    0.00    0.00    0.00    0.00    20  sleep

06:57:26 AM   UID       PID    %usr %system  %guest   %wait    %CPU   CPU  Command
06:57:27 AM  1000    408528    0.00    0.00    0.00    0.00    0.00    20  run-grafana.sh
06:57:27 AM  1000    408530    0.00    0.00    0.00    0.00    0.00    18  run-loki.sh
06:57:27 AM  1000    408533    0.00    0.00    0.00    0.00    0.00    20  run-otelcol.sh
06:57:27 AM  1000    408536    0.00    0.00    0.00    0.00    0.00    20  run-prometheus.
06:57:27 AM  1000    408539    0.00    0.00    0.00    0.00    0.00    20  run-tempo.sh
06:57:27 AM  1000    408542    0.00    0.00    0.00    0.00    0.00    16  run-pyroscope.s
06:57:27 AM  1000    408650    0.00    0.00    0.00    0.00    0.00    20  sleep

06:57:27 AM   UID       PID    %usr %system  %guest   %wait    %CPU   CPU  Command
06:57:28 AM  1000    408528    0.00    0.00    0.00    0.00    0.00    20  run-grafana.sh
06:57:28 AM  1000    408530    0.00    0.00    0.00    0.00    0.00    18  run-loki.sh
06:57:28 AM  1000    408533    0.00    0.00    0.00    0.00    0.00    20  run-otelcol.sh
06:57:28 AM  1000    408536    0.00    0.00    0.00    0.00    0.00    20  run-prometheus.
06:57:28 AM  1000    408539    0.00    0.00    0.00    0.00    0.00    20  run-tempo.sh
06:57:28 AM  1000    408542    0.00    0.00    0.00    0.00    0.00    16  run-pyroscope.s
06:57:28 AM  1000    408650    0.00    0.00    0.00    0.00    0.00    20  sleep

06:57:28 AM   UID       PID    %usr %system  %guest   %wait    %CPU   CPU  Command
06:57:29 AM  1000    408528    0.00    0.00    0.00    0.00    0.00    20  run-grafana.sh
06:57:29 AM  1000    408530    0.00    0.00    0.00    0.00    0.00    18  run-loki.sh
06:57:29 AM  1000    408533    0.00    0.00    0.00    0.00    0.00    20  run-otelcol.sh
06:57:29 AM  1000    408536    0.00    0.00    0.00    0.00    0.00    20  run-prometheus.
06:57:29 AM  1000    408539    0.00    0.00    0.00    0.00    0.00    20  run-tempo.sh
06:57:29 AM  1000    408542    0.00    0.00    0.00    0.00    0.00    16  run-pyroscope.s
06:57:29 AM  1000    408650    0.00    0.00    0.00    0.00    0.00    20  sleep

06:57:29 AM   UID       PID    %usr %system  %guest   %wait    %CPU   CPU  Command
06:57:30 AM  1000    408528    0.00    0.00    0.00    0.00    0.00    20  run-grafana.sh
06:57:30 AM  1000    408530    0.00    0.00    0.00    0.00    0.00    18  run-loki.sh
06:57:30 AM  1000    408533    0.00    0.00    0.00    0.00    0.00    20  run-otelcol.sh
06:57:30 AM  1000    408536    0.00    0.00    0.00    0.00    0.00    20  run-prometheus.
06:57:30 AM  1000    408539    0.00    0.00    0.00    0.00    0.00    20  run-tempo.sh
06:57:30 AM  1000    408542    0.00    0.00    0.00    0.00    0.00    16  run-pyroscope.s
06:57:30 AM  1000    408650    0.00    0.00    0.00    0.00    0.00    20  sleep

06:57:30 AM   UID       PID    %usr %system  %guest   %wait    %CPU   CPU  Command
06:57:31 AM  1000    408528    0.00    0.00    0.00    0.00    0.00    20  run-grafana.sh
06:57:31 AM  1000    408530    0.00    0.00    0.00    0.00    0.00    18  run-loki.sh
06:57:31 AM  1000    408533    0.00    0.00    0.00    0.00    0.00    20  run-otelcol.sh
06:57:31 AM  1000    408536    0.00    0.00    0.00    0.00    0.00    20  run-prometheus.
06:57:31 AM  1000    408539    0.00    0.00    0.00    0.00    0.00    20  run-tempo.sh
06:57:31 AM  1000    408542    0.00    0.00    0.00    0.00    0.00    16  run-pyroscope.s
06:57:31 AM  1000    408650    0.00    0.00    0.00    0.00    0.00    20  sleep

06:57:31 AM   UID       PID    %usr %system  %guest   %wait    %CPU   CPU  Command
06:57:32 AM  1000    408528    0.00    0.00    0.00    0.00    0.00    20  run-grafana.sh
06:57:32 AM  1000    408530    0.00    0.00    0.00    0.00    0.00    18  run-loki.sh
06:57:32 AM  1000    408533    0.00    0.00    0.00    0.00    0.00    20  run-otelcol.sh
06:57:32 AM  1000    408536    0.00    0.00    0.00    0.00    0.00    20  run-prometheus.
06:57:32 AM  1000    408539    0.00    0.00    0.00    0.00    0.00    20  run-tempo.sh
06:57:32 AM  1000    408542    0.00    0.00    0.00    0.00    0.00    16  run-pyroscope.s
06:57:32 AM  1000    408650    0.00    0.00    0.00    0.00    0.00    20  sleep

06:57:32 AM   UID       PID    %usr %system  %guest   %wait    %CPU   CPU  Command
06:57:33 AM  1000    408528    0.00    0.00    0.00    0.00    0.00    20  run-grafana.sh
06:57:33 AM  1000    408530    0.00    0.00    0.00    0.00    0.00    18  run-loki.sh
06:57:33 AM  1000    408533    0.00    0.00    0.00    0.00    0.00    20  run-otelcol.sh
06:57:33 AM  1000    408536    0.00    0.00    0.00    0.00    0.00    20  run-prometheus.
06:57:33 AM  1000    408539    0.00    0.00    0.00    0.00    0.00    20  run-tempo.sh
06:57:33 AM  1000    408542    0.00    0.00    0.00    0.00    0.00    16  run-pyroscope.s
06:57:33 AM  1000    408650    0.00    0.00    0.00    0.00    0.00    20  sleep

06:57:33 AM   UID       PID    %usr %system  %guest   %wait    %CPU   CPU  Command
06:57:34 AM  1000    408528    0.00    0.00    0.00    0.00    0.00    20  run-grafana.sh
06:57:34 AM  1000    408530    0.00    0.00    0.00    0.00    0.00    18  run-loki.sh
06:57:34 AM  1000    408533    0.00    0.00    0.00    0.00    0.00    20  run-otelcol.sh
06:57:34 AM  1000    408536    0.00    0.00    0.00    0.00    0.00    20  run-prometheus.
06:57:34 AM  1000    408539    0.00    0.00    0.00    0.00    0.00    20  run-tempo.sh
06:57:34 AM  1000    408542    0.00    0.00    0.00    0.00    0.00    16  run-pyroscope.s
06:57:34 AM  1000    408650    0.00    0.00    0.00    0.00    0.00    20  sleep

06:57:34 AM   UID       PID    %usr %system  %guest   %wait    %CPU   CPU  Command
06:57:35 AM  1000    408528    0.00    0.00    0.00    0.00    0.00    20  run-grafana.sh
06:57:35 AM  1000    408530    0.00    0.00    0.00    0.00    0.00    18  run-loki.sh
06:57:35 AM  1000    408533    0.00    0.00    0.00    0.00    0.00    20  run-otelcol.sh
06:57:35 AM  1000    408536    0.00    0.00    0.00    0.00    0.00    20  run-prometheus.
06:57:35 AM  1000    408539    0.00    0.00    0.00    0.00    0.00    20  run-tempo.sh
06:57:35 AM  1000    408542    0.00    0.00    0.00    0.00    0.00    16  run-pyroscope.s
06:57:35 AM  1000    408650    0.00    0.00    0.00    0.00    0.00    20  sleep

06:57:35 AM   UID       PID    %usr %system  %guest   %wait    %CPU   CPU  Command
06:57:36 AM  1000    408528    0.00    0.00    0.00    0.00    0.00    20  run-grafana.sh
06:57:36 AM  1000    408530    0.00    0.00    0.00    0.00    0.00    18  run-loki.sh
06:57:36 AM  1000    408533    0.00    0.00    0.00    0.00    0.00    20  run-otelcol.sh
06:57:36 AM  1000    408536    0.00    0.00    0.00    0.00    0.00    20  run-prometheus.
06:57:36 AM  1000    408539    0.00    0.00    0.00    0.00    0.00    20  run-tempo.sh
06:57:36 AM  1000    408542    0.00    0.00    0.00    0.00    0.00    16  run-pyroscope.s
06:57:36 AM  1000    408650    0.00    0.00    0.00    0.00    0.00    20  sleep

06:57:36 AM   UID       PID    %usr %system  %guest   %wait    %CPU   CPU  Command
06:57:37 AM  1000    408528    0.00    0.00    0.00    0.00    0.00    20  run-grafana.sh
06:57:37 AM  1000    408530    0.00    0.00    0.00    0.00    0.00    18  run-loki.sh
06:57:37 AM  1000    408533    0.00    0.00    0.00    0.00    0.00    20  run-otelcol.sh
06:57:37 AM  1000    408536    0.00    0.00    0.00    0.00    0.00    20  run-prometheus.
06:57:37 AM  1000    408539    0.00    0.00    0.00    0.00    0.00    20  run-tempo.sh
06:57:37 AM  1000    408542    0.00    0.00    0.00    0.00    0.00    16  run-pyroscope.s
06:57:37 AM  1000    408650    0.00    0.00    0.00    0.00    0.00    20  sleep

06:57:37 AM   UID       PID    %usr %system  %guest   %wait    %CPU   CPU  Command
06:57:38 AM  1000    408528    0.00    0.00    0.00    0.00    0.00    20  run-grafana.sh
06:57:38 AM  1000    408530    0.00    0.00    0.00    0.00    0.00    18  run-loki.sh
06:57:38 AM  1000    408533    0.00    0.00    0.00    0.00    0.00    20  run-otelcol.sh
06:57:38 AM  1000    408536    0.00    0.00    0.00    0.00    0.00    20  run-prometheus.
06:57:38 AM  1000    408539    0.00    0.00    0.00    0.00    0.00    20  run-tempo.sh
06:57:38 AM  1000    408542    0.00    0.00    0.00    0.00    0.00    16  run-pyroscope.s
06:57:38 AM  1000    408650    0.00    0.00    0.00    0.00    0.00    20  sleep

06:57:38 AM   UID       PID    %usr %system  %guest   %wait    %CPU   CPU  Command
06:57:39 AM  1000    408528    0.00    0.00    0.00    0.00    0.00    20  run-grafana.sh
06:57:39 AM  1000    408530    0.00    0.00    0.00    0.00    0.00    18  run-loki.sh
06:57:39 AM  1000    408533    0.00    0.00    0.00    0.00    0.00    20  run-otelcol.sh
06:57:39 AM  1000    408536    0.00    0.00    0.00    0.00    0.00    20  run-prometheus.
06:57:39 AM  1000    408539    0.00    0.00    0.00    0.00    0.00    20  run-tempo.sh
06:57:39 AM  1000    408542    0.00    0.00    0.00    0.00    0.00    16  run-pyroscope.s
06:57:39 AM  1000    408650    0.00    0.00    0.00    0.00    0.00    20  sleep

06:57:39 AM   UID       PID    %usr %system  %guest   %wait    %CPU   CPU  Command
06:57:40 AM  1000    408528    0.00    0.00    0.00    0.00    0.00    20  run-grafana.sh
06:57:40 AM  1000    408530    0.00    0.00    0.00    0.00    0.00    18  run-loki.sh
06:57:40 AM  1000    408533    0.00    0.00    0.00    0.00    0.00    20  run-otelcol.sh
06:57:40 AM  1000    408536    0.00    0.00    0.00    0.00    0.00    20  run-prometheus.
06:57:40 AM  1000    408539    0.00    0.00    0.00    0.00    0.00    20  run-tempo.sh
06:57:40 AM  1000    408542    0.00    0.00    0.00    0.00    0.00    16  run-pyroscope.s
06:57:40 AM  1000    408650    0.00    0.00    0.00    0.00    0.00    20  sleep

06:57:40 AM   UID       PID    %usr %system  %guest   %wait    %CPU   CPU  Command
06:57:41 AM  1000    408528    0.00    0.00    0.00    0.00    0.00    20  run-grafana.sh
06:57:41 AM  1000    408530    0.00    0.00    0.00    0.00    0.00    18  run-loki.sh
06:57:41 AM  1000    408533    0.00    0.00    0.00    0.00    0.00    20  run-otelcol.sh
06:57:41 AM  1000    408536    0.00    0.00    0.00    0.00    0.00    20  run-prometheus.
06:57:41 AM  1000    408539    0.00    0.00    0.00    0.00    0.00    20  run-tempo.sh
06:57:41 AM  1000    408542    0.00    0.00    0.00    0.00    0.00    16  run-pyroscope.s
06:57:41 AM  1000    408650    0.00    0.00    0.00    0.00    0.00    20  sleep

06:57:41 AM   UID       PID    %usr %system  %guest   %wait    %CPU   CPU  Command
06:57:42 AM  1000    408528    0.00    0.00    0.00    0.00    0.00    20  run-grafana.sh
06:57:42 AM  1000    408530    0.00    0.00    0.00    0.00    0.00    18  run-loki.sh
06:57:42 AM  1000    408533    0.00    0.00    0.00    0.00    0.00    20  run-otelcol.sh
06:57:42 AM  1000    408536    0.00    0.00    0.00    0.00    0.00    20  run-prometheus.
06:57:42 AM  1000    408539    0.00    0.00    0.00    0.00    0.00    20  run-tempo.sh
06:57:42 AM  1000    408542    0.00    0.00    0.00    0.00    0.00    16  run-pyroscope.s
06:57:42 AM  1000    408650    0.00    0.00    0.00    0.00    0.00    20  sleep

06:57:42 AM   UID       PID    %usr %system  %guest   %wait    %CPU   CPU  Command
06:57:43 AM  1000    408528    0.00    0.00    0.00    0.00    0.00    20  run-grafana.sh
06:57:43 AM  1000    408530    0.00    0.00    0.00    0.00    0.00    18  run-loki.sh
06:57:43 AM  1000    408533    0.00    0.00    0.00    0.00    0.00    20  run-otelcol.sh
06:57:43 AM  1000    408536    0.00    0.00    0.00    0.00    0.00    20  run-prometheus.
06:57:43 AM  1000    408539    0.00    0.00    0.00    0.00    0.00    20  run-tempo.sh
06:57:43 AM  1000    408542    0.00    0.00    0.00    0.00    0.00    16  run-pyroscope.s
06:57:43 AM  1000    408650    0.00    0.00    0.00    0.00    0.00    20  sleep

06:57:43 AM   UID       PID    %usr %system  %guest   %wait    %CPU   CPU  Command
06:57:44 AM  1000    408528    0.00    0.00    0.00    0.00    0.00    20  run-grafana.sh
06:57:44 AM  1000    408530    0.00    0.00    0.00    0.00    0.00    18  run-loki.sh
06:57:44 AM  1000    408533    0.00    0.00    0.00    0.00    0.00    20  run-otelcol.sh
06:57:44 AM  1000    408536    0.00    0.00    0.00    0.00    0.00    20  run-prometheus.
06:57:44 AM  1000    408539    0.00    0.00    0.00    0.00    0.00    20  run-tempo.sh
06:57:44 AM  1000    408542    0.00    0.00    0.00    0.00    0.00    16  run-pyroscope.s
06:57:44 AM  1000    408650    0.00    0.00    0.00    0.00    0.00    20  sleep

06:57:44 AM   UID       PID    %usr %system  %guest   %wait    %CPU   CPU  Command
06:57:45 AM  1000    408528    0.00    0.00    0.00    0.00    0.00    20  run-grafana.sh
06:57:45 AM  1000    408530    0.00    0.00    0.00    0.00    0.00    18  run-loki.sh
06:57:45 AM  1000    408533    0.00    0.00    0.00    0.00    0.00    20  run-otelcol.sh
06:57:45 AM  1000    408536    0.00    0.00    0.00    0.00    0.00    20  run-prometheus.
06:57:45 AM  1000    408539    0.00    0.00    0.00    0.00    0.00    20  run-tempo.sh
06:57:45 AM  1000    408542    0.00    0.00    0.00    0.00    0.00    16  run-pyroscope.s
06:57:45 AM  1000    408650    0.00    0.00    0.00    0.00    0.00    20  sleep

06:57:45 AM   UID       PID    %usr %system  %guest   %wait    %CPU   CPU  Command
06:57:46 AM  1000    408528    0.00    0.00    0.00    0.00    0.00    20  run-grafana.sh
06:57:46 AM  1000    408530    0.00    0.00    0.00    0.00    0.00    18  run-loki.sh
06:57:46 AM  1000    408533    0.00    0.00    0.00    0.00    0.00    20  run-otelcol.sh
06:57:46 AM  1000    408536    0.00    0.00    0.00    0.00    0.00    20  run-prometheus.
06:57:46 AM  1000    408539    0.00    0.00    0.00    0.00    0.00    20  run-tempo.sh
06:57:46 AM  1000    408542    0.00    0.00    0.00    0.00    0.00    16  run-pyroscope.s
06:57:46 AM  1000    408650    0.00    0.00    0.00    0.00    0.00    20  sleep

06:57:46 AM   UID       PID    %usr %system  %guest   %wait    %CPU   CPU  Command
06:57:47 AM  1000    408528    0.00    0.00    0.00    0.00    0.00    20  run-grafana.sh
06:57:47 AM  1000    408530    0.00    0.00    0.00    0.00    0.00    18  run-loki.sh
06:57:47 AM  1000    408533    0.00    0.00    0.00    0.00    0.00    20  run-otelcol.sh
06:57:47 AM  1000    408536    0.00    0.00    0.00    0.00    0.00    20  run-prometheus.
06:57:47 AM  1000    408539    0.00    0.00    0.00    0.00    0.00    20  run-tempo.sh
06:57:47 AM  1000    408542    0.00    0.00    0.00    0.00    0.00    16  run-pyroscope.s
06:57:47 AM  1000    408650    0.00    0.00    0.00    0.00    0.00    20  sleep

06:57:47 AM   UID       PID    %usr %system  %guest   %wait    %CPU   CPU  Command
06:57:48 AM  1000    408528    0.00    0.00    0.00    0.00    0.00    20  run-grafana.sh
06:57:48 AM  1000    408530    0.00    0.00    0.00    0.00    0.00    18  run-loki.sh
06:57:48 AM  1000    408533    0.00    0.00    0.00    0.00    0.00    20  run-otelcol.sh
06:57:48 AM  1000    408536    0.00    0.00    0.00    0.00    0.00    20  run-prometheus.
06:57:48 AM  1000    408539    0.00    0.00    0.00    0.00    0.00    20  run-tempo.sh
06:57:48 AM  1000    408542    0.00    0.00    0.00    0.00    0.00    16  run-pyroscope.s
06:57:48 AM  1000    408650    0.00    0.00    0.00    0.00    0.00    20  sleep

06:57:48 AM   UID       PID    %usr %system  %guest   %wait    %CPU   CPU  Command
06:57:49 AM  1000    408528    0.00    0.00    0.00    0.00    0.00    20  run-grafana.sh
06:57:49 AM  1000    408530    0.00    0.00    0.00    0.00    0.00    18  run-loki.sh
06:57:49 AM  1000    408533    0.00    0.00    0.00    0.00    0.00    20  run-otelcol.sh
06:57:49 AM  1000    408536    0.00    0.00    0.00    0.00    0.00    20  run-prometheus.
06:57:49 AM  1000    408539    0.00    0.00    0.00    0.00    0.00    20  run-tempo.sh
06:57:49 AM  1000    408542    0.00    0.00    0.00    0.00    0.00    16  run-pyroscope.s
06:57:49 AM  1000    408650    0.00    0.00    0.00    0.00    0.00    20  sleep

06:57:49 AM   UID       PID    %usr %system  %guest   %wait    %CPU   CPU  Command
06:57:50 AM  1000    408528    0.00    0.00    0.00    0.00    0.00    20  run-grafana.sh
06:57:50 AM  1000    408530    0.00    0.00    0.00    0.00    0.00    18  run-loki.sh
06:57:50 AM  1000    408533    0.00    0.00    0.00    0.00    0.00    20  run-otelcol.sh
06:57:50 AM  1000    408536    0.00    0.00    0.00    0.00    0.00    20  run-prometheus.
06:57:50 AM  1000    408539    0.00    0.00    0.00    0.00    0.00    20  run-tempo.sh
06:57:50 AM  1000    408542    0.00    0.00    0.00    0.00    0.00    16  run-pyroscope.s
06:57:50 AM  1000    408650    0.00    0.00    0.00    0.00    0.00    20  sleep

06:57:50 AM   UID       PID    %usr %system  %guest   %wait    %CPU   CPU  Command
06:57:51 AM  1000    408528    0.00    0.00    0.00    0.00    0.00    20  run-grafana.sh
06:57:51 AM  1000    408530    0.00    0.00    0.00    0.00    0.00    18  run-loki.sh
06:57:51 AM  1000    408533    0.00    0.00    0.00    0.00    0.00    20  run-otelcol.sh
06:57:51 AM  1000    408536    0.00    0.00    0.00    0.00    0.00    20  run-prometheus.
06:57:51 AM  1000    408539    0.00    0.00    0.00    0.00    0.00    20  run-tempo.sh
06:57:51 AM  1000    408542    0.00    0.00    0.00    0.00    0.00    16  run-pyroscope.s
06:57:51 AM  1000    408650    0.00    0.00    0.00    0.00    0.00    20  sleep

06:57:51 AM   UID       PID    %usr %system  %guest   %wait    %CPU   CPU  Command
06:57:52 AM  1000    408528    0.00    0.00    0.00    0.00    0.00    20  run-grafana.sh
06:57:52 AM  1000    408530    0.00    0.00    0.00    0.00    0.00    18  run-loki.sh
06:57:52 AM  1000    408533    0.00    0.00    0.00    0.00    0.00    20  run-otelcol.sh
06:57:52 AM  1000    408536    0.00    0.00    0.00    0.00    0.00    20  run-prometheus.
06:57:52 AM  1000    408539    0.00    0.00    0.00    0.00    0.00    20  run-tempo.sh
06:57:52 AM  1000    408542    0.00    0.00    0.00    0.00    0.00    16  run-pyroscope.s
06:57:52 AM  1000    408650    0.00    0.00    0.00    0.00    0.00    20  sleep

06:57:52 AM   UID       PID    %usr %system  %guest   %wait    %CPU   CPU  Command
06:57:53 AM  1000    408528    0.00    0.00    0.00    0.00    0.00    20  run-grafana.sh
06:57:53 AM  1000    408530    0.00    0.00    0.00    0.00    0.00    18  run-loki.sh
06:57:53 AM  1000    408533    0.00    0.00    0.00    0.00    0.00    20  run-otelcol.sh
06:57:53 AM  1000    408536    0.00    0.00    0.00    0.00    0.00    20  run-prometheus.
06:57:53 AM  1000    408539    0.00    0.00    0.00    0.00    0.00    20  run-tempo.sh
06:57:53 AM  1000    408542    0.00    0.00    0.00    0.00    0.00    16  run-pyroscope.s
06:57:53 AM  1000    408650    0.00    0.00    0.00    0.00    0.00    20  sleep

06:57:53 AM   UID       PID    %usr %system  %guest   %wait    %CPU   CPU  Command
06:57:54 AM  1000    408528    0.00    0.00    0.00    0.00    0.00    20  run-grafana.sh
06:57:54 AM  1000    408530    0.00    0.00    0.00    0.00    0.00    18  run-loki.sh
06:57:54 AM  1000    408533    0.00    0.00    0.00    0.00    0.00    20  run-otelcol.sh
06:57:54 AM  1000    408536    0.00    0.00    0.00    0.00    0.00    20  run-prometheus.
06:57:54 AM  1000    408539    0.00    0.00    0.00    0.00    0.00    20  run-tempo.sh
06:57:54 AM  1000    408542    0.00    0.00    0.00    0.00    0.00    16  run-pyroscope.s
06:57:54 AM  1000    408650    0.00    0.00    0.00    0.00    0.00    20  sleep

06:57:54 AM   UID       PID    %usr %system  %guest   %wait    %CPU   CPU  Command
06:57:55 AM  1000    408528    0.00    0.00    0.00    0.00    0.00    20  run-grafana.sh
06:57:55 AM  1000    408530    0.00    0.00    0.00    0.00    0.00    18  run-loki.sh
06:57:55 AM  1000    408533    0.00    0.00    0.00    0.00    0.00    20  run-otelcol.sh
06:57:55 AM  1000    408536    0.00    0.00    0.00    0.00    0.00    20  run-prometheus.
06:57:55 AM  1000    408539    0.00    0.00    0.00    0.00    0.00    20  run-tempo.sh
06:57:55 AM  1000    408542    0.00    0.00    0.00    0.00    0.00    16  run-pyroscope.s
06:57:55 AM  1000    408650    0.00    0.00    0.00    0.00    0.00    20  sleep

06:57:55 AM   UID       PID    %usr %system  %guest   %wait    %CPU   CPU  Command
06:57:56 AM  1000    408528    0.00    0.00    0.00    0.00    0.00    20  run-grafana.sh
06:57:56 AM  1000    408530    0.00    0.00    0.00    0.00    0.00    18  run-loki.sh
06:57:56 AM  1000    408533    0.00    0.00    0.00    0.00    0.00    20  run-otelcol.sh
06:57:56 AM  1000    408536    0.00    0.00    0.00    0.00    0.00    20  run-prometheus.
06:57:56 AM  1000    408539    0.00    0.00    0.00    0.00    0.00    20  run-tempo.sh
06:57:56 AM  1000    408542    0.00    0.00    0.00    0.00    0.00    16  run-pyroscope.s
06:57:56 AM  1000    408650    0.00    0.00    0.00    0.00    0.00    20  sleep

06:57:56 AM   UID       PID    %usr %system  %guest   %wait    %CPU   CPU  Command
06:57:57 AM  1000    408528    0.00    0.00    0.00    0.00    0.00    20  run-grafana.sh
06:57:57 AM  1000    408530    0.00    0.00    0.00    0.00    0.00    18  run-loki.sh
06:57:57 AM  1000    408533    0.00    0.00    0.00    0.00    0.00    20  run-otelcol.sh
06:57:57 AM  1000    408536    0.00    0.00    0.00    0.00    0.00    20  run-prometheus.
06:57:57 AM  1000    408539    0.00    0.00    0.00    0.00    0.00    20  run-tempo.sh
06:57:57 AM  1000    408542    0.00    0.00    0.00    0.00    0.00    16  run-pyroscope.s
06:57:57 AM  1000    408650    0.00    0.00    0.00    0.00    0.00    20  sleep

06:57:57 AM   UID       PID    %usr %system  %guest   %wait    %CPU   CPU  Command
06:57:58 AM  1000    408528    0.00    0.00    0.00    0.00    0.00    20  run-grafana.sh
06:57:58 AM  1000    408530    0.00    0.00    0.00    0.00    0.00    18  run-loki.sh
06:57:58 AM  1000    408533    0.00    0.00    0.00    0.00    0.00    20  run-otelcol.sh
06:57:58 AM  1000    408536    0.00    0.00    0.00    0.00    0.00    20  run-prometheus.
06:57:58 AM  1000    408539    0.00    0.00    0.00    0.00    0.00    20  run-tempo.sh
06:57:58 AM  1000    408542    0.00    0.00    0.00    0.00    0.00    16  run-pyroscope.s
06:57:58 AM  1000    408650    0.00    0.00    0.00    0.00    0.00    20  sleep

06:57:58 AM   UID       PID    %usr %system  %guest   %wait    %CPU   CPU  Command
06:57:59 AM  1000    408528    0.00    0.00    0.00    0.00    0.00    20  run-grafana.sh
06:57:59 AM  1000    408530    0.00    0.00    0.00    0.00    0.00    18  run-loki.sh
06:57:59 AM  1000    408533    0.00    0.00    0.00    0.00    0.00    20  run-otelcol.sh
06:57:59 AM  1000    408536    0.00    0.00    0.00    0.00    0.00    20  run-prometheus.
06:57:59 AM  1000    408539    0.00    0.00    0.00    0.00    0.00    20  run-tempo.sh
06:57:59 AM  1000    408542    0.00    0.00    0.00    0.00    0.00    16  run-pyroscope.s
06:57:59 AM  1000    408650    0.00    0.00    0.00    0.00    0.00    20  sleep

06:57:59 AM   UID       PID    %usr %system  %guest   %wait    %CPU   CPU  Command
06:58:00 AM  1000    408528    0.00    0.00    0.00    0.00    0.00    20  run-grafana.sh
06:58:00 AM  1000    408530    0.00    0.00    0.00    0.00    0.00    18  run-loki.sh
06:58:00 AM  1000    408533    0.00    0.00    0.00    0.00    0.00    20  run-otelcol.sh
06:58:00 AM  1000    408536    0.00    0.00    0.00    0.00    0.00    20  run-prometheus.
06:58:00 AM  1000    408539    0.00    0.00    0.00    0.00    0.00    20  run-tempo.sh
06:58:00 AM  1000    408542    0.00    0.00    0.00    0.00    0.00    16  run-pyroscope.s
06:58:00 AM  1000    408650    0.00    0.00    0.00    0.00    0.00    20  sleep

06:58:00 AM   UID       PID    %usr %system  %guest   %wait    %CPU   CPU  Command
06:58:01 AM  1000    408528    0.00    0.00    0.00    0.00    0.00    20  run-grafana.sh
06:58:01 AM  1000    408530    0.00    0.00    0.00    0.00    0.00    18  run-loki.sh
06:58:01 AM  1000    408533    0.00    0.00    0.00    0.00    0.00    20  run-otelcol.sh
06:58:01 AM  1000    408536    0.00    0.00    0.00    0.00    0.00    20  run-prometheus.
06:58:01 AM  1000    408539    0.00    0.00    0.00    0.00    0.00    20  run-tempo.sh
06:58:01 AM  1000    408542    0.00    0.00    0.00    0.00    0.00    16  run-pyroscope.s
06:58:01 AM  1000    408650    0.00    0.00    0.00    0.00    0.00    20  sleep

06:58:01 AM   UID       PID    %usr %system  %guest   %wait    %CPU   CPU  Command
06:58:02 AM  1000    408528    0.00    0.00    0.00    0.00    0.00    20  run-grafana.sh
06:58:02 AM  1000    408530    0.00    0.00    0.00    0.00    0.00    18  run-loki.sh
06:58:02 AM  1000    408533    0.00    0.00    0.00    0.00    0.00    20  run-otelcol.sh
06:58:02 AM  1000    408536    0.00    0.00    0.00    0.00    0.00    20  run-prometheus.
06:58:02 AM  1000    408539    0.00    0.00    0.00    0.00    0.00    20  run-tempo.sh
06:58:02 AM  1000    408542    0.00    0.00    0.00    0.00    0.00    16  run-pyroscope.s
06:58:02 AM  1000    408650    0.00    0.00    0.00    0.00    0.00    20  sleep

06:58:02 AM   UID       PID    %usr %system  %guest   %wait    %CPU   CPU  Command
06:58:03 AM  1000    408528    0.00    0.00    0.00    0.00    0.00    20  run-grafana.sh
06:58:03 AM  1000    408530    0.00    0.00    0.00    0.00    0.00    18  run-loki.sh
06:58:03 AM  1000    408533    0.00    0.00    0.00    0.00    0.00    20  run-otelcol.sh
06:58:03 AM  1000    408536    0.00    0.00    0.00    0.00    0.00    20  run-prometheus.
06:58:03 AM  1000    408539    0.00    0.00    0.00    0.00    0.00    20  run-tempo.sh
06:58:03 AM  1000    408542    0.00    0.00    0.00    0.00    0.00    16  run-pyroscope.s
06:58:03 AM  1000    408650    0.00    0.00    0.00    0.00    0.00    20  sleep

06:58:03 AM   UID       PID    %usr %system  %guest   %wait    %CPU   CPU  Command
06:58:04 AM  1000    408528    0.00    0.00    0.00    0.00    0.00    20  run-grafana.sh
06:58:04 AM  1000    408530    0.00    0.00    0.00    0.00    0.00    18  run-loki.sh
06:58:04 AM  1000    408533    0.00    0.00    0.00    0.00    0.00    20  run-otelcol.sh
06:58:04 AM  1000    408536    0.00    0.00    0.00    0.00    0.00    20  run-prometheus.
06:58:04 AM  1000    408539    0.00    0.00    0.00    0.00    0.00    20  run-tempo.sh
06:58:04 AM  1000    408542    0.00    0.00    0.00    0.00    0.00    16  run-pyroscope.s
06:58:04 AM  1000    408650    0.00    0.00    0.00    0.00    0.00    20  sleep

06:58:04 AM   UID       PID    %usr %system  %guest   %wait    %CPU   CPU  Command
06:58:05 AM  1000    408528    0.00    0.00    0.00    0.00    0.00    20  run-grafana.sh
06:58:05 AM  1000    408530    0.00    0.00    0.00    0.00    0.00    18  run-loki.sh
06:58:05 AM  1000    408533    0.00    0.00    0.00    0.00    0.00    20  run-otelcol.sh
06:58:05 AM  1000    408536    0.00    0.00    0.00    0.00    0.00    20  run-prometheus.
06:58:05 AM  1000    408539    0.00    0.00    0.00    0.00    0.00    20  run-tempo.sh
06:58:05 AM  1000    408542    0.00    0.00    0.00    0.00    0.00    16  run-pyroscope.s
06:58:05 AM  1000    408650    0.00    0.00    0.00    0.00    0.00    20  sleep

06:58:05 AM   UID       PID    %usr %system  %guest   %wait    %CPU   CPU  Command
06:58:06 AM  1000    408528    0.00    0.00    0.00    0.00    0.00    20  run-grafana.sh
06:58:06 AM  1000    408530    0.00    0.00    0.00    0.00    0.00    18  run-loki.sh
06:58:06 AM  1000    408533    0.00    0.00    0.00    0.00    0.00    20  run-otelcol.sh
06:58:06 AM  1000    408536    0.00    0.00    0.00    0.00    0.00    20  run-prometheus.
06:58:06 AM  1000    408539    0.00    0.00    0.00    0.00    0.00    20  run-tempo.sh
06:58:06 AM  1000    408542    0.00    0.00    0.00    0.00    0.00    16  run-pyroscope.s
06:58:06 AM  1000    408650    0.00    0.00    0.00    0.00    0.00    20  sleep

06:58:06 AM   UID       PID    %usr %system  %guest   %wait    %CPU   CPU  Command
06:58:07 AM  1000    408528    0.00    0.00    0.00    0.00    0.00    20  run-grafana.sh
06:58:07 AM  1000    408530    0.00    0.00    0.00    0.00    0.00    18  run-loki.sh
06:58:07 AM  1000    408533    0.00    0.00    0.00    0.00    0.00    20  run-otelcol.sh
06:58:07 AM  1000    408536    0.00    0.00    0.00    0.00    0.00    20  run-prometheus.
06:58:07 AM  1000    408539    0.00    0.00    0.00    0.00    0.00    20  run-tempo.sh
06:58:07 AM  1000    408542    0.00    0.00    0.00    0.00    0.00    16  run-pyroscope.s
06:58:07 AM  1000    408650    0.00    0.00    0.00    0.00    0.00    20  sleep

06:58:07 AM   UID       PID    %usr %system  %guest   %wait    %CPU   CPU  Command
06:58:08 AM  1000    408528    0.00    0.00    0.00    0.00    0.00    20  run-grafana.sh
06:58:08 AM  1000    408530    0.00    0.00    0.00    0.00    0.00    18  run-loki.sh
06:58:08 AM  1000    408533    0.00    0.00    0.00    0.00    0.00    20  run-otelcol.sh
06:58:08 AM  1000    408536    0.00    0.00    0.00    0.00    0.00    20  run-prometheus.
06:58:08 AM  1000    408539    0.00    0.00    0.00    0.00    0.00    20  run-tempo.sh
06:58:08 AM  1000    408542    0.00    0.00    0.00    0.00    0.00    16  run-pyroscope.s
06:58:08 AM  1000    408650    0.00    0.00    0.00    0.00    0.00    20  sleep

06:58:08 AM   UID       PID    %usr %system  %guest   %wait    %CPU   CPU  Command
06:58:09 AM  1000    408528    0.00    0.00    0.00    0.00    0.00    20  run-grafana.sh
06:58:09 AM  1000    408530    0.00    0.00    0.00    0.00    0.00    18  run-loki.sh
06:58:09 AM  1000    408533    0.00    0.00    0.00    0.00    0.00    20  run-otelcol.sh
06:58:09 AM  1000    408536    0.00    0.00    0.00    0.00    0.00    20  run-prometheus.
06:58:09 AM  1000    408539    0.00    0.00    0.00    0.00    0.00    20  run-tempo.sh
06:58:09 AM  1000    408542    0.00    0.00    0.00    0.00    0.00    16  run-pyroscope.s
06:58:09 AM  1000    408650    0.00    0.00    0.00    0.00    0.00    20  sleep

06:58:09 AM   UID       PID    %usr %system  %guest   %wait    %CPU   CPU  Command
06:58:10 AM  1000    408528    0.00    0.00    0.00    0.00    0.00    20  run-grafana.sh
06:58:10 AM  1000    408530    0.00    0.00    0.00    0.00    0.00    18  run-loki.sh
06:58:10 AM  1000    408533    0.00    0.00    0.00    0.00    0.00    20  run-otelcol.sh
06:58:10 AM  1000    408536    0.00    0.00    0.00    0.00    0.00    20  run-prometheus.
06:58:10 AM  1000    408539    0.00    0.00    0.00    0.00    0.00    20  run-tempo.sh
06:58:10 AM  1000    408542    0.00    0.00    0.00    0.00    0.00    16  run-pyroscope.s
06:58:10 AM  1000    408650    0.00    0.00    0.00    0.00    0.00    20  sleep

06:58:10 AM   UID       PID    %usr %system  %guest   %wait    %CPU   CPU  Command
06:58:11 AM  1000    408528    0.00    0.00    0.00    0.00    0.00    20  run-grafana.sh
06:58:11 AM  1000    408530    0.00    0.00    0.00    0.00    0.00    18  run-loki.sh
06:58:11 AM  1000    408533    0.00    0.00    0.00    0.00    0.00    20  run-otelcol.sh
06:58:11 AM  1000    408536    0.00    0.00    0.00    0.00    0.00    20  run-prometheus.
06:58:11 AM  1000    408539    0.00    0.00    0.00    0.00    0.00    20  run-tempo.sh
06:58:11 AM  1000    408542    0.00    0.00    0.00    0.00    0.00    16  run-pyroscope.s
06:58:11 AM  1000    408650    0.00    0.00    0.00    0.00    0.00    20  sleep

06:58:11 AM   UID       PID    %usr %system  %guest   %wait    %CPU   CPU  Command
06:58:12 AM  1000    408528    0.00    0.00    0.00    0.00    0.00    20  run-grafana.sh
06:58:12 AM  1000    408530    0.00    0.00    0.00    0.00    0.00    18  run-loki.sh
06:58:12 AM  1000    408533    0.00    0.00    0.00    0.00    0.00    20  run-otelcol.sh
06:58:12 AM  1000    408536    0.00    0.00    0.00    0.00    0.00    20  run-prometheus.
06:58:12 AM  1000    408539    0.00    0.00    0.00    0.00    0.00    20  run-tempo.sh
06:58:12 AM  1000    408542    0.00    0.00    0.00    0.00    0.00    16  run-pyroscope.s
06:58:12 AM  1000    408650    0.00    0.00    0.00    0.00    0.00    20  sleep

06:58:12 AM   UID       PID    %usr %system  %guest   %wait    %CPU   CPU  Command
06:58:13 AM  1000    408528    0.00    0.00    0.00    0.00    0.00    20  run-grafana.sh
06:58:13 AM  1000    408530    0.00    0.00    0.00    0.00    0.00    18  run-loki.sh
06:58:13 AM  1000    408533    0.00    0.00    0.00    0.00    0.00    20  run-otelcol.sh
06:58:13 AM  1000    408536    0.00    0.00    0.00    0.00    0.00    20  run-prometheus.
06:58:13 AM  1000    408539    0.00    0.00    0.00    0.00    0.00    20  run-tempo.sh
06:58:13 AM  1000    408542    0.00    0.00    0.00    0.00    0.00    16  run-pyroscope.s
06:58:13 AM  1000    408650    0.00    0.00    0.00    0.00    0.00    20  sleep

06:58:13 AM   UID       PID    %usr %system  %guest   %wait    %CPU   CPU  Command
06:58:14 AM  1000    408528    0.00    0.00    0.00    0.00    0.00    20  run-grafana.sh
06:58:14 AM  1000    408530    0.00    0.00    0.00    0.00    0.00    18  run-loki.sh
06:58:14 AM  1000    408533    0.00    0.00    0.00    0.00    0.00    20  run-otelcol.sh
06:58:14 AM  1000    408536    0.00    0.00    0.00    0.00    0.00    20  run-prometheus.
06:58:14 AM  1000    408539    0.00    0.00    0.00    0.00    0.00    20  run-tempo.sh
06:58:14 AM  1000    408542    0.00    0.00    0.00    0.00    0.00    16  run-pyroscope.s
06:58:14 AM  1000    408650    0.00    0.00    0.00    0.00    0.00    20  sleep

06:58:14 AM   UID       PID    %usr %system  %guest   %wait    %CPU   CPU  Command
06:58:15 AM  1000    408528    0.00    0.00    0.00    0.00    0.00    20  run-grafana.sh
06:58:15 AM  1000    408530    0.00    0.00    0.00    0.00    0.00    18  run-loki.sh
06:58:15 AM  1000    408533    0.00    0.00    0.00    0.00    0.00    20  run-otelcol.sh
06:58:15 AM  1000    408536    0.00    0.00    0.00    0.00    0.00    20  run-prometheus.
06:58:15 AM  1000    408539    0.00    0.00    0.00    0.00    0.00    20  run-tempo.sh
06:58:15 AM  1000    408542    0.00    0.00    0.00    0.00    0.00    16  run-pyroscope.s
06:58:15 AM  1000    408650    0.00    0.00    0.00    0.00    0.00    20  sleep

06:58:15 AM   UID       PID    %usr %system  %guest   %wait    %CPU   CPU  Command
06:58:16 AM  1000    408528    0.00    0.00    0.00    0.00    0.00    20  run-grafana.sh
06:58:16 AM  1000    408530    0.00    0.00    0.00    0.00    0.00    18  run-loki.sh
06:58:16 AM  1000    408533    0.00    0.00    0.00    0.00    0.00    20  run-otelcol.sh
06:58:16 AM  1000    408536    0.00    0.00    0.00    0.00    0.00    20  run-prometheus.
06:58:16 AM  1000    408539    0.00    0.00    0.00    0.00    0.00    20  run-tempo.sh
06:58:16 AM  1000    408542    0.00    0.00    0.00    0.00    0.00    16  run-pyroscope.s
06:58:16 AM  1000    408650    0.00    0.00    0.00    0.00    0.00    20  sleep

06:58:16 AM   UID       PID    %usr %system  %guest   %wait    %CPU   CPU  Command
06:58:17 AM  1000    408528    0.00    0.00    0.00    0.00    0.00    20  run-grafana.sh
06:58:17 AM  1000    408530    0.00    0.00    0.00    0.00    0.00    18  run-loki.sh
06:58:17 AM  1000    408533    0.00    0.00    0.00    0.00    0.00    20  run-otelcol.sh
06:58:17 AM  1000    408536    0.00    0.00    0.00    0.00    0.00    20  run-prometheus.
06:58:17 AM  1000    408539    0.00    0.00    0.00    0.00    0.00    20  run-tempo.sh
06:58:17 AM  1000    408542    0.00    0.00    0.00    0.00    0.00    16  run-pyroscope.s
06:58:17 AM  1000    408650    0.00    0.00    0.00    0.00    0.00    20  sleep

06:58:17 AM   UID       PID    %usr %system  %guest   %wait    %CPU   CPU  Command
06:58:18 AM  1000    408528    0.00    0.00    0.00    0.00    0.00    20  run-grafana.sh
06:58:18 AM  1000    408530    0.00    0.00    0.00    0.00    0.00    18  run-loki.sh
06:58:18 AM  1000    408533    0.00    0.00    0.00    0.00    0.00    20  run-otelcol.sh
06:58:18 AM  1000    408536    0.00    0.00    0.00    0.00    0.00    20  run-prometheus.
06:58:18 AM  1000    408539    0.00    0.00    0.00    0.00    0.00    20  run-tempo.sh
06:58:18 AM  1000    408542    0.00    0.00    0.00    0.00    0.00    16  run-pyroscope.s
06:58:18 AM  1000    408650    0.00    0.00    0.00    0.00    0.00    20  sleep

06:58:18 AM   UID       PID    %usr %system  %guest   %wait    %CPU   CPU  Command
06:58:19 AM  1000    408528    0.00    0.00    0.00    0.00    0.00    20  run-grafana.sh
06:58:19 AM  1000    408530    0.00    0.00    0.00    0.00    0.00    18  run-loki.sh
06:58:19 AM  1000    408533    0.00    0.00    0.00    0.00    0.00    20  run-otelcol.sh
06:58:19 AM  1000    408536    0.00    0.00    0.00    0.00    0.00    20  run-prometheus.
06:58:19 AM  1000    408539    0.00    0.00    0.00    0.00    0.00    20  run-tempo.sh
06:58:19 AM  1000    408542    0.00    0.00    0.00    0.00    0.00    16  run-pyroscope.s
06:58:19 AM  1000    408650    0.00    0.00    0.00    0.00    0.00    20  sleep

06:58:19 AM   UID       PID    %usr %system  %guest   %wait    %CPU   CPU  Command
06:58:20 AM  1000    408528    0.00    0.00    0.00    0.00    0.00    20  run-grafana.sh
06:58:20 AM  1000    408530    0.00    0.00    0.00    0.00    0.00    18  run-loki.sh
06:58:20 AM  1000    408533    0.00    0.00    0.00    0.00    0.00    20  run-otelcol.sh
06:58:20 AM  1000    408536    0.00    0.00    0.00    0.00    0.00    20  run-prometheus.
06:58:20 AM  1000    408539    0.00    0.00    0.00    0.00    0.00    20  run-tempo.sh
06:58:20 AM  1000    408542    0.00    0.00    0.00    0.00    0.00    16  run-pyroscope.s
06:58:20 AM  1000    408650    0.00    0.00    0.00    0.00    0.00    20  sleep

06:58:20 AM   UID       PID    %usr %system  %guest   %wait    %CPU   CPU  Command
06:58:21 AM  1000    408528    0.00    0.00    0.00    0.00    0.00    20  run-grafana.sh
06:58:21 AM  1000    408530    0.00    0.00    0.00    0.00    0.00    18  run-loki.sh
06:58:21 AM  1000    408533    0.00    0.00    0.00    0.00    0.00    20  run-otelcol.sh
06:58:21 AM  1000    408536    0.00    0.00    0.00    0.00    0.00    20  run-prometheus.
06:58:21 AM  1000    408539    0.00    0.00    0.00    0.00    0.00    20  run-tempo.sh
06:58:21 AM  1000    408542    0.00    0.00    0.00    0.00    0.00    16  run-pyroscope.s
06:58:21 AM  1000    408650    0.00    0.00    0.00    0.00    0.00    20  sleep

06:58:21 AM   UID       PID    %usr %system  %guest   %wait    %CPU   CPU  Command
06:58:22 AM  1000    408528    0.00    0.00    0.00    0.00    0.00    20  run-grafana.sh
06:58:22 AM  1000    408530    0.00    0.00    0.00    0.00    0.00    18  run-loki.sh
06:58:22 AM  1000    408533    0.00    0.00    0.00    0.00    0.00    20  run-otelcol.sh
06:58:22 AM  1000    408536    0.00    0.00    0.00    0.00    0.00    20  run-prometheus.
06:58:22 AM  1000    408539    0.00    0.00    0.00    0.00    0.00    20  run-tempo.sh
06:58:22 AM  1000    408542    0.00    0.00    0.00    0.00    0.00    16  run-pyroscope.s
06:58:22 AM  1000    408650    0.00    0.00    0.00    0.00    0.00    20  sleep

06:58:22 AM   UID       PID    %usr %system  %guest   %wait    %CPU   CPU  Command
06:58:23 AM  1000    408528    0.00    0.00    0.00    0.00    0.00    20  run-grafana.sh
06:58:23 AM  1000    408530    0.00    0.00    0.00    0.00    0.00    18  run-loki.sh
06:58:23 AM  1000    408533    0.00    0.00    0.00    0.00    0.00    20  run-otelcol.sh
06:58:23 AM  1000    408536    0.00    0.00    0.00    0.00    0.00    20  run-prometheus.
06:58:23 AM  1000    408539    0.00    0.00    0.00    0.00    0.00    20  run-tempo.sh
06:58:23 AM  1000    408542    0.00    0.00    0.00    0.00    0.00    16  run-pyroscope.s
06:58:23 AM  1000    408650    0.00    0.00    0.00    0.00    0.00    20  sleep

06:58:23 AM   UID       PID    %usr %system  %guest   %wait    %CPU   CPU  Command
06:58:24 AM  1000    408528    0.00    0.00    0.00    0.00    0.00    20  run-grafana.sh
06:58:24 AM  1000    408530    0.00    0.00    0.00    0.00    0.00    18  run-loki.sh
06:58:24 AM  1000    408533    0.00    0.00    0.00    0.00    0.00    20  run-otelcol.sh
06:58:24 AM  1000    408536    0.00    0.00    0.00    0.00    0.00    20  run-prometheus.
06:58:24 AM  1000    408539    0.00    0.00    0.00    0.00    0.00    20  run-tempo.sh
06:58:24 AM  1000    408542    0.00    0.00    0.00    0.00    0.00    16  run-pyroscope.s
06:58:24 AM  1000    408650    0.00    0.00    0.00    0.00    0.00    20  sleep

06:58:24 AM   UID       PID    %usr %system  %guest   %wait    %CPU   CPU  Command
06:58:25 AM  1000    408528    0.00    0.00    0.00    0.00    0.00    20  run-grafana.sh
06:58:25 AM  1000    408530    0.00    0.00    0.00    0.00    0.00    18  run-loki.sh
06:58:25 AM  1000    408533    0.00    0.00    0.00    0.00    0.00    20  run-otelcol.sh
06:58:25 AM  1000    408536    0.00    0.00    0.00    0.00    0.00    20  run-prometheus.
06:58:25 AM  1000    408539    0.00    0.00    0.00    0.00    0.00    20  run-tempo.sh
06:58:25 AM  1000    408542    0.00    0.00    0.00    0.00    0.00    16  run-pyroscope.s
06:58:25 AM  1000    408650    0.00    0.00    0.00    0.00    0.00    20  sleep

06:58:25 AM   UID       PID    %usr %system  %guest   %wait    %CPU   CPU  Command
06:58:26 AM  1000    408528    0.00    0.00    0.00    0.00    0.00    20  run-grafana.sh
06:58:26 AM  1000    408530    0.00    0.00    0.00    0.00    0.00    18  run-loki.sh
06:58:26 AM  1000    408533    0.00    0.00    0.00    0.00    0.00    20  run-otelcol.sh
06:58:26 AM  1000    408536    0.00    0.00    0.00    0.00    0.00    20  run-prometheus.
06:58:26 AM  1000    408539    0.00    0.00    0.00    0.00    0.00    20  run-tempo.sh
06:58:26 AM  1000    408542    0.00    0.00    0.00    0.00    0.00    16  run-pyroscope.s
06:58:26 AM  1000    408650    0.00    0.00    0.00    0.00    0.00    20  sleep

06:58:26 AM   UID       PID    %usr %system  %guest   %wait    %CPU   CPU  Command
06:58:27 AM  1000    408528    0.00    0.00    0.00    0.00    0.00    20  run-grafana.sh
06:58:27 AM  1000    408530    0.00    0.00    0.00    0.00    0.00    18  run-loki.sh
06:58:27 AM  1000    408533    0.00    0.00    0.00    0.00    0.00    20  run-otelcol.sh
06:58:27 AM  1000    408536    0.00    0.00    0.00    0.00    0.00    20  run-prometheus.
06:58:27 AM  1000    408539    0.00    0.00    0.00    0.00    0.00    20  run-tempo.sh
06:58:27 AM  1000    408542    0.00    0.00    0.00    0.00    0.00    16  run-pyroscope.s
06:58:27 AM  1000    408650    0.00    0.00    0.00    0.00    0.00    20  sleep

06:58:27 AM   UID       PID    %usr %system  %guest   %wait    %CPU   CPU  Command
06:58:28 AM  1000    408528    0.00    0.00    0.00    0.00    0.00    20  run-grafana.sh
06:58:28 AM  1000    408530    0.00    0.00    0.00    0.00    0.00    18  run-loki.sh
06:58:28 AM  1000    408533    0.00    0.00    0.00    0.00    0.00    20  run-otelcol.sh
06:58:28 AM  1000    408536    0.00    0.00    0.00    0.00    0.00    20  run-prometheus.
06:58:28 AM  1000    408539    0.00    0.00    0.00    0.00    0.00    20  run-tempo.sh
06:58:28 AM  1000    408542    0.00    0.00    0.00    0.00    0.00    16  run-pyroscope.s
06:58:28 AM  1000    408650    0.00    0.00    0.00    0.00    0.00    20  sleep

06:58:28 AM   UID       PID    %usr %system  %guest   %wait    %CPU   CPU  Command
06:58:29 AM  1000    408528    0.00    0.00    0.00    0.00    0.00    20  run-grafana.sh
06:58:29 AM  1000    408530    0.00    0.00    0.00    0.00    0.00    18  run-loki.sh
06:58:29 AM  1000    408533    0.00    0.00    0.00    0.00    0.00    20  run-otelcol.sh
06:58:29 AM  1000    408536    0.00    0.00    0.00    0.00    0.00    20  run-prometheus.
06:58:29 AM  1000    408539    0.00    0.00    0.00    0.00    0.00    20  run-tempo.sh
06:58:29 AM  1000    408542    0.00    0.00    0.00    0.00    0.00    16  run-pyroscope.s
06:58:29 AM  1000    408650    0.00    0.00    0.00    0.00    0.00    20  sleep

06:58:29 AM   UID       PID    %usr %system  %guest   %wait    %CPU   CPU  Command
06:58:30 AM  1000    408528    0.00    0.00    0.00    0.00    0.00    20  run-grafana.sh
06:58:30 AM  1000    408530    0.00    0.00    0.00    0.00    0.00    18  run-loki.sh
06:58:30 AM  1000    408533    0.00    0.00    0.00    0.00    0.00    20  run-otelcol.sh
06:58:30 AM  1000    408536    0.00    0.00    0.00    0.00    0.00    20  run-prometheus.
06:58:30 AM  1000    408539    0.00    0.00    0.00    0.00    0.00    20  run-tempo.sh
06:58:30 AM  1000    408542    0.00    0.00    0.00    0.00    0.00    16  run-pyroscope.s
06:58:30 AM  1000    408650    0.00    0.00    0.00    0.00    0.00    20  sleep

06:58:30 AM   UID       PID    %usr %system  %guest   %wait    %CPU   CPU  Command
06:58:31 AM  1000    408528    0.00    0.00    0.00    0.00    0.00    20  run-grafana.sh
06:58:31 AM  1000    408530    0.00    0.00    0.00    0.00    0.00    18  run-loki.sh
06:58:31 AM  1000    408533    0.00    0.00    0.00    0.00    0.00    20  run-otelcol.sh
06:58:31 AM  1000    408536    0.00    0.00    0.00    0.00    0.00    20  run-prometheus.
06:58:31 AM  1000    408539    0.00    0.00    0.00    0.00    0.00    20  run-tempo.sh
06:58:31 AM  1000    408542    0.00    0.00    0.00    0.00    0.00    16  run-pyroscope.s
06:58:31 AM  1000    408650    0.00    0.00    0.00    0.00    0.00    20  sleep

06:58:31 AM   UID       PID    %usr %system  %guest   %wait    %CPU   CPU  Command
06:58:32 AM  1000    408528    0.00    0.00    0.00    0.00    0.00    20  run-grafana.sh
06:58:32 AM  1000    408530    0.00    0.00    0.00    0.00    0.00    18  run-loki.sh
06:58:32 AM  1000    408533    0.00    0.00    0.00    0.00    0.00    20  run-otelcol.sh
06:58:32 AM  1000    408536    0.00    0.00    0.00    0.00    0.00    20  run-prometheus.
06:58:32 AM  1000    408539    0.00    0.00    0.00    0.00    0.00    20  run-tempo.sh
06:58:32 AM  1000    408542    0.00    0.00    0.00    0.00    0.00    16  run-pyroscope.s
06:58:32 AM  1000    408650    0.00    0.00    0.00    0.00    0.00    20  sleep

06:58:32 AM   UID       PID    %usr %system  %guest   %wait    %CPU   CPU  Command
06:58:33 AM  1000    408528    0.00    0.00    0.00    0.00    0.00    20  run-grafana.sh
06:58:33 AM  1000    408530    0.00    0.00    0.00    0.00    0.00    18  run-loki.sh
06:58:33 AM  1000    408533    0.00    0.00    0.00    0.00    0.00    20  run-otelcol.sh
06:58:33 AM  1000    408536    0.00    0.00    0.00    0.00    0.00    20  run-prometheus.
06:58:33 AM  1000    408539    0.00    0.00    0.00    0.00    0.00    20  run-tempo.sh
06:58:33 AM  1000    408542    0.00    0.00    0.00    0.00    0.00    16  run-pyroscope.s
06:58:33 AM  1000    408650    0.00    0.00    0.00    0.00    0.00    20  sleep

06:58:33 AM   UID       PID    %usr %system  %guest   %wait    %CPU   CPU  Command
06:58:34 AM  1000    408528    0.00    0.00    0.00    0.00    0.00    20  run-grafana.sh
06:58:34 AM  1000    408530    0.00    0.00    0.00    0.00    0.00    18  run-loki.sh
06:58:34 AM  1000    408533    0.00    0.00    0.00    0.00    0.00    20  run-otelcol.sh
06:58:34 AM  1000    408536    0.00    0.00    0.00    0.00    0.00    20  run-prometheus.
06:58:34 AM  1000    408539    0.00    0.00    0.00    0.00    0.00    20  run-tempo.sh
06:58:34 AM  1000    408542    0.00    0.00    0.00    0.00    0.00    16  run-pyroscope.s
06:58:34 AM  1000    408650    0.00    0.00    0.00    0.00    0.00    20  sleep

06:58:34 AM   UID       PID    %usr %system  %guest   %wait    %CPU   CPU  Command
06:58:35 AM  1000    408528    0.00    0.00    0.00    0.00    0.00    20  run-grafana.sh
06:58:35 AM  1000    408530    0.00    0.00    0.00    0.00    0.00    18  run-loki.sh
06:58:35 AM  1000    408533    0.00    0.00    0.00    0.00    0.00    20  run-otelcol.sh
06:58:35 AM  1000    408536    0.00    0.00    0.00    0.00    0.00    20  run-prometheus.
06:58:35 AM  1000    408539    0.00    0.00    0.00    0.00    0.00    20  run-tempo.sh
06:58:35 AM  1000    408542    0.00    0.00    0.00    0.00    0.00    16  run-pyroscope.s
06:58:35 AM  1000    408650    0.00    0.00    0.00    0.00    0.00    20  sleep

06:58:35 AM   UID       PID    %usr %system  %guest   %wait    %CPU   CPU  Command
06:58:36 AM  1000    408528    0.00    0.00    0.00    0.00    0.00    20  run-grafana.sh
06:58:36 AM  1000    408530    0.00    0.00    0.00    0.00    0.00    18  run-loki.sh
06:58:36 AM  1000    408533    0.00    0.00    0.00    0.00    0.00    20  run-otelcol.sh
06:58:36 AM  1000    408536    0.00    0.00    0.00    0.00    0.00    20  run-prometheus.
06:58:36 AM  1000    408539    0.00    0.00    0.00    0.00    0.00    20  run-tempo.sh
06:58:36 AM  1000    408542    0.00    0.00    0.00    0.00    0.00    16  run-pyroscope.s
06:58:36 AM  1000    408650    0.00    0.00    0.00    0.00    0.00    20  sleep

06:58:36 AM   UID       PID    %usr %system  %guest   %wait    %CPU   CPU  Command
06:58:37 AM  1000    408528    0.00    0.00    0.00    0.00    0.00    20  run-grafana.sh
06:58:37 AM  1000    408530    0.00    0.00    0.00    0.00    0.00    18  run-loki.sh
06:58:37 AM  1000    408533    0.00    0.00    0.00    0.00    0.00    20  run-otelcol.sh
06:58:37 AM  1000    408536    0.00    0.00    0.00    0.00    0.00    20  run-prometheus.
06:58:37 AM  1000    408539    0.00    0.00    0.00    0.00    0.00    20  run-tempo.sh
06:58:37 AM  1000    408542    0.00    0.00    0.00    0.00    0.00    16  run-pyroscope.s
06:58:37 AM  1000    408650    0.00    0.00    0.00    0.00    0.00    20  sleep

06:58:37 AM   UID       PID    %usr %system  %guest   %wait    %CPU   CPU  Command
06:58:38 AM  1000    408528    0.00    0.00    0.00    0.00    0.00    20  run-grafana.sh
06:58:38 AM  1000    408530    0.00    0.00    0.00    0.00    0.00    18  run-loki.sh
06:58:38 AM  1000    408533    0.00    0.00    0.00    0.00    0.00    20  run-otelcol.sh
06:58:38 AM  1000    408536    0.00    0.00    0.00    0.00    0.00    20  run-prometheus.
06:58:38 AM  1000    408539    0.00    0.00    0.00    0.00    0.00    20  run-tempo.sh
06:58:38 AM  1000    408542    0.00    0.00    0.00    0.00    0.00    16  run-pyroscope.s
06:58:38 AM  1000    408650    0.00    0.00    0.00    0.00    0.00    20  sleep

06:58:38 AM   UID       PID    %usr %system  %guest   %wait    %CPU   CPU  Command
06:58:39 AM  1000    408528    0.00    0.00    0.00    0.00    0.00    20  run-grafana.sh
06:58:39 AM  1000    408530    0.00    0.00    0.00    0.00    0.00    18  run-loki.sh
06:58:39 AM  1000    408533    0.00    0.00    0.00    0.00    0.00    20  run-otelcol.sh
06:58:39 AM  1000    408536    0.00    0.00    0.00    0.00    0.00    20  run-prometheus.
06:58:39 AM  1000    408539    0.00    0.00    0.00    0.00    0.00    20  run-tempo.sh
06:58:39 AM  1000    408542    0.00    0.00    0.00    0.00    0.00    16  run-pyroscope.s
06:58:39 AM  1000    408650    0.00    0.00    0.00    0.00    0.00    20  sleep

06:58:39 AM   UID       PID    %usr %system  %guest   %wait    %CPU   CPU  Command
06:58:40 AM  1000    408528    0.00    0.00    0.00    0.00    0.00    20  run-grafana.sh
06:58:40 AM  1000    408530    0.00    0.00    0.00    0.00    0.00    18  run-loki.sh
06:58:40 AM  1000    408533    0.00    0.00    0.00    0.00    0.00    20  run-otelcol.sh
06:58:40 AM  1000    408536    0.00    0.00    0.00    0.00    0.00    20  run-prometheus.
06:58:40 AM  1000    408539    0.00    0.00    0.00    0.00    0.00    20  run-tempo.sh
06:58:40 AM  1000    408542    0.00    0.00    0.00    0.00    0.00    16  run-pyroscope.s
06:58:40 AM  1000    408650    0.00    0.00    0.00    0.00    0.00    20  sleep

06:58:40 AM   UID       PID    %usr %system  %guest   %wait    %CPU   CPU  Command
06:58:41 AM  1000    408528    0.00    0.00    0.00    0.00    0.00    20  run-grafana.sh
06:58:41 AM  1000    408530    0.00    0.00    0.00    0.00    0.00    18  run-loki.sh
06:58:41 AM  1000    408533    0.00    0.00    0.00    0.00    0.00    20  run-otelcol.sh
06:58:41 AM  1000    408536    0.00    0.00    0.00    0.00    0.00    20  run-prometheus.
06:58:41 AM  1000    408539    0.00    0.00    0.00    0.00    0.00    20  run-tempo.sh
06:58:41 AM  1000    408542    0.00    0.00    0.00    0.00    0.00    16  run-pyroscope.s
06:58:41 AM  1000    408650    0.00    0.00    0.00    0.00    0.00    20  sleep

06:58:41 AM   UID       PID    %usr %system  %guest   %wait    %CPU   CPU  Command
06:58:42 AM  1000    408528    0.00    0.00    0.00    0.00    0.00    20  run-grafana.sh
06:58:42 AM  1000    408530    0.00    0.00    0.00    0.00    0.00    18  run-loki.sh
06:58:42 AM  1000    408533    0.00    0.00    0.00    0.00    0.00    20  run-otelcol.sh
06:58:42 AM  1000    408536    0.00    0.00    0.00    0.00    0.00    20  run-prometheus.
06:58:42 AM  1000    408539    0.00    0.00    0.00    0.00    0.00    20  run-tempo.sh
06:58:42 AM  1000    408542    0.00    0.00    0.00    0.00    0.00    16  run-pyroscope.s
06:58:42 AM  1000    408650    0.00    0.00    0.00    0.00    0.00    20  sleep

06:58:42 AM   UID       PID    %usr %system  %guest   %wait    %CPU   CPU  Command
06:58:43 AM  1000    408528    0.00    0.00    0.00    0.00    0.00    20  run-grafana.sh
06:58:43 AM  1000    408530    0.00    0.00    0.00    0.00    0.00    18  run-loki.sh
06:58:43 AM  1000    408533    0.00    0.00    0.00    0.00    0.00    20  run-otelcol.sh
06:58:43 AM  1000    408536    0.00    0.00    0.00    0.00    0.00    20  run-prometheus.
06:58:43 AM  1000    408539    0.00    0.00    0.00    0.00    0.00    20  run-tempo.sh
06:58:43 AM  1000    408542    0.00    0.00    0.00    0.00    0.00    16  run-pyroscope.s
06:58:43 AM  1000    408650    0.00    0.00    0.00    0.00    0.00    20  sleep

06:58:43 AM   UID       PID    %usr %system  %guest   %wait    %CPU   CPU  Command
06:58:44 AM  1000    408528    0.00    0.00    0.00    0.00    0.00    20  run-grafana.sh
06:58:44 AM  1000    408530    0.00    0.00    0.00    0.00    0.00    18  run-loki.sh
06:58:44 AM  1000    408533    0.00    0.00    0.00    0.00    0.00    20  run-otelcol.sh
06:58:44 AM  1000    408536    0.00    0.00    0.00    0.00    0.00    20  run-prometheus.
06:58:44 AM  1000    408539    0.00    0.00    0.00    0.00    0.00    20  run-tempo.sh
06:58:44 AM  1000    408542    0.00    0.00    0.00    0.00    0.00    16  run-pyroscope.s
06:58:44 AM  1000    408650    0.00    0.00    0.00    0.00    0.00    20  sleep

06:58:44 AM   UID       PID    %usr %system  %guest   %wait    %CPU   CPU  Command
06:58:45 AM  1000    408528    0.00    0.00    0.00    0.00    0.00    20  run-grafana.sh
06:58:45 AM  1000    408530    0.00    0.00    0.00    0.00    0.00    18  run-loki.sh
06:58:45 AM  1000    408533    0.00    0.00    0.00    0.00    0.00    20  run-otelcol.sh
06:58:45 AM  1000    408536    0.00    0.00    0.00    0.00    0.00    20  run-prometheus.
06:58:45 AM  1000    408539    0.00    0.00    0.00    0.00    0.00    20  run-tempo.sh
06:58:45 AM  1000    408542    0.00    0.00    0.00    0.00    0.00    16  run-pyroscope.s
06:58:45 AM  1000    408650    0.00    0.00    0.00    0.00    0.00    20  sleep

06:58:45 AM   UID       PID    %usr %system  %guest   %wait    %CPU   CPU  Command
06:58:46 AM  1000    408528    0.00    0.00    0.00    0.00    0.00    20  run-grafana.sh
06:58:46 AM  1000    408530    0.00    0.00    0.00    0.00    0.00    18  run-loki.sh
06:58:46 AM  1000    408533    0.00    0.00    0.00    0.00    0.00    20  run-otelcol.sh
06:58:46 AM  1000    408536    0.00    0.00    0.00    0.00    0.00    20  run-prometheus.
06:58:46 AM  1000    408539    0.00    0.00    0.00    0.00    0.00    20  run-tempo.sh
06:58:46 AM  1000    408542    0.00    0.00    0.00    0.00    0.00    16  run-pyroscope.s
06:58:46 AM  1000    408650    0.00    0.00    0.00    0.00    0.00    20  sleep

06:58:46 AM   UID       PID    %usr %system  %guest   %wait    %CPU   CPU  Command
06:58:47 AM  1000    408528    0.00    0.00    0.00    0.00    0.00    20  run-grafana.sh
06:58:47 AM  1000    408530    0.00    0.00    0.00    0.00    0.00    18  run-loki.sh
06:58:47 AM  1000    408533    0.00    0.00    0.00    0.00    0.00    20  run-otelcol.sh
06:58:47 AM  1000    408536    0.00    0.00    0.00    0.00    0.00    20  run-prometheus.
06:58:47 AM  1000    408539    0.00    0.00    0.00    0.00    0.00    20  run-tempo.sh
06:58:47 AM  1000    408542    0.00    0.00    0.00    0.00    0.00    16  run-pyroscope.s
06:58:47 AM  1000    408650    0.00    0.00    0.00    0.00    0.00    20  sleep

06:58:47 AM   UID       PID    %usr %system  %guest   %wait    %CPU   CPU  Command
06:58:48 AM  1000    408528    0.00    0.00    0.00    0.00    0.00    20  run-grafana.sh
06:58:48 AM  1000    408530    0.00    0.00    0.00    0.00    0.00    18  run-loki.sh
06:58:48 AM  1000    408533    0.00    0.00    0.00    0.00    0.00    20  run-otelcol.sh
06:58:48 AM  1000    408536    0.00    0.00    0.00    0.00    0.00    20  run-prometheus.
06:58:48 AM  1000    408539    0.00    0.00    0.00    0.00    0.00    20  run-tempo.sh
06:58:48 AM  1000    408542    0.00    0.00    0.00    0.00    0.00    16  run-pyroscope.s
06:58:48 AM  1000    408650    0.00    0.00    0.00    0.00    0.00    20  sleep

06:58:48 AM   UID       PID    %usr %system  %guest   %wait    %CPU   CPU  Command
06:58:49 AM  1000    408528    0.00    0.00    0.00    0.00    0.00    20  run-grafana.sh
06:58:49 AM  1000    408530    0.00    0.00    0.00    0.00    0.00    18  run-loki.sh
06:58:49 AM  1000    408533    0.00    0.00    0.00    0.00    0.00    20  run-otelcol.sh
06:58:49 AM  1000    408536    0.00    0.00    0.00    0.00    0.00    20  run-prometheus.
06:58:49 AM  1000    408539    0.00    0.00    0.00    0.00    0.00    20  run-tempo.sh
06:58:49 AM  1000    408542    0.00    0.00    0.00    0.00    0.00    16  run-pyroscope.s
06:58:49 AM  1000    408650    0.00    0.00    0.00    0.00    0.00    20  sleep

06:58:49 AM   UID       PID    %usr %system  %guest   %wait    %CPU   CPU  Command
06:58:50 AM  1000    408528    0.00    0.00    0.00    0.00    0.00    20  run-grafana.sh
06:58:50 AM  1000    408530    0.00    0.00    0.00    0.00    0.00    18  run-loki.sh
06:58:50 AM  1000    408533    0.00    0.00    0.00    0.00    0.00    20  run-otelcol.sh
06:58:50 AM  1000    408536    0.00    0.00    0.00    0.00    0.00    20  run-prometheus.
06:58:50 AM  1000    408539    0.00    0.00    0.00    0.00    0.00    20  run-tempo.sh
06:58:50 AM  1000    408542    0.00    0.00    0.00    0.00    0.00    16  run-pyroscope.s
06:58:50 AM  1000    408650    0.00    0.00    0.00    0.00    0.00    20  sleep
