Linux 5.14.0-570.60.1.el9_6.x86_64 *****) 	03/27/2026 	_x86_64_	(64 CPU)

11:44:54 PM   UID       PID    %usr %system  %guest   %wait    %CPU   CPU  Command
11:44:55 PM  1000    142950    0.00    0.00    0.00    0.00    0.00    18  run-grafana.sh
11:44:55 PM  1000    142952    0.00    0.00    0.00    0.00    0.00    20  run-loki.sh
11:44:55 PM  1000    142955    0.00    0.00    0.00    0.00    0.00    18  run-otelcol.sh
11:44:55 PM  1000    142958    0.00    0.00    0.00    0.00    0.00    20  run-prometheus.
11:44:55 PM  1000    142961    0.00    0.00    0.00    0.00    0.00    20  run-tempo.sh
11:44:55 PM  1000    142964    0.00    0.00    0.00    0.00    0.00    18  run-pyroscope.s
11:44:55 PM  1000    143068    0.00    0.00    0.00    0.00    0.00    20  sleep

11:44:55 PM   UID       PID    %usr %system  %guest   %wait    %CPU   CPU  Command
11:44:56 PM  1000    142950    0.00    0.00    0.00    0.00    0.00    18  run-grafana.sh
11:44:56 PM  1000    142952    0.00    0.00    0.00    0.00    0.00    20  run-loki.sh
11:44:56 PM  1000    142955    0.00    0.00    0.00    0.00    0.00    18  run-otelcol.sh
11:44:56 PM  1000    142958    0.00    0.00    0.00    0.00    0.00    20  run-prometheus.
11:44:56 PM  1000    142961    0.00    0.00    0.00    0.00    0.00    20  run-tempo.sh
11:44:56 PM  1000    142964    0.00    0.00    0.00    0.00    0.00    18  run-pyroscope.s
11:44:56 PM  1000    143068    0.00    0.00    0.00    0.00    0.00    20  sleep

11:44:56 PM   UID       PID    %usr %system  %guest   %wait    %CPU   CPU  Command
11:44:57 PM  1000    142950    0.00    0.00    0.00    0.00    0.00    18  run-grafana.sh
11:44:57 PM  1000    142952    0.00    0.00    0.00    0.00    0.00    20  run-loki.sh
11:44:57 PM  1000    142955    0.00    0.00    0.00    0.00    0.00    18  run-otelcol.sh
11:44:57 PM  1000    142958    0.00    0.00    0.00    0.00    0.00    20  run-prometheus.
11:44:57 PM  1000    142961    0.00    0.00    0.00    0.00    0.00    20  run-tempo.sh
11:44:57 PM  1000    142964    0.00    0.00    0.00    0.00    0.00    18  run-pyroscope.s
11:44:57 PM  1000    143068    0.00    0.00    0.00    0.00    0.00    20  sleep

11:44:57 PM   UID       PID    %usr %system  %guest   %wait    %CPU   CPU  Command
11:44:58 PM  1000    142950    0.00    0.00    0.00    0.00    0.00    18  run-grafana.sh
11:44:58 PM  1000    142952    0.00    0.00    0.00    0.00    0.00    20  run-loki.sh
11:44:58 PM  1000    142955    0.00    0.00    0.00    0.00    0.00    18  run-otelcol.sh
11:44:58 PM  1000    142958    0.00    0.00    0.00    0.00    0.00    20  run-prometheus.
11:44:58 PM  1000    142961    0.00    0.00    0.00    0.00    0.00    20  run-tempo.sh
11:44:58 PM  1000    142964    0.00    0.00    0.00    0.00    0.00    18  run-pyroscope.s
11:44:58 PM  1000    143068    0.00    0.00    0.00    0.00    0.00    20  sleep

11:44:58 PM   UID       PID    %usr %system  %guest   %wait    %CPU   CPU  Command
11:44:59 PM  1000    142950    0.00    0.00    0.00    0.00    0.00    18  run-grafana.sh
11:44:59 PM  1000    142952    0.00    0.00    0.00    0.00    0.00    20  run-loki.sh
11:44:59 PM  1000    142955    0.00    0.00    0.00    0.00    0.00    18  run-otelcol.sh
11:44:59 PM  1000    142958    0.00    0.00    0.00    0.00    0.00    20  run-prometheus.
11:44:59 PM  1000    142961    0.00    0.00    0.00    0.00    0.00    20  run-tempo.sh
11:44:59 PM  1000    142964    0.00    0.00    0.00    0.00    0.00    18  run-pyroscope.s
11:44:59 PM  1000    143068    0.00    0.00    0.00    0.00    0.00    20  sleep

11:44:59 PM   UID       PID    %usr %system  %guest   %wait    %CPU   CPU  Command
11:45:00 PM  1000    142950    0.00    0.00    0.00    0.00    0.00    18  run-grafana.sh
11:45:00 PM  1000    142952    0.00    0.00    0.00    0.00    0.00    20  run-loki.sh
11:45:00 PM  1000    142955    0.00    0.00    0.00    0.00    0.00    18  run-otelcol.sh
11:45:00 PM  1000    142958    0.00    0.00    0.00    0.00    0.00    20  run-prometheus.
11:45:00 PM  1000    142961    0.00    0.00    0.00    0.00    0.00    20  run-tempo.sh
11:45:00 PM  1000    142964    0.00    0.00    0.00    0.00    0.00    18  run-pyroscope.s
11:45:00 PM  1000    143068    0.00    0.00    0.00    0.00    0.00    20  sleep

11:45:00 PM   UID       PID    %usr %system  %guest   %wait    %CPU   CPU  Command
11:45:01 PM  1000    142950    0.00    0.00    0.00    0.00    0.00    18  run-grafana.sh
11:45:01 PM  1000    142952    0.00    0.00    0.00    0.00    0.00    20  run-loki.sh
11:45:01 PM  1000    142955    0.00    0.00    0.00    0.00    0.00    18  run-otelcol.sh
11:45:01 PM  1000    142958    0.00    0.00    0.00    0.00    0.00    20  run-prometheus.
11:45:01 PM  1000    142961    0.00    0.00    0.00    0.00    0.00    20  run-tempo.sh
11:45:01 PM  1000    142964    0.00    0.00    0.00    0.00    0.00    18  run-pyroscope.s
11:45:01 PM  1000    143068    0.00    0.00    0.00    0.00    0.00    20  sleep

11:45:01 PM   UID       PID    %usr %system  %guest   %wait    %CPU   CPU  Command
11:45:02 PM  1000    142950    0.00    0.00    0.00    0.00    0.00    18  run-grafana.sh
11:45:02 PM  1000    142952    0.00    0.00    0.00    0.00    0.00    20  run-loki.sh
11:45:02 PM  1000    142955    0.00    0.00    0.00    0.00    0.00    18  run-otelcol.sh
11:45:02 PM  1000    142958    0.00    0.00    0.00    0.00    0.00    20  run-prometheus.
11:45:02 PM  1000    142961    0.00    0.00    0.00    0.00    0.00    20  run-tempo.sh
11:45:02 PM  1000    142964    0.00    0.00    0.00    0.00    0.00    18  run-pyroscope.s
11:45:02 PM  1000    143068    0.00    0.00    0.00    0.00    0.00    20  sleep

11:45:02 PM   UID       PID    %usr %system  %guest   %wait    %CPU   CPU  Command
11:45:03 PM  1000    142950    0.00    0.00    0.00    0.00    0.00    18  run-grafana.sh
11:45:03 PM  1000    142952    0.00    0.00    0.00    0.00    0.00    20  run-loki.sh
11:45:03 PM  1000    142955    0.00    0.00    0.00    0.00    0.00    18  run-otelcol.sh
11:45:03 PM  1000    142958    0.00    0.00    0.00    0.00    0.00    20  run-prometheus.
11:45:03 PM  1000    142961    0.00    0.00    0.00    0.00    0.00    20  run-tempo.sh
11:45:03 PM  1000    142964    0.00    0.00    0.00    0.00    0.00    18  run-pyroscope.s
11:45:03 PM  1000    143068    0.00    0.00    0.00    0.00    0.00    20  sleep

11:45:03 PM   UID       PID    %usr %system  %guest   %wait    %CPU   CPU  Command
11:45:04 PM  1000    142950    0.00    0.00    0.00    0.00    0.00    18  run-grafana.sh
11:45:04 PM  1000    142952    0.00    0.00    0.00    0.00    0.00    20  run-loki.sh
11:45:04 PM  1000    142955    0.00    0.00    0.00    0.00    0.00    18  run-otelcol.sh
11:45:04 PM  1000    142958    0.00    0.00    0.00    0.00    0.00    20  run-prometheus.
11:45:04 PM  1000    142961    0.00    0.00    0.00    0.00    0.00    20  run-tempo.sh
11:45:04 PM  1000    142964    0.00    0.00    0.00    0.00    0.00    18  run-pyroscope.s
11:45:04 PM  1000    143068    0.00    0.00    0.00    0.00    0.00    20  sleep

11:45:04 PM   UID       PID    %usr %system  %guest   %wait    %CPU   CPU  Command
11:45:05 PM  1000    142950    0.00    0.00    0.00    0.00    0.00    18  run-grafana.sh
11:45:05 PM  1000    142952    0.00    0.00    0.00    0.00    0.00    20  run-loki.sh
11:45:05 PM  1000    142955    0.00    0.00    0.00    0.00    0.00    18  run-otelcol.sh
11:45:05 PM  1000    142958    0.00    0.00    0.00    0.00    0.00    20  run-prometheus.
11:45:05 PM  1000    142961    0.00    0.00    0.00    0.00    0.00    20  run-tempo.sh
11:45:05 PM  1000    142964    0.00    0.00    0.00    0.00    0.00    18  run-pyroscope.s
11:45:05 PM  1000    143068    0.00    0.00    0.00    0.00    0.00    20  sleep

11:45:05 PM   UID       PID    %usr %system  %guest   %wait    %CPU   CPU  Command
11:45:06 PM  1000    142950    0.00    0.00    0.00    0.00    0.00    18  run-grafana.sh
11:45:06 PM  1000    142952    0.00    0.00    0.00    0.00    0.00    20  run-loki.sh
11:45:06 PM  1000    142955    0.00    0.00    0.00    0.00    0.00    18  run-otelcol.sh
11:45:06 PM  1000    142958    0.00    0.00    0.00    0.00    0.00    20  run-prometheus.
11:45:06 PM  1000    142961    0.00    0.00    0.00    0.00    0.00    20  run-tempo.sh
11:45:06 PM  1000    142964    0.00    0.00    0.00    0.00    0.00    18  run-pyroscope.s
11:45:06 PM  1000    143068    0.00    0.00    0.00    0.00    0.00    20  sleep

11:45:06 PM   UID       PID    %usr %system  %guest   %wait    %CPU   CPU  Command
11:45:07 PM  1000    142950    0.00    0.00    0.00    0.00    0.00    18  run-grafana.sh
11:45:07 PM  1000    142952    0.00    0.00    0.00    0.00    0.00    20  run-loki.sh
11:45:07 PM  1000    142955    0.00    0.00    0.00    0.00    0.00    18  run-otelcol.sh
11:45:07 PM  1000    142958    0.00    0.00    0.00    0.00    0.00    20  run-prometheus.
11:45:07 PM  1000    142961    0.00    0.00    0.00    0.00    0.00    20  run-tempo.sh
11:45:07 PM  1000    142964    0.00    0.00    0.00    0.00    0.00    18  run-pyroscope.s
11:45:07 PM  1000    143068    0.00    0.00    0.00    0.00    0.00    20  sleep

11:45:07 PM   UID       PID    %usr %system  %guest   %wait    %CPU   CPU  Command
11:45:08 PM  1000    142950    0.00    0.00    0.00    0.00    0.00    18  run-grafana.sh
11:45:08 PM  1000    142952    0.00    0.00    0.00    0.00    0.00    20  run-loki.sh
11:45:08 PM  1000    142955    0.00    0.00    0.00    0.00    0.00    18  run-otelcol.sh
11:45:08 PM  1000    142958    0.00    0.00    0.00    0.00    0.00    20  run-prometheus.
11:45:08 PM  1000    142961    0.00    0.00    0.00    0.00    0.00    20  run-tempo.sh
11:45:08 PM  1000    142964    0.00    0.00    0.00    0.00    0.00    18  run-pyroscope.s
11:45:08 PM  1000    143068    0.00    0.00    0.00    0.00    0.00    20  sleep

11:45:08 PM   UID       PID    %usr %system  %guest   %wait    %CPU   CPU  Command
11:45:09 PM  1000    142950    0.00    0.00    0.00    0.00    0.00    18  run-grafana.sh
11:45:09 PM  1000    142952    0.00    0.00    0.00    0.00    0.00    20  run-loki.sh
11:45:09 PM  1000    142955    0.00    0.00    0.00    0.00    0.00    18  run-otelcol.sh
11:45:09 PM  1000    142958    0.00    0.00    0.00    0.00    0.00    20  run-prometheus.
11:45:09 PM  1000    142961    0.00    0.00    0.00    0.00    0.00    20  run-tempo.sh
11:45:09 PM  1000    142964    0.00    0.00    0.00    0.00    0.00    18  run-pyroscope.s
11:45:09 PM  1000    143068    0.00    0.00    0.00    0.00    0.00    20  sleep

11:45:09 PM   UID       PID    %usr %system  %guest   %wait    %CPU   CPU  Command
11:45:10 PM  1000    142950    0.00    0.00    0.00    0.00    0.00    18  run-grafana.sh
11:45:10 PM  1000    142952    0.00    0.00    0.00    0.00    0.00    20  run-loki.sh
11:45:10 PM  1000    142955    0.00    0.00    0.00    0.00    0.00    18  run-otelcol.sh
11:45:10 PM  1000    142958    0.00    0.00    0.00    0.00    0.00    20  run-prometheus.
11:45:10 PM  1000    142961    0.00    0.00    0.00    0.00    0.00    20  run-tempo.sh
11:45:10 PM  1000    142964    0.00    0.00    0.00    0.00    0.00    18  run-pyroscope.s
11:45:10 PM  1000    143068    0.00    0.00    0.00    0.00    0.00    20  sleep

11:45:10 PM   UID       PID    %usr %system  %guest   %wait    %CPU   CPU  Command
11:45:11 PM  1000    142950    0.00    0.00    0.00    0.00    0.00    18  run-grafana.sh
11:45:11 PM  1000    142952    0.00    0.00    0.00    0.00    0.00    20  run-loki.sh
11:45:11 PM  1000    142955    0.00    0.00    0.00    0.00    0.00    18  run-otelcol.sh
11:45:11 PM  1000    142958    0.00    0.00    0.00    0.00    0.00    20  run-prometheus.
11:45:11 PM  1000    142961    0.00    0.00    0.00    0.00    0.00    20  run-tempo.sh
11:45:11 PM  1000    142964    0.00    0.00    0.00    0.00    0.00    18  run-pyroscope.s
11:45:11 PM  1000    143068    0.00    0.00    0.00    0.00    0.00    20  sleep

11:45:11 PM   UID       PID    %usr %system  %guest   %wait    %CPU   CPU  Command
11:45:12 PM  1000    142950    0.00    0.00    0.00    0.00    0.00    18  run-grafana.sh
11:45:12 PM  1000    142952    0.00    0.00    0.00    0.00    0.00    20  run-loki.sh
11:45:12 PM  1000    142955    0.00    0.00    0.00    0.00    0.00    18  run-otelcol.sh
11:45:12 PM  1000    142958    0.00    0.00    0.00    0.00    0.00    20  run-prometheus.
11:45:12 PM  1000    142961    0.00    0.00    0.00    0.00    0.00    20  run-tempo.sh
11:45:12 PM  1000    142964    0.00    0.00    0.00    0.00    0.00    18  run-pyroscope.s
11:45:12 PM  1000    143068    0.00    0.00    0.00    0.00    0.00    20  sleep

11:45:12 PM   UID       PID    %usr %system  %guest   %wait    %CPU   CPU  Command
11:45:13 PM  1000    142950    0.00    0.00    0.00    0.00    0.00    18  run-grafana.sh
11:45:13 PM  1000    142952    0.00    0.00    0.00    0.00    0.00    20  run-loki.sh
11:45:13 PM  1000    142955    0.00    0.00    0.00    0.00    0.00    18  run-otelcol.sh
11:45:13 PM  1000    142958    0.00    0.00    0.00    0.00    0.00    20  run-prometheus.
11:45:13 PM  1000    142961    0.00    0.00    0.00    0.00    0.00    20  run-tempo.sh
11:45:13 PM  1000    142964    0.00    0.00    0.00    0.00    0.00    18  run-pyroscope.s
11:45:13 PM  1000    143068    0.00    0.00    0.00    0.00    0.00    20  sleep

11:45:13 PM   UID       PID    %usr %system  %guest   %wait    %CPU   CPU  Command
11:45:14 PM  1000    142950    0.00    0.00    0.00    0.00    0.00    18  run-grafana.sh
11:45:14 PM  1000    142952    0.00    0.00    0.00    0.00    0.00    20  run-loki.sh
11:45:14 PM  1000    142955    0.00    0.00    0.00    0.00    0.00    18  run-otelcol.sh
11:45:14 PM  1000    142958    0.00    0.00    0.00    0.00    0.00    20  run-prometheus.
11:45:14 PM  1000    142961    0.00    0.00    0.00    0.00    0.00    20  run-tempo.sh
11:45:14 PM  1000    142964    0.00    0.00    0.00    0.00    0.00    18  run-pyroscope.s
11:45:14 PM  1000    143068    0.00    0.00    0.00    0.00    0.00    20  sleep

11:45:14 PM   UID       PID    %usr %system  %guest   %wait    %CPU   CPU  Command
11:45:15 PM  1000    142950    0.00    0.00    0.00    0.00    0.00    18  run-grafana.sh
11:45:15 PM  1000    142952    0.00    0.00    0.00    0.00    0.00    20  run-loki.sh
11:45:15 PM  1000    142955    0.00    0.00    0.00    0.00    0.00    18  run-otelcol.sh
11:45:15 PM  1000    142958    0.00    0.00    0.00    0.00    0.00    20  run-prometheus.
11:45:15 PM  1000    142961    0.00    0.00    0.00    0.00    0.00    20  run-tempo.sh
11:45:15 PM  1000    142964    0.00    0.00    0.00    0.00    0.00    18  run-pyroscope.s
11:45:15 PM  1000    143068    0.00    0.00    0.00    0.00    0.00    20  sleep

11:45:15 PM   UID       PID    %usr %system  %guest   %wait    %CPU   CPU  Command
11:45:16 PM  1000    142950    0.00    0.00    0.00    0.00    0.00    18  run-grafana.sh
11:45:16 PM  1000    142952    0.00    0.00    0.00    0.00    0.00    20  run-loki.sh
11:45:16 PM  1000    142955    0.00    0.00    0.00    0.00    0.00    18  run-otelcol.sh
11:45:16 PM  1000    142958    0.00    0.00    0.00    0.00    0.00    20  run-prometheus.
11:45:16 PM  1000    142961    0.00    0.00    0.00    0.00    0.00    20  run-tempo.sh
11:45:16 PM  1000    142964    0.00    0.00    0.00    0.00    0.00    18  run-pyroscope.s
11:45:16 PM  1000    143068    0.00    0.00    0.00    0.00    0.00    20  sleep

11:45:16 PM   UID       PID    %usr %system  %guest   %wait    %CPU   CPU  Command
11:45:17 PM  1000    142950    0.00    0.00    0.00    0.00    0.00    18  run-grafana.sh
11:45:17 PM  1000    142952    0.00    0.00    0.00    0.00    0.00    20  run-loki.sh
11:45:17 PM  1000    142955    0.00    0.00    0.00    0.00    0.00    18  run-otelcol.sh
11:45:17 PM  1000    142958    0.00    0.00    0.00    0.00    0.00    20  run-prometheus.
11:45:17 PM  1000    142961    0.00    0.00    0.00    0.00    0.00    20  run-tempo.sh
11:45:17 PM  1000    142964    0.00    0.00    0.00    0.00    0.00    18  run-pyroscope.s
11:45:17 PM  1000    143068    0.00    0.00    0.00    0.00    0.00    20  sleep

11:45:17 PM   UID       PID    %usr %system  %guest   %wait    %CPU   CPU  Command
11:45:18 PM  1000    142950    0.00    0.00    0.00    0.00    0.00    18  run-grafana.sh
11:45:18 PM  1000    142952    0.00    0.00    0.00    0.00    0.00    20  run-loki.sh
11:45:18 PM  1000    142955    0.00    0.00    0.00    0.00    0.00    18  run-otelcol.sh
11:45:18 PM  1000    142958    0.00    0.00    0.00    0.00    0.00    20  run-prometheus.
11:45:18 PM  1000    142961    0.00    0.00    0.00    0.00    0.00    20  run-tempo.sh
11:45:18 PM  1000    142964    0.00    0.00    0.00    0.00    0.00    18  run-pyroscope.s
11:45:18 PM  1000    143068    0.00    0.00    0.00    0.00    0.00    20  sleep

11:45:18 PM   UID       PID    %usr %system  %guest   %wait    %CPU   CPU  Command
11:45:19 PM  1000    142950    0.00    0.00    0.00    0.00    0.00    18  run-grafana.sh
11:45:19 PM  1000    142952    0.00    0.00    0.00    0.00    0.00    20  run-loki.sh
11:45:19 PM  1000    142955    0.00    0.00    0.00    0.00    0.00    18  run-otelcol.sh
11:45:19 PM  1000    142958    0.00    0.00    0.00    0.00    0.00    20  run-prometheus.
11:45:19 PM  1000    142961    0.00    0.00    0.00    0.00    0.00    20  run-tempo.sh
11:45:19 PM  1000    142964    0.00    0.00    0.00    0.00    0.00    18  run-pyroscope.s
11:45:19 PM  1000    143068    0.00    0.00    0.00    0.00    0.00    20  sleep

11:45:19 PM   UID       PID    %usr %system  %guest   %wait    %CPU   CPU  Command
11:45:20 PM  1000    142950    0.00    0.00    0.00    0.00    0.00    18  run-grafana.sh
11:45:20 PM  1000    142952    0.00    0.00    0.00    0.00    0.00    20  run-loki.sh
11:45:20 PM  1000    142955    0.00    0.00    0.00    0.00    0.00    18  run-otelcol.sh
11:45:20 PM  1000    142958    0.00    0.00    0.00    0.00    0.00    20  run-prometheus.
11:45:20 PM  1000    142961    0.00    0.00    0.00    0.00    0.00    20  run-tempo.sh
11:45:20 PM  1000    142964    0.00    0.00    0.00    0.00    0.00    18  run-pyroscope.s
11:45:20 PM  1000    143068    0.00    0.00    0.00    0.00    0.00    20  sleep

11:45:20 PM   UID       PID    %usr %system  %guest   %wait    %CPU   CPU  Command
11:45:21 PM  1000    142950    0.00    0.00    0.00    0.00    0.00    18  run-grafana.sh
11:45:21 PM  1000    142952    0.00    0.00    0.00    0.00    0.00    20  run-loki.sh
11:45:21 PM  1000    142955    0.00    0.00    0.00    0.00    0.00    18  run-otelcol.sh
11:45:21 PM  1000    142958    0.00    0.00    0.00    0.00    0.00    20  run-prometheus.
11:45:21 PM  1000    142961    0.00    0.00    0.00    0.00    0.00    20  run-tempo.sh
11:45:21 PM  1000    142964    0.00    0.00    0.00    0.00    0.00    18  run-pyroscope.s
11:45:21 PM  1000    143068    0.00    0.00    0.00    0.00    0.00    20  sleep

11:45:21 PM   UID       PID    %usr %system  %guest   %wait    %CPU   CPU  Command
11:45:22 PM  1000    142950    0.00    0.00    0.00    0.00    0.00    18  run-grafana.sh
11:45:22 PM  1000    142952    0.00    0.00    0.00    0.00    0.00    20  run-loki.sh
11:45:22 PM  1000    142955    0.00    0.00    0.00    0.00    0.00    18  run-otelcol.sh
11:45:22 PM  1000    142958    0.00    0.00    0.00    0.00    0.00    20  run-prometheus.
11:45:22 PM  1000    142961    0.00    0.00    0.00    0.00    0.00    20  run-tempo.sh
11:45:22 PM  1000    142964    0.00    0.00    0.00    0.00    0.00    18  run-pyroscope.s
11:45:22 PM  1000    143068    0.00    0.00    0.00    0.00    0.00    20  sleep

11:45:22 PM   UID       PID    %usr %system  %guest   %wait    %CPU   CPU  Command
11:45:23 PM  1000    142950    0.00    0.00    0.00    0.00    0.00    18  run-grafana.sh
11:45:23 PM  1000    142952    0.00    0.00    0.00    0.00    0.00    20  run-loki.sh
11:45:23 PM  1000    142955    0.00    0.00    0.00    0.00    0.00    18  run-otelcol.sh
11:45:23 PM  1000    142958    0.00    0.00    0.00    0.00    0.00    20  run-prometheus.
11:45:23 PM  1000    142961    0.00    0.00    0.00    0.00    0.00    20  run-tempo.sh
11:45:23 PM  1000    142964    0.00    0.00    0.00    0.00    0.00    18  run-pyroscope.s
11:45:23 PM  1000    143068    0.00    0.00    0.00    0.00    0.00    20  sleep

11:45:23 PM   UID       PID    %usr %system  %guest   %wait    %CPU   CPU  Command
11:45:24 PM  1000    142950    0.00    0.00    0.00    0.00    0.00    18  run-grafana.sh
11:45:24 PM  1000    142952    0.00    0.00    0.00    0.00    0.00    20  run-loki.sh
11:45:24 PM  1000    142955    0.00    0.00    0.00    0.00    0.00    18  run-otelcol.sh
11:45:24 PM  1000    142958    0.00    0.00    0.00    0.00    0.00    20  run-prometheus.
11:45:24 PM  1000    142961    0.00    0.00    0.00    0.00    0.00    20  run-tempo.sh
11:45:24 PM  1000    142964    0.00    0.00    0.00    0.00    0.00    18  run-pyroscope.s
11:45:24 PM  1000    143068    0.00    0.00    0.00    0.00    0.00    20  sleep

11:45:24 PM   UID       PID    %usr %system  %guest   %wait    %CPU   CPU  Command
11:45:25 PM  1000    142950    0.00    0.00    0.00    0.00    0.00    18  run-grafana.sh
11:45:25 PM  1000    142952    0.00    0.00    0.00    0.00    0.00    20  run-loki.sh
11:45:25 PM  1000    142955    0.00    0.00    0.00    0.00    0.00    18  run-otelcol.sh
11:45:25 PM  1000    142958    0.00    0.00    0.00    0.00    0.00    20  run-prometheus.
11:45:25 PM  1000    142961    0.00    0.00    0.00    0.00    0.00    20  run-tempo.sh
11:45:25 PM  1000    142964    0.00    0.00    0.00    0.00    0.00    18  run-pyroscope.s
11:45:25 PM  1000    143068    0.00    0.00    0.00    0.00    0.00    20  sleep

11:45:25 PM   UID       PID    %usr %system  %guest   %wait    %CPU   CPU  Command
11:45:26 PM  1000    142950    0.00    0.00    0.00    0.00    0.00    18  run-grafana.sh
11:45:26 PM  1000    142952    0.00    0.00    0.00    0.00    0.00    20  run-loki.sh
11:45:26 PM  1000    142955    0.00    0.00    0.00    0.00    0.00    18  run-otelcol.sh
11:45:26 PM  1000    142958    0.00    0.00    0.00    0.00    0.00    20  run-prometheus.
11:45:26 PM  1000    142961    0.00    0.00    0.00    0.00    0.00    20  run-tempo.sh
11:45:26 PM  1000    142964    0.00    0.00    0.00    0.00    0.00    18  run-pyroscope.s
11:45:26 PM  1000    143068    0.00    0.00    0.00    0.00    0.00    20  sleep

11:45:26 PM   UID       PID    %usr %system  %guest   %wait    %CPU   CPU  Command
11:45:27 PM  1000    142950    0.00    0.00    0.00    0.00    0.00    18  run-grafana.sh
11:45:27 PM  1000    142952    0.00    0.00    0.00    0.00    0.00    20  run-loki.sh
11:45:27 PM  1000    142955    0.00    0.00    0.00    0.00    0.00    18  run-otelcol.sh
11:45:27 PM  1000    142958    0.00    0.00    0.00    0.00    0.00    20  run-prometheus.
11:45:27 PM  1000    142961    0.00    0.00    0.00    0.00    0.00    20  run-tempo.sh
11:45:27 PM  1000    142964    0.00    0.00    0.00    0.00    0.00    18  run-pyroscope.s
11:45:27 PM  1000    143068    0.00    0.00    0.00    0.00    0.00    20  sleep

11:45:27 PM   UID       PID    %usr %system  %guest   %wait    %CPU   CPU  Command
11:45:28 PM  1000    142950    0.00    0.00    0.00    0.00    0.00    18  run-grafana.sh
11:45:28 PM  1000    142952    0.00    0.00    0.00    0.00    0.00    20  run-loki.sh
11:45:28 PM  1000    142955    0.00    0.00    0.00    0.00    0.00    18  run-otelcol.sh
11:45:28 PM  1000    142958    0.00    0.00    0.00    0.00    0.00    20  run-prometheus.
11:45:28 PM  1000    142961    0.00    0.00    0.00    0.00    0.00    20  run-tempo.sh
11:45:28 PM  1000    142964    0.00    0.00    0.00    0.00    0.00    18  run-pyroscope.s
11:45:28 PM  1000    143068    0.00    0.00    0.00    0.00    0.00    20  sleep

11:45:28 PM   UID       PID    %usr %system  %guest   %wait    %CPU   CPU  Command
11:45:29 PM  1000    142950    0.00    0.00    0.00    0.00    0.00    18  run-grafana.sh
11:45:29 PM  1000    142952    0.00    0.00    0.00    0.00    0.00    20  run-loki.sh
11:45:29 PM  1000    142955    0.00    0.00    0.00    0.00    0.00    18  run-otelcol.sh
11:45:29 PM  1000    142958    0.00    0.00    0.00    0.00    0.00    20  run-prometheus.
11:45:29 PM  1000    142961    0.00    0.00    0.00    0.00    0.00    20  run-tempo.sh
11:45:29 PM  1000    142964    0.00    0.00    0.00    0.00    0.00    18  run-pyroscope.s
11:45:29 PM  1000    143068    0.00    0.00    0.00    0.00    0.00    20  sleep

11:45:29 PM   UID       PID    %usr %system  %guest   %wait    %CPU   CPU  Command
11:45:30 PM  1000    142950    0.00    0.00    0.00    0.00    0.00    18  run-grafana.sh
11:45:30 PM  1000    142952    0.00    0.00    0.00    0.00    0.00    20  run-loki.sh
11:45:30 PM  1000    142955    0.00    0.00    0.00    0.00    0.00    18  run-otelcol.sh
11:45:30 PM  1000    142958    0.00    0.00    0.00    0.00    0.00    20  run-prometheus.
11:45:30 PM  1000    142961    0.00    0.00    0.00    0.00    0.00    20  run-tempo.sh
11:45:30 PM  1000    142964    0.00    0.00    0.00    0.00    0.00    18  run-pyroscope.s
11:45:30 PM  1000    143068    0.00    0.00    0.00    0.00    0.00    20  sleep

11:45:30 PM   UID       PID    %usr %system  %guest   %wait    %CPU   CPU  Command
11:45:31 PM  1000    142950    0.00    0.00    0.00    0.00    0.00    18  run-grafana.sh
11:45:31 PM  1000    142952    0.00    0.00    0.00    0.00    0.00    20  run-loki.sh
11:45:31 PM  1000    142955    0.00    0.00    0.00    0.00    0.00    18  run-otelcol.sh
11:45:31 PM  1000    142958    0.00    0.00    0.00    0.00    0.00    20  run-prometheus.
11:45:31 PM  1000    142961    0.00    0.00    0.00    0.00    0.00    20  run-tempo.sh
11:45:31 PM  1000    142964    0.00    0.00    0.00    0.00    0.00    18  run-pyroscope.s
11:45:31 PM  1000    143068    0.00    0.00    0.00    0.00    0.00    20  sleep

11:45:31 PM   UID       PID    %usr %system  %guest   %wait    %CPU   CPU  Command
11:45:32 PM  1000    142950    0.00    0.00    0.00    0.00    0.00    18  run-grafana.sh
11:45:32 PM  1000    142952    0.00    0.00    0.00    0.00    0.00    20  run-loki.sh
11:45:32 PM  1000    142955    0.00    0.00    0.00    0.00    0.00    18  run-otelcol.sh
11:45:32 PM  1000    142958    0.00    0.00    0.00    0.00    0.00    20  run-prometheus.
11:45:32 PM  1000    142961    0.00    0.00    0.00    0.00    0.00    20  run-tempo.sh
11:45:32 PM  1000    142964    0.00    0.00    0.00    0.00    0.00    18  run-pyroscope.s
11:45:32 PM  1000    143068    0.00    0.00    0.00    0.00    0.00    20  sleep

11:45:32 PM   UID       PID    %usr %system  %guest   %wait    %CPU   CPU  Command
11:45:33 PM  1000    142950    0.00    0.00    0.00    0.00    0.00    18  run-grafana.sh
11:45:33 PM  1000    142952    0.00    0.00    0.00    0.00    0.00    20  run-loki.sh
11:45:33 PM  1000    142955    0.00    0.00    0.00    0.00    0.00    18  run-otelcol.sh
11:45:33 PM  1000    142958    0.00    0.00    0.00    0.00    0.00    20  run-prometheus.
11:45:33 PM  1000    142961    0.00    0.00    0.00    0.00    0.00    20  run-tempo.sh
11:45:33 PM  1000    142964    0.00    0.00    0.00    0.00    0.00    18  run-pyroscope.s
11:45:33 PM  1000    143068    0.00    0.00    0.00    0.00    0.00    20  sleep

11:45:33 PM   UID       PID    %usr %system  %guest   %wait    %CPU   CPU  Command
11:45:34 PM  1000    142950    0.00    0.00    0.00    0.00    0.00    18  run-grafana.sh
11:45:34 PM  1000    142952    0.00    0.00    0.00    0.00    0.00    20  run-loki.sh
11:45:34 PM  1000    142955    0.00    0.00    0.00    0.00    0.00    18  run-otelcol.sh
11:45:34 PM  1000    142958    0.00    0.00    0.00    0.00    0.00    20  run-prometheus.
11:45:34 PM  1000    142961    0.00    0.00    0.00    0.00    0.00    20  run-tempo.sh
11:45:34 PM  1000    142964    0.00    0.00    0.00    0.00    0.00    18  run-pyroscope.s
11:45:34 PM  1000    143068    0.00    0.00    0.00    0.00    0.00    20  sleep

11:45:34 PM   UID       PID    %usr %system  %guest   %wait    %CPU   CPU  Command
11:45:35 PM  1000    142950    0.00    0.00    0.00    0.00    0.00    18  run-grafana.sh
11:45:35 PM  1000    142952    0.00    0.00    0.00    0.00    0.00    20  run-loki.sh
11:45:35 PM  1000    142955    0.00    0.00    0.00    0.00    0.00    18  run-otelcol.sh
11:45:35 PM  1000    142958    0.00    0.00    0.00    0.00    0.00    20  run-prometheus.
11:45:35 PM  1000    142961    0.00    0.00    0.00    0.00    0.00    20  run-tempo.sh
11:45:35 PM  1000    142964    0.00    0.00    0.00    0.00    0.00    18  run-pyroscope.s
11:45:35 PM  1000    143068    0.00    0.00    0.00    0.00    0.00    20  sleep

11:45:35 PM   UID       PID    %usr %system  %guest   %wait    %CPU   CPU  Command
11:45:36 PM  1000    142950    0.00    0.00    0.00    0.00    0.00    18  run-grafana.sh
11:45:36 PM  1000    142952    0.00    0.00    0.00    0.00    0.00    20  run-loki.sh
11:45:36 PM  1000    142955    0.00    0.00    0.00    0.00    0.00    18  run-otelcol.sh
11:45:36 PM  1000    142958    0.00    0.00    0.00    0.00    0.00    20  run-prometheus.
11:45:36 PM  1000    142961    0.00    0.00    0.00    0.00    0.00    20  run-tempo.sh
11:45:36 PM  1000    142964    0.00    0.00    0.00    0.00    0.00    18  run-pyroscope.s
11:45:36 PM  1000    143068    0.00    0.00    0.00    0.00    0.00    20  sleep

11:45:36 PM   UID       PID    %usr %system  %guest   %wait    %CPU   CPU  Command
11:45:37 PM  1000    142950    0.00    0.00    0.00    0.00    0.00    18  run-grafana.sh
11:45:37 PM  1000    142952    0.00    0.00    0.00    0.00    0.00    20  run-loki.sh
11:45:37 PM  1000    142955    0.00    0.00    0.00    0.00    0.00    18  run-otelcol.sh
11:45:37 PM  1000    142958    0.00    0.00    0.00    0.00    0.00    20  run-prometheus.
11:45:37 PM  1000    142961    0.00    0.00    0.00    0.00    0.00    20  run-tempo.sh
11:45:37 PM  1000    142964    0.00    0.00    0.00    0.00    0.00    18  run-pyroscope.s
11:45:37 PM  1000    143068    0.00    0.00    0.00    0.00    0.00    20  sleep

11:45:37 PM   UID       PID    %usr %system  %guest   %wait    %CPU   CPU  Command
11:45:38 PM  1000    142950    0.00    0.00    0.00    0.00    0.00    18  run-grafana.sh
11:45:38 PM  1000    142952    0.00    0.00    0.00    0.00    0.00    20  run-loki.sh
11:45:38 PM  1000    142955    0.00    0.00    0.00    0.00    0.00    18  run-otelcol.sh
11:45:38 PM  1000    142958    0.00    0.00    0.00    0.00    0.00    20  run-prometheus.
11:45:38 PM  1000    142961    0.00    0.00    0.00    0.00    0.00    20  run-tempo.sh
11:45:38 PM  1000    142964    0.00    0.00    0.00    0.00    0.00    18  run-pyroscope.s
11:45:38 PM  1000    143068    0.00    0.00    0.00    0.00    0.00    20  sleep

11:45:38 PM   UID       PID    %usr %system  %guest   %wait    %CPU   CPU  Command
11:45:39 PM  1000    142950    0.00    0.00    0.00    0.00    0.00    18  run-grafana.sh
11:45:39 PM  1000    142952    0.00    0.00    0.00    0.00    0.00    20  run-loki.sh
11:45:39 PM  1000    142955    0.00    0.00    0.00    0.00    0.00    18  run-otelcol.sh
11:45:39 PM  1000    142958    0.00    0.00    0.00    0.00    0.00    20  run-prometheus.
11:45:39 PM  1000    142961    0.00    0.00    0.00    0.00    0.00    20  run-tempo.sh
11:45:39 PM  1000    142964    0.00    0.00    0.00    0.00    0.00    18  run-pyroscope.s
11:45:39 PM  1000    143068    0.00    0.00    0.00    0.00    0.00    20  sleep

11:45:39 PM   UID       PID    %usr %system  %guest   %wait    %CPU   CPU  Command
11:45:40 PM  1000    142950    0.00    0.00    0.00    0.00    0.00    18  run-grafana.sh
11:45:40 PM  1000    142952    0.00    0.00    0.00    0.00    0.00    20  run-loki.sh
11:45:40 PM  1000    142955    0.00    0.00    0.00    0.00    0.00    18  run-otelcol.sh
11:45:40 PM  1000    142958    0.00    0.00    0.00    0.00    0.00    20  run-prometheus.
11:45:40 PM  1000    142961    0.00    0.00    0.00    0.00    0.00    20  run-tempo.sh
11:45:40 PM  1000    142964    0.00    0.00    0.00    0.00    0.00    18  run-pyroscope.s
11:45:40 PM  1000    143068    0.00    0.00    0.00    0.00    0.00    20  sleep

11:45:40 PM   UID       PID    %usr %system  %guest   %wait    %CPU   CPU  Command
11:45:41 PM  1000    142950    0.00    0.00    0.00    0.00    0.00    18  run-grafana.sh
11:45:41 PM  1000    142952    0.00    0.00    0.00    0.00    0.00    20  run-loki.sh
11:45:41 PM  1000    142955    0.00    0.00    0.00    0.00    0.00    18  run-otelcol.sh
11:45:41 PM  1000    142958    0.00    0.00    0.00    0.00    0.00    20  run-prometheus.
11:45:41 PM  1000    142961    0.00    0.00    0.00    0.00    0.00    20  run-tempo.sh
11:45:41 PM  1000    142964    0.00    0.00    0.00    0.00    0.00    18  run-pyroscope.s
11:45:41 PM  1000    143068    0.00    0.00    0.00    0.00    0.00    20  sleep

11:45:41 PM   UID       PID    %usr %system  %guest   %wait    %CPU   CPU  Command
11:45:42 PM  1000    142950    0.00    0.00    0.00    0.00    0.00    18  run-grafana.sh
11:45:42 PM  1000    142952    0.00    0.00    0.00    0.00    0.00    20  run-loki.sh
11:45:42 PM  1000    142955    0.00    0.00    0.00    0.00    0.00    18  run-otelcol.sh
11:45:42 PM  1000    142958    0.00    0.00    0.00    0.00    0.00    20  run-prometheus.
11:45:42 PM  1000    142961    0.00    0.00    0.00    0.00    0.00    20  run-tempo.sh
11:45:42 PM  1000    142964    0.00    0.00    0.00    0.00    0.00    18  run-pyroscope.s
11:45:42 PM  1000    143068    0.00    0.00    0.00    0.00    0.00    20  sleep

11:45:42 PM   UID       PID    %usr %system  %guest   %wait    %CPU   CPU  Command
11:45:43 PM  1000    142950    0.00    0.00    0.00    0.00    0.00    18  run-grafana.sh
11:45:43 PM  1000    142952    0.00    0.00    0.00    0.00    0.00    20  run-loki.sh
11:45:43 PM  1000    142955    0.00    0.00    0.00    0.00    0.00    18  run-otelcol.sh
11:45:43 PM  1000    142958    0.00    0.00    0.00    0.00    0.00    20  run-prometheus.
11:45:43 PM  1000    142961    0.00    0.00    0.00    0.00    0.00    20  run-tempo.sh
11:45:43 PM  1000    142964    0.00    0.00    0.00    0.00    0.00    18  run-pyroscope.s
11:45:43 PM  1000    143068    0.00    0.00    0.00    0.00    0.00    20  sleep

11:45:43 PM   UID       PID    %usr %system  %guest   %wait    %CPU   CPU  Command
11:45:44 PM  1000    142950    0.00    0.00    0.00    0.00    0.00    18  run-grafana.sh
11:45:44 PM  1000    142952    0.00    0.00    0.00    0.00    0.00    20  run-loki.sh
11:45:44 PM  1000    142955    0.00    0.00    0.00    0.00    0.00    18  run-otelcol.sh
11:45:44 PM  1000    142958    0.00    0.00    0.00    0.00    0.00    20  run-prometheus.
11:45:44 PM  1000    142961    0.00    0.00    0.00    0.00    0.00    20  run-tempo.sh
11:45:44 PM  1000    142964    0.00    0.00    0.00    0.00    0.00    18  run-pyroscope.s
11:45:44 PM  1000    143068    0.00    0.00    0.00    0.00    0.00    20  sleep

11:45:44 PM   UID       PID    %usr %system  %guest   %wait    %CPU   CPU  Command
11:45:45 PM  1000    142950    0.00    0.00    0.00    0.00    0.00    18  run-grafana.sh
11:45:45 PM  1000    142952    0.00    0.00    0.00    0.00    0.00    20  run-loki.sh
11:45:45 PM  1000    142955    0.00    0.00    0.00    0.00    0.00    18  run-otelcol.sh
11:45:45 PM  1000    142958    0.00    0.00    0.00    0.00    0.00    20  run-prometheus.
11:45:45 PM  1000    142961    0.00    0.00    0.00    0.00    0.00    20  run-tempo.sh
11:45:45 PM  1000    142964    0.00    0.00    0.00    0.00    0.00    18  run-pyroscope.s
11:45:45 PM  1000    143068    0.00    0.00    0.00    0.00    0.00    20  sleep

11:45:45 PM   UID       PID    %usr %system  %guest   %wait    %CPU   CPU  Command
11:45:46 PM  1000    142950    0.00    0.00    0.00    0.00    0.00    18  run-grafana.sh
11:45:46 PM  1000    142952    0.00    0.00    0.00    0.00    0.00    20  run-loki.sh
11:45:46 PM  1000    142955    0.00    0.00    0.00    0.00    0.00    18  run-otelcol.sh
11:45:46 PM  1000    142958    0.00    0.00    0.00    0.00    0.00    20  run-prometheus.
11:45:46 PM  1000    142961    0.00    0.00    0.00    0.00    0.00    20  run-tempo.sh
11:45:46 PM  1000    142964    0.00    0.00    0.00    0.00    0.00    18  run-pyroscope.s
11:45:46 PM  1000    143068    0.00    0.00    0.00    0.00    0.00    20  sleep

11:45:46 PM   UID       PID    %usr %system  %guest   %wait    %CPU   CPU  Command
11:45:47 PM  1000    142950    0.00    0.00    0.00    0.00    0.00    18  run-grafana.sh
11:45:47 PM  1000    142952    0.00    0.00    0.00    0.00    0.00    20  run-loki.sh
11:45:47 PM  1000    142955    0.00    0.00    0.00    0.00    0.00    18  run-otelcol.sh
11:45:47 PM  1000    142958    0.00    0.00    0.00    0.00    0.00    20  run-prometheus.
11:45:47 PM  1000    142961    0.00    0.00    0.00    0.00    0.00    20  run-tempo.sh
11:45:47 PM  1000    142964    0.00    0.00    0.00    0.00    0.00    18  run-pyroscope.s
11:45:47 PM  1000    143068    0.00    0.00    0.00    0.00    0.00    20  sleep

11:45:47 PM   UID       PID    %usr %system  %guest   %wait    %CPU   CPU  Command
11:45:48 PM  1000    142950    0.00    0.00    0.00    0.00    0.00    18  run-grafana.sh
11:45:48 PM  1000    142952    0.00    0.00    0.00    0.00    0.00    20  run-loki.sh
11:45:48 PM  1000    142955    0.00    0.00    0.00    0.00    0.00    18  run-otelcol.sh
11:45:48 PM  1000    142958    0.00    0.00    0.00    0.00    0.00    20  run-prometheus.
11:45:48 PM  1000    142961    0.00    0.00    0.00    0.00    0.00    20  run-tempo.sh
11:45:48 PM  1000    142964    0.00    0.00    0.00    0.00    0.00    18  run-pyroscope.s
11:45:48 PM  1000    143068    0.00    0.00    0.00    0.00    0.00    20  sleep

11:45:48 PM   UID       PID    %usr %system  %guest   %wait    %CPU   CPU  Command
11:45:49 PM  1000    142950    0.00    0.00    0.00    0.00    0.00    18  run-grafana.sh
11:45:49 PM  1000    142952    0.00    0.00    0.00    0.00    0.00    20  run-loki.sh
11:45:49 PM  1000    142955    0.00    0.00    0.00    0.00    0.00    18  run-otelcol.sh
11:45:49 PM  1000    142958    0.00    0.00    0.00    0.00    0.00    20  run-prometheus.
11:45:49 PM  1000    142961    0.00    0.00    0.00    0.00    0.00    20  run-tempo.sh
11:45:49 PM  1000    142964    0.00    0.00    0.00    0.00    0.00    18  run-pyroscope.s
11:45:49 PM  1000    143068    0.00    0.00    0.00    0.00    0.00    20  sleep

11:45:49 PM   UID       PID    %usr %system  %guest   %wait    %CPU   CPU  Command
11:45:50 PM  1000    142950    0.00    0.00    0.00    0.00    0.00    18  run-grafana.sh
11:45:50 PM  1000    142952    0.00    0.00    0.00    0.00    0.00    20  run-loki.sh
11:45:50 PM  1000    142955    0.00    0.00    0.00    0.00    0.00    18  run-otelcol.sh
11:45:50 PM  1000    142958    0.00    0.00    0.00    0.00    0.00    20  run-prometheus.
11:45:50 PM  1000    142961    0.00    0.00    0.00    0.00    0.00    20  run-tempo.sh
11:45:50 PM  1000    142964    0.00    0.00    0.00    0.00    0.00    18  run-pyroscope.s
11:45:50 PM  1000    143068    0.00    0.00    0.00    0.00    0.00    20  sleep

11:45:50 PM   UID       PID    %usr %system  %guest   %wait    %CPU   CPU  Command
11:45:51 PM  1000    142950    0.00    0.00    0.00    0.00    0.00    18  run-grafana.sh
11:45:51 PM  1000    142952    0.00    0.00    0.00    0.00    0.00    20  run-loki.sh
11:45:51 PM  1000    142955    0.00    0.00    0.00    0.00    0.00    18  run-otelcol.sh
11:45:51 PM  1000    142958    0.00    0.00    0.00    0.00    0.00    20  run-prometheus.
11:45:51 PM  1000    142961    0.00    0.00    0.00    0.00    0.00    20  run-tempo.sh
11:45:51 PM  1000    142964    0.00    0.00    0.00    0.00    0.00    18  run-pyroscope.s
11:45:51 PM  1000    143068    0.00    0.00    0.00    0.00    0.00    20  sleep

11:45:51 PM   UID       PID    %usr %system  %guest   %wait    %CPU   CPU  Command
11:45:52 PM  1000    142950    0.00    0.00    0.00    0.00    0.00    18  run-grafana.sh
11:45:52 PM  1000    142952    0.00    0.00    0.00    0.00    0.00    20  run-loki.sh
11:45:52 PM  1000    142955    0.00    0.00    0.00    0.00    0.00    18  run-otelcol.sh
11:45:52 PM  1000    142958    0.00    0.00    0.00    0.00    0.00    20  run-prometheus.
11:45:52 PM  1000    142961    0.00    0.00    0.00    0.00    0.00    20  run-tempo.sh
11:45:52 PM  1000    142964    0.00    0.00    0.00    0.00    0.00    18  run-pyroscope.s
11:45:52 PM  1000    143068    0.00    0.00    0.00    0.00    0.00    20  sleep

11:45:52 PM   UID       PID    %usr %system  %guest   %wait    %CPU   CPU  Command
11:45:53 PM  1000    142950    0.00    0.00    0.00    0.00    0.00    18  run-grafana.sh
11:45:53 PM  1000    142952    0.00    0.00    0.00    0.00    0.00    20  run-loki.sh
11:45:53 PM  1000    142955    0.00    0.00    0.00    0.00    0.00    18  run-otelcol.sh
11:45:53 PM  1000    142958    0.00    0.00    0.00    0.00    0.00    20  run-prometheus.
11:45:53 PM  1000    142961    0.00    0.00    0.00    0.00    0.00    20  run-tempo.sh
11:45:53 PM  1000    142964    0.00    0.00    0.00    0.00    0.00    18  run-pyroscope.s
11:45:53 PM  1000    143068    0.00    0.00    0.00    0.00    0.00    20  sleep

11:45:53 PM   UID       PID    %usr %system  %guest   %wait    %CPU   CPU  Command
11:45:54 PM  1000    142950    0.00    0.00    0.00    0.00    0.00    18  run-grafana.sh
11:45:54 PM  1000    142952    0.00    0.00    0.00    0.00    0.00    20  run-loki.sh
11:45:54 PM  1000    142955    0.00    0.00    0.00    0.00    0.00    18  run-otelcol.sh
11:45:54 PM  1000    142958    0.00    0.00    0.00    0.00    0.00    20  run-prometheus.
11:45:54 PM  1000    142961    0.00    0.00    0.00    0.00    0.00    20  run-tempo.sh
11:45:54 PM  1000    142964    0.00    0.00    0.00    0.00    0.00    18  run-pyroscope.s
11:45:54 PM  1000    143068    0.00    0.00    0.00    0.00    0.00    20  sleep

11:45:54 PM   UID       PID    %usr %system  %guest   %wait    %CPU   CPU  Command
11:45:55 PM  1000    142950    0.00    0.00    0.00    0.00    0.00    18  run-grafana.sh
11:45:55 PM  1000    142952    0.00    0.00    0.00    0.00    0.00    20  run-loki.sh
11:45:55 PM  1000    142955    0.00    0.00    0.00    0.00    0.00    18  run-otelcol.sh
11:45:55 PM  1000    142958    0.00    0.00    0.00    0.00    0.00    20  run-prometheus.
11:45:55 PM  1000    142961    0.00    0.00    0.00    0.00    0.00    20  run-tempo.sh
11:45:55 PM  1000    142964    0.00    0.00    0.00    0.00    0.00    18  run-pyroscope.s
11:45:55 PM  1000    143068    0.00    0.00    0.00    0.00    0.00    20  sleep

11:45:55 PM   UID       PID    %usr %system  %guest   %wait    %CPU   CPU  Command
11:45:56 PM  1000    142950    0.00    0.00    0.00    0.00    0.00    18  run-grafana.sh
11:45:56 PM  1000    142952    0.00    0.00    0.00    0.00    0.00    20  run-loki.sh
11:45:56 PM  1000    142955    0.00    0.00    0.00    0.00    0.00    18  run-otelcol.sh
11:45:56 PM  1000    142958    0.00    0.00    0.00    0.00    0.00    20  run-prometheus.
11:45:56 PM  1000    142961    0.00    0.00    0.00    0.00    0.00    20  run-tempo.sh
11:45:56 PM  1000    142964    0.00    0.00    0.00    0.00    0.00    18  run-pyroscope.s
11:45:56 PM  1000    143068    0.00    0.00    0.00    0.00    0.00    20  sleep

11:45:56 PM   UID       PID    %usr %system  %guest   %wait    %CPU   CPU  Command
11:45:57 PM  1000    142950    0.00    0.00    0.00    0.00    0.00    18  run-grafana.sh
11:45:57 PM  1000    142952    0.00    0.00    0.00    0.00    0.00    20  run-loki.sh
11:45:57 PM  1000    142955    0.00    0.00    0.00    0.00    0.00    18  run-otelcol.sh
11:45:57 PM  1000    142958    0.00    0.00    0.00    0.00    0.00    20  run-prometheus.
11:45:57 PM  1000    142961    0.00    0.00    0.00    0.00    0.00    20  run-tempo.sh
11:45:57 PM  1000    142964    0.00    0.00    0.00    0.00    0.00    18  run-pyroscope.s
11:45:57 PM  1000    143068    0.00    0.00    0.00    0.00    0.00    20  sleep

11:45:57 PM   UID       PID    %usr %system  %guest   %wait    %CPU   CPU  Command
11:45:58 PM  1000    142950    0.00    0.00    0.00    0.00    0.00    18  run-grafana.sh
11:45:58 PM  1000    142952    0.00    0.00    0.00    0.00    0.00    20  run-loki.sh
11:45:58 PM  1000    142955    0.00    0.00    0.00    0.00    0.00    18  run-otelcol.sh
11:45:58 PM  1000    142958    0.00    0.00    0.00    0.00    0.00    20  run-prometheus.
11:45:58 PM  1000    142961    0.00    0.00    0.00    0.00    0.00    20  run-tempo.sh
11:45:58 PM  1000    142964    0.00    0.00    0.00    0.00    0.00    18  run-pyroscope.s
11:45:58 PM  1000    143068    0.00    0.00    0.00    0.00    0.00    20  sleep

11:45:58 PM   UID       PID    %usr %system  %guest   %wait    %CPU   CPU  Command
11:45:59 PM  1000    142950    0.00    0.00    0.00    0.00    0.00    18  run-grafana.sh
11:45:59 PM  1000    142952    0.00    0.00    0.00    0.00    0.00    20  run-loki.sh
11:45:59 PM  1000    142955    0.00    0.00    0.00    0.00    0.00    18  run-otelcol.sh
11:45:59 PM  1000    142958    0.00    0.00    0.00    0.00    0.00    20  run-prometheus.
11:45:59 PM  1000    142961    0.00    0.00    0.00    0.00    0.00    20  run-tempo.sh
11:45:59 PM  1000    142964    0.00    0.00    0.00    0.00    0.00    18  run-pyroscope.s
11:45:59 PM  1000    143068    0.00    0.00    0.00    0.00    0.00    20  sleep

11:45:59 PM   UID       PID    %usr %system  %guest   %wait    %CPU   CPU  Command
11:46:00 PM  1000    142950    0.00    0.00    0.00    0.00    0.00    18  run-grafana.sh
11:46:00 PM  1000    142952    0.00    0.00    0.00    0.00    0.00    20  run-loki.sh
11:46:00 PM  1000    142955    0.00    0.00    0.00    0.00    0.00    18  run-otelcol.sh
11:46:00 PM  1000    142958    0.00    0.00    0.00    0.00    0.00    20  run-prometheus.
11:46:00 PM  1000    142961    0.00    0.00    0.00    0.00    0.00    20  run-tempo.sh
11:46:00 PM  1000    142964    0.00    0.00    0.00    0.00    0.00    18  run-pyroscope.s
11:46:00 PM  1000    143068    0.00    0.00    0.00    0.00    0.00    20  sleep

11:46:00 PM   UID       PID    %usr %system  %guest   %wait    %CPU   CPU  Command
11:46:01 PM  1000    142950    0.00    0.00    0.00    0.00    0.00    18  run-grafana.sh
11:46:01 PM  1000    142952    0.00    0.00    0.00    0.00    0.00    20  run-loki.sh
11:46:01 PM  1000    142955    0.00    0.00    0.00    0.00    0.00    18  run-otelcol.sh
11:46:01 PM  1000    142958    0.00    0.00    0.00    0.00    0.00    20  run-prometheus.
11:46:01 PM  1000    142961    0.00    0.00    0.00    0.00    0.00    20  run-tempo.sh
11:46:01 PM  1000    142964    0.00    0.00    0.00    0.00    0.00    18  run-pyroscope.s
11:46:01 PM  1000    143068    0.00    0.00    0.00    0.00    0.00    20  sleep

11:46:01 PM   UID       PID    %usr %system  %guest   %wait    %CPU   CPU  Command
11:46:02 PM  1000    142950    0.00    0.00    0.00    0.00    0.00    18  run-grafana.sh
11:46:02 PM  1000    142952    0.00    0.00    0.00    0.00    0.00    20  run-loki.sh
11:46:02 PM  1000    142955    0.00    0.00    0.00    0.00    0.00    18  run-otelcol.sh
11:46:02 PM  1000    142958    0.00    0.00    0.00    0.00    0.00    20  run-prometheus.
11:46:02 PM  1000    142961    0.00    0.00    0.00    0.00    0.00    20  run-tempo.sh
11:46:02 PM  1000    142964    0.00    0.00    0.00    0.00    0.00    18  run-pyroscope.s
11:46:02 PM  1000    143068    0.00    0.00    0.00    0.00    0.00    20  sleep

11:46:02 PM   UID       PID    %usr %system  %guest   %wait    %CPU   CPU  Command
11:46:03 PM  1000    142950    0.00    0.00    0.00    0.00    0.00    18  run-grafana.sh
11:46:03 PM  1000    142952    0.00    0.00    0.00    0.00    0.00    20  run-loki.sh
11:46:03 PM  1000    142955    0.00    0.00    0.00    0.00    0.00    18  run-otelcol.sh
11:46:03 PM  1000    142958    0.00    0.00    0.00    0.00    0.00    20  run-prometheus.
11:46:03 PM  1000    142961    0.00    0.00    0.00    0.00    0.00    20  run-tempo.sh
11:46:03 PM  1000    142964    0.00    0.00    0.00    0.00    0.00    18  run-pyroscope.s
11:46:03 PM  1000    143068    0.00    0.00    0.00    0.00    0.00    20  sleep

11:46:03 PM   UID       PID    %usr %system  %guest   %wait    %CPU   CPU  Command
11:46:04 PM  1000    142950    0.00    0.00    0.00    0.00    0.00    18  run-grafana.sh
11:46:04 PM  1000    142952    0.00    0.00    0.00    0.00    0.00    20  run-loki.sh
11:46:04 PM  1000    142955    0.00    0.00    0.00    0.00    0.00    18  run-otelcol.sh
11:46:04 PM  1000    142958    0.00    0.00    0.00    0.00    0.00    20  run-prometheus.
11:46:04 PM  1000    142961    0.00    0.00    0.00    0.00    0.00    20  run-tempo.sh
11:46:04 PM  1000    142964    0.00    0.00    0.00    0.00    0.00    18  run-pyroscope.s
11:46:04 PM  1000    143068    0.00    0.00    0.00    0.00    0.00    20  sleep

11:46:04 PM   UID       PID    %usr %system  %guest   %wait    %CPU   CPU  Command
11:46:05 PM  1000    142950    0.00    0.00    0.00    0.00    0.00    18  run-grafana.sh
11:46:05 PM  1000    142952    0.00    0.00    0.00    0.00    0.00    20  run-loki.sh
11:46:05 PM  1000    142955    0.00    0.00    0.00    0.00    0.00    18  run-otelcol.sh
11:46:05 PM  1000    142958    0.00    0.00    0.00    0.00    0.00    20  run-prometheus.
11:46:05 PM  1000    142961    0.00    0.00    0.00    0.00    0.00    20  run-tempo.sh
11:46:05 PM  1000    142964    0.00    0.00    0.00    0.00    0.00    18  run-pyroscope.s
11:46:05 PM  1000    143068    0.00    0.00    0.00    0.00    0.00    20  sleep

11:46:05 PM   UID       PID    %usr %system  %guest   %wait    %CPU   CPU  Command
11:46:06 PM  1000    142950    0.00    0.00    0.00    0.00    0.00    18  run-grafana.sh
11:46:06 PM  1000    142952    0.00    0.00    0.00    0.00    0.00    20  run-loki.sh
11:46:06 PM  1000    142955    0.00    0.00    0.00    0.00    0.00    18  run-otelcol.sh
11:46:06 PM  1000    142958    0.00    0.00    0.00    0.00    0.00    20  run-prometheus.
11:46:06 PM  1000    142961    0.00    0.00    0.00    0.00    0.00    20  run-tempo.sh
11:46:06 PM  1000    142964    0.00    0.00    0.00    0.00    0.00    18  run-pyroscope.s
11:46:06 PM  1000    143068    0.00    0.00    0.00    0.00    0.00    20  sleep

11:46:06 PM   UID       PID    %usr %system  %guest   %wait    %CPU   CPU  Command
11:46:07 PM  1000    142950    0.00    0.00    0.00    0.00    0.00    18  run-grafana.sh
11:46:07 PM  1000    142952    0.00    0.00    0.00    0.00    0.00    20  run-loki.sh
11:46:07 PM  1000    142955    0.00    0.00    0.00    0.00    0.00    18  run-otelcol.sh
11:46:07 PM  1000    142958    0.00    0.00    0.00    0.00    0.00    20  run-prometheus.
11:46:07 PM  1000    142961    0.00    0.00    0.00    0.00    0.00    20  run-tempo.sh
11:46:07 PM  1000    142964    0.00    0.00    0.00    0.00    0.00    18  run-pyroscope.s
11:46:07 PM  1000    143068    0.00    0.00    0.00    0.00    0.00    20  sleep

11:46:07 PM   UID       PID    %usr %system  %guest   %wait    %CPU   CPU  Command
11:46:08 PM  1000    142950    0.00    0.00    0.00    0.00    0.00    18  run-grafana.sh
11:46:08 PM  1000    142952    0.00    0.00    0.00    0.00    0.00    20  run-loki.sh
11:46:08 PM  1000    142955    0.00    0.00    0.00    0.00    0.00    18  run-otelcol.sh
11:46:08 PM  1000    142958    0.00    0.00    0.00    0.00    0.00    20  run-prometheus.
11:46:08 PM  1000    142964    0.00    0.00    0.00    0.00    0.00    18  run-pyroscope.s
11:46:08 PM  1000    143068    0.00    0.00    0.00    0.00    0.00    20  sleep

11:46:08 PM   UID       PID    %usr %system  %guest   %wait    %CPU   CPU  Command
11:46:09 PM  1000    142950    0.00    0.00    0.00    0.00    0.00    18  run-grafana.sh
11:46:09 PM  1000    142952    0.00    0.00    0.00    0.00    0.00    20  run-loki.sh
11:46:09 PM  1000    142955    0.00    0.00    0.00    0.00    0.00    18  run-otelcol.sh
11:46:09 PM  1000    142958    0.00    0.00    0.00    0.00    0.00    20  run-prometheus.
11:46:09 PM  1000    142964    0.00    0.00    0.00    0.00    0.00    18  run-pyroscope.s
11:46:09 PM  1000    143068    0.00    0.00    0.00    0.00    0.00    20  sleep

11:46:09 PM   UID       PID    %usr %system  %guest   %wait    %CPU   CPU  Command
11:46:10 PM  1000    142950    0.00    0.00    0.00    0.00    0.00    18  run-grafana.sh
11:46:10 PM  1000    142952    0.00    0.00    0.00    0.00    0.00    20  run-loki.sh
11:46:10 PM  1000    142955    0.00    0.00    0.00    0.00    0.00    18  run-otelcol.sh
11:46:10 PM  1000    142958    0.00    0.00    0.00    0.00    0.00    20  run-prometheus.
11:46:10 PM  1000    142964    0.00    0.00    0.00    0.00    0.00    18  run-pyroscope.s
11:46:10 PM  1000    143068    0.00    0.00    0.00    0.00    0.00    20  sleep

11:46:10 PM   UID       PID    %usr %system  %guest   %wait    %CPU   CPU  Command
11:46:11 PM  1000    142950    0.00    0.00    0.00    0.00    0.00    18  run-grafana.sh
11:46:11 PM  1000    142952    0.00    0.00    0.00    0.00    0.00    20  run-loki.sh
11:46:11 PM  1000    142955    0.00    0.00    0.00    0.00    0.00    18  run-otelcol.sh
11:46:11 PM  1000    142958    0.00    0.00    0.00    0.00    0.00    20  run-prometheus.
11:46:11 PM  1000    142964    0.00    0.00    0.00    0.00    0.00    18  run-pyroscope.s
11:46:11 PM  1000    143068    0.00    0.00    0.00    0.00    0.00    20  sleep

11:46:11 PM   UID       PID    %usr %system  %guest   %wait    %CPU   CPU  Command
11:46:12 PM  1000    142950    0.00    0.00    0.00    0.00    0.00    18  run-grafana.sh
11:46:12 PM  1000    142952    0.00    0.00    0.00    0.00    0.00    20  run-loki.sh
11:46:12 PM  1000    142955    0.00    0.00    0.00    0.00    0.00    18  run-otelcol.sh
11:46:12 PM  1000    142958    0.00    0.00    0.00    0.00    0.00    20  run-prometheus.
11:46:12 PM  1000    142964    0.00    0.00    0.00    0.00    0.00    18  run-pyroscope.s
11:46:12 PM  1000    143068    0.00    0.00    0.00    0.00    0.00    20  sleep

11:46:12 PM   UID       PID    %usr %system  %guest   %wait    %CPU   CPU  Command
11:46:13 PM  1000    142950    0.00    0.00    0.00    0.00    0.00    18  run-grafana.sh
11:46:13 PM  1000    142952    0.00    0.00    0.00    0.00    0.00    20  run-loki.sh
11:46:13 PM  1000    142955    0.00    0.00    0.00    0.00    0.00    18  run-otelcol.sh
11:46:13 PM  1000    142958    0.00    0.00    0.00    0.00    0.00    20  run-prometheus.
11:46:13 PM  1000    142964    0.00    0.00    0.00    0.00    0.00    18  run-pyroscope.s
11:46:13 PM  1000    143068    0.00    0.00    0.00    0.00    0.00    20  sleep

11:46:13 PM   UID       PID    %usr %system  %guest   %wait    %CPU   CPU  Command
11:46:14 PM  1000    142950    0.00    0.00    0.00    0.00    0.00    18  run-grafana.sh
11:46:14 PM  1000    142952    0.00    0.00    0.00    0.00    0.00    20  run-loki.sh
11:46:14 PM  1000    142955    0.00    0.00    0.00    0.00    0.00    18  run-otelcol.sh
11:46:14 PM  1000    142958    0.00    0.00    0.00    0.00    0.00    20  run-prometheus.
11:46:14 PM  1000    142964    0.00    0.00    0.00    0.00    0.00    18  run-pyroscope.s
11:46:14 PM  1000    143068    0.00    0.00    0.00    0.00    0.00    20  sleep

11:46:14 PM   UID       PID    %usr %system  %guest   %wait    %CPU   CPU  Command
11:46:15 PM  1000    142950    0.00    0.00    0.00    0.00    0.00    18  run-grafana.sh
11:46:15 PM  1000    142952    0.00    0.00    0.00    0.00    0.00    20  run-loki.sh
11:46:15 PM  1000    142955    0.00    0.00    0.00    0.00    0.00    18  run-otelcol.sh
11:46:15 PM  1000    142958    0.00    0.00    0.00    0.00    0.00    20  run-prometheus.
11:46:15 PM  1000    142964    0.00    0.00    0.00    0.00    0.00    18  run-pyroscope.s
11:46:15 PM  1000    143068    0.00    0.00    0.00    0.00    0.00    20  sleep

11:46:15 PM   UID       PID    %usr %system  %guest   %wait    %CPU   CPU  Command
11:46:16 PM  1000    142950    0.00    0.00    0.00    0.00    0.00    18  run-grafana.sh
11:46:16 PM  1000    142952    0.00    0.00    0.00    0.00    0.00    20  run-loki.sh
11:46:16 PM  1000    142955    0.00    0.00    0.00    0.00    0.00    18  run-otelcol.sh
11:46:16 PM  1000    142958    0.00    0.00    0.00    0.00    0.00    20  run-prometheus.
11:46:16 PM  1000    142964    0.00    0.00    0.00    0.00    0.00    18  run-pyroscope.s
11:46:16 PM  1000    143068    0.00    0.00    0.00    0.00    0.00    20  sleep

11:46:16 PM   UID       PID    %usr %system  %guest   %wait    %CPU   CPU  Command
11:46:17 PM  1000    142950    0.00    0.00    0.00    0.00    0.00    18  run-grafana.sh
11:46:17 PM  1000    142952    0.00    0.00    0.00    0.00    0.00    20  run-loki.sh
11:46:17 PM  1000    142955    0.00    0.00    0.00    0.00    0.00    18  run-otelcol.sh
11:46:17 PM  1000    142958    0.00    0.00    0.00    0.00    0.00    20  run-prometheus.
11:46:17 PM  1000    142964    0.00    0.00    0.00    0.00    0.00    18  run-pyroscope.s
11:46:17 PM  1000    143068    0.00    0.00    0.00    0.00    0.00    20  sleep

11:46:17 PM   UID       PID    %usr %system  %guest   %wait    %CPU   CPU  Command
11:46:18 PM  1000    142950    0.00    0.00    0.00    0.00    0.00    18  run-grafana.sh
11:46:18 PM  1000    142952    0.00    0.00    0.00    0.00    0.00    20  run-loki.sh
11:46:18 PM  1000    142955    0.00    0.00    0.00    0.00    0.00    18  run-otelcol.sh
11:46:18 PM  1000    142958    0.00    0.00    0.00    0.00    0.00    20  run-prometheus.
11:46:18 PM  1000    142964    0.00    0.00    0.00    0.00    0.00    18  run-pyroscope.s
11:46:18 PM  1000    143068    0.00    0.00    0.00    0.00    0.00    20  sleep

11:46:18 PM   UID       PID    %usr %system  %guest   %wait    %CPU   CPU  Command
11:46:19 PM  1000    142950    0.00    0.00    0.00    0.00    0.00    18  run-grafana.sh
11:46:19 PM  1000    142952    0.00    0.00    0.00    0.00    0.00    20  run-loki.sh
11:46:19 PM  1000    142955    0.00    0.00    0.00    0.00    0.00    18  run-otelcol.sh
11:46:19 PM  1000    142958    0.00    0.00    0.00    0.00    0.00    20  run-prometheus.
11:46:19 PM  1000    142964    0.00    0.00    0.00    0.00    0.00    18  run-pyroscope.s
11:46:19 PM  1000    143068    0.00    0.00    0.00    0.00    0.00    20  sleep

11:46:19 PM   UID       PID    %usr %system  %guest   %wait    %CPU   CPU  Command
11:46:20 PM  1000    142950    0.00    0.00    0.00    0.00    0.00    18  run-grafana.sh
11:46:20 PM  1000    142952    0.00    0.00    0.00    0.00    0.00    20  run-loki.sh
11:46:20 PM  1000    142955    0.00    0.00    0.00    0.00    0.00    18  run-otelcol.sh
11:46:20 PM  1000    142958    0.00    0.00    0.00    0.00    0.00    20  run-prometheus.
11:46:20 PM  1000    142964    0.00    0.00    0.00    0.00    0.00    18  run-pyroscope.s
11:46:20 PM  1000    143068    0.00    0.00    0.00    0.00    0.00    20  sleep

11:46:20 PM   UID       PID    %usr %system  %guest   %wait    %CPU   CPU  Command
11:46:21 PM  1000    142950    0.00    0.00    0.00    0.00    0.00    18  run-grafana.sh
11:46:21 PM  1000    142952    0.00    0.00    0.00    0.00    0.00    20  run-loki.sh
11:46:21 PM  1000    142955    0.00    0.00    0.00    0.00    0.00    18  run-otelcol.sh
11:46:21 PM  1000    142958    0.00    0.00    0.00    0.00    0.00    20  run-prometheus.
11:46:21 PM  1000    142964    0.00    0.00    0.00    0.00    0.00    18  run-pyroscope.s
11:46:21 PM  1000    143068    0.00    0.00    0.00    0.00    0.00    20  sleep

11:46:21 PM   UID       PID    %usr %system  %guest   %wait    %CPU   CPU  Command
11:46:22 PM  1000    142950    0.00    0.00    0.00    0.00    0.00    18  run-grafana.sh
11:46:22 PM  1000    142952    0.00    0.00    0.00    0.00    0.00    20  run-loki.sh
11:46:22 PM  1000    142955    0.00    0.00    0.00    0.00    0.00    18  run-otelcol.sh
11:46:22 PM  1000    142958    0.00    0.00    0.00    0.00    0.00    20  run-prometheus.
11:46:22 PM  1000    142964    0.00    0.00    0.00    0.00    0.00    18  run-pyroscope.s
11:46:22 PM  1000    143068    0.00    0.00    0.00    0.00    0.00    20  sleep

11:46:22 PM   UID       PID    %usr %system  %guest   %wait    %CPU   CPU  Command
11:46:23 PM  1000    142950    0.00    0.00    0.00    0.00    0.00    18  run-grafana.sh
11:46:23 PM  1000    142952    0.00    0.00    0.00    0.00    0.00    20  run-loki.sh
11:46:23 PM  1000    142955    0.00    0.00    0.00    0.00    0.00    18  run-otelcol.sh
11:46:23 PM  1000    142958    0.00    0.00    0.00    0.00    0.00    20  run-prometheus.
11:46:23 PM  1000    142964    0.00    0.00    0.00    0.00    0.00    18  run-pyroscope.s
11:46:23 PM  1000    143068    0.00    0.00    0.00    0.00    0.00    20  sleep

11:46:23 PM   UID       PID    %usr %system  %guest   %wait    %CPU   CPU  Command
11:46:24 PM  1000    142950    0.00    0.00    0.00    0.00    0.00    18  run-grafana.sh
11:46:24 PM  1000    142952    0.00    0.00    0.00    0.00    0.00    20  run-loki.sh
11:46:24 PM  1000    142955    0.00    0.00    0.00    0.00    0.00    18  run-otelcol.sh
11:46:24 PM  1000    142958    0.00    0.00    0.00    0.00    0.00    20  run-prometheus.
11:46:24 PM  1000    142964    0.00    0.00    0.00    0.00    0.00    18  run-pyroscope.s
11:46:24 PM  1000    143068    0.00    0.00    0.00    0.00    0.00    20  sleep

11:46:24 PM   UID       PID    %usr %system  %guest   %wait    %CPU   CPU  Command
11:46:25 PM  1000    142950    0.00    0.00    0.00    0.00    0.00    18  run-grafana.sh
11:46:25 PM  1000    142952    0.00    0.00    0.00    0.00    0.00    20  run-loki.sh
11:46:25 PM  1000    142955    0.00    0.00    0.00    0.00    0.00    18  run-otelcol.sh
11:46:25 PM  1000    142958    0.00    0.00    0.00    0.00    0.00    20  run-prometheus.
11:46:25 PM  1000    142964    0.00    0.00    0.00    0.00    0.00    18  run-pyroscope.s
11:46:25 PM  1000    143068    0.00    0.00    0.00    0.00    0.00    20  sleep

11:46:25 PM   UID       PID    %usr %system  %guest   %wait    %CPU   CPU  Command
11:46:26 PM  1000    142950    0.00    0.00    0.00    0.00    0.00    18  run-grafana.sh
11:46:26 PM  1000    142952    0.00    0.00    0.00    0.00    0.00    20  run-loki.sh
11:46:26 PM  1000    142955    0.00    0.00    0.00    0.00    0.00    18  run-otelcol.sh
11:46:26 PM  1000    142958    0.00    0.00    0.00    0.00    0.00    20  run-prometheus.
11:46:26 PM  1000    142964    0.00    0.00    0.00    0.00    0.00    18  run-pyroscope.s
11:46:26 PM  1000    143068    0.00    0.00    0.00    0.00    0.00    20  sleep

11:46:26 PM   UID       PID    %usr %system  %guest   %wait    %CPU   CPU  Command
11:46:27 PM  1000    142950    0.00    0.00    0.00    0.00    0.00    18  run-grafana.sh
11:46:27 PM  1000    142952    0.00    0.00    0.00    0.00    0.00    20  run-loki.sh
11:46:27 PM  1000    142955    0.00    0.00    0.00    0.00    0.00    18  run-otelcol.sh
11:46:27 PM  1000    142958    0.00    0.00    0.00    0.00    0.00    20  run-prometheus.
11:46:27 PM  1000    142964    0.00    0.00    0.00    0.00    0.00    18  run-pyroscope.s
11:46:27 PM  1000    143068    0.00    0.00    0.00    0.00    0.00    20  sleep

11:46:27 PM   UID       PID    %usr %system  %guest   %wait    %CPU   CPU  Command
11:46:28 PM  1000    142950    0.00    0.00    0.00    0.00    0.00    18  run-grafana.sh
11:46:28 PM  1000    142952    0.00    0.00    0.00    0.00    0.00    20  run-loki.sh
11:46:28 PM  1000    142955    0.00    0.00    0.00    0.00    0.00    18  run-otelcol.sh
11:46:28 PM  1000    142958    0.00    0.00    0.00    0.00    0.00    20  run-prometheus.
11:46:28 PM  1000    142964    0.00    0.00    0.00    0.00    0.00    18  run-pyroscope.s
11:46:28 PM  1000    143068    0.00    0.00    0.00    0.00    0.00    20  sleep

11:46:28 PM   UID       PID    %usr %system  %guest   %wait    %CPU   CPU  Command
11:46:29 PM  1000    142950    0.00    0.00    0.00    0.00    0.00    18  run-grafana.sh
11:46:29 PM  1000    142952    0.00    0.00    0.00    0.00    0.00    20  run-loki.sh
11:46:29 PM  1000    142955    0.00    0.00    0.00    0.00    0.00    18  run-otelcol.sh
11:46:29 PM  1000    142958    0.00    0.00    0.00    0.00    0.00    20  run-prometheus.
11:46:29 PM  1000    142964    0.00    0.00    0.00    0.00    0.00    18  run-pyroscope.s
11:46:29 PM  1000    143068    0.00    0.00    0.00    0.00    0.00    20  sleep

11:46:29 PM   UID       PID    %usr %system  %guest   %wait    %CPU   CPU  Command
11:46:30 PM  1000    142950    0.00    0.00    0.00    0.00    0.00    18  run-grafana.sh
11:46:30 PM  1000    142952    0.00    0.00    0.00    0.00    0.00    20  run-loki.sh
11:46:30 PM  1000    142955    0.00    0.00    0.00    0.00    0.00    18  run-otelcol.sh
11:46:30 PM  1000    142958    0.00    0.00    0.00    0.00    0.00    20  run-prometheus.
11:46:30 PM  1000    142964    0.00    0.00    0.00    0.00    0.00    18  run-pyroscope.s
11:46:30 PM  1000    143068    0.00    0.00    0.00    0.00    0.00    20  sleep

11:46:30 PM   UID       PID    %usr %system  %guest   %wait    %CPU   CPU  Command
11:46:31 PM  1000    142950    0.00    0.00    0.00    0.00    0.00    18  run-grafana.sh
11:46:31 PM  1000    142952    0.00    0.00    0.00    0.00    0.00    20  run-loki.sh
11:46:31 PM  1000    142955    0.00    0.00    0.00    0.00    0.00    18  run-otelcol.sh
11:46:31 PM  1000    142958    0.00    0.00    0.00    0.00    0.00    20  run-prometheus.
11:46:31 PM  1000    142964    0.00    0.00    0.00    0.00    0.00    18  run-pyroscope.s
11:46:31 PM  1000    143068    0.00    0.00    0.00    0.00    0.00    20  sleep

11:46:31 PM   UID       PID    %usr %system  %guest   %wait    %CPU   CPU  Command
11:46:32 PM  1000    142950    0.00    0.00    0.00    0.00    0.00    18  run-grafana.sh
11:46:32 PM  1000    142952    0.00    0.00    0.00    0.00    0.00    20  run-loki.sh
11:46:32 PM  1000    142955    0.00    0.00    0.00    0.00    0.00    18  run-otelcol.sh
11:46:32 PM  1000    142958    0.00    0.00    0.00    0.00    0.00    20  run-prometheus.
11:46:32 PM  1000    142964    0.00    0.00    0.00    0.00    0.00    18  run-pyroscope.s
11:46:32 PM  1000    143068    0.00    0.00    0.00    0.00    0.00    20  sleep

11:46:32 PM   UID       PID    %usr %system  %guest   %wait    %CPU   CPU  Command
11:46:33 PM  1000    142950    0.00    0.00    0.00    0.00    0.00    18  run-grafana.sh
11:46:33 PM  1000    142952    0.00    0.00    0.00    0.00    0.00    20  run-loki.sh
11:46:33 PM  1000    142955    0.00    0.00    0.00    0.00    0.00    18  run-otelcol.sh
11:46:33 PM  1000    142958    0.00    0.00    0.00    0.00    0.00    20  run-prometheus.
11:46:33 PM  1000    142964    0.00    0.00    0.00    0.00    0.00    18  run-pyroscope.s
11:46:33 PM  1000    143068    0.00    0.00    0.00    0.00    0.00    20  sleep

11:46:33 PM   UID       PID    %usr %system  %guest   %wait    %CPU   CPU  Command
11:46:34 PM  1000    142950    0.00    0.00    0.00    0.00    0.00    18  run-grafana.sh
11:46:34 PM  1000    142952    0.00    0.00    0.00    0.00    0.00    20  run-loki.sh
11:46:34 PM  1000    142955    0.00    0.00    0.00    0.00    0.00    18  run-otelcol.sh
11:46:34 PM  1000    142958    0.00    0.00    0.00    0.00    0.00    20  run-prometheus.
11:46:34 PM  1000    142964    0.00    0.00    0.00    0.00    0.00    18  run-pyroscope.s
11:46:34 PM  1000    143068    0.00    0.00    0.00    0.00    0.00    20  sleep

11:46:34 PM   UID       PID    %usr %system  %guest   %wait    %CPU   CPU  Command
11:46:35 PM  1000    142950    0.00    0.00    0.00    0.00    0.00    18  run-grafana.sh
11:46:35 PM  1000    142952    0.00    0.00    0.00    0.00    0.00    20  run-loki.sh
11:46:35 PM  1000    142955    0.00    0.00    0.00    0.00    0.00    18  run-otelcol.sh
11:46:35 PM  1000    142958    0.00    0.00    0.00    0.00    0.00    20  run-prometheus.
11:46:35 PM  1000    142964    0.00    0.00    0.00    0.00    0.00    18  run-pyroscope.s
11:46:35 PM  1000    143068    0.00    0.00    0.00    0.00    0.00    20  sleep

11:46:35 PM   UID       PID    %usr %system  %guest   %wait    %CPU   CPU  Command
11:46:36 PM  1000    142950    0.00    0.00    0.00    0.00    0.00    18  run-grafana.sh
11:46:36 PM  1000    142952    0.00    0.00    0.00    0.00    0.00    20  run-loki.sh
11:46:36 PM  1000    142955    0.00    0.00    0.00    0.00    0.00    18  run-otelcol.sh
11:46:36 PM  1000    142958    0.00    0.00    0.00    0.00    0.00    20  run-prometheus.
11:46:36 PM  1000    142964    0.00    0.00    0.00    0.00    0.00    18  run-pyroscope.s
11:46:36 PM  1000    143068    0.00    0.00    0.00    0.00    0.00    20  sleep

11:46:36 PM   UID       PID    %usr %system  %guest   %wait    %CPU   CPU  Command
11:46:37 PM  1000    142950    0.00    0.00    0.00    0.00    0.00    18  run-grafana.sh
11:46:37 PM  1000    142952    0.00    0.00    0.00    0.00    0.00    20  run-loki.sh
11:46:37 PM  1000    142955    0.00    0.00    0.00    0.00    0.00    18  run-otelcol.sh
11:46:37 PM  1000    142958    0.00    0.00    0.00    0.00    0.00    20  run-prometheus.
11:46:37 PM  1000    142964    0.00    0.00    0.00    0.00    0.00    18  run-pyroscope.s
11:46:37 PM  1000    143068    0.00    0.00    0.00    0.00    0.00    20  sleep

11:46:37 PM   UID       PID    %usr %system  %guest   %wait    %CPU   CPU  Command
11:46:38 PM  1000    142950    0.00    0.00    0.00    0.00    0.00    18  run-grafana.sh
11:46:38 PM  1000    142952    0.00    0.00    0.00    0.00    0.00    20  run-loki.sh
11:46:38 PM  1000    142955    0.00    0.00    0.00    0.00    0.00    18  run-otelcol.sh
11:46:38 PM  1000    142958    0.00    0.00    0.00    0.00    0.00    20  run-prometheus.
11:46:38 PM  1000    142964    0.00    0.00    0.00    0.00    0.00    18  run-pyroscope.s
11:46:38 PM  1000    143068    0.00    0.00    0.00    0.00    0.00    20  sleep

11:46:38 PM   UID       PID    %usr %system  %guest   %wait    %CPU   CPU  Command
11:46:39 PM  1000    142950    0.00    0.00    0.00    0.00    0.00    18  run-grafana.sh
11:46:39 PM  1000    142952    0.00    0.00    0.00    0.00    0.00    20  run-loki.sh
11:46:39 PM  1000    142955    0.00    0.00    0.00    0.00    0.00    18  run-otelcol.sh
11:46:39 PM  1000    142958    0.00    0.00    0.00    0.00    0.00    20  run-prometheus.
11:46:39 PM  1000    142964    0.00    0.00    0.00    0.00    0.00    18  run-pyroscope.s
11:46:39 PM  1000    143068    0.00    0.00    0.00    0.00    0.00    20  sleep

11:46:39 PM   UID       PID    %usr %system  %guest   %wait    %CPU   CPU  Command
11:46:40 PM  1000    142950    0.00    0.00    0.00    0.00    0.00    18  run-grafana.sh
11:46:40 PM  1000    142952    0.00    0.00    0.00    0.00    0.00    20  run-loki.sh
11:46:40 PM  1000    142955    0.00    0.00    0.00    0.00    0.00    18  run-otelcol.sh
11:46:40 PM  1000    142958    0.00    0.00    0.00    0.00    0.00    20  run-prometheus.
11:46:40 PM  1000    142964    0.00    0.00    0.00    0.00    0.00    18  run-pyroscope.s
11:46:40 PM  1000    143068    0.00    0.00    0.00    0.00    0.00    20  sleep

11:46:40 PM   UID       PID    %usr %system  %guest   %wait    %CPU   CPU  Command
11:46:41 PM  1000    142950    0.00    0.00    0.00    0.00    0.00    18  run-grafana.sh
11:46:41 PM  1000    142952    0.00    0.00    0.00    0.00    0.00    20  run-loki.sh
11:46:41 PM  1000    142955    0.00    0.00    0.00    0.00    0.00    18  run-otelcol.sh
11:46:41 PM  1000    142958    0.00    0.00    0.00    0.00    0.00    20  run-prometheus.
11:46:41 PM  1000    142964    0.00    0.00    0.00    0.00    0.00    18  run-pyroscope.s
11:46:41 PM  1000    143068    0.00    0.00    0.00    0.00    0.00    20  sleep

11:46:41 PM   UID       PID    %usr %system  %guest   %wait    %CPU   CPU  Command
11:46:42 PM  1000    142950    0.00    0.00    0.00    0.00    0.00    18  run-grafana.sh
11:46:42 PM  1000    142952    0.00    0.00    0.00    0.00    0.00    20  run-loki.sh
11:46:42 PM  1000    142955    0.00    0.00    0.00    0.00    0.00    18  run-otelcol.sh
11:46:42 PM  1000    142958    0.00    0.00    0.00    0.00    0.00    20  run-prometheus.
11:46:42 PM  1000    142964    0.00    0.00    0.00    0.00    0.00    18  run-pyroscope.s
11:46:42 PM  1000    143068    0.00    0.00    0.00    0.00    0.00    20  sleep

11:46:42 PM   UID       PID    %usr %system  %guest   %wait    %CPU   CPU  Command
11:46:43 PM  1000    142950    0.00    0.00    0.00    0.00    0.00    18  run-grafana.sh
11:46:43 PM  1000    142952    0.00    0.00    0.00    0.00    0.00    20  run-loki.sh
11:46:43 PM  1000    142955    0.00    0.00    0.00    0.00    0.00    18  run-otelcol.sh
11:46:43 PM  1000    142958    0.00    0.00    0.00    0.00    0.00    20  run-prometheus.
11:46:43 PM  1000    142964    0.00    0.00    0.00    0.00    0.00    18  run-pyroscope.s
11:46:43 PM  1000    143068    0.00    0.00    0.00    0.00    0.00    20  sleep

11:46:43 PM   UID       PID    %usr %system  %guest   %wait    %CPU   CPU  Command
11:46:44 PM  1000    142950    0.00    0.00    0.00    0.00    0.00    18  run-grafana.sh
11:46:44 PM  1000    142952    0.00    0.00    0.00    0.00    0.00    20  run-loki.sh
11:46:44 PM  1000    142955    0.00    0.00    0.00    0.00    0.00    18  run-otelcol.sh
11:46:44 PM  1000    142958    0.00    0.00    0.00    0.00    0.00    20  run-prometheus.
11:46:44 PM  1000    142964    0.00    0.00    0.00    0.00    0.00    18  run-pyroscope.s
11:46:44 PM  1000    143068    0.00    0.00    0.00    0.00    0.00    20  sleep

11:46:44 PM   UID       PID    %usr %system  %guest   %wait    %CPU   CPU  Command
11:46:45 PM  1000    142950    0.00    0.00    0.00    0.00    0.00    18  run-grafana.sh
11:46:45 PM  1000    142952    0.00    0.00    0.00    0.00    0.00    20  run-loki.sh
11:46:45 PM  1000    142955    0.00    0.00    0.00    0.00    0.00    18  run-otelcol.sh
11:46:45 PM  1000    142958    0.00    0.00    0.00    0.00    0.00    20  run-prometheus.
11:46:45 PM  1000    142964    0.00    0.00    0.00    0.00    0.00    18  run-pyroscope.s
11:46:45 PM  1000    143068    0.00    0.00    0.00    0.00    0.00    20  sleep

11:46:45 PM   UID       PID    %usr %system  %guest   %wait    %CPU   CPU  Command
11:46:46 PM  1000    142950    0.00    0.00    0.00    0.00    0.00    18  run-grafana.sh
11:46:46 PM  1000    142952    0.00    0.00    0.00    0.00    0.00    20  run-loki.sh
11:46:46 PM  1000    142955    0.00    0.00    0.00    0.00    0.00    18  run-otelcol.sh
11:46:46 PM  1000    142958    0.00    0.00    0.00    0.00    0.00    20  run-prometheus.
11:46:46 PM  1000    142964    0.00    0.00    0.00    0.00    0.00    18  run-pyroscope.s
11:46:46 PM  1000    143068    0.00    0.00    0.00    0.00    0.00    20  sleep

11:46:46 PM   UID       PID    %usr %system  %guest   %wait    %CPU   CPU  Command
11:46:47 PM  1000    142950    0.00    0.00    0.00    0.00    0.00    18  run-grafana.sh
11:46:47 PM  1000    142952    0.00    0.00    0.00    0.00    0.00    20  run-loki.sh
11:46:47 PM  1000    142955    0.00    0.00    0.00    0.00    0.00    18  run-otelcol.sh
11:46:47 PM  1000    142958    0.00    0.00    0.00    0.00    0.00    20  run-prometheus.
11:46:47 PM  1000    142964    0.00    0.00    0.00    0.00    0.00    18  run-pyroscope.s
11:46:47 PM  1000    143068    0.00    0.00    0.00    0.00    0.00    20  sleep

11:46:47 PM   UID       PID    %usr %system  %guest   %wait    %CPU   CPU  Command
11:46:48 PM  1000    142950    0.00    0.00    0.00    0.00    0.00    18  run-grafana.sh
11:46:48 PM  1000    142952    0.00    0.00    0.00    0.00    0.00    20  run-loki.sh
11:46:48 PM  1000    142958    0.00    0.00    0.00    0.00    0.00    20  run-prometheus.
11:46:48 PM  1000    142964    0.00    0.00    0.00    0.00    0.00    18  run-pyroscope.s
11:46:48 PM  1000    143068    0.00    0.00    0.00    0.00    0.00    20  sleep

11:46:48 PM   UID       PID    %usr %system  %guest   %wait    %CPU   CPU  Command
11:46:49 PM  1000    142950    0.00    0.00    0.00    0.00    0.00    18  run-grafana.sh
11:46:49 PM  1000    142952    0.00    0.00    0.00    0.00    0.00    20  run-loki.sh
11:46:49 PM  1000    142958    0.00    0.00    0.00    0.00    0.00    20  run-prometheus.
11:46:49 PM  1000    142964    0.00    0.00    0.00    0.00    0.00    18  run-pyroscope.s
11:46:49 PM  1000    143068    0.00    0.00    0.00    0.00    0.00    20  sleep

11:46:49 PM   UID       PID    %usr %system  %guest   %wait    %CPU   CPU  Command
11:46:50 PM  1000    142950    0.00    0.00    0.00    0.00    0.00    18  run-grafana.sh
11:46:50 PM  1000    142952    0.00    0.00    0.00    0.00    0.00    20  run-loki.sh
11:46:50 PM  1000    142958    0.00    0.00    0.00    0.00    0.00    20  run-prometheus.
11:46:50 PM  1000    142964    0.00    0.00    0.00    0.00    0.00    18  run-pyroscope.s
11:46:50 PM  1000    143068    0.00    0.00    0.00    0.00    0.00    20  sleep

11:46:50 PM   UID       PID    %usr %system  %guest   %wait    %CPU   CPU  Command
11:46:51 PM  1000    142950    0.00    0.00    0.00    0.00    0.00    18  run-grafana.sh
11:46:51 PM  1000    142952    0.00    0.00    0.00    0.00    0.00    20  run-loki.sh
11:46:51 PM  1000    142958    0.00    0.00    0.00    0.00    0.00    20  run-prometheus.
11:46:51 PM  1000    142964    0.00    0.00    0.00    0.00    0.00    18  run-pyroscope.s
11:46:51 PM  1000    143068    0.00    0.00    0.00    0.00    0.00    20  sleep

11:46:51 PM   UID       PID    %usr %system  %guest   %wait    %CPU   CPU  Command
11:46:52 PM  1000    142950    0.00    0.00    0.00    0.00    0.00    18  run-grafana.sh
11:46:52 PM  1000    142952    0.00    0.00    0.00    0.00    0.00    20  run-loki.sh
11:46:52 PM  1000    142958    0.00    0.00    0.00    0.00    0.00    20  run-prometheus.
11:46:52 PM  1000    142964    0.00    0.00    0.00    0.00    0.00    18  run-pyroscope.s
11:46:52 PM  1000    143068    0.00    0.00    0.00    0.00    0.00    20  sleep

11:46:52 PM   UID       PID    %usr %system  %guest   %wait    %CPU   CPU  Command
11:46:53 PM  1000    142950    0.00    0.00    0.00    0.00    0.00    18  run-grafana.sh
11:46:53 PM  1000    142952    0.00    0.00    0.00    0.00    0.00    20  run-loki.sh
11:46:53 PM  1000    142958    0.00    0.00    0.00    0.00    0.00    20  run-prometheus.
11:46:53 PM  1000    142964    0.00    0.00    0.00    0.00    0.00    18  run-pyroscope.s
11:46:53 PM  1000    143068    0.00    0.00    0.00    0.00    0.00    20  sleep

11:46:53 PM   UID       PID    %usr %system  %guest   %wait    %CPU   CPU  Command
11:46:54 PM  1000    142950    0.00    0.00    0.00    0.00    0.00    18  run-grafana.sh
11:46:54 PM  1000    142952    0.00    0.00    0.00    0.00    0.00    20  run-loki.sh
11:46:54 PM  1000    142958    0.00    0.00    0.00    0.00    0.00    20  run-prometheus.
11:46:54 PM  1000    142964    0.00    0.00    0.00    0.00    0.00    18  run-pyroscope.s
11:46:54 PM  1000    143068    0.00    0.00    0.00    0.00    0.00    20  sleep

11:46:54 PM   UID       PID    %usr %system  %guest   %wait    %CPU   CPU  Command
11:46:55 PM  1000    142950    0.00    0.00    0.00    0.00    0.00    18  run-grafana.sh
11:46:55 PM  1000    142952    0.00    0.00    0.00    0.00    0.00    20  run-loki.sh
11:46:55 PM  1000    142958    0.00    0.00    0.00    0.00    0.00    20  run-prometheus.
11:46:55 PM  1000    142964    0.00    0.00    0.00    0.00    0.00    18  run-pyroscope.s
11:46:55 PM  1000    143068    0.00    0.00    0.00    0.00    0.00    20  sleep

11:46:55 PM   UID       PID    %usr %system  %guest   %wait    %CPU   CPU  Command
11:46:56 PM  1000    142950    0.00    0.00    0.00    0.00    0.00    18  run-grafana.sh
11:46:56 PM  1000    142952    0.00    0.00    0.00    0.00    0.00    20  run-loki.sh
11:46:56 PM  1000    142958    0.00    0.00    0.00    0.00    0.00    20  run-prometheus.
11:46:56 PM  1000    142964    0.00    0.00    0.00    0.00    0.00    18  run-pyroscope.s
11:46:56 PM  1000    143068    0.00    0.00    0.00    0.00    0.00    20  sleep

11:46:56 PM   UID       PID    %usr %system  %guest   %wait    %CPU   CPU  Command
11:46:57 PM  1000    142950    0.00    0.00    0.00    0.00    0.00    18  run-grafana.sh
11:46:57 PM  1000    142952    0.00    0.00    0.00    0.00    0.00    20  run-loki.sh
11:46:57 PM  1000    142958    0.00    0.00    0.00    0.00    0.00    20  run-prometheus.
11:46:57 PM  1000    142964    0.00    0.00    0.00    0.00    0.00    18  run-pyroscope.s
11:46:57 PM  1000    143068    0.00    0.00    0.00    0.00    0.00    20  sleep

11:46:57 PM   UID       PID    %usr %system  %guest   %wait    %CPU   CPU  Command
11:46:58 PM  1000    142950    0.00    0.00    0.00    0.00    0.00    18  run-grafana.sh
11:46:58 PM  1000    142952    0.00    0.00    0.00    0.00    0.00    20  run-loki.sh
11:46:58 PM  1000    142958    0.00    0.00    0.00    0.00    0.00    20  run-prometheus.
11:46:58 PM  1000    142964    0.00    0.00    0.00    0.00    0.00    18  run-pyroscope.s
11:46:58 PM  1000    143068    0.00    0.00    0.00    0.00    0.00    20  sleep

11:46:58 PM   UID       PID    %usr %system  %guest   %wait    %CPU   CPU  Command
11:46:59 PM  1000    142950    0.00    0.00    0.00    0.00    0.00    18  run-grafana.sh
11:46:59 PM  1000    142952    0.00    0.00    0.00    0.00    0.00    20  run-loki.sh
11:46:59 PM  1000    142958    0.00    0.00    0.00    0.00    0.00    20  run-prometheus.
11:46:59 PM  1000    142964    0.00    0.00    0.00    0.00    0.00    18  run-pyroscope.s
11:46:59 PM  1000    143068    0.00    0.00    0.00    0.00    0.00    20  sleep

11:46:59 PM   UID       PID    %usr %system  %guest   %wait    %CPU   CPU  Command
11:47:00 PM  1000    142950    0.00    0.00    0.00    0.00    0.00    18  run-grafana.sh
11:47:00 PM  1000    142952    0.00    0.00    0.00    0.00    0.00    20  run-loki.sh
11:47:00 PM  1000    142958    0.00    0.00    0.00    0.00    0.00    20  run-prometheus.
11:47:00 PM  1000    142964    0.00    0.00    0.00    0.00    0.00    18  run-pyroscope.s
11:47:00 PM  1000    143068    0.00    0.00    0.00    0.00    0.00    20  sleep

11:47:00 PM   UID       PID    %usr %system  %guest   %wait    %CPU   CPU  Command
11:47:01 PM  1000    142950    0.00    0.00    0.00    0.00    0.00    18  run-grafana.sh
11:47:01 PM  1000    142952    0.00    0.00    0.00    0.00    0.00    20  run-loki.sh
11:47:01 PM  1000    142958    0.00    0.00    0.00    0.00    0.00    20  run-prometheus.
11:47:01 PM  1000    142964    0.00    0.00    0.00    0.00    0.00    18  run-pyroscope.s
11:47:01 PM  1000    143068    0.00    0.00    0.00    0.00    0.00    20  sleep

11:47:01 PM   UID       PID    %usr %system  %guest   %wait    %CPU   CPU  Command
11:47:02 PM  1000    142950    0.00    0.00    0.00    0.00    0.00    18  run-grafana.sh
11:47:02 PM  1000    142952    0.00    0.00    0.00    0.00    0.00    20  run-loki.sh
11:47:02 PM  1000    142958    0.00    0.00    0.00    0.00    0.00    20  run-prometheus.
11:47:02 PM  1000    142964    0.00    0.00    0.00    0.00    0.00    18  run-pyroscope.s
11:47:02 PM  1000    143068    0.00    0.00    0.00    0.00    0.00    20  sleep

11:47:02 PM   UID       PID    %usr %system  %guest   %wait    %CPU   CPU  Command
11:47:03 PM  1000    142950    0.00    0.00    0.00    0.00    0.00    18  run-grafana.sh
11:47:03 PM  1000    142952    0.00    0.00    0.00    0.00    0.00    20  run-loki.sh
11:47:03 PM  1000    142958    0.00    0.00    0.00    0.00    0.00    20  run-prometheus.
11:47:03 PM  1000    142964    0.00    0.00    0.00    0.00    0.00    18  run-pyroscope.s
11:47:03 PM  1000    143068    0.00    0.00    0.00    0.00    0.00    20  sleep

11:47:03 PM   UID       PID    %usr %system  %guest   %wait    %CPU   CPU  Command
11:47:04 PM  1000    142950    0.00    0.00    0.00    0.00    0.00    18  run-grafana.sh
11:47:04 PM  1000    142952    0.00    0.00    0.00    0.00    0.00    20  run-loki.sh
11:47:04 PM  1000    142958    0.00    0.00    0.00    0.00    0.00    20  run-prometheus.
11:47:04 PM  1000    142964    0.00    0.00    0.00    0.00    0.00    18  run-pyroscope.s
11:47:04 PM  1000    143068    0.00    0.00    0.00    0.00    0.00    20  sleep

11:47:04 PM   UID       PID    %usr %system  %guest   %wait    %CPU   CPU  Command
11:47:05 PM  1000    142950    0.00    0.00    0.00    0.00    0.00    18  run-grafana.sh
11:47:05 PM  1000    142952    0.00    0.00    0.00    0.00    0.00    20  run-loki.sh
11:47:05 PM  1000    142958    0.00    0.00    0.00    0.00    0.00    20  run-prometheus.
11:47:05 PM  1000    142964    0.00    0.00    0.00    0.00    0.00    18  run-pyroscope.s
11:47:05 PM  1000    143068    0.00    0.00    0.00    0.00    0.00    20  sleep

11:47:05 PM   UID       PID    %usr %system  %guest   %wait    %CPU   CPU  Command
11:47:06 PM  1000    142950    0.00    0.00    0.00    0.00    0.00    18  run-grafana.sh
11:47:06 PM  1000    142952    0.00    0.00    0.00    0.00    0.00    20  run-loki.sh
11:47:06 PM  1000    142958    0.00    0.00    0.00    0.00    0.00    20  run-prometheus.
11:47:06 PM  1000    142964    0.00    0.00    0.00    0.00    0.00    18  run-pyroscope.s
11:47:06 PM  1000    143068    0.00    0.00    0.00    0.00    0.00    20  sleep

11:47:06 PM   UID       PID    %usr %system  %guest   %wait    %CPU   CPU  Command
11:47:07 PM  1000    142950    0.00    0.00    0.00    0.00    0.00    18  run-grafana.sh
11:47:07 PM  1000    142952    0.00    0.00    0.00    0.00    0.00    20  run-loki.sh
11:47:07 PM  1000    142958    0.00    0.00    0.00    0.00    0.00    20  run-prometheus.
11:47:07 PM  1000    142964    0.00    0.00    0.00    0.00    0.00    18  run-pyroscope.s
11:47:07 PM  1000    143068    0.00    0.00    0.00    0.00    0.00    20  sleep

11:47:07 PM   UID       PID    %usr %system  %guest   %wait    %CPU   CPU  Command
11:47:08 PM  1000    142950    0.00    0.00    0.00    0.00    0.00    18  run-grafana.sh
11:47:08 PM  1000    142952    0.00    0.00    0.00    0.00    0.00    20  run-loki.sh
11:47:08 PM  1000    142958    0.00    0.00    0.00    0.00    0.00    20  run-prometheus.
11:47:08 PM  1000    142964    0.00    0.00    0.00    0.00    0.00    18  run-pyroscope.s
11:47:08 PM  1000    143068    0.00    0.00    0.00    0.00    0.00    20  sleep

11:47:08 PM   UID       PID    %usr %system  %guest   %wait    %CPU   CPU  Command
11:47:09 PM  1000    142950    0.00    0.00    0.00    0.00    0.00    18  run-grafana.sh
11:47:09 PM  1000    142952    0.00    0.00    0.00    0.00    0.00    20  run-loki.sh
11:47:09 PM  1000    142958    0.00    0.00    0.00    0.00    0.00    20  run-prometheus.
11:47:09 PM  1000    142964    0.00    0.00    0.00    0.00    0.00    18  run-pyroscope.s
11:47:09 PM  1000    143068    0.00    0.00    0.00    0.00    0.00    20  sleep

11:47:09 PM   UID       PID    %usr %system  %guest   %wait    %CPU   CPU  Command
11:47:10 PM  1000    142950    0.00    0.00    0.00    0.00    0.00    18  run-grafana.sh
11:47:10 PM  1000    142952    0.00    0.00    0.00    0.00    0.00    20  run-loki.sh
11:47:10 PM  1000    142958    0.00    0.00    0.00    0.00    0.00    20  run-prometheus.
11:47:10 PM  1000    142964    0.00    0.00    0.00    0.00    0.00    18  run-pyroscope.s
11:47:10 PM  1000    143068    0.00    0.00    0.00    0.00    0.00    20  sleep

11:47:10 PM   UID       PID    %usr %system  %guest   %wait    %CPU   CPU  Command
11:47:11 PM  1000    142950    0.00    0.00    0.00    0.00    0.00    18  run-grafana.sh
11:47:11 PM  1000    142952    0.00    0.00    0.00    0.00    0.00    20  run-loki.sh
11:47:11 PM  1000    142958    0.00    0.00    0.00    0.00    0.00    20  run-prometheus.
11:47:11 PM  1000    142964    0.00    0.00    0.00    0.00    0.00    18  run-pyroscope.s
11:47:11 PM  1000    143068    0.00    0.00    0.00    0.00    0.00    20  sleep

11:47:11 PM   UID       PID    %usr %system  %guest   %wait    %CPU   CPU  Command
11:47:12 PM  1000    142950    0.00    0.00    0.00    0.00    0.00    18  run-grafana.sh
11:47:12 PM  1000    142952    0.00    0.00    0.00    0.00    0.00    20  run-loki.sh
11:47:12 PM  1000    142958    0.00    0.00    0.00    0.00    0.00    20  run-prometheus.
11:47:12 PM  1000    142964    0.00    0.00    0.00    0.00    0.00    18  run-pyroscope.s
11:47:12 PM  1000    143068    0.00    0.00    0.00    0.00    0.00    20  sleep

11:47:12 PM   UID       PID    %usr %system  %guest   %wait    %CPU   CPU  Command
11:47:13 PM  1000    142950    0.00    0.00    0.00    0.00    0.00    18  run-grafana.sh
11:47:13 PM  1000    142952    0.00    0.00    0.00    0.00    0.00    20  run-loki.sh
11:47:13 PM  1000    142958    0.00    0.00    0.00    0.00    0.00    20  run-prometheus.
11:47:13 PM  1000    142964    0.00    0.00    0.00    0.00    0.00    18  run-pyroscope.s
11:47:13 PM  1000    143068    0.00    0.00    0.00    0.00    0.00    20  sleep

11:47:13 PM   UID       PID    %usr %system  %guest   %wait    %CPU   CPU  Command
11:47:14 PM  1000    142950    0.00    0.00    0.00    0.00    0.00    18  run-grafana.sh
11:47:14 PM  1000    142952    0.00    0.00    0.00    0.00    0.00    20  run-loki.sh
11:47:14 PM  1000    142958    0.00    0.00    0.00    0.00    0.00    20  run-prometheus.
11:47:14 PM  1000    142964    0.00    0.00    0.00    0.00    0.00    18  run-pyroscope.s
11:47:14 PM  1000    143068    0.00    0.00    0.00    0.00    0.00    20  sleep

11:47:14 PM   UID       PID    %usr %system  %guest   %wait    %CPU   CPU  Command
11:47:15 PM  1000    142950    0.00    0.00    0.00    0.00    0.00    18  run-grafana.sh
11:47:15 PM  1000    142952    0.00    0.00    0.00    0.00    0.00    20  run-loki.sh
11:47:15 PM  1000    142958    0.00    0.00    0.00    0.00    0.00    20  run-prometheus.
11:47:15 PM  1000    142964    0.00    0.00    0.00    0.00    0.00    18  run-pyroscope.s
11:47:15 PM  1000    143068    0.00    0.00    0.00    0.00    0.00    20  sleep

11:47:15 PM   UID       PID    %usr %system  %guest   %wait    %CPU   CPU  Command
11:47:16 PM  1000    142950    0.00    0.00    0.00    0.00    0.00    18  run-grafana.sh
11:47:16 PM  1000    142952    0.00    0.00    0.00    0.00    0.00    20  run-loki.sh
11:47:16 PM  1000    142958    0.00    0.00    0.00    0.00    0.00    20  run-prometheus.
11:47:16 PM  1000    142964    0.00    0.00    0.00    0.00    0.00    18  run-pyroscope.s
11:47:16 PM  1000    143068    0.00    0.00    0.00    0.00    0.00    20  sleep

11:47:16 PM   UID       PID    %usr %system  %guest   %wait    %CPU   CPU  Command
11:47:17 PM  1000    142950    0.00    0.00    0.00    0.00    0.00    18  run-grafana.sh
11:47:17 PM  1000    142952    0.00    0.00    0.00    0.00    0.00    20  run-loki.sh
11:47:17 PM  1000    142958    0.00    0.00    0.00    0.00    0.00    20  run-prometheus.
11:47:17 PM  1000    142964    0.00    0.00    0.00    0.00    0.00    18  run-pyroscope.s
11:47:17 PM  1000    143068    0.00    0.00    0.00    0.00    0.00    20  sleep

11:47:17 PM   UID       PID    %usr %system  %guest   %wait    %CPU   CPU  Command
11:47:18 PM  1000    142950    0.00    0.00    0.00    0.00    0.00    18  run-grafana.sh
11:47:18 PM  1000    142952    0.00    0.00    0.00    0.00    0.00    20  run-loki.sh
11:47:18 PM  1000    142958    0.00    0.00    0.00    0.00    0.00    20  run-prometheus.
11:47:18 PM  1000    142964    0.00    0.00    0.00    0.00    0.00    18  run-pyroscope.s
11:47:18 PM  1000    143068    0.00    0.00    0.00    0.00    0.00    20  sleep

11:47:18 PM   UID       PID    %usr %system  %guest   %wait    %CPU   CPU  Command
11:47:19 PM  1000    142950    0.00    0.00    0.00    0.00    0.00    18  run-grafana.sh
11:47:19 PM  1000    142952    0.00    0.00    0.00    0.00    0.00    20  run-loki.sh
11:47:19 PM  1000    142958    0.00    0.00    0.00    0.00    0.00    20  run-prometheus.
11:47:19 PM  1000    142964    0.00    0.00    0.00    0.00    0.00    18  run-pyroscope.s
11:47:19 PM  1000    143068    0.00    0.00    0.00    0.00    0.00    20  sleep

11:47:19 PM   UID       PID    %usr %system  %guest   %wait    %CPU   CPU  Command
11:47:20 PM  1000    142950    0.00    0.00    0.00    0.00    0.00    18  run-grafana.sh
11:47:20 PM  1000    142952    0.00    0.00    0.00    0.00    0.00    20  run-loki.sh
11:47:20 PM  1000    142958    0.00    0.00    0.00    0.00    0.00    20  run-prometheus.
11:47:20 PM  1000    142964    0.00    0.00    0.00    0.00    0.00    18  run-pyroscope.s
11:47:20 PM  1000    143068    0.00    0.00    0.00    0.00    0.00    20  sleep

11:47:20 PM   UID       PID    %usr %system  %guest   %wait    %CPU   CPU  Command
11:47:21 PM  1000    142950    0.00    0.00    0.00    0.00    0.00    18  run-grafana.sh
11:47:21 PM  1000    142952    0.00    0.00    0.00    0.00    0.00    20  run-loki.sh
11:47:21 PM  1000    142958    0.00    0.00    0.00    0.00    0.00    20  run-prometheus.
11:47:21 PM  1000    142964    0.00    0.00    0.00    0.00    0.00    18  run-pyroscope.s
11:47:21 PM  1000    143068    0.00    0.00    0.00    0.00    0.00    20  sleep

11:47:21 PM   UID       PID    %usr %system  %guest   %wait    %CPU   CPU  Command
11:47:22 PM  1000    142950    0.00    0.00    0.00    0.00    0.00    18  run-grafana.sh
11:47:22 PM  1000    142952    0.00    0.00    0.00    0.00    0.00    20  run-loki.sh
11:47:22 PM  1000    142958    0.00    0.00    0.00    0.00    0.00    20  run-prometheus.
11:47:22 PM  1000    142964    0.00    0.00    0.00    0.00    0.00    18  run-pyroscope.s
11:47:22 PM  1000    143068    0.00    0.00    0.00    0.00    0.00    20  sleep

11:47:22 PM   UID       PID    %usr %system  %guest   %wait    %CPU   CPU  Command
11:47:23 PM  1000    142950    0.00    0.00    0.00    0.00    0.00    18  run-grafana.sh
11:47:23 PM  1000    142952    0.00    0.00    0.00    0.00    0.00    20  run-loki.sh
11:47:23 PM  1000    142958    0.00    0.00    0.00    0.00    0.00    20  run-prometheus.
11:47:23 PM  1000    142964    0.00    0.00    0.00    0.00    0.00    18  run-pyroscope.s
11:47:23 PM  1000    143068    0.00    0.00    0.00    0.00    0.00    20  sleep

11:47:23 PM   UID       PID    %usr %system  %guest   %wait    %CPU   CPU  Command
11:47:24 PM  1000    142950    0.00    0.00    0.00    0.00    0.00    18  run-grafana.sh
11:47:24 PM  1000    142952    0.00    0.00    0.00    0.00    0.00    20  run-loki.sh
11:47:24 PM  1000    142958    0.00    0.00    0.00    0.00    0.00    20  run-prometheus.
11:47:24 PM  1000    142964    0.00    0.00    0.00    0.00    0.00    18  run-pyroscope.s
11:47:24 PM  1000    143068    0.00    0.00    0.00    0.00    0.00    20  sleep

11:47:24 PM   UID       PID    %usr %system  %guest   %wait    %CPU   CPU  Command
11:47:25 PM  1000    142950    0.00    0.00    0.00    0.00    0.00    18  run-grafana.sh
11:47:25 PM  1000    142952    0.00    0.00    0.00    0.00    0.00    20  run-loki.sh
11:47:25 PM  1000    142958    0.00    0.00    0.00    0.00    0.00    20  run-prometheus.
11:47:25 PM  1000    142964    0.00    0.00    0.00    0.00    0.00    18  run-pyroscope.s
11:47:25 PM  1000    143068    0.00    0.00    0.00    0.00    0.00    20  sleep

11:47:25 PM   UID       PID    %usr %system  %guest   %wait    %CPU   CPU  Command
11:47:26 PM  1000    142950    0.00    0.00    0.00    0.00    0.00    18  run-grafana.sh
11:47:26 PM  1000    142952    0.00    0.00    0.00    0.00    0.00    20  run-loki.sh
11:47:26 PM  1000    142958    0.00    0.00    0.00    0.00    0.00    20  run-prometheus.
11:47:26 PM  1000    142964    0.00    0.00    0.00    0.00    0.00    18  run-pyroscope.s
11:47:26 PM  1000    143068    0.00    0.00    0.00    0.00    0.00    20  sleep

11:47:26 PM   UID       PID    %usr %system  %guest   %wait    %CPU   CPU  Command
11:47:27 PM  1000    142950    0.00    0.00    0.00    0.00    0.00    18  run-grafana.sh
11:47:27 PM  1000    142952    0.00    0.00    0.00    0.00    0.00    20  run-loki.sh
11:47:27 PM  1000    142958    0.00    0.00    0.00    0.00    0.00    20  run-prometheus.
11:47:27 PM  1000    142964    0.00    0.00    0.00    0.00    0.00    18  run-pyroscope.s
11:47:27 PM  1000    143068    0.00    0.00    0.00    0.00    0.00    20  sleep

11:47:27 PM   UID       PID    %usr %system  %guest   %wait    %CPU   CPU  Command
11:47:28 PM  1000    142950    0.00    0.00    0.00    0.00    0.00    18  run-grafana.sh
11:47:28 PM  1000    142952    0.00    0.00    0.00    0.00    0.00    20  run-loki.sh
11:47:28 PM  1000    142958    0.00    0.00    0.00    0.00    0.00    20  run-prometheus.
11:47:28 PM  1000    142964    0.00    0.00    0.00    0.00    0.00    18  run-pyroscope.s
11:47:28 PM  1000    143068    0.00    0.00    0.00    0.00    0.00    20  sleep

11:47:28 PM   UID       PID    %usr %system  %guest   %wait    %CPU   CPU  Command
11:47:29 PM  1000    142950    0.00    0.00    0.00    0.00    0.00    18  run-grafana.sh
11:47:29 PM  1000    142952    0.00    0.00    0.00    0.00    0.00    20  run-loki.sh
11:47:29 PM  1000    142958    0.00    0.00    0.00    0.00    0.00    20  run-prometheus.
11:47:29 PM  1000    142964    0.00    0.00    0.00    0.00    0.00    18  run-pyroscope.s
11:47:29 PM  1000    143068    0.00    0.00    0.00    0.00    0.00    20  sleep

11:47:29 PM   UID       PID    %usr %system  %guest   %wait    %CPU   CPU  Command
11:47:30 PM  1000    142950    0.00    0.00    0.00    0.00    0.00    18  run-grafana.sh
11:47:30 PM  1000    142952    0.00    0.00    0.00    0.00    0.00    20  run-loki.sh
11:47:30 PM  1000    142958    0.00    0.00    0.00    0.00    0.00    20  run-prometheus.
11:47:30 PM  1000    142964    0.00    0.00    0.00    0.00    0.00    18  run-pyroscope.s
11:47:30 PM  1000    143068    0.00    0.00    0.00    0.00    0.00    20  sleep

11:47:30 PM   UID       PID    %usr %system  %guest   %wait    %CPU   CPU  Command
11:47:31 PM  1000    142950    0.00    0.00    0.00    0.00    0.00    18  run-grafana.sh
11:47:31 PM  1000    142952    0.00    0.00    0.00    0.00    0.00    20  run-loki.sh
11:47:31 PM  1000    142958    0.00    0.00    0.00    0.00    0.00    20  run-prometheus.
11:47:31 PM  1000    142964    0.00    0.00    0.00    0.00    0.00    18  run-pyroscope.s
11:47:31 PM  1000    143068    0.00    0.00    0.00    0.00    0.00    20  sleep

11:47:31 PM   UID       PID    %usr %system  %guest   %wait    %CPU   CPU  Command
11:47:32 PM  1000    142950    0.00    0.00    0.00    0.00    0.00    18  run-grafana.sh
11:47:32 PM  1000    142952    0.00    0.00    0.00    0.00    0.00    20  run-loki.sh
11:47:32 PM  1000    142958    0.00    0.00    0.00    0.00    0.00    20  run-prometheus.
11:47:32 PM  1000    142964    0.00    0.00    0.00    0.00    0.00    18  run-pyroscope.s
11:47:32 PM  1000    143068    0.00    0.00    0.00    0.00    0.00    20  sleep

11:47:32 PM   UID       PID    %usr %system  %guest   %wait    %CPU   CPU  Command
11:47:33 PM  1000    142950    0.00    0.00    0.00    0.00    0.00    18  run-grafana.sh
11:47:33 PM  1000    142952    0.00    0.00    0.00    0.00    0.00    20  run-loki.sh
11:47:33 PM  1000    142958    0.00    0.00    0.00    0.00    0.00    20  run-prometheus.
11:47:33 PM  1000    142964    0.00    0.00    0.00    0.00    0.00    18  run-pyroscope.s
11:47:33 PM  1000    143068    0.00    0.00    0.00    0.00    0.00    20  sleep

11:47:33 PM   UID       PID    %usr %system  %guest   %wait    %CPU   CPU  Command
11:47:34 PM  1000    142950    0.00    0.00    0.00    0.00    0.00    18  run-grafana.sh
11:47:34 PM  1000    142952    0.00    0.00    0.00    0.00    0.00    20  run-loki.sh
11:47:34 PM  1000    142958    0.00    0.00    0.00    0.00    0.00    20  run-prometheus.
11:47:34 PM  1000    142964    0.00    0.00    0.00    0.00    0.00    18  run-pyroscope.s
11:47:34 PM  1000    143068    0.00    0.00    0.00    0.00    0.00    20  sleep

11:47:34 PM   UID       PID    %usr %system  %guest   %wait    %CPU   CPU  Command
11:47:35 PM  1000    142950    0.00    0.00    0.00    0.00    0.00    18  run-grafana.sh
11:47:35 PM  1000    142952    0.00    0.00    0.00    0.00    0.00    20  run-loki.sh
11:47:35 PM  1000    142958    0.00    0.00    0.00    0.00    0.00    20  run-prometheus.
11:47:35 PM  1000    142964    0.00    0.00    0.00    0.00    0.00    18  run-pyroscope.s
11:47:35 PM  1000    143068    0.00    0.00    0.00    0.00    0.00    20  sleep

11:47:35 PM   UID       PID    %usr %system  %guest   %wait    %CPU   CPU  Command
11:47:36 PM  1000    142950    0.00    0.00    0.00    0.00    0.00    18  run-grafana.sh
11:47:36 PM  1000    142952    0.00    0.00    0.00    0.00    0.00    20  run-loki.sh
11:47:36 PM  1000    142958    0.00    0.00    0.00    0.00    0.00    20  run-prometheus.
11:47:36 PM  1000    142964    0.00    0.00    0.00    0.00    0.00    18  run-pyroscope.s
11:47:36 PM  1000    143068    0.00    0.00    0.00    0.00    0.00    20  sleep

11:47:36 PM   UID       PID    %usr %system  %guest   %wait    %CPU   CPU  Command
11:47:37 PM  1000    142950    0.00    0.00    0.00    0.00    0.00    18  run-grafana.sh
11:47:37 PM  1000    142952    0.00    0.00    0.00    0.00    0.00    20  run-loki.sh
11:47:37 PM  1000    142958    0.00    0.00    0.00    0.00    0.00    20  run-prometheus.
11:47:37 PM  1000    142964    0.00    0.00    0.00    0.00    0.00    18  run-pyroscope.s
11:47:37 PM  1000    143068    0.00    0.00    0.00    0.00    0.00    20  sleep

11:47:37 PM   UID       PID    %usr %system  %guest   %wait    %CPU   CPU  Command
11:47:38 PM  1000    142950    0.00    0.00    0.00    0.00    0.00    18  run-grafana.sh
11:47:38 PM  1000    142952    0.00    0.00    0.00    0.00    0.00    20  run-loki.sh
11:47:38 PM  1000    142958    0.00    0.00    0.00    0.00    0.00    20  run-prometheus.
11:47:38 PM  1000    142964    0.00    0.00    0.00    0.00    0.00    18  run-pyroscope.s
11:47:38 PM  1000    143068    0.00    0.00    0.00    0.00    0.00    20  sleep

11:47:38 PM   UID       PID    %usr %system  %guest   %wait    %CPU   CPU  Command
11:47:39 PM  1000    142950    0.00    0.00    0.00    0.00    0.00    18  run-grafana.sh
11:47:39 PM  1000    142952    0.00    0.00    0.00    0.00    0.00    20  run-loki.sh
11:47:39 PM  1000    142958    0.00    0.00    0.00    0.00    0.00    20  run-prometheus.
11:47:39 PM  1000    142964    0.00    0.00    0.00    0.00    0.00    18  run-pyroscope.s
11:47:39 PM  1000    143068    0.00    0.00    0.00    0.00    0.00    20  sleep

11:47:39 PM   UID       PID    %usr %system  %guest   %wait    %CPU   CPU  Command
11:47:40 PM  1000    142950    0.00    0.00    0.00    0.00    0.00    18  run-grafana.sh
11:47:40 PM  1000    142952    0.00    0.00    0.00    0.00    0.00    20  run-loki.sh
11:47:40 PM  1000    142958    0.00    0.00    0.00    0.00    0.00    20  run-prometheus.
11:47:40 PM  1000    142964    0.00    0.00    0.00    0.00    0.00    18  run-pyroscope.s
11:47:40 PM  1000    143068    0.00    0.00    0.00    0.00    0.00    20  sleep

11:47:40 PM   UID       PID    %usr %system  %guest   %wait    %CPU   CPU  Command
11:47:41 PM  1000    142950    0.00    0.00    0.00    0.00    0.00    18  run-grafana.sh
11:47:41 PM  1000    142952    0.00    0.00    0.00    0.00    0.00    20  run-loki.sh
11:47:41 PM  1000    142958    0.00    0.00    0.00    0.00    0.00    20  run-prometheus.
11:47:41 PM  1000    142964    0.00    0.00    0.00    0.00    0.00    18  run-pyroscope.s
11:47:41 PM  1000    143068    0.00    0.00    0.00    0.00    0.00    20  sleep

11:47:41 PM   UID       PID    %usr %system  %guest   %wait    %CPU   CPU  Command
11:47:42 PM  1000    142950    0.00    0.00    0.00    0.00    0.00    18  run-grafana.sh
11:47:42 PM  1000    142952    0.00    0.00    0.00    0.00    0.00    20  run-loki.sh
11:47:42 PM  1000    142958    0.00    0.00    0.00    0.00    0.00    20  run-prometheus.
11:47:42 PM  1000    142964    0.00    0.00    0.00    0.00    0.00    18  run-pyroscope.s
11:47:42 PM  1000    143068    0.00    0.00    0.00    0.00    0.00    20  sleep

11:47:42 PM   UID       PID    %usr %system  %guest   %wait    %CPU   CPU  Command
11:47:43 PM  1000    142950    0.00    0.00    0.00    0.00    0.00    18  run-grafana.sh
11:47:43 PM  1000    142952    0.00    0.00    0.00    0.00    0.00    20  run-loki.sh
11:47:43 PM  1000    142958    0.00    0.00    0.00    0.00    0.00    20  run-prometheus.
11:47:43 PM  1000    142964    0.00    0.00    0.00    0.00    0.00    18  run-pyroscope.s
11:47:43 PM  1000    143068    0.00    0.00    0.00    0.00    0.00    20  sleep

11:47:43 PM   UID       PID    %usr %system  %guest   %wait    %CPU   CPU  Command
11:47:44 PM  1000    142950    0.00    0.00    0.00    0.00    0.00    18  run-grafana.sh
11:47:44 PM  1000    142952    0.00    0.00    0.00    0.00    0.00    20  run-loki.sh
11:47:44 PM  1000    142958    0.00    0.00    0.00    0.00    0.00    20  run-prometheus.
11:47:44 PM  1000    142964    0.00    0.00    0.00    0.00    0.00    18  run-pyroscope.s
11:47:44 PM  1000    143068    0.00    0.00    0.00    0.00    0.00    20  sleep

11:47:44 PM   UID       PID    %usr %system  %guest   %wait    %CPU   CPU  Command
11:47:45 PM  1000    142950    0.00    0.00    0.00    0.00    0.00    18  run-grafana.sh
11:47:45 PM  1000    142952    0.00    0.00    0.00    0.00    0.00    20  run-loki.sh
11:47:45 PM  1000    142958    0.00    0.00    0.00    0.00    0.00    20  run-prometheus.
11:47:45 PM  1000    142964    0.00    0.00    0.00    0.00    0.00    18  run-pyroscope.s
11:47:45 PM  1000    143068    0.00    0.00    0.00    0.00    0.00    20  sleep

11:47:45 PM   UID       PID    %usr %system  %guest   %wait    %CPU   CPU  Command
11:47:46 PM  1000    142950    0.00    0.00    0.00    0.00    0.00    18  run-grafana.sh
11:47:46 PM  1000    142952    0.00    0.00    0.00    0.00    0.00    20  run-loki.sh
11:47:46 PM  1000    142958    0.00    0.00    0.00    0.00    0.00    20  run-prometheus.
11:47:46 PM  1000    142964    0.00    0.00    0.00    0.00    0.00    18  run-pyroscope.s
11:47:46 PM  1000    143068    0.00    0.00    0.00    0.00    0.00    20  sleep

11:47:46 PM   UID       PID    %usr %system  %guest   %wait    %CPU   CPU  Command
11:47:47 PM  1000    142950    0.00    0.00    0.00    0.00    0.00    18  run-grafana.sh
11:47:47 PM  1000    142952    0.00    0.00    0.00    0.00    0.00    20  run-loki.sh
11:47:47 PM  1000    142958    0.00    0.00    0.00    0.00    0.00    20  run-prometheus.
11:47:47 PM  1000    142964    0.00    0.00    0.00    0.00    0.00    18  run-pyroscope.s
11:47:47 PM  1000    143068    0.00    0.00    0.00    0.00    0.00    20  sleep

11:47:47 PM   UID       PID    %usr %system  %guest   %wait    %CPU   CPU  Command
11:47:48 PM  1000    142950    0.00    0.00    0.00    0.00    0.00    18  run-grafana.sh
11:47:48 PM  1000    142952    0.00    0.00    0.00    0.00    0.00    20  run-loki.sh
11:47:48 PM  1000    142958    0.00    0.00    0.00    0.00    0.00    20  run-prometheus.
11:47:48 PM  1000    142964    0.00    0.00    0.00    0.00    0.00    18  run-pyroscope.s
11:47:48 PM  1000    143068    0.00    0.00    0.00    0.00    0.00    20  sleep

11:47:48 PM   UID       PID    %usr %system  %guest   %wait    %CPU   CPU  Command
11:47:49 PM  1000    142950    0.00    0.00    0.00    0.00    0.00    18  run-grafana.sh
11:47:49 PM  1000    142952    0.00    0.00    0.00    0.00    0.00    20  run-loki.sh
11:47:49 PM  1000    142958    0.00    0.00    0.00    0.00    0.00    20  run-prometheus.
11:47:49 PM  1000    142964    0.00    0.00    0.00    0.00    0.00    18  run-pyroscope.s
11:47:49 PM  1000    143068    0.00    0.00    0.00    0.00    0.00    20  sleep

11:47:49 PM   UID       PID    %usr %system  %guest   %wait    %CPU   CPU  Command
11:47:50 PM  1000    142950    0.00    0.00    0.00    0.00    0.00    18  run-grafana.sh
11:47:50 PM  1000    142952    0.00    0.00    0.00    0.00    0.00    20  run-loki.sh
11:47:50 PM  1000    142958    0.00    0.00    0.00    0.00    0.00    20  run-prometheus.
11:47:50 PM  1000    142964    0.00    0.00    0.00    0.00    0.00    18  run-pyroscope.s
11:47:50 PM  1000    143068    0.00    0.00    0.00    0.00    0.00    20  sleep

11:47:50 PM   UID       PID    %usr %system  %guest   %wait    %CPU   CPU  Command
11:47:51 PM  1000    142950    0.00    0.00    0.00    0.00    0.00    18  run-grafana.sh
11:47:51 PM  1000    142952    0.00    0.00    0.00    0.00    0.00    20  run-loki.sh
11:47:51 PM  1000    142958    0.00    0.00    0.00    0.00    0.00    20  run-prometheus.
11:47:51 PM  1000    142964    0.00    0.00    0.00    0.00    0.00    18  run-pyroscope.s
11:47:51 PM  1000    143068    0.00    0.00    0.00    0.00    0.00    20  sleep

11:47:51 PM   UID       PID    %usr %system  %guest   %wait    %CPU   CPU  Command
11:47:52 PM  1000    142950    0.00    0.00    0.00    0.00    0.00    18  run-grafana.sh
11:47:52 PM  1000    142952    0.00    0.00    0.00    0.00    0.00    20  run-loki.sh
11:47:52 PM  1000    142958    0.00    0.00    0.00    0.00    0.00    20  run-prometheus.
11:47:52 PM  1000    142964    0.00    0.00    0.00    0.00    0.00    18  run-pyroscope.s
11:47:52 PM  1000    143068    0.00    0.00    0.00    0.00    0.00    20  sleep

11:47:52 PM   UID       PID    %usr %system  %guest   %wait    %CPU   CPU  Command
11:47:53 PM  1000    142950    0.00    0.00    0.00    0.00    0.00    18  run-grafana.sh
11:47:53 PM  1000    142952    0.00    0.00    0.00    0.00    0.00    20  run-loki.sh
11:47:53 PM  1000    142958    0.00    0.00    0.00    0.00    0.00    20  run-prometheus.
11:47:53 PM  1000    142964    0.00    0.00    0.00    0.00    0.00    18  run-pyroscope.s
11:47:53 PM  1000    143068    0.00    0.00    0.00    0.00    0.00    20  sleep

11:47:53 PM   UID       PID    %usr %system  %guest   %wait    %CPU   CPU  Command
11:47:54 PM  1000    142950    0.00    0.00    0.00    0.00    0.00    18  run-grafana.sh
11:47:54 PM  1000    142952    0.00    0.00    0.00    0.00    0.00    20  run-loki.sh
11:47:54 PM  1000    142958    0.00    0.00    0.00    0.00    0.00    20  run-prometheus.
11:47:54 PM  1000    142964    0.00    0.00    0.00    0.00    0.00    18  run-pyroscope.s
11:47:54 PM  1000    143068    0.00    0.00    0.00    0.00    0.00    20  sleep

11:47:54 PM   UID       PID    %usr %system  %guest   %wait    %CPU   CPU  Command
11:47:55 PM  1000    142950    0.00    0.00    0.00    0.00    0.00    18  run-grafana.sh
11:47:55 PM  1000    142952    0.00    0.00    0.00    0.00    0.00    20  run-loki.sh
11:47:55 PM  1000    142958    0.00    0.00    0.00    0.00    0.00    20  run-prometheus.
11:47:55 PM  1000    142964    0.00    0.00    0.00    0.00    0.00    18  run-pyroscope.s
11:47:55 PM  1000    143068    0.00    0.00    0.00    0.00    0.00    20  sleep

11:47:55 PM   UID       PID    %usr %system  %guest   %wait    %CPU   CPU  Command
11:47:56 PM  1000    142950    0.00    0.00    0.00    0.00    0.00    18  run-grafana.sh
11:47:56 PM  1000    142952    0.00    0.00    0.00    0.00    0.00    20  run-loki.sh
11:47:56 PM  1000    142958    0.00    0.00    0.00    0.00    0.00    20  run-prometheus.
11:47:56 PM  1000    142964    0.00    0.00    0.00    0.00    0.00    18  run-pyroscope.s
11:47:56 PM  1000    143068    0.00    0.00    0.00    0.00    0.00    20  sleep

11:47:56 PM   UID       PID    %usr %system  %guest   %wait    %CPU   CPU  Command
11:47:57 PM  1000    142950    0.00    0.00    0.00    0.00    0.00    18  run-grafana.sh
11:47:57 PM  1000    142952    0.00    0.00    0.00    0.00    0.00    20  run-loki.sh
11:47:57 PM  1000    142958    0.00    0.00    0.00    0.00    0.00    20  run-prometheus.
11:47:57 PM  1000    142964    0.00    0.00    0.00    0.00    0.00    18  run-pyroscope.s
11:47:57 PM  1000    143068    0.00    0.00    0.00    0.00    0.00    20  sleep

11:47:57 PM   UID       PID    %usr %system  %guest   %wait    %CPU   CPU  Command
11:47:58 PM  1000    142950    0.00    0.00    0.00    0.00    0.00    18  run-grafana.sh
11:47:58 PM  1000    142952    0.00    0.00    0.00    0.00    0.00    20  run-loki.sh
11:47:58 PM  1000    142958    0.00    0.00    0.00    0.00    0.00    20  run-prometheus.
11:47:58 PM  1000    142964    0.00    0.00    0.00    0.00    0.00    18  run-pyroscope.s
11:47:58 PM  1000    143068    0.00    0.00    0.00    0.00    0.00    20  sleep

11:47:58 PM   UID       PID    %usr %system  %guest   %wait    %CPU   CPU  Command
11:47:59 PM  1000    142950    0.00    0.00    0.00    0.00    0.00    18  run-grafana.sh
11:47:59 PM  1000    142952    0.00    0.00    0.00    0.00    0.00    20  run-loki.sh
11:47:59 PM  1000    142958    0.00    0.00    0.00    0.00    0.00    20  run-prometheus.
11:47:59 PM  1000    142964    0.00    0.00    0.00    0.00    0.00    18  run-pyroscope.s
11:47:59 PM  1000    143068    0.00    0.00    0.00    0.00    0.00    20  sleep

11:47:59 PM   UID       PID    %usr %system  %guest   %wait    %CPU   CPU  Command
11:48:00 PM  1000    142950    0.00    0.00    0.00    0.00    0.00    18  run-grafana.sh
11:48:00 PM  1000    142952    0.00    0.00    0.00    0.00    0.00    20  run-loki.sh
11:48:00 PM  1000    142958    0.00    0.00    0.00    0.00    0.00    20  run-prometheus.
11:48:00 PM  1000    142964    0.00    0.00    0.00    0.00    0.00    18  run-pyroscope.s
11:48:00 PM  1000    143068    0.00    0.00    0.00    0.00    0.00    20  sleep

11:48:00 PM   UID       PID    %usr %system  %guest   %wait    %CPU   CPU  Command
11:48:01 PM  1000    142950    0.00    0.00    0.00    0.00    0.00    18  run-grafana.sh
11:48:01 PM  1000    142952    0.00    0.00    0.00    0.00    0.00    20  run-loki.sh
11:48:01 PM  1000    142958    0.00    0.00    0.00    0.00    0.00    20  run-prometheus.
11:48:01 PM  1000    142964    0.00    0.00    0.00    0.00    0.00    18  run-pyroscope.s
11:48:01 PM  1000    143068    0.00    0.00    0.00    0.00    0.00    20  sleep

11:48:01 PM   UID       PID    %usr %system  %guest   %wait    %CPU   CPU  Command
11:48:02 PM  1000    142950    0.00    0.00    0.00    0.00    0.00    18  run-grafana.sh
11:48:02 PM  1000    142952    0.00    0.00    0.00    0.00    0.00    20  run-loki.sh
11:48:02 PM  1000    142958    0.00    0.00    0.00    0.00    0.00    20  run-prometheus.
11:48:02 PM  1000    142964    0.00    0.00    0.00    0.00    0.00    18  run-pyroscope.s
11:48:02 PM  1000    143068    0.00    0.00    0.00    0.00    0.00    20  sleep

11:48:02 PM   UID       PID    %usr %system  %guest   %wait    %CPU   CPU  Command
11:48:03 PM  1000    142950    0.00    0.00    0.00    0.00    0.00    18  run-grafana.sh
11:48:03 PM  1000    142952    0.00    0.00    0.00    0.00    0.00    20  run-loki.sh
11:48:03 PM  1000    142958    0.00    0.00    0.00    0.00    0.00    20  run-prometheus.
11:48:03 PM  1000    142964    0.00    0.00    0.00    0.00    0.00    18  run-pyroscope.s
11:48:03 PM  1000    143068    0.00    0.00    0.00    0.00    0.00    20  sleep

11:48:03 PM   UID       PID    %usr %system  %guest   %wait    %CPU   CPU  Command
11:48:04 PM  1000    142950    0.00    0.00    0.00    0.00    0.00    18  run-grafana.sh
11:48:04 PM  1000    142952    0.00    0.00    0.00    0.00    0.00    20  run-loki.sh
11:48:04 PM  1000    142958    0.00    0.00    0.00    0.00    0.00    20  run-prometheus.
11:48:04 PM  1000    142964    0.00    0.00    0.00    0.00    0.00    18  run-pyroscope.s
11:48:04 PM  1000    143068    0.00    0.00    0.00    0.00    0.00    20  sleep

11:48:04 PM   UID       PID    %usr %system  %guest   %wait    %CPU   CPU  Command
11:48:05 PM  1000    142950    0.00    0.00    0.00    0.00    0.00    18  run-grafana.sh
11:48:05 PM  1000    142952    0.00    0.00    0.00    0.00    0.00    20  run-loki.sh
11:48:05 PM  1000    142958    0.00    0.00    0.00    0.00    0.00    20  run-prometheus.
11:48:05 PM  1000    142964    0.00    0.00    0.00    0.00    0.00    18  run-pyroscope.s
11:48:05 PM  1000    143068    0.00    0.00    0.00    0.00    0.00    20  sleep

11:48:05 PM   UID       PID    %usr %system  %guest   %wait    %CPU   CPU  Command
11:48:06 PM  1000    142950    0.00    0.00    0.00    0.00    0.00    18  run-grafana.sh
11:48:06 PM  1000    142952    0.00    0.00    0.00    0.00    0.00    20  run-loki.sh
11:48:06 PM  1000    142958    0.00    0.00    0.00    0.00    0.00    20  run-prometheus.
11:48:06 PM  1000    142964    0.00    0.00    0.00    0.00    0.00    18  run-pyroscope.s
11:48:06 PM  1000    143068    0.00    0.00    0.00    0.00    0.00    20  sleep

11:48:06 PM   UID       PID    %usr %system  %guest   %wait    %CPU   CPU  Command
11:48:07 PM  1000    142950    0.00    0.00    0.00    0.00    0.00    18  run-grafana.sh
11:48:07 PM  1000    142952    0.00    0.00    0.00    0.00    0.00    20  run-loki.sh
11:48:07 PM  1000    142958    0.00    0.00    0.00    0.00    0.00    20  run-prometheus.
11:48:07 PM  1000    142964    0.00    0.00    0.00    0.00    0.00    18  run-pyroscope.s
11:48:07 PM  1000    143068    0.00    0.00    0.00    0.00    0.00    20  sleep

11:48:07 PM   UID       PID    %usr %system  %guest   %wait    %CPU   CPU  Command
11:48:08 PM  1000    142950    0.00    0.00    0.00    0.00    0.00    18  run-grafana.sh
11:48:08 PM  1000    142952    0.00    0.00    0.00    0.00    0.00    20  run-loki.sh
11:48:08 PM  1000    142958    0.00    0.00    0.00    0.00    0.00    20  run-prometheus.
11:48:08 PM  1000    142964    0.00    0.00    0.00    0.00    0.00    18  run-pyroscope.s
11:48:08 PM  1000    143068    0.00    0.00    0.00    0.00    0.00    20  sleep

11:48:08 PM   UID       PID    %usr %system  %guest   %wait    %CPU   CPU  Command
11:48:09 PM  1000    142950    0.00    0.00    0.00    0.00    0.00    18  run-grafana.sh
11:48:09 PM  1000    142952    0.00    0.00    0.00    0.00    0.00    20  run-loki.sh
11:48:09 PM  1000    142958    0.00    0.00    0.00    0.00    0.00    20  run-prometheus.
11:48:09 PM  1000    142964    0.00    0.00    0.00    0.00    0.00    18  run-pyroscope.s
11:48:09 PM  1000    143068    0.00    0.00    0.00    0.00    0.00    20  sleep

11:48:09 PM   UID       PID    %usr %system  %guest   %wait    %CPU   CPU  Command
11:48:10 PM  1000    142950    0.00    0.00    0.00    0.00    0.00    18  run-grafana.sh
11:48:10 PM  1000    142952    0.00    0.00    0.00    0.00    0.00    20  run-loki.sh
11:48:10 PM  1000    142958    0.00    0.00    0.00    0.00    0.00    20  run-prometheus.
11:48:10 PM  1000    142964    0.00    0.00    0.00    0.00    0.00    18  run-pyroscope.s
11:48:10 PM  1000    143068    0.00    0.00    0.00    0.00    0.00    20  sleep

11:48:10 PM   UID       PID    %usr %system  %guest   %wait    %CPU   CPU  Command
11:48:11 PM  1000    142950    0.00    0.00    0.00    0.00    0.00    18  run-grafana.sh
11:48:11 PM  1000    142952    0.00    0.00    0.00    0.00    0.00    20  run-loki.sh
11:48:11 PM  1000    142958    0.00    0.00    0.00    0.00    0.00    20  run-prometheus.
11:48:11 PM  1000    142964    0.00    0.00    0.00    0.00    0.00    18  run-pyroscope.s
11:48:11 PM  1000    143068    0.00    0.00    0.00    0.00    0.00    20  sleep

11:48:11 PM   UID       PID    %usr %system  %guest   %wait    %CPU   CPU  Command
11:48:12 PM  1000    142950    0.00    0.00    0.00    0.00    0.00    18  run-grafana.sh
11:48:12 PM  1000    142952    0.00    0.00    0.00    0.00    0.00    20  run-loki.sh
11:48:12 PM  1000    142958    0.00    0.00    0.00    0.00    0.00    20  run-prometheus.
11:48:12 PM  1000    142964    0.00    0.00    0.00    0.00    0.00    18  run-pyroscope.s
11:48:12 PM  1000    143068    0.00    0.00    0.00    0.00    0.00    20  sleep

11:48:12 PM   UID       PID    %usr %system  %guest   %wait    %CPU   CPU  Command
11:48:13 PM  1000    142950    0.00    0.00    0.00    0.00    0.00    18  run-grafana.sh
11:48:13 PM  1000    142952    0.00    0.00    0.00    0.00    0.00    20  run-loki.sh
11:48:13 PM  1000    142958    0.00    0.00    0.00    0.00    0.00    20  run-prometheus.
11:48:13 PM  1000    142964    0.00    0.00    0.00    0.00    0.00    18  run-pyroscope.s
11:48:13 PM  1000    143068    0.00    0.00    0.00    0.00    0.00    20  sleep

11:48:13 PM   UID       PID    %usr %system  %guest   %wait    %CPU   CPU  Command
11:48:14 PM  1000    142950    0.00    0.00    0.00    0.00    0.00    18  run-grafana.sh
11:48:14 PM  1000    142952    0.00    0.00    0.00    0.00    0.00    20  run-loki.sh
11:48:14 PM  1000    142958    0.00    0.00    0.00    0.00    0.00    20  run-prometheus.
11:48:14 PM  1000    142964    0.00    0.00    0.00    0.00    0.00    18  run-pyroscope.s
11:48:14 PM  1000    143068    0.00    0.00    0.00    0.00    0.00    20  sleep

11:48:14 PM   UID       PID    %usr %system  %guest   %wait    %CPU   CPU  Command
11:48:15 PM  1000    142950    0.00    0.00    0.00    0.00    0.00    18  run-grafana.sh
11:48:15 PM  1000    142952    0.00    0.00    0.00    0.00    0.00    20  run-loki.sh
11:48:15 PM  1000    142958    0.00    0.00    0.00    0.00    0.00    20  run-prometheus.
11:48:15 PM  1000    142964    0.00    0.00    0.00    0.00    0.00    18  run-pyroscope.s
11:48:15 PM  1000    143068    0.00    0.00    0.00    0.00    0.00    20  sleep

11:48:15 PM   UID       PID    %usr %system  %guest   %wait    %CPU   CPU  Command
11:48:16 PM  1000    142950    0.00    0.00    0.00    0.00    0.00    18  run-grafana.sh
11:48:16 PM  1000    142952    0.00    0.00    0.00    0.00    0.00    20  run-loki.sh
11:48:16 PM  1000    142958    0.00    0.00    0.00    0.00    0.00    20  run-prometheus.
11:48:16 PM  1000    142964    0.00    0.00    0.00    0.00    0.00    18  run-pyroscope.s
11:48:16 PM  1000    143068    0.00    0.00    0.00    0.00    0.00    20  sleep

11:48:16 PM   UID       PID    %usr %system  %guest   %wait    %CPU   CPU  Command
11:48:17 PM  1000    142950    0.00    0.00    0.00    0.00    0.00    18  run-grafana.sh
11:48:17 PM  1000    142952    0.00    0.00    0.00    0.00    0.00    20  run-loki.sh
11:48:17 PM  1000    142958    0.00    0.00    0.00    0.00    0.00    20  run-prometheus.
11:48:17 PM  1000    142964    0.00    0.00    0.00    0.00    0.00    18  run-pyroscope.s
11:48:17 PM  1000    143068    0.00    0.00    0.00    0.00    0.00    20  sleep

11:48:17 PM   UID       PID    %usr %system  %guest   %wait    %CPU   CPU  Command
11:48:18 PM  1000    142950    0.00    0.00    0.00    0.00    0.00    18  run-grafana.sh
11:48:18 PM  1000    142952    0.00    0.00    0.00    0.00    0.00    20  run-loki.sh
11:48:18 PM  1000    142958    0.00    0.00    0.00    0.00    0.00    20  run-prometheus.
11:48:18 PM  1000    142964    0.00    0.00    0.00    0.00    0.00    18  run-pyroscope.s
11:48:18 PM  1000    143068    0.00    0.00    0.00    0.00    0.00    20  sleep

11:48:18 PM   UID       PID    %usr %system  %guest   %wait    %CPU   CPU  Command
11:48:19 PM  1000    142950    0.00    0.00    0.00    0.00    0.00    18  run-grafana.sh
11:48:19 PM  1000    142952    0.00    0.00    0.00    0.00    0.00    20  run-loki.sh
11:48:19 PM  1000    142958    0.00    0.00    0.00    0.00    0.00    20  run-prometheus.
11:48:19 PM  1000    142964    0.00    0.00    0.00    0.00    0.00    18  run-pyroscope.s
11:48:19 PM  1000    143068    0.00    0.00    0.00    0.00    0.00    20  sleep
