Linux 5.14.0-570.60.1.el9_6.x86_64 *****) 	03/27/2026 	_x86_64_	(64 CPU)

11:35:58 PM   UID       PID    %usr %system  %guest   %wait    %CPU   CPU  Command
11:35:59 PM 100998    137452    0.00    0.00    0.00    0.00    0.00    14  postgres
11:35:59 PM 100998    137453    0.00    0.00    0.00    0.00    0.00    10  postgres
11:35:59 PM 100998    137455    0.00    0.00    0.00    0.00    0.00    10  postgres
11:35:59 PM 100998    137456    0.00    0.00    0.00    0.00    0.00    14  postgres
11:35:59 PM 100998    138276    0.00    0.00    0.00    0.00    0.00    14  postgres

11:35:59 PM   UID       PID    %usr %system  %guest   %wait    %CPU   CPU  Command
11:36:00 PM 100998    137452    0.00    0.00    0.00    0.00    0.00    14  postgres
11:36:00 PM 100998    137453    0.00    0.00    0.00    0.00    0.00    10  postgres
11:36:00 PM 100998    137455    0.00    0.00    0.00    0.00    0.00    10  postgres
11:36:00 PM 100998    137456    0.00    0.00    0.00    0.00    0.00    14  postgres
11:36:00 PM 100998    138276    0.00    0.00    0.00    0.00    0.00    14  postgres

11:36:00 PM   UID       PID    %usr %system  %guest   %wait    %CPU   CPU  Command
11:36:01 PM 100998    137452    0.00    0.00    0.00    0.00    0.00    14  postgres
11:36:01 PM 100998    137453    0.00    0.00    0.00    0.00    0.00    10  postgres
11:36:01 PM 100998    137455    0.00    0.00    0.00    0.00    0.00    10  postgres
11:36:01 PM 100998    137456    0.00    0.00    0.00    0.00    0.00    14  postgres
11:36:01 PM 100998    138276    0.00    0.00    0.00    0.00    0.00    14  postgres

11:36:01 PM   UID       PID    %usr %system  %guest   %wait    %CPU   CPU  Command
11:36:02 PM 100998    137452    0.00    0.00    0.00    0.00    0.00    14  postgres
11:36:02 PM 100998    137453    0.00    0.00    0.00    0.00    0.00    10  postgres
11:36:02 PM 100998    137455    0.00    0.00    0.00    0.00    0.00    10  postgres
11:36:02 PM 100998    137456    0.00    0.00    0.00    0.00    0.00    14  postgres
11:36:02 PM 100998    138276    0.00    0.00    0.00    0.00    0.00    14  postgres

11:36:02 PM   UID       PID    %usr %system  %guest   %wait    %CPU   CPU  Command
11:36:03 PM 100998    137452    0.00    0.00    0.00    0.00    0.00    14  postgres
11:36:03 PM 100998    137453    0.00    0.00    0.00    0.00    0.00    10  postgres
11:36:03 PM 100998    137455    0.00    0.00    0.00    0.00    0.00    10  postgres
11:36:03 PM 100998    137456    0.00    0.00    0.00    0.00    0.00    14  postgres
11:36:03 PM 100998    138276    0.00    0.00    0.00    0.00    0.00    14  postgres

11:36:03 PM   UID       PID    %usr %system  %guest   %wait    %CPU   CPU  Command
11:36:04 PM 100998    137452    0.00    0.00    0.00    0.00    0.00    14  postgres
11:36:04 PM 100998    137453    0.00    0.00    0.00    0.00    0.00    10  postgres
11:36:04 PM 100998    137455    0.00    0.00    0.00    0.00    0.00    10  postgres
11:36:04 PM 100998    137456    0.00    0.00    0.00    0.00    0.00    14  postgres
11:36:04 PM 100998    138276    0.00    0.00    0.00    0.00    0.00    14  postgres

11:36:04 PM   UID       PID    %usr %system  %guest   %wait    %CPU   CPU  Command
11:36:05 PM 100998    137452    0.00    0.00    0.00    0.00    0.00    14  postgres
11:36:05 PM 100998    137453    0.00    0.00    0.00    0.00    0.00    12  postgres
11:36:05 PM 100998    137455    0.00    0.00    0.00    0.00    0.00    10  postgres
11:36:05 PM 100998    137456    0.00    0.00    0.00    0.00    0.00    14  postgres
11:36:05 PM 100998    138276    0.00    0.00    0.00    0.00    0.00    14  postgres

11:36:05 PM   UID       PID    %usr %system  %guest   %wait    %CPU   CPU  Command
11:36:06 PM 100998    137452    0.00    0.00    0.00    0.00    0.00    14  postgres
11:36:06 PM 100998    137453    0.00    0.00    0.00    0.00    0.00    12  postgres
11:36:06 PM 100998    137455    0.00    0.00    0.00    0.00    0.00    10  postgres
11:36:06 PM 100998    137456    0.00    0.00    0.00    0.00    0.00    14  postgres
11:36:06 PM 100998    138276    0.00    0.00    0.00    0.00    0.00    10  postgres

11:36:06 PM   UID       PID    %usr %system  %guest   %wait    %CPU   CPU  Command
11:36:07 PM 100998    137452    0.00    0.00    0.00    0.00    0.00    14  postgres
11:36:07 PM 100998    137453    0.00    0.00    0.00    0.00    0.00    12  postgres
11:36:07 PM 100998    137455    0.00    0.00    0.00    0.00    0.00    10  postgres
11:36:07 PM 100998    137456    0.00    0.00    0.00    0.00    0.00    14  postgres
11:36:07 PM 100998    138276    1.00    0.00    0.00    0.00    1.00    10  postgres

11:36:07 PM   UID       PID    %usr %system  %guest   %wait    %CPU   CPU  Command
11:36:08 PM 100998    137452    0.00    0.00    0.00    0.00    0.00    14  postgres
11:36:08 PM 100998    137453    0.00    0.00    0.00    0.00    0.00    10  postgres
11:36:08 PM 100998    137455    0.00    0.00    0.00    0.00    0.00    10  postgres
11:36:08 PM 100998    137456    0.00    0.00    0.00    0.00    0.00    14  postgres
11:36:08 PM 100998    138276    0.00    1.00    0.00    0.00    1.00    10  postgres

11:36:08 PM   UID       PID    %usr %system  %guest   %wait    %CPU   CPU  Command
11:36:09 PM 100998    137452    0.00    0.00    0.00    0.00    0.00    14  postgres
11:36:09 PM 100998    137453    0.00    0.00    0.00    0.00    0.00    10  postgres
11:36:09 PM 100998    137455    0.00    0.00    0.00    0.00    0.00    10  postgres
11:36:09 PM 100998    137456    0.00    0.00    0.00    0.00    0.00    14  postgres
11:36:09 PM 100998    138276    1.00    0.00    0.00    0.00    1.00    14  postgres

11:36:09 PM   UID       PID    %usr %system  %guest   %wait    %CPU   CPU  Command
11:36:10 PM 100998    137452    0.00    0.00    0.00    0.00    0.00    14  postgres
11:36:10 PM 100998    137453    0.00    0.00    0.00    0.00    0.00    10  postgres
11:36:10 PM 100998    137455    0.00    0.00    0.00    0.00    0.00    10  postgres
11:36:10 PM 100998    137456    0.00    0.00    0.00    0.00    0.00    14  postgres
11:36:10 PM 100998    138276    1.00    0.00    0.00    0.00    1.00    14  postgres

11:36:10 PM   UID       PID    %usr %system  %guest   %wait    %CPU   CPU  Command
11:36:11 PM 100998    137452    0.00    0.00    0.00    0.00    0.00    14  postgres
11:36:11 PM 100998    137453    0.00    0.00    0.00    0.00    0.00    10  postgres
11:36:11 PM 100998    137455    0.00    0.00    0.00    0.00    0.00    10  postgres
11:36:11 PM 100998    137456    0.00    0.00    0.00    0.00    0.00    14  postgres
11:36:11 PM 100998    138276    0.00    0.00    0.00    0.00    0.00    14  postgres

11:36:11 PM   UID       PID    %usr %system  %guest   %wait    %CPU   CPU  Command
11:36:12 PM 100998    137452    0.00    0.00    0.00    0.00    0.00    14  postgres
11:36:12 PM 100998    137453    0.00    0.00    0.00    0.00    0.00    12  postgres
11:36:12 PM 100998    137455    0.00    0.00    0.00    0.00    0.00    10  postgres
11:36:12 PM 100998    137456    0.00    0.00    0.00    0.00    0.00    14  postgres
11:36:12 PM 100998    138276    1.00    1.00    0.00    0.00    2.00    12  postgres

11:36:12 PM   UID       PID    %usr %system  %guest   %wait    %CPU   CPU  Command
11:36:13 PM 100998    137452    0.00    0.00    0.00    0.00    0.00    14  postgres
11:36:13 PM 100998    137453    0.00    0.00    0.00    0.00    0.00    12  postgres
11:36:13 PM 100998    137455    0.00    0.00    0.00    0.00    0.00    10  postgres
11:36:13 PM 100998    137456    0.00    0.00    0.00    0.00    0.00    14  postgres
11:36:13 PM 100998    138276    1.00    0.00    0.00    0.00    1.00    10  postgres

11:36:13 PM   UID       PID    %usr %system  %guest   %wait    %CPU   CPU  Command
11:36:14 PM 100998    137452    0.00    0.00    0.00    0.00    0.00    14  postgres
11:36:14 PM 100998    137453    0.00    0.00    0.00    0.00    0.00    12  postgres
11:36:14 PM 100998    137455    0.00    0.00    0.00    0.00    0.00    10  postgres
11:36:14 PM 100998    137456    0.00    0.00    0.00    0.00    0.00    14  postgres
11:36:14 PM 100998    138276    1.00    0.00    0.00    0.00    1.00    10  postgres

11:36:14 PM   UID       PID    %usr %system  %guest   %wait    %CPU   CPU  Command
11:36:15 PM 100998    137452    0.00    0.00    0.00    0.00    0.00    14  postgres
11:36:15 PM 100998    137453    0.00    0.00    0.00    0.00    0.00    12  postgres
11:36:15 PM 100998    137455    0.00    0.00    0.00    0.00    0.00    10  postgres
11:36:15 PM 100998    137456    0.00    0.00    0.00    0.00    0.00    14  postgres
11:36:15 PM 100998    138276    1.00    1.00    0.00    0.00    2.00    12  postgres

11:36:15 PM   UID       PID    %usr %system  %guest   %wait    %CPU   CPU  Command
11:36:16 PM 100998    137452    0.00    0.00    0.00    0.00    0.00    14  postgres
11:36:16 PM 100998    137453    0.00    0.00    0.00    0.00    0.00    10  postgres
11:36:16 PM 100998    137455    0.00    0.00    0.00    0.00    0.00    10  postgres
11:36:16 PM 100998    137456    0.00    0.00    0.00    0.00    0.00    14  postgres
11:36:16 PM 100998    138276    1.00    0.00    0.00    0.00    1.00    10  postgres

11:36:16 PM   UID       PID    %usr %system  %guest   %wait    %CPU   CPU  Command
11:36:17 PM 100998    137452    0.00    0.00    0.00    0.00    0.00    14  postgres
11:36:17 PM 100998    137453    0.00    0.00    0.00    0.00    0.00    10  postgres
11:36:17 PM 100998    137455    0.00    0.00    0.00    0.00    0.00    10  postgres
11:36:17 PM 100998    137456    0.00    0.00    0.00    0.00    0.00    14  postgres
11:36:17 PM 100998    138276    1.00    0.00    0.00    0.00    1.00    14  postgres

11:36:17 PM   UID       PID    %usr %system  %guest   %wait    %CPU   CPU  Command
11:36:18 PM 100998    137452    0.00    0.00    0.00    0.00    0.00    14  postgres
11:36:18 PM 100998    137453    0.00    0.00    0.00    0.00    0.00    10  postgres
11:36:18 PM 100998    137455    0.00    0.00    0.00    0.00    0.00    10  postgres
11:36:18 PM 100998    137456    0.00    0.00    0.00    0.00    0.00    14  postgres
11:36:18 PM 100998    138276    2.00    1.00    0.00    0.00    3.00    12  postgres

11:36:18 PM   UID       PID    %usr %system  %guest   %wait    %CPU   CPU  Command
11:36:19 PM 100998    137452    0.00    0.00    0.00    0.00    0.00    14  postgres
11:36:19 PM 100998    137453    0.00    0.00    0.00    0.00    0.00    14  postgres
11:36:19 PM 100998    137455    0.00    0.00    0.00    0.00    0.00    10  postgres
11:36:19 PM 100998    137456    0.00    0.00    0.00    0.00    0.00    14  postgres
11:36:19 PM 100998    138276    1.00    1.00    0.00    0.00    2.00    14  postgres

11:36:19 PM   UID       PID    %usr %system  %guest   %wait    %CPU   CPU  Command
11:36:20 PM 100998    137452    0.00    0.00    0.00    0.00    0.00    14  postgres
11:36:20 PM 100998    137453    0.00    0.00    0.00    0.00    0.00    14  postgres
11:36:20 PM 100998    137455    0.00    0.00    0.00    0.00    0.00    10  postgres
11:36:20 PM 100998    137456    0.00    0.00    0.00    0.00    0.00    14  postgres
11:36:20 PM 100998    138276    2.00    0.00    0.00    0.00    2.00    12  postgres

11:36:20 PM   UID       PID    %usr %system  %guest   %wait    %CPU   CPU  Command
11:36:21 PM 100998    137452    0.00    0.00    0.00    0.00    0.00    14  postgres
11:36:21 PM 100998    137453    0.00    0.00    0.00    0.00    0.00    10  postgres
11:36:21 PM 100998    137455    0.00    0.00    0.00    0.00    0.00    10  postgres
11:36:21 PM 100998    137456    0.00    0.00    0.00    0.00    0.00    14  postgres
11:36:21 PM 100998    138276    2.00    0.00    0.00    0.00    2.00    10  postgres

11:36:21 PM   UID       PID    %usr %system  %guest   %wait    %CPU   CPU  Command
11:36:22 PM 100998    137452    0.00    0.00    0.00    0.00    0.00    14  postgres
11:36:22 PM 100998    137453    0.00    0.00    0.00    0.00    0.00    10  postgres
11:36:22 PM 100998    137455    0.00    0.00    0.00    0.00    0.00    10  postgres
11:36:22 PM 100998    137456    0.00    0.00    0.00    0.00    0.00    14  postgres
11:36:22 PM 100998    138276    2.00    1.00    0.00    1.00    3.00    14  postgres

11:36:22 PM   UID       PID    %usr %system  %guest   %wait    %CPU   CPU  Command
11:36:23 PM 100998    137452    0.00    0.00    0.00    0.00    0.00    14  postgres
11:36:23 PM 100998    137453    0.00    0.00    0.00    0.00    0.00    14  postgres
11:36:23 PM 100998    137455    0.00    0.00    0.00    0.00    0.00    10  postgres
11:36:23 PM 100998    137456    0.00    0.00    0.00    0.00    0.00    14  postgres
11:36:23 PM 100998    138276    2.00    1.00    0.00    0.00    3.00    10  postgres

11:36:23 PM   UID       PID    %usr %system  %guest   %wait    %CPU   CPU  Command
11:36:24 PM 100998    137452    0.00    0.00    0.00    0.00    0.00    14  postgres
11:36:24 PM 100998    137453    0.00    0.00    0.00    0.00    0.00    12  postgres
11:36:24 PM 100998    137455    0.00    0.00    0.00    0.00    0.00    10  postgres
11:36:24 PM 100998    137456    0.00    0.00    0.00    0.00    0.00    14  postgres
11:36:24 PM 100998    138276    1.00    1.00    0.00    0.00    2.00    14  postgres

11:36:24 PM   UID       PID    %usr %system  %guest   %wait    %CPU   CPU  Command
11:36:25 PM 100998    137452    0.00    0.00    0.00    0.00    0.00    14  postgres
11:36:25 PM 100998    137453    0.00    0.00    0.00    0.00    0.00    12  postgres
11:36:25 PM 100998    137455    0.00    0.00    0.00    0.00    0.00    10  postgres
11:36:25 PM 100998    137456    0.00    0.00    0.00    0.00    0.00    14  postgres
11:36:25 PM 100998    138276    3.00    1.00    0.00    1.00    4.00    12  postgres

11:36:25 PM   UID       PID    %usr %system  %guest   %wait    %CPU   CPU  Command
11:36:26 PM 100998    137452    0.00    0.00    0.00    0.00    0.00    14  postgres
11:36:26 PM 100998    137453    0.00    0.00    0.00    0.00    0.00    12  postgres
11:36:26 PM 100998    137455    0.00    0.00    0.00    0.00    0.00    10  postgres
11:36:26 PM 100998    137456    0.00    0.00    0.00    0.00    0.00    14  postgres
11:36:26 PM 100998    138276    2.00    1.00    0.00    1.00    3.00    12  postgres

11:36:26 PM   UID       PID    %usr %system  %guest   %wait    %CPU   CPU  Command
11:36:27 PM 100998    137452    0.00    0.00    0.00    0.00    0.00    14  postgres
11:36:27 PM 100998    137453    0.00    0.00    0.00    0.00    0.00    10  postgres
11:36:27 PM 100998    137455    0.00    0.00    0.00    0.00    0.00    10  postgres
11:36:27 PM 100998    137456    0.00    0.00    0.00    0.00    0.00    14  postgres
11:36:27 PM 100998    138276    3.00    1.00    0.00    1.00    4.00    14  postgres

11:36:27 PM   UID       PID    %usr %system  %guest   %wait    %CPU   CPU  Command
11:36:28 PM 100998    137452    0.00    0.00    0.00    0.00    0.00    14  postgres
11:36:28 PM 100998    137453    0.00    0.00    0.00    0.00    0.00    10  postgres
11:36:28 PM 100998    137455    0.00    0.00    0.00    0.00    0.00    10  postgres
11:36:28 PM 100998    137456    0.00    0.00    0.00    0.00    0.00    14  postgres
11:36:28 PM 100998    138276    2.00    1.00    0.00    1.00    3.00    10  postgres

11:36:28 PM   UID       PID    %usr %system  %guest   %wait    %CPU   CPU  Command
11:36:29 PM 100998    137452    0.00    0.00    0.00    0.00    0.00    14  postgres
11:36:29 PM 100998    137453    0.00    0.00    0.00    0.00    0.00    12  postgres
11:36:29 PM 100998    137455    0.00    0.00    0.00    0.00    0.00    10  postgres
11:36:29 PM 100998    137456    0.00    0.00    0.00    0.00    0.00    14  postgres
11:36:29 PM 100998    138276    3.00    2.00    0.00    1.00    5.00    12  postgres

11:36:29 PM   UID       PID    %usr %system  %guest   %wait    %CPU   CPU  Command
11:36:30 PM 100998    137452    0.00    0.00    0.00    0.00    0.00    14  postgres
11:36:30 PM 100998    137453    0.00    0.00    0.00    0.00    0.00    12  postgres
11:36:30 PM 100998    137455    0.00    0.00    0.00    0.00    0.00    10  postgres
11:36:30 PM 100998    137456    0.00    0.00    0.00    0.00    0.00    14  postgres
11:36:30 PM 100998    138276    2.00    1.00    0.00    1.00    3.00    14  postgres

11:36:30 PM   UID       PID    %usr %system  %guest   %wait    %CPU   CPU  Command
11:36:31 PM 100998    137452    0.00    0.00    0.00    0.00    0.00    14  postgres
11:36:31 PM 100998    137453    0.00    0.00    0.00    0.00    0.00    10  postgres
11:36:31 PM 100998    137455    0.00    0.00    0.00    0.00    0.00    10  postgres
11:36:31 PM 100998    137456    0.00    0.00    0.00    0.00    0.00    14  postgres
11:36:31 PM 100998    138276    3.00    1.00    0.00    1.00    4.00    12  postgres

11:36:31 PM   UID       PID    %usr %system  %guest   %wait    %CPU   CPU  Command
11:36:32 PM 100998    137452    0.00    0.00    0.00    0.00    0.00    14  postgres
11:36:32 PM 100998    137453    0.00    0.00    0.00    0.00    0.00    10  postgres
11:36:32 PM 100998    137455    0.00    0.00    0.00    0.00    0.00    10  postgres
11:36:32 PM 100998    137456    0.00    0.00    0.00    0.00    0.00    14  postgres
11:36:32 PM 100998    138276    2.00    1.00    0.00    1.00    3.00    12  postgres

11:36:32 PM   UID       PID    %usr %system  %guest   %wait    %CPU   CPU  Command
11:36:33 PM 100998    137452    0.00    0.00    0.00    0.00    0.00    14  postgres
11:36:33 PM 100998    137453    0.00    0.00    0.00    0.00    0.00    12  postgres
11:36:33 PM 100998    137455    0.00    0.00    0.00    0.00    0.00    10  postgres
11:36:33 PM 100998    137456    0.00    0.00    0.00    0.00    0.00    14  postgres
11:36:33 PM 100998    138276    2.00    2.00    0.00    2.00    4.00    10  postgres

11:36:33 PM   UID       PID    %usr %system  %guest   %wait    %CPU   CPU  Command
11:36:34 PM 100998    137452    0.00    0.00    0.00    0.00    0.00    14  postgres
11:36:34 PM 100998    137453    0.00    0.00    0.00    0.00    0.00    12  postgres
11:36:34 PM 100998    137455    0.00    0.00    0.00    0.00    0.00    10  postgres
11:36:34 PM 100998    137456    0.00    0.00    0.00    0.00    0.00    14  postgres
11:36:34 PM 100998    138276    3.00    1.00    0.00    1.00    4.00    10  postgres

11:36:34 PM   UID       PID    %usr %system  %guest   %wait    %CPU   CPU  Command
11:36:35 PM 100998    137452    0.00    0.00    0.00    0.00    0.00    14  postgres
11:36:35 PM 100998    137453    0.00    0.00    0.00    0.00    0.00    12  postgres
11:36:35 PM 100998    137455    0.00    0.00    0.00    0.00    0.00    10  postgres
11:36:35 PM 100998    137456    0.00    0.00    0.00    0.00    0.00    14  postgres
11:36:35 PM 100998    138276    2.00    1.00    0.00    1.00    3.00    14  postgres

11:36:35 PM   UID       PID    %usr %system  %guest   %wait    %CPU   CPU  Command
11:36:36 PM 100998    137452    0.00    0.00    0.00    0.00    0.00    14  postgres
11:36:36 PM 100998    137453    0.00    0.00    0.00    0.00    0.00    12  postgres
11:36:36 PM 100998    137455    0.00    0.00    0.00    0.00    0.00    10  postgres
11:36:36 PM 100998    137456    0.00    0.00    0.00    0.00    0.00    14  postgres
11:36:36 PM 100998    138276    3.00    1.00    0.00    1.00    4.00    10  postgres

11:36:36 PM   UID       PID    %usr %system  %guest   %wait    %CPU   CPU  Command
11:36:37 PM 100998    137452    0.00    0.00    0.00    0.00    0.00    14  postgres
11:36:37 PM 100998    137453    0.00    0.00    0.00    0.00    0.00    14  postgres
11:36:37 PM 100998    137455    0.00    0.00    0.00    0.00    0.00    10  postgres
11:36:37 PM 100998    137456    0.00    0.00    0.00    0.00    0.00    14  postgres
11:36:37 PM 100998    138276    3.00    1.00    0.00    1.00    4.00    12  postgres

11:36:37 PM   UID       PID    %usr %system  %guest   %wait    %CPU   CPU  Command
11:36:38 PM 100998    137452    0.00    0.00    0.00    0.00    0.00    14  postgres
11:36:38 PM 100998    137453    0.00    0.00    0.00    0.00    0.00    10  postgres
11:36:38 PM 100998    137455    0.00    0.00    0.00    0.00    0.00    10  postgres
11:36:38 PM 100998    137456    0.00    0.00    0.00    0.00    0.00    14  postgres
11:36:38 PM 100998    138276    2.00    1.00    0.00    1.00    3.00    12  postgres

11:36:38 PM   UID       PID    %usr %system  %guest   %wait    %CPU   CPU  Command
11:36:39 PM 100998    137452    0.00    0.00    0.00    0.00    0.00    14  postgres
11:36:39 PM 100998    137453    0.00    0.00    0.00    0.00    0.00    12  postgres
11:36:39 PM 100998    137455    0.00    0.00    0.00    0.00    0.00    10  postgres
11:36:39 PM 100998    137456    0.00    0.00    0.00    0.00    0.00    14  postgres
11:36:39 PM 100998    138276    3.00    1.00    0.00    1.00    4.00    10  postgres

11:36:39 PM   UID       PID    %usr %system  %guest   %wait    %CPU   CPU  Command
11:36:40 PM 100998    137452    0.00    0.00    0.00    0.00    0.00    14  postgres
11:36:40 PM 100998    137453    0.00    0.00    0.00    0.00    0.00    14  postgres
11:36:40 PM 100998    137455    0.00    0.00    0.00    0.00    0.00    10  postgres
11:36:40 PM 100998    137456    0.00    0.00    0.00    0.00    0.00    14  postgres
11:36:40 PM 100998    138276    3.00    1.00    0.00    1.00    4.00    10  postgres

11:36:40 PM   UID       PID    %usr %system  %guest   %wait    %CPU   CPU  Command
11:36:41 PM 100998    137452    0.00    0.00    0.00    0.00    0.00    14  postgres
11:36:41 PM 100998    137453    0.00    0.00    0.00    0.00    0.00    10  postgres
11:36:41 PM 100998    137455    0.00    0.00    0.00    0.00    0.00    10  postgres
11:36:41 PM 100998    137456    0.00    0.00    0.00    0.00    0.00    14  postgres
11:36:41 PM 100998    138276    2.00    2.00    0.00    1.00    4.00    14  postgres

11:36:41 PM   UID       PID    %usr %system  %guest   %wait    %CPU   CPU  Command
11:36:42 PM 100998    137452    0.00    0.00    0.00    0.00    0.00    14  postgres
11:36:42 PM 100998    137453    0.00    0.00    0.00    0.00    0.00    10  postgres
11:36:42 PM 100998    137455    0.00    0.00    0.00    0.00    0.00    14  postgres
11:36:42 PM 100998    137456    0.00    0.00    0.00    0.00    0.00    14  postgres
11:36:42 PM 100998    138276    2.00    1.00    0.00    2.00    3.00    14  postgres

11:36:42 PM   UID       PID    %usr %system  %guest   %wait    %CPU   CPU  Command
11:36:43 PM 100998    137452    0.00    0.00    0.00    0.00    0.00    14  postgres
11:36:43 PM 100998    137453    0.00    0.00    0.00    0.00    0.00    12  postgres
11:36:43 PM 100998    137455    0.00    0.00    0.00    0.00    0.00    14  postgres
11:36:43 PM 100998    137456    0.00    0.00    0.00    0.00    0.00    14  postgres
11:36:43 PM 100998    138276    2.00    2.00    0.00    0.00    4.00    14  postgres

11:36:43 PM   UID       PID    %usr %system  %guest   %wait    %CPU   CPU  Command
11:36:44 PM 100998    137452    0.00    0.00    0.00    0.00    0.00    14  postgres
11:36:44 PM 100998    137453    0.00    0.00    0.00    0.00    0.00    12  postgres
11:36:44 PM 100998    137455    0.00    0.00    0.00    0.00    0.00    14  postgres
11:36:44 PM 100998    137456    0.00    0.00    0.00    0.00    0.00    14  postgres
11:36:44 PM 100998    138276    3.00    1.00    0.00    1.00    4.00    14  postgres

11:36:44 PM   UID       PID    %usr %system  %guest   %wait    %CPU   CPU  Command
11:36:45 PM 100998    137452    0.00    0.00    0.00    0.00    0.00    14  postgres
11:36:45 PM 100998    137453    0.00    0.00    0.00    0.00    0.00    12  postgres
11:36:45 PM 100998    137455    0.00    0.00    0.00    0.00    0.00    14  postgres
11:36:45 PM 100998    137456    0.00    0.00    0.00    0.00    0.00    14  postgres
11:36:45 PM 100998    138276    2.00    1.00    0.00    2.00    3.00    12  postgres

11:36:45 PM   UID       PID    %usr %system  %guest   %wait    %CPU   CPU  Command
11:36:46 PM 100998    137452    0.00    0.00    0.00    0.00    0.00    14  postgres
11:36:46 PM 100998    137453    0.00    0.00    0.00    0.00    0.00    10  postgres
11:36:46 PM 100998    137455    0.00    0.00    0.00    0.00    0.00    14  postgres
11:36:46 PM 100998    137456    0.00    0.00    0.00    0.00    0.00    14  postgres
11:36:46 PM 100998    138276    4.00    1.00    0.00    1.00    5.00    14  postgres

11:36:46 PM   UID       PID    %usr %system  %guest   %wait    %CPU   CPU  Command
11:36:47 PM 100998    137452    0.00    0.00    0.00    0.00    0.00    14  postgres
11:36:47 PM 100998    137453    0.00    0.00    0.00    0.00    0.00    12  postgres
11:36:47 PM 100998    137455    0.00    0.00    0.00    0.00    0.00    14  postgres
11:36:47 PM 100998    137456    0.00    0.00    0.00    0.00    0.00    14  postgres
11:36:47 PM 100998    138276    2.00    2.00    0.00    1.00    4.00    14  postgres

11:36:47 PM   UID       PID    %usr %system  %guest   %wait    %CPU   CPU  Command
11:36:48 PM 100998    137452    0.00    0.00    0.00    0.00    0.00    14  postgres
11:36:48 PM 100998    137453    0.00    0.00    0.00    0.00    0.00    12  postgres
11:36:48 PM 100998    137455    0.00    0.00    0.00    0.00    0.00    14  postgres
11:36:48 PM 100998    137456    0.00    0.00    0.00    0.00    0.00    14  postgres
11:36:48 PM 100998    138276    3.00    0.00    0.00    1.00    3.00    14  postgres

11:36:48 PM   UID       PID    %usr %system  %guest   %wait    %CPU   CPU  Command
11:36:49 PM 100998    137452    0.00    0.00    0.00    0.00    0.00    14  postgres
11:36:49 PM 100998    137453    0.00    0.00    0.00    0.00    0.00    10  postgres
11:36:49 PM 100998    137455    0.00    0.00    0.00    0.00    0.00    14  postgres
11:36:49 PM 100998    137456    0.00    0.00    0.00    0.00    0.00    14  postgres
11:36:49 PM 100998    138276    2.00    2.00    0.00    1.00    4.00    10  postgres

11:36:49 PM   UID       PID    %usr %system  %guest   %wait    %CPU   CPU  Command
11:36:50 PM 100998    137452    0.00    0.00    0.00    0.00    0.00    14  postgres
11:36:50 PM 100998    137453    0.00    0.00    0.00    0.00    0.00    12  postgres
11:36:50 PM 100998    137455    0.00    0.00    0.00    0.00    0.00    14  postgres
11:36:50 PM 100998    137456    0.00    0.00    0.00    0.00    0.00    14  postgres
11:36:50 PM 100998    138276    3.00    1.00    0.00    1.00    4.00    10  postgres

11:36:50 PM   UID       PID    %usr %system  %guest   %wait    %CPU   CPU  Command
11:36:51 PM 100998    137452    0.00    0.00    0.00    0.00    0.00    14  postgres
11:36:51 PM 100998    137453    0.00    0.00    0.00    0.00    0.00    12  postgres
11:36:51 PM 100998    137455    0.00    0.00    0.00    0.00    0.00    14  postgres
11:36:51 PM 100998    137456    0.00    0.00    0.00    0.00    0.00    14  postgres
11:36:51 PM 100998    138276    2.00    2.00    0.00    1.00    4.00    10  postgres

11:36:51 PM   UID       PID    %usr %system  %guest   %wait    %CPU   CPU  Command
11:36:52 PM 100998    137452    0.00    0.00    0.00    0.00    0.00    14  postgres
11:36:52 PM 100998    137453    0.00    0.00    0.00    0.00    0.00    10  postgres
11:36:52 PM 100998    137455    0.00    0.00    0.00    0.00    0.00    14  postgres
11:36:52 PM 100998    137456    0.00    0.00    0.00    0.00    0.00    14  postgres
11:36:52 PM 100998    138276    2.00    1.00    0.00    1.00    3.00    12  postgres

11:36:52 PM   UID       PID    %usr %system  %guest   %wait    %CPU   CPU  Command
11:36:53 PM 100998    137452    0.00    0.00    0.00    0.00    0.00    14  postgres
11:36:53 PM 100998    137453    0.00    0.00    0.00    0.00    0.00    10  postgres
11:36:53 PM 100998    137455    0.00    0.00    0.00    0.00    0.00    14  postgres
11:36:53 PM 100998    137456    0.00    0.00    0.00    0.00    0.00    14  postgres
11:36:53 PM 100998    138276    3.00    1.00    0.00    1.00    4.00    14  postgres

11:36:53 PM   UID       PID    %usr %system  %guest   %wait    %CPU   CPU  Command
11:36:54 PM 100998    137452    0.00    0.00    0.00    0.00    0.00    14  postgres
11:36:54 PM 100998    137453    0.00    0.00    0.00    0.00    0.00    14  postgres
11:36:54 PM 100998    137455    0.00    0.00    0.00    0.00    0.00    14  postgres
11:36:54 PM 100998    137456    0.00    0.00    0.00    0.00    0.00    14  postgres
11:36:54 PM 100998    138276    2.00    1.00    0.00    1.00    3.00    12  postgres

11:36:54 PM   UID       PID    %usr %system  %guest   %wait    %CPU   CPU  Command
11:36:55 PM 100998    137452    0.00    0.00    0.00    0.00    0.00    14  postgres
11:36:55 PM 100998    137453    0.00    0.00    0.00    0.00    0.00    10  postgres
11:36:55 PM 100998    137455    0.00    0.00    0.00    0.00    0.00    14  postgres
11:36:55 PM 100998    137456    0.00    0.00    0.00    0.00    0.00    14  postgres
11:36:55 PM 100998    138276    3.00    2.00    0.00    1.00    5.00    14  postgres

11:36:55 PM   UID       PID    %usr %system  %guest   %wait    %CPU   CPU  Command
11:36:56 PM 100998    137452    0.00    0.00    0.00    0.00    0.00    14  postgres
11:36:56 PM 100998    137453    0.00    0.00    0.00    0.00    0.00    10  postgres
11:36:56 PM 100998    137455    0.00    0.00    0.00    0.00    0.00    14  postgres
11:36:56 PM 100998    137456    0.00    0.00    0.00    0.00    0.00    14  postgres
11:36:56 PM 100998    138276    2.00    1.00    0.00    1.00    3.00    10  postgres

11:36:56 PM   UID       PID    %usr %system  %guest   %wait    %CPU   CPU  Command
11:36:57 PM 100998    137452    0.00    0.00    0.00    0.00    0.00    14  postgres
11:36:57 PM 100998    137453    0.00    0.00    0.00    0.00    0.00    12  postgres
11:36:57 PM 100998    137455    0.00    0.00    0.00    0.00    0.00    14  postgres
11:36:57 PM 100998    137456    0.00    0.00    0.00    0.00    0.00    14  postgres
11:36:57 PM 100998    138276    3.00    1.00    0.00    1.00    4.00    10  postgres

11:36:57 PM   UID       PID    %usr %system  %guest   %wait    %CPU   CPU  Command
11:36:58 PM 100998    137452    0.00    0.00    0.00    0.00    0.00    14  postgres
11:36:58 PM 100998    137453    0.00    0.00    0.00    0.00    0.00    14  postgres
11:36:58 PM 100998    137455    0.00    0.00    0.00    0.00    0.00    14  postgres
11:36:58 PM 100998    137456    0.00    0.00    0.00    0.00    0.00    14  postgres
11:36:58 PM 100998    138276    3.00    2.00    0.00    1.00    5.00    12  postgres

11:36:58 PM   UID       PID    %usr %system  %guest   %wait    %CPU   CPU  Command
11:36:59 PM 100998    137452    0.00    0.00    0.00    0.00    0.00    14  postgres
11:36:59 PM 100998    137453    0.00    0.00    0.00    0.00    0.00    12  postgres
11:36:59 PM 100998    137455    0.00    0.00    0.00    0.00    0.00    14  postgres
11:36:59 PM 100998    137456    0.00    0.00    0.00    0.00    0.00    14  postgres
11:36:59 PM 100998    138276    2.00    1.00    0.00    2.00    3.00    14  postgres

11:36:59 PM   UID       PID    %usr %system  %guest   %wait    %CPU   CPU  Command
11:37:00 PM 100998    137452    0.00    0.00    0.00    0.00    0.00    14  postgres
11:37:00 PM 100998    137453    0.00    0.00    0.00    0.00    0.00    14  postgres
11:37:00 PM 100998    137455    0.00    0.00    0.00    0.00    0.00    14  postgres
11:37:00 PM 100998    137456    0.00    0.00    0.00    0.00    0.00    14  postgres
11:37:00 PM 100998    138276    3.00    2.00    0.00    1.00    5.00    12  postgres

11:37:00 PM   UID       PID    %usr %system  %guest   %wait    %CPU   CPU  Command
11:37:01 PM 100998    137452    0.00    0.00    0.00    0.00    0.00    14  postgres
11:37:01 PM 100998    137453    0.00    0.00    0.00    0.00    0.00    12  postgres
11:37:01 PM 100998    137455    0.00    0.00    0.00    0.00    0.00    14  postgres
11:37:01 PM 100998    137456    0.00    0.00    0.00    0.00    0.00    14  postgres
11:37:01 PM 100998    138276    3.00    1.00    0.00    1.00    4.00    12  postgres

11:37:01 PM   UID       PID    %usr %system  %guest   %wait    %CPU   CPU  Command
11:37:02 PM 100998    137452    0.00    0.00    0.00    0.00    0.00    14  postgres
11:37:02 PM 100998    137453    0.00    0.00    0.00    0.00    0.00    10  postgres
11:37:02 PM 100998    137455    0.00    0.00    0.00    0.00    0.00    14  postgres
11:37:02 PM 100998    137456    0.00    0.00    0.00    0.00    0.00    14  postgres
11:37:02 PM 100998    138276    2.00    2.00    0.00    2.00    4.00    10  postgres

11:37:02 PM   UID       PID    %usr %system  %guest   %wait    %CPU   CPU  Command
11:37:03 PM 100998    137452    0.00    0.00    0.00    0.00    0.00    14  postgres
11:37:03 PM 100998    137453    0.00    0.00    0.00    0.00    0.00    12  postgres
11:37:03 PM 100998    137455    0.00    0.00    0.00    0.00    0.00    14  postgres
11:37:03 PM 100998    137456    0.00    0.00    0.00    0.00    0.00    14  postgres
11:37:03 PM 100998    138276    3.00    1.00    0.00    1.00    4.00    12  postgres

11:37:03 PM   UID       PID    %usr %system  %guest   %wait    %CPU   CPU  Command
11:37:04 PM 100998    137452    0.00    0.00    0.00    0.00    0.00    14  postgres
11:37:04 PM 100998    137453    0.00    0.00    0.00    0.00    0.00    14  postgres
11:37:04 PM 100998    137455    0.00    0.00    0.00    0.00    0.00    14  postgres
11:37:04 PM 100998    137456    0.00    0.00    0.00    0.00    0.00    14  postgres
11:37:04 PM 100998    138276    1.98    0.99    0.00    0.99    2.97    14  postgres

11:37:04 PM   UID       PID    %usr %system  %guest   %wait    %CPU   CPU  Command
11:37:05 PM 100998    137452    0.00    0.00    0.00    0.00    0.00    14  postgres
11:37:05 PM 100998    137453    0.00    0.00    0.00    0.00    0.00    10  postgres
11:37:05 PM 100998    137455    0.00    0.00    0.00    0.00    0.00    14  postgres
11:37:05 PM 100998    137456    0.00    0.00    0.00    0.00    0.00    14  postgres
11:37:05 PM 100998    138276    3.00    2.00    0.00    1.00    5.00    12  postgres

11:37:05 PM   UID       PID    %usr %system  %guest   %wait    %CPU   CPU  Command
11:37:06 PM 100998    137452    0.00    0.00    0.00    0.00    0.00    14  postgres
11:37:06 PM 100998    137453    0.00    0.00    0.00    0.00    0.00    10  postgres
11:37:06 PM 100998    137455    0.00    0.00    0.00    0.00    0.00    14  postgres
11:37:06 PM 100998    137456    0.00    0.00    0.00    0.00    0.00    14  postgres
11:37:06 PM 100998    138276    2.00    1.00    0.00    1.00    3.00    14  postgres

11:37:06 PM   UID       PID    %usr %system  %guest   %wait    %CPU   CPU  Command
11:37:07 PM 100998    137452    0.00    0.00    0.00    0.00    0.00    14  postgres
11:37:07 PM 100998    137453    0.00    0.00    0.00    0.00    0.00    10  postgres
11:37:07 PM 100998    137455    0.00    0.00    0.00    0.00    0.00    14  postgres
11:37:07 PM 100998    137456    0.00    0.00    0.00    0.00    0.00    14  postgres
11:37:07 PM 100998    138276    3.00    1.00    0.00    2.00    4.00    10  postgres

11:37:07 PM   UID       PID    %usr %system  %guest   %wait    %CPU   CPU  Command
11:37:08 PM 100998    137452    0.00    0.00    0.00    0.00    0.00    14  postgres
11:37:08 PM 100998    137453    0.00    0.00    0.00    0.00    0.00    12  postgres
11:37:08 PM 100998    137455    0.00    0.00    0.00    0.00    0.00    14  postgres
11:37:08 PM 100998    137456    0.00    0.00    0.00    0.00    0.00    14  postgres
11:37:08 PM 100998    138276    2.00    3.00    0.00    1.00    5.00    14  postgres

11:37:08 PM   UID       PID    %usr %system  %guest   %wait    %CPU   CPU  Command
11:37:09 PM 100998    137452    0.00    0.00    0.00    0.00    0.00    14  postgres
11:37:09 PM 100998    137453    0.00    0.00    0.00    0.00    0.00    12  postgres
11:37:09 PM 100998    137455    0.00    0.00    0.00    0.00    0.00    14  postgres
11:37:09 PM 100998    137456    0.00    0.00    0.00    0.00    0.00    14  postgres
11:37:09 PM 100998    138276    2.00    2.00    0.00    2.00    4.00    10  postgres

11:37:09 PM   UID       PID    %usr %system  %guest   %wait    %CPU   CPU  Command
11:37:10 PM 100998    137452    0.00    0.00    0.00    0.00    0.00    14  postgres
11:37:10 PM 100998    137453    0.00    0.00    0.00    0.00    0.00    14  postgres
11:37:10 PM 100998    137455    0.00    0.00    0.00    0.00    0.00    14  postgres
11:37:10 PM 100998    137456    0.00    0.00    0.00    0.00    0.00    14  postgres
11:37:10 PM 100998    138276    3.00    1.00    0.00    1.00    4.00    14  postgres

11:37:10 PM   UID       PID    %usr %system  %guest   %wait    %CPU   CPU  Command
11:37:11 PM 100998    137452    0.00    0.00    0.00    0.00    0.00    14  postgres
11:37:11 PM 100998    137453    0.00    0.00    0.00    0.00    0.00    14  postgres
11:37:11 PM 100998    137455    0.00    0.00    0.00    0.00    0.00    14  postgres
11:37:11 PM 100998    137456    0.00    0.00    0.00    0.00    0.00    14  postgres
11:37:11 PM 100998    138276    2.00    2.00    0.00    1.00    4.00    12  postgres

11:37:11 PM   UID       PID    %usr %system  %guest   %wait    %CPU   CPU  Command
11:37:12 PM 100998    137452    0.00    0.00    0.00    0.00    0.00    14  postgres
11:37:12 PM 100998    137453    0.00    0.00    0.00    0.00    0.00    10  postgres
11:37:12 PM 100998    137455    0.00    0.00    0.00    0.00    0.00    12  postgres
11:37:12 PM 100998    137456    0.00    0.00    0.00    0.00    0.00    14  postgres
11:37:12 PM 100998    138276    3.00    1.00    0.00    1.00    4.00    14  postgres

11:37:12 PM   UID       PID    %usr %system  %guest   %wait    %CPU   CPU  Command
11:37:13 PM 100998    137452    0.00    0.00    0.00    0.00    0.00    14  postgres
11:37:13 PM 100998    137453    0.00    0.00    0.00    0.00    0.00    10  postgres
11:37:13 PM 100998    137455    0.00    0.00    0.00    0.00    0.00    12  postgres
11:37:13 PM 100998    137456    0.00    0.00    0.00    0.00    0.00    14  postgres
11:37:13 PM 100998    138276    3.00    2.00    0.00    2.00    5.00    10  postgres

11:37:13 PM   UID       PID    %usr %system  %guest   %wait    %CPU   CPU  Command
11:37:14 PM 100998    137452    0.00    0.00    0.00    0.00    0.00    14  postgres
11:37:14 PM 100998    137453    0.00    0.00    0.00    0.00    0.00    12  postgres
11:37:14 PM 100998    137455    0.00    0.00    0.00    0.00    0.00    12  postgres
11:37:14 PM 100998    137456    0.00    0.00    0.00    0.00    0.00    14  postgres
11:37:14 PM 100998    138276    3.00    1.00    0.00    1.00    4.00    10  postgres

11:37:14 PM   UID       PID    %usr %system  %guest   %wait    %CPU   CPU  Command
11:37:15 PM 100998    137452    0.00    0.00    0.00    0.00    0.00    14  postgres
11:37:15 PM 100998    137453    0.00    0.00    0.00    0.00    0.00    12  postgres
11:37:15 PM 100998    137455    0.00    0.00    0.00    0.00    0.00    12  postgres
11:37:15 PM 100998    137456    0.00    0.00    0.00    0.00    0.00    14  postgres
11:37:15 PM 100998    138276    2.00    1.00    0.00    2.00    3.00    14  postgres

11:37:15 PM   UID       PID    %usr %system  %guest   %wait    %CPU   CPU  Command
11:37:16 PM 100998    137452    0.00    0.00    0.00    0.00    0.00    14  postgres
11:37:16 PM 100998    137453    0.00    0.00    0.00    0.00    0.00    10  postgres
11:37:16 PM 100998    137455    0.00    0.00    0.00    0.00    0.00    12  postgres
11:37:16 PM 100998    137456    0.00    0.00    0.00    0.00    0.00    14  postgres
11:37:16 PM 100998    138276    2.00    2.00    0.00    1.00    4.00    10  postgres

11:37:16 PM   UID       PID    %usr %system  %guest   %wait    %CPU   CPU  Command
11:37:17 PM 100998    137452    0.00    0.00    0.00    0.00    0.00    14  postgres
11:37:17 PM 100998    137453    0.00    0.00    0.00    0.00    0.00    12  postgres
11:37:17 PM 100998    137455    0.00    0.00    0.00    0.00    0.00    10  postgres
11:37:17 PM 100998    137456    0.00    0.00    0.00    0.00    0.00    14  postgres
11:37:17 PM 100998    138276    3.00    2.00    0.00    2.00    5.00    12  postgres

11:37:17 PM   UID       PID    %usr %system  %guest   %wait    %CPU   CPU  Command
11:37:18 PM 100998    137452    0.00    0.00    0.00    0.00    0.00    14  postgres
11:37:18 PM 100998    137453    0.00    0.00    0.00    0.00    0.00    12  postgres
11:37:18 PM 100998    137455    0.00    0.00    0.00    0.00    0.00    10  postgres
11:37:18 PM 100998    137456    0.00    0.00    0.00    0.00    0.00    14  postgres
11:37:18 PM 100998    138276    2.00    2.00    0.00    1.00    4.00    12  postgres

11:37:18 PM   UID       PID    %usr %system  %guest   %wait    %CPU   CPU  Command
11:37:19 PM 100998    137452    0.00    0.00    0.00    0.00    0.00    14  postgres
11:37:19 PM 100998    137453    0.00    0.00    0.00    0.00    0.00    14  postgres
11:37:19 PM 100998    137455    0.00    0.00    0.00    0.00    0.00    10  postgres
11:37:19 PM 100998    137456    0.00    0.00    0.00    0.00    0.00    14  postgres
11:37:19 PM 100998    138276    3.00    1.00    0.00    1.00    4.00    12  postgres

11:37:19 PM   UID       PID    %usr %system  %guest   %wait    %CPU   CPU  Command
11:37:20 PM 100998    137452    0.00    0.00    0.00    0.00    0.00    14  postgres
11:37:20 PM 100998    137453    0.00    0.00    0.00    0.00    0.00    10  postgres
11:37:20 PM 100998    137455    0.00    0.00    0.00    0.00    0.00    10  postgres
11:37:20 PM 100998    137456    0.00    0.00    0.00    0.00    0.00    14  postgres
11:37:20 PM 100998    138276    2.00    2.00    0.00    2.00    4.00    14  postgres

11:37:20 PM   UID       PID    %usr %system  %guest   %wait    %CPU   CPU  Command
11:37:21 PM 100998    137452    0.00    0.00    0.00    0.00    0.00    14  postgres
11:37:21 PM 100998    137453    0.00    0.00    0.00    0.00    0.00    10  postgres
11:37:21 PM 100998    137455    0.00    0.00    0.00    0.00    0.00    10  postgres
11:37:21 PM 100998    137456    0.00    0.00    0.00    0.00    0.00    14  postgres
11:37:21 PM 100998    138276    3.00    1.00    0.00    1.00    4.00    12  postgres

11:37:21 PM   UID       PID    %usr %system  %guest   %wait    %CPU   CPU  Command
11:37:22 PM 100998    137452    0.00    0.00    0.00    0.00    0.00    14  postgres
11:37:22 PM 100998    137453    0.00    0.00    0.00    0.00    0.00    14  postgres
11:37:22 PM 100998    137455    0.00    0.00    0.00    0.00    0.00    10  postgres
11:37:22 PM 100998    137456    0.00    0.00    0.00    0.00    0.00    14  postgres
11:37:22 PM 100998    138276    3.00    1.00    0.00    1.00    4.00    12  postgres

11:37:22 PM   UID       PID    %usr %system  %guest   %wait    %CPU   CPU  Command
11:37:23 PM 100998    137452    0.00    0.00    0.00    0.00    0.00    14  postgres
11:37:23 PM 100998    137453    0.00    0.00    0.00    0.00    0.00    14  postgres
11:37:23 PM 100998    137455    0.00    0.00    0.00    0.00    0.00    10  postgres
11:37:23 PM 100998    137456    0.00    0.00    0.00    0.00    0.00    14  postgres
11:37:23 PM 100998    138276    3.00    2.00    0.00    2.00    5.00    14  postgres

11:37:23 PM   UID       PID    %usr %system  %guest   %wait    %CPU   CPU  Command
11:37:24 PM 100998    137452    0.00    0.00    0.00    0.00    0.00    14  postgres
11:37:24 PM 100998    137453    0.00    0.00    0.00    0.00    0.00    10  postgres
11:37:24 PM 100998    137455    0.00    0.00    0.00    0.00    0.00    10  postgres
11:37:24 PM 100998    137456    0.00    0.00    0.00    0.00    0.00    14  postgres
11:37:24 PM 100998    138276    3.00    1.00    0.00    1.00    4.00    14  postgres

11:37:24 PM   UID       PID    %usr %system  %guest   %wait    %CPU   CPU  Command
11:37:25 PM 100998    137452    0.00    0.00    0.00    0.00    0.00    14  postgres
11:37:25 PM 100998    137453    0.00    0.00    0.00    0.00    0.00    12  postgres
11:37:25 PM 100998    137455    0.00    0.00    0.00    0.00    0.00    10  postgres
11:37:25 PM 100998    137456    0.00    0.00    0.00    0.00    0.00    14  postgres
11:37:25 PM 100998    138276    2.00    2.00    0.00    2.00    4.00    14  postgres

11:37:25 PM   UID       PID    %usr %system  %guest   %wait    %CPU   CPU  Command
11:37:26 PM 100998    137452    0.00    0.00    0.00    0.00    0.00    14  postgres
11:37:26 PM 100998    137453    0.00    0.00    0.00    0.00    0.00    10  postgres
11:37:26 PM 100998    137455    0.00    0.00    0.00    0.00    0.00    10  postgres
11:37:26 PM 100998    137456    0.00    0.00    0.00    0.00    0.00    14  postgres
11:37:26 PM 100998    138276    2.00    2.00    0.00    1.00    4.00    10  postgres

11:37:26 PM   UID       PID    %usr %system  %guest   %wait    %CPU   CPU  Command
11:37:27 PM 100998    137452    0.00    0.00    0.00    0.00    0.00    14  postgres
11:37:27 PM 100998    137453    0.00    0.00    0.00    0.00    0.00    10  postgres
11:37:27 PM 100998    137455    0.00    0.00    0.00    0.00    0.00    10  postgres
11:37:27 PM 100998    137456    0.00    0.00    0.00    0.00    0.00    14  postgres
11:37:27 PM 100998    138276    3.00    1.00    0.00    2.00    4.00    14  postgres

11:37:27 PM   UID       PID    %usr %system  %guest   %wait    %CPU   CPU  Command
11:37:28 PM 100998    137452    0.00    0.00    0.00    0.00    0.00    14  postgres
11:37:28 PM 100998    137453    0.00    0.00    0.00    0.00    0.00    12  postgres
11:37:28 PM 100998    137455    0.00    0.00    0.00    0.00    0.00    10  postgres
11:37:28 PM 100998    137456    0.00    0.00    0.00    0.00    0.00    14  postgres
11:37:28 PM 100998    138276    3.00    1.00    0.00    1.00    4.00    14  postgres

11:37:28 PM   UID       PID    %usr %system  %guest   %wait    %CPU   CPU  Command
11:37:29 PM 100998    137452    0.00    0.00    0.00    0.00    0.00    14  postgres
11:37:29 PM 100998    137453    0.00    0.00    0.00    0.00    0.00    14  postgres
11:37:29 PM 100998    137455    0.00    0.00    0.00    0.00    0.00    10  postgres
11:37:29 PM 100998    137456    0.00    0.00    0.00    0.00    0.00    14  postgres
11:37:29 PM 100998    138276    3.00    2.00    0.00    2.00    5.00    14  postgres

11:37:29 PM   UID       PID    %usr %system  %guest   %wait    %CPU   CPU  Command
11:37:30 PM 100998    137452    0.00    0.00    0.00    0.00    0.00    14  postgres
11:37:30 PM 100998    137453    0.00    0.00    0.00    0.00    0.00    10  postgres
11:37:30 PM 100998    137455    0.00    0.00    0.00    0.00    0.00    10  postgres
11:37:30 PM 100998    137456    0.00    0.00    0.00    0.00    0.00    14  postgres
11:37:30 PM 100998    138276    2.00    1.00    0.00    1.00    3.00    14  postgres

11:37:30 PM   UID       PID    %usr %system  %guest   %wait    %CPU   CPU  Command
11:37:31 PM 100998    137452    0.00    0.00    0.00    0.00    0.00    14  postgres
11:37:31 PM 100998    137453    0.00    0.00    0.00    0.00    0.00    12  postgres
11:37:31 PM 100998    137455    0.00    0.00    0.00    0.00    0.00    10  postgres
11:37:31 PM 100998    137456    0.00    0.00    0.00    0.00    0.00    14  postgres
11:37:31 PM 100998    138276    3.00    2.00    0.00    2.00    5.00    12  postgres

11:37:31 PM   UID       PID    %usr %system  %guest   %wait    %CPU   CPU  Command
11:37:32 PM 100998    137452    0.00    0.00    0.00    0.00    0.00    14  postgres
11:37:32 PM 100998    137453    0.00    0.00    0.00    0.00    0.00    14  postgres
11:37:32 PM 100998    137455    0.00    0.00    0.00    0.00    0.00    10  postgres
11:37:32 PM 100998    137456    0.00    0.00    0.00    0.00    0.00    14  postgres
11:37:32 PM 100998    138276    3.00    1.00    0.00    1.00    4.00    10  postgres

11:37:32 PM   UID       PID    %usr %system  %guest   %wait    %CPU   CPU  Command
11:37:33 PM 100998    137452    0.00    0.00    0.00    0.00    0.00    14  postgres
11:37:33 PM 100998    137453    0.00    0.00    0.00    0.00    0.00    14  postgres
11:37:33 PM 100998    137455    0.00    0.00    0.00    0.00    0.00    10  postgres
11:37:33 PM 100998    137456    0.00    0.00    0.00    0.00    0.00    14  postgres
11:37:33 PM 100998    138276    3.00    2.00    0.00    2.00    5.00    14  postgres

11:37:33 PM   UID       PID    %usr %system  %guest   %wait    %CPU   CPU  Command
11:37:34 PM 100998    137452    0.00    0.00    0.00    0.00    0.00    14  postgres
11:37:34 PM 100998    137453    0.00    0.00    0.00    0.00    0.00    12  postgres
11:37:34 PM 100998    137455    0.00    0.00    0.00    0.00    0.00    10  postgres
11:37:34 PM 100998    137456    0.00    0.00    0.00    0.00    0.00    14  postgres
11:37:34 PM 100998    138276    3.00    1.00    0.00    2.00    4.00    12  postgres

11:37:34 PM   UID       PID    %usr %system  %guest   %wait    %CPU   CPU  Command
11:37:35 PM 100998    137452    0.00    0.00    0.00    0.00    0.00    14  postgres
11:37:35 PM 100998    137453    0.00    0.00    0.00    0.00    0.00    14  postgres
11:37:35 PM 100998    137455    0.00    0.00    0.00    0.00    0.00    10  postgres
11:37:35 PM 100998    137456    0.00    0.00    0.00    0.00    0.00    14  postgres
11:37:35 PM 100998    138276    2.00    2.00    0.00    1.00    4.00    10  postgres

11:37:35 PM   UID       PID    %usr %system  %guest   %wait    %CPU   CPU  Command
11:37:36 PM 100998    137452    0.00    0.00    0.00    0.00    0.00    14  postgres
11:37:36 PM 100998    137453    0.00    0.00    0.00    0.00    0.00    12  postgres
11:37:36 PM 100998    137455    0.00    0.00    0.00    0.00    0.00    10  postgres
11:37:36 PM 100998    137456    0.00    0.00    0.00    0.00    0.00    14  postgres
11:37:36 PM 100998    138276    3.00    1.00    0.00    2.00    4.00    12  postgres

11:37:36 PM   UID       PID    %usr %system  %guest   %wait    %CPU   CPU  Command
11:37:37 PM 100998    137452    0.00    0.00    0.00    0.00    0.00    14  postgres
11:37:37 PM 100998    137453    0.00    0.00    0.00    0.00    0.00    12  postgres
11:37:37 PM 100998    137455    0.00    0.00    0.00    0.00    0.00    12  postgres
11:37:37 PM 100998    137456    0.00    0.00    0.00    0.00    0.00    14  postgres
11:37:37 PM 100998    138276    3.00    2.00    0.00    2.00    5.00    12  postgres

11:37:37 PM   UID       PID    %usr %system  %guest   %wait    %CPU   CPU  Command
11:37:38 PM 100998    137452    0.00    0.00    0.00    0.00    0.00    14  postgres
11:37:38 PM 100998    137453    0.00    0.00    0.00    0.00    0.00    14  postgres
11:37:38 PM 100998    137455    0.00    0.00    0.00    0.00    0.00    12  postgres
11:37:38 PM 100998    137456    0.00    0.00    0.00    0.00    0.00    14  postgres
11:37:38 PM 100998    138276    3.00    1.00    0.00    1.00    4.00    10  postgres

11:37:38 PM   UID       PID    %usr %system  %guest   %wait    %CPU   CPU  Command
11:37:39 PM 100998    137452    0.00    0.00    0.00    0.00    0.00    14  postgres
11:37:39 PM 100998    137453    0.00    0.00    0.00    0.00    0.00    14  postgres
11:37:39 PM 100998    137455    0.00    0.00    0.00    0.00    0.00    12  postgres
11:37:39 PM 100998    137456    0.00    0.00    0.00    0.00    0.00    14  postgres
11:37:39 PM 100998    138276    3.00    1.00    0.00    2.00    4.00    10  postgres

11:37:39 PM   UID       PID    %usr %system  %guest   %wait    %CPU   CPU  Command
11:37:40 PM 100998    137452    0.00    0.00    0.00    0.00    0.00    14  postgres
11:37:40 PM 100998    137453    0.00    0.00    0.00    0.00    0.00    10  postgres
11:37:40 PM 100998    137455    0.00    0.00    0.00    0.00    0.00    12  postgres
11:37:40 PM 100998    137456    0.00    0.00    0.00    0.00    0.00    14  postgres
11:37:40 PM 100998    138276    3.00    2.00    0.00    1.00    5.00    14  postgres

11:37:40 PM   UID       PID    %usr %system  %guest   %wait    %CPU   CPU  Command
11:37:41 PM 100998    137452    0.00    0.00    0.00    0.00    0.00    14  postgres
11:37:41 PM 100998    137453    0.00    0.00    0.00    0.00    0.00    14  postgres
11:37:41 PM 100998    137455    0.00    0.00    0.00    0.00    0.00    12  postgres
11:37:41 PM 100998    137456    0.00    0.00    0.00    0.00    0.00    14  postgres
11:37:41 PM 100998    138276    2.00    1.00    0.00    2.00    3.00    14  postgres

11:37:41 PM   UID       PID    %usr %system  %guest   %wait    %CPU   CPU  Command
11:37:42 PM 100998    137452    0.00    0.00    0.00    0.00    0.00    14  postgres
11:37:42 PM 100998    137453    0.00    0.00    0.00    0.00    0.00    10  postgres
11:37:42 PM 100998    137455    0.00    0.00    0.00    0.00    0.00    12  postgres
11:37:42 PM 100998    137456    0.00    0.00    0.00    0.00    0.00    14  postgres
11:37:42 PM 100998    138276    3.00    2.00    0.00    1.00    5.00    10  postgres

11:37:42 PM   UID       PID    %usr %system  %guest   %wait    %CPU   CPU  Command
11:37:43 PM 100998    137452    0.00    0.00    0.00    0.00    0.00    14  postgres
11:37:43 PM 100998    137453    0.00    0.00    0.00    0.00    0.00    14  postgres
11:37:43 PM 100998    137455    0.00    0.00    0.00    0.00    0.00    12  postgres
11:37:43 PM 100998    137456    0.00    0.00    0.00    0.00    0.00    14  postgres
11:37:43 PM 100998    138276    3.00    1.00    0.00    2.00    4.00    12  postgres

11:37:43 PM   UID       PID    %usr %system  %guest   %wait    %CPU   CPU  Command
11:37:44 PM 100998    137452    0.00    0.00    0.00    0.00    0.00    14  postgres
11:37:44 PM 100998    137453    0.00    0.00    0.00    0.00    0.00    14  postgres
11:37:44 PM 100998    137455    0.00    0.00    0.00    0.00    0.00    12  postgres
11:37:44 PM 100998    137456    0.00    0.00    0.00    0.00    0.00    14  postgres
11:37:44 PM 100998    138276    3.00    1.00    0.00    1.00    4.00    14  postgres

11:37:44 PM   UID       PID    %usr %system  %guest   %wait    %CPU   CPU  Command
11:37:45 PM 100998    137452    0.00    0.00    0.00    0.00    0.00    14  postgres
11:37:45 PM 100998    137453    0.00    0.00    0.00    0.00    0.00    14  postgres
11:37:45 PM 100998    137455    0.00    0.00    0.00    0.00    0.00    12  postgres
11:37:45 PM 100998    137456    0.00    0.00    0.00    0.00    0.00    14  postgres
11:37:45 PM 100998    138276    3.00    2.00    0.00    2.00    5.00    12  postgres

11:37:45 PM   UID       PID    %usr %system  %guest   %wait    %CPU   CPU  Command
11:37:46 PM 100998    137452    0.00    0.00    0.00    0.00    0.00    14  postgres
11:37:46 PM 100998    137453    0.00    0.00    0.00    0.00    0.00    14  postgres
11:37:46 PM 100998    137455    0.00    0.00    0.00    0.00    0.00    12  postgres
11:37:46 PM 100998    137456    0.00    0.00    0.00    0.00    0.00    14  postgres
11:37:46 PM 100998    138276    2.00    1.00    0.00    1.00    3.00    12  postgres

11:37:46 PM   UID       PID    %usr %system  %guest   %wait    %CPU   CPU  Command
11:37:47 PM 100998    137452    0.00    0.00    0.00    0.00    0.00    14  postgres
11:37:47 PM 100998    137453    0.00    0.00    0.00    0.00    0.00    14  postgres
11:37:47 PM 100998    137455    0.00    0.00    0.00    0.00    0.00    12  postgres
11:37:47 PM 100998    137456    0.00    0.00    0.00    0.00    0.00    14  postgres
11:37:47 PM 100998    138276    3.00    2.00    0.00    1.00    5.00    14  postgres

11:37:47 PM   UID       PID    %usr %system  %guest   %wait    %CPU   CPU  Command
11:37:48 PM 100998    137452    0.00    0.00    0.00    0.00    0.00    14  postgres
11:37:48 PM 100998    137453    0.00    0.00    0.00    0.00    0.00    14  postgres
11:37:48 PM 100998    137455    0.00    0.00    0.00    0.00    0.00    12  postgres
11:37:48 PM 100998    137456    0.00    0.00    0.00    0.00    0.00    14  postgres
11:37:48 PM 100998    138276    4.00    1.00    0.00    2.00    5.00    10  postgres

11:37:48 PM   UID       PID    %usr %system  %guest   %wait    %CPU   CPU  Command
11:37:49 PM 100998    137452    0.00    0.00    0.00    0.00    0.00    14  postgres
11:37:49 PM 100998    137453    0.00    0.00    0.00    0.00    0.00    14  postgres
11:37:49 PM 100998    137455    0.00    0.00    0.00    0.00    0.00    12  postgres
11:37:49 PM 100998    137456    0.00    0.00    0.00    0.00    0.00    14  postgres
11:37:49 PM 100998    138276    2.00    2.00    0.00    1.00    4.00    10  postgres

11:37:49 PM   UID       PID    %usr %system  %guest   %wait    %CPU   CPU  Command
11:37:50 PM 100998    137452    0.00    0.00    0.00    0.00    0.00    14  postgres
11:37:50 PM 100998    137453    0.00    0.00    0.00    0.00    0.00    14  postgres
11:37:50 PM 100998    137455    0.00    0.00    0.00    0.00    0.00    12  postgres
11:37:50 PM 100998    137456    0.00    0.00    0.00    0.00    0.00    14  postgres
11:37:50 PM 100998    138276    3.00    2.00    0.00    2.00    5.00    10  postgres

11:37:50 PM   UID       PID    %usr %system  %guest   %wait    %CPU   CPU  Command
11:37:51 PM 100998    137452    0.00    0.00    0.00    0.00    0.00    14  postgres
11:37:51 PM 100998    137453    0.00    0.00    0.00    0.00    0.00    14  postgres
11:37:51 PM 100998    137455    0.00    0.00    0.00    0.00    0.00    12  postgres
11:37:51 PM 100998    137456    0.00    0.00    0.00    0.00    0.00    14  postgres
11:37:51 PM 100998    138276    3.00    1.00    0.00    1.00    4.00    10  postgres

11:37:51 PM   UID       PID    %usr %system  %guest   %wait    %CPU   CPU  Command
11:37:52 PM 100998    137452    0.00    0.00    0.00    0.00    0.00    14  postgres
11:37:52 PM 100998    137453    0.00    0.00    0.00    0.00    0.00    14  postgres
11:37:52 PM 100998    137455    0.00    0.00    0.00    0.00    0.00    12  postgres
11:37:52 PM 100998    137456    0.00    0.00    0.00    0.00    0.00    14  postgres
11:37:52 PM 100998    138276    3.00    1.00    0.00    2.00    4.00    12  postgres

11:37:52 PM   UID       PID    %usr %system  %guest   %wait    %CPU   CPU  Command
11:37:53 PM 100998    137452    0.00    0.00    0.00    0.00    0.00    14  postgres
11:37:53 PM 100998    137453    0.00    0.00    0.00    0.00    0.00    14  postgres
11:37:53 PM 100998    137455    0.00    0.00    0.00    0.00    0.00    12  postgres
11:37:53 PM 100998    137456    0.00    0.00    0.00    0.00    0.00    14  postgres
11:37:53 PM 100998    138276    3.00    1.00    0.00    1.00    4.00    10  postgres

11:37:53 PM   UID       PID    %usr %system  %guest   %wait    %CPU   CPU  Command
11:37:54 PM 100998    137452    0.00    0.00    0.00    0.00    0.00    14  postgres
11:37:54 PM 100998    137453    0.00    0.00    0.00    0.00    0.00    12  postgres
11:37:54 PM 100998    137455    0.00    0.00    0.00    0.00    0.00    12  postgres
11:37:54 PM 100998    137456    0.00    0.00    0.00    0.00    0.00    14  postgres
11:37:54 PM 100998    138276    2.00    2.00    0.00    2.00    4.00    12  postgres

11:37:54 PM   UID       PID    %usr %system  %guest   %wait    %CPU   CPU  Command
11:37:55 PM 100998    137452    0.00    0.00    0.00    0.00    0.00    14  postgres
11:37:55 PM 100998    137453    0.00    0.00    0.00    0.00    0.00    12  postgres
11:37:55 PM 100998    137455    0.00    0.00    0.00    0.00    0.00    12  postgres
11:37:55 PM 100998    137456    0.00    0.00    0.00    0.00    0.00    14  postgres
11:37:55 PM 100998    138276    3.00    2.00    0.00    2.00    5.00    12  postgres

11:37:55 PM   UID       PID    %usr %system  %guest   %wait    %CPU   CPU  Command
11:37:56 PM 100998    137452    0.00    0.00    0.00    0.00    0.00    14  postgres
11:37:56 PM 100998    137453    0.00    0.00    0.00    0.00    0.00    12  postgres
11:37:56 PM 100998    137455    0.00    0.00    0.00    0.00    0.00    12  postgres
11:37:56 PM 100998    137456    0.00    0.00    0.00    0.00    0.00    14  postgres
11:37:56 PM 100998    138276    3.00    1.00    0.00    1.00    4.00    14  postgres

11:37:56 PM   UID       PID    %usr %system  %guest   %wait    %CPU   CPU  Command
11:37:57 PM 100998    137452    0.00    0.00    0.00    0.00    0.00    14  postgres
11:37:57 PM 100998    137453    0.00    0.00    0.00    0.00    0.00    12  postgres
11:37:57 PM 100998    137455    0.00    0.00    0.00    0.00    0.00    12  postgres
11:37:57 PM 100998    137456    0.00    0.00    0.00    0.00    0.00    14  postgres
11:37:57 PM 100998    138276    2.00    1.00    0.00    1.00    3.00    10  postgres

11:37:57 PM   UID       PID    %usr %system  %guest   %wait    %CPU   CPU  Command
11:37:58 PM 100998    137452    0.00    0.00    0.00    0.00    0.00    14  postgres
11:37:58 PM 100998    137453    0.00    0.00    0.00    0.00    0.00    12  postgres
11:37:58 PM 100998    137455    0.00    0.00    0.00    0.00    0.00    12  postgres
11:37:58 PM 100998    137456    0.00    0.00    0.00    0.00    0.00    14  postgres
11:37:58 PM 100998    138276    3.00    1.00    0.00    2.00    4.00    12  postgres

11:37:58 PM   UID       PID    %usr %system  %guest   %wait    %CPU   CPU  Command
11:37:59 PM 100998    137452    0.00    0.00    0.00    0.00    0.00    14  postgres
11:37:59 PM 100998    137453    0.00    0.00    0.00    0.00    0.00    12  postgres
11:37:59 PM 100998    137455    0.00    0.00    0.00    0.00    0.00    12  postgres
11:37:59 PM 100998    137456    0.00    0.00    0.00    0.00    0.00    14  postgres
11:37:59 PM 100998    138276    3.00    2.00    0.00    1.00    5.00    14  postgres

11:37:59 PM   UID       PID    %usr %system  %guest   %wait    %CPU   CPU  Command
11:38:00 PM 100998    137452    0.00    0.00    0.00    0.00    0.00    14  postgres
11:38:00 PM 100998    137453    0.00    0.00    0.00    0.00    0.00    12  postgres
11:38:00 PM 100998    137455    0.00    0.00    0.00    0.00    0.00    12  postgres
11:38:00 PM 100998    137456    0.00    0.00    0.00    0.00    0.00    14  postgres
11:38:00 PM 100998    138276    3.00    1.00    0.00    2.00    4.00    14  postgres

11:38:00 PM   UID       PID    %usr %system  %guest   %wait    %CPU   CPU  Command
11:38:01 PM 100998    137452    0.00    0.00    0.00    0.00    0.00    14  postgres
11:38:01 PM 100998    137453    0.00    0.00    0.00    0.00    0.00    12  postgres
11:38:01 PM 100998    137455    0.00    0.00    0.00    0.00    0.00    12  postgres
11:38:01 PM 100998    137456    0.00    0.00    0.00    0.00    0.00    14  postgres
11:38:01 PM 100998    138276    3.00    2.00    0.00    1.00    5.00    10  postgres

11:38:01 PM   UID       PID    %usr %system  %guest   %wait    %CPU   CPU  Command
11:38:02 PM 100998    137452    0.00    0.00    0.00    0.00    0.00    14  postgres
11:38:02 PM 100998    137453    0.00    0.00    0.00    0.00    0.00    12  postgres
11:38:02 PM 100998    137455    0.00    0.00    0.00    0.00    0.00    12  postgres
11:38:02 PM 100998    137456    0.00    0.00    0.00    0.00    0.00    14  postgres
11:38:02 PM 100998    138276    2.00    1.00    0.00    2.00    3.00    10  postgres

11:38:02 PM   UID       PID    %usr %system  %guest   %wait    %CPU   CPU  Command
11:38:03 PM 100998    137452    0.00    0.00    0.00    0.00    0.00    14  postgres
11:38:03 PM 100998    137453    0.00    0.00    0.00    0.00    0.00    12  postgres
11:38:03 PM 100998    137455    0.00    0.00    0.00    0.00    0.00    12  postgres
11:38:03 PM 100998    137456    0.00    0.00    0.00    0.00    0.00    14  postgres
11:38:03 PM 100998    138276    3.00    2.00    0.00    1.00    5.00    12  postgres

11:38:03 PM   UID       PID    %usr %system  %guest   %wait    %CPU   CPU  Command
11:38:04 PM 100998    137452    0.00    0.00    0.00    0.00    0.00    14  postgres
11:38:04 PM 100998    137453    0.00    0.00    0.00    0.00    0.00    12  postgres
11:38:04 PM 100998    137455    0.00    0.00    0.00    0.00    0.00    12  postgres
11:38:04 PM 100998    137456    0.00    0.00    0.00    0.00    0.00    14  postgres
11:38:04 PM 100998    138276    3.00    1.00    0.00    2.00    4.00    10  postgres

11:38:04 PM   UID       PID    %usr %system  %guest   %wait    %CPU   CPU  Command
11:38:05 PM 100998    137452    0.00    0.00    0.00    0.00    0.00    14  postgres
11:38:05 PM 100998    137453    0.00    0.00    0.00    0.00    0.00    12  postgres
11:38:05 PM 100998    137455    0.00    0.00    0.00    0.00    0.00    12  postgres
11:38:05 PM 100998    137456    0.00    0.00    0.00    0.00    0.00    14  postgres
11:38:05 PM 100998    138276    3.00    2.00    0.00    1.00    5.00    10  postgres

11:38:05 PM   UID       PID    %usr %system  %guest   %wait    %CPU   CPU  Command
11:38:06 PM 100998    137452    0.00    0.00    0.00    0.00    0.00    14  postgres
11:38:06 PM 100998    137453    0.00    0.00    0.00    0.00    0.00    12  postgres
11:38:06 PM 100998    137455    0.00    0.00    0.00    0.00    0.00    12  postgres
11:38:06 PM 100998    137456    0.00    0.00    0.00    0.00    0.00    14  postgres
11:38:06 PM 100998    138276    2.00    1.00    0.00    2.00    3.00    12  postgres

11:38:06 PM   UID       PID    %usr %system  %guest   %wait    %CPU   CPU  Command
11:38:07 PM 100998    137452    0.00    0.00    0.00    0.00    0.00    14  postgres
11:38:07 PM 100998    137453    0.00    0.00    0.00    0.00    0.00    12  postgres
11:38:07 PM 100998    137455    0.00    0.00    0.00    0.00    0.00    10  postgres
11:38:07 PM 100998    137456    0.00    0.00    0.00    0.00    0.00    14  postgres
11:38:07 PM 100998    138276    3.00    2.00    0.00    2.00    5.00    14  postgres

11:38:07 PM   UID       PID    %usr %system  %guest   %wait    %CPU   CPU  Command
11:38:08 PM 100998    137452    0.00    0.00    0.00    0.00    0.00    14  postgres
11:38:08 PM 100998    137453    0.00    0.00    0.00    0.00    0.00    12  postgres
11:38:08 PM 100998    137455    0.00    0.00    0.00    0.00    0.00    10  postgres
11:38:08 PM 100998    137456    0.00    0.00    0.00    0.00    0.00    14  postgres
11:38:08 PM 100998    138276    2.00    2.00    0.00    1.00    4.00    12  postgres

11:38:08 PM   UID       PID    %usr %system  %guest   %wait    %CPU   CPU  Command
11:38:09 PM 100998    137452    0.00    0.00    0.00    0.00    0.00    14  postgres
11:38:09 PM 100998    137453    0.00    0.00    0.00    0.00    0.00    12  postgres
11:38:09 PM 100998    137455    0.00    0.00    0.00    0.00    0.00    10  postgres
11:38:09 PM 100998    137456    0.00    0.00    0.00    0.00    0.00    14  postgres
11:38:09 PM 100998    138276    3.00    1.00    0.00    2.00    4.00    14  postgres

11:38:09 PM   UID       PID    %usr %system  %guest   %wait    %CPU   CPU  Command
11:38:10 PM 100998    137452    0.00    0.00    0.00    0.00    0.00    14  postgres
11:38:10 PM 100998    137453    0.00    0.00    0.00    0.00    0.00    12  postgres
11:38:10 PM 100998    137455    0.00    0.00    0.00    0.00    0.00    10  postgres
11:38:10 PM 100998    137456    0.00    0.00    0.00    0.00    0.00    14  postgres
11:38:10 PM 100998    138276    3.00    2.00    0.00    1.00    5.00    14  postgres

11:38:10 PM   UID       PID    %usr %system  %guest   %wait    %CPU   CPU  Command
11:38:11 PM 100998    137452    0.00    0.00    0.00    0.00    0.00    14  postgres
11:38:11 PM 100998    137453    0.00    0.00    0.00    0.00    0.00    12  postgres
11:38:11 PM 100998    137455    0.00    0.00    0.00    0.00    0.00    10  postgres
11:38:11 PM 100998    137456    0.00    0.00    0.00    0.00    0.00    14  postgres
11:38:11 PM 100998    138276    0.00    0.00    0.00    0.00    0.00    10  postgres

11:38:11 PM   UID       PID    %usr %system  %guest   %wait    %CPU   CPU  Command
11:38:12 PM 100998    137452    0.00    0.00    0.00    0.00    0.00    14  postgres
11:38:12 PM 100998    137453    0.00    0.00    0.00    0.00    0.00    12  postgres
11:38:12 PM 100998    137455    0.00    0.00    0.00    0.00    0.00    10  postgres
11:38:12 PM 100998    137456    0.00    0.00    0.00    0.00    0.00    14  postgres
11:38:12 PM 100998    138276    0.00    0.00    0.00    0.00    0.00    10  postgres

11:38:12 PM   UID       PID    %usr %system  %guest   %wait    %CPU   CPU  Command
11:38:13 PM 100998    137452    0.00    0.00    0.00    0.00    0.00    14  postgres
11:38:13 PM 100998    137453    0.00    0.00    0.00    0.00    0.00    12  postgres
11:38:13 PM 100998    137455    0.00    0.00    0.00    0.00    0.00    10  postgres
11:38:13 PM 100998    137456    0.00    0.00    0.00    0.00    0.00    14  postgres
11:38:13 PM 100998    138276    0.00    0.00    0.00    0.00    0.00    10  postgres

11:38:13 PM   UID       PID    %usr %system  %guest   %wait    %CPU   CPU  Command
11:38:14 PM 100998    137452    0.00    0.00    0.00    0.00    0.00    14  postgres
11:38:14 PM 100998    137453    0.00    0.00    0.00    0.00    0.00    12  postgres
11:38:14 PM 100998    137455    0.00    0.00    0.00    0.00    0.00    10  postgres
11:38:14 PM 100998    137456    0.00    0.00    0.00    0.00    0.00    14  postgres
11:38:14 PM 100998    138276    0.00    0.00    0.00    0.00    0.00    10  postgres

11:38:14 PM   UID       PID    %usr %system  %guest   %wait    %CPU   CPU  Command
11:38:15 PM 100998    137452    0.00    0.00    0.00    0.00    0.00    14  postgres
11:38:15 PM 100998    137453    0.00    0.00    0.00    0.00    0.00    12  postgres
11:38:15 PM 100998    137455    0.00    0.00    0.00    0.00    0.00    10  postgres
11:38:15 PM 100998    137456    0.00    0.00    0.00    0.00    0.00    14  postgres
11:38:15 PM 100998    138276    0.00    0.00    0.00    0.00    0.00    10  postgres

11:38:15 PM   UID       PID    %usr %system  %guest   %wait    %CPU   CPU  Command
11:38:16 PM 100998    137452    0.00    0.00    0.00    0.00    0.00    14  postgres
11:38:16 PM 100998    137453    0.00    0.00    0.00    0.00    0.00    12  postgres
11:38:16 PM 100998    137455    0.00    0.00    0.00    0.00    0.00    10  postgres
11:38:16 PM 100998    137456    0.00    0.00    0.00    0.00    0.00    14  postgres
11:38:16 PM 100998    138276    0.00    0.00    0.00    0.00    0.00    10  postgres

11:38:16 PM   UID       PID    %usr %system  %guest   %wait    %CPU   CPU  Command
11:38:17 PM 100998    137452    0.00    0.00    0.00    0.00    0.00    14  postgres
11:38:17 PM 100998    137453    0.00    0.00    0.00    0.00    0.00    12  postgres
11:38:17 PM 100998    137455    0.00    0.00    0.00    0.00    0.00    10  postgres
11:38:17 PM 100998    137456    0.00    0.00    0.00    0.00    0.00    14  postgres
11:38:17 PM 100998    138276    0.00    0.00    0.00    0.00    0.00    10  postgres

11:38:17 PM   UID       PID    %usr %system  %guest   %wait    %CPU   CPU  Command
11:38:18 PM 100998    137452    0.00    0.00    0.00    0.00    0.00    14  postgres
11:38:18 PM 100998    137453    0.00    0.00    0.00    0.00    0.00    12  postgres
11:38:18 PM 100998    137455    0.00    0.00    0.00    0.00    0.00    10  postgres
11:38:18 PM 100998    137456    0.00    0.00    0.00    0.00    0.00    14  postgres
11:38:18 PM 100998    138276    0.00    0.00    0.00    0.00    0.00    10  postgres

11:38:18 PM   UID       PID    %usr %system  %guest   %wait    %CPU   CPU  Command
11:38:19 PM 100998    137452    0.00    0.00    0.00    0.00    0.00    14  postgres
11:38:19 PM 100998    137453    0.00    0.00    0.00    0.00    0.00    12  postgres
11:38:19 PM 100998    137455    0.00    0.00    0.00    0.00    0.00    10  postgres
11:38:19 PM 100998    137456    0.00    0.00    0.00    0.00    0.00    14  postgres
11:38:19 PM 100998    138276    0.00    0.00    0.00    0.00    0.00    10  postgres

11:38:19 PM   UID       PID    %usr %system  %guest   %wait    %CPU   CPU  Command
11:38:20 PM 100998    137452    0.00    0.00    0.00    0.00    0.00    14  postgres
11:38:20 PM 100998    137453    0.00    0.00    0.00    0.00    0.00    12  postgres
11:38:20 PM 100998    137455    0.00    0.00    0.00    0.00    0.00    10  postgres
11:38:20 PM 100998    137456    0.00    0.00    0.00    0.00    0.00    14  postgres
11:38:20 PM 100998    138276    0.00    0.00    0.00    0.00    0.00    10  postgres

11:38:20 PM   UID       PID    %usr %system  %guest   %wait    %CPU   CPU  Command
11:38:21 PM 100998    137452    0.00    0.00    0.00    0.00    0.00    14  postgres
11:38:21 PM 100998    137453    0.00    0.00    0.00    0.00    0.00    12  postgres
11:38:21 PM 100998    137455    0.00    0.00    0.00    0.00    0.00    10  postgres
11:38:21 PM 100998    137456    0.00    0.00    0.00    0.00    0.00    14  postgres
11:38:21 PM 100998    138276    0.00    0.00    0.00    0.00    0.00    10  postgres

11:38:21 PM   UID       PID    %usr %system  %guest   %wait    %CPU   CPU  Command
11:38:22 PM 100998    137452    0.00    0.00    0.00    0.00    0.00    14  postgres
11:38:22 PM 100998    137453    0.00    0.00    0.00    0.00    0.00    12  postgres
11:38:22 PM 100998    137455    0.00    0.00    0.00    0.00    0.00    10  postgres
11:38:22 PM 100998    137456    0.00    0.00    0.00    0.00    0.00    14  postgres
11:38:22 PM 100998    138276    0.00    0.00    0.00    0.00    0.00    10  postgres

11:38:22 PM   UID       PID    %usr %system  %guest   %wait    %CPU   CPU  Command
11:38:23 PM 100998    137452    0.00    0.00    0.00    0.00    0.00    14  postgres
11:38:23 PM 100998    137453    0.00    0.00    0.00    0.00    0.00    12  postgres
11:38:23 PM 100998    137455    0.00    0.00    0.00    0.00    0.00    10  postgres
11:38:23 PM 100998    137456    0.00    0.00    0.00    0.00    0.00    14  postgres
11:38:23 PM 100998    138276    0.00    0.00    0.00    0.00    0.00    10  postgres

11:38:23 PM   UID       PID    %usr %system  %guest   %wait    %CPU   CPU  Command
11:38:24 PM 100998    137452    0.00    0.00    0.00    0.00    0.00    14  postgres
11:38:24 PM 100998    137453    0.00    0.00    0.00    0.00    0.00    12  postgres
11:38:24 PM 100998    137455    0.00    0.00    0.00    0.00    0.00    10  postgres
11:38:24 PM 100998    137456    0.00    0.00    0.00    0.00    0.00    14  postgres
11:38:24 PM 100998    138276    0.00    0.00    0.00    0.00    0.00    10  postgres

11:38:24 PM   UID       PID    %usr %system  %guest   %wait    %CPU   CPU  Command
11:38:25 PM 100998    137452    0.00    0.00    0.00    0.00    0.00    14  postgres
11:38:25 PM 100998    137453    0.00    0.00    0.00    0.00    0.00    12  postgres
11:38:25 PM 100998    137455    0.00    0.00    0.00    0.00    0.00    10  postgres
11:38:25 PM 100998    137456    0.00    0.00    0.00    0.00    0.00    14  postgres
11:38:25 PM 100998    138276    0.00    0.00    0.00    0.00    0.00    10  postgres

11:38:25 PM   UID       PID    %usr %system  %guest   %wait    %CPU   CPU  Command
11:38:26 PM 100998    137452    0.00    0.00    0.00    0.00    0.00    14  postgres
11:38:26 PM 100998    137453    0.00    0.00    0.00    0.00    0.00    12  postgres
11:38:26 PM 100998    137455    0.00    0.00    0.00    0.00    0.00    10  postgres
11:38:26 PM 100998    137456    0.00    0.00    0.00    0.00    0.00    14  postgres
11:38:26 PM 100998    138276    0.00    0.00    0.00    0.00    0.00    10  postgres

11:38:26 PM   UID       PID    %usr %system  %guest   %wait    %CPU   CPU  Command
11:38:27 PM 100998    137452    0.00    0.00    0.00    0.00    0.00    14  postgres
11:38:27 PM 100998    137453    0.00    0.00    0.00    0.00    0.00    12  postgres
11:38:27 PM 100998    137455    0.00    0.00    0.00    0.00    0.00    10  postgres
11:38:27 PM 100998    137456    0.00    0.00    0.00    0.00    0.00    14  postgres
11:38:27 PM 100998    138276    0.00    0.00    0.00    0.00    0.00    10  postgres

11:38:27 PM   UID       PID    %usr %system  %guest   %wait    %CPU   CPU  Command
11:38:28 PM 100998    137452    0.00    0.00    0.00    0.00    0.00    14  postgres
11:38:28 PM 100998    137453    0.00    0.00    0.00    0.00    0.00    12  postgres
11:38:28 PM 100998    137455    0.00    0.00    0.00    0.00    0.00    10  postgres
11:38:28 PM 100998    137456    0.00    0.00    0.00    0.00    0.00    14  postgres
11:38:28 PM 100998    138276    0.00    0.00    0.00    0.00    0.00    10  postgres

11:38:28 PM   UID       PID    %usr %system  %guest   %wait    %CPU   CPU  Command
11:38:29 PM 100998    137452    0.00    0.00    0.00    0.00    0.00    14  postgres
11:38:29 PM 100998    137453    0.00    0.00    0.00    0.00    0.00    12  postgres
11:38:29 PM 100998    137455    0.00    0.00    0.00    0.00    0.00    10  postgres
11:38:29 PM 100998    137456    0.00    0.00    0.00    0.00    0.00    14  postgres
11:38:29 PM 100998    138276    0.00    0.00    0.00    0.00    0.00    10  postgres

11:38:29 PM   UID       PID    %usr %system  %guest   %wait    %CPU   CPU  Command
11:38:30 PM 100998    137452    0.00    0.00    0.00    0.00    0.00    14  postgres
11:38:30 PM 100998    137453    0.00    0.00    0.00    0.00    0.00    12  postgres
11:38:30 PM 100998    137455    0.00    0.00    0.00    0.00    0.00    10  postgres
11:38:30 PM 100998    137456    0.00    0.00    0.00    0.00    0.00    14  postgres
11:38:30 PM 100998    138276    0.00    0.00    0.00    0.00    0.00    10  postgres

11:38:30 PM   UID       PID    %usr %system  %guest   %wait    %CPU   CPU  Command
11:38:31 PM 100998    137452    0.00    0.00    0.00    0.00    0.00    14  postgres
11:38:31 PM 100998    137453    0.00    0.00    0.00    0.00    0.00    12  postgres
11:38:31 PM 100998    137455    0.00    0.00    0.00    0.00    0.00    10  postgres
11:38:31 PM 100998    137456    0.00    0.00    0.00    0.00    0.00    14  postgres
11:38:31 PM 100998    138276    0.00    0.00    0.00    0.00    0.00    10  postgres

11:38:31 PM   UID       PID    %usr %system  %guest   %wait    %CPU   CPU  Command
11:38:32 PM 100998    137452    0.00    0.00    0.00    0.00    0.00    14  postgres
11:38:32 PM 100998    137453    0.00    0.00    0.00    0.00    0.00    12  postgres
11:38:32 PM 100998    137455    0.00    0.00    0.00    0.00    0.00    10  postgres
11:38:32 PM 100998    137456    0.00    0.00    0.00    0.00    0.00    14  postgres
11:38:32 PM 100998    138276    0.00    0.00    0.00    0.00    0.00    10  postgres

11:38:32 PM   UID       PID    %usr %system  %guest   %wait    %CPU   CPU  Command
11:38:33 PM 100998    137452    0.00    0.00    0.00    0.00    0.00    14  postgres
11:38:33 PM 100998    137453    0.00    0.00    0.00    0.00    0.00    12  postgres
11:38:33 PM 100998    137455    0.00    0.00    0.00    0.00    0.00    10  postgres
11:38:33 PM 100998    137456    0.00    0.00    0.00    0.00    0.00    14  postgres
11:38:33 PM 100998    138276    0.00    0.00    0.00    0.00    0.00    10  postgres

11:38:33 PM   UID       PID    %usr %system  %guest   %wait    %CPU   CPU  Command
11:38:34 PM 100998    137452    0.00    0.00    0.00    0.00    0.00    14  postgres
11:38:34 PM 100998    137453    0.00    0.00    0.00    0.00    0.00    12  postgres
11:38:34 PM 100998    137455    0.00    0.00    0.00    0.00    0.00    10  postgres
11:38:34 PM 100998    137456    0.00    0.00    0.00    0.00    0.00    14  postgres
11:38:34 PM 100998    138276    0.00    0.00    0.00    0.00    0.00    10  postgres

11:38:34 PM   UID       PID    %usr %system  %guest   %wait    %CPU   CPU  Command
11:38:35 PM 100998    137452    0.00    0.00    0.00    0.00    0.00    14  postgres
11:38:35 PM 100998    137453    0.00    0.00    0.00    0.00    0.00    12  postgres
11:38:35 PM 100998    137455    0.00    0.00    0.00    0.00    0.00    10  postgres
11:38:35 PM 100998    137456    0.00    0.00    0.00    0.00    0.00    14  postgres
11:38:35 PM 100998    138276    0.00    0.00    0.00    0.00    0.00    10  postgres

11:38:35 PM   UID       PID    %usr %system  %guest   %wait    %CPU   CPU  Command
11:38:36 PM 100998    137452    0.00    0.00    0.00    0.00    0.00    14  postgres
11:38:36 PM 100998    137453    0.00    0.00    0.00    0.00    0.00    12  postgres
11:38:36 PM 100998    137455    0.00    0.00    0.00    0.00    0.00    10  postgres
11:38:36 PM 100998    137456    0.00    0.00    0.00    0.00    0.00    14  postgres
11:38:36 PM 100998    138276    0.00    0.00    0.00    0.00    0.00    10  postgres

11:38:36 PM   UID       PID    %usr %system  %guest   %wait    %CPU   CPU  Command
11:38:37 PM 100998    137452    0.00    0.00    0.00    0.00    0.00    14  postgres
11:38:37 PM 100998    137453    0.00    0.00    0.00    0.00    0.00    12  postgres
11:38:37 PM 100998    137455    0.00    0.00    0.00    0.00    0.00    10  postgres
11:38:37 PM 100998    137456    0.00    0.00    0.00    0.00    0.00    14  postgres
11:38:37 PM 100998    138276    0.00    0.00    0.00    0.00    0.00    10  postgres

11:38:37 PM   UID       PID    %usr %system  %guest   %wait    %CPU   CPU  Command
11:38:38 PM 100998    137452    0.00    0.00    0.00    0.00    0.00    14  postgres
11:38:38 PM 100998    137453    0.00    0.00    0.00    0.00    0.00    12  postgres
11:38:38 PM 100998    137455    0.00    0.00    0.00    0.00    0.00    10  postgres
11:38:38 PM 100998    137456    0.00    0.00    0.00    0.00    0.00    14  postgres
11:38:38 PM 100998    138276    0.00    0.00    0.00    0.00    0.00    10  postgres

11:38:38 PM   UID       PID    %usr %system  %guest   %wait    %CPU   CPU  Command
11:38:39 PM 100998    137452    0.00    0.00    0.00    0.00    0.00    14  postgres
11:38:39 PM 100998    137453    0.00    0.00    0.00    0.00    0.00    12  postgres
11:38:39 PM 100998    137455    0.00    0.00    0.00    0.00    0.00    10  postgres
11:38:39 PM 100998    137456    0.00    0.00    0.00    0.00    0.00    14  postgres
11:38:39 PM 100998    138276    0.00    0.00    0.00    0.00    0.00    10  postgres

11:38:39 PM   UID       PID    %usr %system  %guest   %wait    %CPU   CPU  Command
11:38:40 PM 100998    137452    0.00    0.00    0.00    0.00    0.00    14  postgres
11:38:40 PM 100998    137453    0.00    0.00    0.00    0.00    0.00    12  postgres
11:38:40 PM 100998    137455    0.00    0.00    0.00    0.00    0.00    10  postgres
11:38:40 PM 100998    137456    0.00    0.00    0.00    0.00    0.00    14  postgres
11:38:40 PM 100998    138276    0.00    0.00    0.00    0.00    0.00    10  postgres

11:38:40 PM   UID       PID    %usr %system  %guest   %wait    %CPU   CPU  Command
11:38:41 PM 100998    137452    0.00    0.00    0.00    0.00    0.00    14  postgres
11:38:41 PM 100998    137453    0.00    0.00    0.00    0.00    0.00    12  postgres
11:38:41 PM 100998    137455    0.00    0.00    0.00    0.00    0.00    10  postgres
11:38:41 PM 100998    137456    0.00    0.00    0.00    0.00    0.00    14  postgres
11:38:41 PM 100998    138276    0.00    0.00    0.00    0.00    0.00    10  postgres

11:38:41 PM   UID       PID    %usr %system  %guest   %wait    %CPU   CPU  Command
11:38:42 PM 100998    137452    0.00    0.00    0.00    0.00    0.00    14  postgres
11:38:42 PM 100998    137453    0.00    0.00    0.00    0.00    0.00    12  postgres
11:38:42 PM 100998    137455    0.00    0.00    0.00    0.00    0.00    10  postgres
11:38:42 PM 100998    137456    0.00    0.00    0.00    0.00    0.00    14  postgres
11:38:42 PM 100998    138276    0.00    0.00    0.00    0.00    0.00    10  postgres

11:38:42 PM   UID       PID    %usr %system  %guest   %wait    %CPU   CPU  Command
11:38:43 PM 100998    137452    0.00    0.00    0.00    0.00    0.00    14  postgres
11:38:43 PM 100998    137453    0.00    0.00    0.00    0.00    0.00    12  postgres
11:38:43 PM 100998    137455    0.00    0.00    0.00    0.00    0.00    10  postgres
11:38:43 PM 100998    137456    0.00    0.00    0.00    0.00    0.00    14  postgres
11:38:43 PM 100998    138276    0.00    0.00    0.00    0.00    0.00    10  postgres

11:38:43 PM   UID       PID    %usr %system  %guest   %wait    %CPU   CPU  Command
11:38:44 PM 100998    137452    0.00    0.00    0.00    0.00    0.00    14  postgres
11:38:44 PM 100998    137453    0.00    0.00    0.00    0.00    0.00    12  postgres
11:38:44 PM 100998    137455    0.00    0.00    0.00    0.00    0.00    10  postgres
11:38:44 PM 100998    137456    0.00    0.00    0.00    0.00    0.00    14  postgres
11:38:44 PM 100998    138276    0.00    0.00    0.00    0.00    0.00    10  postgres

11:38:44 PM   UID       PID    %usr %system  %guest   %wait    %CPU   CPU  Command
11:38:45 PM 100998    137452    0.00    0.00    0.00    0.00    0.00    14  postgres
11:38:45 PM 100998    137453    0.00    0.00    0.00    0.00    0.00    12  postgres
11:38:45 PM 100998    137455    0.00    0.00    0.00    0.00    0.00    10  postgres
11:38:45 PM 100998    137456    0.00    0.00    0.00    0.00    0.00    14  postgres
11:38:45 PM 100998    138276    1.00    0.00    0.00    0.00    1.00    12  postgres

11:38:45 PM   UID       PID    %usr %system  %guest   %wait    %CPU   CPU  Command
11:38:46 PM 100998    137452    0.00    0.00    0.00    0.00    0.00    14  postgres
11:38:46 PM 100998    137453    0.00    0.00    0.00    0.00    0.00    12  postgres
11:38:46 PM 100998    137455    0.00    0.00    0.00    0.00    0.00    10  postgres
11:38:46 PM 100998    137456    0.00    0.00    0.00    0.00    0.00    14  postgres
11:38:46 PM 100998    138276    1.00    1.00    0.00    1.00    2.00    10  postgres

11:38:46 PM   UID       PID    %usr %system  %guest   %wait    %CPU   CPU  Command
11:38:47 PM 100998    137452    0.00    0.00    0.00    0.00    0.00    14  postgres
11:38:47 PM 100998    137453    0.00    0.00    0.00    0.00    0.00    12  postgres
11:38:47 PM 100998    137455    0.00    0.00    0.00    0.00    0.00    10  postgres
11:38:47 PM 100998    137456    0.00    0.00    0.00    0.00    0.00    14  postgres
11:38:47 PM 100998    138276    3.00    1.00    0.00    1.00    4.00    14  postgres

11:38:47 PM   UID       PID    %usr %system  %guest   %wait    %CPU   CPU  Command
11:38:48 PM 100998    137452    0.00    0.00    0.00    0.00    0.00    14  postgres
11:38:48 PM 100998    137453    0.00    0.00    0.00    0.00    0.00    12  postgres
11:38:48 PM 100998    137455    0.00    0.00    0.00    0.00    0.00    10  postgres
11:38:48 PM 100998    137456    0.00    0.00    0.00    0.00    0.00    14  postgres
11:38:48 PM 100998    138276    3.00    1.00    0.00    2.00    4.00    10  postgres

11:38:48 PM   UID       PID    %usr %system  %guest   %wait    %CPU   CPU  Command
11:38:49 PM 100998    137452    0.00    0.00    0.00    0.00    0.00    14  postgres
11:38:49 PM 100998    137453    0.00    0.00    0.00    0.00    0.00    12  postgres
11:38:49 PM 100998    137455    0.00    0.00    0.00    0.00    0.00    10  postgres
11:38:49 PM 100998    137456    0.00    0.00    0.00    0.00    0.00    14  postgres
11:38:49 PM 100998    138276    3.00    2.00    0.00    1.00    5.00    10  postgres

11:38:49 PM   UID       PID    %usr %system  %guest   %wait    %CPU   CPU  Command
11:38:50 PM 100998    137452    0.00    0.00    0.00    0.00    0.00    14  postgres
11:38:50 PM 100998    137453    0.00    0.00    0.00    0.00    0.00    12  postgres
11:38:50 PM 100998    137455    0.00    0.00    0.00    0.00    0.00    10  postgres
11:38:50 PM 100998    137456    0.00    0.00    0.00    0.00    0.00    14  postgres
11:38:50 PM 100998    138276    3.00    1.00    0.00    2.00    4.00    10  postgres

11:38:50 PM   UID       PID    %usr %system  %guest   %wait    %CPU   CPU  Command
11:38:51 PM 100998    137452    0.00    0.00    0.00    0.00    0.00    14  postgres
11:38:51 PM 100998    137453    0.00    0.00    0.00    0.00    0.00    12  postgres
11:38:51 PM 100998    137455    0.00    0.00    0.00    0.00    0.00    10  postgres
11:38:51 PM 100998    137456    0.00    0.00    0.00    0.00    0.00    14  postgres
11:38:51 PM 100998    138276    2.00    1.00    0.00    2.00    3.00    12  postgres

11:38:51 PM   UID       PID    %usr %system  %guest   %wait    %CPU   CPU  Command
11:38:52 PM 100998    137452    0.00    0.00    0.00    0.00    0.00    14  postgres
11:38:52 PM 100998    137453    0.00    0.00    0.00    0.00    0.00    12  postgres
11:38:52 PM 100998    137455    0.00    0.00    0.00    0.00    0.00    10  postgres
11:38:52 PM 100998    137456    0.00    0.00    0.00    0.00    0.00    14  postgres
11:38:52 PM 100998    138276    3.00    2.00    0.00    2.00    5.00    12  postgres

11:38:52 PM   UID       PID    %usr %system  %guest   %wait    %CPU   CPU  Command
11:38:53 PM 100998    137452    0.00    0.00    0.00    0.00    0.00    14  postgres
11:38:53 PM 100998    137453    0.00    0.00    0.00    0.00    0.00    12  postgres
11:38:53 PM 100998    137455    0.00    0.00    0.00    0.00    0.00    10  postgres
11:38:53 PM 100998    137456    0.00    0.00    0.00    0.00    0.00    14  postgres
11:38:53 PM 100998    138276    3.00    2.00    0.00    1.00    5.00    12  postgres

11:38:53 PM   UID       PID    %usr %system  %guest   %wait    %CPU   CPU  Command
11:38:54 PM 100998    137452    0.00    0.00    0.00    0.00    0.00    14  postgres
11:38:54 PM 100998    137453    0.00    0.00    0.00    0.00    0.00    12  postgres
11:38:54 PM 100998    137455    0.00    0.00    0.00    0.00    0.00    10  postgres
11:38:54 PM 100998    137456    0.00    0.00    0.00    0.00    0.00    14  postgres
11:38:54 PM 100998    138276    2.00    2.00    0.00    2.00    4.00    14  postgres

11:38:54 PM   UID       PID    %usr %system  %guest   %wait    %CPU   CPU  Command
11:38:55 PM 100998    137452    0.00    0.00    0.00    0.00    0.00    14  postgres
11:38:55 PM 100998    137453    0.00    0.00    0.00    0.00    0.00    12  postgres
11:38:55 PM 100998    137455    0.00    0.00    0.00    0.00    0.00    10  postgres
11:38:55 PM 100998    137456    0.00    0.00    0.00    0.00    0.00    14  postgres
11:38:55 PM 100998    138276    2.00    2.00    0.00    2.00    4.00    12  postgres

11:38:55 PM   UID       PID    %usr %system  %guest   %wait    %CPU   CPU  Command
11:38:56 PM 100998    137452    0.00    0.00    0.00    0.00    0.00    14  postgres
11:38:56 PM 100998    137453    0.00    0.00    0.00    0.00    0.00    12  postgres
11:38:56 PM 100998    137455    0.00    0.00    0.00    0.00    0.00    10  postgres
11:38:56 PM 100998    137456    0.00    0.00    0.00    0.00    0.00    14  postgres
11:38:56 PM 100998    138276    3.00    2.00    0.00    1.00    5.00    10  postgres

11:38:56 PM   UID       PID    %usr %system  %guest   %wait    %CPU   CPU  Command
11:38:57 PM 100998    137452    0.00    0.00    0.00    0.00    0.00    14  postgres
11:38:57 PM 100998    137453    0.00    0.00    0.00    0.00    0.00    12  postgres
11:38:57 PM 100998    137455    0.00    0.00    0.00    0.00    0.00    10  postgres
11:38:57 PM 100998    137456    0.00    0.00    0.00    0.00    0.00    14  postgres
11:38:57 PM 100998    138276    2.00    2.00    0.00    2.00    4.00    12  postgres

11:38:57 PM   UID       PID    %usr %system  %guest   %wait    %CPU   CPU  Command
11:38:58 PM 100998    137452    0.00    0.00    0.00    0.00    0.00    14  postgres
11:38:58 PM 100998    137453    0.00    0.00    0.00    0.00    0.00    12  postgres
11:38:58 PM 100998    137455    0.00    0.00    0.00    0.00    0.00    10  postgres
11:38:58 PM 100998    137456    0.00    0.00    0.00    0.00    0.00    14  postgres
11:38:58 PM 100998    138276    3.00    1.00    0.00    1.00    4.00    14  postgres

11:38:58 PM   UID       PID    %usr %system  %guest   %wait    %CPU   CPU  Command
11:38:59 PM 100998    137452    0.00    0.00    0.00    0.00    0.00    14  postgres
11:38:59 PM 100998    137453    0.00    0.00    0.00    0.00    0.00    12  postgres
11:38:59 PM 100998    137455    0.00    0.00    0.00    0.00    0.00    10  postgres
11:38:59 PM 100998    137456    0.00    0.00    0.00    0.00    0.00    14  postgres
11:38:59 PM 100998    138276    3.00    1.00    0.00    1.00    4.00    14  postgres

11:38:59 PM   UID       PID    %usr %system  %guest   %wait    %CPU   CPU  Command
11:39:00 PM 100998    137452    0.00    0.00    0.00    0.00    0.00    14  postgres
11:39:00 PM 100998    137453    0.00    0.00    0.00    0.00    0.00    12  postgres
11:39:00 PM 100998    137455    0.00    0.00    0.00    0.00    0.00    10  postgres
11:39:00 PM 100998    137456    0.00    0.00    0.00    0.00    0.00    14  postgres
11:39:00 PM 100998    138276    3.00    2.00    0.00    2.00    5.00    12  postgres

11:39:00 PM   UID       PID    %usr %system  %guest   %wait    %CPU   CPU  Command
11:39:01 PM 100998    137452    0.00    0.00    0.00    0.00    0.00    14  postgres
11:39:01 PM 100998    137453    0.00    0.00    0.00    0.00    0.00    12  postgres
11:39:01 PM 100998    137455    0.00    0.00    0.00    0.00    0.00    10  postgres
11:39:01 PM 100998    137456    0.00    0.00    0.00    0.00    0.00    14  postgres
11:39:01 PM 100998    138276    3.00    1.00    0.00    2.00    4.00    10  postgres

11:39:01 PM   UID       PID    %usr %system  %guest   %wait    %CPU   CPU  Command
11:39:02 PM 100998    137452    0.00    0.00    0.00    0.00    0.00    14  postgres
11:39:02 PM 100998    137453    0.00    0.00    0.00    0.00    0.00    12  postgres
11:39:02 PM 100998    137455    0.00    0.00    0.00    0.00    0.00    10  postgres
11:39:02 PM 100998    137456    0.00    0.00    0.00    0.00    0.00    14  postgres
11:39:02 PM 100998    138276    3.00    2.00    0.00    1.00    5.00    12  postgres

11:39:02 PM   UID       PID    %usr %system  %guest   %wait    %CPU   CPU  Command
11:39:03 PM 100998    137452    0.00    0.00    0.00    0.00    0.00    14  postgres
11:39:03 PM 100998    137453    0.00    0.00    0.00    0.00    0.00    12  postgres
11:39:03 PM 100998    137455    0.00    0.00    0.00    0.00    0.00    10  postgres
11:39:03 PM 100998    137456    0.00    0.00    0.00    0.00    0.00    14  postgres
11:39:03 PM 100998    138276    3.00    1.00    0.00    2.00    4.00    14  postgres

11:39:03 PM   UID       PID    %usr %system  %guest   %wait    %CPU   CPU  Command
11:39:04 PM 100998    137452    0.00    0.00    0.00    0.00    0.00    14  postgres
11:39:04 PM 100998    137453    0.00    0.00    0.00    0.00    0.00    12  postgres
11:39:04 PM 100998    137455    0.00    0.00    0.00    0.00    0.00    10  postgres
11:39:04 PM 100998    137456    0.00    0.00    0.00    0.00    0.00    14  postgres
11:39:04 PM 100998    138276    3.00    1.00    0.00    1.00    4.00    14  postgres

11:39:04 PM   UID       PID    %usr %system  %guest   %wait    %CPU   CPU  Command
11:39:05 PM 100998    137452    0.00    0.00    0.00    0.00    0.00    14  postgres
11:39:05 PM 100998    137453    0.00    0.00    0.00    0.00    0.00    12  postgres
11:39:05 PM 100998    137455    0.00    0.00    0.00    0.00    0.00    10  postgres
11:39:05 PM 100998    137456    0.00    0.00    0.00    0.00    0.00    14  postgres
11:39:05 PM 100998    138276    3.00    1.00    0.00    2.00    4.00    12  postgres

11:39:05 PM   UID       PID    %usr %system  %guest   %wait    %CPU   CPU  Command
11:39:06 PM 100998    137452    0.00    0.00    0.00    0.00    0.00    14  postgres
11:39:06 PM 100998    137453    0.00    0.00    0.00    0.00    0.00    12  postgres
11:39:06 PM 100998    137455    0.00    0.00    0.00    0.00    0.00    10  postgres
11:39:06 PM 100998    137456    0.00    0.00    0.00    0.00    0.00    14  postgres
11:39:06 PM 100998    138276    3.00    1.00    0.00    1.00    4.00    12  postgres

11:39:06 PM   UID       PID    %usr %system  %guest   %wait    %CPU   CPU  Command
11:39:07 PM 100998    137452    0.00    0.00    0.00    0.00    0.00    14  postgres
11:39:07 PM 100998    137453    0.00    0.00    0.00    0.00    0.00    12  postgres
11:39:07 PM 100998    137455    0.00    0.00    0.00    0.00    0.00    12  postgres
11:39:07 PM 100998    137456    0.00    0.00    0.00    0.00    0.00    14  postgres
11:39:07 PM 100998    138276    3.00    2.00    0.00    2.00    5.00    10  postgres

11:39:07 PM   UID       PID    %usr %system  %guest   %wait    %CPU   CPU  Command
11:39:08 PM 100998    137452    0.00    0.00    0.00    0.00    0.00    14  postgres
11:39:08 PM 100998    137453    0.00    0.00    0.00    0.00    0.00    12  postgres
11:39:08 PM 100998    137455    0.00    0.00    0.00    0.00    0.00    12  postgres
11:39:08 PM 100998    137456    0.00    0.00    0.00    0.00    0.00    14  postgres
11:39:08 PM 100998    138276    3.00    1.00    0.00    1.00    4.00    10  postgres

11:39:08 PM   UID       PID    %usr %system  %guest   %wait    %CPU   CPU  Command
11:39:09 PM 100998    137452    0.00    0.00    0.00    0.00    0.00    14  postgres
11:39:09 PM 100998    137453    0.00    0.00    0.00    0.00    0.00    12  postgres
11:39:09 PM 100998    137455    0.00    0.00    0.00    0.00    0.00    12  postgres
11:39:09 PM 100998    137456    0.00    0.00    0.00    0.00    0.00    14  postgres
11:39:09 PM 100998    138276    3.00    1.00    0.00    2.00    4.00    10  postgres

11:39:09 PM   UID       PID    %usr %system  %guest   %wait    %CPU   CPU  Command
11:39:10 PM 100998    137452    0.00    0.00    0.00    0.00    0.00    14  postgres
11:39:10 PM 100998    137453    0.00    0.00    0.00    0.00    0.00    12  postgres
11:39:10 PM 100998    137455    0.00    0.00    0.00    0.00    0.00    12  postgres
11:39:10 PM 100998    137456    0.00    0.00    0.00    0.00    0.00    14  postgres
11:39:10 PM 100998    138276    3.00    2.00    0.00    1.00    5.00    12  postgres

11:39:10 PM   UID       PID    %usr %system  %guest   %wait    %CPU   CPU  Command
11:39:11 PM 100998    137452    0.00    0.00    0.00    0.00    0.00    14  postgres
11:39:11 PM 100998    137453    0.00    0.00    0.00    0.00    0.00    12  postgres
11:39:11 PM 100998    137455    0.00    0.00    0.00    0.00    0.00    12  postgres
11:39:11 PM 100998    137456    0.00    0.00    0.00    0.00    0.00    14  postgres
11:39:11 PM 100998    138276    3.00    1.00    0.00    2.00    4.00    12  postgres

11:39:11 PM   UID       PID    %usr %system  %guest   %wait    %CPU   CPU  Command
11:39:12 PM 100998    137452    0.00    0.00    0.00    0.00    0.00    14  postgres
11:39:12 PM 100998    137453    0.00    0.00    0.00    0.00    0.00    12  postgres
11:39:12 PM 100998    137455    0.00    0.00    0.00    0.00    0.00    12  postgres
11:39:12 PM 100998    137456    0.00    0.00    0.00    0.00    0.00    14  postgres
11:39:12 PM 100998    138276    2.00    2.00    0.00    2.00    4.00    14  postgres

11:39:12 PM   UID       PID    %usr %system  %guest   %wait    %CPU   CPU  Command
11:39:13 PM 100998    137452    0.00    0.00    0.00    0.00    0.00    14  postgres
11:39:13 PM 100998    137453    0.00    0.00    0.00    0.00    0.00    12  postgres
11:39:13 PM 100998    137455    0.00    0.00    0.00    0.00    0.00    12  postgres
11:39:13 PM 100998    137456    0.00    0.00    0.00    0.00    0.00    14  postgres
11:39:13 PM 100998    138276    3.00    1.00    0.00    1.00    4.00    12  postgres

11:39:13 PM   UID       PID    %usr %system  %guest   %wait    %CPU   CPU  Command
11:39:14 PM 100998    137452    0.00    0.00    0.00    0.00    0.00    14  postgres
11:39:14 PM 100998    137453    0.00    0.00    0.00    0.00    0.00    12  postgres
11:39:14 PM 100998    137455    0.00    0.00    0.00    0.00    0.00    12  postgres
11:39:14 PM 100998    137456    0.00    0.00    0.00    0.00    0.00    14  postgres
11:39:14 PM 100998    138276    3.00    2.00    0.00    2.00    5.00    10  postgres

11:39:14 PM   UID       PID    %usr %system  %guest   %wait    %CPU   CPU  Command
11:39:15 PM 100998    137452    0.00    0.00    0.00    0.00    0.00    14  postgres
11:39:15 PM 100998    137453    0.00    0.00    0.00    0.00    0.00    12  postgres
11:39:15 PM 100998    137455    0.00    0.00    0.00    0.00    0.00    12  postgres
11:39:15 PM 100998    137456    0.00    0.00    0.00    0.00    0.00    14  postgres
11:39:15 PM 100998    138276    3.00    1.00    0.00    2.00    4.00    10  postgres

11:39:15 PM   UID       PID    %usr %system  %guest   %wait    %CPU   CPU  Command
11:39:16 PM 100998    137452    0.00    0.00    0.00    0.00    0.00    14  postgres
11:39:16 PM 100998    137453    0.00    0.00    0.00    0.00    0.00    12  postgres
11:39:16 PM 100998    137455    0.00    0.00    0.00    0.00    0.00    12  postgres
11:39:16 PM 100998    137456    0.00    0.00    0.00    0.00    0.00    14  postgres
11:39:16 PM 100998    138276    2.00    2.00    0.00    1.00    4.00    10  postgres

11:39:16 PM   UID       PID    %usr %system  %guest   %wait    %CPU   CPU  Command
11:39:17 PM 100998    137452    0.00    0.00    0.00    0.00    0.00    14  postgres
11:39:17 PM 100998    137453    0.00    0.00    0.00    0.00    0.00    12  postgres
11:39:17 PM 100998    137455    0.00    0.00    0.00    0.00    0.00    12  postgres
11:39:17 PM 100998    137456    0.00    0.00    0.00    0.00    0.00    14  postgres
11:39:17 PM 100998    138276    4.00    1.00    0.00    2.00    5.00    12  postgres

11:39:17 PM   UID       PID    %usr %system  %guest   %wait    %CPU   CPU  Command
11:39:18 PM 100998    137452    0.00    0.00    0.00    0.00    0.00    14  postgres
11:39:18 PM 100998    137453    0.00    0.00    0.00    0.00    0.00    12  postgres
11:39:18 PM 100998    137455    0.00    0.00    0.00    0.00    0.00    12  postgres
11:39:18 PM 100998    137456    0.00    0.00    0.00    0.00    0.00    14  postgres
11:39:18 PM 100998    138276    3.00    1.00    0.00    2.00    4.00    12  postgres

11:39:18 PM   UID       PID    %usr %system  %guest   %wait    %CPU   CPU  Command
11:39:19 PM 100998    137452    0.00    0.00    0.00    0.00    0.00    14  postgres
11:39:19 PM 100998    137453    0.00    0.00    0.00    0.00    0.00    12  postgres
11:39:19 PM 100998    137455    0.00    0.00    0.00    0.00    0.00    12  postgres
11:39:19 PM 100998    137456    0.00    0.00    0.00    0.00    0.00    14  postgres
11:39:19 PM 100998    138276    3.00    2.00    0.00    2.00    5.00    12  postgres

11:39:19 PM   UID       PID    %usr %system  %guest   %wait    %CPU   CPU  Command
11:39:20 PM 100998    137452    0.00    0.00    0.00    0.00    0.00    14  postgres
11:39:20 PM 100998    137453    0.00    0.00    0.00    0.00    0.00    12  postgres
11:39:20 PM 100998    137455    0.00    0.00    0.00    0.00    0.00    12  postgres
11:39:20 PM 100998    137456    0.00    0.00    0.00    0.00    0.00    14  postgres
11:39:20 PM 100998    138276    3.00    2.00    0.00    1.00    5.00    10  postgres

11:39:20 PM   UID       PID    %usr %system  %guest   %wait    %CPU   CPU  Command
11:39:21 PM 100998    137452    0.00    0.00    0.00    0.00    0.00    14  postgres
11:39:21 PM 100998    137453    0.00    0.00    0.00    0.00    0.00    12  postgres
11:39:21 PM 100998    137455    0.00    0.00    0.00    0.00    0.00    12  postgres
11:39:21 PM 100998    137456    0.00    0.00    0.00    0.00    0.00    14  postgres
11:39:21 PM 100998    138276    2.00    1.00    0.00    1.00    3.00    12  postgres

11:39:21 PM   UID       PID    %usr %system  %guest   %wait    %CPU   CPU  Command
11:39:22 PM 100998    137452    0.00    0.00    0.00    0.00    0.00    14  postgres
11:39:22 PM 100998    137453    0.00    0.00    0.00    0.00    0.00    12  postgres
11:39:22 PM 100998    137455    0.00    0.00    0.00    0.00    0.00    12  postgres
11:39:22 PM 100998    137456    0.00    0.00    0.00    0.00    0.00    14  postgres
11:39:22 PM 100998    138276    0.00    0.00    0.00    0.00    0.00    12  postgres

11:39:22 PM   UID       PID    %usr %system  %guest   %wait    %CPU   CPU  Command
11:39:23 PM 100998    137452    0.00    0.00    0.00    0.00    0.00    14  postgres
11:39:23 PM 100998    137453    0.00    0.00    0.00    0.00    0.00    12  postgres
11:39:23 PM 100998    137455    0.00    0.00    0.00    0.00    0.00    12  postgres
11:39:23 PM 100998    137456    0.00    0.00    0.00    0.00    0.00    14  postgres
11:39:23 PM 100998    138276    0.00    0.00    0.00    0.00    0.00    12  postgres

11:39:23 PM   UID       PID    %usr %system  %guest   %wait    %CPU   CPU  Command
11:39:24 PM 100998    137452    0.00    0.00    0.00    0.00    0.00    14  postgres
11:39:24 PM 100998    137453    0.00    0.00    0.00    0.00    0.00    12  postgres
11:39:24 PM 100998    137455    0.00    0.00    0.00    0.00    0.00    12  postgres
11:39:24 PM 100998    137456    0.00    0.00    0.00    0.00    0.00    14  postgres
11:39:24 PM 100998    138276    0.00    0.00    0.00    0.00    0.00    12  postgres

11:39:24 PM   UID       PID    %usr %system  %guest   %wait    %CPU   CPU  Command
11:39:25 PM 100998    137452    0.00    0.00    0.00    0.00    0.00    14  postgres
11:39:25 PM 100998    137453    0.00    0.00    0.00    0.00    0.00    12  postgres
11:39:25 PM 100998    137455    0.00    0.00    0.00    0.00    0.00    12  postgres
11:39:25 PM 100998    137456    0.00    0.00    0.00    0.00    0.00    14  postgres
11:39:25 PM 100998    138276    0.00    0.00    0.00    0.00    0.00    12  postgres
