Linux 5.14.0-570.60.1.el9_6.x86_64 *****) 	03/28/2026 	_x86_64_	(64 CPU)

04:20:51 AM   UID       PID    %usr %system  %guest   %wait    %CPU   CPU  Command
04:20:52 AM 100998    314060    0.00    0.00    0.00    0.00    0.00    10  postgres
04:20:52 AM 100998    314061    0.00    0.00    0.00    0.00    0.00    12  postgres
04:20:52 AM 100998    314063    0.00    0.00    0.00    0.00    0.00    12  postgres
04:20:52 AM 100998    314064    0.00    0.00    0.00    0.00    0.00    10  postgres
04:20:52 AM 100998    315444    0.00    0.00    0.00    0.00    0.00    10  postgres

04:20:52 AM   UID       PID    %usr %system  %guest   %wait    %CPU   CPU  Command
04:20:53 AM 100998    314060    0.00    0.00    0.00    0.00    0.00    10  postgres
04:20:53 AM 100998    314061    0.00    0.00    0.00    0.00    0.00    12  postgres
04:20:53 AM 100998    314063    0.00    0.00    0.00    0.00    0.00    12  postgres
04:20:53 AM 100998    314064    0.00    0.00    0.00    0.00    0.00    10  postgres
04:20:53 AM 100998    315444    0.00    0.00    0.00    0.00    0.00    14  postgres

04:20:53 AM   UID       PID    %usr %system  %guest   %wait    %CPU   CPU  Command
04:20:54 AM 100998    314060    0.00    0.00    0.00    0.00    0.00    10  postgres
04:20:54 AM 100998    314061    0.00    0.00    0.00    0.00    0.00    12  postgres
04:20:54 AM 100998    314063    0.00    0.00    0.00    0.00    0.00    12  postgres
04:20:54 AM 100998    314064    0.00    0.00    0.00    0.00    0.00    10  postgres
04:20:54 AM 100998    315444    0.00    0.00    0.00    0.00    0.00    14  postgres

04:20:54 AM   UID       PID    %usr %system  %guest   %wait    %CPU   CPU  Command
04:20:55 AM 100998    314060    0.00    0.00    0.00    0.00    0.00    10  postgres
04:20:55 AM 100998    314061    0.00    0.00    0.00    0.00    0.00    12  postgres
04:20:55 AM 100998    314063    0.00    0.00    0.00    0.00    0.00    12  postgres
04:20:55 AM 100998    314064    0.00    0.00    0.00    0.00    0.00    10  postgres
04:20:55 AM 100998    315444    0.00    0.00    0.00    0.00    0.00    14  postgres

04:20:55 AM   UID       PID    %usr %system  %guest   %wait    %CPU   CPU  Command
04:20:56 AM 100998    314060    0.00    0.00    0.00    0.00    0.00    10  postgres
04:20:56 AM 100998    314061    0.00    0.00    0.00    0.00    0.00    12  postgres
04:20:56 AM 100998    314063    0.00    0.00    0.00    0.00    0.00    12  postgres
04:20:56 AM 100998    314064    0.00    0.00    0.00    0.00    0.00    10  postgres
04:20:56 AM 100998    315444    0.00    0.00    0.00    0.00    0.00    14  postgres

04:20:56 AM   UID       PID    %usr %system  %guest   %wait    %CPU   CPU  Command
04:20:57 AM 100998    314060    0.00    0.00    0.00    0.00    0.00    10  postgres
04:20:57 AM 100998    314061    0.00    0.00    0.00    0.00    0.00    12  postgres
04:20:57 AM 100998    314063    0.00    0.00    0.00    0.00    0.00    12  postgres
04:20:57 AM 100998    314064    0.00    0.00    0.00    0.00    0.00    10  postgres
04:20:57 AM 100998    315444    0.00    0.00    0.00    0.00    0.00    14  postgres

04:20:57 AM   UID       PID    %usr %system  %guest   %wait    %CPU   CPU  Command
04:20:58 AM 100998    314060    0.00    0.00    0.00    0.00    0.00    10  postgres
04:20:58 AM 100998    314061    0.00    0.00    0.00    0.00    0.00    12  postgres
04:20:58 AM 100998    314063    0.00    0.00    0.00    0.00    0.00    12  postgres
04:20:58 AM 100998    314064    0.00    0.00    0.00    0.00    0.00    10  postgres
04:20:58 AM 100998    315444    0.00    0.00    0.00    0.00    0.00    14  postgres

04:20:58 AM   UID       PID    %usr %system  %guest   %wait    %CPU   CPU  Command
04:20:59 AM 100998    314060    0.00    0.00    0.00    0.00    0.00    10  postgres
04:20:59 AM 100998    314061    0.00    0.00    0.00    0.00    0.00    12  postgres
04:20:59 AM 100998    314063    0.00    0.00    0.00    0.00    0.00    12  postgres
04:20:59 AM 100998    314064    0.00    0.00    0.00    0.00    0.00    10  postgres
04:20:59 AM 100998    315444    0.00    0.00    0.00    0.00    0.00    14  postgres

04:20:59 AM   UID       PID    %usr %system  %guest   %wait    %CPU   CPU  Command
04:21:00 AM 100998    314060    0.00    0.00    0.00    0.00    0.00    10  postgres
04:21:00 AM 100998    314061    0.00    0.00    0.00    0.00    0.00    12  postgres
04:21:00 AM 100998    314063    0.00    0.00    0.00    0.00    0.00    12  postgres
04:21:00 AM 100998    314064    0.00    0.00    0.00    0.00    0.00    10  postgres
04:21:00 AM 100998    315444    0.00    0.00    0.00    0.00    0.00    10  postgres

04:21:00 AM   UID       PID    %usr %system  %guest   %wait    %CPU   CPU  Command
04:21:01 AM 100998    314060    0.00    0.00    0.00    0.00    0.00    10  postgres
04:21:01 AM 100998    314061    0.00    0.00    0.00    0.00    0.00    12  postgres
04:21:01 AM 100998    314063    0.00    0.00    0.00    0.00    0.00    12  postgres
04:21:01 AM 100998    314064    0.00    0.00    0.00    0.00    0.00    10  postgres
04:21:01 AM 100998    315444    0.00    0.00    0.00    0.00    0.00    12  postgres

04:21:01 AM   UID       PID    %usr %system  %guest   %wait    %CPU   CPU  Command
04:21:02 AM 100998    314060    0.00    0.00    0.00    0.00    0.00    10  postgres
04:21:02 AM 100998    314061    0.00    0.00    0.00    0.00    0.00    12  postgres
04:21:02 AM 100998    314063    0.00    0.00    0.00    0.00    0.00    12  postgres
04:21:02 AM 100998    314064    0.00    0.00    0.00    0.00    0.00    10  postgres
04:21:02 AM 100998    315444    0.00    0.00    0.00    0.00    0.00    14  postgres

04:21:02 AM   UID       PID    %usr %system  %guest   %wait    %CPU   CPU  Command
04:21:03 AM 100998    314060    0.00    0.00    0.00    0.00    0.00    10  postgres
04:21:03 AM 100998    314061    0.00    0.00    0.00    0.00    0.00    12  postgres
04:21:03 AM 100998    314063    0.00    0.00    0.00    0.00    0.00    12  postgres
04:21:03 AM 100998    314064    0.00    0.00    0.00    0.00    0.00    10  postgres
04:21:03 AM 100998    315444    1.00    0.00    0.00    0.00    1.00    12  postgres

04:21:03 AM   UID       PID    %usr %system  %guest   %wait    %CPU   CPU  Command
04:21:04 AM 100998    314060    0.00    0.00    0.00    0.00    0.00    10  postgres
04:21:04 AM 100998    314061    0.00    0.00    0.00    0.00    0.00    14  postgres
04:21:04 AM 100998    314063    0.00    0.00    0.00    0.00    0.00    12  postgres
04:21:04 AM 100998    314064    0.00    0.00    0.00    0.00    0.00    10  postgres
04:21:04 AM 100998    315444    0.00    0.00    0.00    0.00    0.00    12  postgres

04:21:04 AM   UID       PID    %usr %system  %guest   %wait    %CPU   CPU  Command
04:21:05 AM 100998    314060    0.00    0.00    0.00    0.00    0.00    10  postgres
04:21:05 AM 100998    314061    0.00    0.00    0.00    0.00    0.00    14  postgres
04:21:05 AM 100998    314063    0.00    0.00    0.00    0.00    0.00    12  postgres
04:21:05 AM 100998    314064    0.00    0.00    0.00    0.00    0.00    10  postgres
04:21:05 AM 100998    315444    0.00    1.00    0.00    0.00    1.00    12  postgres

04:21:05 AM   UID       PID    %usr %system  %guest   %wait    %CPU   CPU  Command
04:21:06 AM 100998    314060    0.00    0.00    0.00    0.00    0.00    10  postgres
04:21:06 AM 100998    314061    0.00    0.00    0.00    0.00    0.00    14  postgres
04:21:06 AM 100998    314063    0.00    0.00    0.00    0.00    0.00    12  postgres
04:21:06 AM 100998    314064    0.00    0.00    0.00    0.00    0.00    10  postgres
04:21:06 AM 100998    315444    0.00    0.00    0.00    0.00    0.00    14  postgres

04:21:06 AM   UID       PID    %usr %system  %guest   %wait    %CPU   CPU  Command
04:21:07 AM 100998    314060    0.00    0.00    0.00    0.00    0.00    10  postgres
04:21:07 AM 100998    314061    0.00    0.00    0.00    0.00    0.00    14  postgres
04:21:07 AM 100998    314063    0.00    0.00    0.00    0.00    0.00    12  postgres
04:21:07 AM 100998    314064    0.00    0.00    0.00    0.00    0.00    10  postgres
04:21:07 AM 100998    315444    0.00    0.00    0.00    0.00    0.00    14  postgres

04:21:07 AM   UID       PID    %usr %system  %guest   %wait    %CPU   CPU  Command
04:21:08 AM 100998    314060    0.00    0.00    0.00    0.00    0.00    10  postgres
04:21:08 AM 100998    314061    0.00    0.00    0.00    0.00    0.00    14  postgres
04:21:08 AM 100998    314063    0.00    0.00    0.00    0.00    0.00    12  postgres
04:21:08 AM 100998    314064    0.00    0.00    0.00    0.00    0.00    10  postgres
04:21:08 AM 100998    315444    0.00    0.00    0.00    0.00    0.00    14  postgres

04:21:08 AM   UID       PID    %usr %system  %guest   %wait    %CPU   CPU  Command
04:21:09 AM 100998    314060    0.00    0.00    0.00    0.00    0.00    10  postgres
04:21:09 AM 100998    314061    0.00    0.00    0.00    0.00    0.00    12  postgres
04:21:09 AM 100998    314063    0.00    0.00    0.00    0.00    0.00    12  postgres
04:21:09 AM 100998    314064    0.00    0.00    0.00    0.00    0.00    10  postgres
04:21:09 AM 100998    315444    1.00    0.00    0.00    0.00    1.00    14  postgres

04:21:09 AM   UID       PID    %usr %system  %guest   %wait    %CPU   CPU  Command
04:21:10 AM 100998    314060    0.00    0.00    0.00    0.00    0.00    10  postgres
04:21:10 AM 100998    314061    0.00    0.00    0.00    0.00    0.00    14  postgres
04:21:10 AM 100998    314063    0.00    0.00    0.00    0.00    0.00    12  postgres
04:21:10 AM 100998    314064    0.00    0.00    0.00    0.00    0.00    10  postgres
04:21:10 AM 100998    315444    0.00    0.00    0.00    0.00    0.00    14  postgres

04:21:10 AM   UID       PID    %usr %system  %guest   %wait    %CPU   CPU  Command
04:21:11 AM 100998    314060    0.00    0.00    0.00    0.00    0.00    10  postgres
04:21:11 AM 100998    314061    0.00    0.00    0.00    0.00    0.00    14  postgres
04:21:11 AM 100998    314063    0.00    0.00    0.00    0.00    0.00    12  postgres
04:21:11 AM 100998    314064    0.00    0.00    0.00    0.00    0.00    10  postgres
04:21:11 AM 100998    315444    0.00    0.00    0.00    0.00    0.00    12  postgres

04:21:11 AM   UID       PID    %usr %system  %guest   %wait    %CPU   CPU  Command
04:21:12 AM 100998    314060    0.00    0.00    0.00    0.00    0.00    10  postgres
04:21:12 AM 100998    314061    0.00    0.00    0.00    0.00    0.00    14  postgres
04:21:12 AM 100998    314063    0.00    0.00    0.00    0.00    0.00    12  postgres
04:21:12 AM 100998    314064    0.00    0.00    0.00    0.00    0.00    10  postgres
04:21:12 AM 100998    315444    0.00    0.00    0.00    0.00    0.00    12  postgres

04:21:12 AM   UID       PID    %usr %system  %guest   %wait    %CPU   CPU  Command
04:21:13 AM 100998    314060    0.00    0.00    0.00    0.00    0.00    10  postgres
04:21:13 AM 100998    314061    0.00    0.00    0.00    0.00    0.00    14  postgres
04:21:13 AM 100998    314063    0.00    0.00    0.00    0.00    0.00    12  postgres
04:21:13 AM 100998    314064    0.00    0.00    0.00    0.00    0.00    10  postgres
04:21:13 AM 100998    315444    0.00    0.00    0.00    0.00    0.00    14  postgres

04:21:13 AM   UID       PID    %usr %system  %guest   %wait    %CPU   CPU  Command
04:21:14 AM 100998    314060    0.00    0.00    0.00    0.00    0.00    10  postgres
04:21:14 AM 100998    314061    0.00    0.00    0.00    0.00    0.00    12  postgres
04:21:14 AM 100998    314063    0.00    0.00    0.00    0.00    0.00    12  postgres
04:21:14 AM 100998    314064    0.00    0.00    0.00    0.00    0.00    10  postgres
04:21:14 AM 100998    315444    1.00    1.00    0.00    0.00    2.00    12  postgres

04:21:14 AM   UID       PID    %usr %system  %guest   %wait    %CPU   CPU  Command
04:21:15 AM 100998    314060    0.00    0.00    0.00    0.00    0.00    10  postgres
04:21:15 AM 100998    314061    0.00    0.00    0.00    0.00    0.00    12  postgres
04:21:15 AM 100998    314063    0.00    0.00    0.00    0.00    0.00    12  postgres
04:21:15 AM 100998    314064    0.00    0.00    0.00    0.00    0.00    10  postgres
04:21:15 AM 100998    315444    0.00    0.00    0.00    0.00    0.00    12  postgres

04:21:15 AM   UID       PID    %usr %system  %guest   %wait    %CPU   CPU  Command
04:21:16 AM 100998    314060    0.00    0.00    0.00    0.00    0.00    10  postgres
04:21:16 AM 100998    314061    0.00    0.00    0.00    0.00    0.00    12  postgres
04:21:16 AM 100998    314063    0.00    0.00    0.00    0.00    0.00    12  postgres
04:21:16 AM 100998    314064    0.00    0.00    0.00    0.00    0.00    10  postgres
04:21:16 AM 100998    315444    0.00    0.00    0.00    0.00    0.00    10  postgres

04:21:16 AM   UID       PID    %usr %system  %guest   %wait    %CPU   CPU  Command
04:21:17 AM 100998    314060    0.00    0.00    0.00    0.00    0.00    10  postgres
04:21:17 AM 100998    314061    0.00    0.00    0.00    0.00    0.00    12  postgres
04:21:17 AM 100998    314063    0.00    0.00    0.00    0.00    0.00    12  postgres
04:21:17 AM 100998    314064    0.00    0.00    0.00    0.00    0.00    10  postgres
04:21:17 AM 100998    315444    0.00    0.00    0.00    0.00    0.00    10  postgres

04:21:17 AM   UID       PID    %usr %system  %guest   %wait    %CPU   CPU  Command
04:21:18 AM 100998    314060    0.00    0.00    0.00    0.00    0.00    10  postgres
04:21:18 AM 100998    314061    0.00    0.00    0.00    0.00    0.00    12  postgres
04:21:18 AM 100998    314063    0.00    0.00    0.00    0.00    0.00    12  postgres
04:21:18 AM 100998    314064    0.00    0.00    0.00    0.00    0.00    10  postgres
04:21:18 AM 100998    315444    0.00    0.00    0.00    0.00    0.00    14  postgres

04:21:18 AM   UID       PID    %usr %system  %guest   %wait    %CPU   CPU  Command
04:21:19 AM 100998    314060    0.00    0.00    0.00    0.00    0.00    10  postgres
04:21:19 AM 100998    314061    0.00    0.00    0.00    0.00    0.00    12  postgres
04:21:19 AM 100998    314063    0.00    0.00    0.00    0.00    0.00    12  postgres
04:21:19 AM 100998    314064    0.00    0.00    0.00    0.00    0.00    10  postgres
04:21:19 AM 100998    315444    1.00    0.00    0.00    0.00    1.00    12  postgres

04:21:19 AM   UID       PID    %usr %system  %guest   %wait    %CPU   CPU  Command
04:21:20 AM 100998    314060    0.00    0.00    0.00    0.00    0.00    10  postgres
04:21:20 AM 100998    314061    0.00    0.00    0.00    0.00    0.00    12  postgres
04:21:20 AM 100998    314063    0.00    0.00    0.00    0.00    0.00    12  postgres
04:21:20 AM 100998    314064    0.00    0.00    0.00    0.00    0.00    10  postgres
04:21:20 AM 100998    315444    0.00    0.00    0.00    0.00    0.00    12  postgres

04:21:20 AM   UID       PID    %usr %system  %guest   %wait    %CPU   CPU  Command
04:21:21 AM 100998    314060    0.00    0.00    0.00    0.00    0.00    10  postgres
04:21:21 AM 100998    314061    0.00    0.00    0.00    0.00    0.00    12  postgres
04:21:21 AM 100998    314063    0.00    0.00    0.00    0.00    0.00    12  postgres
04:21:21 AM 100998    314064    0.00    0.00    0.00    0.00    0.00    10  postgres
04:21:21 AM 100998    315444    0.00    0.00    0.00    0.00    0.00    12  postgres

04:21:21 AM   UID       PID    %usr %system  %guest   %wait    %CPU   CPU  Command
04:21:22 AM 100998    314060    0.00    0.00    0.00    0.00    0.00    10  postgres
04:21:22 AM 100998    314061    0.00    0.00    0.00    0.00    0.00    14  postgres
04:21:22 AM 100998    314063    0.00    0.00    0.00    0.00    0.00    12  postgres
04:21:22 AM 100998    314064    0.00    0.00    0.00    0.00    0.00    10  postgres
04:21:22 AM 100998    315444    0.00    0.00    0.00    0.00    0.00    12  postgres

04:21:22 AM   UID       PID    %usr %system  %guest   %wait    %CPU   CPU  Command
04:21:23 AM 100998    314060    0.00    0.00    0.00    0.00    0.00    10  postgres
04:21:23 AM 100998    314061    0.00    0.00    0.00    0.00    0.00    14  postgres
04:21:23 AM 100998    314063    0.00    0.00    0.00    0.00    0.00    12  postgres
04:21:23 AM 100998    314064    0.00    0.00    0.00    0.00    0.00    10  postgres
04:21:23 AM 100998    315444    1.00    1.00    0.00    0.00    2.00    12  postgres

04:21:23 AM   UID       PID    %usr %system  %guest   %wait    %CPU   CPU  Command
04:21:24 AM 100998    314060    0.00    0.00    0.00    0.00    0.00    10  postgres
04:21:24 AM 100998    314061    0.00    0.00    0.00    0.00    0.00    12  postgres
04:21:24 AM 100998    314063    0.00    0.00    0.00    0.00    0.00    12  postgres
04:21:24 AM 100998    314064    0.00    0.00    0.00    0.00    0.00    10  postgres
04:21:24 AM 100998    315444    0.00    0.00    0.00    0.00    0.00    14  postgres

04:21:24 AM   UID       PID    %usr %system  %guest   %wait    %CPU   CPU  Command
04:21:25 AM 100998    314060    0.00    0.00    0.00    0.00    0.00    10  postgres
04:21:25 AM 100998    314061    0.00    0.00    0.00    0.00    0.00    12  postgres
04:21:25 AM 100998    314063    0.00    0.00    0.00    0.00    0.00    12  postgres
04:21:25 AM 100998    314064    0.00    0.00    0.00    0.00    0.00    10  postgres
04:21:25 AM 100998    315444    0.00    0.00    0.00    0.00    0.00    12  postgres

04:21:25 AM   UID       PID    %usr %system  %guest   %wait    %CPU   CPU  Command
04:21:26 AM 100998    314060    0.00    0.00    0.00    0.00    0.00    10  postgres
04:21:26 AM 100998    314061    0.00    0.00    0.00    0.00    0.00    12  postgres
04:21:26 AM 100998    314063    0.00    0.00    0.00    0.00    0.00    12  postgres
04:21:26 AM 100998    314064    0.00    0.00    0.00    0.00    0.00    10  postgres
04:21:26 AM 100998    315444    1.00    0.00    0.00    0.00    1.00    14  postgres

04:21:26 AM   UID       PID    %usr %system  %guest   %wait    %CPU   CPU  Command
04:21:27 AM 100998    314060    0.00    0.00    0.00    0.00    0.00    10  postgres
04:21:27 AM 100998    314061    0.00    0.00    0.00    0.00    0.00    12  postgres
04:21:27 AM 100998    314063    0.00    0.00    0.00    0.00    0.00    12  postgres
04:21:27 AM 100998    314064    0.00    0.00    0.00    0.00    0.00    10  postgres
04:21:27 AM 100998    315444    0.00    0.00    0.00    0.00    0.00    12  postgres

04:21:27 AM   UID       PID    %usr %system  %guest   %wait    %CPU   CPU  Command
04:21:28 AM 100998    314060    0.00    0.00    0.00    0.00    0.00    10  postgres
04:21:28 AM 100998    314061    0.00    0.00    0.00    0.00    0.00    12  postgres
04:21:28 AM 100998    314063    0.00    0.00    0.00    0.00    0.00    12  postgres
04:21:28 AM 100998    314064    0.00    0.00    0.00    0.00    0.00    10  postgres
04:21:28 AM 100998    315444    0.00    0.00    0.00    0.00    0.00    12  postgres

04:21:28 AM   UID       PID    %usr %system  %guest   %wait    %CPU   CPU  Command
04:21:29 AM 100998    314060    0.00    0.00    0.00    0.00    0.00    10  postgres
04:21:29 AM 100998    314061    0.00    0.00    0.00    0.00    0.00    12  postgres
04:21:29 AM 100998    314063    0.00    0.00    0.00    0.00    0.00    12  postgres
04:21:29 AM 100998    314064    0.00    0.00    0.00    0.00    0.00    10  postgres
04:21:29 AM 100998    315444    1.00    0.00    0.00    0.00    1.00    12  postgres

04:21:29 AM   UID       PID    %usr %system  %guest   %wait    %CPU   CPU  Command
04:21:30 AM 100998    314060    0.00    0.00    0.00    0.00    0.00    10  postgres
04:21:30 AM 100998    314061    0.00    0.00    0.00    0.00    0.00    12  postgres
04:21:30 AM 100998    314063    0.00    0.00    0.00    0.00    0.00    12  postgres
04:21:30 AM 100998    314064    0.00    0.00    0.00    0.00    0.00    10  postgres
04:21:30 AM 100998    315444    0.00    0.00    0.00    0.00    0.00    14  postgres

04:21:30 AM   UID       PID    %usr %system  %guest   %wait    %CPU   CPU  Command
04:21:31 AM 100998    314060    0.00    0.00    0.00    0.00    0.00    10  postgres
04:21:31 AM 100998    314061    0.00    0.00    0.00    0.00    0.00    14  postgres
04:21:31 AM 100998    314063    0.00    0.00    0.00    0.00    0.00    12  postgres
04:21:31 AM 100998    314064    0.00    0.00    0.00    0.00    0.00    10  postgres
04:21:31 AM 100998    315444    1.00    1.00    0.00    0.00    2.00    12  postgres

04:21:31 AM   UID       PID    %usr %system  %guest   %wait    %CPU   CPU  Command
04:21:32 AM 100998    314060    0.00    0.00    0.00    0.00    0.00    10  postgres
04:21:32 AM 100998    314061    0.00    0.00    0.00    0.00    0.00    12  postgres
04:21:32 AM 100998    314063    0.00    0.00    0.00    0.00    0.00    12  postgres
04:21:32 AM 100998    314064    0.00    0.00    0.00    0.00    0.00    10  postgres
04:21:32 AM 100998    315444    0.00    0.00    0.00    0.00    0.00    10  postgres

04:21:32 AM   UID       PID    %usr %system  %guest   %wait    %CPU   CPU  Command
04:21:33 AM 100998    314060    0.00    0.00    0.00    0.00    0.00    10  postgres
04:21:33 AM 100998    314061    0.00    0.00    0.00    0.00    0.00    12  postgres
04:21:33 AM 100998    314063    0.00    0.00    0.00    0.00    0.00    12  postgres
04:21:33 AM 100998    314064    0.00    0.00    0.00    0.00    0.00    10  postgres
04:21:33 AM 100998    315444    1.00    0.00    0.00    0.00    1.00    10  postgres

04:21:33 AM   UID       PID    %usr %system  %guest   %wait    %CPU   CPU  Command
04:21:34 AM 100998    314060    0.00    0.00    0.00    0.00    0.00    10  postgres
04:21:34 AM 100998    314061    0.00    0.00    0.00    0.00    0.00    12  postgres
04:21:34 AM 100998    314063    0.00    0.00    0.00    0.00    0.00    12  postgres
04:21:34 AM 100998    314064    0.00    0.00    0.00    0.00    0.00    10  postgres
04:21:34 AM 100998    315444    0.00    0.00    0.00    0.00    0.00    10  postgres

04:21:34 AM   UID       PID    %usr %system  %guest   %wait    %CPU   CPU  Command
04:21:35 AM 100998    314060    0.00    0.00    0.00    0.00    0.00    10  postgres
04:21:35 AM 100998    314061    0.00    0.00    0.00    0.00    0.00    12  postgres
04:21:35 AM 100998    314063    0.00    0.00    0.00    0.00    0.00    12  postgres
04:21:35 AM 100998    314064    0.00    0.00    0.00    0.00    0.00    10  postgres
04:21:35 AM 100998    315444    0.00    0.00    0.00    0.00    0.00    10  postgres

04:21:35 AM   UID       PID    %usr %system  %guest   %wait    %CPU   CPU  Command
04:21:36 AM 100998    314060    0.00    0.00    0.00    0.00    0.00    10  postgres
04:21:36 AM 100998    314061    0.00    0.00    0.00    0.00    0.00    12  postgres
04:21:36 AM 100998    314063    0.00    0.00    0.00    0.00    0.00    12  postgres
04:21:36 AM 100998    314064    0.00    0.00    0.00    0.00    0.00    10  postgres
04:21:36 AM 100998    315444    1.00    0.00    0.00    0.00    1.00    12  postgres

04:21:36 AM   UID       PID    %usr %system  %guest   %wait    %CPU   CPU  Command
04:21:37 AM 100998    314060    0.00    0.00    0.00    0.00    0.00    10  postgres
04:21:37 AM 100998    314061    0.00    0.00    0.00    0.00    0.00    12  postgres
04:21:37 AM 100998    314063    0.00    0.00    0.00    0.00    0.00    12  postgres
04:21:37 AM 100998    314064    0.00    0.00    0.00    0.00    0.00    10  postgres
04:21:37 AM 100998    315444    0.00    0.00    0.00    0.00    0.00    12  postgres

04:21:37 AM   UID       PID    %usr %system  %guest   %wait    %CPU   CPU  Command
04:21:38 AM 100998    314060    0.00    0.00    0.00    0.00    0.00    10  postgres
04:21:38 AM 100998    314061    0.00    0.00    0.00    0.00    0.00    14  postgres
04:21:38 AM 100998    314063    0.00    0.00    0.00    0.00    0.00    12  postgres
04:21:38 AM 100998    314064    0.00    0.00    0.00    0.00    0.00    10  postgres
04:21:38 AM 100998    315444    1.00    1.00    0.00    0.00    2.00    10  postgres

04:21:38 AM   UID       PID    %usr %system  %guest   %wait    %CPU   CPU  Command
04:21:39 AM 100998    314060    0.00    0.00    0.00    0.00    0.00    10  postgres
04:21:39 AM 100998    314061    0.00    0.00    0.00    0.00    0.00    14  postgres
04:21:39 AM 100998    314063    0.00    0.00    0.00    0.00    0.00    12  postgres
04:21:39 AM 100998    314064    0.00    0.00    0.00    0.00    0.00    10  postgres
04:21:39 AM 100998    315444    0.00    0.00    0.00    0.00    0.00    12  postgres

04:21:39 AM   UID       PID    %usr %system  %guest   %wait    %CPU   CPU  Command
04:21:40 AM 100998    314060    0.00    0.00    0.00    0.00    0.00    10  postgres
04:21:40 AM 100998    314061    0.00    0.00    0.00    0.00    0.00    14  postgres
04:21:40 AM 100998    314063    0.00    0.00    0.00    0.00    0.00    12  postgres
04:21:40 AM 100998    314064    0.00    0.00    0.00    0.00    0.00    10  postgres
04:21:40 AM 100998    315444    0.00    0.00    0.00    0.00    0.00    14  postgres

04:21:40 AM   UID       PID    %usr %system  %guest   %wait    %CPU   CPU  Command
04:21:41 AM 100998    314060    0.00    0.00    0.00    0.00    0.00    10  postgres
04:21:41 AM 100998    314061    0.00    0.00    0.00    0.00    0.00    14  postgres
04:21:41 AM 100998    314063    0.00    0.00    0.00    0.00    0.00    12  postgres
04:21:41 AM 100998    314064    0.00    0.00    0.00    0.00    0.00    10  postgres
04:21:41 AM 100998    315444    1.00    1.00    0.00    0.00    2.00    12  postgres

04:21:41 AM   UID       PID    %usr %system  %guest   %wait    %CPU   CPU  Command
04:21:42 AM 100998    314060    0.00    0.00    0.00    0.00    0.00    10  postgres
04:21:42 AM 100998    314061    0.00    0.00    0.00    0.00    0.00    14  postgres
04:21:42 AM 100998    314063    0.00    0.00    0.00    0.00    0.00    12  postgres
04:21:42 AM 100998    314064    0.00    0.00    0.00    0.00    0.00    10  postgres
04:21:42 AM 100998    315444    1.00    0.00    0.00    0.00    1.00    12  postgres

04:21:42 AM   UID       PID    %usr %system  %guest   %wait    %CPU   CPU  Command
04:21:43 AM 100998    314060    0.00    0.00    0.00    0.00    0.00    10  postgres
04:21:43 AM 100998    314061    0.00    0.00    0.00    0.00    0.00    12  postgres
04:21:43 AM 100998    314063    0.00    0.00    0.00    0.00    0.00    12  postgres
04:21:43 AM 100998    314064    0.00    0.00    0.00    0.00    0.00    10  postgres
04:21:43 AM 100998    315444    0.00    0.00    0.00    0.00    0.00    12  postgres

04:21:43 AM   UID       PID    %usr %system  %guest   %wait    %CPU   CPU  Command
04:21:44 AM 100998    314060    0.00    0.00    0.00    0.00    0.00    10  postgres
04:21:44 AM 100998    314061    0.00    0.00    0.00    0.00    0.00    12  postgres
04:21:44 AM 100998    314063    0.00    0.00    0.00    0.00    0.00    12  postgres
04:21:44 AM 100998    314064    0.00    0.00    0.00    0.00    0.00    10  postgres
04:21:44 AM 100998    315444    1.00    0.00    0.00    0.00    1.00    12  postgres

04:21:44 AM   UID       PID    %usr %system  %guest   %wait    %CPU   CPU  Command
04:21:45 AM 100998    314060    0.00    0.00    0.00    0.00    0.00    10  postgres
04:21:45 AM 100998    314061    0.00    0.00    0.00    0.00    0.00    12  postgres
04:21:45 AM 100998    314063    0.00    0.00    0.00    0.00    0.00    12  postgres
04:21:45 AM 100998    314064    0.00    0.00    0.00    0.00    0.00    10  postgres
04:21:45 AM 100998    315444    1.00    0.00    0.00    0.00    1.00    10  postgres

04:21:45 AM   UID       PID    %usr %system  %guest   %wait    %CPU   CPU  Command
04:21:46 AM 100998    314060    0.00    0.00    0.00    0.00    0.00    10  postgres
04:21:46 AM 100998    314061    0.00    0.00    0.00    0.00    0.00    12  postgres
04:21:46 AM 100998    314063    0.00    0.00    0.00    0.00    0.00    12  postgres
04:21:46 AM 100998    314064    0.00    0.00    0.00    0.00    0.00    10  postgres
04:21:46 AM 100998    315444    0.00    1.00    0.00    0.00    1.00    10  postgres

04:21:46 AM   UID       PID    %usr %system  %guest   %wait    %CPU   CPU  Command
04:21:47 AM 100998    314060    0.00    0.00    0.00    0.00    0.00    10  postgres
04:21:47 AM 100998    314061    0.00    0.00    0.00    0.00    0.00    12  postgres
04:21:47 AM 100998    314063    0.00    0.00    0.00    0.00    0.00    12  postgres
04:21:47 AM 100998    314064    0.00    0.00    0.00    0.00    0.00    10  postgres
04:21:47 AM 100998    315444    0.00    0.00    0.00    0.00    0.00    14  postgres

04:21:47 AM   UID       PID    %usr %system  %guest   %wait    %CPU   CPU  Command
04:21:48 AM 100998    314060    0.00    0.00    0.00    0.00    0.00    10  postgres
04:21:48 AM 100998    314061    0.00    0.00    0.00    0.00    0.00    12  postgres
04:21:48 AM 100998    314063    0.00    0.00    0.00    0.00    0.00    12  postgres
04:21:48 AM 100998    314064    0.00    0.00    0.00    0.00    0.00    10  postgres
04:21:48 AM 100998    315444    1.00    0.00    0.00    0.00    1.00    14  postgres

04:21:48 AM   UID       PID    %usr %system  %guest   %wait    %CPU   CPU  Command
04:21:49 AM 100998    314060    0.00    0.00    0.00    0.00    0.00    10  postgres
04:21:49 AM 100998    314061    0.00    0.00    0.00    0.00    0.00    12  postgres
04:21:49 AM 100998    314063    0.00    0.00    0.00    0.00    0.00    12  postgres
04:21:49 AM 100998    314064    0.00    0.00    0.00    0.00    0.00    10  postgres
04:21:49 AM 100998    315444    0.00    1.00    0.00    0.00    1.00    10  postgres

04:21:49 AM   UID       PID    %usr %system  %guest   %wait    %CPU   CPU  Command
04:21:50 AM 100998    314060    0.00    0.00    0.00    0.00    0.00    10  postgres
04:21:50 AM 100998    314061    0.00    0.00    0.00    0.00    0.00    14  postgres
04:21:50 AM 100998    314063    0.00    0.00    0.00    0.00    0.00    12  postgres
04:21:50 AM 100998    314064    0.00    0.00    0.00    0.00    0.00    10  postgres
04:21:50 AM 100998    315444    1.00    0.00    0.00    0.00    1.00    10  postgres

04:21:50 AM   UID       PID    %usr %system  %guest   %wait    %CPU   CPU  Command
04:21:51 AM 100998    314060    0.00    0.00    0.00    0.00    0.00    10  postgres
04:21:51 AM 100998    314061    0.00    0.00    0.00    0.00    0.00    14  postgres
04:21:51 AM 100998    314063    0.00    0.00    0.00    0.00    0.00    12  postgres
04:21:51 AM 100998    314064    0.00    0.00    0.00    0.00    0.00    10  postgres
04:21:51 AM 100998    315444    0.00    0.00    0.00    0.00    0.00    14  postgres

04:21:51 AM   UID       PID    %usr %system  %guest   %wait    %CPU   CPU  Command
04:21:52 AM 100998    314060    0.00    0.00    0.00    0.00    0.00    10  postgres
04:21:52 AM 100998    314061    0.00    0.00    0.00    0.00    0.00    14  postgres
04:21:52 AM 100998    314063    0.00    0.00    0.00    0.00    0.00    12  postgres
04:21:52 AM 100998    314064    0.00    0.00    0.00    0.00    0.00    10  postgres
04:21:52 AM 100998    315444    0.00    1.00    0.00    0.00    1.00    14  postgres

04:21:52 AM   UID       PID    %usr %system  %guest   %wait    %CPU   CPU  Command
04:21:53 AM 100998    314060    0.00    0.00    0.00    0.00    0.00    10  postgres
04:21:53 AM 100998    314061    0.00    0.00    0.00    0.00    0.00    14  postgres
04:21:53 AM 100998    314063    0.00    0.00    0.00    0.00    0.00    12  postgres
04:21:53 AM 100998    314064    0.00    0.00    0.00    0.00    0.00    10  postgres
04:21:53 AM 100998    315444    1.00    0.00    0.00    0.00    1.00    12  postgres

04:21:53 AM   UID       PID    %usr %system  %guest   %wait    %CPU   CPU  Command
04:21:54 AM 100998    314060    0.00    0.00    0.00    0.00    0.00    10  postgres
04:21:54 AM 100998    314061    0.00    0.00    0.00    0.00    0.00    14  postgres
04:21:54 AM 100998    314063    0.00    0.00    0.00    0.00    0.00    12  postgres
04:21:54 AM 100998    314064    0.00    0.00    0.00    0.00    0.00    10  postgres
04:21:54 AM 100998    315444    1.00    0.00    0.00    0.00    1.00    10  postgres

04:21:54 AM   UID       PID    %usr %system  %guest   %wait    %CPU   CPU  Command
04:21:55 AM 100998    314060    0.00    0.00    0.00    0.00    0.00    10  postgres
04:21:55 AM 100998    314061    0.00    0.00    0.00    0.00    0.00    12  postgres
04:21:55 AM 100998    314063    0.00    0.00    0.00    0.00    0.00    12  postgres
04:21:55 AM 100998    314064    0.00    0.00    0.00    0.00    0.00    10  postgres
04:21:55 AM 100998    315444    0.00    0.00    0.00    0.00    0.00    12  postgres

04:21:55 AM   UID       PID    %usr %system  %guest   %wait    %CPU   CPU  Command
04:21:56 AM 100998    314060    0.00    0.00    0.00    0.00    0.00    10  postgres
04:21:56 AM 100998    314061    0.00    0.00    0.00    0.00    0.00    12  postgres
04:21:56 AM 100998    314063    0.00    0.00    0.00    0.00    0.00    12  postgres
04:21:56 AM 100998    314064    0.00    0.00    0.00    0.00    0.00    10  postgres
04:21:56 AM 100998    315444    1.00    1.00    0.00    0.00    2.00    12  postgres

04:21:56 AM   UID       PID    %usr %system  %guest   %wait    %CPU   CPU  Command
04:21:57 AM 100998    314060    0.00    0.00    0.00    0.00    0.00    10  postgres
04:21:57 AM 100998    314061    0.00    0.00    0.00    0.00    0.00    12  postgres
04:21:57 AM 100998    314063    0.00    0.00    0.00    0.00    0.00    12  postgres
04:21:57 AM 100998    314064    0.00    0.00    0.00    0.00    0.00    10  postgres
04:21:57 AM 100998    315444    1.00    0.00    0.00    0.00    1.00    12  postgres

04:21:57 AM   UID       PID    %usr %system  %guest   %wait    %CPU   CPU  Command
04:21:58 AM 100998    314060    0.00    0.00    0.00    0.00    0.00    10  postgres
04:21:58 AM 100998    314061    0.00    0.00    0.00    0.00    0.00    12  postgres
04:21:58 AM 100998    314063    0.00    0.00    0.00    0.00    0.00    12  postgres
04:21:58 AM 100998    314064    0.00    0.00    0.00    0.00    0.00    10  postgres
04:21:58 AM 100998    315444    0.00    0.00    0.00    0.00    0.00    10  postgres

04:21:58 AM   UID       PID    %usr %system  %guest   %wait    %CPU   CPU  Command
04:21:59 AM 100998    314060    0.00    0.00    0.00    0.00    0.00    10  postgres
04:21:59 AM 100998    314061    0.00    0.00    0.00    0.00    0.00    14  postgres
04:21:59 AM 100998    314063    0.00    0.00    0.00    0.00    0.00    12  postgres
04:21:59 AM 100998    314064    0.00    0.00    0.00    0.00    0.00    10  postgres
04:21:59 AM 100998    315444    1.00    1.00    0.00    0.00    2.00    12  postgres

04:21:59 AM   UID       PID    %usr %system  %guest   %wait    %CPU   CPU  Command
04:22:00 AM 100998    314060    0.00    0.00    0.00    0.00    0.00    10  postgres
04:22:00 AM 100998    314061    0.00    0.00    0.00    0.00    0.00    14  postgres
04:22:00 AM 100998    314063    0.00    0.00    0.00    0.00    0.00    12  postgres
04:22:00 AM 100998    314064    0.00    0.00    0.00    0.00    0.00    10  postgres
04:22:00 AM 100998    315444    1.00    0.00    0.00    0.00    1.00    10  postgres

04:22:00 AM   UID       PID    %usr %system  %guest   %wait    %CPU   CPU  Command
04:22:01 AM 100998    314060    0.00    0.00    0.00    0.00    0.00    10  postgres
04:22:01 AM 100998    314061    0.00    0.00    0.00    0.00    0.00    14  postgres
04:22:01 AM 100998    314063    0.00    0.00    0.00    0.00    0.00    12  postgres
04:22:01 AM 100998    314064    0.00    0.00    0.00    0.00    0.00    10  postgres
04:22:01 AM 100998    315444    0.00    0.00    0.00    0.00    0.00    12  postgres

04:22:01 AM   UID       PID    %usr %system  %guest   %wait    %CPU   CPU  Command
04:22:02 AM 100998    314060    0.00    0.00    0.00    0.00    0.00    10  postgres
04:22:02 AM 100998    314061    0.00    0.00    0.00    0.00    0.00    14  postgres
04:22:02 AM 100998    314063    0.00    0.00    0.00    0.00    0.00    12  postgres
04:22:02 AM 100998    314064    0.00    0.00    0.00    0.00    0.00    10  postgres
04:22:02 AM 100998    315444    1.00    0.00    0.00    0.00    1.00    10  postgres

04:22:02 AM   UID       PID    %usr %system  %guest   %wait    %CPU   CPU  Command
04:22:03 AM 100998    314060    0.00    0.00    0.00    0.00    0.00    10  postgres
04:22:03 AM 100998    314061    0.00    0.00    0.00    0.00    0.00    14  postgres
04:22:03 AM 100998    314063    0.00    0.00    0.00    0.00    0.00    12  postgres
04:22:03 AM 100998    314064    0.00    0.00    0.00    0.00    0.00    10  postgres
04:22:03 AM 100998    315444    1.00    1.00    0.00    0.00    2.00    10  postgres

04:22:03 AM   UID       PID    %usr %system  %guest   %wait    %CPU   CPU  Command
04:22:04 AM 100998    314060    0.00    0.00    0.00    0.00    0.00    10  postgres
04:22:04 AM 100998    314061    0.00    0.00    0.00    0.00    0.00    14  postgres
04:22:04 AM 100998    314063    0.00    0.00    0.00    0.00    0.00    12  postgres
04:22:04 AM 100998    314064    0.00    0.00    0.00    0.00    0.00    10  postgres
04:22:04 AM 100998    315444    0.00    0.00    0.00    0.00    0.00    14  postgres

04:22:04 AM   UID       PID    %usr %system  %guest   %wait    %CPU   CPU  Command
04:22:05 AM 100998    314060    0.00    0.00    0.00    0.00    0.00    10  postgres
04:22:05 AM 100998    314061    0.00    0.00    0.00    0.00    0.00    12  postgres
04:22:05 AM 100998    314063    0.00    0.00    0.00    0.00    0.00    14  postgres
04:22:05 AM 100998    314064    0.00    0.00    0.00    0.00    0.00    10  postgres
04:22:05 AM 100998    315444    0.00    0.00    0.00    0.00    0.00    12  postgres

04:22:05 AM   UID       PID    %usr %system  %guest   %wait    %CPU   CPU  Command
04:22:06 AM 100998    314060    0.00    0.00    0.00    0.00    0.00    10  postgres
04:22:06 AM 100998    314061    0.00    0.00    0.00    0.00    0.00    12  postgres
04:22:06 AM 100998    314063    0.00    0.00    0.00    0.00    0.00    14  postgres
04:22:06 AM 100998    314064    0.00    0.00    0.00    0.00    0.00    10  postgres
04:22:06 AM 100998    315444    0.00    1.00    0.00    0.00    1.00    12  postgres

04:22:06 AM   UID       PID    %usr %system  %guest   %wait    %CPU   CPU  Command
04:22:07 AM 100998    314060    0.00    0.00    0.00    0.00    0.00    10  postgres
04:22:07 AM 100998    314061    0.00    0.00    0.00    0.00    0.00    14  postgres
04:22:07 AM 100998    314063    0.00    0.00    0.00    0.00    0.00    14  postgres
04:22:07 AM 100998    314064    0.00    0.00    0.00    0.00    0.00    10  postgres
04:22:07 AM 100998    315444    1.00    0.00    0.00    0.00    1.00    10  postgres

04:22:07 AM   UID       PID    %usr %system  %guest   %wait    %CPU   CPU  Command
04:22:08 AM 100998    314060    0.00    0.00    0.00    0.00    0.00    10  postgres
04:22:08 AM 100998    314061    0.00    0.00    0.00    0.00    0.00    14  postgres
04:22:08 AM 100998    314063    0.00    0.00    0.00    0.00    0.00    14  postgres
04:22:08 AM 100998    314064    0.00    0.00    0.00    0.00    0.00    10  postgres
04:22:08 AM 100998    315444    0.00    0.00    0.00    0.00    0.00    12  postgres

04:22:08 AM   UID       PID    %usr %system  %guest   %wait    %CPU   CPU  Command
04:22:09 AM 100998    314060    0.00    0.00    0.00    0.00    0.00    10  postgres
04:22:09 AM 100998    314061    0.00    0.00    0.00    0.00    0.00    14  postgres
04:22:09 AM 100998    314063    0.00    0.00    0.00    0.00    0.00    14  postgres
04:22:09 AM 100998    314064    0.00    0.00    0.00    0.00    0.00    10  postgres
04:22:09 AM 100998    315444    0.00    1.00    0.00    0.00    1.00    12  postgres

04:22:09 AM   UID       PID    %usr %system  %guest   %wait    %CPU   CPU  Command
04:22:10 AM 100998    314060    0.00    0.00    0.00    0.00    0.00    10  postgres
04:22:10 AM 100998    314061    0.00    0.00    0.00    0.00    0.00    14  postgres
04:22:10 AM 100998    314063    0.00    0.00    0.00    0.00    0.00    14  postgres
04:22:10 AM 100998    314064    0.00    0.00    0.00    0.00    0.00    10  postgres
04:22:10 AM 100998    315444    1.00    0.00    0.00    0.00    1.00    12  postgres

04:22:10 AM   UID       PID    %usr %system  %guest   %wait    %CPU   CPU  Command
04:22:11 AM 100998    314060    0.00    0.00    0.00    0.00    0.00    10  postgres
04:22:11 AM 100998    314061    0.00    0.00    0.00    0.00    0.00    12  postgres
04:22:11 AM 100998    314063    0.00    0.00    0.00    0.00    0.00    14  postgres
04:22:11 AM 100998    314064    0.00    0.00    0.00    0.00    0.00    10  postgres
04:22:11 AM 100998    315444    0.00    1.00    0.00    0.00    1.00    12  postgres

04:22:11 AM   UID       PID    %usr %system  %guest   %wait    %CPU   CPU  Command
04:22:12 AM 100998    314060    0.00    0.00    0.00    0.00    0.00    10  postgres
04:22:12 AM 100998    314061    0.00    0.00    0.00    0.00    0.00    14  postgres
04:22:12 AM 100998    314063    0.00    0.00    0.00    0.00    0.00    14  postgres
04:22:12 AM 100998    314064    0.00    0.00    0.00    0.00    0.00    10  postgres
04:22:12 AM 100998    315444    0.00    0.00    0.00    0.00    0.00    12  postgres

04:22:12 AM   UID       PID    %usr %system  %guest   %wait    %CPU   CPU  Command
04:22:13 AM 100998    314060    0.00    0.00    0.00    0.00    0.00    10  postgres
04:22:13 AM 100998    314061    0.00    0.00    0.00    0.00    0.00    14  postgres
04:22:13 AM 100998    314063    0.00    0.00    0.00    0.00    0.00    14  postgres
04:22:13 AM 100998    314064    0.00    0.00    0.00    0.00    0.00    10  postgres
04:22:13 AM 100998    315444    1.00    0.00    0.00    0.00    1.00    14  postgres

04:22:13 AM   UID       PID    %usr %system  %guest   %wait    %CPU   CPU  Command
04:22:14 AM 100998    314060    0.00    0.00    0.00    0.00    0.00    10  postgres
04:22:14 AM 100998    314061    0.00    0.00    0.00    0.00    0.00    14  postgres
04:22:14 AM 100998    314063    0.00    0.00    0.00    0.00    0.00    14  postgres
04:22:14 AM 100998    314064    0.00    0.00    0.00    0.00    0.00    10  postgres
04:22:14 AM 100998    315444    0.00    1.00    0.00    0.00    1.00    14  postgres

04:22:14 AM   UID       PID    %usr %system  %guest   %wait    %CPU   CPU  Command
04:22:15 AM 100998    314060    0.00    0.00    0.00    0.00    0.00    10  postgres
04:22:15 AM 100998    314061    0.00    0.00    0.00    0.00    0.00    12  postgres
04:22:15 AM 100998    314063    0.00    0.00    0.00    0.00    0.00    14  postgres
04:22:15 AM 100998    314064    0.00    0.00    0.00    0.00    0.00    10  postgres
04:22:15 AM 100998    315444    0.00    0.00    0.00    0.00    0.00    12  postgres

04:22:15 AM   UID       PID    %usr %system  %guest   %wait    %CPU   CPU  Command
04:22:16 AM 100998    314060    0.00    0.00    0.00    0.00    0.00    10  postgres
04:22:16 AM 100998    314061    0.00    0.00    0.00    0.00    0.00    12  postgres
04:22:16 AM 100998    314063    0.00    0.00    0.00    0.00    0.00    14  postgres
04:22:16 AM 100998    314064    0.00    0.00    0.00    0.00    0.00    10  postgres
04:22:16 AM 100998    315444    1.00    0.00    0.00    0.00    1.00    10  postgres

04:22:16 AM   UID       PID    %usr %system  %guest   %wait    %CPU   CPU  Command
04:22:17 AM 100998    314060    0.00    0.00    0.00    0.00    0.00    10  postgres
04:22:17 AM 100998    314061    0.00    0.00    0.00    0.00    0.00    12  postgres
04:22:17 AM 100998    314063    0.00    0.00    0.00    0.00    0.00    14  postgres
04:22:17 AM 100998    314064    0.00    0.00    0.00    0.00    0.00    10  postgres
04:22:17 AM 100998    315444    0.00    1.00    0.00    0.00    1.00    14  postgres

04:22:17 AM   UID       PID    %usr %system  %guest   %wait    %CPU   CPU  Command
04:22:18 AM 100998    314060    0.00    0.00    0.00    0.00    0.00    10  postgres
04:22:18 AM 100998    314061    0.00    0.00    0.00    0.00    0.00    12  postgres
04:22:18 AM 100998    314063    0.00    0.00    0.00    0.00    0.00    14  postgres
04:22:18 AM 100998    314064    0.00    0.00    0.00    0.00    0.00    10  postgres
04:22:18 AM 100998    315444    0.00    0.00    0.00    0.00    0.00    14  postgres

04:22:18 AM   UID       PID    %usr %system  %guest   %wait    %CPU   CPU  Command
04:22:19 AM 100998    314060    0.00    0.00    0.00    0.00    0.00    10  postgres
04:22:19 AM 100998    314061    0.00    0.00    0.00    0.00    0.00    12  postgres
04:22:19 AM 100998    314063    0.00    0.00    0.00    0.00    0.00    14  postgres
04:22:19 AM 100998    314064    0.00    0.00    0.00    0.00    0.00    10  postgres
04:22:19 AM 100998    315444    0.00    0.00    0.00    0.00    0.00    10  postgres

04:22:19 AM   UID       PID    %usr %system  %guest   %wait    %CPU   CPU  Command
04:22:20 AM 100998    314060    0.00    0.00    0.00    0.00    0.00    10  postgres
04:22:20 AM 100998    314061    0.00    0.00    0.00    0.00    0.00    12  postgres
04:22:20 AM 100998    314063    0.00    0.00    0.00    0.00    0.00    14  postgres
04:22:20 AM 100998    314064    0.00    0.00    0.00    0.00    0.00    10  postgres
04:22:20 AM 100998    315444    1.00    0.00    0.00    0.00    1.00    10  postgres

04:22:20 AM   UID       PID    %usr %system  %guest   %wait    %CPU   CPU  Command
04:22:21 AM 100998    314060    0.00    0.00    0.00    0.00    0.00    10  postgres
04:22:21 AM 100998    314061    0.00    0.00    0.00    0.00    0.00    10  postgres
04:22:21 AM 100998    314063    0.00    0.00    0.00    0.00    0.00    14  postgres
04:22:21 AM 100998    314064    0.00    0.00    0.00    0.00    0.00    10  postgres
04:22:21 AM 100998    315444    0.00    1.00    0.00    0.00    1.00    10  postgres

04:22:21 AM   UID       PID    %usr %system  %guest   %wait    %CPU   CPU  Command
04:22:22 AM 100998    314060    0.00    0.00    0.00    0.00    0.00    10  postgres
04:22:22 AM 100998    314061    0.00    0.00    0.00    0.00    0.00    12  postgres
04:22:22 AM 100998    314063    0.00    0.00    0.00    0.00    0.00    14  postgres
04:22:22 AM 100998    314064    0.00    0.00    0.00    0.00    0.00    10  postgres
04:22:22 AM 100998    315444    1.00    0.00    0.00    0.00    1.00    14  postgres

04:22:22 AM   UID       PID    %usr %system  %guest   %wait    %CPU   CPU  Command
04:22:23 AM 100998    314060    0.00    0.00    0.00    0.00    0.00    10  postgres
04:22:23 AM 100998    314061    0.00    0.00    0.00    0.00    0.00    12  postgres
04:22:23 AM 100998    314063    0.00    0.00    0.00    0.00    0.00    14  postgres
04:22:23 AM 100998    314064    0.00    0.00    0.00    0.00    0.00    10  postgres
04:22:23 AM 100998    315444    0.00    0.00    0.00    0.00    0.00    14  postgres

04:22:23 AM   UID       PID    %usr %system  %guest   %wait    %CPU   CPU  Command
04:22:24 AM 100998    314060    0.00    0.00    0.00    0.00    0.00    10  postgres
04:22:24 AM 100998    314061    0.00    0.00    0.00    0.00    0.00    12  postgres
04:22:24 AM 100998    314063    0.00    0.00    0.00    0.00    0.00    14  postgres
04:22:24 AM 100998    314064    0.00    0.00    0.00    0.00    0.00    10  postgres
04:22:24 AM 100998    315444    0.00    1.00    0.00    0.00    1.00    12  postgres

04:22:24 AM   UID       PID    %usr %system  %guest   %wait    %CPU   CPU  Command
04:22:25 AM 100998    314060    0.00    0.00    0.00    0.00    0.00    10  postgres
04:22:25 AM 100998    314061    0.00    0.00    0.00    0.00    0.00    12  postgres
04:22:25 AM 100998    314063    0.00    0.00    0.00    0.00    0.00    14  postgres
04:22:25 AM 100998    314064    0.00    0.00    0.00    0.00    0.00    10  postgres
04:22:25 AM 100998    315444    0.00    0.00    0.00    0.00    0.00    10  postgres

04:22:25 AM   UID       PID    %usr %system  %guest   %wait    %CPU   CPU  Command
04:22:26 AM 100998    314060    0.00    0.00    0.00    0.00    0.00    10  postgres
04:22:26 AM 100998    314061    0.00    0.00    0.00    0.00    0.00    10  postgres
04:22:26 AM 100998    314063    0.00    0.00    0.00    0.00    0.00    14  postgres
04:22:26 AM 100998    314064    0.00    0.00    0.00    0.00    0.00    10  postgres
04:22:26 AM 100998    315444    1.00    1.00    0.00    0.00    2.00    12  postgres

04:22:26 AM   UID       PID    %usr %system  %guest   %wait    %CPU   CPU  Command
04:22:27 AM 100998    314060    0.00    0.00    0.00    0.00    0.00    10  postgres
04:22:27 AM 100998    314061    0.00    0.00    0.00    0.00    0.00    10  postgres
04:22:27 AM 100998    314063    0.00    0.00    0.00    0.00    0.00    14  postgres
04:22:27 AM 100998    314064    0.00    0.00    0.00    0.00    0.00    10  postgres
04:22:27 AM 100998    315444    0.00    0.00    0.00    0.00    0.00    10  postgres

04:22:27 AM   UID       PID    %usr %system  %guest   %wait    %CPU   CPU  Command
04:22:28 AM 100998    314060    0.00    0.00    0.00    0.00    0.00    10  postgres
04:22:28 AM 100998    314061    0.00    0.00    0.00    0.00    0.00    12  postgres
04:22:28 AM 100998    314063    0.00    0.00    0.00    0.00    0.00    14  postgres
04:22:28 AM 100998    314064    0.00    0.00    0.00    0.00    0.00    10  postgres
04:22:28 AM 100998    315444    0.00    0.00    0.00    0.00    0.00    12  postgres

04:22:28 AM   UID       PID    %usr %system  %guest   %wait    %CPU   CPU  Command
04:22:29 AM 100998    314060    0.00    0.00    0.00    0.00    0.00    10  postgres
04:22:29 AM 100998    314061    0.00    0.00    0.00    0.00    0.00    10  postgres
04:22:29 AM 100998    314063    0.00    0.00    0.00    0.00    0.00    14  postgres
04:22:29 AM 100998    314064    0.00    0.00    0.00    0.00    0.00    10  postgres
04:22:29 AM 100998    315444    1.00    1.00    0.00    0.00    2.00    10  postgres

04:22:29 AM   UID       PID    %usr %system  %guest   %wait    %CPU   CPU  Command
04:22:30 AM 100998    314060    0.00    0.00    0.00    0.00    0.00    10  postgres
04:22:30 AM 100998    314061    0.00    0.00    0.00    0.00    0.00    10  postgres
04:22:30 AM 100998    314063    0.00    0.00    0.00    0.00    0.00    12  postgres
04:22:30 AM 100998    314064    0.00    0.00    0.00    0.00    0.00    10  postgres
04:22:30 AM 100998    315444    0.00    0.00    0.00    0.00    0.00    10  postgres

04:22:30 AM   UID       PID    %usr %system  %guest   %wait    %CPU   CPU  Command
04:22:31 AM 100998    314060    0.00    0.00    0.00    0.00    0.00    10  postgres
04:22:31 AM 100998    314061    0.00    0.00    0.00    0.00    0.00    10  postgres
04:22:31 AM 100998    314063    0.00    0.00    0.00    0.00    0.00    12  postgres
04:22:31 AM 100998    314064    0.00    0.00    0.00    0.00    0.00    10  postgres
04:22:31 AM 100998    315444    1.00    0.00    0.00    0.00    1.00    12  postgres

04:22:31 AM   UID       PID    %usr %system  %guest   %wait    %CPU   CPU  Command
04:22:32 AM 100998    314060    0.00    0.00    0.00    0.00    0.00    10  postgres
04:22:32 AM 100998    314061    0.00    0.00    0.00    0.00    0.00    10  postgres
04:22:32 AM 100998    314063    0.00    0.00    0.00    0.00    0.00    12  postgres
04:22:32 AM 100998    314064    0.00    0.00    0.00    0.00    0.00    10  postgres
04:22:32 AM 100998    315444    0.00    0.00    0.00    0.00    0.00    12  postgres

04:22:32 AM   UID       PID    %usr %system  %guest   %wait    %CPU   CPU  Command
04:22:33 AM 100998    314060    0.00    0.00    0.00    0.00    0.00    10  postgres
04:22:33 AM 100998    314061    0.00    0.00    0.00    0.00    0.00    10  postgres
04:22:33 AM 100998    314063    0.00    0.00    0.00    0.00    0.00    12  postgres
04:22:33 AM 100998    314064    0.00    0.00    0.00    0.00    0.00    10  postgres
04:22:33 AM 100998    315444    0.00    1.00    0.00    0.00    1.00    14  postgres

04:22:33 AM   UID       PID    %usr %system  %guest   %wait    %CPU   CPU  Command
04:22:34 AM 100998    314060    0.00    0.00    0.00    0.00    0.00    10  postgres
04:22:34 AM 100998    314061    0.00    0.00    0.00    0.00    0.00    10  postgres
04:22:34 AM 100998    314063    0.00    0.00    0.00    0.00    0.00    12  postgres
04:22:34 AM 100998    314064    0.00    0.00    0.00    0.00    0.00    10  postgres
04:22:34 AM 100998    315444    1.00    0.00    0.00    0.00    1.00    14  postgres

04:22:34 AM   UID       PID    %usr %system  %guest   %wait    %CPU   CPU  Command
04:22:35 AM 100998    314060    0.00    0.00    0.00    0.00    0.00    10  postgres
04:22:35 AM 100998    314061    0.00    0.00    0.00    0.00    0.00    10  postgres
04:22:35 AM 100998    314063    0.00    0.00    0.00    0.00    0.00    12  postgres
04:22:35 AM 100998    314064    0.00    0.00    0.00    0.00    0.00    10  postgres
04:22:35 AM 100998    315444    0.00    0.00    0.00    0.00    0.00    10  postgres

04:22:35 AM   UID       PID    %usr %system  %guest   %wait    %CPU   CPU  Command
04:22:36 AM 100998    314060    0.00    0.00    0.00    0.00    0.00    10  postgres
04:22:36 AM 100998    314061    0.00    0.00    0.00    0.00    0.00    12  postgres
04:22:36 AM 100998    314063    0.00    0.00    0.00    0.00    0.00    12  postgres
04:22:36 AM 100998    314064    0.00    0.00    0.00    0.00    0.00    10  postgres
04:22:36 AM 100998    315444    0.00    1.00    0.00    0.00    1.00    14  postgres

04:22:36 AM   UID       PID    %usr %system  %guest   %wait    %CPU   CPU  Command
04:22:37 AM 100998    314060    0.00    0.00    0.00    0.00    0.00    10  postgres
04:22:37 AM 100998    314061    0.00    0.00    0.00    0.00    0.00    12  postgres
04:22:37 AM 100998    314063    0.00    0.00    0.00    0.00    0.00    12  postgres
04:22:37 AM 100998    314064    0.00    0.00    0.00    0.00    0.00    10  postgres
04:22:37 AM 100998    315444    1.00    0.00    0.00    0.00    1.00    14  postgres

04:22:37 AM   UID       PID    %usr %system  %guest   %wait    %CPU   CPU  Command
04:22:38 AM 100998    314060    0.00    0.00    0.00    0.00    0.00    10  postgres
04:22:38 AM 100998    314061    0.00    0.00    0.00    0.00    0.00    12  postgres
04:22:38 AM 100998    314063    0.00    0.00    0.00    0.00    0.00    12  postgres
04:22:38 AM 100998    314064    0.00    0.00    0.00    0.00    0.00    10  postgres
04:22:38 AM 100998    315444    0.00    0.00    0.00    0.00    0.00    10  postgres

04:22:38 AM   UID       PID    %usr %system  %guest   %wait    %CPU   CPU  Command
04:22:39 AM 100998    314060    0.00    0.00    0.00    0.00    0.00    10  postgres
04:22:39 AM 100998    314061    0.00    0.00    0.00    0.00    0.00    12  postgres
04:22:39 AM 100998    314063    0.00    0.00    0.00    0.00    0.00    12  postgres
04:22:39 AM 100998    314064    0.00    0.00    0.00    0.00    0.00    10  postgres
04:22:39 AM 100998    315444    1.00    1.00    0.00    0.00    2.00    12  postgres

04:22:39 AM   UID       PID    %usr %system  %guest   %wait    %CPU   CPU  Command
04:22:40 AM 100998    314060    0.00    0.00    0.00    0.00    0.00    10  postgres
04:22:40 AM 100998    314061    0.00    0.00    0.00    0.00    0.00    12  postgres
04:22:40 AM 100998    314063    0.00    0.00    0.00    0.00    0.00    12  postgres
04:22:40 AM 100998    314064    0.00    0.00    0.00    0.00    0.00    10  postgres
04:22:40 AM 100998    315444    0.00    0.00    0.00    0.00    0.00    12  postgres

04:22:40 AM   UID       PID    %usr %system  %guest   %wait    %CPU   CPU  Command
04:22:41 AM 100998    314060    0.00    0.00    0.00    0.00    0.00    10  postgres
04:22:41 AM 100998    314061    0.00    0.00    0.00    0.00    0.00    12  postgres
04:22:41 AM 100998    314063    0.00    0.00    0.00    0.00    0.00    12  postgres
04:22:41 AM 100998    314064    0.00    0.00    0.00    0.00    0.00    10  postgres
04:22:41 AM 100998    315444    0.00    0.00    0.00    0.00    0.00    10  postgres

04:22:41 AM   UID       PID    %usr %system  %guest   %wait    %CPU   CPU  Command
04:22:42 AM 100998    314060    0.00    0.00    0.00    0.00    0.00    10  postgres
04:22:42 AM 100998    314061    0.00    0.00    0.00    0.00    0.00    12  postgres
04:22:42 AM 100998    314063    0.00    0.00    0.00    0.00    0.00    12  postgres
04:22:42 AM 100998    314064    0.00    0.00    0.00    0.00    0.00    10  postgres
04:22:42 AM 100998    315444    1.00    1.00    0.00    0.00    2.00    12  postgres

04:22:42 AM   UID       PID    %usr %system  %guest   %wait    %CPU   CPU  Command
04:22:43 AM 100998    314060    0.00    0.00    0.00    0.00    0.00    10  postgres
04:22:43 AM 100998    314061    0.00    0.00    0.00    0.00    0.00    12  postgres
04:22:43 AM 100998    314063    0.00    0.00    0.00    0.00    0.00    12  postgres
04:22:43 AM 100998    314064    0.00    0.00    0.00    0.00    0.00    10  postgres
04:22:43 AM 100998    315444    0.00    0.00    0.00    0.00    0.00    10  postgres

04:22:43 AM   UID       PID    %usr %system  %guest   %wait    %CPU   CPU  Command
04:22:44 AM 100998    314060    0.00    0.00    0.00    0.00    0.00    10  postgres
04:22:44 AM 100998    314061    0.00    0.00    0.00    0.00    0.00    12  postgres
04:22:44 AM 100998    314063    0.00    0.00    0.00    0.00    0.00    12  postgres
04:22:44 AM 100998    314064    0.00    0.00    0.00    0.00    0.00    10  postgres
04:22:44 AM 100998    315444    0.00    1.00    0.00    0.00    1.00    12  postgres

04:22:44 AM   UID       PID    %usr %system  %guest   %wait    %CPU   CPU  Command
04:22:45 AM 100998    314060    0.00    0.00    0.00    0.00    0.00    10  postgres
04:22:45 AM 100998    314061    0.00    0.00    0.00    0.00    0.00    12  postgres
04:22:45 AM 100998    314063    0.00    0.00    0.00    0.00    0.00    12  postgres
04:22:45 AM 100998    314064    0.00    0.00    0.00    0.00    0.00    10  postgres
04:22:45 AM 100998    315444    1.00    0.00    0.00    0.00    1.00    12  postgres

04:22:45 AM   UID       PID    %usr %system  %guest   %wait    %CPU   CPU  Command
04:22:46 AM 100998    314060    0.00    0.00    0.00    0.00    0.00    10  postgres
04:22:46 AM 100998    314061    0.00    0.00    0.00    0.00    0.00    12  postgres
04:22:46 AM 100998    314063    0.00    0.00    0.00    0.00    0.00    12  postgres
04:22:46 AM 100998    314064    0.00    0.00    0.00    0.00    0.00    10  postgres
04:22:46 AM 100998    315444    0.00    0.00    0.00    0.00    0.00    12  postgres

04:22:46 AM   UID       PID    %usr %system  %guest   %wait    %CPU   CPU  Command
04:22:47 AM 100998    314060    0.00    0.00    0.00    0.00    0.00    10  postgres
04:22:47 AM 100998    314061    0.00    0.00    0.00    0.00    0.00    12  postgres
04:22:47 AM 100998    314063    0.00    0.00    0.00    0.00    0.00    12  postgres
04:22:47 AM 100998    314064    0.00    0.00    0.00    0.00    0.00    10  postgres
04:22:47 AM 100998    315444    1.00    0.00    0.00    0.00    1.00    14  postgres

04:22:47 AM   UID       PID    %usr %system  %guest   %wait    %CPU   CPU  Command
04:22:48 AM 100998    314060    0.00    0.00    0.00    0.00    0.00    10  postgres
04:22:48 AM 100998    314061    0.00    0.00    0.00    0.00    0.00    12  postgres
04:22:48 AM 100998    314063    0.00    0.00    0.00    0.00    0.00    12  postgres
04:22:48 AM 100998    314064    0.00    0.00    0.00    0.00    0.00    10  postgres
04:22:48 AM 100998    315444    0.00    1.00    0.00    0.00    1.00    10  postgres

04:22:48 AM   UID       PID    %usr %system  %guest   %wait    %CPU   CPU  Command
04:22:49 AM 100998    314060    0.00    0.00    0.00    0.00    0.00    10  postgres
04:22:49 AM 100998    314061    0.00    0.00    0.00    0.00    0.00    12  postgres
04:22:49 AM 100998    314063    0.00    0.00    0.00    0.00    0.00    12  postgres
04:22:49 AM 100998    314064    0.00    0.00    0.00    0.00    0.00    10  postgres
04:22:49 AM 100998    315444    0.00    0.00    0.00    0.00    0.00    12  postgres

04:22:49 AM   UID       PID    %usr %system  %guest   %wait    %CPU   CPU  Command
04:22:50 AM 100998    314060    0.00    0.00    0.00    0.00    0.00    10  postgres
04:22:50 AM 100998    314061    0.00    0.00    0.00    0.00    0.00    12  postgres
04:22:50 AM 100998    314063    0.00    0.00    0.00    0.00    0.00    12  postgres
04:22:50 AM 100998    314064    0.00    0.00    0.00    0.00    0.00    10  postgres
04:22:50 AM 100998    315444    1.00    0.00    0.00    0.00    1.00    10  postgres

04:22:50 AM   UID       PID    %usr %system  %guest   %wait    %CPU   CPU  Command
04:22:51 AM 100998    314060    0.00    0.00    0.00    0.00    0.00    10  postgres
04:22:51 AM 100998    314061    0.00    0.00    0.00    0.00    0.00    12  postgres
04:22:51 AM 100998    314063    0.00    0.00    0.00    0.00    0.00    12  postgres
04:22:51 AM 100998    314064    0.00    0.00    0.00    0.00    0.00    10  postgres
04:22:51 AM 100998    315444    0.00    1.00    0.00    0.00    1.00    10  postgres

04:22:51 AM   UID       PID    %usr %system  %guest   %wait    %CPU   CPU  Command
04:22:52 AM 100998    314060    0.00    0.00    0.00    0.00    0.00    10  postgres
04:22:52 AM 100998    314061    0.00    0.00    0.00    0.00    0.00    12  postgres
04:22:52 AM 100998    314063    0.00    0.00    0.00    0.00    0.00    12  postgres
04:22:52 AM 100998    314064    0.00    0.00    0.00    0.00    0.00    10  postgres
04:22:52 AM 100998    315444    1.00    0.00    0.00    0.00    1.00    10  postgres

04:22:52 AM   UID       PID    %usr %system  %guest   %wait    %CPU   CPU  Command
04:22:53 AM 100998    314060    0.00    0.00    0.00    0.00    0.00    10  postgres
04:22:53 AM 100998    314061    0.00    0.00    0.00    0.00    0.00    12  postgres
04:22:53 AM 100998    314063    0.00    0.00    0.00    0.00    0.00    12  postgres
04:22:53 AM 100998    314064    0.00    0.00    0.00    0.00    0.00    10  postgres
04:22:53 AM 100998    315444    0.00    0.00    0.00    0.00    0.00    12  postgres

04:22:53 AM   UID       PID    %usr %system  %guest   %wait    %CPU   CPU  Command
04:22:54 AM 100998    314060    0.00    0.00    0.00    0.00    0.00    10  postgres
04:22:54 AM 100998    314061    0.00    0.00    0.00    0.00    0.00    12  postgres
04:22:54 AM 100998    314063    0.00    0.00    0.00    0.00    0.00    12  postgres
04:22:54 AM 100998    314064    0.00    0.00    0.00    0.00    0.00    10  postgres
04:22:54 AM 100998    315444    0.00    0.00    0.00    0.00    0.00    10  postgres

04:22:54 AM   UID       PID    %usr %system  %guest   %wait    %CPU   CPU  Command
04:22:55 AM 100998    314060    0.00    0.00    0.00    0.00    0.00    10  postgres
04:22:55 AM 100998    314061    0.00    0.00    0.00    0.00    0.00    12  postgres
04:22:55 AM 100998    314063    0.00    0.00    0.00    0.00    0.00    12  postgres
04:22:55 AM 100998    314064    0.00    0.00    0.00    0.00    0.00    10  postgres
04:22:55 AM 100998    315444    1.00    0.00    0.00    0.00    1.00    14  postgres

04:22:55 AM   UID       PID    %usr %system  %guest   %wait    %CPU   CPU  Command
04:22:56 AM 100998    314060    0.00    0.00    0.00    0.00    0.00    10  postgres
04:22:56 AM 100998    314061    0.00    0.00    0.00    0.00    0.00    12  postgres
04:22:56 AM 100998    314063    0.00    0.00    0.00    0.00    0.00    12  postgres
04:22:56 AM 100998    314064    0.00    0.00    0.00    0.00    0.00    10  postgres
04:22:56 AM 100998    315444    0.00    1.00    0.00    0.00    1.00    10  postgres

04:22:56 AM   UID       PID    %usr %system  %guest   %wait    %CPU   CPU  Command
04:22:57 AM 100998    314060    0.00    0.00    0.00    0.00    0.00    10  postgres
04:22:57 AM 100998    314061    0.00    0.00    0.00    0.00    0.00    12  postgres
04:22:57 AM 100998    314063    0.00    0.00    0.00    0.00    0.00    12  postgres
04:22:57 AM 100998    314064    0.00    0.00    0.00    0.00    0.00    10  postgres
04:22:57 AM 100998    315444    1.00    0.00    0.00    0.00    1.00    10  postgres

04:22:57 AM   UID       PID    %usr %system  %guest   %wait    %CPU   CPU  Command
04:22:58 AM 100998    314060    0.00    0.00    0.00    0.00    0.00    10  postgres
04:22:58 AM 100998    314061    0.00    0.00    0.00    0.00    0.00    12  postgres
04:22:58 AM 100998    314063    0.00    0.00    0.00    0.00    0.00    12  postgres
04:22:58 AM 100998    314064    0.00    0.00    0.00    0.00    0.00    10  postgres
04:22:58 AM 100998    315444    0.00    0.00    0.00    0.00    0.00    14  postgres

04:22:58 AM   UID       PID    %usr %system  %guest   %wait    %CPU   CPU  Command
04:22:59 AM 100998    314060    0.00    0.00    0.00    0.00    0.00    10  postgres
04:22:59 AM 100998    314061    0.00    0.00    0.00    0.00    0.00    12  postgres
04:22:59 AM 100998    314063    0.00    0.00    0.00    0.00    0.00    12  postgres
04:22:59 AM 100998    314064    0.00    0.00    0.00    0.00    0.00    10  postgres
04:22:59 AM 100998    315444    0.00    1.00    0.00    0.00    1.00    14  postgres

04:22:59 AM   UID       PID    %usr %system  %guest   %wait    %CPU   CPU  Command
04:23:00 AM 100998    314060    0.00    0.00    0.00    0.00    0.00    10  postgres
04:23:00 AM 100998    314061    0.00    0.00    0.00    0.00    0.00    12  postgres
04:23:00 AM 100998    314063    0.00    0.00    0.00    0.00    0.00    12  postgres
04:23:00 AM 100998    314064    0.00    0.00    0.00    0.00    0.00    10  postgres
04:23:00 AM 100998    315444    1.00    0.00    0.00    0.00    1.00    10  postgres

04:23:00 AM   UID       PID    %usr %system  %guest   %wait    %CPU   CPU  Command
04:23:01 AM 100998    314060    0.00    0.00    0.00    0.00    0.00    10  postgres
04:23:01 AM 100998    314061    0.00    0.00    0.00    0.00    0.00    12  postgres
04:23:01 AM 100998    314063    0.00    0.00    0.00    0.00    0.00    12  postgres
04:23:01 AM 100998    314064    0.00    0.00    0.00    0.00    0.00    10  postgres
04:23:01 AM 100998    315444    0.00    0.00    0.00    0.00    0.00    14  postgres

04:23:01 AM   UID       PID    %usr %system  %guest   %wait    %CPU   CPU  Command
04:23:02 AM 100998    314060    0.00    0.00    0.00    0.00    0.00    10  postgres
04:23:02 AM 100998    314061    0.00    0.00    0.00    0.00    0.00    12  postgres
04:23:02 AM 100998    314063    0.00    0.00    0.00    0.00    0.00    12  postgres
04:23:02 AM 100998    314064    0.00    0.00    0.00    0.00    0.00    10  postgres
04:23:02 AM 100998    315444    1.00    0.00    0.00    0.00    1.00    14  postgres

04:23:02 AM   UID       PID    %usr %system  %guest   %wait    %CPU   CPU  Command
04:23:03 AM 100998    314060    0.00    0.00    0.00    0.00    0.00    10  postgres
04:23:03 AM 100998    314061    0.00    0.00    0.00    0.00    0.00    12  postgres
04:23:03 AM 100998    314063    0.00    0.00    0.00    0.00    0.00    12  postgres
04:23:03 AM 100998    314064    0.00    0.00    0.00    0.00    0.00    10  postgres
04:23:03 AM 100998    315444    0.00    0.00    0.00    0.00    0.00    14  postgres

04:23:03 AM   UID       PID    %usr %system  %guest   %wait    %CPU   CPU  Command
04:23:04 AM 100998    314060    0.00    0.00    0.00    0.00    0.00    10  postgres
04:23:04 AM 100998    314061    0.00    0.00    0.00    0.00    0.00    12  postgres
04:23:04 AM 100998    314063    0.00    0.00    0.00    0.00    0.00    12  postgres
04:23:04 AM 100998    314064    0.00    0.00    0.00    0.00    0.00    10  postgres
04:23:04 AM 100998    315444    1.00    0.00    0.00    0.00    1.00    14  postgres

04:23:04 AM   UID       PID    %usr %system  %guest   %wait    %CPU   CPU  Command
04:23:05 AM 100998    314060    0.00    0.00    0.00    0.00    0.00    10  postgres
04:23:05 AM 100998    314061    0.00    0.00    0.00    0.00    0.00    12  postgres
04:23:05 AM 100998    314063    0.00    0.00    0.00    0.00    0.00    12  postgres
04:23:05 AM 100998    314064    0.00    0.00    0.00    0.00    0.00    10  postgres
04:23:05 AM 100998    315444    0.00    1.00    0.00    0.00    1.00    14  postgres

04:23:05 AM   UID       PID    %usr %system  %guest   %wait    %CPU   CPU  Command
04:23:06 AM 100998    314060    0.00    0.00    0.00    0.00    0.00    10  postgres
04:23:06 AM 100998    314061    0.00    0.00    0.00    0.00    0.00    12  postgres
04:23:06 AM 100998    314063    0.00    0.00    0.00    0.00    0.00    12  postgres
04:23:06 AM 100998    314064    0.00    0.00    0.00    0.00    0.00    10  postgres
04:23:06 AM 100998    315444    0.00    0.00    0.00    0.00    0.00    14  postgres

04:23:06 AM   UID       PID    %usr %system  %guest   %wait    %CPU   CPU  Command
04:23:07 AM 100998    314060    0.00    0.00    0.00    0.00    0.00    10  postgres
04:23:07 AM 100998    314061    0.00    0.00    0.00    0.00    0.00    12  postgres
04:23:07 AM 100998    314063    0.00    0.00    0.00    0.00    0.00    12  postgres
04:23:07 AM 100998    314064    0.00    0.00    0.00    0.00    0.00    10  postgres
04:23:07 AM 100998    315444    0.00    0.00    0.00    0.00    0.00    14  postgres

04:23:07 AM   UID       PID    %usr %system  %guest   %wait    %CPU   CPU  Command
04:23:08 AM 100998    314060    0.00    0.00    0.00    0.00    0.00    10  postgres
04:23:08 AM 100998    314061    0.00    0.00    0.00    0.00    0.00    12  postgres
04:23:08 AM 100998    314063    0.00    0.00    0.00    0.00    0.00    12  postgres
04:23:08 AM 100998    314064    0.00    0.00    0.00    0.00    0.00    10  postgres
04:23:08 AM 100998    315444    0.00    0.00    0.00    0.00    0.00    14  postgres

04:23:08 AM   UID       PID    %usr %system  %guest   %wait    %CPU   CPU  Command
04:23:09 AM 100998    314060    0.00    0.00    0.00    0.00    0.00    10  postgres
04:23:09 AM 100998    314061    0.00    0.00    0.00    0.00    0.00    12  postgres
04:23:09 AM 100998    314063    0.00    0.00    0.00    0.00    0.00    12  postgres
04:23:09 AM 100998    314064    0.00    0.00    0.00    0.00    0.00    10  postgres
04:23:09 AM 100998    315444    0.00    0.00    0.00    0.00    0.00    14  postgres

04:23:09 AM   UID       PID    %usr %system  %guest   %wait    %CPU   CPU  Command
04:23:10 AM 100998    314060    0.00    0.00    0.00    0.00    0.00    10  postgres
04:23:10 AM 100998    314061    0.00    0.00    0.00    0.00    0.00    12  postgres
04:23:10 AM 100998    314063    0.00    0.00    0.00    0.00    0.00    12  postgres
04:23:10 AM 100998    314064    0.00    0.00    0.00    0.00    0.00    10  postgres
04:23:10 AM 100998    315444    0.00    0.00    0.00    0.00    0.00    14  postgres

04:23:10 AM   UID       PID    %usr %system  %guest   %wait    %CPU   CPU  Command
04:23:11 AM 100998    314060    0.00    0.00    0.00    0.00    0.00    10  postgres
04:23:11 AM 100998    314061    0.00    0.00    0.00    0.00    0.00    12  postgres
04:23:11 AM 100998    314063    0.00    0.00    0.00    0.00    0.00    12  postgres
04:23:11 AM 100998    314064    0.00    0.00    0.00    0.00    0.00    10  postgres
04:23:11 AM 100998    315444    0.00    0.00    0.00    0.00    0.00    14  postgres

04:23:11 AM   UID       PID    %usr %system  %guest   %wait    %CPU   CPU  Command
04:23:12 AM 100998    314060    0.00    0.00    0.00    0.00    0.00    10  postgres
04:23:12 AM 100998    314061    0.00    0.00    0.00    0.00    0.00    12  postgres
04:23:12 AM 100998    314063    0.00    0.00    0.00    0.00    0.00    12  postgres
04:23:12 AM 100998    314064    0.00    0.00    0.00    0.00    0.00    10  postgres
04:23:12 AM 100998    315444    0.00    0.00    0.00    0.00    0.00    14  postgres

04:23:12 AM   UID       PID    %usr %system  %guest   %wait    %CPU   CPU  Command
04:23:13 AM 100998    314060    0.00    0.00    0.00    0.00    0.00    10  postgres
04:23:13 AM 100998    314061    0.00    0.00    0.00    0.00    0.00    12  postgres
04:23:13 AM 100998    314063    0.00    0.00    0.00    0.00    0.00    12  postgres
04:23:13 AM 100998    314064    0.00    0.00    0.00    0.00    0.00    10  postgres
04:23:13 AM 100998    315444    0.00    0.00    0.00    0.00    0.00    14  postgres

04:23:13 AM   UID       PID    %usr %system  %guest   %wait    %CPU   CPU  Command
04:23:14 AM 100998    314060    0.00    0.00    0.00    0.00    0.00    10  postgres
04:23:14 AM 100998    314061    0.00    0.00    0.00    0.00    0.00    12  postgres
04:23:14 AM 100998    314063    0.00    0.00    0.00    0.00    0.00    12  postgres
04:23:14 AM 100998    314064    0.00    0.00    0.00    0.00    0.00    10  postgres
04:23:14 AM 100998    315444    0.00    0.00    0.00    0.00    0.00    14  postgres

04:23:14 AM   UID       PID    %usr %system  %guest   %wait    %CPU   CPU  Command
04:23:15 AM 100998    314060    0.00    0.00    0.00    0.00    0.00    10  postgres
04:23:15 AM 100998    314061    0.00    0.00    0.00    0.00    0.00    12  postgres
04:23:15 AM 100998    314063    0.00    0.00    0.00    0.00    0.00    12  postgres
04:23:15 AM 100998    314064    0.00    0.00    0.00    0.00    0.00    10  postgres
04:23:15 AM 100998    315444    0.00    0.00    0.00    0.00    0.00    14  postgres

04:23:15 AM   UID       PID    %usr %system  %guest   %wait    %CPU   CPU  Command
04:23:16 AM 100998    314060    0.00    0.00    0.00    0.00    0.00    10  postgres
04:23:16 AM 100998    314061    0.00    0.00    0.00    0.00    0.00    12  postgres
04:23:16 AM 100998    314063    0.00    0.00    0.00    0.00    0.00    12  postgres
04:23:16 AM 100998    314064    0.00    0.00    0.00    0.00    0.00    10  postgres
04:23:16 AM 100998    315444    0.00    0.00    0.00    0.00    0.00    14  postgres

04:23:16 AM   UID       PID    %usr %system  %guest   %wait    %CPU   CPU  Command
04:23:17 AM 100998    314060    0.00    0.00    0.00    0.00    0.00    10  postgres
04:23:17 AM 100998    314061    0.00    0.00    0.00    0.00    0.00    12  postgres
04:23:17 AM 100998    314063    0.00    0.00    0.00    0.00    0.00    12  postgres
04:23:17 AM 100998    314064    0.00    0.00    0.00    0.00    0.00    10  postgres
04:23:17 AM 100998    315444    0.00    0.00    0.00    0.00    0.00    14  postgres

04:23:17 AM   UID       PID    %usr %system  %guest   %wait    %CPU   CPU  Command
04:23:18 AM 100998    314060    0.00    0.00    0.00    0.00    0.00    10  postgres
04:23:18 AM 100998    314061    0.00    0.00    0.00    0.00    0.00    12  postgres
04:23:18 AM 100998    314063    0.00    0.00    0.00    0.00    0.00    12  postgres
04:23:18 AM 100998    314064    0.00    0.00    0.00    0.00    0.00    10  postgres
04:23:18 AM 100998    315444    0.00    0.00    0.00    0.00    0.00    14  postgres

04:23:18 AM   UID       PID    %usr %system  %guest   %wait    %CPU   CPU  Command
04:23:19 AM 100998    314060    0.00    0.00    0.00    0.00    0.00    10  postgres
04:23:19 AM 100998    314061    0.00    0.00    0.00    0.00    0.00    12  postgres
04:23:19 AM 100998    314063    0.00    0.00    0.00    0.00    0.00    12  postgres
04:23:19 AM 100998    314064    0.00    0.00    0.00    0.00    0.00    10  postgres
04:23:19 AM 100998    315444    0.00    0.00    0.00    0.00    0.00    14  postgres

04:23:19 AM   UID       PID    %usr %system  %guest   %wait    %CPU   CPU  Command
04:23:20 AM 100998    314060    0.00    0.00    0.00    0.00    0.00    10  postgres
04:23:20 AM 100998    314061    0.00    0.00    0.00    0.00    0.00    12  postgres
04:23:20 AM 100998    314063    0.00    0.00    0.00    0.00    0.00    12  postgres
04:23:20 AM 100998    314064    0.00    0.00    0.00    0.00    0.00    10  postgres
04:23:20 AM 100998    315444    0.00    0.00    0.00    0.00    0.00    14  postgres

04:23:20 AM   UID       PID    %usr %system  %guest   %wait    %CPU   CPU  Command
04:23:21 AM 100998    314060    0.00    0.00    0.00    0.00    0.00    10  postgres
04:23:21 AM 100998    314061    0.00    0.00    0.00    0.00    0.00    12  postgres
04:23:21 AM 100998    314063    0.00    0.00    0.00    0.00    0.00    12  postgres
04:23:21 AM 100998    314064    0.00    0.00    0.00    0.00    0.00    10  postgres
04:23:21 AM 100998    315444    0.00    0.00    0.00    0.00    0.00    14  postgres

04:23:21 AM   UID       PID    %usr %system  %guest   %wait    %CPU   CPU  Command
04:23:22 AM 100998    314060    0.00    0.00    0.00    0.00    0.00    10  postgres
04:23:22 AM 100998    314061    0.00    0.00    0.00    0.00    0.00    12  postgres
04:23:22 AM 100998    314063    0.00    0.00    0.00    0.00    0.00    12  postgres
04:23:22 AM 100998    314064    0.00    0.00    0.00    0.00    0.00    10  postgres
04:23:22 AM 100998    315444    0.00    0.00    0.00    0.00    0.00    14  postgres

04:23:22 AM   UID       PID    %usr %system  %guest   %wait    %CPU   CPU  Command
04:23:23 AM 100998    314060    0.00    0.00    0.00    0.00    0.00    10  postgres
04:23:23 AM 100998    314061    0.00    0.00    0.00    0.00    0.00    12  postgres
04:23:23 AM 100998    314063    0.00    0.00    0.00    0.00    0.00    12  postgres
04:23:23 AM 100998    314064    0.00    0.00    0.00    0.00    0.00    10  postgres
04:23:23 AM 100998    315444    0.00    0.00    0.00    0.00    0.00    14  postgres

04:23:23 AM   UID       PID    %usr %system  %guest   %wait    %CPU   CPU  Command
04:23:24 AM 100998    314060    0.00    0.00    0.00    0.00    0.00    10  postgres
04:23:24 AM 100998    314061    0.00    0.00    0.00    0.00    0.00    12  postgres
04:23:24 AM 100998    314063    0.00    0.00    0.00    0.00    0.00    12  postgres
04:23:24 AM 100998    314064    0.00    0.00    0.00    0.00    0.00    10  postgres
04:23:24 AM 100998    315444    0.00    0.00    0.00    0.00    0.00    14  postgres

04:23:24 AM   UID       PID    %usr %system  %guest   %wait    %CPU   CPU  Command
04:23:25 AM 100998    314060    0.00    0.00    0.00    0.00    0.00    10  postgres
04:23:25 AM 100998    314061    0.00    0.00    0.00    0.00    0.00    12  postgres
04:23:25 AM 100998    314063    0.00    0.00    0.00    0.00    0.00    12  postgres
04:23:25 AM 100998    314064    0.00    0.00    0.00    0.00    0.00    10  postgres
04:23:25 AM 100998    315444    0.00    0.00    0.00    0.00    0.00    14  postgres

04:23:25 AM   UID       PID    %usr %system  %guest   %wait    %CPU   CPU  Command
04:23:26 AM 100998    314060    0.00    0.00    0.00    0.00    0.00    10  postgres
04:23:26 AM 100998    314061    0.00    0.00    0.00    0.00    0.00    12  postgres
04:23:26 AM 100998    314063    0.00    0.00    0.00    0.00    0.00    12  postgres
04:23:26 AM 100998    314064    0.00    0.00    0.00    0.00    0.00    10  postgres
04:23:26 AM 100998    315444    0.00    0.00    0.00    0.00    0.00    14  postgres

04:23:26 AM   UID       PID    %usr %system  %guest   %wait    %CPU   CPU  Command
04:23:27 AM 100998    314060    0.00    0.00    0.00    0.00    0.00    10  postgres
04:23:27 AM 100998    314061    0.00    0.00    0.00    0.00    0.00    12  postgres
04:23:27 AM 100998    314063    0.00    0.00    0.00    0.00    0.00    12  postgres
04:23:27 AM 100998    314064    0.00    0.00    0.00    0.00    0.00    10  postgres
04:23:27 AM 100998    315444    0.00    0.00    0.00    0.00    0.00    14  postgres

04:23:27 AM   UID       PID    %usr %system  %guest   %wait    %CPU   CPU  Command
04:23:28 AM 100998    314060    0.00    0.00    0.00    0.00    0.00    10  postgres
04:23:28 AM 100998    314061    0.00    0.00    0.00    0.00    0.00    12  postgres
04:23:28 AM 100998    314063    0.00    0.00    0.00    0.00    0.00    12  postgres
04:23:28 AM 100998    314064    0.00    0.00    0.00    0.00    0.00    10  postgres
04:23:28 AM 100998    315444    0.00    0.00    0.00    0.00    0.00    14  postgres

04:23:28 AM   UID       PID    %usr %system  %guest   %wait    %CPU   CPU  Command
04:23:29 AM 100998    314060    0.00    0.00    0.00    0.00    0.00    10  postgres
04:23:29 AM 100998    314061    0.00    0.00    0.00    0.00    0.00    12  postgres
04:23:29 AM 100998    314063    0.00    0.00    0.00    0.00    0.00    12  postgres
04:23:29 AM 100998    314064    0.00    0.00    0.00    0.00    0.00    10  postgres
04:23:29 AM 100998    315444    0.00    0.00    0.00    0.00    0.00    14  postgres

04:23:29 AM   UID       PID    %usr %system  %guest   %wait    %CPU   CPU  Command
04:23:30 AM 100998    314060    0.00    0.00    0.00    0.00    0.00    10  postgres
04:23:30 AM 100998    314061    0.00    0.00    0.00    0.00    0.00    12  postgres
04:23:30 AM 100998    314063    0.00    0.00    0.00    0.00    0.00    12  postgres
04:23:30 AM 100998    314064    0.00    0.00    0.00    0.00    0.00    10  postgres
04:23:30 AM 100998    315444    0.00    0.00    0.00    0.00    0.00    14  postgres

04:23:30 AM   UID       PID    %usr %system  %guest   %wait    %CPU   CPU  Command
04:23:31 AM 100998    314060    0.00    0.00    0.00    0.00    0.00    10  postgres
04:23:31 AM 100998    314061    0.00    0.00    0.00    0.00    0.00    12  postgres
04:23:31 AM 100998    314063    0.00    0.00    0.00    0.00    0.00    12  postgres
04:23:31 AM 100998    314064    0.00    0.00    0.00    0.00    0.00    10  postgres
04:23:31 AM 100998    315444    0.00    0.00    0.00    0.00    0.00    14  postgres

04:23:31 AM   UID       PID    %usr %system  %guest   %wait    %CPU   CPU  Command
04:23:32 AM 100998    314060    0.00    0.00    0.00    0.00    0.00    10  postgres
04:23:32 AM 100998    314061    0.00    0.00    0.00    0.00    0.00    12  postgres
04:23:32 AM 100998    314063    0.00    0.00    0.00    0.00    0.00    12  postgres
04:23:32 AM 100998    314064    0.00    0.00    0.00    0.00    0.00    10  postgres
04:23:32 AM 100998    315444    0.00    0.00    0.00    0.00    0.00    14  postgres

04:23:32 AM   UID       PID    %usr %system  %guest   %wait    %CPU   CPU  Command
04:23:33 AM 100998    314060    0.00    0.00    0.00    0.00    0.00    10  postgres
04:23:33 AM 100998    314061    0.00    0.00    0.00    0.00    0.00    12  postgres
04:23:33 AM 100998    314063    0.00    0.00    0.00    0.00    0.00    12  postgres
04:23:33 AM 100998    314064    0.00    0.00    0.00    0.00    0.00    10  postgres
04:23:33 AM 100998    315444    0.00    0.00    0.00    0.00    0.00    14  postgres

04:23:33 AM   UID       PID    %usr %system  %guest   %wait    %CPU   CPU  Command
04:23:34 AM 100998    314060    0.00    0.00    0.00    0.00    0.00    10  postgres
04:23:34 AM 100998    314061    0.00    0.00    0.00    0.00    0.00    12  postgres
04:23:34 AM 100998    314063    0.00    0.00    0.00    0.00    0.00    12  postgres
04:23:34 AM 100998    314064    0.00    0.00    0.00    0.00    0.00    10  postgres
04:23:34 AM 100998    315444    0.00    0.00    0.00    0.00    0.00    14  postgres

04:23:34 AM   UID       PID    %usr %system  %guest   %wait    %CPU   CPU  Command
04:23:35 AM 100998    314060    0.00    0.00    0.00    0.00    0.00    10  postgres
04:23:35 AM 100998    314061    0.00    0.00    0.00    0.00    0.00    12  postgres
04:23:35 AM 100998    314063    0.00    0.00    0.00    0.00    0.00    12  postgres
04:23:35 AM 100998    314064    0.00    0.00    0.00    0.00    0.00    10  postgres
04:23:35 AM 100998    315444    0.00    0.00    0.00    0.00    0.00    14  postgres

04:23:35 AM   UID       PID    %usr %system  %guest   %wait    %CPU   CPU  Command
04:23:36 AM 100998    314060    0.00    0.00    0.00    0.00    0.00    10  postgres
04:23:36 AM 100998    314061    0.00    0.00    0.00    0.00    0.00    12  postgres
04:23:36 AM 100998    314063    0.00    0.00    0.00    0.00    0.00    12  postgres
04:23:36 AM 100998    314064    0.00    0.00    0.00    0.00    0.00    10  postgres
04:23:36 AM 100998    315444    0.00    0.00    0.00    0.00    0.00    14  postgres

04:23:36 AM   UID       PID    %usr %system  %guest   %wait    %CPU   CPU  Command
04:23:37 AM 100998    314060    0.00    0.00    0.00    0.00    0.00    10  postgres
04:23:37 AM 100998    314061    0.00    0.00    0.00    0.00    0.00    12  postgres
04:23:37 AM 100998    314063    0.00    0.00    0.00    0.00    0.00    12  postgres
04:23:37 AM 100998    314064    0.00    0.00    0.00    0.00    0.00    10  postgres
04:23:37 AM 100998    315444    0.00    0.00    0.00    0.00    0.00    14  postgres

04:23:37 AM   UID       PID    %usr %system  %guest   %wait    %CPU   CPU  Command
04:23:38 AM 100998    314060    0.00    0.00    0.00    0.00    0.00    10  postgres
04:23:38 AM 100998    314061    0.00    0.00    0.00    0.00    0.00    12  postgres
04:23:38 AM 100998    314063    0.00    0.00    0.00    0.00    0.00    12  postgres
04:23:38 AM 100998    314064    0.00    0.00    0.00    0.00    0.00    10  postgres
04:23:38 AM 100998    315444    0.00    0.00    0.00    0.00    0.00    14  postgres

04:23:38 AM   UID       PID    %usr %system  %guest   %wait    %CPU   CPU  Command
04:23:39 AM 100998    314060    0.00    0.00    0.00    0.00    0.00    10  postgres
04:23:39 AM 100998    314061    0.00    0.00    0.00    0.00    0.00    12  postgres
04:23:39 AM 100998    314063    0.00    0.00    0.00    0.00    0.00    12  postgres
04:23:39 AM 100998    314064    0.00    0.00    0.00    0.00    0.00    10  postgres
04:23:39 AM 100998    315444    0.00    0.00    0.00    0.00    0.00    14  postgres

04:23:39 AM   UID       PID    %usr %system  %guest   %wait    %CPU   CPU  Command
04:23:40 AM 100998    314060    0.00    0.00    0.00    0.00    0.00    10  postgres
04:23:40 AM 100998    314061    0.00    0.00    0.00    0.00    0.00    12  postgres
04:23:40 AM 100998    314063    0.00    0.00    0.00    0.00    0.00    12  postgres
04:23:40 AM 100998    314064    0.00    0.00    0.00    0.00    0.00    10  postgres
04:23:40 AM 100998    315444    0.00    0.00    0.00    0.00    0.00    10  postgres

04:23:40 AM   UID       PID    %usr %system  %guest   %wait    %CPU   CPU  Command
04:23:41 AM 100998    314060    0.00    0.00    0.00    0.00    0.00    10  postgres
04:23:41 AM 100998    314061    0.00    0.00    0.00    0.00    0.00    12  postgres
04:23:41 AM 100998    314063    0.00    0.00    0.00    0.00    0.00    12  postgres
04:23:41 AM 100998    314064    0.00    0.00    0.00    0.00    0.00    10  postgres
04:23:41 AM 100998    315444    1.00    0.00    0.00    0.00    1.00    10  postgres

04:23:41 AM   UID       PID    %usr %system  %guest   %wait    %CPU   CPU  Command
04:23:42 AM 100998    314060    0.00    0.00    0.00    0.00    0.00    10  postgres
04:23:42 AM 100998    314061    0.00    0.00    0.00    0.00    0.00    12  postgres
04:23:42 AM 100998    314063    0.00    0.00    0.00    0.00    0.00    12  postgres
04:23:42 AM 100998    314064    0.00    0.00    0.00    0.00    0.00    10  postgres
04:23:42 AM 100998    315444    1.00    1.00    0.00    0.00    2.00    10  postgres

04:23:42 AM   UID       PID    %usr %system  %guest   %wait    %CPU   CPU  Command
04:23:43 AM 100998    314060    0.00    0.00    0.00    0.00    0.00    10  postgres
04:23:43 AM 100998    314061    0.00    0.00    0.00    0.00    0.00    12  postgres
04:23:43 AM 100998    314063    0.00    0.00    0.00    0.00    0.00    12  postgres
04:23:43 AM 100998    314064    0.00    0.00    0.00    0.00    0.00    10  postgres
04:23:43 AM 100998    315444    1.00    1.00    0.00    0.00    2.00    10  postgres

04:23:43 AM   UID       PID    %usr %system  %guest   %wait    %CPU   CPU  Command
04:23:44 AM 100998    314060    0.00    0.00    0.00    0.00    0.00    10  postgres
04:23:44 AM 100998    314061    0.00    0.00    0.00    0.00    0.00    12  postgres
04:23:44 AM 100998    314063    0.00    0.00    0.00    0.00    0.00    12  postgres
04:23:44 AM 100998    314064    0.00    0.00    0.00    0.00    0.00    10  postgres
04:23:44 AM 100998    315444    1.00    0.00    0.00    0.00    1.00    10  postgres

04:23:44 AM   UID       PID    %usr %system  %guest   %wait    %CPU   CPU  Command
04:23:45 AM 100998    314060    0.00    0.00    0.00    0.00    0.00    10  postgres
04:23:45 AM 100998    314061    0.00    0.00    0.00    0.00    0.00    12  postgres
04:23:45 AM 100998    314063    0.00    0.00    0.00    0.00    0.00    12  postgres
04:23:45 AM 100998    314064    0.00    0.00    0.00    0.00    0.00    10  postgres
04:23:45 AM 100998    315444    0.00    1.00    0.00    0.00    1.00    10  postgres

04:23:45 AM   UID       PID    %usr %system  %guest   %wait    %CPU   CPU  Command
04:23:46 AM 100998    314060    0.00    0.00    0.00    0.00    0.00    10  postgres
04:23:46 AM 100998    314061    0.00    0.00    0.00    0.00    0.00    12  postgres
04:23:46 AM 100998    314063    0.00    0.00    0.00    0.00    0.00    12  postgres
04:23:46 AM 100998    314064    0.00    0.00    0.00    0.00    0.00    10  postgres
04:23:46 AM 100998    315444    1.00    0.00    0.00    0.00    1.00    12  postgres

04:23:46 AM   UID       PID    %usr %system  %guest   %wait    %CPU   CPU  Command
04:23:47 AM 100998    314060    0.00    0.00    0.00    0.00    0.00    10  postgres
04:23:47 AM 100998    314061    0.00    0.00    0.00    0.00    0.00    12  postgres
04:23:47 AM 100998    314063    0.00    0.00    0.00    0.00    0.00    12  postgres
04:23:47 AM 100998    314064    0.00    0.00    0.00    0.00    0.00    10  postgres
04:23:47 AM 100998    315444    1.00    1.00    0.00    0.00    2.00    14  postgres

04:23:47 AM   UID       PID    %usr %system  %guest   %wait    %CPU   CPU  Command
04:23:48 AM 100998    314060    0.00    0.00    0.00    0.00    0.00    10  postgres
04:23:48 AM 100998    314061    0.00    0.00    0.00    0.00    0.00    12  postgres
04:23:48 AM 100998    314063    0.00    0.00    0.00    0.00    0.00    12  postgres
04:23:48 AM 100998    314064    0.00    0.00    0.00    0.00    0.00    10  postgres
04:23:48 AM 100998    315444    1.00    1.00    0.00    0.00    2.00    14  postgres

04:23:48 AM   UID       PID    %usr %system  %guest   %wait    %CPU   CPU  Command
04:23:49 AM 100998    314060    0.00    0.00    0.00    0.00    0.00    10  postgres
04:23:49 AM 100998    314061    0.00    0.00    0.00    0.00    0.00    10  postgres
04:23:49 AM 100998    314063    0.00    0.00    0.00    0.00    0.00    12  postgres
04:23:49 AM 100998    314064    0.00    0.00    0.00    0.00    0.00    10  postgres
04:23:49 AM 100998    315444    1.00    1.00    0.00    0.00    2.00    12  postgres

04:23:49 AM   UID       PID    %usr %system  %guest   %wait    %CPU   CPU  Command
04:23:50 AM 100998    314060    0.00    0.00    0.00    0.00    0.00    10  postgres
04:23:50 AM 100998    314061    0.00    0.00    0.00    0.00    0.00    10  postgres
04:23:50 AM 100998    314063    0.00    0.00    0.00    0.00    0.00    14  postgres
04:23:50 AM 100998    314064    0.00    0.00    0.00    0.00    0.00    10  postgres
04:23:50 AM 100998    315444    0.00    0.00    0.00    0.00    0.00    10  postgres

04:23:50 AM   UID       PID    %usr %system  %guest   %wait    %CPU   CPU  Command
04:23:51 AM 100998    314060    0.00    0.00    0.00    0.00    0.00    10  postgres
04:23:51 AM 100998    314061    0.00    0.00    0.00    0.00    0.00    10  postgres
04:23:51 AM 100998    314063    0.00    0.00    0.00    0.00    0.00    14  postgres
04:23:51 AM 100998    314064    0.00    0.00    0.00    0.00    0.00    10  postgres
04:23:51 AM 100998    315444    1.00    1.00    0.00    0.00    2.00    14  postgres

04:23:51 AM   UID       PID    %usr %system  %guest   %wait    %CPU   CPU  Command
04:23:52 AM 100998    314060    0.00    0.00    0.00    0.00    0.00    10  postgres
04:23:52 AM 100998    314061    0.00    0.00    0.00    0.00    0.00    10  postgres
04:23:52 AM 100998    314063    0.00    0.00    0.00    0.00    0.00    14  postgres
04:23:52 AM 100998    314064    0.00    0.00    0.00    0.00    0.00    10  postgres
04:23:52 AM 100998    315444    1.00    0.00    0.00    0.00    1.00    14  postgres

04:23:52 AM   UID       PID    %usr %system  %guest   %wait    %CPU   CPU  Command
04:23:53 AM 100998    314060    0.00    0.00    0.00    0.00    0.00    10  postgres
04:23:53 AM 100998    314061    0.00    0.00    0.00    0.00    0.00    10  postgres
04:23:53 AM 100998    314063    0.00    0.00    0.00    0.00    0.00    14  postgres
04:23:53 AM 100998    314064    0.00    0.00    0.00    0.00    0.00    10  postgres
04:23:53 AM 100998    315444    0.00    1.00    0.00    0.00    1.00    10  postgres

04:23:53 AM   UID       PID    %usr %system  %guest   %wait    %CPU   CPU  Command
04:23:54 AM 100998    314060    0.00    0.00    0.00    0.00    0.00    10  postgres
04:23:54 AM 100998    314061    0.00    0.00    0.00    0.00    0.00    10  postgres
04:23:54 AM 100998    314063    0.00    0.00    0.00    0.00    0.00    14  postgres
04:23:54 AM 100998    314064    0.00    0.00    0.00    0.00    0.00    10  postgres
04:23:54 AM 100998    315444    1.00    0.00    0.00    0.00    1.00    10  postgres

04:23:54 AM   UID       PID    %usr %system  %guest   %wait    %CPU   CPU  Command
04:23:55 AM 100998    314060    0.00    0.00    0.00    0.00    0.00    10  postgres
04:23:55 AM 100998    314061    0.00    0.00    0.00    0.00    0.00    10  postgres
04:23:55 AM 100998    314063    0.00    0.00    0.00    0.00    0.00    14  postgres
04:23:55 AM 100998    314064    0.00    0.00    0.00    0.00    0.00    10  postgres
04:23:55 AM 100998    315444    0.00    0.00    0.00    0.00    0.00    10  postgres

04:23:55 AM   UID       PID    %usr %system  %guest   %wait    %CPU   CPU  Command
04:23:56 AM 100998    314060    0.00    0.00    0.00    0.00    0.00    10  postgres
04:23:56 AM 100998    314061    0.00    0.00    0.00    0.00    0.00    10  postgres
04:23:56 AM 100998    314063    0.00    0.00    0.00    0.00    0.00    14  postgres
04:23:56 AM 100998    314064    0.00    0.00    0.00    0.00    0.00    10  postgres
04:23:56 AM 100998    315444    1.00    1.00    0.00    0.00    2.00    10  postgres

04:23:56 AM   UID       PID    %usr %system  %guest   %wait    %CPU   CPU  Command
04:23:57 AM 100998    314060    0.00    0.00    0.00    0.00    0.00    10  postgres
04:23:57 AM 100998    314061    0.00    0.00    0.00    0.00    0.00    10  postgres
04:23:57 AM 100998    314063    0.00    0.00    0.00    0.00    0.00    14  postgres
04:23:57 AM 100998    314064    0.00    0.00    0.00    0.00    0.00    10  postgres
04:23:57 AM 100998    315444    1.00    1.00    0.00    0.00    2.00    12  postgres

04:23:57 AM   UID       PID    %usr %system  %guest   %wait    %CPU   CPU  Command
04:23:58 AM 100998    314060    0.00    0.00    0.00    0.00    0.00    10  postgres
04:23:58 AM 100998    314061    0.00    0.00    0.00    0.00    0.00    10  postgres
04:23:58 AM 100998    314063    0.00    0.00    0.00    0.00    0.00    14  postgres
04:23:58 AM 100998    314064    0.00    0.00    0.00    0.00    0.00    10  postgres
04:23:58 AM 100998    315444    1.00    0.00    0.00    0.00    1.00    12  postgres

04:23:58 AM   UID       PID    %usr %system  %guest   %wait    %CPU   CPU  Command
04:23:59 AM 100998    314060    0.00    0.00    0.00    0.00    0.00    10  postgres
04:23:59 AM 100998    314061    0.00    0.00    0.00    0.00    0.00    10  postgres
04:23:59 AM 100998    314063    0.00    0.00    0.00    0.00    0.00    14  postgres
04:23:59 AM 100998    314064    0.00    0.00    0.00    0.00    0.00    10  postgres
04:23:59 AM 100998    315444    1.00    0.00    0.00    0.00    1.00    12  postgres

04:23:59 AM   UID       PID    %usr %system  %guest   %wait    %CPU   CPU  Command
04:24:00 AM 100998    314060    0.00    0.00    0.00    0.00    0.00    10  postgres
04:24:00 AM 100998    314061    0.00    0.00    0.00    0.00    0.00    10  postgres
04:24:00 AM 100998    314063    0.00    0.00    0.00    0.00    0.00    14  postgres
04:24:00 AM 100998    314064    0.00    0.00    0.00    0.00    0.00    10  postgres
04:24:00 AM 100998    315444    1.00    1.00    0.00    0.00    2.00    12  postgres

04:24:00 AM   UID       PID    %usr %system  %guest   %wait    %CPU   CPU  Command
04:24:01 AM 100998    314060    0.00    0.00    0.00    0.00    0.00    10  postgres
04:24:01 AM 100998    314061    0.00    0.00    0.00    0.00    0.00    10  postgres
04:24:01 AM 100998    314063    0.00    0.00    0.00    0.00    0.00    14  postgres
04:24:01 AM 100998    314064    0.00    0.00    0.00    0.00    0.00    10  postgres
04:24:01 AM 100998    315444    1.00    0.00    0.00    0.00    1.00    14  postgres

04:24:01 AM   UID       PID    %usr %system  %guest   %wait    %CPU   CPU  Command
04:24:02 AM 100998    314060    0.00    0.00    0.00    0.00    0.00    10  postgres
04:24:02 AM 100998    314061    0.00    0.00    0.00    0.00    0.00    10  postgres
04:24:02 AM 100998    314063    0.00    0.00    0.00    0.00    0.00    14  postgres
04:24:02 AM 100998    314064    0.00    0.00    0.00    0.00    0.00    10  postgres
04:24:02 AM 100998    315444    0.00    1.00    0.00    0.00    1.00    10  postgres

04:24:02 AM   UID       PID    %usr %system  %guest   %wait    %CPU   CPU  Command
04:24:03 AM 100998    314060    0.00    0.00    0.00    0.00    0.00    10  postgres
04:24:03 AM 100998    314061    0.00    0.00    0.00    0.00    0.00    10  postgres
04:24:03 AM 100998    314063    0.00    0.00    0.00    0.00    0.00    14  postgres
04:24:03 AM 100998    314064    0.00    0.00    0.00    0.00    0.00    10  postgres
04:24:03 AM 100998    315444    1.00    1.00    0.00    0.00    2.00    10  postgres

04:24:03 AM   UID       PID    %usr %system  %guest   %wait    %CPU   CPU  Command
04:24:04 AM 100998    314060    0.00    0.00    0.00    0.00    0.00    10  postgres
04:24:04 AM 100998    314061    0.00    0.00    0.00    0.00    0.00    10  postgres
04:24:04 AM 100998    314063    0.00    0.00    0.00    0.00    0.00    14  postgres
04:24:04 AM 100998    314064    0.00    0.00    0.00    0.00    0.00    10  postgres
04:24:04 AM 100998    315444    1.00    0.00    0.00    0.00    1.00    14  postgres

04:24:04 AM   UID       PID    %usr %system  %guest   %wait    %CPU   CPU  Command
04:24:05 AM 100998    314060    0.00    0.00    0.00    0.00    0.00    10  postgres
04:24:05 AM 100998    314061    0.00    0.00    0.00    0.00    0.00    10  postgres
04:24:05 AM 100998    314063    0.00    0.00    0.00    0.00    0.00    14  postgres
04:24:05 AM 100998    314064    0.00    0.00    0.00    0.00    0.00    10  postgres
04:24:05 AM 100998    315444    0.00    1.00    0.00    0.00    1.00    14  postgres

04:24:05 AM   UID       PID    %usr %system  %guest   %wait    %CPU   CPU  Command
04:24:06 AM 100998    314060    0.00    0.00    0.00    0.00    0.00    10  postgres
04:24:06 AM 100998    314061    0.00    0.00    0.00    0.00    0.00    10  postgres
04:24:06 AM 100998    314063    0.00    0.00    0.00    0.00    0.00    14  postgres
04:24:06 AM 100998    314064    0.00    0.00    0.00    0.00    0.00    10  postgres
04:24:06 AM 100998    315444    1.00    0.00    0.00    1.00    1.00    14  postgres

04:24:06 AM   UID       PID    %usr %system  %guest   %wait    %CPU   CPU  Command
04:24:07 AM 100998    314060    0.00    0.00    0.00    0.00    0.00    10  postgres
04:24:07 AM 100998    314061    0.00    0.00    0.00    0.00    0.00    10  postgres
04:24:07 AM 100998    314063    0.00    0.00    0.00    0.00    0.00    14  postgres
04:24:07 AM 100998    314064    0.00    0.00    0.00    0.00    0.00    10  postgres
04:24:07 AM 100998    315444    1.00    1.00    0.00    0.00    2.00    12  postgres

04:24:07 AM   UID       PID    %usr %system  %guest   %wait    %CPU   CPU  Command
04:24:08 AM 100998    314060    0.00    0.00    0.00    0.00    0.00    10  postgres
04:24:08 AM 100998    314061    0.00    0.00    0.00    0.00    0.00    10  postgres
04:24:08 AM 100998    314063    0.00    0.00    0.00    0.00    0.00    14  postgres
04:24:08 AM 100998    314064    0.00    0.00    0.00    0.00    0.00    10  postgres
04:24:08 AM 100998    315444    1.00    0.00    0.00    0.00    1.00    12  postgres

04:24:08 AM   UID       PID    %usr %system  %guest   %wait    %CPU   CPU  Command
04:24:09 AM 100998    314060    0.00    0.00    0.00    0.00    0.00    10  postgres
04:24:09 AM 100998    314061    0.00    0.00    0.00    0.00    0.00    10  postgres
04:24:09 AM 100998    314063    0.00    0.00    0.00    0.00    0.00    14  postgres
04:24:09 AM 100998    314064    0.00    0.00    0.00    0.00    0.00    10  postgres
04:24:09 AM 100998    315444    1.00    1.00    0.00    0.00    2.00    14  postgres

04:24:09 AM   UID       PID    %usr %system  %guest   %wait    %CPU   CPU  Command
04:24:10 AM 100998    314060    0.00    0.00    0.00    0.00    0.00    10  postgres
04:24:10 AM 100998    314061    0.00    0.00    0.00    0.00    0.00    10  postgres
04:24:10 AM 100998    314063    0.00    0.00    0.00    0.00    0.00    14  postgres
04:24:10 AM 100998    314064    0.00    0.00    0.00    0.00    0.00    10  postgres
04:24:10 AM 100998    315444    1.00    1.00    0.00    0.00    2.00    12  postgres

04:24:10 AM   UID       PID    %usr %system  %guest   %wait    %CPU   CPU  Command
04:24:11 AM 100998    314060    0.00    0.00    0.00    0.00    0.00    10  postgres
04:24:11 AM 100998    314061    0.00    0.00    0.00    0.00    0.00    10  postgres
04:24:11 AM 100998    314063    0.00    0.00    0.00    0.00    0.00    14  postgres
04:24:11 AM 100998    314064    0.00    0.00    0.00    0.00    0.00    10  postgres
04:24:11 AM 100998    315444    1.00    0.00    0.00    0.00    1.00    12  postgres

04:24:11 AM   UID       PID    %usr %system  %guest   %wait    %CPU   CPU  Command
04:24:12 AM 100998    314060    0.00    0.00    0.00    0.00    0.00    10  postgres
04:24:12 AM 100998    314061    0.00    0.00    0.00    0.00    0.00    10  postgres
04:24:12 AM 100998    314063    0.00    0.00    0.00    0.00    0.00    14  postgres
04:24:12 AM 100998    314064    0.00    0.00    0.00    0.00    0.00    10  postgres
04:24:12 AM 100998    315444    0.00    0.00    0.00    0.00    0.00    14  postgres

04:24:12 AM   UID       PID    %usr %system  %guest   %wait    %CPU   CPU  Command
04:24:13 AM 100998    314060    0.00    0.00    0.00    0.00    0.00    10  postgres
04:24:13 AM 100998    314061    0.00    0.00    0.00    0.00    0.00    10  postgres
04:24:13 AM 100998    314063    0.00    0.00    0.00    0.00    0.00    14  postgres
04:24:13 AM 100998    314064    0.00    0.00    0.00    0.00    0.00    10  postgres
04:24:13 AM 100998    315444    1.00    1.00    0.00    0.00    2.00    12  postgres

04:24:13 AM   UID       PID    %usr %system  %guest   %wait    %CPU   CPU  Command
04:24:14 AM 100998    314060    0.00    0.00    0.00    0.00    0.00    10  postgres
04:24:14 AM 100998    314061    0.00    0.00    0.00    0.00    0.00    10  postgres
04:24:14 AM 100998    314063    0.00    0.00    0.00    0.00    0.00    14  postgres
04:24:14 AM 100998    314064    0.00    0.00    0.00    0.00    0.00    10  postgres
04:24:14 AM 100998    315444    1.00    0.00    0.00    0.00    1.00    12  postgres

04:24:14 AM   UID       PID    %usr %system  %guest   %wait    %CPU   CPU  Command
04:24:15 AM 100998    314060    0.00    0.00    0.00    0.00    0.00    10  postgres
04:24:15 AM 100998    314061    0.00    0.00    0.00    0.00    0.00    10  postgres
04:24:15 AM 100998    314063    0.00    0.00    0.00    0.00    0.00    14  postgres
04:24:15 AM 100998    314064    0.00    0.00    0.00    0.00    0.00    10  postgres
04:24:15 AM 100998    315444    1.00    1.00    0.00    0.00    2.00    12  postgres

04:24:15 AM   UID       PID    %usr %system  %guest   %wait    %CPU   CPU  Command
04:24:16 AM 100998    314060    0.00    0.00    0.00    0.00    0.00    10  postgres
04:24:16 AM 100998    314061    0.00    0.00    0.00    0.00    0.00    10  postgres
04:24:16 AM 100998    314063    0.00    0.00    0.00    0.00    0.00    14  postgres
04:24:16 AM 100998    314064    0.00    0.00    0.00    0.00    0.00    10  postgres
04:24:16 AM 100998    315444    0.00    0.00    0.00    0.00    0.00    10  postgres

04:24:16 AM   UID       PID    %usr %system  %guest   %wait    %CPU   CPU  Command
04:24:17 AM 100998    314060    0.00    0.00    0.00    0.00    0.00    10  postgres
04:24:17 AM 100998    314061    0.00    0.00    0.00    0.00    0.00    10  postgres
04:24:17 AM 100998    314063    0.00    0.00    0.00    0.00    0.00    14  postgres
04:24:17 AM 100998    314064    0.00    0.00    0.00    0.00    0.00    10  postgres
04:24:17 AM 100998    315444    0.00    0.00    0.00    0.00    0.00    10  postgres

04:24:17 AM   UID       PID    %usr %system  %guest   %wait    %CPU   CPU  Command
04:24:18 AM 100998    314060    0.00    0.00    0.00    0.00    0.00    10  postgres
04:24:18 AM 100998    314061    0.00    0.00    0.00    0.00    0.00    10  postgres
04:24:18 AM 100998    314063    0.00    0.00    0.00    0.00    0.00    14  postgres
04:24:18 AM 100998    314064    0.00    0.00    0.00    0.00    0.00    10  postgres
04:24:18 AM 100998    315444    0.00    0.00    0.00    0.00    0.00    10  postgres

04:24:18 AM   UID       PID    %usr %system  %guest   %wait    %CPU   CPU  Command
04:24:19 AM 100998    314060    0.00    0.00    0.00    0.00    0.00    10  postgres
04:24:19 AM 100998    314061    0.00    0.00    0.00    0.00    0.00    10  postgres
04:24:19 AM 100998    314063    0.00    0.00    0.00    0.00    0.00    14  postgres
04:24:19 AM 100998    314064    0.00    0.00    0.00    0.00    0.00    10  postgres
04:24:19 AM 100998    315444    0.00    0.00    0.00    0.00    0.00    10  postgres
