Linux 5.14.0-570.60.1.el9_6.x86_64 *****) 	03/02/2026 	_x86_64_	(64 CPU)

09:34:32 PM   UID       PID    %usr %system  %guest   %wait    %CPU   CPU  Command
09:34:33 PM 100998    689780    0.00    0.00    0.00    0.00    0.00     6  postgres
09:34:33 PM 100998    689781    0.00    0.00    0.00    0.00    0.00     5  postgres
09:34:33 PM 100998    689783    0.00    0.00    0.00    0.00    0.00     6  postgres
09:34:33 PM 100998    689784    0.00    0.00    0.00    0.00    0.00     5  postgres
09:34:33 PM 100998    690610    0.00    0.00    0.00    0.00    0.00     6  postgres
09:34:33 PM 100998    690696    0.00    0.00    0.00    0.00    0.00     6  postgres
09:34:33 PM 100998    690700    0.00    0.00    0.00    0.00    0.00     6  postgres
09:34:33 PM 100998    690704    0.00    0.00    0.00    0.00    0.00     5  postgres
09:34:33 PM 100998    690710    0.00    0.00    0.00    0.00    0.00     6  postgres
09:34:33 PM 100998    690711    0.00    0.00    0.00    0.00    0.00     5  postgres
09:34:33 PM 100998    690717    0.00    0.00    0.00    0.00    0.00     6  postgres
09:34:33 PM 100998    690725    0.00    0.00    0.00    0.00    0.00     5  postgres
09:34:33 PM 100998    690730    0.00    0.00    0.00    0.00    0.00     6  postgres
09:34:33 PM 100998    690736    0.00    0.00    0.00    0.00    0.00     5  postgres
09:34:33 PM 100998    690737    0.00    0.00    0.00    0.00    0.00     4  postgres
09:34:33 PM 100998    690739    0.00    0.00    0.00    0.00    0.00     6  postgres
09:34:33 PM 100998    690740    0.00    0.00    0.00    0.00    0.00     6  postgres
09:34:33 PM 100998    690741    0.00    0.00    0.00    0.00    0.00     5  postgres
09:34:33 PM 100998    690742    0.00    0.00    0.00    0.00    0.00     5  postgres
09:34:33 PM 100998    690743    0.00    0.00    0.00    0.00    0.00     5  postgres
09:34:33 PM 100998    690744    0.00    0.00    0.00    0.00    0.00     5  postgres
09:34:33 PM 100998    690746    0.00    0.00    0.00    0.00    0.00     5  postgres
09:34:33 PM 100998    690747    0.00    0.00    0.00    0.00    0.00     6  postgres
09:34:33 PM 100998    690749    0.00    0.00    0.00    0.00    0.00     5  postgres

09:34:33 PM   UID       PID    %usr %system  %guest   %wait    %CPU   CPU  Command
09:34:34 PM 100998    689780    0.00    0.00    0.00    0.00    0.00     6  postgres
09:34:34 PM 100998    689781    0.00    0.00    0.00    0.00    0.00     5  postgres
09:34:34 PM 100998    689783    0.00    0.00    0.00    0.00    0.00     6  postgres
09:34:34 PM 100998    689784    0.00    0.00    0.00    0.00    0.00     5  postgres
09:34:34 PM 100998    690610    0.00    0.00    0.00    0.00    0.00     6  postgres
09:34:34 PM 100998    690696    0.00    0.00    0.00    0.00    0.00     6  postgres
09:34:34 PM 100998    690700    0.00    0.00    0.00    0.00    0.00     6  postgres
09:34:34 PM 100998    690704    0.00    0.00    0.00    0.00    0.00     5  postgres
09:34:34 PM 100998    690710    0.00    0.00    0.00    0.00    0.00     6  postgres
09:34:34 PM 100998    690711    0.00    0.00    0.00    0.00    0.00     5  postgres
09:34:34 PM 100998    690717    0.00    0.00    0.00    0.00    0.00     6  postgres
09:34:34 PM 100998    690725    0.00    0.00    0.00    0.00    0.00     5  postgres
09:34:34 PM 100998    690730    0.00    0.00    0.00    0.00    0.00     6  postgres
09:34:34 PM 100998    690736    0.00    0.00    0.00    0.00    0.00     5  postgres
09:34:34 PM 100998    690737    0.00    0.00    0.00    0.00    0.00     4  postgres
09:34:34 PM 100998    690739    0.00    0.00    0.00    0.00    0.00     6  postgres
09:34:34 PM 100998    690740    0.00    0.00    0.00    0.00    0.00     6  postgres
09:34:34 PM 100998    690741    0.00    0.00    0.00    0.00    0.00     5  postgres
09:34:34 PM 100998    690742    0.00    0.00    0.00    0.00    0.00     5  postgres
09:34:34 PM 100998    690743    0.00    0.00    0.00    0.00    0.00     5  postgres
09:34:34 PM 100998    690744    0.00    0.00    0.00    0.00    0.00     5  postgres
09:34:34 PM 100998    690746    0.00    0.00    0.00    0.00    0.00     5  postgres
09:34:34 PM 100998    690747    0.00    0.00    0.00    0.00    0.00     6  postgres
09:34:34 PM 100998    690749    0.00    0.00    0.00    0.00    0.00     5  postgres

09:34:34 PM   UID       PID    %usr %system  %guest   %wait    %CPU   CPU  Command
09:34:35 PM 100998    689780    0.00    0.00    0.00    0.00    0.00     6  postgres
09:34:35 PM 100998    689781    0.00    0.00    0.00    0.00    0.00     5  postgres
09:34:35 PM 100998    689783    0.00    0.00    0.00    0.00    0.00     6  postgres
09:34:35 PM 100998    689784    0.00    0.00    0.00    0.00    0.00     5  postgres
09:34:35 PM 100998    690610    0.00    0.00    0.00    0.00    0.00     6  postgres
09:34:35 PM 100998    690696    0.00    0.00    0.00    0.00    0.00     6  postgres
09:34:35 PM 100998    690700    0.00    0.00    0.00    0.00    0.00     6  postgres
09:34:35 PM 100998    690704    0.00    0.00    0.00    0.00    0.00     5  postgres
09:34:35 PM 100998    690710    0.00    0.00    0.00    0.00    0.00     6  postgres
09:34:35 PM 100998    690711    0.00    0.00    0.00    0.00    0.00     5  postgres
09:34:35 PM 100998    690717    0.00    0.00    0.00    0.00    0.00     6  postgres
09:34:35 PM 100998    690725    0.00    0.00    0.00    0.00    0.00     5  postgres
09:34:35 PM 100998    690730    0.00    0.00    0.00    0.00    0.00     6  postgres
09:34:35 PM 100998    690736    0.00    0.00    0.00    0.00    0.00     5  postgres
09:34:35 PM 100998    690737    0.00    0.00    0.00    0.00    0.00     4  postgres
09:34:35 PM 100998    690739    0.00    0.00    0.00    0.00    0.00     6  postgres
09:34:35 PM 100998    690740    0.00    0.00    0.00    0.00    0.00     6  postgres
09:34:35 PM 100998    690741    0.00    0.00    0.00    0.00    0.00     5  postgres
09:34:35 PM 100998    690742    0.00    0.00    0.00    0.00    0.00     5  postgres
09:34:35 PM 100998    690743    0.00    0.00    0.00    0.00    0.00     5  postgres
09:34:35 PM 100998    690744    0.00    0.00    0.00    0.00    0.00     5  postgres
09:34:35 PM 100998    690746    0.00    0.00    0.00    0.00    0.00     5  postgres
09:34:35 PM 100998    690747    0.00    0.00    0.00    0.00    0.00     6  postgres
09:34:35 PM 100998    690749    0.00    0.00    0.00    0.00    0.00     5  postgres

09:34:35 PM   UID       PID    %usr %system  %guest   %wait    %CPU   CPU  Command
09:34:36 PM 100998    689780    0.00    0.00    0.00    0.00    0.00     6  postgres
09:34:36 PM 100998    689781    0.00    0.00    0.00    0.00    0.00     5  postgres
09:34:36 PM 100998    689783    0.00    0.00    0.00    0.00    0.00     6  postgres
09:34:36 PM 100998    689784    0.00    0.00    0.00    0.00    0.00     5  postgres
09:34:36 PM 100998    690610    0.00    0.00    0.00    0.00    0.00     6  postgres
09:34:36 PM 100998    690696    0.00    0.00    0.00    0.00    0.00     6  postgres
09:34:36 PM 100998    690700    0.00    0.00    0.00    0.00    0.00     6  postgres
09:34:36 PM 100998    690704    0.00    0.00    0.00    0.00    0.00     5  postgres
09:34:36 PM 100998    690710    0.00    0.00    0.00    0.00    0.00     6  postgres
09:34:36 PM 100998    690711    0.00    0.00    0.00    0.00    0.00     5  postgres
09:34:36 PM 100998    690717    0.00    0.00    0.00    0.00    0.00     6  postgres
09:34:36 PM 100998    690725    0.00    0.00    0.00    0.00    0.00     5  postgres
09:34:36 PM 100998    690730    0.00    0.00    0.00    0.00    0.00     6  postgres
09:34:36 PM 100998    690736    0.00    0.00    0.00    0.00    0.00     5  postgres
09:34:36 PM 100998    690737    0.00    0.00    0.00    0.00    0.00     4  postgres
09:34:36 PM 100998    690739    0.00    0.00    0.00    0.00    0.00     6  postgres
09:34:36 PM 100998    690740    0.00    0.00    0.00    0.00    0.00     6  postgres
09:34:36 PM 100998    690741    0.00    0.00    0.00    0.00    0.00     5  postgres
09:34:36 PM 100998    690742    0.00    0.00    0.00    0.00    0.00     5  postgres
09:34:36 PM 100998    690743    0.00    0.00    0.00    0.00    0.00     5  postgres
09:34:36 PM 100998    690744    0.00    0.00    0.00    0.00    0.00     5  postgres
09:34:36 PM 100998    690746    0.00    0.00    0.00    0.00    0.00     5  postgres
09:34:36 PM 100998    690747    0.00    0.00    0.00    0.00    0.00     6  postgres
09:34:36 PM 100998    690749    0.00    0.00    0.00    0.00    0.00     5  postgres

09:34:36 PM   UID       PID    %usr %system  %guest   %wait    %CPU   CPU  Command
09:34:37 PM 100998    689780    0.00    0.00    0.00    0.00    0.00     6  postgres
09:34:37 PM 100998    689781    0.00    0.00    0.00    0.00    0.00     5  postgres
09:34:37 PM 100998    689783    0.00    0.00    0.00    0.00    0.00     6  postgres
09:34:37 PM 100998    689784    0.00    0.00    0.00    0.00    0.00     5  postgres
09:34:37 PM 100998    690610    0.00    0.00    0.00    0.00    0.00     6  postgres
09:34:37 PM 100998    690696    0.00    0.00    0.00    0.00    0.00     6  postgres
09:34:37 PM 100998    690700    0.00    0.00    0.00    0.00    0.00     6  postgres
09:34:37 PM 100998    690704    0.00    0.00    0.00    0.00    0.00     5  postgres
09:34:37 PM 100998    690710    0.00    0.00    0.00    0.00    0.00     6  postgres
09:34:37 PM 100998    690711    0.00    0.00    0.00    0.00    0.00     5  postgres
09:34:37 PM 100998    690717    0.00    0.00    0.00    0.00    0.00     6  postgres
09:34:37 PM 100998    690725    0.00    0.00    0.00    0.00    0.00     5  postgres
09:34:37 PM 100998    690730    0.00    0.00    0.00    0.00    0.00     6  postgres
09:34:37 PM 100998    690736    0.00    0.00    0.00    0.00    0.00     5  postgres
09:34:37 PM 100998    690737    0.00    0.00    0.00    0.00    0.00     4  postgres
09:34:37 PM 100998    690739    0.00    0.00    0.00    0.00    0.00     6  postgres
09:34:37 PM 100998    690740    0.00    0.00    0.00    0.00    0.00     6  postgres
09:34:37 PM 100998    690741    0.00    0.00    0.00    0.00    0.00     5  postgres
09:34:37 PM 100998    690742    0.00    0.00    0.00    0.00    0.00     5  postgres
09:34:37 PM 100998    690743    0.00    0.00    0.00    0.00    0.00     5  postgres
09:34:37 PM 100998    690744    0.00    0.00    0.00    0.00    0.00     5  postgres
09:34:37 PM 100998    690746    0.00    0.00    0.00    0.00    0.00     5  postgres
09:34:37 PM 100998    690747    0.00    0.00    0.00    0.00    0.00     6  postgres
09:34:37 PM 100998    690749    0.00    0.00    0.00    0.00    0.00     5  postgres

09:34:37 PM   UID       PID    %usr %system  %guest   %wait    %CPU   CPU  Command
09:34:38 PM 100998    689780    0.00    0.00    0.00    0.00    0.00     6  postgres
09:34:38 PM 100998    689781    0.00    0.00    0.00    0.00    0.00     5  postgres
09:34:38 PM 100998    689783    0.00    0.00    0.00    0.00    0.00     6  postgres
09:34:38 PM 100998    689784    0.00    0.00    0.00    0.00    0.00     5  postgres
09:34:38 PM 100998    690610    0.00    0.00    0.00    0.00    0.00     5  postgres
09:34:38 PM 100998    690696    0.00    0.00    0.00    0.00    0.00     6  postgres
09:34:38 PM 100998    690700    0.00    0.00    0.00    0.00    0.00     5  postgres
09:34:38 PM 100998    690704    0.00    0.00    0.00    0.00    0.00     6  postgres
09:34:38 PM 100998    690710    0.00    0.00    0.00    0.00    0.00     6  postgres
09:34:38 PM 100998    690711    0.00    0.00    0.00    0.00    0.00     4  postgres
09:34:38 PM 100998    690717    0.00    0.00    0.00    0.00    0.00     6  postgres
09:34:38 PM 100998    690725    0.00    0.00    0.00    0.00    0.00     4  postgres
09:34:38 PM 100998    690730    0.00    0.00    0.00    0.00    0.00     5  postgres
09:34:38 PM 100998    690736    0.00    0.00    0.00    0.00    0.00     6  postgres
09:34:38 PM 100998    690737    0.00    0.00    0.00    0.00    0.00     5  postgres
09:34:38 PM 100998    690739    0.00    0.00    0.00    0.00    0.00     4  postgres
09:34:38 PM 100998    690740    0.00    0.00    0.00    0.00    0.00     6  postgres
09:34:38 PM 100998    690741    0.00    0.00    0.00    0.00    0.00     5  postgres
09:34:38 PM 100998    690742    0.00    0.00    0.00    0.00    0.00     4  postgres
09:34:38 PM 100998    690743    0.00    0.00    0.00    0.00    0.00     5  postgres
09:34:38 PM 100998    690744    0.00    0.00    0.00    0.00    0.00     6  postgres
09:34:38 PM 100998    690746    0.00    0.00    0.00    0.00    0.00     4  postgres
09:34:38 PM 100998    690747    0.00    0.00    0.00    0.00    0.00     5  postgres
09:34:38 PM 100998    690749    0.00    0.00    0.00    0.00    0.00     4  postgres

09:34:38 PM   UID       PID    %usr %system  %guest   %wait    %CPU   CPU  Command
09:34:39 PM 100998    689780    0.00    0.00    0.00    0.00    0.00     6  postgres
09:34:39 PM 100998    689781    0.00    0.00    0.00    0.00    0.00     5  postgres
09:34:39 PM 100998    689783    0.00    0.00    0.00    0.00    0.00     6  postgres
09:34:39 PM 100998    689784    0.00    0.00    0.00    0.00    0.00     5  postgres
09:34:39 PM 100998    690610    0.00    1.00    0.00    0.00    1.00     5  postgres
09:34:39 PM 100998    690696    0.00    0.00    0.00    0.00    0.00     6  postgres
09:34:39 PM 100998    690700    0.00    0.00    0.00    0.00    0.00     5  postgres
09:34:39 PM 100998    690704    0.00    0.00    0.00    0.00    0.00     4  postgres
09:34:39 PM 100998    690710    0.00    0.00    0.00    0.00    0.00     4  postgres
09:34:39 PM 100998    690711    0.00    0.00    0.00    0.00    0.00     4  postgres
09:34:39 PM 100998    690717    0.00    0.00    0.00    0.00    0.00     4  postgres
09:34:39 PM 100998    690725    0.00    0.00    0.00    0.00    0.00     6  postgres
09:34:39 PM 100998    690730    0.00    0.00    0.00    0.00    0.00     5  postgres
09:34:39 PM 100998    690736    0.00    0.00    0.00    0.00    0.00     6  postgres
09:34:39 PM 100998    690737    0.00    0.00    0.00    0.00    0.00     5  postgres
09:34:39 PM 100998    690739    0.00    0.00    0.00    0.00    0.00     4  postgres
09:34:39 PM 100998    690740    0.00    0.00    0.00    0.00    0.00     4  postgres
09:34:39 PM 100998    690741    0.00    0.00    0.00    0.00    0.00     5  postgres
09:34:39 PM 100998    690742    0.00    0.00    0.00    0.00    0.00     4  postgres
09:34:39 PM 100998    690743    0.00    0.00    0.00    0.00    0.00     5  postgres
09:34:39 PM 100998    690744    0.00    0.00    0.00    0.00    0.00     6  postgres
09:34:39 PM 100998    690746    0.00    0.00    0.00    0.00    0.00     4  postgres
09:34:39 PM 100998    690747    0.00    0.00    0.00    0.00    0.00     5  postgres
09:34:39 PM 100998    690749    0.00    0.00    0.00    0.00    0.00     6  postgres

09:34:39 PM   UID       PID    %usr %system  %guest   %wait    %CPU   CPU  Command
09:34:40 PM 100998    689780    0.00    0.00    0.00    0.00    0.00     6  postgres
09:34:40 PM 100998    689781    0.00    0.00    0.00    0.00    0.00     5  postgres
09:34:40 PM 100998    689783    0.00    0.00    0.00    0.00    0.00     6  postgres
09:34:40 PM 100998    689784    0.00    0.00    0.00    0.00    0.00     5  postgres
09:34:40 PM 100998    690610    0.00    0.00    0.00    0.00    0.00     5  postgres
09:34:40 PM 100998    690696    0.00    1.00    0.00    0.00    1.00     6  postgres
09:34:40 PM 100998    690700    0.00    0.00    0.00    0.00    0.00     5  postgres
09:34:40 PM 100998    690704    0.00    0.00    0.00    0.00    0.00     4  postgres
09:34:40 PM 100998    690710    0.00    0.00    0.00    0.00    0.00     4  postgres
09:34:40 PM 100998    690711    0.00    0.00    0.00    0.00    0.00     6  postgres
09:34:40 PM 100998    690717    0.00    0.00    0.00    0.00    0.00     4  postgres
09:34:40 PM 100998    690725    0.00    0.00    0.00    0.00    0.00     6  postgres
09:34:40 PM 100998    690730    0.00    0.00    0.00    0.00    0.00     5  postgres
09:34:40 PM 100998    690736    0.00    0.00    0.00    0.00    0.00     6  postgres
09:34:40 PM 100998    690737    0.00    0.00    0.00    0.00    0.00     5  postgres
09:34:40 PM 100998    690739    0.00    0.00    0.00    0.00    0.00     6  postgres
09:34:40 PM 100998    690740    0.00    0.00    0.00    0.00    0.00     4  postgres
09:34:40 PM 100998    690741    0.00    0.00    0.00    0.00    0.00     5  postgres
09:34:40 PM 100998    690742    0.00    0.00    0.00    0.00    0.00     4  postgres
09:34:40 PM 100998    690743    0.00    0.00    0.00    0.00    0.00     5  postgres
09:34:40 PM 100998    690744    0.00    0.00    0.00    0.00    0.00     6  postgres
09:34:40 PM 100998    690746    1.00    0.00    0.00    0.00    1.00     6  postgres
09:34:40 PM 100998    690747    1.00    0.00    0.00    0.00    1.00     5  postgres
09:34:40 PM 100998    690749    0.00    0.00    0.00    0.00    0.00     4  postgres

09:34:40 PM   UID       PID    %usr %system  %guest   %wait    %CPU   CPU  Command
09:34:41 PM 100998    689780    0.00    0.00    0.00    0.00    0.00     6  postgres
09:34:41 PM 100998    689781    0.00    0.00    0.00    0.00    0.00     5  postgres
09:34:41 PM 100998    689783    0.00    0.00    0.00    0.00    0.00     6  postgres
09:34:41 PM 100998    689784    0.00    0.00    0.00    0.00    0.00     5  postgres
09:34:41 PM 100998    690610    0.00    0.00    0.00    0.00    0.00     5  postgres
09:34:41 PM 100998    690696    0.00    0.00    0.00    0.00    0.00     4  postgres
09:34:41 PM 100998    690700    0.00    0.00    0.00    0.00    0.00     5  postgres
09:34:41 PM 100998    690704    1.00    0.00    0.00    0.00    1.00     6  postgres
09:34:41 PM 100998    690710    1.00    0.00    0.00    0.00    1.00     4  postgres
09:34:41 PM 100998    690711    1.00    0.00    0.00    0.00    1.00     4  postgres
09:34:41 PM 100998    690717    0.00    0.00    0.00    0.00    0.00     4  postgres
09:34:41 PM 100998    690725    0.00    1.00    0.00    0.00    1.00     4  postgres
09:34:41 PM 100998    690730    0.00    0.00    0.00    0.00    0.00     5  postgres
09:34:41 PM 100998    690736    0.00    1.00    0.00    0.00    1.00     4  postgres
09:34:41 PM 100998    690737    1.00    0.00    0.00    0.00    1.00     5  postgres
09:34:41 PM 100998    690739    0.00    0.00    0.00    0.00    0.00     6  postgres
09:34:41 PM 100998    690740    1.00    0.00    0.00    0.00    1.00     4  postgres
09:34:41 PM 100998    690741    0.00    0.00    0.00    0.00    0.00     6  postgres
09:34:41 PM 100998    690742    0.00    0.00    0.00    0.00    0.00     6  postgres
09:34:41 PM 100998    690743    0.00    0.00    0.00    0.00    0.00     5  postgres
09:34:41 PM 100998    690744    0.00    1.00    0.00    0.00    1.00     4  postgres
09:34:41 PM 100998    690746    0.00    0.00    0.00    0.00    0.00     6  postgres
09:34:41 PM 100998    690747    0.00    0.00    0.00    0.00    0.00     5  postgres
09:34:41 PM 100998    690749    0.00    0.00    0.00    0.00    0.00     4  postgres

09:34:41 PM   UID       PID    %usr %system  %guest   %wait    %CPU   CPU  Command
09:34:42 PM 100998    689780    0.00    0.00    0.00    0.00    0.00     6  postgres
09:34:42 PM 100998    689781    0.00    0.00    0.00    0.00    0.00     5  postgres
09:34:42 PM 100998    689783    0.00    0.00    0.00    0.00    0.00     6  postgres
09:34:42 PM 100998    689784    0.00    0.00    0.00    0.00    0.00     5  postgres
09:34:42 PM 100998    690610    1.00    0.00    0.00    0.00    1.00     5  postgres
09:34:42 PM 100998    690696    0.00    0.00    0.00    0.00    0.00     6  postgres
09:34:42 PM 100998    690700    0.00    1.00    0.00    0.00    1.00     5  postgres
09:34:42 PM 100998    690704    0.00    0.00    0.00    0.00    0.00     4  postgres
09:34:42 PM 100998    690710    0.00    0.00    0.00    0.00    0.00     6  postgres
09:34:42 PM 100998    690711    0.00    0.00    0.00    0.00    0.00     6  postgres
09:34:42 PM 100998    690717    1.00    0.00    0.00    0.00    1.00     4  postgres
09:34:42 PM 100998    690725    0.00    0.00    0.00    0.00    0.00     6  postgres
09:34:42 PM 100998    690730    1.00    1.00    0.00    0.00    2.00     6  postgres
09:34:42 PM 100998    690736    0.00    0.00    0.00    0.00    0.00     6  postgres
09:34:42 PM 100998    690737    0.00    1.00    0.00    0.00    1.00     5  postgres
09:34:42 PM 100998    690739    1.00    1.00    0.00    0.00    2.00     4  postgres
09:34:42 PM 100998    690740    0.00    0.00    0.00    0.00    0.00     4  postgres
09:34:42 PM 100998    690741    1.00    1.00    0.00    0.00    2.00     4  postgres
09:34:42 PM 100998    690742    0.00    1.00    0.00    0.00    1.00     6  postgres
09:34:42 PM 100998    690743    0.00    1.00    0.00    0.00    1.00     5  postgres
09:34:42 PM 100998    690744    0.00    0.00    0.00    0.00    0.00     6  postgres
09:34:42 PM 100998    690746    0.00    1.00    0.00    0.00    1.00     4  postgres
09:34:42 PM 100998    690747    0.00    0.00    0.00    0.00    0.00     5  postgres
09:34:42 PM 100998    690749    1.00    0.00    0.00    0.00    1.00     4  postgres

09:34:42 PM   UID       PID    %usr %system  %guest   %wait    %CPU   CPU  Command
09:34:43 PM 100998    689780    0.00    0.00    0.00    0.00    0.00     6  postgres
09:34:43 PM 100998    689781    0.00    0.00    0.00    0.00    0.00     5  postgres
09:34:43 PM 100998    689783    0.00    0.00    0.00    0.00    0.00     6  postgres
09:34:43 PM 100998    689784    0.00    0.00    0.00    0.00    0.00     5  postgres
09:34:43 PM 100998    690610    0.00    0.00    0.00    0.00    0.00     5  postgres
09:34:43 PM 100998    690696    0.00    1.00    0.00    0.00    1.00     6  postgres
09:34:43 PM 100998    690700    1.00    0.00    0.00    0.00    1.00     5  postgres
09:34:43 PM 100998    690704    0.00    0.00    0.00    0.00    0.00     4  postgres
09:34:43 PM 100998    690710    1.00    1.00    0.00    0.00    2.00     4  postgres
09:34:43 PM 100998    690711    0.00    1.00    0.00    0.00    1.00     6  postgres
09:34:43 PM 100998    690717    0.00    0.00    0.00    0.00    0.00     6  postgres
09:34:43 PM 100998    690725    1.00    0.00    0.00    0.00    1.00     6  postgres
09:34:43 PM 100998    690730    0.00    0.00    0.00    0.00    0.00     4  postgres
09:34:43 PM 100998    690736    1.00    0.00    0.00    0.00    1.00     6  postgres
09:34:43 PM 100998    690737    0.00    0.00    0.00    0.00    0.00     5  postgres
09:34:43 PM 100998    690739    0.00    0.00    0.00    0.00    0.00     4  postgres
09:34:43 PM 100998    690740    0.00    0.00    0.00    0.00    0.00     4  postgres
09:34:43 PM 100998    690741    0.00    0.00    0.00    0.00    0.00     4  postgres
09:34:43 PM 100998    690742    1.00    0.00    0.00    0.00    1.00     4  postgres
09:34:43 PM 100998    690743    1.00    0.00    0.00    0.00    1.00     5  postgres
09:34:43 PM 100998    690744    1.00    1.00    0.00    0.00    2.00     6  postgres
09:34:43 PM 100998    690746    0.00    0.00    0.00    0.00    0.00     6  postgres
09:34:43 PM 100998    690747    0.00    1.00    0.00    0.00    1.00     5  postgres
09:34:43 PM 100998    690749    0.00    1.00    0.00    0.00    1.00     6  postgres

09:34:43 PM   UID       PID    %usr %system  %guest   %wait    %CPU   CPU  Command
09:34:44 PM 100998    689780    0.00    0.00    0.00    0.00    0.00     6  postgres
09:34:44 PM 100998    689781    0.00    0.00    0.00    0.00    0.00     5  postgres
09:34:44 PM 100998    689783    0.00    0.00    0.00    0.00    0.00     6  postgres
09:34:44 PM 100998    689784    0.00    0.00    0.00    0.00    0.00     5  postgres
09:34:44 PM 100998    690610    0.00    1.00    0.00    0.00    1.00     5  postgres
09:34:44 PM 100998    690696    1.00    0.00    0.00    0.00    1.00     4  postgres
09:34:44 PM 100998    690700    0.00    0.00    0.00    0.00    0.00     5  postgres
09:34:44 PM 100998    690704    0.00    0.00    0.00    0.00    0.00     6  postgres
09:34:44 PM 100998    690710    0.00    0.00    0.00    0.00    0.00     6  postgres
09:34:44 PM 100998    690711    0.00    0.00    0.00    0.00    0.00     4  postgres
09:34:44 PM 100998    690717    0.00    1.00    0.00    0.00    1.00     6  postgres
09:34:44 PM 100998    690725    0.00    0.00    0.00    0.00    0.00     4  postgres
09:34:44 PM 100998    690730    0.00    0.00    0.00    0.00    0.00     4  postgres
09:34:44 PM 100998    690736    0.00    0.00    0.00    0.00    0.00     4  postgres
09:34:44 PM 100998    690737    0.00    0.00    0.00    0.00    0.00     4  postgres
09:34:44 PM 100998    690739    0.00    0.00    0.00    0.00    0.00     6  postgres
09:34:44 PM 100998    690740    1.00    1.00    0.00    0.00    2.00     6  postgres
09:34:44 PM 100998    690741    0.00    0.00    0.00    0.00    0.00     6  postgres
09:34:44 PM 100998    690742    0.00    0.00    0.00    0.00    0.00     6  postgres
09:34:44 PM 100998    690743    0.00    0.00    0.00    0.00    0.00     5  postgres
09:34:44 PM 100998    690744    0.00    0.00    0.00    0.00    0.00     6  postgres
09:34:44 PM 100998    690746    0.00    0.00    0.00    0.00    0.00     6  postgres
09:34:44 PM 100998    690747    0.00    0.00    0.00    0.00    0.00     5  postgres
09:34:44 PM 100998    690749    0.00    0.00    0.00    0.00    0.00     6  postgres

09:34:44 PM   UID       PID    %usr %system  %guest   %wait    %CPU   CPU  Command
09:34:45 PM 100998    689780    0.00    0.00    0.00    0.00    0.00     6  postgres
09:34:45 PM 100998    689781    0.00    0.00    0.00    0.00    0.00     5  postgres
09:34:45 PM 100998    689783    0.00    0.00    0.00    0.00    0.00     6  postgres
09:34:45 PM 100998    689784    0.00    0.00    0.00    0.00    0.00     5  postgres
09:34:45 PM 100998    690610    0.00    0.00    0.00    0.00    0.00     5  postgres
09:34:45 PM 100998    690696    0.00    0.00    0.00    0.00    0.00     4  postgres
09:34:45 PM 100998    690700    0.00    0.00    0.00    0.00    0.00     5  postgres
09:34:45 PM 100998    690704    1.00    1.00    0.00    0.00    2.00     6  postgres
09:34:45 PM 100998    690710    0.00    1.00    0.00    0.00    1.00     4  postgres
09:34:45 PM 100998    690711    0.00    1.00    0.00    0.00    1.00     6  postgres
09:34:45 PM 100998    690717    0.00    0.00    0.00    0.00    0.00     4  postgres
09:34:45 PM 100998    690725    0.00    0.00    0.00    0.00    0.00     6  postgres
09:34:45 PM 100998    690730    0.00    0.00    0.00    0.00    0.00     4  postgres
09:34:45 PM 100998    690736    0.00    0.00    0.00    0.00    0.00     6  postgres
09:34:45 PM 100998    690737    1.00    0.00    0.00    0.00    1.00     4  postgres
09:34:45 PM 100998    690739    0.00    0.00    0.00    0.00    0.00     4  postgres
09:34:45 PM 100998    690740    0.00    0.00    0.00    0.00    0.00     6  postgres
09:34:45 PM 100998    690741    1.00    0.00    0.00    0.00    1.00     6  postgres
09:34:45 PM 100998    690742    0.00    0.00    0.00    0.00    0.00     6  postgres
09:34:45 PM 100998    690743    1.00    0.00    0.00    0.00    1.00     6  postgres
09:34:45 PM 100998    690744    0.00    0.00    0.00    0.00    0.00     6  postgres
09:34:45 PM 100998    690746    1.00    0.00    0.00    0.00    1.00     6  postgres
09:34:45 PM 100998    690747    1.00    0.00    0.00    0.00    1.00     5  postgres
09:34:45 PM 100998    690749    0.00    0.00    0.00    0.00    0.00     4  postgres

09:34:45 PM   UID       PID    %usr %system  %guest   %wait    %CPU   CPU  Command
09:34:46 PM 100998    689780    0.00    0.00    0.00    0.00    0.00     6  postgres
09:34:46 PM 100998    689781    0.00    0.00    0.00    0.00    0.00     5  postgres
09:34:46 PM 100998    689783    0.00    0.00    0.00    0.00    0.00     6  postgres
09:34:46 PM 100998    689784    0.00    0.00    0.00    0.00    0.00     5  postgres
09:34:46 PM 100998    690610    1.00    0.00    0.00    0.00    1.00     5  postgres
09:34:46 PM 100998    690696    1.00    0.00    0.00    0.00    1.00     4  postgres
09:34:46 PM 100998    690700    0.00    1.00    0.00    0.00    1.00     5  postgres
09:34:46 PM 100998    690704    0.00    0.00    0.00    0.00    0.00     4  postgres
09:34:46 PM 100998    690710    0.00    0.00    0.00    0.00    0.00     4  postgres
09:34:46 PM 100998    690711    1.00    0.00    0.00    0.00    1.00     6  postgres
09:34:46 PM 100998    690717    0.00    1.00    0.00    0.00    1.00     6  postgres
09:34:46 PM 100998    690725    0.00    1.00    0.00    0.00    1.00     6  postgres
09:34:46 PM 100998    690730    0.00    1.00    0.00    0.00    1.00     6  postgres
09:34:46 PM 100998    690736    0.00    1.00    0.00    0.00    1.00     4  postgres
09:34:46 PM 100998    690737    0.00    0.00    0.00    0.00    0.00     6  postgres
09:34:46 PM 100998    690739    0.00    1.00    0.00    0.00    1.00     6  postgres
09:34:46 PM 100998    690740    0.00    0.00    0.00    0.00    0.00     6  postgres
09:34:46 PM 100998    690741    0.00    0.00    0.00    0.00    0.00     4  postgres
09:34:46 PM 100998    690742    0.00    1.00    0.00    0.00    1.00     4  postgres
09:34:46 PM 100998    690743    0.00    1.00    0.00    0.00    1.00     6  postgres
09:34:46 PM 100998    690744    0.00    0.00    0.00    0.00    0.00     4  postgres
09:34:46 PM 100998    690746    0.00    0.00    0.00    0.00    0.00     6  postgres
09:34:46 PM 100998    690747    0.00    0.00    0.00    0.00    0.00     5  postgres
09:34:46 PM 100998    690749    1.00    0.00    0.00    0.00    1.00     6  postgres

09:34:46 PM   UID       PID    %usr %system  %guest   %wait    %CPU   CPU  Command
09:34:47 PM 100998    689780    0.00    0.00    0.00    0.00    0.00     6  postgres
09:34:47 PM 100998    689781    0.00    0.00    0.00    0.00    0.00     5  postgres
09:34:47 PM 100998    689783    0.00    0.00    0.00    0.00    0.00     6  postgres
09:34:47 PM 100998    689784    0.00    0.00    0.00    0.00    0.00     5  postgres
09:34:47 PM 100998    690610    0.00    0.00    0.00    0.00    0.00     5  postgres
09:34:47 PM 100998    690696    0.00    1.00    0.00    0.00    1.00     4  postgres
09:34:47 PM 100998    690700    1.00    0.00    0.00    0.00    1.00     6  postgres
09:34:47 PM 100998    690704    0.00    0.00    0.00    0.00    0.00     6  postgres
09:34:47 PM 100998    690710    1.00    0.00    0.00    0.00    1.00     4  postgres
09:34:47 PM 100998    690711    0.00    0.00    0.00    0.00    0.00     4  postgres
09:34:47 PM 100998    690717    0.00    0.00    0.00    0.00    0.00     4  postgres
09:34:47 PM 100998    690725    1.00    0.00    0.00    0.00    1.00     6  postgres
09:34:47 PM 100998    690730    0.00    0.00    0.00    0.00    0.00     6  postgres
09:34:47 PM 100998    690736    1.00    0.00    0.00    0.00    1.00     6  postgres
09:34:47 PM 100998    690737    0.00    1.00    0.00    0.00    1.00     4  postgres
09:34:47 PM 100998    690739    1.00    0.00    0.00    0.00    1.00     6  postgres
09:34:47 PM 100998    690740    0.00    0.00    0.00    0.00    0.00     6  postgres
09:34:47 PM 100998    690741    0.00    1.00    0.00    0.00    1.00     4  postgres
09:34:47 PM 100998    690742    0.00    0.00    0.00    0.00    0.00     6  postgres
09:34:47 PM 100998    690743    0.00    0.00    0.00    0.00    0.00     4  postgres
09:34:47 PM 100998    690744    0.00    1.00    0.00    0.00    1.00     6  postgres
09:34:47 PM 100998    690746    0.00    0.00    0.00    0.00    0.00     6  postgres
09:34:47 PM 100998    690747    0.00    0.00    0.00    0.00    0.00     5  postgres
09:34:47 PM 100998    690749    0.00    1.00    0.00    0.00    1.00     6  postgres

09:34:47 PM   UID       PID    %usr %system  %guest   %wait    %CPU   CPU  Command
09:34:48 PM 100998    689780    0.00    0.00    0.00    0.00    0.00     6  postgres
09:34:48 PM 100998    689781    0.00    0.00    0.00    0.00    0.00     5  postgres
09:34:48 PM 100998    689783    0.00    0.00    0.00    0.00    0.00     6  postgres
09:34:48 PM 100998    689784    0.00    0.00    0.00    0.00    0.00     5  postgres
09:34:48 PM 100998    690610    0.00    1.00    0.00    0.00    1.00     5  postgres
09:34:48 PM 100998    690696    0.00    0.00    0.00    0.00    0.00     6  postgres
09:34:48 PM 100998    690700    0.00    0.00    0.00    0.00    0.00     6  postgres
09:34:48 PM 100998    690704    0.00    0.00    0.00    0.00    0.00     6  postgres
09:34:48 PM 100998    690710    0.00    0.00    0.00    0.00    0.00     4  postgres
09:34:48 PM 100998    690711    0.00    0.00    0.00    0.00    0.00     4  postgres
09:34:48 PM 100998    690717    1.00    0.00    0.00    0.00    1.00     6  postgres
09:34:48 PM 100998    690725    0.00    1.00    0.00    0.00    1.00     4  postgres
09:34:48 PM 100998    690730    1.00    0.00    0.00    0.00    1.00     4  postgres
09:34:48 PM 100998    690736    0.00    0.00    0.00    0.00    0.00     4  postgres
09:34:48 PM 100998    690737    1.00    0.00    0.00    0.00    1.00     6  postgres
09:34:48 PM 100998    690739    0.00    0.00    0.00    0.00    0.00     4  postgres
09:34:48 PM 100998    690740    1.00    0.00    0.00    0.00    1.00     4  postgres
09:34:48 PM 100998    690741    0.00    0.00    0.00    0.00    0.00     4  postgres
09:34:48 PM 100998    690742    1.00    0.00    0.00    0.00    1.00     6  postgres
09:34:48 PM 100998    690743    1.00    0.00    0.00    0.00    1.00     4  postgres
09:34:48 PM 100998    690744    1.00    0.00    0.00    0.00    1.00     4  postgres
09:34:48 PM 100998    690746    0.00    1.00    0.00    0.00    1.00     4  postgres
09:34:48 PM 100998    690747    1.00    1.00    0.00    0.00    2.00     5  postgres
09:34:48 PM 100998    690749    1.00    0.00    0.00    0.00    1.00     4  postgres

09:34:48 PM   UID       PID    %usr %system  %guest   %wait    %CPU   CPU  Command
09:34:49 PM 100998    689780    0.00    0.00    0.00    0.00    0.00     6  postgres
09:34:49 PM 100998    689781    0.00    0.00    0.00    0.00    0.00     5  postgres
09:34:49 PM 100998    689783    0.00    0.00    0.00    0.00    0.00     6  postgres
09:34:49 PM 100998    689784    0.00    0.00    0.00    0.00    0.00     5  postgres
09:34:49 PM 100998    690610    1.00    0.00    0.00    0.00    1.00     5  postgres
09:34:49 PM 100998    690696    1.00    0.00    0.00    0.00    1.00     6  postgres
09:34:49 PM 100998    690700    0.00    0.00    0.00    0.00    0.00     6  postgres
09:34:49 PM 100998    690704    1.00    1.00    0.00    0.00    2.00     4  postgres
09:34:49 PM 100998    690710    0.00    0.00    0.00    0.00    0.00     4  postgres
09:34:49 PM 100998    690711    1.00    0.00    0.00    0.00    1.00     4  postgres
09:34:49 PM 100998    690717    0.00    0.00    0.00    0.00    0.00     6  postgres
09:34:49 PM 100998    690725    0.00    0.00    0.00    0.00    0.00     6  postgres
09:34:49 PM 100998    690730    0.00    1.00    0.00    0.00    1.00     4  postgres
09:34:49 PM 100998    690736    1.00    0.00    0.00    0.00    1.00     6  postgres
09:34:49 PM 100998    690737    0.00    0.00    0.00    0.00    0.00     6  postgres
09:34:49 PM 100998    690739    1.00    1.00    0.00    0.00    2.00     4  postgres
09:34:49 PM 100998    690740    0.00    1.00    0.00    0.00    1.00     6  postgres
09:34:49 PM 100998    690741    1.00    1.00    0.00    0.00    2.00     4  postgres
09:34:49 PM 100998    690742    0.00    1.00    0.00    0.00    1.00     4  postgres
09:34:49 PM 100998    690743    0.00    0.00    0.00    0.00    0.00     6  postgres
09:34:49 PM 100998    690744    0.00    0.00    0.00    0.00    0.00     6  postgres
09:34:49 PM 100998    690746    0.00    0.00    0.00    0.00    0.00     4  postgres
09:34:49 PM 100998    690747    0.00    0.00    0.00    0.00    0.00     5  postgres
09:34:49 PM 100998    690749    0.00    0.00    0.00    0.00    0.00     6  postgres

09:34:49 PM   UID       PID    %usr %system  %guest   %wait    %CPU   CPU  Command
09:34:50 PM 100998    689780    0.00    0.00    0.00    0.00    0.00     6  postgres
09:34:50 PM 100998    689781    0.00    0.00    0.00    0.00    0.00     5  postgres
09:34:50 PM 100998    689783    0.00    0.00    0.00    0.00    0.00     6  postgres
09:34:50 PM 100998    689784    0.00    0.00    0.00    0.00    0.00     5  postgres
09:34:50 PM 100998    690610    0.00    0.00    0.00    0.00    0.00     5  postgres
09:34:50 PM 100998    690696    0.00    1.00    0.00    0.00    1.00     4  postgres
09:34:50 PM 100998    690700    0.00    1.00    0.00    0.00    1.00     6  postgres
09:34:50 PM 100998    690704    0.00    0.00    0.00    0.00    0.00     6  postgres
09:34:50 PM 100998    690710    1.00    1.00    0.00    0.00    2.00     4  postgres
09:34:50 PM 100998    690711    0.00    0.00    0.00    0.00    0.00     4  postgres
09:34:50 PM 100998    690717    0.00    1.00    0.00    0.00    1.00     4  postgres
09:34:50 PM 100998    690725    0.00    0.00    0.00    0.00    0.00     4  postgres
09:34:50 PM 100998    690730    1.00    0.00    0.00    0.00    1.00     4  postgres
09:34:50 PM 100998    690736    0.00    1.00    0.00    0.00    1.00     6  postgres
09:34:50 PM 100998    690737    0.00    1.00    0.00    0.00    1.00     4  postgres
09:34:50 PM 100998    690739    0.00    0.00    0.00    0.00    0.00     6  postgres
09:34:50 PM 100998    690740    0.00    0.00    0.00    0.00    0.00     4  postgres
09:34:50 PM 100998    690741    0.00    0.00    0.00    0.00    0.00     6  postgres
09:34:50 PM 100998    690742    0.00    0.00    0.00    0.00    0.00     4  postgres
09:34:50 PM 100998    690743    0.00    1.00    0.00    0.00    1.00     6  postgres
09:34:50 PM 100998    690744    1.00    0.00    0.00    0.00    1.00     6  postgres
09:34:50 PM 100998    690746    1.00    1.00    0.00    0.00    2.00     4  postgres
09:34:50 PM 100998    690747    1.00    0.00    0.00    0.00    1.00     5  postgres
09:34:50 PM 100998    690749    1.00    0.00    0.00    0.00    1.00     4  postgres

09:34:50 PM   UID       PID    %usr %system  %guest   %wait    %CPU   CPU  Command
09:34:51 PM 100998    689780    0.00    0.00    0.00    0.00    0.00     6  postgres
09:34:51 PM 100998    689781    0.00    0.00    0.00    0.00    0.00     5  postgres
09:34:51 PM 100998    689783    0.00    0.00    0.00    0.00    0.00     6  postgres
09:34:51 PM 100998    689784    0.00    0.00    0.00    0.00    0.00     5  postgres
09:34:51 PM 100998    690610    0.00    1.00    0.00    0.00    1.00     5  postgres
09:34:51 PM 100998    690696    0.00    0.00    0.00    0.00    0.00     6  postgres
09:34:51 PM 100998    690700    1.00    0.00    0.00    0.00    1.00     4  postgres
09:34:51 PM 100998    690704    0.00    0.00    0.00    0.00    0.00     4  postgres
09:34:51 PM 100998    690710    0.00    0.00    0.00    0.00    0.00     6  postgres
09:34:51 PM 100998    690711    0.00    1.00    0.00    0.00    1.00     6  postgres
09:34:51 PM 100998    690717    1.00    0.00    0.00    0.00    1.00     4  postgres
09:34:51 PM 100998    690725    0.00    1.00    0.00    0.00    1.00     4  postgres
09:34:51 PM 100998    690730    0.00    0.00    0.00    0.00    0.00     6  postgres
09:34:51 PM 100998    690736    0.00    0.00    0.00    0.00    0.00     6  postgres
09:34:51 PM 100998    690737    0.00    0.00    0.00    0.00    0.00     6  postgres
09:34:51 PM 100998    690739    0.00    0.00    0.00    0.00    0.00     6  postgres
09:34:51 PM 100998    690740    0.00    0.00    0.00    0.00    0.00     4  postgres
09:34:51 PM 100998    690741    0.00    1.00    0.00    0.00    1.00     6  postgres
09:34:51 PM 100998    690742    1.00    1.00    0.00    0.00    2.00     4  postgres
09:34:51 PM 100998    690743    1.00    0.00    0.00    0.00    1.00     4  postgres
09:34:51 PM 100998    690744    0.00    0.00    0.00    0.00    0.00     4  postgres
09:34:51 PM 100998    690746    0.00    0.00    0.00    0.00    0.00     4  postgres
09:34:51 PM 100998    690747    0.00    1.00    0.00    0.00    1.00     5  postgres
09:34:51 PM 100998    690749    0.00    1.00    0.00    0.00    1.00     4  postgres

09:34:51 PM   UID       PID    %usr %system  %guest   %wait    %CPU   CPU  Command
09:34:52 PM 100998    689780    0.00    0.00    0.00    0.00    0.00     6  postgres
09:34:52 PM 100998    689781    0.00    0.00    0.00    0.00    0.00     5  postgres
09:34:52 PM 100998    689783    0.00    0.00    0.00    0.00    0.00     6  postgres
09:34:52 PM 100998    689784    0.00    0.00    0.00    0.00    0.00     5  postgres
09:34:52 PM 100998    690610    2.00    0.00    0.00    0.00    2.00     5  postgres
09:34:52 PM 100998    690696    1.00    0.00    0.00    0.00    1.00     6  postgres
09:34:52 PM 100998    690700    0.00    1.00    0.00    0.00    1.00     6  postgres
09:34:52 PM 100998    690704    0.00    1.00    0.00    0.00    1.00     4  postgres
09:34:52 PM 100998    690710    0.00    0.00    0.00    0.00    0.00     4  postgres
09:34:52 PM 100998    690711    1.00    0.00    0.00    0.00    1.00     4  postgres
09:34:52 PM 100998    690717    0.00    0.00    0.00    0.00    0.00     4  postgres
09:34:52 PM 100998    690725    1.00    0.00    0.00    0.00    1.00     4  postgres
09:34:52 PM 100998    690730    0.00    1.00    0.00    0.00    1.00     4  postgres
09:34:52 PM 100998    690736    0.00    1.00    0.00    0.00    1.00     6  postgres
09:34:52 PM 100998    690737    1.00    0.00    0.00    0.00    1.00     6  postgres
09:34:52 PM 100998    690739    1.00    1.00    0.00    0.00    2.00     4  postgres
09:34:52 PM 100998    690740    1.00    1.00    0.00    0.00    2.00     4  postgres
09:34:52 PM 100998    690741    0.00    0.00    0.00    0.00    0.00     4  postgres
09:34:52 PM 100998    690742    0.00    0.00    0.00    0.00    0.00     6  postgres
09:34:52 PM 100998    690743    0.00    1.00    0.00    0.00    1.00     4  postgres
09:34:52 PM 100998    690744    0.00    1.00    0.00    0.00    1.00     4  postgres
09:34:52 PM 100998    690746    1.00    0.00    0.00    0.00    1.00     6  postgres
09:34:52 PM 100998    690747    0.00    0.00    0.00    0.00    0.00     5  postgres
09:34:52 PM 100998    690749    1.00    0.00    0.00    0.00    1.00     6  postgres

09:34:52 PM   UID       PID    %usr %system  %guest   %wait    %CPU   CPU  Command
09:34:53 PM 100998    689780    0.00    0.00    0.00    0.00    0.00     6  postgres
09:34:53 PM 100998    689781    0.00    0.00    0.00    0.00    0.00     5  postgres
09:34:53 PM 100998    689783    0.00    0.00    0.00    0.00    0.00     6  postgres
09:34:53 PM 100998    689784    0.00    0.00    0.00    0.00    0.00     5  postgres
09:34:53 PM 100998    690610    0.00    1.00    0.00    0.00    1.00     5  postgres
09:34:53 PM 100998    690696    0.00    1.00    0.00    0.00    1.00     4  postgres
09:34:53 PM 100998    690700    0.00    0.00    0.00    0.00    0.00     6  postgres
09:34:53 PM 100998    690704    1.00    0.00    0.00    0.00    1.00     4  postgres
09:34:53 PM 100998    690710    0.00    1.00    0.00    0.00    1.00     4  postgres
09:34:53 PM 100998    690711    0.00    0.00    0.00    0.00    0.00     4  postgres
09:34:53 PM 100998    690717    1.00    1.00    0.00    0.00    2.00     6  postgres
09:34:53 PM 100998    690725    0.00    0.00    0.00    0.00    0.00     4  postgres
09:34:53 PM 100998    690730    1.00    0.00    0.00    0.00    1.00     4  postgres
09:34:53 PM 100998    690736    1.00    0.00    0.00    0.00    1.00     4  postgres
09:34:53 PM 100998    690737    0.00    1.00    0.00    0.00    1.00     6  postgres
09:34:53 PM 100998    690739    0.00    0.00    0.00    0.00    0.00     6  postgres
09:34:53 PM 100998    690740    0.00    0.00    0.00    0.00    0.00     6  postgres
09:34:53 PM 100998    690741    1.00    0.00    0.00    0.00    1.00     4  postgres
09:34:53 PM 100998    690742    0.00    0.00    0.00    0.00    0.00     6  postgres
09:34:53 PM 100998    690743    0.00    0.00    0.00    0.00    0.00     4  postgres
09:34:53 PM 100998    690744    0.00    0.00    0.00    0.00    0.00     4  postgres
09:34:53 PM 100998    690746    0.00    1.00    0.00    0.00    1.00     6  postgres
09:34:53 PM 100998    690747    1.00    0.00    0.00    0.00    1.00     5  postgres
09:34:53 PM 100998    690749    0.00    0.00    0.00    0.00    0.00     4  postgres

09:34:53 PM   UID       PID    %usr %system  %guest   %wait    %CPU   CPU  Command
09:34:54 PM 100998    689780    0.00    0.00    0.00    0.00    0.00     6  postgres
09:34:54 PM 100998    689781    0.00    0.00    0.00    0.00    0.00     5  postgres
09:34:54 PM 100998    689783    0.00    0.00    0.00    0.00    0.00     6  postgres
09:34:54 PM 100998    689784    0.00    0.00    0.00    0.00    0.00     5  postgres
09:34:54 PM 100998    690610    0.00    0.00    0.00    0.00    0.00     5  postgres
09:34:54 PM 100998    690696    0.00    0.00    0.00    0.00    0.00     4  postgres
09:34:54 PM 100998    690700    1.00    0.00    0.00    0.00    1.00     6  postgres
09:34:54 PM 100998    690704    0.00    0.00    0.00    0.00    0.00     6  postgres
09:34:54 PM 100998    690710    1.00    0.00    0.00    0.00    1.00     6  postgres
09:34:54 PM 100998    690711    0.00    1.00    0.00    0.00    1.00     4  postgres
09:34:54 PM 100998    690717    0.00    0.00    0.00    0.00    0.00     6  postgres
09:34:54 PM 100998    690725    1.00    0.00    0.00    0.00    1.00     4  postgres
09:34:54 PM 100998    690730    0.00    0.00    0.00    0.00    0.00     6  postgres
09:34:54 PM 100998    690736    0.00    0.00    0.00    0.00    0.00     6  postgres
09:34:54 PM 100998    690737    0.00    0.00    0.00    0.00    0.00     6  postgres
09:34:54 PM 100998    690739    0.00    1.00    0.00    0.00    1.00     4  postgres
09:34:54 PM 100998    690740    0.00    0.00    0.00    0.00    0.00     4  postgres
09:34:54 PM 100998    690741    0.00    0.00    0.00    0.00    0.00     4  postgres
09:34:54 PM 100998    690742    1.00    0.00    0.00    0.00    1.00     6  postgres
09:34:54 PM 100998    690743    0.00    0.00    0.00    0.00    0.00     6  postgres
09:34:54 PM 100998    690744    1.00    0.00    0.00    0.00    1.00     6  postgres
09:34:54 PM 100998    690746    0.00    0.00    0.00    0.00    0.00     4  postgres
09:34:54 PM 100998    690747    0.00    1.00    0.00    0.00    1.00     5  postgres
09:34:54 PM 100998    690749    0.00    1.00    0.00    0.00    1.00     6  postgres

09:34:54 PM   UID       PID    %usr %system  %guest   %wait    %CPU   CPU  Command
09:34:55 PM 100998    689780    0.00    0.00    0.00    0.00    0.00     6  postgres
09:34:55 PM 100998    689781    0.00    0.00    0.00    0.00    0.00     5  postgres
09:34:55 PM 100998    689783    0.00    0.00    0.00    0.00    0.00     6  postgres
09:34:55 PM 100998    689784    0.00    0.00    0.00    0.00    0.00     5  postgres
09:34:55 PM 100998    690610    1.00    1.00    0.00    0.00    2.00     5  postgres
09:34:55 PM 100998    690696    1.00    1.00    0.00    0.00    2.00     6  postgres
09:34:55 PM 100998    690700    1.00    1.00    0.00    0.00    2.00     6  postgres
09:34:55 PM 100998    690704    1.00    1.00    0.00    0.00    2.00     6  postgres
09:34:55 PM 100998    690710    0.00    1.00    0.00    0.00    1.00     4  postgres
09:34:55 PM 100998    690711    1.00    0.00    0.00    0.00    1.00     6  postgres
09:34:55 PM 100998    690717    0.00    0.00    0.00    0.00    0.00     6  postgres
09:34:55 PM 100998    690725    0.00    1.00    0.00    0.00    1.00     6  postgres
09:34:55 PM 100998    690730    0.00    1.00    0.00    0.00    1.00     4  postgres
09:34:55 PM 100998    690736    0.00    1.00    0.00    0.00    1.00     4  postgres
09:34:55 PM 100998    690737    1.00    0.00    0.00    0.00    1.00     4  postgres
09:34:55 PM 100998    690739    1.00    0.00    0.00    0.00    1.00     6  postgres
09:34:55 PM 100998    690740    0.00    1.00    0.00    0.00    1.00     6  postgres
09:34:55 PM 100998    690741    0.00    1.00    0.00    0.00    1.00     4  postgres
09:34:55 PM 100998    690742    1.00    0.00    0.00    0.00    1.00     4  postgres
09:34:55 PM 100998    690743    1.00    1.00    0.00    0.00    2.00     6  postgres
09:34:55 PM 100998    690744    0.00    0.00    0.00    0.00    0.00     4  postgres
09:34:55 PM 100998    690746    1.00    0.00    0.00    0.00    1.00     6  postgres
09:34:55 PM 100998    690747    1.00    0.00    0.00    0.00    1.00     5  postgres
09:34:55 PM 100998    690749    1.00    0.00    0.00    0.00    1.00     4  postgres

09:34:55 PM   UID       PID    %usr %system  %guest   %wait    %CPU   CPU  Command
09:34:56 PM 100998    689780    0.00    0.00    0.00    0.00    0.00     6  postgres
09:34:56 PM 100998    689781    0.00    0.00    0.00    0.00    0.00     5  postgres
09:34:56 PM 100998    689783    0.00    0.00    0.00    0.00    0.00     6  postgres
09:34:56 PM 100998    689784    0.00    0.00    0.00    0.00    0.00     5  postgres
09:34:56 PM 100998    690610    0.00    0.00    0.00    0.00    0.00     5  postgres
09:34:56 PM 100998    690696    0.00    0.00    0.00    0.00    0.00     4  postgres
09:34:56 PM 100998    690700    0.00    0.00    0.00    0.00    0.00     4  postgres
09:34:56 PM 100998    690704    0.00    0.00    0.00    0.00    0.00     6  postgres
09:34:56 PM 100998    690710    0.00    0.00    0.00    0.00    0.00     4  postgres
09:34:56 PM 100998    690711    0.00    1.00    0.00    0.00    1.00     4  postgres
09:34:56 PM 100998    690717    1.00    1.00    0.00    0.00    2.00     4  postgres
09:34:56 PM 100998    690725    0.00    0.00    0.00    0.00    0.00     4  postgres
09:34:56 PM 100998    690730    1.00    0.00    0.00    0.00    1.00     6  postgres
09:34:56 PM 100998    690736    1.00    0.00    0.00    0.00    1.00     6  postgres
09:34:56 PM 100998    690737    0.00    0.00    0.00    0.00    0.00     4  postgres
09:34:56 PM 100998    690739    0.00    0.00    0.00    0.00    0.00     6  postgres
09:34:56 PM 100998    690740    1.00    0.00    0.00    0.00    1.00     6  postgres
09:34:56 PM 100998    690741    1.00    0.00    0.00    0.00    1.00     6  postgres
09:34:56 PM 100998    690742    0.00    1.00    0.00    0.00    1.00     4  postgres
09:34:56 PM 100998    690743    0.00    0.00    0.00    0.00    0.00     6  postgres
09:34:56 PM 100998    690744    1.00    1.00    0.00    0.00    2.00     6  postgres
09:34:56 PM 100998    690746    0.00    1.00    0.00    0.00    1.00     4  postgres
09:34:56 PM 100998    690747    0.00    1.00    0.00    0.00    1.00     5  postgres
09:34:56 PM 100998    690749    0.00    0.00    0.00    0.00    0.00     5  postgres

09:34:56 PM   UID       PID    %usr %system  %guest   %wait    %CPU   CPU  Command
09:34:57 PM 100998    689780    0.00    0.00    0.00    0.00    0.00     6  postgres
09:34:57 PM 100998    689781    0.00    0.00    0.00    0.00    0.00     5  postgres
09:34:57 PM 100998    689783    0.00    0.00    0.00    0.00    0.00     6  postgres
09:34:57 PM 100998    689784    0.00    0.00    0.00    0.00    0.00     5  postgres
09:34:57 PM 100998    690610    1.00    1.00    0.00    0.00    2.00     5  postgres
09:34:57 PM 100998    690696    1.00    0.00    0.00    0.00    1.00     4  postgres
09:34:57 PM 100998    690700    0.00    1.00    0.00    0.00    1.00     6  postgres
09:34:57 PM 100998    690704    1.00    1.00    0.00    0.00    2.00     6  postgres
09:34:57 PM 100998    690710    0.00    1.00    0.00    0.00    1.00     4  postgres
09:34:57 PM 100998    690711    1.00    0.00    0.00    0.00    1.00     4  postgres
09:34:57 PM 100998    690717    0.00    0.00    0.00    0.00    0.00     6  postgres
09:34:57 PM 100998    690725    1.00    1.00    0.00    0.00    2.00     6  postgres
09:34:57 PM 100998    690730    0.00    0.00    0.00    0.00    0.00     6  postgres
09:34:57 PM 100998    690736    0.00    1.00    0.00    0.00    1.00     4  postgres
09:34:57 PM 100998    690737    1.00    1.00    0.00    0.00    2.00     4  postgres
09:34:57 PM 100998    690739    0.00    1.00    0.00    0.00    1.00     4  postgres
09:34:57 PM 100998    690740    0.00    1.00    0.00    0.00    1.00     6  postgres
09:34:57 PM 100998    690741    0.00    0.00    0.00    0.00    0.00     4  postgres
09:34:57 PM 100998    690742    0.00    0.00    0.00    0.00    0.00     6  postgres
09:34:57 PM 100998    690743    0.00    0.00    0.00    0.00    0.00     6  postgres
09:34:57 PM 100998    690744    1.00    1.00    0.00    0.00    2.00     6  postgres
09:34:57 PM 100998    690746    0.00    0.00    0.00    0.00    0.00     6  postgres
09:34:57 PM 100998    690747    0.00    0.00    0.00    0.00    0.00     5  postgres
09:34:57 PM 100998    690749    1.00    1.00    0.00    0.00    2.00     5  postgres

09:34:57 PM   UID       PID    %usr %system  %guest   %wait    %CPU   CPU  Command
09:34:58 PM 100998    689780    0.00    0.00    0.00    0.00    0.00     6  postgres
09:34:58 PM 100998    689781    0.00    0.00    0.00    0.00    0.00     5  postgres
09:34:58 PM 100998    689783    0.00    0.00    0.00    0.00    0.00     6  postgres
09:34:58 PM 100998    689784    0.00    0.00    0.00    0.00    0.00     5  postgres
09:34:58 PM 100998    690610    0.00    0.00    0.00    0.00    0.00     5  postgres
09:34:58 PM 100998    690696    1.00    1.00    0.00    0.00    2.00     4  postgres
09:34:58 PM 100998    690700    0.00    0.00    0.00    0.00    0.00     6  postgres
09:34:58 PM 100998    690704    0.00    0.00    0.00    0.00    0.00     4  postgres
09:34:58 PM 100998    690710    1.00    0.00    0.00    0.00    1.00     4  postgres
09:34:58 PM 100998    690711    0.00    0.00    0.00    0.00    0.00     6  postgres
09:34:58 PM 100998    690717    0.00    1.00    0.00    0.00    1.00     4  postgres
09:34:58 PM 100998    690725    0.00    0.00    0.00    0.00    0.00     6  postgres
09:34:58 PM 100998    690730    1.00    1.00    0.00    0.00    2.00     4  postgres
09:34:58 PM 100998    690736    1.00    0.00    0.00    0.00    1.00     6  postgres
09:34:58 PM 100998    690737    1.00    1.00    0.00    0.00    2.00     6  postgres
09:34:58 PM 100998    690739    1.00    0.00    0.00    0.00    1.00     6  postgres
09:34:58 PM 100998    690740    0.00    0.00    0.00    0.00    0.00     4  postgres
09:34:58 PM 100998    690741    1.00    1.00    0.00    0.00    2.00     4  postgres
09:34:58 PM 100998    690742    1.00    1.00    0.00    0.00    2.00     4  postgres
09:34:58 PM 100998    690743    0.00    1.00    0.00    0.00    1.00     6  postgres
09:34:58 PM 100998    690744    0.00    0.00    0.00    0.00    0.00     6  postgres
09:34:58 PM 100998    690746    1.00    1.00    0.00    0.00    2.00     6  postgres
09:34:58 PM 100998    690747    1.00    0.00    0.00    0.00    1.00     5  postgres
09:34:58 PM 100998    690749    0.00    0.00    0.00    0.00    0.00     5  postgres

09:34:58 PM   UID       PID    %usr %system  %guest   %wait    %CPU   CPU  Command
09:34:59 PM 100998    689780    0.00    0.00    0.00    0.00    0.00     6  postgres
09:34:59 PM 100998    689781    0.00    0.00    0.00    0.00    0.00     5  postgres
09:34:59 PM 100998    689783    0.00    0.00    0.00    0.00    0.00     6  postgres
09:34:59 PM 100998    689784    0.00    0.00    0.00    0.00    0.00     5  postgres
09:34:59 PM 100998    690610    1.00    1.00    0.00    0.00    2.00     5  postgres
09:34:59 PM 100998    690696    0.00    0.00    0.00    0.00    0.00     4  postgres
09:34:59 PM 100998    690700    1.00    0.00    0.00    0.00    1.00     4  postgres
09:34:59 PM 100998    690704    0.00    0.00    0.00    0.00    0.00     4  postgres
09:34:59 PM 100998    690710    0.00    1.00    0.00    0.00    1.00     6  postgres
09:34:59 PM 100998    690711    0.00    1.00    0.00    0.00    1.00     6  postgres
09:34:59 PM 100998    690717    0.00    1.00    0.00    0.00    1.00     6  postgres
09:34:59 PM 100998    690725    1.00    0.00    0.00    0.00    1.00     6  postgres
09:34:59 PM 100998    690730    0.00    1.00    0.00    0.00    1.00     6  postgres
09:34:59 PM 100998    690736    1.00    0.00    0.00    0.00    1.00     4  postgres
09:34:59 PM 100998    690737    0.00    0.00    0.00    0.00    0.00     4  postgres
09:34:59 PM 100998    690739    0.00    0.00    0.00    0.00    0.00     4  postgres
09:34:59 PM 100998    690740    1.00    1.00    0.00    0.00    2.00     5  postgres
09:34:59 PM 100998    690741    0.00    0.00    0.00    0.00    0.00     6  postgres
09:34:59 PM 100998    690742    0.00    0.00    0.00    0.00    0.00     6  postgres
09:34:59 PM 100998    690743    1.00    1.00    0.00    0.00    2.00     6  postgres
09:34:59 PM 100998    690744    0.00    0.00    0.00    0.00    0.00     6  postgres
09:34:59 PM 100998    690746    0.00    0.00    0.00    0.00    0.00     4  postgres
09:34:59 PM 100998    690747    1.00    0.00    0.00    0.00    1.00     5  postgres
09:34:59 PM 100998    690749    1.00    0.00    0.00    0.00    1.00     5  postgres

09:34:59 PM   UID       PID    %usr %system  %guest   %wait    %CPU   CPU  Command
09:35:00 PM 100998    689780    0.00    0.00    0.00    0.00    0.00     6  postgres
09:35:00 PM 100998    689781    0.00    0.00    0.00    0.00    0.00     5  postgres
09:35:00 PM 100998    689783    0.00    0.00    0.00    0.00    0.00     6  postgres
09:35:00 PM 100998    689784    0.00    0.00    0.00    0.00    0.00     5  postgres
09:35:00 PM 100998    690610    0.00    0.00    0.00    0.00    0.00     6  postgres
09:35:00 PM 100998    690696    0.00    0.00    0.00    0.00    0.00     6  postgres
09:35:00 PM 100998    690700    0.00    1.00    0.00    0.00    1.00     6  postgres
09:35:00 PM 100998    690704    1.00    1.00    0.00    0.00    2.00     4  postgres
09:35:00 PM 100998    690710    1.00    0.00    0.00    0.00    1.00     6  postgres
09:35:00 PM 100998    690711    1.00    0.00    0.00    0.00    1.00     6  postgres
09:35:00 PM 100998    690717    1.00    0.00    0.00    0.00    1.00     4  postgres
09:35:00 PM 100998    690725    0.00    1.00    0.00    0.00    1.00     4  postgres
09:35:00 PM 100998    690730    1.00    0.00    0.00    0.00    1.00     6  postgres
09:35:00 PM 100998    690736    0.00    0.00    0.00    0.00    0.00     4  postgres
09:35:00 PM 100998    690737    1.00    0.00    0.00    0.00    1.00     6  postgres
09:35:00 PM 100998    690739    1.00    1.00    0.00    0.00    2.00     6  postgres
09:35:00 PM 100998    690740    1.00    0.00    0.00    0.00    1.00     5  postgres
09:35:00 PM 100998    690741    0.00    0.00    0.00    0.00    0.00     4  postgres
09:35:00 PM 100998    690742    0.00    1.00    0.00    0.00    1.00     6  postgres
09:35:00 PM 100998    690743    0.00    0.00    0.00    0.00    0.00     4  postgres
09:35:00 PM 100998    690744    0.00    1.00    0.00    0.00    1.00     6  postgres
09:35:00 PM 100998    690746    1.00    0.00    0.00    0.00    1.00     4  postgres
09:35:00 PM 100998    690747    0.00    1.00    0.00    0.00    1.00     5  postgres
09:35:00 PM 100998    690749    0.00    1.00    0.00    0.00    1.00     5  postgres

09:35:00 PM   UID       PID    %usr %system  %guest   %wait    %CPU   CPU  Command
09:35:01 PM 100998    689780    0.00    0.00    0.00    0.00    0.00     6  postgres
09:35:01 PM 100998    689781    0.00    0.00    0.00    0.00    0.00     5  postgres
09:35:01 PM 100998    689783    0.00    0.00    0.00    0.00    0.00     6  postgres
09:35:01 PM 100998    689784    0.00    0.00    0.00    0.00    0.00     5  postgres
09:35:01 PM 100998    690610    1.00    0.00    0.00    0.00    1.00     4  postgres
09:35:01 PM 100998    690696    1.00    1.00    0.00    0.00    2.00     6  postgres
09:35:01 PM 100998    690700    1.00    0.00    0.00    0.00    1.00     6  postgres
09:35:01 PM 100998    690704    1.00    1.00    0.00    0.00    2.00     4  postgres
09:35:01 PM 100998    690710    0.00    0.00    0.00    0.00    0.00     4  postgres
09:35:01 PM 100998    690711    0.00    1.00    0.00    0.00    1.00     6  postgres
09:35:01 PM 100998    690717    0.00    0.00    0.00    0.00    0.00     6  postgres
09:35:01 PM 100998    690725    1.00    0.00    0.00    0.00    1.00     6  postgres
09:35:01 PM 100998    690730    0.00    0.00    0.00    0.00    0.00     6  postgres
09:35:01 PM 100998    690736    0.00    1.00    0.00    0.00    1.00     4  postgres
09:35:01 PM 100998    690737    0.00    0.00    0.00    0.00    0.00     6  postgres
09:35:01 PM 100998    690739    0.00    0.00    0.00    0.00    0.00     4  postgres
09:35:01 PM 100998    690740    0.00    0.00    0.00    0.00    0.00     5  postgres
09:35:01 PM 100998    690741    0.00    1.00    0.00    0.00    1.00     6  postgres
09:35:01 PM 100998    690742    1.00    0.00    0.00    0.00    1.00     6  postgres
09:35:01 PM 100998    690743    1.00    0.00    0.00    0.00    1.00     6  postgres
09:35:01 PM 100998    690744    1.00    0.00    0.00    0.00    1.00     4  postgres
09:35:01 PM 100998    690746    0.00    1.00    0.00    0.00    1.00     6  postgres
09:35:01 PM 100998    690747    1.00    0.00    0.00    0.00    1.00     5  postgres
09:35:01 PM 100998    690749    1.00    0.00    0.00    0.00    1.00     4  postgres

09:35:01 PM   UID       PID    %usr %system  %guest   %wait    %CPU   CPU  Command
09:35:02 PM 100998    689780    0.00    0.00    0.00    0.00    0.00     6  postgres
09:35:02 PM 100998    689781    0.00    0.00    0.00    0.00    0.00     5  postgres
09:35:02 PM 100998    689783    0.00    0.00    0.00    0.00    0.00     6  postgres
09:35:02 PM 100998    689784    0.00    0.00    0.00    0.00    0.00     5  postgres
09:35:02 PM 100998    690610    0.00    1.00    0.00    0.00    1.00     4  postgres
09:35:02 PM 100998    690696    0.00    0.00    0.00    0.00    0.00     6  postgres
09:35:02 PM 100998    690700    1.00    0.00    0.00    0.00    1.00     4  postgres
09:35:02 PM 100998    690704    0.00    0.00    0.00    0.00    0.00     4  postgres
09:35:02 PM 100998    690710    1.00    1.00    0.00    0.00    2.00     6  postgres
09:35:02 PM 100998    690711    1.00    0.00    0.00    0.00    1.00     4  postgres
09:35:02 PM 100998    690717    1.00    1.00    0.00    0.00    2.00     4  postgres
09:35:02 PM 100998    690725    0.00    1.00    0.00    0.00    1.00     4  postgres
09:35:02 PM 100998    690730    1.00    1.00    0.00    0.00    2.00     6  postgres
09:35:02 PM 100998    690736    1.00    0.00    0.00    0.00    1.00     4  postgres
09:35:02 PM 100998    690737    1.00    1.00    0.00    0.00    2.00     4  postgres
09:35:02 PM 100998    690739    0.00    1.00    0.00    0.00    1.00     6  postgres
09:35:02 PM 100998    690740    1.00    1.00    0.00    0.00    2.00     5  postgres
09:35:02 PM 100998    690741    1.00    0.00    0.00    0.00    1.00     4  postgres
09:35:02 PM 100998    690742    1.00    1.00    0.00    0.00    2.00     6  postgres
09:35:02 PM 100998    690743    1.00    1.00    0.00    0.00    2.00     6  postgres
09:35:02 PM 100998    690744    1.00    1.00    0.00    0.00    2.00     6  postgres
09:35:02 PM 100998    690746    1.00    0.00    0.00    0.00    1.00     6  postgres
09:35:02 PM 100998    690747    0.00    1.00    0.00    0.00    1.00     5  postgres
09:35:02 PM 100998    690749    0.00    1.00    0.00    0.00    1.00     6  postgres

09:35:02 PM   UID       PID    %usr %system  %guest   %wait    %CPU   CPU  Command
09:35:03 PM 100998    689780    0.00    0.00    0.00    0.00    0.00     6  postgres
09:35:03 PM 100998    689781    0.00    0.00    0.00    0.00    0.00     5  postgres
09:35:03 PM 100998    689783    0.00    0.00    0.00    0.00    0.00     6  postgres
09:35:03 PM 100998    689784    0.00    0.00    0.00    0.00    0.00     5  postgres
09:35:03 PM 100998    690610    0.00    0.00    0.00    0.00    0.00     4  postgres
09:35:03 PM 100998    690696    1.00    1.00    0.00    0.00    2.00     6  postgres
09:35:03 PM 100998    690700    0.00    1.00    0.00    0.00    1.00     4  postgres
09:35:03 PM 100998    690704    1.00    0.00    0.00    0.00    1.00     4  postgres
09:35:03 PM 100998    690710    0.00    0.00    0.00    0.00    0.00     6  postgres
09:35:03 PM 100998    690711    0.00    1.00    0.00    0.00    1.00     6  postgres
09:35:03 PM 100998    690717    0.00    0.00    0.00    0.00    0.00     6  postgres
09:35:03 PM 100998    690725    1.00    0.00    0.00    0.00    1.00     6  postgres
09:35:03 PM 100998    690730    0.00    0.00    0.00    0.00    0.00     4  postgres
09:35:03 PM 100998    690736    0.00    0.00    0.00    0.00    0.00     6  postgres
09:35:03 PM 100998    690737    1.00    1.00    0.00    0.00    2.00     6  postgres
09:35:03 PM 100998    690739    1.00    0.00    0.00    0.00    1.00     6  postgres
09:35:03 PM 100998    690740    1.00    0.00    0.00    0.00    1.00     5  postgres
09:35:03 PM 100998    690741    1.00    0.00    0.00    0.00    1.00     4  postgres
09:35:03 PM 100998    690742    0.00    0.00    0.00    0.00    0.00     4  postgres
09:35:03 PM 100998    690743    0.00    1.00    0.00    0.00    1.00     4  postgres
09:35:03 PM 100998    690744    1.00    1.00    0.00    0.00    2.00     6  postgres
09:35:03 PM 100998    690746    0.00    1.00    0.00    0.00    1.00     6  postgres
09:35:03 PM 100998    690747    1.00    0.00    0.00    0.00    1.00     5  postgres
09:35:03 PM 100998    690749    1.00    0.00    0.00    0.00    1.00     4  postgres

09:35:03 PM   UID       PID    %usr %system  %guest   %wait    %CPU   CPU  Command
09:35:04 PM 100998    689780    0.00    0.00    0.00    0.00    0.00     6  postgres
09:35:04 PM 100998    689781    0.00    0.00    0.00    0.00    0.00     5  postgres
09:35:04 PM 100998    689783    0.00    0.00    0.00    0.00    0.00     6  postgres
09:35:04 PM 100998    689784    0.00    0.00    0.00    0.00    0.00     5  postgres
09:35:04 PM 100998    690610    1.00    1.00    0.00    0.00    2.00     4  postgres
09:35:04 PM 100998    690696    0.00    1.00    0.00    0.00    1.00     6  postgres
09:35:04 PM 100998    690700    0.00    0.00    0.00    0.00    0.00     6  postgres
09:35:04 PM 100998    690704    0.00    1.00    0.00    0.00    1.00     4  postgres
09:35:04 PM 100998    690710    1.00    0.00    0.00    0.00    1.00     6  postgres
09:35:04 PM 100998    690711    1.00    0.00    0.00    0.00    1.00     4  postgres
09:35:04 PM 100998    690717    1.00    1.00    0.00    0.00    2.00     6  postgres
09:35:04 PM 100998    690725    0.00    1.00    0.00    0.00    1.00     6  postgres
09:35:04 PM 100998    690730    1.00    0.00    0.00    0.00    1.00     4  postgres
09:35:04 PM 100998    690736    1.00    1.00    0.00    0.00    2.00     4  postgres
09:35:04 PM 100998    690737    1.00    1.00    0.00    0.00    2.00     6  postgres
09:35:04 PM 100998    690739    0.00    1.00    0.00    0.00    1.00     6  postgres
09:35:04 PM 100998    690740    0.00    1.00    0.00    0.00    1.00     5  postgres
09:35:04 PM 100998    690741    0.00    1.00    0.00    0.00    1.00     4  postgres
09:35:04 PM 100998    690742    1.00    1.00    0.00    0.00    2.00     4  postgres
09:35:04 PM 100998    690743    1.00    0.00    0.00    0.00    1.00     6  postgres
09:35:04 PM 100998    690744    0.00    0.00    0.00    0.00    0.00     6  postgres
09:35:04 PM 100998    690746    0.00    0.00    0.00    0.00    0.00     6  postgres
09:35:04 PM 100998    690747    0.00    1.00    0.00    0.00    1.00     5  postgres
09:35:04 PM 100998    690749    1.00    0.00    0.00    0.00    1.00     6  postgres

09:35:04 PM   UID       PID    %usr %system  %guest   %wait    %CPU   CPU  Command
09:35:05 PM 100998    689780    0.00    0.00    0.00    0.00    0.00     6  postgres
09:35:05 PM 100998    689781    0.00    0.00    0.00    0.00    0.00     5  postgres
09:35:05 PM 100998    689783    0.00    0.00    0.00    0.00    0.00     6  postgres
09:35:05 PM 100998    689784    0.00    0.00    0.00    0.00    0.00     5  postgres
09:35:05 PM 100998    690610    0.00    1.00    0.00    0.00    1.00     4  postgres
09:35:05 PM 100998    690696    0.00    0.00    0.00    0.00    0.00     4  postgres
09:35:05 PM 100998    690700    1.00    1.00    0.00    0.00    2.00     6  postgres
09:35:05 PM 100998    690704    1.00    1.00    0.00    0.00    2.00     4  postgres
09:35:05 PM 100998    690710    0.00    1.00    0.00    0.00    1.00     6  postgres
09:35:05 PM 100998    690711    1.00    0.00    0.00    0.00    1.00     6  postgres
09:35:05 PM 100998    690717    0.00    0.00    0.00    0.00    0.00     4  postgres
09:35:05 PM 100998    690725    1.00    0.00    0.00    0.00    1.00     6  postgres
09:35:05 PM 100998    690730    0.00    1.00    0.00    0.00    1.00     4  postgres
09:35:05 PM 100998    690736    1.00    1.00    0.00    0.00    2.00     6  postgres
09:35:05 PM 100998    690737    1.00    0.00    0.00    0.00    1.00     6  postgres
09:35:05 PM 100998    690739    0.00    1.00    0.00    0.00    1.00     4  postgres
09:35:05 PM 100998    690740    1.00    1.00    0.00    0.00    2.00     5  postgres
09:35:05 PM 100998    690741    1.00    0.00    0.00    0.00    1.00     4  postgres
09:35:05 PM 100998    690742    0.00    0.00    0.00    0.00    0.00     4  postgres
09:35:05 PM 100998    690743    0.00    1.00    0.00    0.00    1.00     6  postgres
09:35:05 PM 100998    690744    1.00    1.00    0.00    0.00    2.00     4  postgres
09:35:05 PM 100998    690746    1.00    1.00    0.00    0.00    2.00     4  postgres
09:35:05 PM 100998    690747    1.00    0.00    0.00    0.00    1.00     5  postgres
09:35:05 PM 100998    690749    0.00    1.00    0.00    0.00    1.00     6  postgres

09:35:05 PM   UID       PID    %usr %system  %guest   %wait    %CPU   CPU  Command
09:35:06 PM 100998    689780    0.00    0.00    0.00    0.00    0.00     6  postgres
09:35:06 PM 100998    689781    0.00    0.00    0.00    0.00    0.00     5  postgres
09:35:06 PM 100998    689783    0.00    0.00    0.00    0.00    0.00     6  postgres
09:35:06 PM 100998    689784    0.00    0.00    0.00    0.00    0.00     5  postgres
09:35:06 PM 100998    690610    1.00    1.00    0.00    0.00    2.00     6  postgres
09:35:06 PM 100998    690696    1.00    0.00    0.00    0.00    1.00     4  postgres
09:35:06 PM 100998    690700    0.00    1.00    0.00    0.00    1.00     4  postgres
09:35:06 PM 100998    690704    0.00    0.00    0.00    0.00    0.00     4  postgres
09:35:06 PM 100998    690710    1.00    0.00    0.00    0.00    1.00     4  postgres
09:35:06 PM 100998    690711    0.00    1.00    0.00    0.00    1.00     4  postgres
09:35:06 PM 100998    690717    0.00    0.00    0.00    0.00    0.00     6  postgres
09:35:06 PM 100998    690725    0.00    1.00    0.00    0.00    1.00     6  postgres
09:35:06 PM 100998    690730    1.00    1.00    0.00    0.00    2.00     4  postgres
09:35:06 PM 100998    690736    0.00    0.00    0.00    0.00    0.00     4  postgres
09:35:06 PM 100998    690737    0.00    0.00    0.00    0.00    0.00     6  postgres
09:35:06 PM 100998    690739    1.00    0.00    0.00    0.00    1.00     6  postgres
09:35:06 PM 100998    690740    1.00    0.00    0.00    0.00    1.00     5  postgres
09:35:06 PM 100998    690741    1.00    1.00    0.00    0.00    2.00     6  postgres
09:35:06 PM 100998    690742    1.00    1.00    0.00    0.00    2.00     4  postgres
09:35:06 PM 100998    690743    1.00    0.00    0.00    0.00    1.00     4  postgres
09:35:06 PM 100998    690744    0.00    1.00    0.00    0.00    1.00     6  postgres
09:35:06 PM 100998    690746    0.00    0.00    0.00    0.00    0.00     4  postgres
09:35:06 PM 100998    690747    1.00    1.00    0.00    0.00    2.00     5  postgres
09:35:06 PM 100998    690749    1.00    1.00    0.00    0.00    2.00     4  postgres

09:35:06 PM   UID       PID    %usr %system  %guest   %wait    %CPU   CPU  Command
09:35:07 PM 100998    689780    0.00    0.00    0.00    0.00    0.00     6  postgres
09:35:07 PM 100998    689781    0.00    0.00    0.00    0.00    0.00     5  postgres
09:35:07 PM 100998    689783    0.00    0.00    0.00    0.00    0.00     6  postgres
09:35:07 PM 100998    689784    0.00    0.00    0.00    0.00    0.00     5  postgres
09:35:07 PM 100998    690610    0.00    0.00    0.00    0.00    0.00     6  postgres
09:35:07 PM 100998    690696    1.00    1.00    0.00    0.00    2.00     4  postgres
09:35:07 PM 100998    690700    1.00    1.00    0.00    0.00    2.00     6  postgres
09:35:07 PM 100998    690704    1.00    0.00    0.00    0.00    1.00     4  postgres
09:35:07 PM 100998    690710    0.00    1.00    0.00    0.00    1.00     4  postgres
09:35:07 PM 100998    690711    1.00    1.00    0.00    0.00    2.00     6  postgres
09:35:07 PM 100998    690717    1.00    1.00    0.00    0.00    2.00     6  postgres
09:35:07 PM 100998    690725    0.00    1.00    0.00    0.00    1.00     4  postgres
09:35:07 PM 100998    690730    0.00    1.00    0.00    0.00    1.00     4  postgres
09:35:07 PM 100998    690736    1.00    1.00    0.00    0.00    2.00     6  postgres
09:35:07 PM 100998    690737    1.00    1.00    0.00    0.00    2.00     4  postgres
09:35:07 PM 100998    690739    0.00    0.00    0.00    0.00    0.00     4  postgres
09:35:07 PM 100998    690740    1.00    1.00    0.00    0.00    2.00     5  postgres
09:35:07 PM 100998    690741    0.00    0.00    0.00    0.00    0.00     4  postgres
09:35:07 PM 100998    690742    1.00    0.00    0.00    0.00    1.00     4  postgres
09:35:07 PM 100998    690743    0.00    1.00    0.00    0.00    1.00     4  postgres
09:35:07 PM 100998    690744    1.00    0.00    0.00    0.00    1.00     6  postgres
09:35:07 PM 100998    690746    1.00    1.00    0.00    0.00    2.00     6  postgres
09:35:07 PM 100998    690747    1.00    0.00    0.00    0.00    1.00     5  postgres
09:35:07 PM 100998    690749    1.00    0.00    0.00    0.00    1.00     4  postgres

09:35:07 PM   UID       PID    %usr %system  %guest   %wait    %CPU   CPU  Command
09:35:08 PM 100998    689780    0.00    0.00    0.00    0.00    0.00     6  postgres
09:35:08 PM 100998    689781    0.00    0.00    0.00    0.00    0.00     5  postgres
09:35:08 PM 100998    689783    0.00    0.00    0.00    0.00    0.00     6  postgres
09:35:08 PM 100998    689784    0.00    0.00    0.00    0.00    0.00     5  postgres
09:35:08 PM 100998    690610    1.00    1.00    0.00    0.00    2.00     6  postgres
09:35:08 PM 100998    690696    0.00    1.00    0.00    0.00    1.00     4  postgres
09:35:08 PM 100998    690700    0.00    0.00    0.00    0.00    0.00     6  postgres
09:35:08 PM 100998    690704    1.00    1.00    0.00    0.00    2.00     6  postgres
09:35:08 PM 100998    690710    1.00    1.00    0.00    0.00    2.00     4  postgres
09:35:08 PM 100998    690711    0.00    0.00    0.00    0.00    0.00     4  postgres
09:35:08 PM 100998    690717    0.00    0.00    0.00    0.00    0.00     6  postgres
09:35:08 PM 100998    690725    1.00    1.00    0.00    0.00    2.00     6  postgres
09:35:08 PM 100998    690730    1.00    0.00    0.00    0.00    1.00     6  postgres
09:35:08 PM 100998    690736    0.00    0.00    0.00    0.00    0.00     6  postgres
09:35:08 PM 100998    690737    1.00    1.00    0.00    0.00    2.00     6  postgres
09:35:08 PM 100998    690739    1.00    1.00    0.00    0.00    2.00     4  postgres
09:35:08 PM 100998    690740    1.00    1.00    0.00    0.00    2.00     5  postgres
09:35:08 PM 100998    690741    1.00    1.00    0.00    0.00    2.00     6  postgres
09:35:08 PM 100998    690742    0.00    1.00    0.00    0.00    1.00     4  postgres
09:35:08 PM 100998    690743    1.00    1.00    0.00    0.00    2.00     6  postgres
09:35:08 PM 100998    690744    0.00    1.00    0.00    0.00    1.00     4  postgres
09:35:08 PM 100998    690746    0.00    0.00    0.00    0.00    0.00     6  postgres
09:35:08 PM 100998    690747    1.00    1.00    0.00    0.00    2.00     5  postgres
09:35:08 PM 100998    690749    1.00    1.00    0.00    0.00    2.00     4  postgres

09:35:08 PM   UID       PID    %usr %system  %guest   %wait    %CPU   CPU  Command
09:35:09 PM 100998    689780    0.00    0.00    0.00    0.00    0.00     6  postgres
09:35:09 PM 100998    689781    0.00    0.00    0.00    0.00    0.00     5  postgres
09:35:09 PM 100998    689783    0.00    0.00    0.00    0.00    0.00     6  postgres
09:35:09 PM 100998    689784    0.00    0.00    0.00    0.00    0.00     5  postgres
09:35:09 PM 100998    690610    1.00    0.00    0.00    0.00    1.00     4  postgres
09:35:09 PM 100998    690696    1.00    1.00    0.00    0.00    2.00     4  postgres
09:35:09 PM 100998    690700    1.00    1.00    0.00    0.00    2.00     6  postgres
09:35:09 PM 100998    690704    0.00    0.00    0.00    0.00    0.00     6  postgres
09:35:09 PM 100998    690710    1.00    0.00    0.00    0.00    1.00     6  postgres
09:35:09 PM 100998    690711    0.00    1.00    0.00    0.00    1.00     4  postgres
09:35:09 PM 100998    690717    1.00    1.00    0.00    0.00    2.00     4  postgres
09:35:09 PM 100998    690725    1.00    0.00    0.00    0.00    1.00     6  postgres
09:35:09 PM 100998    690730    1.00    1.00    0.00    0.00    2.00     4  postgres
09:35:09 PM 100998    690736    1.00    1.00    0.00    0.00    2.00     4  postgres
09:35:09 PM 100998    690737    1.00    1.00    0.00    0.00    2.00     4  postgres
09:35:09 PM 100998    690739    0.00    0.00    0.00    0.00    0.00     6  postgres
09:35:09 PM 100998    690740    1.00    0.00    0.00    0.00    1.00     4  postgres
09:35:09 PM 100998    690741    0.00    0.00    0.00    0.00    0.00     6  postgres
09:35:09 PM 100998    690742    0.00    1.00    0.00    0.00    1.00     6  postgres
09:35:09 PM 100998    690743    0.00    0.00    0.00    0.00    0.00     6  postgres
09:35:09 PM 100998    690744    1.00    1.00    0.00    0.00    2.00     4  postgres
09:35:09 PM 100998    690746    1.00    1.00    0.00    0.00    2.00     4  postgres
09:35:09 PM 100998    690747    1.00    0.00    0.00    0.00    1.00     5  postgres
09:35:09 PM 100998    690749    0.00    1.00    0.00    0.00    1.00     6  postgres

09:35:09 PM   UID       PID    %usr %system  %guest   %wait    %CPU   CPU  Command
09:35:10 PM 100998    689780    0.00    0.00    0.00    0.00    0.00     6  postgres
09:35:10 PM 100998    689781    0.00    0.00    0.00    0.00    0.00     5  postgres
09:35:10 PM 100998    689783    0.00    0.00    0.00    0.00    0.00     6  postgres
09:35:10 PM 100998    689784    0.00    0.00    0.00    0.00    0.00     5  postgres
09:35:10 PM 100998    690610    1.00    1.00    0.00    0.00    2.00     4  postgres
09:35:10 PM 100998    690696    0.00    0.00    0.00    0.00    0.00     6  postgres
09:35:10 PM 100998    690700    0.00    0.00    0.00    0.00    0.00     4  postgres
09:35:10 PM 100998    690704    2.00    1.00    0.00    0.00    3.00     6  postgres
09:35:10 PM 100998    690710    0.00    1.00    0.00    0.00    1.00     6  postgres
09:35:10 PM 100998    690711    1.00    1.00    0.00    0.00    2.00     4  postgres
09:35:10 PM 100998    690717    1.00    1.00    0.00    0.00    2.00     4  postgres
09:35:10 PM 100998    690725    0.00    1.00    0.00    0.00    1.00     4  postgres
09:35:10 PM 100998    690730    0.00    0.00    0.00    0.00    0.00     4  postgres
09:35:10 PM 100998    690736    0.00    0.00    0.00    0.00    0.00     4  postgres
09:35:10 PM 100998    690737    0.00    0.00    0.00    0.00    0.00     4  postgres
09:35:10 PM 100998    690739    1.00    1.00    0.00    0.00    2.00     6  postgres
09:35:10 PM 100998    690740    1.00    1.00    0.00    0.00    2.00     6  postgres
09:35:10 PM 100998    690741    1.00    1.00    0.00    0.00    2.00     6  postgres
09:35:10 PM 100998    690742    1.00    0.00    0.00    0.00    1.00     4  postgres
09:35:10 PM 100998    690743    1.00    1.00    0.00    0.00    2.00     4  postgres
09:35:10 PM 100998    690744    1.00    1.00    0.00    0.00    2.00     6  postgres
09:35:10 PM 100998    690746    0.00    0.00    0.00    0.00    0.00     6  postgres
09:35:10 PM 100998    690747    1.00    1.00    0.00    0.00    2.00     5  postgres
09:35:10 PM 100998    690749    1.00    0.00    0.00    0.00    1.00     4  postgres

09:35:10 PM   UID       PID    %usr %system  %guest   %wait    %CPU   CPU  Command
09:35:11 PM 100998    689780    0.00    0.00    0.00    0.00    0.00     6  postgres
09:35:11 PM 100998    689781    0.00    0.00    0.00    0.00    0.00     5  postgres
09:35:11 PM 100998    689783    0.00    0.00    0.00    0.00    0.00     6  postgres
09:35:11 PM 100998    689784    0.00    0.00    0.00    0.00    0.00     5  postgres
09:35:11 PM 100998    690610    0.00    1.00    0.00    0.00    1.00     4  postgres
09:35:11 PM 100998    690696    1.00    1.00    0.00    0.00    2.00     4  postgres
09:35:11 PM 100998    690700    1.00    1.00    0.00    0.00    2.00     4  postgres
09:35:11 PM 100998    690704    0.00    1.00    0.00    0.00    1.00     4  postgres
09:35:11 PM 100998    690710    1.00    0.00    0.00    0.00    1.00     6  postgres
09:35:11 PM 100998    690711    1.00    1.00    0.00    0.00    2.00     6  postgres
09:35:11 PM 100998    690717    0.00    1.00    0.00    0.00    1.00     4  postgres
09:35:11 PM 100998    690725    1.00    1.00    0.00    0.00    2.00     4  postgres
09:35:11 PM 100998    690730    1.00    1.00    0.00    0.00    2.00     6  postgres
09:35:11 PM 100998    690736    1.00    1.00    0.00    0.00    2.00     6  postgres
09:35:11 PM 100998    690737    1.00    1.00    0.00    0.00    2.00     6  postgres
09:35:11 PM 100998    690739    1.00    1.00    0.00    0.00    2.00     6  postgres
09:35:11 PM 100998    690740    1.00    0.00    0.00    0.00    1.00     4  postgres
09:35:11 PM 100998    690741    0.00    1.00    0.00    0.00    1.00     4  postgres
09:35:11 PM 100998    690742    0.00    1.00    0.00    0.00    1.00     6  postgres
09:35:11 PM 100998    690743    0.00    1.00    0.00    0.00    1.00     6  postgres
09:35:11 PM 100998    690744    0.00    0.00    0.00    0.00    0.00     4  postgres
09:35:11 PM 100998    690746    1.00    1.00    0.00    0.00    2.00     6  postgres
09:35:11 PM 100998    690747    0.00    0.00    0.00    0.00    0.00     5  postgres
09:35:11 PM 100998    690749    0.00    1.00    0.00    0.00    1.00     4  postgres

09:35:11 PM   UID       PID    %usr %system  %guest   %wait    %CPU   CPU  Command
09:35:12 PM 100998    689780    0.00    0.00    0.00    0.00    0.00     6  postgres
09:35:12 PM 100998    689781    0.00    0.00    0.00    0.00    0.00     5  postgres
09:35:12 PM 100998    689783    0.00    0.00    0.00    0.00    0.00     6  postgres
09:35:12 PM 100998    689784    0.00    0.00    0.00    0.00    0.00     5  postgres
09:35:12 PM 100998    690610    1.00    0.00    0.00    0.00    1.00     4  postgres
09:35:12 PM 100998    690696    1.00    0.00    0.00    0.00    1.00     5  postgres
09:35:12 PM 100998    690700    1.00    1.00    0.00    0.00    2.00     4  postgres
09:35:12 PM 100998    690704    0.00    0.00    0.00    0.00    0.00     4  postgres
09:35:12 PM 100998    690710    0.00    1.00    0.00    0.00    1.00     6  postgres
09:35:12 PM 100998    690711    0.00    1.00    0.00    0.00    1.00     4  postgres
09:35:12 PM 100998    690717    1.00    0.00    0.00    0.00    1.00     6  postgres
09:35:12 PM 100998    690725    0.00    0.00    0.00    0.00    0.00     6  postgres
09:35:12 PM 100998    690730    0.00    0.00    0.00    0.00    0.00     6  postgres
09:35:12 PM 100998    690736    0.00    0.00    0.00    0.00    0.00     4  postgres
09:35:12 PM 100998    690737    0.00    0.00    0.00    0.00    0.00     4  postgres
09:35:12 PM 100998    690739    0.00    0.00    0.00    0.00    0.00     6  postgres
09:35:12 PM 100998    690740    1.00    1.00    0.00    0.00    2.00     6  postgres
09:35:12 PM 100998    690741    1.00    0.00    0.00    0.00    1.00     6  postgres
09:35:12 PM 100998    690742    1.00    0.00    0.00    0.00    1.00     6  postgres
09:35:12 PM 100998    690743    1.00    1.00    0.00    0.00    2.00     4  postgres
09:35:12 PM 100998    690744    1.00    1.00    0.00    0.00    2.00     6  postgres
09:35:12 PM 100998    690746    1.00    0.00    0.00    0.00    1.00     6  postgres
09:35:12 PM 100998    690747    1.00    0.00    0.00    0.00    1.00     5  postgres
09:35:12 PM 100998    690749    1.00    0.00    0.00    0.00    1.00     4  postgres

09:35:12 PM   UID       PID    %usr %system  %guest   %wait    %CPU   CPU  Command
09:35:13 PM 100998    689780    0.00    0.00    0.00    0.00    0.00     6  postgres
09:35:13 PM 100998    689781    0.00    0.00    0.00    0.00    0.00     5  postgres
09:35:13 PM 100998    689783    0.00    0.00    0.00    0.00    0.00     6  postgres
09:35:13 PM 100998    689784    0.00    0.00    0.00    0.00    0.00     5  postgres
09:35:13 PM 100998    690610    0.00    1.00    0.00    0.00    1.00     4  postgres
09:35:13 PM 100998    690696    1.00    2.00    0.00    0.00    3.00     5  postgres
09:35:13 PM 100998    690700    0.00    0.00    0.00    0.00    0.00     5  postgres
09:35:13 PM 100998    690704    1.00    1.00    0.00    0.00    2.00     6  postgres
09:35:13 PM 100998    690710    1.00    1.00    0.00    0.00    2.00     6  postgres
09:35:13 PM 100998    690711    1.00    0.00    0.00    0.00    1.00     6  postgres
09:35:13 PM 100998    690717    0.00    1.00    0.00    0.00    1.00     6  postgres
09:35:13 PM 100998    690725    1.00    1.00    0.00    0.00    2.00     6  postgres
09:35:13 PM 100998    690730    1.00    1.00    0.00    0.00    2.00     6  postgres
09:35:13 PM 100998    690736    1.00    1.00    0.00    0.00    2.00     4  postgres
09:35:13 PM 100998    690737    1.00    1.00    0.00    0.00    2.00     6  postgres
09:35:13 PM 100998    690739    0.00    0.00    0.00    0.00    0.00     6  postgres
09:35:13 PM 100998    690740    0.00    0.00    0.00    0.00    0.00     6  postgres
09:35:13 PM 100998    690741    0.00    1.00    0.00    0.00    1.00     4  postgres
09:35:13 PM 100998    690742    0.00    1.00    0.00    0.00    1.00     4  postgres
09:35:13 PM 100998    690743    0.00    0.00    0.00    0.00    0.00     6  postgres
09:35:13 PM 100998    690744    0.00    0.00    0.00    0.00    0.00     4  postgres
09:35:13 PM 100998    690746    1.00    1.00    0.00    0.00    2.00     6  postgres
09:35:13 PM 100998    690747    1.00    1.00    0.00    0.00    2.00     5  postgres
09:35:13 PM 100998    690749    0.00    0.00    0.00    0.00    0.00     6  postgres

09:35:13 PM   UID       PID    %usr %system  %guest   %wait    %CPU   CPU  Command
09:35:14 PM 100998    689780    0.00    0.00    0.00    0.00    0.00     6  postgres
09:35:14 PM 100998    689781    0.00    0.00    0.00    0.00    0.00     5  postgres
09:35:14 PM 100998    689783    0.00    0.00    0.00    0.00    0.00     6  postgres
09:35:14 PM 100998    689784    0.00    0.00    0.00    0.00    0.00     5  postgres
09:35:14 PM 100998    690610    1.00    0.00    0.00    0.00    1.00     6  postgres
09:35:14 PM 100998    690696    1.00    0.00    0.00    0.00    1.00     5  postgres
09:35:14 PM 100998    690700    1.00    1.00    0.00    0.00    2.00     5  postgres
09:35:14 PM 100998    690704    0.00    1.00    0.00    0.00    1.00     4  postgres
09:35:14 PM 100998    690710    1.00    0.00    0.00    0.00    1.00     4  postgres
09:35:14 PM 100998    690711    1.00    1.00    0.00    0.00    2.00     4  postgres
09:35:14 PM 100998    690717    1.00    1.00    0.00    0.00    2.00     6  postgres
09:35:14 PM 100998    690725    1.00    0.00    0.00    0.00    1.00     6  postgres
09:35:14 PM 100998    690730    1.00    1.00    0.00    0.00    2.00     4  postgres
09:35:14 PM 100998    690736    1.00    1.00    0.00    0.00    2.00     6  postgres
09:35:14 PM 100998    690737    0.00    1.00    0.00    0.00    1.00     6  postgres
09:35:14 PM 100998    690739    1.00    1.00    0.00    0.00    2.00     4  postgres
09:35:14 PM 100998    690740    1.00    1.00    0.00    0.00    2.00     6  postgres
09:35:14 PM 100998    690741    1.00    0.00    0.00    0.00    1.00     4  postgres
09:35:14 PM 100998    690742    0.00    1.00    0.00    0.00    1.00     6  postgres
09:35:14 PM 100998    690743    1.00    1.00    0.00    0.00    2.00     4  postgres
09:35:14 PM 100998    690744    0.00    1.00    0.00    0.00    1.00     6  postgres
09:35:14 PM 100998    690746    1.00    0.00    0.00    0.00    1.00     6  postgres
09:35:14 PM 100998    690747    1.00    1.00    0.00    0.00    2.00     5  postgres
09:35:14 PM 100998    690749    1.00    1.00    0.00    0.00    2.00     6  postgres

09:35:14 PM   UID       PID    %usr %system  %guest   %wait    %CPU   CPU  Command
09:35:15 PM 100998    689780    0.00    0.00    0.00    0.00    0.00     6  postgres
09:35:15 PM 100998    689781    0.00    0.00    0.00    0.00    0.00     5  postgres
09:35:15 PM 100998    689783    0.00    0.00    0.00    0.00    0.00     6  postgres
09:35:15 PM 100998    689784    0.00    0.00    0.00    0.00    0.00     5  postgres
09:35:15 PM 100998    690610    0.00    1.00    0.00    0.00    1.00     4  postgres
09:35:15 PM 100998    690696    0.00    1.00    0.00    0.00    1.00     5  postgres
09:35:15 PM 100998    690700    1.00    0.00    0.00    0.00    1.00     5  postgres
09:35:15 PM 100998    690704    1.00    0.00    0.00    0.00    1.00     4  postgres
09:35:15 PM 100998    690710    1.00    1.00    0.00    0.00    2.00     6  postgres
09:35:15 PM 100998    690711    1.00    0.00    0.00    0.00    1.00     6  postgres
09:35:15 PM 100998    690717    0.00    1.00    0.00    0.00    1.00     6  postgres
09:35:15 PM 100998    690725    1.00    0.00    0.00    0.00    1.00     4  postgres
09:35:15 PM 100998    690730    1.00    0.00    0.00    0.00    1.00     4  postgres
09:35:15 PM 100998    690736    0.00    1.00    0.00    0.00    1.00     4  postgres
09:35:15 PM 100998    690737    1.00    1.00    0.00    0.00    2.00     6  postgres
09:35:15 PM 100998    690739    1.00    1.00    0.00    0.00    2.00     6  postgres
09:35:15 PM 100998    690740    0.00    0.00    0.00    0.00    0.00     6  postgres
09:35:15 PM 100998    690741    1.00    1.00    0.00    0.00    2.00     4  postgres
09:35:15 PM 100998    690742    0.00    0.00    0.00    0.00    0.00     6  postgres
09:35:15 PM 100998    690743    1.00    0.00    0.00    0.00    1.00     4  postgres
09:35:15 PM 100998    690744    1.00    1.00    0.00    0.00    2.00     4  postgres
09:35:15 PM 100998    690746    0.00    1.00    0.00    0.00    1.00     5  postgres
09:35:15 PM 100998    690747    1.00    0.00    0.00    0.00    1.00     5  postgres
09:35:15 PM 100998    690749    0.00    0.00    0.00    0.00    0.00     6  postgres

09:35:15 PM   UID       PID    %usr %system  %guest   %wait    %CPU   CPU  Command
09:35:16 PM 100998    689780    0.00    0.00    0.00    0.00    0.00     6  postgres
09:35:16 PM 100998    689781    0.00    0.00    0.00    0.00    0.00     5  postgres
09:35:16 PM 100998    689783    0.00    0.00    0.00    0.00    0.00     6  postgres
09:35:16 PM 100998    689784    0.00    0.00    0.00    0.00    0.00     5  postgres
09:35:16 PM 100998    690610    1.00    0.00    0.00    0.00    1.00     6  postgres
09:35:16 PM 100998    690696    1.00    1.00    0.00    0.00    2.00     5  postgres
09:35:16 PM 100998    690700    0.00    2.00    0.00    0.00    2.00     5  postgres
09:35:16 PM 100998    690704    1.00    0.00    0.00    0.00    1.00     4  postgres
09:35:16 PM 100998    690710    0.00    1.00    0.00    0.00    1.00     6  postgres
09:35:16 PM 100998    690711    1.00    1.00    0.00    0.00    2.00     6  postgres
09:35:16 PM 100998    690717    1.00    0.00    0.00    0.00    1.00     4  postgres
09:35:16 PM 100998    690725    0.00    1.00    0.00    0.00    1.00     4  postgres
09:35:16 PM 100998    690730    0.00    1.00    0.00    0.00    1.00     4  postgres
09:35:16 PM 100998    690736    1.00    0.00    0.00    0.00    1.00     4  postgres
09:35:16 PM 100998    690737    1.00    0.00    0.00    0.00    1.00     4  postgres
09:35:16 PM 100998    690739    0.00    0.00    0.00    0.00    0.00     6  postgres
09:35:16 PM 100998    690740    1.00    1.00    0.00    0.00    2.00     4  postgres
09:35:16 PM 100998    690741    1.00    1.00    0.00    0.00    2.00     4  postgres
09:35:16 PM 100998    690742    1.00    0.00    0.00    0.00    1.00     4  postgres
09:35:16 PM 100998    690743    0.00    1.00    0.00    0.00    1.00     6  postgres
09:35:16 PM 100998    690744    1.00    1.00    0.00    0.00    2.00     6  postgres
09:35:16 PM 100998    690746    1.00    0.00    0.00    0.00    1.00     5  postgres
09:35:16 PM 100998    690747    0.00    0.00    0.00    0.00    0.00     5  postgres
09:35:16 PM 100998    690749    1.00    1.00    0.00    0.00    2.00     4  postgres

09:35:16 PM   UID       PID    %usr %system  %guest   %wait    %CPU   CPU  Command
09:35:17 PM 100998    689780    0.00    0.00    0.00    0.00    0.00     6  postgres
09:35:17 PM 100998    689781    0.00    0.00    0.00    0.00    0.00     5  postgres
09:35:17 PM 100998    689783    0.00    0.00    0.00    0.00    0.00     6  postgres
09:35:17 PM 100998    689784    0.00    0.00    0.00    0.00    0.00     5  postgres
09:35:17 PM 100998    690610    0.00    1.00    0.00    0.00    1.00     4  postgres
09:35:17 PM 100998    690696    1.00    1.00    0.00    0.00    2.00     5  postgres
09:35:17 PM 100998    690700    1.00    0.00    0.00    0.00    1.00     5  postgres
09:35:17 PM 100998    690704    0.00    1.00    0.00    0.00    1.00     4  postgres
09:35:17 PM 100998    690710    1.00    0.00    0.00    0.00    1.00     6  postgres
09:35:17 PM 100998    690711    0.00    0.00    0.00    0.00    0.00     4  postgres
09:35:17 PM 100998    690717    0.00    0.00    0.00    0.00    0.00     4  postgres
09:35:17 PM 100998    690725    1.00    0.00    0.00    0.00    1.00     4  postgres
09:35:17 PM 100998    690730    1.00    0.00    0.00    0.00    1.00     5  postgres
09:35:17 PM 100998    690736    0.00    1.00    0.00    0.00    1.00     4  postgres
09:35:17 PM 100998    690737    0.00    1.00    0.00    0.00    1.00     6  postgres
09:35:17 PM 100998    690739    0.00    1.00    0.00    0.00    1.00     4  postgres
09:35:17 PM 100998    690740    1.00    0.00    0.00    0.00    1.00     6  postgres
09:35:17 PM 100998    690741    0.00    0.00    0.00    0.00    0.00     6  postgres
09:35:17 PM 100998    690742    1.00    0.00    0.00    0.00    1.00     6  postgres
09:35:17 PM 100998    690743    1.00    0.00    0.00    0.00    1.00     4  postgres
09:35:17 PM 100998    690744    0.00    0.00    0.00    0.00    0.00     4  postgres
09:35:17 PM 100998    690746    1.00    1.00    0.00    0.00    2.00     5  postgres
09:35:17 PM 100998    690747    1.00    1.00    0.00    0.00    2.00     5  postgres
09:35:17 PM 100998    690749    0.00    0.00    0.00    0.00    0.00     4  postgres

09:35:17 PM   UID       PID    %usr %system  %guest   %wait    %CPU   CPU  Command
09:35:18 PM 100998    689780    0.00    0.00    0.00    0.00    0.00     6  postgres
09:35:18 PM 100998    689781    0.00    0.00    0.00    0.00    0.00     5  postgres
09:35:18 PM 100998    689783    0.00    0.00    0.00    0.00    0.00     6  postgres
09:35:18 PM 100998    689784    0.00    0.00    0.00    0.00    0.00     5  postgres
09:35:18 PM 100998    690610    1.00    1.00    0.00    0.00    2.00     6  postgres
09:35:18 PM 100998    690696    1.00    0.00    0.00    0.00    1.00     5  postgres
09:35:18 PM 100998    690700    1.00    1.00    0.00    0.00    2.00     5  postgres
09:35:18 PM 100998    690704    1.00    1.00    0.00    0.00    2.00     6  postgres
09:35:18 PM 100998    690710    1.00    1.00    0.00    0.00    2.00     6  postgres
09:35:18 PM 100998    690711    1.00    0.00    0.00    0.00    1.00     6  postgres
09:35:18 PM 100998    690717    1.00    1.00    0.00    0.00    2.00     6  postgres
09:35:18 PM 100998    690725    1.00    1.00    0.00    0.00    2.00     6  postgres
09:35:18 PM 100998    690730    0.00    1.00    0.00    0.00    1.00     5  postgres
09:35:18 PM 100998    690736    1.00    1.00    0.00    0.00    2.00     4  postgres
09:35:18 PM 100998    690737    0.00    0.00    0.00    0.00    0.00     6  postgres
09:35:18 PM 100998    690739    1.00    0.00    0.00    0.00    1.00     6  postgres
09:35:18 PM 100998    690740    1.00    0.00    0.00    0.00    1.00     4  postgres
09:35:18 PM 100998    690741    1.00    1.00    0.00    0.00    2.00     6  postgres
09:35:18 PM 100998    690742    0.00    1.00    0.00    0.00    1.00     4  postgres
09:35:18 PM 100998    690743    1.00    1.00    0.00    0.00    2.00     4  postgres
09:35:18 PM 100998    690744    1.00    0.00    0.00    0.00    1.00     6  postgres
09:35:18 PM 100998    690746    0.00    1.00    0.00    0.00    1.00     5  postgres
09:35:18 PM 100998    690747    1.00    0.00    0.00    0.00    1.00     5  postgres
09:35:18 PM 100998    690749    1.00    1.00    0.00    0.00    2.00     4  postgres

09:35:18 PM   UID       PID    %usr %system  %guest   %wait    %CPU   CPU  Command
09:35:19 PM 100998    689780    0.00    0.00    0.00    0.00    0.00     6  postgres
09:35:19 PM 100998    689781    0.00    0.00    0.00    0.00    0.00     5  postgres
09:35:19 PM 100998    689783    0.00    0.00    0.00    0.00    0.00     6  postgres
09:35:19 PM 100998    689784    0.00    0.00    0.00    0.00    0.00     5  postgres
09:35:19 PM 100998    690610    1.00    1.00    0.00    0.00    2.00     6  postgres
09:35:19 PM 100998    690696    0.00    1.00    0.00    0.00    1.00     6  postgres
09:35:19 PM 100998    690700    1.00    1.00    0.00    0.00    2.00     4  postgres
09:35:19 PM 100998    690704    1.00    0.00    0.00    0.00    1.00     6  postgres
09:35:19 PM 100998    690710    0.00    1.00    0.00    0.00    1.00     6  postgres
09:35:19 PM 100998    690711    0.00    1.00    0.00    0.00    1.00     6  postgres
09:35:19 PM 100998    690717    1.00    1.00    0.00    0.00    2.00     4  postgres
09:35:19 PM 100998    690725    0.00    1.00    0.00    0.00    1.00     6  postgres
09:35:19 PM 100998    690730    1.00    0.00    0.00    0.00    1.00     5  postgres
09:35:19 PM 100998    690736    0.00    0.00    0.00    0.00    0.00     6  postgres
09:35:19 PM 100998    690737    1.00    1.00    0.00    0.00    2.00     4  postgres
09:35:19 PM 100998    690739    0.00    1.00    0.00    0.00    1.00     6  postgres
09:35:19 PM 100998    690740    0.00    1.00    0.00    0.00    1.00     4  postgres
09:35:19 PM 100998    690741    0.00    1.00    0.00    0.00    1.00     4  postgres
09:35:19 PM 100998    690742    1.00    0.00    0.00    0.00    1.00     4  postgres
09:35:19 PM 100998    690743    0.00    0.00    0.00    0.00    0.00     6  postgres
09:35:19 PM 100998    690744    0.00    1.00    0.00    0.00    1.00     6  postgres
09:35:19 PM 100998    690746    1.00    1.00    0.00    0.00    2.00     5  postgres
09:35:19 PM 100998    690747    1.00    1.00    0.00    0.00    2.00     5  postgres
09:35:19 PM 100998    690749    0.00    0.00    0.00    0.00    0.00     4  postgres

09:35:19 PM   UID       PID    %usr %system  %guest   %wait    %CPU   CPU  Command
09:35:20 PM 100998    689780    0.00    0.00    0.00    0.00    0.00     6  postgres
09:35:20 PM 100998    689781    0.00    0.00    0.00    0.00    0.00     5  postgres
09:35:20 PM 100998    689783    0.00    0.00    0.00    0.00    0.00     6  postgres
09:35:20 PM 100998    689784    0.00    0.00    0.00    0.00    0.00     5  postgres
09:35:20 PM 100998    690610    0.00    0.00    0.00    0.00    0.00     6  postgres
09:35:20 PM 100998    690696    1.00    1.00    0.00    0.00    2.00     4  postgres
09:35:20 PM 100998    690700    0.00    0.00    0.00    0.00    0.00     4  postgres
09:35:20 PM 100998    690704    0.00    1.00    0.00    0.00    1.00     6  postgres
09:35:20 PM 100998    690710    0.00    1.00    0.00    0.00    1.00     6  postgres
09:35:20 PM 100998    690711    1.00    1.00    0.00    0.00    2.00     4  postgres
09:35:20 PM 100998    690717    0.00    0.00    0.00    0.00    0.00     6  postgres
09:35:20 PM 100998    690725    1.00    1.00    0.00    0.00    2.00     4  postgres
09:35:20 PM 100998    690730    1.00    1.00    0.00    0.00    2.00     5  postgres
09:35:20 PM 100998    690736    1.00    0.00    0.00    0.00    1.00     6  postgres
09:35:20 PM 100998    690737    1.00    1.00    0.00    1.00    2.00     6  postgres
09:35:20 PM 100998    690739    0.00    0.00    0.00    0.00    0.00     4  postgres
09:35:20 PM 100998    690740    0.00    1.00    0.00    0.00    1.00     4  postgres
09:35:20 PM 100998    690741    0.00    0.00    0.00    0.00    0.00     6  postgres
09:35:20 PM 100998    690742    1.00    0.00    0.00    0.00    1.00     4  postgres
09:35:20 PM 100998    690743    1.00    1.00    0.00    0.00    2.00     6  postgres
09:35:20 PM 100998    690744    1.00    0.00    0.00    0.00    1.00     6  postgres
09:35:20 PM 100998    690746    0.00    0.00    0.00    0.00    0.00     5  postgres
09:35:20 PM 100998    690747    0.00    1.00    0.00    0.00    1.00     5  postgres
09:35:20 PM 100998    690749    0.00    0.00    0.00    0.00    0.00     6  postgres

09:35:20 PM   UID       PID    %usr %system  %guest   %wait    %CPU   CPU  Command
09:35:21 PM 100998    689780    0.00    0.00    0.00    0.00    0.00     6  postgres
09:35:21 PM 100998    689781    0.00    0.00    0.00    0.00    0.00     5  postgres
09:35:21 PM 100998    689783    0.00    0.00    0.00    0.00    0.00     6  postgres
09:35:21 PM 100998    689784    0.00    0.00    0.00    0.00    0.00     5  postgres
09:35:21 PM 100998    690610    1.00    1.00    0.00    0.00    2.00     6  postgres
09:35:21 PM 100998    690696    0.00    1.00    0.00    1.00    1.00     6  postgres
09:35:21 PM 100998    690700    1.00    1.00    0.00    0.00    2.00     6  postgres
09:35:21 PM 100998    690704    0.00    0.00    0.00    0.00    0.00     4  postgres
09:35:21 PM 100998    690710    1.00    0.00    0.00    0.00    1.00     4  postgres
09:35:21 PM 100998    690711    0.00    1.00    0.00    0.00    1.00     6  postgres
09:35:21 PM 100998    690717    1.00    1.00    0.00    0.00    2.00     4  postgres
09:35:21 PM 100998    690725    0.00    0.00    0.00    0.00    0.00     4  postgres
09:35:21 PM 100998    690730    0.00    1.00    0.00    0.00    1.00     6  postgres
09:35:21 PM 100998    690736    1.00    1.00    0.00    0.00    2.00     4  postgres
09:35:21 PM 100998    690737    0.00    0.00    0.00    0.00    0.00     6  postgres
09:35:21 PM 100998    690739    1.00    1.00    0.00    0.00    2.00     4  postgres
09:35:21 PM 100998    690740    1.00    1.00    0.00    0.00    2.00     6  postgres
09:35:21 PM 100998    690741    1.00    1.00    0.00    0.00    2.00     6  postgres
09:35:21 PM 100998    690742    1.00    0.00    0.00    0.00    1.00     4  postgres
09:35:21 PM 100998    690743    0.00    1.00    0.00    0.00    1.00     4  postgres
09:35:21 PM 100998    690744    0.00    1.00    0.00    0.00    1.00     4  postgres
09:35:21 PM 100998    690746    1.00    1.00    0.00    0.00    2.00     5  postgres
09:35:21 PM 100998    690747    1.00    0.00    0.00    0.00    1.00     5  postgres
09:35:21 PM 100998    690749    1.00    1.00    0.00    0.00    2.00     4  postgres

09:35:21 PM   UID       PID    %usr %system  %guest   %wait    %CPU   CPU  Command
09:35:22 PM 100998    689780    0.00    0.00    0.00    0.00    0.00     6  postgres
09:35:22 PM 100998    689781    0.00    0.00    0.00    0.00    0.00     5  postgres
09:35:22 PM 100998    689783    0.00    0.00    0.00    0.00    0.00     6  postgres
09:35:22 PM 100998    689784    0.00    0.00    0.00    0.00    0.00     5  postgres
09:35:22 PM 100998    690610    1.00    1.00    0.00    0.00    2.00     6  postgres
09:35:22 PM 100998    690696    1.00    0.00    0.00    0.00    1.00     4  postgres
09:35:22 PM 100998    690700    1.00    1.00    0.00    0.00    2.00     6  postgres
09:35:22 PM 100998    690704    1.00    1.00    0.00    0.00    2.00     6  postgres
09:35:22 PM 100998    690710    0.00    1.00    0.00    0.00    1.00     4  postgres
09:35:22 PM 100998    690711    1.00    0.00    0.00    0.00    1.00     4  postgres
09:35:22 PM 100998    690717    1.00    0.00    0.00    0.00    1.00     4  postgres
09:35:22 PM 100998    690725    1.00    1.00    0.00    0.00    2.00     6  postgres
09:35:22 PM 100998    690730    2.00    0.00    0.00    0.00    2.00     6  postgres
09:35:22 PM 100998    690736    0.00    1.00    0.00    0.00    1.00     4  postgres
09:35:22 PM 100998    690737    1.00    2.00    0.00    0.00    3.00     6  postgres
09:35:22 PM 100998    690739    1.00    0.00    0.00    0.00    1.00     4  postgres
09:35:22 PM 100998    690740    1.00    1.00    0.00    0.00    2.00     4  postgres
09:35:22 PM 100998    690741    0.00    0.00    0.00    0.00    0.00     6  postgres
09:35:22 PM 100998    690742    1.00    1.00    0.00    0.00    2.00     4  postgres
09:35:22 PM 100998    690743    1.00    0.00    0.00    0.00    1.00     6  postgres
09:35:22 PM 100998    690744    1.00    0.00    0.00    0.00    1.00     6  postgres
09:35:22 PM 100998    690746    0.00    0.00    0.00    0.00    0.00     5  postgres
09:35:22 PM 100998    690747    1.00    1.00    0.00    0.00    2.00     5  postgres
09:35:22 PM 100998    690749    0.00    1.00    0.00    0.00    1.00     6  postgres

09:35:22 PM   UID       PID    %usr %system  %guest   %wait    %CPU   CPU  Command
09:35:23 PM 100998    689780    0.00    0.00    0.00    0.00    0.00     6  postgres
09:35:23 PM 100998    689781    0.00    0.00    0.00    0.00    0.00     5  postgres
09:35:23 PM 100998    689783    0.00    0.00    0.00    0.00    0.00     6  postgres
09:35:23 PM 100998    689784    0.00    0.00    0.00    0.00    0.00     5  postgres
09:35:23 PM 100998    690610    0.00    0.00    0.00    0.00    0.00     6  postgres
09:35:23 PM 100998    690696    0.00    1.00    0.00    0.00    1.00     6  postgres
09:35:23 PM 100998    690700    1.00    1.00    0.00    0.00    2.00     6  postgres
09:35:23 PM 100998    690704    1.00    0.00    0.00    0.00    1.00     6  postgres
09:35:23 PM 100998    690710    1.00    1.00    0.00    0.00    2.00     4  postgres
09:35:23 PM 100998    690711    1.00    0.00    0.00    0.00    1.00     4  postgres
09:35:23 PM 100998    690717    0.00    1.00    0.00    0.00    1.00     4  postgres
09:35:23 PM 100998    690725    0.00    0.00    0.00    0.00    0.00     6  postgres
09:35:23 PM 100998    690730    0.00    0.00    0.00    0.00    0.00     4  postgres
09:35:23 PM 100998    690736    1.00    0.00    0.00    0.00    1.00     4  postgres
09:35:23 PM 100998    690737    1.00    1.00    0.00    0.00    2.00     4  postgres
09:35:23 PM 100998    690739    0.00    1.00    0.00    0.00    1.00     6  postgres
09:35:23 PM 100998    690740    1.00    1.00    0.00    0.00    2.00     6  postgres
09:35:23 PM 100998    690741    1.00    1.00    0.00    0.00    2.00     6  postgres
09:35:23 PM 100998    690742    0.00    1.00    0.00    0.00    1.00     4  postgres
09:35:23 PM 100998    690743    0.00    1.00    0.00    0.00    1.00     4  postgres
09:35:23 PM 100998    690744    1.00    1.00    0.00    0.00    2.00     4  postgres
09:35:23 PM 100998    690746    2.00    1.00    0.00    0.00    3.00     5  postgres
09:35:23 PM 100998    690747    1.00    0.00    0.00    0.00    1.00     5  postgres
09:35:23 PM 100998    690749    1.00    0.00    0.00    0.00    1.00     6  postgres

09:35:23 PM   UID       PID    %usr %system  %guest   %wait    %CPU   CPU  Command
09:35:24 PM 100998    689780    0.00    0.00    0.00    0.00    0.00     6  postgres
09:35:24 PM 100998    689781    0.00    0.00    0.00    0.00    0.00     5  postgres
09:35:24 PM 100998    689783    0.00    0.00    0.00    0.00    0.00     6  postgres
09:35:24 PM 100998    689784    0.00    0.00    0.00    0.00    0.00     5  postgres
09:35:24 PM 100998    690610    1.00    1.00    0.00    0.00    2.00     4  postgres
09:35:24 PM 100998    690696    1.00    0.00    0.00    0.00    1.00     6  postgres
09:35:24 PM 100998    690700    1.00    0.00    0.00    0.00    1.00     6  postgres
09:35:24 PM 100998    690704    1.00    1.00    0.00    0.00    2.00     4  postgres
09:35:24 PM 100998    690710    0.00    1.00    0.00    0.00    1.00     6  postgres
09:35:24 PM 100998    690711    1.00    1.00    0.00    0.00    2.00     6  postgres
09:35:24 PM 100998    690717    1.00    1.00    0.00    0.00    2.00     4  postgres
09:35:24 PM 100998    690725    1.00    1.00    0.00    0.00    2.00     6  postgres
09:35:24 PM 100998    690730    1.00    1.00    0.00    0.00    2.00     4  postgres
09:35:24 PM 100998    690736    0.00    1.00    0.00    0.00    1.00     6  postgres
09:35:24 PM 100998    690737    0.00    1.00    0.00    0.00    1.00     6  postgres
09:35:24 PM 100998    690739    1.00    0.00    0.00    0.00    1.00     4  postgres
09:35:24 PM 100998    690740    0.00    0.00    0.00    0.00    0.00     4  postgres
09:35:24 PM 100998    690741    1.00    0.00    0.00    0.00    1.00     6  postgres
09:35:24 PM 100998    690742    1.00    0.00    0.00    0.00    1.00     4  postgres
09:35:24 PM 100998    690743    1.00    1.00    0.00    0.00    2.00     6  postgres
09:35:24 PM 100998    690744    0.00    1.00    0.00    0.00    1.00     4  postgres
09:35:24 PM 100998    690746    0.00    1.00    0.00    0.00    1.00     5  postgres
09:35:24 PM 100998    690747    1.00    2.00    0.00    1.00    3.00     5  postgres
09:35:24 PM 100998    690749    0.00    1.00    0.00    0.00    1.00     6  postgres

09:35:24 PM   UID       PID    %usr %system  %guest   %wait    %CPU   CPU  Command
09:35:25 PM 100998    689780    0.00    0.00    0.00    0.00    0.00     6  postgres
09:35:25 PM 100998    689781    0.00    0.00    0.00    0.00    0.00     5  postgres
09:35:25 PM 100998    689783    0.00    0.00    0.00    0.00    0.00     6  postgres
09:35:25 PM 100998    689784    0.00    0.00    0.00    0.00    0.00     5  postgres
09:35:25 PM 100998    690610    1.00    1.00    0.00    0.00    2.00     6  postgres
09:35:25 PM 100998    690696    0.00    1.00    0.00    0.00    1.00     6  postgres
09:35:25 PM 100998    690700    1.00    2.00    0.00    0.00    3.00     6  postgres
09:35:25 PM 100998    690704    0.00    1.00    0.00    0.00    1.00     4  postgres
09:35:25 PM 100998    690710    1.00    0.00    0.00    0.00    1.00     6  postgres
09:35:25 PM 100998    690711    1.00    1.00    0.00    0.00    2.00     6  postgres
09:35:25 PM 100998    690717    0.00    0.00    0.00    0.00    0.00     6  postgres
09:35:25 PM 100998    690725    0.00    1.00    0.00    0.00    1.00     6  postgres
09:35:25 PM 100998    690730    1.00    1.00    0.00    0.00    2.00     4  postgres
09:35:25 PM 100998    690736    1.00    0.00    0.00    0.00    1.00     5  postgres
09:35:25 PM 100998    690737    1.00    1.00    0.00    0.00    2.00     4  postgres
09:35:25 PM 100998    690739    0.00    1.00    0.00    0.00    1.00     6  postgres
09:35:25 PM 100998    690740    0.00    1.00    0.00    0.00    1.00     6  postgres
09:35:25 PM 100998    690741    0.00    0.00    0.00    0.00    0.00     4  postgres
09:35:25 PM 100998    690742    1.00    1.00    0.00    0.00    2.00     6  postgres
09:35:25 PM 100998    690743    0.00    1.00    0.00    0.00    1.00     6  postgres
09:35:25 PM 100998    690744    1.00    0.00    0.00    0.00    1.00     4  postgres
09:35:25 PM 100998    690746    1.00    0.00    0.00    0.00    1.00     5  postgres
09:35:25 PM 100998    690747    0.00    0.00    0.00    0.00    0.00     5  postgres
09:35:25 PM 100998    690749    1.00    0.00    0.00    0.00    1.00     6  postgres

09:35:25 PM   UID       PID    %usr %system  %guest   %wait    %CPU   CPU  Command
09:35:26 PM 100998    689780    0.00    0.00    0.00    0.00    0.00     6  postgres
09:35:26 PM 100998    689781    0.00    0.00    0.00    0.00    0.00     5  postgres
09:35:26 PM 100998    689783    0.00    0.00    0.00    0.00    0.00     6  postgres
09:35:26 PM 100998    689784    0.00    0.00    0.00    0.00    0.00     5  postgres
09:35:26 PM 100998    690610    2.00    0.00    0.00    1.00    2.00     6  postgres
09:35:26 PM 100998    690696    1.00    1.00    0.00    0.00    2.00     4  postgres
09:35:26 PM 100998    690700    0.00    0.00    0.00    0.00    0.00     4  postgres
09:35:26 PM 100998    690704    1.00    0.00    0.00    0.00    1.00     6  postgres
09:35:26 PM 100998    690710    0.00    1.00    0.00    0.00    1.00     6  postgres
09:35:26 PM 100998    690711    1.00    1.00    0.00    0.00    2.00     4  postgres
09:35:26 PM 100998    690717    1.00    1.00    0.00    0.00    2.00     6  postgres
09:35:26 PM 100998    690725    1.00    1.00    0.00    0.00    2.00     4  postgres
09:35:26 PM 100998    690730    0.00    1.00    0.00    0.00    1.00     6  postgres
09:35:26 PM 100998    690736    0.00    1.00    0.00    0.00    1.00     4  postgres
09:35:26 PM 100998    690737    0.00    0.00    0.00    0.00    0.00     4  postgres
09:35:26 PM 100998    690739    0.00    1.00    0.00    0.00    1.00     6  postgres
09:35:26 PM 100998    690740    1.00    0.00    0.00    0.00    1.00     4  postgres
09:35:26 PM 100998    690741    1.00    1.00    0.00    0.00    2.00     4  postgres
09:35:26 PM 100998    690742    0.00    0.00    0.00    0.00    0.00     6  postgres
09:35:26 PM 100998    690743    1.00    0.00    0.00    0.00    1.00     6  postgres
09:35:26 PM 100998    690744    0.00    1.00    0.00    0.00    1.00     4  postgres
09:35:26 PM 100998    690746    0.00    1.00    0.00    0.00    1.00     5  postgres
09:35:26 PM 100998    690747    1.00    1.00    0.00    0.00    2.00     6  postgres
09:35:26 PM 100998    690749    0.00    1.00    0.00    0.00    1.00     4  postgres

09:35:26 PM   UID       PID    %usr %system  %guest   %wait    %CPU   CPU  Command
09:35:27 PM 100998    689780    0.00    0.00    0.00    0.00    0.00     6  postgres
09:35:27 PM 100998    689781    0.00    0.00    0.00    0.00    0.00     5  postgres
09:35:27 PM 100998    689783    0.00    0.00    0.00    0.00    0.00     6  postgres
09:35:27 PM 100998    689784    0.00    0.00    0.00    0.00    0.00     5  postgres
09:35:27 PM 100998    690610    0.00    0.00    0.00    0.00    0.00     6  postgres
09:35:27 PM 100998    690696    0.00    1.00    0.00    0.00    1.00     4  postgres
09:35:27 PM 100998    690700    1.00    1.00    0.00    0.00    2.00     4  postgres
09:35:27 PM 100998    690704    1.00    1.00    0.00    0.00    2.00     4  postgres
09:35:27 PM 100998    690710    1.00    1.00    0.00    0.00    2.00     6  postgres
09:35:27 PM 100998    690711    0.00    0.00    0.00    0.00    0.00     4  postgres
09:35:27 PM 100998    690717    1.00    1.00    0.00    0.00    2.00     4  postgres
09:35:27 PM 100998    690725    1.00    1.00    0.00    0.00    2.00     5  postgres
09:35:27 PM 100998    690730    1.00    0.00    0.00    0.00    1.00     4  postgres
09:35:27 PM 100998    690736    1.00    0.00    0.00    0.00    1.00     4  postgres
09:35:27 PM 100998    690737    1.00    0.00    0.00    0.00    1.00     5  postgres
09:35:27 PM 100998    690739    1.00    1.00    0.00    0.00    2.00     4  postgres
09:35:27 PM 100998    690740    0.00    1.00    0.00    0.00    1.00     6  postgres
09:35:27 PM 100998    690741    1.00    1.00    0.00    0.00    2.00     6  postgres
09:35:27 PM 100998    690742    1.00    1.00    0.00    0.00    2.00     4  postgres
09:35:27 PM 100998    690743    0.00    1.00    0.00    0.00    1.00     6  postgres
09:35:27 PM 100998    690744    1.00    1.00    0.00    0.00    2.00     6  postgres
09:35:27 PM 100998    690746    1.00    0.00    0.00    0.00    1.00     5  postgres
09:35:27 PM 100998    690747    1.00    0.00    0.00    0.00    1.00     4  postgres
09:35:27 PM 100998    690749    1.00    0.00    0.00    0.00    1.00     6  postgres

09:35:27 PM   UID       PID    %usr %system  %guest   %wait    %CPU   CPU  Command
09:35:28 PM 100998    689780    0.00    0.00    0.00    0.00    0.00     6  postgres
09:35:28 PM 100998    689781    0.00    0.00    0.00    0.00    0.00     5  postgres
09:35:28 PM 100998    689783    0.00    0.00    0.00    0.00    0.00     6  postgres
09:35:28 PM 100998    689784    0.00    0.00    0.00    0.00    0.00     5  postgres
09:35:28 PM 100998    690610    1.00    1.00    0.00    0.00    2.00     6  postgres
09:35:28 PM 100998    690696    1.00    0.00    0.00    0.00    1.00     4  postgres
09:35:28 PM 100998    690700    0.00    1.00    0.00    0.00    1.00     6  postgres
09:35:28 PM 100998    690704    0.00    0.00    0.00    0.00    0.00     6  postgres
09:35:28 PM 100998    690710    0.00    0.00    0.00    0.00    0.00     6  postgres
09:35:28 PM 100998    690711    1.00    1.00    0.00    0.00    2.00     4  postgres
09:35:28 PM 100998    690717    0.00    0.00    0.00    0.00    0.00     6  postgres
09:35:28 PM 100998    690725    0.00    1.00    0.00    0.00    1.00     5  postgres
09:35:28 PM 100998    690730    0.00    0.00    0.00    0.00    0.00     6  postgres
09:35:28 PM 100998    690736    1.00    1.00    0.00    0.00    2.00     4  postgres
09:35:28 PM 100998    690737    1.00    1.00    0.00    0.00    2.00     5  postgres
09:35:28 PM 100998    690739    1.00    0.00    0.00    0.00    1.00     4  postgres
09:35:28 PM 100998    690740    1.00    0.00    0.00    0.00    1.00     4  postgres
09:35:28 PM 100998    690741    0.00    0.00    0.00    0.00    0.00     6  postgres
09:35:28 PM 100998    690742    1.00    0.00    0.00    0.00    1.00     4  postgres
09:35:28 PM 100998    690743    1.00    1.00    0.00    0.00    2.00     4  postgres
09:35:28 PM 100998    690744    0.00    1.00    0.00    0.00    1.00     4  postgres
09:35:28 PM 100998    690746    1.00    1.00    0.00    0.00    2.00     4  postgres
09:35:28 PM 100998    690747    0.00    1.00    0.00    0.00    1.00     6  postgres
09:35:28 PM 100998    690749    0.00    1.00    0.00    0.00    1.00     6  postgres

09:35:28 PM   UID       PID    %usr %system  %guest   %wait    %CPU   CPU  Command
09:35:29 PM 100998    689780    0.00    0.00    0.00    0.00    0.00     6  postgres
09:35:29 PM 100998    689781    0.00    0.00    0.00    0.00    0.00     5  postgres
09:35:29 PM 100998    689783    0.00    0.00    0.00    0.00    0.00     6  postgres
09:35:29 PM 100998    689784    0.00    0.00    0.00    0.00    0.00     5  postgres
09:35:29 PM 100998    690610    0.00    1.00    0.00    0.00    1.00     4  postgres
09:35:29 PM 100998    690696    1.00    1.00    0.00    0.00    2.00     4  postgres
09:35:29 PM 100998    690700    1.00    1.00    0.00    0.00    2.00     4  postgres
09:35:29 PM 100998    690704    1.00    1.00    0.00    0.00    2.00     4  postgres
09:35:29 PM 100998    690710    1.00    1.00    0.00    0.00    2.00     4  postgres
09:35:29 PM 100998    690711    1.00    0.00    0.00    0.00    1.00     4  postgres
09:35:29 PM 100998    690717    1.00    1.00    0.00    0.00    2.00     6  postgres
09:35:29 PM 100998    690725    2.00    0.00    0.00    0.00    2.00     5  postgres
09:35:29 PM 100998    690730    1.00    1.00    0.00    1.00    2.00     4  postgres
09:35:29 PM 100998    690736    1.00    0.00    0.00    0.00    1.00     6  postgres
09:35:29 PM 100998    690737    1.00    1.00    0.00    0.00    2.00     5  postgres
09:35:29 PM 100998    690739    1.00    1.00    0.00    0.00    2.00     6  postgres
09:35:29 PM 100998    690740    1.00    1.00    0.00    0.00    2.00     4  postgres
09:35:29 PM 100998    690741    1.00    1.00    0.00    0.00    2.00     4  postgres
09:35:29 PM 100998    690742    0.00    1.00    0.00    0.00    1.00     4  postgres
09:35:29 PM 100998    690743    1.00    1.00    0.00    0.00    2.00     6  postgres
09:35:29 PM 100998    690744    1.00    0.00    0.00    0.00    1.00     4  postgres
09:35:29 PM 100998    690746    0.00    0.00    0.00    0.00    0.00     4  postgres
09:35:29 PM 100998    690747    1.00    0.00    0.00    0.00    1.00     6  postgres
09:35:29 PM 100998    690749    1.00    0.00    0.00    0.00    1.00     6  postgres

09:35:29 PM   UID       PID    %usr %system  %guest   %wait    %CPU   CPU  Command
09:35:30 PM 100998    689780    0.00    0.00    0.00    0.00    0.00     6  postgres
09:35:30 PM 100998    689781    0.00    0.00    0.00    0.00    0.00     5  postgres
09:35:30 PM 100998    689783    0.00    0.00    0.00    0.00    0.00     6  postgres
09:35:30 PM 100998    689784    0.00    0.00    0.00    0.00    0.00     5  postgres
09:35:30 PM 100998    690610    1.00    0.00    0.00    0.00    1.00     4  postgres
09:35:30 PM 100998    690696    0.00    0.00    0.00    0.00    0.00     4  postgres
09:35:30 PM 100998    690700    0.00    0.00    0.00    0.00    0.00     6  postgres
09:35:30 PM 100998    690704    1.00    1.00    0.00    0.00    2.00     4  postgres
09:35:30 PM 100998    690710    1.00    1.00    0.00    0.00    2.00     4  postgres
09:35:30 PM 100998    690711    0.00    1.00    0.00    0.00    1.00     6  postgres
09:35:30 PM 100998    690717    0.00    1.00    0.00    0.00    1.00     6  postgres
09:35:30 PM 100998    690725    0.00    1.00    0.00    0.00    1.00     5  postgres
09:35:30 PM 100998    690730    0.00    1.00    0.00    0.00    1.00     4  postgres
09:35:30 PM 100998    690736    1.00    1.00    0.00    0.00    2.00     4  postgres
09:35:30 PM 100998    690737    1.00    0.00    0.00    0.00    1.00     5  postgres
09:35:30 PM 100998    690739    1.00    0.00    0.00    0.00    1.00     4  postgres
09:35:30 PM 100998    690740    0.00    0.00    0.00    0.00    0.00     6  postgres
09:35:30 PM 100998    690741    1.00    1.00    0.00    0.00    2.00     6  postgres
09:35:30 PM 100998    690742    0.00    1.00    0.00    0.00    1.00     4  postgres
09:35:30 PM 100998    690743    0.00    0.00    0.00    0.00    0.00     4  postgres
09:35:30 PM 100998    690744    1.00    1.00    0.00    0.00    2.00     6  postgres
09:35:30 PM 100998    690746    1.00    1.00    0.00    0.00    2.00     6  postgres
09:35:30 PM 100998    690747    1.00    1.00    0.00    0.00    2.00     6  postgres
09:35:30 PM 100998    690749    1.00    1.00    0.00    0.00    2.00     4  postgres

09:35:30 PM   UID       PID    %usr %system  %guest   %wait    %CPU   CPU  Command
09:35:31 PM 100998    689780    0.00    0.00    0.00    0.00    0.00     6  postgres
09:35:31 PM 100998    689781    0.00    0.00    0.00    0.00    0.00     5  postgres
09:35:31 PM 100998    689783    0.00    0.00    0.00    0.00    0.00     6  postgres
09:35:31 PM 100998    689784    0.00    0.00    0.00    0.00    0.00     5  postgres
09:35:31 PM 100998    690610    1.00    0.00    0.00    0.00    1.00     6  postgres
09:35:31 PM 100998    690696    1.00    1.00    0.00    0.00    2.00     6  postgres
09:35:31 PM 100998    690700    1.00    1.00    0.00    0.00    2.00     6  postgres
09:35:31 PM 100998    690704    0.00    1.00    0.00    0.00    1.00     6  postgres
09:35:31 PM 100998    690710    0.00    0.00    0.00    0.00    0.00     4  postgres
09:35:31 PM 100998    690711    1.00    0.00    0.00    0.00    1.00     6  postgres
09:35:31 PM 100998    690717    1.00    0.00    0.00    0.00    1.00     6  postgres
09:35:31 PM 100998    690725    1.00    1.00    0.00    0.00    2.00     5  postgres
09:35:31 PM 100998    690730    1.00    0.00    0.00    0.00    1.00     4  postgres
09:35:31 PM 100998    690736    0.00    0.00    0.00    0.00    0.00     6  postgres
09:35:31 PM 100998    690737    1.00    1.00    0.00    0.00    2.00     5  postgres
09:35:31 PM 100998    690739    0.00    1.00    0.00    0.00    1.00     6  postgres
09:35:31 PM 100998    690740    1.00    1.00    0.00    0.00    2.00     4  postgres
09:35:31 PM 100998    690741    0.00    0.00    0.00    0.00    0.00     4  postgres
09:35:31 PM 100998    690742    1.00    1.00    0.00    0.00    2.00     6  postgres
09:35:31 PM 100998    690743    0.00    1.00    0.00    0.00    1.00     6  postgres
09:35:31 PM 100998    690744    0.00    0.00    0.00    0.00    0.00     6  postgres
09:35:31 PM 100998    690746    0.00    1.00    0.00    0.00    1.00     4  postgres
09:35:31 PM 100998    690747    0.00    0.00    0.00    0.00    0.00     6  postgres
09:35:31 PM 100998    690749    0.00    0.00    0.00    0.00    0.00     4  postgres

09:35:31 PM   UID       PID    %usr %system  %guest   %wait    %CPU   CPU  Command
09:35:32 PM 100998    689780    0.00    0.00    0.00    0.00    0.00     6  postgres
09:35:32 PM 100998    689781    0.00    0.00    0.00    0.00    0.00     5  postgres
09:35:32 PM 100998    689783    0.00    0.00    0.00    0.00    0.00     6  postgres
09:35:32 PM 100998    689784    0.00    0.00    0.00    0.00    0.00     5  postgres
09:35:32 PM 100998    690610    1.00    1.00    0.00    0.00    2.00     6  postgres
09:35:32 PM 100998    690696    1.00    0.00    0.00    0.00    1.00     4  postgres
09:35:32 PM 100998    690700    1.00    0.00    0.00    0.00    1.00     6  postgres
09:35:32 PM 100998    690704    2.00    1.00    0.00    0.00    3.00     5  postgres
09:35:32 PM 100998    690710    1.00    1.00    0.00    0.00    2.00     4  postgres
09:35:32 PM 100998    690711    2.00    1.00    0.00    0.00    3.00     6  postgres
09:35:32 PM 100998    690717    0.00    1.00    0.00    0.00    1.00     4  postgres
09:35:32 PM 100998    690725    1.00    1.00    0.00    0.00    2.00     5  postgres
09:35:32 PM 100998    690730    0.00    1.00    0.00    0.00    1.00     6  postgres
09:35:32 PM 100998    690736    1.00    1.00    0.00    0.00    2.00     4  postgres
09:35:32 PM 100998    690737    1.00    1.00    0.00    0.00    2.00     4  postgres
09:35:32 PM 100998    690739    1.00    0.00    0.00    0.00    1.00     6  postgres
09:35:32 PM 100998    690740    1.00    0.00    0.00    0.00    1.00     6  postgres
09:35:32 PM 100998    690741    1.00    1.00    0.00    0.00    2.00     4  postgres
09:35:32 PM 100998    690742    1.00    0.00    0.00    0.00    1.00     6  postgres
09:35:32 PM 100998    690743    1.00    0.00    0.00    0.00    1.00     4  postgres
09:35:32 PM 100998    690744    1.00    1.00    0.00    0.00    2.00     6  postgres
09:35:32 PM 100998    690746    1.00    1.00    0.00    0.00    2.00     4  postgres
09:35:32 PM 100998    690747    1.00    1.00    0.00    0.00    2.00     4  postgres
09:35:32 PM 100998    690749    1.00    1.00    0.00    0.00    2.00     4  postgres

09:35:32 PM   UID       PID    %usr %system  %guest   %wait    %CPU   CPU  Command
09:35:33 PM 100998    689780    0.00    0.00    0.00    0.00    0.00     6  postgres
09:35:33 PM 100998    689781    0.00    0.00    0.00    0.00    0.00     5  postgres
09:35:33 PM 100998    689783    0.00    0.00    0.00    0.00    0.00     6  postgres
09:35:33 PM 100998    689784    0.00    0.00    0.00    0.00    0.00     5  postgres
09:35:33 PM 100998    690610    1.00    1.00    0.00    0.00    2.00     6  postgres
09:35:33 PM 100998    690696    0.00    1.00    0.00    0.00    1.00     6  postgres
09:35:33 PM 100998    690700    0.00    1.00    0.00    0.00    1.00     6  postgres
09:35:33 PM 100998    690704    0.00    1.00    0.00    0.00    1.00     5  postgres
09:35:33 PM 100998    690710    1.00    0.00    0.00    0.00    1.00     6  postgres
09:35:33 PM 100998    690711    0.00    1.00    0.00    0.00    1.00     4  postgres
09:35:33 PM 100998    690717    1.00    1.00    0.00    0.00    2.00     6  postgres
09:35:33 PM 100998    690725    2.00    0.00    0.00    0.00    2.00     5  postgres
09:35:33 PM 100998    690730    1.00    1.00    0.00    0.00    2.00     6  postgres
09:35:33 PM 100998    690736    0.00    1.00    0.00    0.00    1.00     6  postgres
09:35:33 PM 100998    690737    0.00    1.00    0.00    0.00    1.00     4  postgres
09:35:33 PM 100998    690739    0.00    1.00    0.00    0.00    1.00     4  postgres
09:35:33 PM 100998    690740    1.00    1.00    0.00    0.00    2.00     4  postgres
09:35:33 PM 100998    690741    0.00    0.00    0.00    0.00    0.00     4  postgres
09:35:33 PM 100998    690742    0.00    1.00    0.00    0.00    1.00     4  postgres
09:35:33 PM 100998    690743    0.00    1.00    0.00    0.00    1.00     4  postgres
09:35:33 PM 100998    690744    1.00    1.00    0.00    0.00    2.00     6  postgres
09:35:33 PM 100998    690746    0.00    0.00    0.00    0.00    0.00     6  postgres
09:35:33 PM 100998    690747    1.00    0.00    0.00    0.00    1.00     4  postgres
09:35:33 PM 100998    690749    1.00    1.00    0.00    0.00    2.00     4  postgres

09:35:33 PM   UID       PID    %usr %system  %guest   %wait    %CPU   CPU  Command
09:35:34 PM 100998    689780    0.00    0.00    0.00    0.00    0.00     6  postgres
09:35:34 PM 100998    689781    0.00    0.00    0.00    0.00    0.00     5  postgres
09:35:34 PM 100998    689783    0.00    0.00    0.00    0.00    0.00     6  postgres
09:35:34 PM 100998    689784    0.00    0.00    0.00    0.00    0.00     5  postgres
09:35:34 PM 100998    690610    1.00    1.00    0.00    0.00    2.00     6  postgres
09:35:34 PM 100998    690696    1.00    1.00    0.00    0.00    2.00     4  postgres
09:35:34 PM 100998    690700    1.00    1.00    0.00    0.00    2.00     6  postgres
09:35:34 PM 100998    690704    2.00    0.00    0.00    0.00    2.00     5  postgres
09:35:34 PM 100998    690710    0.00    1.00    0.00    0.00    1.00     6  postgres
09:35:34 PM 100998    690711    0.00    1.00    0.00    0.00    1.00     4  postgres
09:35:34 PM 100998    690717    1.00    0.00    0.00    0.00    1.00     6  postgres
09:35:34 PM 100998    690725    1.00    1.00    0.00    0.00    2.00     5  postgres
09:35:34 PM 100998    690730    1.00    0.00    0.00    0.00    1.00     4  postgres
09:35:34 PM 100998    690736    1.00    1.00    0.00    0.00    2.00     6  postgres
09:35:34 PM 100998    690737    1.00    1.00    0.00    0.00    2.00     4  postgres
09:35:34 PM 100998    690739    1.00    1.00    0.00    0.00    2.00     4  postgres
09:35:34 PM 100998    690740    1.00    0.00    0.00    0.00    1.00     4  postgres
09:35:34 PM 100998    690741    1.00    1.00    0.00    0.00    2.00     6  postgres
09:35:34 PM 100998    690742    1.00    0.00    0.00    0.00    1.00     4  postgres
09:35:34 PM 100998    690743    1.00    0.00    0.00    0.00    1.00     6  postgres
09:35:34 PM 100998    690744    0.00    0.00    0.00    0.00    0.00     4  postgres
09:35:34 PM 100998    690746    1.00    1.00    0.00    0.00    2.00     6  postgres
09:35:34 PM 100998    690747    0.00    1.00    0.00    0.00    1.00     4  postgres
09:35:34 PM 100998    690749    0.00    0.00    0.00    0.00    0.00     6  postgres

09:35:34 PM   UID       PID    %usr %system  %guest   %wait    %CPU   CPU  Command
09:35:35 PM 100998    689780    0.00    0.00    0.00    0.00    0.00     6  postgres
09:35:35 PM 100998    689781    0.00    0.00    0.00    0.00    0.00     5  postgres
09:35:35 PM 100998    689783    0.00    0.00    0.00    0.00    0.00     6  postgres
09:35:35 PM 100998    689784    0.00    0.00    0.00    0.00    0.00     5  postgres
09:35:35 PM 100998    690610    0.00    1.00    0.00    0.00    1.00     4  postgres
09:35:35 PM 100998    690696    1.00    0.00    0.00    0.00    1.00     6  postgres
09:35:35 PM 100998    690700    0.00    1.00    0.00    1.00    1.00     6  postgres
09:35:35 PM 100998    690704    0.00    1.00    0.00    0.00    1.00     5  postgres
09:35:35 PM 100998    690710    1.00    0.00    0.00    0.00    1.00     4  postgres
09:35:35 PM 100998    690711    1.00    1.00    0.00    0.00    2.00     6  postgres
09:35:35 PM 100998    690717    1.00    1.00    0.00    0.00    2.00     6  postgres
09:35:35 PM 100998    690725    1.00    1.00    0.00    0.00    2.00     5  postgres
09:35:35 PM 100998    690730    0.00    1.00    0.00    0.00    1.00     6  postgres
09:35:35 PM 100998    690736    1.00    0.00    0.00    0.00    1.00     4  postgres
09:35:35 PM 100998    690737    0.00    0.00    0.00    0.00    0.00     6  postgres
09:35:35 PM 100998    690739    1.00    0.00    0.00    0.00    1.00     6  postgres
09:35:35 PM 100998    690740    0.00    1.00    0.00    0.00    1.00     4  postgres
09:35:35 PM 100998    690741    0.00    0.00    0.00    0.00    0.00     6  postgres
09:35:35 PM 100998    690742    0.00    1.00    0.00    0.00    1.00     4  postgres
09:35:35 PM 100998    690743    1.00    1.00    0.00    0.00    2.00     6  postgres
09:35:35 PM 100998    690744    1.00    0.00    0.00    0.00    1.00     6  postgres
09:35:35 PM 100998    690746    1.00    0.00    0.00    0.00    1.00     4  postgres
09:35:35 PM 100998    690747    1.00    0.00    0.00    0.00    1.00     6  postgres
09:35:35 PM 100998    690749    1.00    0.00    0.00    0.00    1.00     4  postgres

09:35:35 PM   UID       PID    %usr %system  %guest   %wait    %CPU   CPU  Command
09:35:36 PM 100998    689780    0.00    0.00    0.00    0.00    0.00     6  postgres
09:35:36 PM 100998    689781    0.00    0.00    0.00    0.00    0.00     5  postgres
09:35:36 PM 100998    689783    0.00    0.00    0.00    0.00    0.00     6  postgres
09:35:36 PM 100998    689784    0.00    0.00    0.00    0.00    0.00     5  postgres
09:35:36 PM 100998    690610    2.00    0.00    0.00    0.00    2.00     6  postgres
09:35:36 PM 100998    690696    0.00    1.00    0.00    0.00    1.00     6  postgres
09:35:36 PM 100998    690700    1.00    1.00    0.00    0.00    2.00     4  postgres
09:35:36 PM 100998    690704    2.00    0.00    0.00    0.00    2.00     5  postgres
09:35:36 PM 100998    690710    0.00    1.00    0.00    0.00    1.00     4  postgres
09:35:36 PM 100998    690711    0.00    1.00    0.00    0.00    1.00     4  postgres
09:35:36 PM 100998    690717    1.00    0.00    0.00    0.00    1.00     6  postgres
09:35:36 PM 100998    690725    1.00    1.00    0.00    0.00    2.00     5  postgres
09:35:36 PM 100998    690730    1.00    1.00    0.00    0.00    2.00     6  postgres
09:35:36 PM 100998    690736    0.00    1.00    0.00    0.00    1.00     6  postgres
09:35:36 PM 100998    690737    1.00    1.00    0.00    0.00    2.00     6  postgres
09:35:36 PM 100998    690739    0.00    1.00    0.00    0.00    1.00     4  postgres
09:35:36 PM 100998    690740    0.00    0.00    0.00    0.00    0.00     4  postgres
09:35:36 PM 100998    690741    1.00    1.00    0.00    0.00    2.00     4  postgres
09:35:36 PM 100998    690742    1.00    1.00    0.00    0.00    2.00     6  postgres
09:35:36 PM 100998    690743    0.00    0.00    0.00    0.00    0.00     4  postgres
09:35:36 PM 100998    690744    1.00    1.00    0.00    0.00    2.00     5  postgres
09:35:36 PM 100998    690746    0.00    1.00    0.00    0.00    1.00     4  postgres
09:35:36 PM 100998    690747    1.00    1.00    0.00    0.00    2.00     6  postgres
09:35:36 PM 100998    690749    1.00    1.00    0.00    0.00    2.00     4  postgres

09:35:36 PM   UID       PID    %usr %system  %guest   %wait    %CPU   CPU  Command
09:35:37 PM 100998    689780    0.00    0.00    0.00    0.00    0.00     6  postgres
09:35:37 PM 100998    689781    0.00    0.00    0.00    0.00    0.00     5  postgres
09:35:37 PM 100998    689783    0.00    0.00    0.00    0.00    0.00     6  postgres
09:35:37 PM 100998    689784    0.00    0.00    0.00    0.00    0.00     5  postgres
09:35:37 PM 100998    690610    0.00    1.00    0.00    0.00    1.00     4  postgres
09:35:37 PM 100998    690696    1.00    0.00    0.00    0.00    1.00     4  postgres
09:35:37 PM 100998    690700    1.00    0.00    0.00    0.00    1.00     6  postgres
09:35:37 PM 100998    690704    1.00    2.00    0.00    0.00    3.00     5  postgres
09:35:37 PM 100998    690710    1.00    0.00    0.00    0.00    1.00     6  postgres
09:35:37 PM 100998    690711    1.00    0.00    0.00    0.00    1.00     4  postgres
09:35:37 PM 100998    690717    0.00    1.00    0.00    0.00    1.00     4  postgres
09:35:37 PM 100998    690725    1.00    1.00    0.00    0.00    2.00     5  postgres
09:35:37 PM 100998    690730    1.00    0.00    0.00    0.00    1.00     6  postgres
09:35:37 PM 100998    690736    0.00    1.00    0.00    0.00    1.00     6  postgres
09:35:37 PM 100998    690737    1.00    1.00    0.00    0.00    2.00     6  postgres
09:35:37 PM 100998    690739    0.00    1.00    0.00    0.00    1.00     6  postgres
09:35:37 PM 100998    690740    1.00    1.00    0.00    0.00    2.00     4  postgres
09:35:37 PM 100998    690741    0.00    1.00    0.00    0.00    1.00     6  postgres
09:35:37 PM 100998    690742    1.00    0.00    0.00    0.00    1.00     6  postgres
09:35:37 PM 100998    690743    1.00    1.00    0.00    0.00    2.00     4  postgres
09:35:37 PM 100998    690744    1.00    1.00    0.00    1.00    2.00     4  postgres
09:35:37 PM 100998    690746    1.00    1.00    0.00    0.00    2.00     6  postgres
09:35:37 PM 100998    690747    1.00    1.00    0.00    0.00    2.00     6  postgres
09:35:37 PM 100998    690749    0.00    0.00    0.00    0.00    0.00     6  postgres

09:35:37 PM   UID       PID    %usr %system  %guest   %wait    %CPU   CPU  Command
09:35:38 PM 100998    689780    0.00    0.00    0.00    0.00    0.00     6  postgres
09:35:38 PM 100998    689781    0.00    0.00    0.00    0.00    0.00     5  postgres
09:35:38 PM 100998    689783    0.00    0.00    0.00    0.00    0.00     6  postgres
09:35:38 PM 100998    689784    0.00    0.00    0.00    0.00    0.00     5  postgres
09:35:38 PM 100998    690610    1.00    0.00    0.00    0.00    1.00     4  postgres
09:35:38 PM 100998    690696    1.00    1.00    0.00    0.00    2.00     6  postgres
09:35:38 PM 100998    690700    1.00    0.00    0.00    0.00    1.00     4  postgres
09:35:38 PM 100998    690704    1.00    0.00    0.00    0.00    1.00     5  postgres
09:35:38 PM 100998    690710    0.00    1.00    0.00    0.00    1.00     6  postgres
09:35:38 PM 100998    690711    0.00    1.00    0.00    0.00    1.00     6  postgres
09:35:38 PM 100998    690717    1.00    0.00    0.00    0.00    1.00     4  postgres
09:35:38 PM 100998    690725    1.00    1.00    0.00    0.00    2.00     5  postgres
09:35:38 PM 100998    690730    1.00    1.00    0.00    0.00    2.00     6  postgres
09:35:38 PM 100998    690736    2.00    0.00    0.00    0.00    2.00     6  postgres
09:35:38 PM 100998    690737    1.00    1.00    0.00    0.00    2.00     4  postgres
09:35:38 PM 100998    690739    1.00    0.00    0.00    0.00    1.00     4  postgres
09:35:38 PM 100998    690740    1.00    1.00    0.00    1.00    2.00     6  postgres
09:35:38 PM 100998    690741    1.00    0.00    0.00    0.00    1.00     4  postgres
09:35:38 PM 100998    690742    0.00    1.00    0.00    0.00    1.00     6  postgres
09:35:38 PM 100998    690743    0.00    0.00    0.00    0.00    0.00     4  postgres
09:35:38 PM 100998    690744    0.00    0.00    0.00    0.00    0.00     4  postgres
09:35:38 PM 100998    690746    1.00    0.00    0.00    0.00    1.00     6  postgres
09:35:38 PM 100998    690747    0.00    1.00    0.00    0.00    1.00     6  postgres
09:35:38 PM 100998    690749    1.00    1.00    0.00    0.00    2.00     6  postgres

09:35:38 PM   UID       PID    %usr %system  %guest   %wait    %CPU   CPU  Command
09:35:39 PM 100998    689780    0.00    0.00    0.00    0.00    0.00     6  postgres
09:35:39 PM 100998    689781    0.00    0.00    0.00    0.00    0.00     5  postgres
09:35:39 PM 100998    689783    0.00    0.00    0.00    0.00    0.00     6  postgres
09:35:39 PM 100998    689784    0.00    0.00    0.00    0.00    0.00     5  postgres
09:35:39 PM 100998    690610    1.00    1.00    0.00    0.00    2.00     6  postgres
09:35:39 PM 100998    690696    0.00    0.00    0.00    0.00    0.00     4  postgres
09:35:39 PM 100998    690700    0.00    2.00    0.00    0.00    2.00     4  postgres
09:35:39 PM 100998    690704    1.00    1.00    0.00    0.00    2.00     5  postgres
09:35:39 PM 100998    690710    1.00    0.00    0.00    0.00    1.00     4  postgres
09:35:39 PM 100998    690711    1.00    0.00    0.00    0.00    1.00     4  postgres
09:35:39 PM 100998    690717    0.00    1.00    0.00    0.00    1.00     4  postgres
09:35:39 PM 100998    690725    1.00    0.00    0.00    0.00    1.00     5  postgres
09:35:39 PM 100998    690730    0.00    0.00    0.00    0.00    0.00     6  postgres
09:35:39 PM 100998    690736    0.00    1.00    0.00    0.00    1.00     4  postgres
09:35:39 PM 100998    690737    0.00    0.00    0.00    0.00    0.00     6  postgres
09:35:39 PM 100998    690739    1.00    0.00    0.00    0.00    1.00     4  postgres
09:35:39 PM 100998    690740    1.00    0.00    0.00    0.00    1.00     6  postgres
09:35:39 PM 100998    690741    1.00    1.00    0.00    0.00    2.00     6  postgres
09:35:39 PM 100998    690742    1.00    0.00    0.00    0.00    1.00     4  postgres
09:35:39 PM 100998    690743    0.00    0.00    0.00    0.00    0.00     6  postgres
09:35:39 PM 100998    690744    2.00    1.00    0.00    0.00    3.00     6  postgres
09:35:39 PM 100998    690746    1.00    1.00    0.00    0.00    2.00     6  postgres
09:35:39 PM 100998    690747    1.00    0.00    0.00    0.00    1.00     6  postgres
09:35:39 PM 100998    690749    0.00    0.00    0.00    0.00    0.00     6  postgres

09:35:39 PM   UID       PID    %usr %system  %guest   %wait    %CPU   CPU  Command
09:35:40 PM 100998    689780    0.00    0.00    0.00    0.00    0.00     6  postgres
09:35:40 PM 100998    689781    0.00    0.00    0.00    0.00    0.00     5  postgres
09:35:40 PM 100998    689783    0.00    0.00    0.00    0.00    0.00     6  postgres
09:35:40 PM 100998    689784    0.00    0.00    0.00    0.00    0.00     5  postgres
09:35:40 PM 100998    690610    0.00    0.00    0.00    0.00    0.00     4  postgres
09:35:40 PM 100998    690696    1.00    1.00    0.00    0.00    2.00     4  postgres
09:35:40 PM 100998    690700    1.00    1.00    0.00    0.00    2.00     4  postgres
09:35:40 PM 100998    690704    1.00    1.00    0.00    0.00    2.00     5  postgres
09:35:40 PM 100998    690710    1.00    0.00    0.00    0.00    1.00     6  postgres
09:35:40 PM 100998    690711    1.00    1.00    0.00    0.00    2.00     6  postgres
09:35:40 PM 100998    690717    1.00    1.00    0.00    0.00    2.00     4  postgres
09:35:40 PM 100998    690725    0.00    1.00    0.00    0.00    1.00     5  postgres
09:35:40 PM 100998    690730    2.00    1.00    0.00    0.00    3.00     6  postgres
09:35:40 PM 100998    690736    1.00    1.00    0.00    0.00    2.00     6  postgres
09:35:40 PM 100998    690737    1.00    1.00    0.00    0.00    2.00     4  postgres
09:35:40 PM 100998    690739    1.00    1.00    0.00    0.00    2.00     6  postgres
09:35:40 PM 100998    690740    0.00    1.00    0.00    0.00    1.00     4  postgres
09:35:40 PM 100998    690741    0.00    0.00    0.00    0.00    0.00     5  postgres
09:35:40 PM 100998    690742    0.00    1.00    0.00    0.00    1.00     4  postgres
09:35:40 PM 100998    690743    1.00    1.00    0.00    0.00    2.00     4  postgres
09:35:40 PM 100998    690744    0.00    1.00    0.00    0.00    1.00     4  postgres
09:35:40 PM 100998    690746    0.00    0.00    0.00    0.00    0.00     4  postgres
09:35:40 PM 100998    690747    1.00    1.00    0.00    0.00    2.00     4  postgres
09:35:40 PM 100998    690749    1.00    1.00    0.00    0.00    2.00     6  postgres

09:35:40 PM   UID       PID    %usr %system  %guest   %wait    %CPU   CPU  Command
09:35:41 PM 100998    689780    0.00    0.00    0.00    0.00    0.00     6  postgres
09:35:41 PM 100998    689781    0.00    0.00    0.00    0.00    0.00     5  postgres
09:35:41 PM 100998    689783    0.00    0.00    0.00    0.00    0.00     6  postgres
09:35:41 PM 100998    689784    0.00    0.00    0.00    0.00    0.00     5  postgres
09:35:41 PM 100998    690610    1.00    1.00    0.00    0.00    2.00     4  postgres
09:35:41 PM 100998    690696    0.00    1.00    0.00    0.00    1.00     4  postgres
09:35:41 PM 100998    690700    0.00    0.00    0.00    0.00    0.00     6  postgres
09:35:41 PM 100998    690704    1.00    1.00    0.00    0.00    2.00     5  postgres
09:35:41 PM 100998    690710    1.00    1.00    0.00    0.00    2.00     4  postgres
09:35:41 PM 100998    690711    0.00    0.00    0.00    0.00    0.00     4  postgres
09:35:41 PM 100998    690717    1.00    1.00    0.00    0.00    2.00     6  postgres
09:35:41 PM 100998    690725    1.00    1.00    0.00    1.00    2.00     5  postgres
09:35:41 PM 100998    690730    0.00    1.00    0.00    0.00    1.00     4  postgres
09:35:41 PM 100998    690736    1.00    0.00    0.00    0.00    1.00     6  postgres
09:35:41 PM 100998    690737    0.00    1.00    0.00    0.00    1.00     4  postgres
09:35:41 PM 100998    690739    0.00    1.00    0.00    0.00    1.00     4  postgres
09:35:41 PM 100998    690740    1.00    1.00    0.00    0.00    2.00     4  postgres
09:35:41 PM 100998    690741    1.00    1.00    0.00    0.00    2.00     5  postgres
09:35:41 PM 100998    690742    0.00    1.00    0.00    0.00    1.00     6  postgres
09:35:41 PM 100998    690743    0.00    0.00    0.00    0.00    0.00     6  postgres
09:35:41 PM 100998    690744    1.00    2.00    0.00    0.00    3.00     6  postgres
09:35:41 PM 100998    690746    1.00    1.00    0.00    0.00    2.00     4  postgres
09:35:41 PM 100998    690747    0.00    0.00    0.00    0.00    0.00     4  postgres
09:35:41 PM 100998    690749    1.00    0.00    0.00    0.00    1.00     6  postgres

09:35:41 PM   UID       PID    %usr %system  %guest   %wait    %CPU   CPU  Command
09:35:42 PM 100998    689780    0.00    0.00    0.00    0.00    0.00     6  postgres
09:35:42 PM 100998    689781    0.00    0.00    0.00    0.00    0.00     5  postgres
09:35:42 PM 100998    689783    0.00    0.00    0.00    0.00    0.00     6  postgres
09:35:42 PM 100998    689784    0.00    0.00    0.00    0.00    0.00     5  postgres
09:35:42 PM 100998    690610    1.00    1.00    0.00    0.00    2.00     5  postgres
09:35:42 PM 100998    690696    1.00    1.00    0.00    0.00    2.00     4  postgres
09:35:42 PM 100998    690700    1.00    0.00    0.00    0.00    1.00     6  postgres
09:35:42 PM 100998    690704    0.00    0.00    0.00    0.00    0.00     5  postgres
09:35:42 PM 100998    690710    0.00    0.00    0.00    0.00    0.00     6  postgres
09:35:42 PM 100998    690711    1.00    1.00    0.00    0.00    2.00     4  postgres
09:35:42 PM 100998    690717    1.00    0.00    0.00    0.00    1.00     6  postgres
09:35:42 PM 100998    690725    0.00    1.00    0.00    0.00    1.00     5  postgres
09:35:42 PM 100998    690730    1.00    1.00    0.00    0.00    2.00     5  postgres
09:35:42 PM 100998    690736    0.00    1.00    0.00    0.00    1.00     6  postgres
09:35:42 PM 100998    690737    1.00    0.00    0.00    0.00    1.00     4  postgres
09:35:42 PM 100998    690739    0.00    1.00    0.00    0.00    1.00     6  postgres
09:35:42 PM 100998    690740    0.00    0.00    0.00    0.00    0.00     6  postgres
09:35:42 PM 100998    690741    1.00    1.00    0.00    0.00    2.00     5  postgres
09:35:42 PM 100998    690742    1.00    0.00    0.00    0.00    1.00     6  postgres
09:35:42 PM 100998    690743    1.00    1.00    0.00    0.00    2.00     4  postgres
09:35:42 PM 100998    690744    0.00    0.00    0.00    0.00    0.00     6  postgres
09:35:42 PM 100998    690746    0.00    0.00    0.00    0.00    0.00     6  postgres
09:35:42 PM 100998    690747    1.00    0.00    0.00    0.00    1.00     4  postgres
09:35:42 PM 100998    690749    0.00    1.00    0.00    0.00    1.00     4  postgres

09:35:42 PM   UID       PID    %usr %system  %guest   %wait    %CPU   CPU  Command
09:35:43 PM 100998    689780    0.00    0.00    0.00    0.00    0.00     6  postgres
09:35:43 PM 100998    689781    0.00    0.00    0.00    0.00    0.00     5  postgres
09:35:43 PM 100998    689783    0.00    0.00    0.00    0.00    0.00     6  postgres
09:35:43 PM 100998    689784    0.00    0.00    0.00    0.00    0.00     5  postgres
09:35:43 PM 100998    690610    1.00    0.00    0.00    0.00    1.00     5  postgres
09:35:43 PM 100998    690696    1.00    1.00    0.00    0.00    2.00     6  postgres
09:35:43 PM 100998    690700    1.00    1.00    0.00    0.00    2.00     4  postgres
09:35:43 PM 100998    690704    1.00    1.00    0.00    0.00    2.00     5  postgres
09:35:43 PM 100998    690710    1.00    1.00    0.00    0.00    2.00     6  postgres
09:35:43 PM 100998    690711    0.00    0.00    0.00    0.00    0.00     6  postgres
09:35:43 PM 100998    690717    0.00    0.00    0.00    0.00    0.00     4  postgres
09:35:43 PM 100998    690725    0.00    1.00    0.00    0.00    1.00     6  postgres
09:35:43 PM 100998    690730    1.00    0.00    0.00    0.00    1.00     5  postgres
09:35:43 PM 100998    690736    1.00    1.00    0.00    0.00    2.00     6  postgres
09:35:43 PM 100998    690737    0.00    1.00    0.00    0.00    1.00     6  postgres
09:35:43 PM 100998    690739    1.00    0.00    0.00    0.00    1.00     6  postgres
09:35:43 PM 100998    690740    1.00    1.00    0.00    0.00    2.00     6  postgres
09:35:43 PM 100998    690741    1.00    1.00    0.00    0.00    2.00     5  postgres
09:35:43 PM 100998    690742    1.00    1.00    0.00    0.00    2.00     4  postgres
09:35:43 PM 100998    690743    0.00    0.00    0.00    0.00    0.00     4  postgres
09:35:43 PM 100998    690744    1.00    1.00    0.00    0.00    2.00     6  postgres
09:35:43 PM 100998    690746    1.00    1.00    0.00    0.00    2.00     6  postgres
09:35:43 PM 100998    690747    0.00    1.00    0.00    0.00    1.00     6  postgres
09:35:43 PM 100998    690749    1.00    0.00    0.00    0.00    1.00     6  postgres

09:35:43 PM   UID       PID    %usr %system  %guest   %wait    %CPU   CPU  Command
09:35:44 PM 100998    689780    0.00    0.00    0.00    0.00    0.00     6  postgres
09:35:44 PM 100998    689781    0.00    0.00    0.00    0.00    0.00     5  postgres
09:35:44 PM 100998    689783    0.00    0.00    0.00    0.00    0.00     6  postgres
09:35:44 PM 100998    689784    0.00    0.00    0.00    0.00    0.00     5  postgres
09:35:44 PM 100998    690610    1.00    1.00    0.00    0.00    2.00     5  postgres
09:35:44 PM 100998    690696    1.00    1.00    0.00    0.00    2.00     6  postgres
09:35:44 PM 100998    690700    1.00    1.00    0.00    0.00    2.00     6  postgres
09:35:44 PM 100998    690704    1.00    1.00    0.00    0.00    2.00     4  postgres
09:35:44 PM 100998    690710    0.00    1.00    0.00    0.00    1.00     6  postgres
09:35:44 PM 100998    690711    1.00    1.00    0.00    0.00    2.00     6  postgres
09:35:44 PM 100998    690717    2.00    1.00    0.00    0.00    3.00     4  postgres
09:35:44 PM 100998    690725    1.00    1.00    0.00    0.00    2.00     6  postgres
09:35:44 PM 100998    690730    0.00    1.00    0.00    0.00    1.00     5  postgres
09:35:44 PM 100998    690736    0.00    0.00    0.00    0.00    0.00     6  postgres
09:35:44 PM 100998    690737    1.00    1.00    0.00    0.00    2.00     6  postgres
09:35:44 PM 100998    690739    0.00    1.00    0.00    0.00    1.00     4  postgres
09:35:44 PM 100998    690740    0.00    0.00    0.00    0.00    0.00     6  postgres
09:35:44 PM 100998    690741    0.00    0.00    0.00    0.00    0.00     5  postgres
09:35:44 PM 100998    690742    1.00    0.00    0.00    0.00    1.00     4  postgres
09:35:44 PM 100998    690743    1.00    1.00    0.00    0.00    2.00     4  postgres
09:35:44 PM 100998    690744    0.00    0.00    0.00    0.00    0.00     4  postgres
09:35:44 PM 100998    690746    0.00    1.00    0.00    0.00    1.00     6  postgres
09:35:44 PM 100998    690747    1.00    0.00    0.00    0.00    1.00     4  postgres
09:35:44 PM 100998    690749    1.00    1.00    0.00    0.00    2.00     4  postgres

09:35:44 PM   UID       PID    %usr %system  %guest   %wait    %CPU   CPU  Command
09:35:45 PM 100998    689780    0.00    0.00    0.00    0.00    0.00     6  postgres
09:35:45 PM 100998    689781    0.00    0.00    0.00    0.00    0.00     5  postgres
09:35:45 PM 100998    689783    0.00    0.00    0.00    0.00    0.00     6  postgres
09:35:45 PM 100998    689784    0.00    0.00    0.00    0.00    0.00     5  postgres
09:35:45 PM 100998    690610    1.00    0.00    0.00    0.00    1.00     5  postgres
09:35:45 PM 100998    690696    1.00    0.00    0.00    0.00    1.00     6  postgres
09:35:45 PM 100998    690700    1.00    1.00    0.00    0.00    2.00     4  postgres
09:35:45 PM 100998    690704    1.00    1.00    0.00    0.00    2.00     6  postgres
09:35:45 PM 100998    690710    1.00    0.00    0.00    1.00    1.00     6  postgres
09:35:45 PM 100998    690711    0.00    1.00    0.00    0.00    1.00     6  postgres
09:35:45 PM 100998    690717    1.00    1.00    0.00    0.00    2.00     6  postgres
09:35:45 PM 100998    690725    1.00    0.00    0.00    0.00    1.00     6  postgres
09:35:45 PM 100998    690730    1.00    1.00    0.00    0.00    2.00     5  postgres
09:35:45 PM 100998    690736    0.00    1.00    0.00    0.00    1.00     6  postgres
09:35:45 PM 100998    690737    0.00    1.00    0.00    0.00    1.00     4  postgres
09:35:45 PM 100998    690739    1.00    0.00    0.00    0.00    1.00     6  postgres
09:35:45 PM 100998    690740    1.00    1.00    0.00    0.00    2.00     6  postgres
09:35:45 PM 100998    690741    1.00    1.00    0.00    0.00    2.00     4  postgres
09:35:45 PM 100998    690742    1.00    0.00    0.00    0.00    1.00     4  postgres
09:35:45 PM 100998    690743    0.00    1.00    0.00    0.00    1.00     4  postgres
09:35:45 PM 100998    690744    1.00    1.00    0.00    0.00    2.00     6  postgres
09:35:45 PM 100998    690746    1.00    0.00    0.00    0.00    1.00     6  postgres
09:35:45 PM 100998    690747    1.00    1.00    0.00    0.00    2.00     6  postgres
09:35:45 PM 100998    690749    1.00    0.00    0.00    0.00    1.00     6  postgres

09:35:45 PM   UID       PID    %usr %system  %guest   %wait    %CPU   CPU  Command
09:35:46 PM 100998    689780    0.00    0.00    0.00    0.00    0.00     6  postgres
09:35:46 PM 100998    689781    0.00    0.00    0.00    0.00    0.00     5  postgres
09:35:46 PM 100998    689783    0.00    0.00    0.00    0.00    0.00     6  postgres
09:35:46 PM 100998    689784    0.00    0.00    0.00    0.00    0.00     5  postgres
09:35:46 PM 100998    690610    1.00    1.00    0.00    0.00    2.00     5  postgres
09:35:46 PM 100998    690696    0.00    1.00    0.00    0.00    1.00     6  postgres
09:35:46 PM 100998    690700    0.00    1.00    0.00    0.00    1.00     4  postgres
09:35:46 PM 100998    690704    0.00    1.00    0.00    0.00    1.00     5  postgres
09:35:46 PM 100998    690710    1.00    1.00    0.00    0.00    2.00     6  postgres
09:35:46 PM 100998    690711    2.00    0.00    0.00    0.00    2.00     6  postgres
09:35:46 PM 100998    690717    0.00    0.00    0.00    0.00    0.00     4  postgres
09:35:46 PM 100998    690725    1.00    1.00    0.00    0.00    2.00     6  postgres
09:35:46 PM 100998    690730    1.00    0.00    0.00    0.00    1.00     5  postgres
09:35:46 PM 100998    690736    1.00    0.00    0.00    0.00    1.00     4  postgres
09:35:46 PM 100998    690737    0.00    0.00    0.00    0.00    0.00     6  postgres
09:35:46 PM 100998    690739    1.00    1.00    0.00    0.00    2.00     6  postgres
09:35:46 PM 100998    690740    1.00    1.00    0.00    0.00    2.00     6  postgres
09:35:46 PM 100998    690741    1.00    1.00    0.00    0.00    2.00     6  postgres
09:35:46 PM 100998    690742    0.00    1.00    0.00    0.00    1.00     4  postgres
09:35:46 PM 100998    690743    1.00    0.00    0.00    0.00    1.00     4  postgres
09:35:46 PM 100998    690744    0.00    0.00    0.00    0.00    0.00     4  postgres
09:35:46 PM 100998    690746    1.00    2.00    0.00    0.00    3.00     4  postgres
09:35:46 PM 100998    690747    1.00    1.00    0.00    0.00    2.00     6  postgres
09:35:46 PM 100998    690749    0.00    1.00    0.00    0.00    1.00     6  postgres

09:35:46 PM   UID       PID    %usr %system  %guest   %wait    %CPU   CPU  Command
09:35:47 PM 100998    689780    0.00    0.00    0.00    0.00    0.00     6  postgres
09:35:47 PM 100998    689781    0.00    0.00    0.00    0.00    0.00     5  postgres
09:35:47 PM 100998    689783    0.00    0.00    0.00    0.00    0.00     6  postgres
09:35:47 PM 100998    689784    0.00    0.00    0.00    0.00    0.00     5  postgres
09:35:47 PM 100998    690610    1.00    1.00    0.00    0.00    2.00     5  postgres
09:35:47 PM 100998    690696    1.00    1.00    0.00    0.00    2.00     6  postgres
09:35:47 PM 100998    690700    1.00    1.00    0.00    0.00    2.00     6  postgres
09:35:47 PM 100998    690704    2.00    0.00    0.00    0.00    2.00     5  postgres
09:35:47 PM 100998    690710    0.00    1.00    0.00    0.00    1.00     6  postgres
09:35:47 PM 100998    690711    0.00    1.00    0.00    0.00    1.00     4  postgres
09:35:47 PM 100998    690717    0.00    1.00    0.00    0.00    1.00     4  postgres
09:35:47 PM 100998    690725    0.00    0.00    0.00    0.00    0.00     4  postgres
09:35:47 PM 100998    690730    1.00    1.00    0.00    0.00    2.00     5  postgres
09:35:47 PM 100998    690736    1.00    1.00    0.00    0.00    2.00     4  postgres
09:35:47 PM 100998    690737    1.00    1.00    0.00    0.00    2.00     6  postgres
09:35:47 PM 100998    690739    0.00    0.00    0.00    0.00    0.00     6  postgres
09:35:47 PM 100998    690740    1.00    1.00    0.00    0.00    2.00     4  postgres
09:35:47 PM 100998    690741    1.00    0.00    0.00    0.00    1.00     4  postgres
09:35:47 PM 100998    690742    2.00    0.00    0.00    0.00    2.00     4  postgres
09:35:47 PM 100998    690743    0.00    1.00    0.00    1.00    1.00     6  postgres
09:35:47 PM 100998    690744    1.00    1.00    0.00    0.00    2.00     4  postgres
09:35:47 PM 100998    690746    1.00    0.00    0.00    0.00    1.00     6  postgres
09:35:47 PM 100998    690747    1.00    1.00    0.00    0.00    2.00     4  postgres
09:35:47 PM 100998    690749    1.00    1.00    0.00    0.00    2.00     6  postgres

09:35:47 PM   UID       PID    %usr %system  %guest   %wait    %CPU   CPU  Command
09:35:48 PM 100998    689780    0.00    0.00    0.00    0.00    0.00     6  postgres
09:35:48 PM 100998    689781    0.00    0.00    0.00    0.00    0.00     5  postgres
09:35:48 PM 100998    689783    0.00    0.00    0.00    0.00    0.00     6  postgres
09:35:48 PM 100998    689784    0.00    0.00    0.00    0.00    0.00     5  postgres
09:35:48 PM 100998    690610    1.00    1.00    0.00    0.00    2.00     4  postgres
09:35:48 PM 100998    690696    0.00    1.00    0.00    0.00    1.00     4  postgres
09:35:48 PM 100998    690700    1.00    1.00    0.00    0.00    2.00     6  postgres
09:35:48 PM 100998    690704    1.00    1.00    0.00    0.00    2.00     6  postgres
09:35:48 PM 100998    690710    1.00    0.00    0.00    0.00    1.00     6  postgres
09:35:48 PM 100998    690711    1.00    1.00    0.00    0.00    2.00     4  postgres
09:35:48 PM 100998    690717    1.00    0.00    0.00    0.00    1.00     4  postgres
09:35:48 PM 100998    690725    1.00    1.00    0.00    0.00    2.00     4  postgres
09:35:48 PM 100998    690730    1.00    0.00    0.00    0.00    1.00     6  postgres
09:35:48 PM 100998    690736    1.00    1.00    0.00    0.00    2.00     4  postgres
09:35:48 PM 100998    690737    1.00    1.00    0.00    0.00    2.00     6  postgres
09:35:48 PM 100998    690739    0.00    1.00    0.00    0.00    1.00     6  postgres
09:35:48 PM 100998    690740    1.00    1.00    0.00    0.00    2.00     4  postgres
09:35:48 PM 100998    690741    1.00    1.00    0.00    0.00    2.00     6  postgres
09:35:48 PM 100998    690742    1.00    1.00    0.00    0.00    2.00     6  postgres
09:35:48 PM 100998    690743    1.00    0.00    0.00    0.00    1.00     6  postgres
09:35:48 PM 100998    690744    0.00    0.00    0.00    0.00    0.00     6  postgres
09:35:48 PM 100998    690746    1.00    1.00    0.00    0.00    2.00     4  postgres
09:35:48 PM 100998    690747    0.00    1.00    0.00    0.00    1.00     6  postgres
09:35:48 PM 100998    690749    1.00    1.00    0.00    0.00    2.00     4  postgres

09:35:48 PM   UID       PID    %usr %system  %guest   %wait    %CPU   CPU  Command
09:35:49 PM 100998    689780    0.00    0.00    0.00    0.00    0.00     6  postgres
09:35:49 PM 100998    689781    0.00    0.00    0.00    0.00    0.00     5  postgres
09:35:49 PM 100998    689783    0.00    0.00    0.00    0.00    0.00     6  postgres
09:35:49 PM 100998    689784    0.00    0.00    0.00    0.00    0.00     5  postgres
09:35:49 PM 100998    690610    1.00    1.00    0.00    0.00    2.00     4  postgres
09:35:49 PM 100998    690696    1.00    0.00    0.00    0.00    1.00     4  postgres
09:35:49 PM 100998    690700    0.00    0.00    0.00    0.00    0.00     6  postgres
09:35:49 PM 100998    690704    0.00    1.00    0.00    0.00    1.00     6  postgres
09:35:49 PM 100998    690710    1.00    1.00    0.00    0.00    2.00     4  postgres
09:35:49 PM 100998    690711    0.00    1.00    0.00    0.00    1.00     4  postgres
09:35:49 PM 100998    690717    0.00    1.00    0.00    0.00    1.00     4  postgres
09:35:49 PM 100998    690725    1.00    1.00    0.00    0.00    2.00     4  postgres
09:35:49 PM 100998    690730    1.00    1.00    0.00    0.00    2.00     4  postgres
09:35:49 PM 100998    690736    0.00    1.00    0.00    1.00    1.00     4  postgres
09:35:49 PM 100998    690737    0.00    1.00    0.00    0.00    1.00     4  postgres
09:35:49 PM 100998    690739    1.00    1.00    0.00    0.00    2.00     4  postgres
09:35:49 PM 100998    690740    0.00    0.00    0.00    0.00    0.00     6  postgres
09:35:49 PM 100998    690741    0.00    0.00    0.00    0.00    0.00     4  postgres
09:35:49 PM 100998    690742    1.00    0.00    0.00    0.00    1.00     4  postgres
09:35:49 PM 100998    690743    1.00    1.00    0.00    0.00    2.00     6  postgres
09:35:49 PM 100998    690744    1.00    1.00    0.00    0.00    2.00     6  postgres
09:35:49 PM 100998    690746    0.00    1.00    0.00    1.00    1.00     4  postgres
09:35:49 PM 100998    690747    1.00    1.00    0.00    0.00    2.00     6  postgres
09:35:49 PM 100998    690749    0.00    1.00    0.00    0.00    1.00     6  postgres

09:35:49 PM   UID       PID    %usr %system  %guest   %wait    %CPU   CPU  Command
09:35:50 PM 100998    689780    0.00    0.00    0.00    0.00    0.00     6  postgres
09:35:50 PM 100998    689781    0.00    0.00    0.00    0.00    0.00     5  postgres
09:35:50 PM 100998    689783    0.00    0.00    0.00    0.00    0.00     6  postgres
09:35:50 PM 100998    689784    0.00    0.00    0.00    0.00    0.00     5  postgres
09:35:50 PM 100998    690610    0.00    1.00    0.00    0.00    1.00     4  postgres
09:35:50 PM 100998    690696    1.00    1.00    0.00    0.00    2.00     4  postgres
09:35:50 PM 100998    690700    1.00    1.00    0.00    0.00    2.00     4  postgres
09:35:50 PM 100998    690704    0.00    1.00    0.00    0.00    1.00     6  postgres
09:35:50 PM 100998    690710    1.00    0.00    0.00    0.00    1.00     6  postgres
09:35:50 PM 100998    690711    1.00    1.00    0.00    1.00    2.00     6  postgres
09:35:50 PM 100998    690717    1.00    1.00    0.00    0.00    2.00     6  postgres
09:35:50 PM 100998    690725    0.00    1.00    0.00    0.00    1.00     6  postgres
09:35:50 PM 100998    690730    1.00    1.00    0.00    0.00    2.00     6  postgres
09:35:50 PM 100998    690736    1.00    1.00    0.00    0.00    2.00     6  postgres
09:35:50 PM 100998    690737    1.00    1.00    0.00    0.00    2.00     6  postgres
09:35:50 PM 100998    690739    1.00    0.00    0.00    0.00    1.00     4  postgres
09:35:50 PM 100998    690740    1.00    1.00    0.00    0.00    2.00     4  postgres
09:35:50 PM 100998    690741    1.00    1.00    0.00    0.00    2.00     4  postgres
09:35:50 PM 100998    690742    0.00    1.00    0.00    1.00    1.00     6  postgres
09:35:50 PM 100998    690743    0.00    1.00    0.00    0.00    1.00     6  postgres
09:35:50 PM 100998    690744    0.00    1.00    0.00    0.00    1.00     6  postgres
09:35:50 PM 100998    690746    1.00    0.00    0.00    0.00    1.00     6  postgres
09:35:50 PM 100998    690747    1.00    1.00    0.00    0.00    2.00     4  postgres
09:35:50 PM 100998    690749    1.00    1.00    0.00    0.00    2.00     6  postgres

09:35:50 PM   UID       PID    %usr %system  %guest   %wait    %CPU   CPU  Command
09:35:51 PM 100998    689780    0.00    0.00    0.00    0.00    0.00     6  postgres
09:35:51 PM 100998    689781    0.00    0.00    0.00    0.00    0.00     5  postgres
09:35:51 PM 100998    689783    0.00    0.00    0.00    0.00    0.00     6  postgres
09:35:51 PM 100998    689784    0.00    0.00    0.00    0.00    0.00     5  postgres
09:35:51 PM 100998    690610    1.00    0.00    0.00    0.00    1.00     6  postgres
09:35:51 PM 100998    690696    1.00    1.00    0.00    0.00    2.00     4  postgres
09:35:51 PM 100998    690700    1.00    1.00    0.00    0.00    2.00     4  postgres
09:35:51 PM 100998    690704    1.00    2.00    0.00    1.00    3.00     6  postgres
09:35:51 PM 100998    690710    1.00    1.00    0.00    0.00    2.00     4  postgres
09:35:51 PM 100998    690711    1.00    1.00    0.00    0.00    2.00     6  postgres
09:35:51 PM 100998    690717    1.00    0.00    0.00    0.00    1.00     6  postgres
09:35:51 PM 100998    690725    1.00    0.00    0.00    0.00    1.00     4  postgres
09:35:51 PM 100998    690730    0.00    1.00    0.00    0.00    1.00     6  postgres
09:35:51 PM 100998    690736    1.00    0.00    0.00    0.00    1.00     6  postgres
09:35:51 PM 100998    690737    1.00    0.00    0.00    0.00    1.00     6  postgres
09:35:51 PM 100998    690739    1.00    1.00    0.00    0.00    2.00     4  postgres
09:35:51 PM 100998    690740    0.00    0.00    0.00    0.00    0.00     4  postgres
09:35:51 PM 100998    690741    1.00    0.00    0.00    0.00    1.00     4  postgres
09:35:51 PM 100998    690742    1.00    0.00    0.00    0.00    1.00     6  postgres
09:35:51 PM 100998    690743    1.00    0.00    0.00    0.00    1.00     6  postgres
09:35:51 PM 100998    690744    1.00    0.00    0.00    0.00    1.00     4  postgres
09:35:51 PM 100998    690746    1.00    1.00    0.00    0.00    2.00     6  postgres
09:35:51 PM 100998    690747    0.00    1.00    0.00    0.00    1.00     4  postgres
09:35:51 PM 100998    690749    0.00    1.00    0.00    0.00    1.00     4  postgres

09:35:51 PM   UID       PID    %usr %system  %guest   %wait    %CPU   CPU  Command
09:35:52 PM 100998    689780    0.00    0.00    0.00    0.00    0.00     6  postgres
09:35:52 PM 100998    689781    0.00    0.00    0.00    0.00    0.00     5  postgres
09:35:52 PM 100998    689783    0.00    0.00    0.00    0.00    0.00     6  postgres
09:35:52 PM 100998    689784    0.00    0.00    0.00    0.00    0.00     5  postgres
09:35:52 PM 100998    690610    1.00    1.00    0.00    0.00    2.00     4  postgres
09:35:52 PM 100998    690696    1.00    1.00    0.00    0.00    2.00     4  postgres
09:35:52 PM 100998    690700    1.00    0.00    0.00    0.00    1.00     4  postgres
09:35:52 PM 100998    690704    1.00    0.00    0.00    0.00    1.00     4  postgres
09:35:52 PM 100998    690710    1.00    0.00    0.00    0.00    1.00     6  postgres
09:35:52 PM 100998    690711    0.00    1.00    0.00    0.00    1.00     6  postgres
09:35:52 PM 100998    690717    1.00    1.00    0.00    0.00    2.00     4  postgres
09:35:52 PM 100998    690725    0.00    1.00    0.00    0.00    1.00     6  postgres
09:35:52 PM 100998    690730    1.00    1.00    0.00    0.00    2.00     4  postgres
09:35:52 PM 100998    690736    1.00    1.00    0.00    0.00    2.00     4  postgres
09:35:52 PM 100998    690737    1.00    1.00    0.00    0.00    2.00     4  postgres
09:35:52 PM 100998    690739    0.00    1.00    0.00    0.00    1.00     4  postgres
09:35:52 PM 100998    690740    1.00    2.00    0.00    0.00    3.00     4  postgres
09:35:52 PM 100998    690741    1.00    1.00    0.00    0.00    2.00     6  postgres
09:35:52 PM 100998    690742    1.00    0.00    0.00    0.00    1.00     4  postgres
09:35:52 PM 100998    690743    1.00    1.00    0.00    0.00    2.00     6  postgres
09:35:52 PM 100998    690744    1.00    1.00    0.00    0.00    2.00     4  postgres
09:35:52 PM 100998    690746    0.00    1.00    0.00    0.00    1.00     6  postgres
09:35:52 PM 100998    690747    1.00    0.00    0.00    0.00    1.00     4  postgres
09:35:52 PM 100998    690749    1.00    0.00    0.00    0.00    1.00     6  postgres

09:35:52 PM   UID       PID    %usr %system  %guest   %wait    %CPU   CPU  Command
09:35:53 PM 100998    689780    0.00    0.00    0.00    0.00    0.00     6  postgres
09:35:53 PM 100998    689781    0.00    0.00    0.00    0.00    0.00     5  postgres
09:35:53 PM 100998    689783    0.00    0.00    0.00    0.00    0.00     6  postgres
09:35:53 PM 100998    689784    0.00    0.00    0.00    0.00    0.00     5  postgres
09:35:53 PM 100998    690610    1.00    1.00    0.00    0.00    2.00     6  postgres
09:35:53 PM 100998    690696    0.00    0.00    0.00    0.00    0.00     4  postgres
09:35:53 PM 100998    690700    0.00    1.00    0.00    0.00    1.00     6  postgres
09:35:53 PM 100998    690704    1.00    1.00    0.00    0.00    2.00     5  postgres
09:35:53 PM 100998    690710    0.00    1.00    0.00    0.00    1.00     4  postgres
09:35:53 PM 100998    690711    1.00    0.00    0.00    0.00    1.00     6  postgres
09:35:53 PM 100998    690717    1.00    1.00    0.00    0.00    2.00     4  postgres
09:35:53 PM 100998    690725    1.00    1.00    0.00    0.00    2.00     6  postgres
09:35:53 PM 100998    690730    1.00    1.00    0.00    0.00    2.00     4  postgres
09:35:53 PM 100998    690736    1.00    1.00    0.00    0.00    2.00     4  postgres
09:35:53 PM 100998    690737    0.00    1.00    0.00    0.00    1.00     4  postgres
09:35:53 PM 100998    690739    0.00    1.00    0.00    0.00    1.00     6  postgres
09:35:53 PM 100998    690740    0.00    1.00    0.00    0.00    1.00     6  postgres
09:35:53 PM 100998    690741    0.00    1.00    0.00    0.00    1.00     6  postgres
09:35:53 PM 100998    690742    1.00    1.00    0.00    0.00    2.00     6  postgres
09:35:53 PM 100998    690743    0.00    0.00    0.00    0.00    0.00     4  postgres
09:35:53 PM 100998    690744    1.00    1.00    0.00    0.00    2.00     6  postgres
09:35:53 PM 100998    690746    1.00    0.00    0.00    0.00    1.00     6  postgres
09:35:53 PM 100998    690747    1.00    1.00    0.00    0.00    2.00     4  postgres
09:35:53 PM 100998    690749    2.00    1.00    0.00    1.00    3.00     6  postgres

09:35:53 PM   UID       PID    %usr %system  %guest   %wait    %CPU   CPU  Command
09:35:54 PM 100998    689780    0.00    0.00    0.00    0.00    0.00     6  postgres
09:35:54 PM 100998    689781    0.00    0.00    0.00    0.00    0.00     5  postgres
09:35:54 PM 100998    689783    0.00    0.00    0.00    0.00    0.00     6  postgres
09:35:54 PM 100998    689784    0.00    0.00    0.00    0.00    0.00     5  postgres
09:35:54 PM 100998    690610    0.00    1.00    0.00    0.00    1.00     4  postgres
09:35:54 PM 100998    690696    1.00    1.00    0.00    0.00    2.00     4  postgres
09:35:54 PM 100998    690700    1.00    0.00    0.00    0.00    1.00     4  postgres
09:35:54 PM 100998    690704    0.00    1.00    0.00    0.00    1.00     5  postgres
09:35:54 PM 100998    690710    1.00    1.00    0.00    0.00    2.00     4  postgres
09:35:54 PM 100998    690711    1.00    1.00    0.00    0.00    2.00     6  postgres
09:35:54 PM 100998    690717    1.00    0.00    0.00    0.00    1.00     6  postgres
09:35:54 PM 100998    690725    1.00    0.00    0.00    0.00    1.00     6  postgres
09:35:54 PM 100998    690730    1.00    0.00    0.00    0.00    1.00     4  postgres
09:35:54 PM 100998    690736    1.00    0.00    0.00    0.00    1.00     4  postgres
09:35:54 PM 100998    690737    2.00    1.00    0.00    0.00    3.00     4  postgres
09:35:54 PM 100998    690739    1.00    1.00    0.00    0.00    2.00     4  postgres
09:35:54 PM 100998    690740    1.00    0.00    0.00    0.00    1.00     4  postgres
09:35:54 PM 100998    690741    1.00    0.00    0.00    0.00    1.00     6  postgres
09:35:54 PM 100998    690742    1.00    1.00    0.00    0.00    2.00     6  postgres
09:35:54 PM 100998    690743    1.00    1.00    0.00    0.00    2.00     6  postgres
09:35:54 PM 100998    690744    0.00    0.00    0.00    0.00    0.00     4  postgres
09:35:54 PM 100998    690746    1.00    1.00    0.00    0.00    2.00     4  postgres
09:35:54 PM 100998    690747    0.00    1.00    0.00    0.00    1.00     6  postgres
09:35:54 PM 100998    690749    0.00    0.00    0.00    0.00    0.00     6  postgres

09:35:54 PM   UID       PID    %usr %system  %guest   %wait    %CPU   CPU  Command
09:35:55 PM 100998    689780    0.00    0.00    0.00    0.00    0.00     6  postgres
09:35:55 PM 100998    689781    0.00    0.00    0.00    0.00    0.00     5  postgres
09:35:55 PM 100998    689783    0.00    0.00    0.00    0.00    0.00     6  postgres
09:35:55 PM 100998    689784    0.00    0.00    0.00    0.00    0.00     5  postgres
09:35:55 PM 100998    690610    1.00    1.00    0.00    1.00    2.00     5  postgres
09:35:55 PM 100998    690696    2.00    1.00    0.00    0.00    3.00     4  postgres
09:35:55 PM 100998    690700    1.00    1.00    0.00    0.00    2.00     4  postgres
09:35:55 PM 100998    690704    2.00    0.00    0.00    0.00    2.00     5  postgres
09:35:55 PM 100998    690710    1.00    0.00    0.00    0.00    1.00     6  postgres
09:35:55 PM 100998    690711    1.00    0.00    0.00    0.00    1.00     6  postgres
09:35:55 PM 100998    690717    0.00    1.00    0.00    0.00    1.00     4  postgres
09:35:55 PM 100998    690725    0.00    1.00    0.00    0.00    1.00     4  postgres
09:35:55 PM 100998    690730    0.00    1.00    0.00    0.00    1.00     4  postgres
09:35:55 PM 100998    690736    0.00    1.00    0.00    0.00    1.00     6  postgres
09:35:55 PM 100998    690737    0.00    0.00    0.00    0.00    0.00     6  postgres
09:35:55 PM 100998    690739    1.00    0.00    0.00    0.00    1.00     4  postgres
09:35:55 PM 100998    690740    1.00    0.00    0.00    0.00    1.00     4  postgres
09:35:55 PM 100998    690741    1.00    1.00    0.00    1.00    2.00     6  postgres
09:35:55 PM 100998    690742    0.00    1.00    0.00    0.00    1.00     6  postgres
09:35:55 PM 100998    690743    1.00    1.00    0.00    0.00    2.00     6  postgres
09:35:55 PM 100998    690744    1.00    1.00    0.00    0.00    2.00     6  postgres
09:35:55 PM 100998    690746    1.00    1.00    0.00    0.00    2.00     6  postgres
09:35:55 PM 100998    690747    1.00    1.00    0.00    0.00    2.00     6  postgres
09:35:55 PM 100998    690749    1.00    1.00    0.00    0.00    2.00     6  postgres

09:35:55 PM   UID       PID    %usr %system  %guest   %wait    %CPU   CPU  Command
09:35:56 PM 100998    689780    0.00    0.00    0.00    0.00    0.00     6  postgres
09:35:56 PM 100998    689781    0.00    0.00    0.00    0.00    0.00     5  postgres
09:35:56 PM 100998    689783    0.00    0.00    0.00    0.00    0.00     6  postgres
09:35:56 PM 100998    689784    0.00    0.00    0.00    0.00    0.00     5  postgres
09:35:56 PM 100998    690610    1.00    1.00    0.00    0.00    2.00     5  postgres
09:35:56 PM 100998    690696    1.00    1.00    0.00    0.00    2.00     6  postgres
09:35:56 PM 100998    690700    1.00    0.00    0.00    0.00    1.00     4  postgres
09:35:56 PM 100998    690704    0.00    1.00    0.00    0.00    1.00     5  postgres
09:35:56 PM 100998    690710    1.00    1.00    0.00    0.00    2.00     4  postgres
09:35:56 PM 100998    690711    1.00    1.00    0.00    0.00    2.00     4  postgres
09:35:56 PM 100998    690717    1.00    1.00    0.00    0.00    2.00     4  postgres
09:35:56 PM 100998    690725    1.00    1.00    0.00    0.00    2.00     6  postgres
09:35:56 PM 100998    690730    0.00    1.00    0.00    0.00    1.00     4  postgres
09:35:56 PM 100998    690736    0.00    1.00    0.00    0.00    1.00     6  postgres
09:35:56 PM 100998    690737    1.00    1.00    0.00    0.00    2.00     4  postgres
09:35:56 PM 100998    690739    0.00    1.00    0.00    0.00    1.00     4  postgres
09:35:56 PM 100998    690740    0.00    2.00    0.00    0.00    2.00     4  postgres
09:35:56 PM 100998    690741    1.00    0.00    0.00    0.00    1.00     6  postgres
09:35:56 PM 100998    690742    1.00    1.00    0.00    0.00    2.00     4  postgres
09:35:56 PM 100998    690743    1.00    1.00    0.00    0.00    2.00     6  postgres
09:35:56 PM 100998    690744    1.00    0.00    0.00    0.00    1.00     6  postgres
09:35:56 PM 100998    690746    0.00    0.00    0.00    0.00    0.00     6  postgres
09:35:56 PM 100998    690747    1.00    0.00    0.00    0.00    1.00     6  postgres
09:35:56 PM 100998    690749    1.00    1.00    0.00    0.00    2.00     4  postgres

09:35:56 PM   UID       PID    %usr %system  %guest   %wait    %CPU   CPU  Command
09:35:57 PM 100998    689780    0.00    0.00    0.00    0.00    0.00     6  postgres
09:35:57 PM 100998    689781    0.00    0.00    0.00    0.00    0.00     5  postgres
09:35:57 PM 100998    689783    0.00    0.00    0.00    0.00    0.00     6  postgres
09:35:57 PM 100998    689784    0.00    0.00    0.00    0.00    0.00     5  postgres
09:35:57 PM 100998    690610    1.00    0.00    0.00    0.00    1.00     5  postgres
09:35:57 PM 100998    690696    1.00    0.00    0.00    0.00    1.00     6  postgres
09:35:57 PM 100998    690700    1.00    1.00    0.00    0.00    2.00     4  postgres
09:35:57 PM 100998    690704    2.00    1.00    0.00    0.00    3.00     5  postgres
09:35:57 PM 100998    690710    0.00    1.00    0.00    0.00    1.00     4  postgres
09:35:57 PM 100998    690711    0.00    1.00    0.00    0.00    1.00     4  postgres
09:35:57 PM 100998    690717    0.00    1.00    0.00    0.00    1.00     4  postgres
09:35:57 PM 100998    690725    0.00    1.00    0.00    0.00    1.00     6  postgres
09:35:57 PM 100998    690730    2.00    1.00    0.00    0.00    3.00     4  postgres
09:35:57 PM 100998    690736    1.00    1.00    0.00    0.00    2.00     6  postgres
09:35:57 PM 100998    690737    1.00    1.00    0.00    1.00    2.00     4  postgres
09:35:57 PM 100998    690739    1.00    0.00    0.00    0.00    1.00     6  postgres
09:35:57 PM 100998    690740    1.00    0.00    0.00    0.00    1.00     4  postgres
09:35:57 PM 100998    690741    1.00    1.00    0.00    0.00    2.00     4  postgres
09:35:57 PM 100998    690742    1.00    0.00    0.00    0.00    1.00     6  postgres
09:35:57 PM 100998    690743    1.00    0.00    0.00    0.00    1.00     4  postgres
09:35:57 PM 100998    690744    1.00    1.00    0.00    0.00    2.00     4  postgres
09:35:57 PM 100998    690746    1.00    1.00    0.00    0.00    2.00     6  postgres
09:35:57 PM 100998    690747    0.00    1.00    0.00    0.00    1.00     6  postgres
09:35:57 PM 100998    690749    1.00    0.00    0.00    0.00    1.00     4  postgres

09:35:57 PM   UID       PID    %usr %system  %guest   %wait    %CPU   CPU  Command
09:35:58 PM 100998    689780    0.00    0.00    0.00    0.00    0.00     6  postgres
09:35:58 PM 100998    689781    0.00    0.00    0.00    0.00    0.00     5  postgres
09:35:58 PM 100998    689783    0.00    0.00    0.00    0.00    0.00     6  postgres
09:35:58 PM 100998    689784    0.00    0.00    0.00    0.00    0.00     5  postgres
09:35:58 PM 100998    690610    1.00    1.00    0.00    0.00    2.00     4  postgres
09:35:58 PM 100998    690696    0.00    1.00    0.00    0.00    1.00     6  postgres
09:35:58 PM 100998    690700    0.00    1.00    0.00    0.00    1.00     4  postgres
09:35:58 PM 100998    690704    1.00    1.00    0.00    0.00    2.00     5  postgres
09:35:58 PM 100998    690710    1.00    0.00    0.00    0.00    1.00     6  postgres
09:35:58 PM 100998    690711    1.00    0.00    0.00    0.00    1.00     4  postgres
09:35:58 PM 100998    690717    1.00    0.00    0.00    0.00    1.00     6  postgres
09:35:58 PM 100998    690725    1.00    1.00    0.00    0.00    2.00     6  postgres
09:35:58 PM 100998    690730    1.00    0.00    0.00    0.00    1.00     6  postgres
09:35:58 PM 100998    690736    1.00    0.00    0.00    0.00    1.00     6  postgres
09:35:58 PM 100998    690737    0.00    0.00    0.00    0.00    0.00     4  postgres
09:35:58 PM 100998    690739    1.00    1.00    0.00    0.00    2.00     4  postgres
09:35:58 PM 100998    690740    1.00    1.00    0.00    0.00    2.00     4  postgres
09:35:58 PM 100998    690741    0.00    0.00    0.00    0.00    0.00     6  postgres
09:35:58 PM 100998    690742    0.00    1.00    0.00    0.00    1.00     6  postgres
09:35:58 PM 100998    690743    0.00    1.00    0.00    0.00    1.00     6  postgres
09:35:58 PM 100998    690744    0.00    1.00    0.00    0.00    1.00     6  postgres
09:35:58 PM 100998    690746    1.00    1.00    0.00    0.00    2.00     6  postgres
09:35:58 PM 100998    690747    1.00    1.00    0.00    0.00    2.00     4  postgres
09:35:58 PM 100998    690749    1.00    0.00    0.00    0.00    1.00     4  postgres

09:35:58 PM   UID       PID    %usr %system  %guest   %wait    %CPU   CPU  Command
09:35:59 PM 100998    689780    0.00    0.00    0.00    0.00    0.00     6  postgres
09:35:59 PM 100998    689781    0.00    0.00    0.00    0.00    0.00     5  postgres
09:35:59 PM 100998    689783    0.00    0.00    0.00    0.00    0.00     6  postgres
09:35:59 PM 100998    689784    0.00    0.00    0.00    0.00    0.00     5  postgres
09:35:59 PM 100998    690610    1.00    1.00    0.00    0.00    2.00     6  postgres
09:35:59 PM 100998    690696    1.00    0.00    0.00    0.00    1.00     6  postgres
09:35:59 PM 100998    690700    1.00    1.00    0.00    0.00    2.00     6  postgres
09:35:59 PM 100998    690704    1.00    1.00    0.00    0.00    2.00     5  postgres
09:35:59 PM 100998    690710    0.00    1.00    0.00    0.00    1.00     6  postgres
09:35:59 PM 100998    690711    1.00    1.00    0.00    0.00    2.00     4  postgres
09:35:59 PM 100998    690717    0.00    0.00    0.00    0.00    0.00     4  postgres
09:35:59 PM 100998    690725    0.00    0.00    0.00    0.00    0.00     6  postgres
09:35:59 PM 100998    690730    0.00    1.00    0.00    0.00    1.00     4  postgres
09:35:59 PM 100998    690736    1.00    1.00    0.00    0.00    2.00     6  postgres
09:35:59 PM 100998    690737    1.00    0.00    0.00    0.00    1.00     6  postgres
09:35:59 PM 100998    690739    0.00    1.00    0.00    0.00    1.00     6  postgres
09:35:59 PM 100998    690740    1.00    1.00    0.00    0.00    2.00     6  postgres
09:35:59 PM 100998    690741    1.00    1.00    0.00    0.00    2.00     4  postgres
09:35:59 PM 100998    690742    1.00    0.00    0.00    0.00    1.00     6  postgres
09:35:59 PM 100998    690743    1.00    1.00    0.00    0.00    2.00     4  postgres
09:35:59 PM 100998    690744    1.00    0.00    0.00    0.00    1.00     6  postgres
09:35:59 PM 100998    690746    1.00    0.00    0.00    0.00    1.00     4  postgres
09:35:59 PM 100998    690747    0.00    0.00    0.00    0.00    0.00     6  postgres
09:35:59 PM 100998    690749    0.00    1.00    0.00    0.00    1.00     6  postgres

09:35:59 PM   UID       PID    %usr %system  %guest   %wait    %CPU   CPU  Command
09:36:00 PM 100998    689780    0.00    0.00    0.00    0.00    0.00     6  postgres
09:36:00 PM 100998    689781    0.00    0.00    0.00    0.00    0.00     5  postgres
09:36:00 PM 100998    689783    0.00    0.00    0.00    0.00    0.00     6  postgres
09:36:00 PM 100998    689784    0.00    0.00    0.00    0.00    0.00     5  postgres
09:36:00 PM 100998    690610    1.00    1.00    0.00    0.00    2.00     4  postgres
09:36:00 PM 100998    690696    0.00    1.00    0.00    0.00    1.00     4  postgres
09:36:00 PM 100998    690700    1.00    1.00    0.00    0.00    2.00     6  postgres
09:36:00 PM 100998    690704    1.00    0.00    0.00    0.00    1.00     5  postgres
09:36:00 PM 100998    690710    1.00    1.00    0.00    0.00    2.00     5  postgres
09:36:00 PM 100998    690711    0.00    0.00    0.00    0.00    0.00     6  postgres
09:36:00 PM 100998    690717    1.00    2.00    0.00    0.00    3.00     4  postgres
09:36:00 PM 100998    690725    1.00    1.00    0.00    0.00    2.00     6  postgres
09:36:00 PM 100998    690730    1.00    0.00    0.00    0.00    1.00     4  postgres
09:36:00 PM 100998    690736    1.00    0.00    0.00    0.00    1.00     4  postgres
09:36:00 PM 100998    690737    1.00    1.00    0.00    0.00    2.00     4  postgres
09:36:00 PM 100998    690739    1.00    1.00    0.00    0.00    2.00     6  postgres
09:36:00 PM 100998    690740    1.00    0.00    0.00    0.00    1.00     6  postgres
09:36:00 PM 100998    690741    1.00    1.00    0.00    0.00    2.00     4  postgres
09:36:00 PM 100998    690742    0.00    1.00    0.00    0.00    1.00     4  postgres
09:36:00 PM 100998    690743    0.00    0.00    0.00    0.00    0.00     4  postgres
09:36:00 PM 100998    690744    1.00    1.00    0.00    0.00    2.00     6  postgres
09:36:00 PM 100998    690746    0.00    1.00    0.00    0.00    1.00     4  postgres
09:36:00 PM 100998    690747    1.00    1.00    0.00    0.00    2.00     4  postgres
09:36:00 PM 100998    690749    0.00    1.00    0.00    0.00    1.00     6  postgres

09:36:00 PM   UID       PID    %usr %system  %guest   %wait    %CPU   CPU  Command
09:36:01 PM 100998    689780    0.00    0.00    0.00    0.00    0.00     6  postgres
09:36:01 PM 100998    689781    0.00    0.00    0.00    0.00    0.00     5  postgres
09:36:01 PM 100998    689783    0.00    0.00    0.00    0.00    0.00     6  postgres
09:36:01 PM 100998    689784    0.00    0.00    0.00    0.00    0.00     5  postgres
09:36:01 PM 100998    690610    0.00    0.00    0.00    0.00    0.00     6  postgres
09:36:01 PM 100998    690696    1.00    1.00    0.00    0.00    2.00     6  postgres
09:36:01 PM 100998    690700    0.00    0.00    0.00    0.00    0.00     6  postgres
09:36:01 PM 100998    690704    1.00    1.00    0.00    0.00    2.00     5  postgres
09:36:01 PM 100998    690710    1.00    1.00    0.00    0.00    2.00     5  postgres
09:36:01 PM 100998    690711    1.00    1.00    0.00    0.00    2.00     4  postgres
09:36:01 PM 100998    690717    1.00    0.00    0.00    1.00    1.00     6  postgres
09:36:01 PM 100998    690725    0.00    0.00    0.00    0.00    0.00     6  postgres
09:36:01 PM 100998    690730    1.00    1.00    0.00    0.00    2.00     6  postgres
09:36:01 PM 100998    690736    0.00    1.00    0.00    0.00    1.00     4  postgres
09:36:01 PM 100998    690737    0.00    1.00    0.00    0.00    1.00     4  postgres
09:36:01 PM 100998    690739    0.00    1.00    0.00    0.00    1.00     6  postgres
09:36:01 PM 100998    690740    1.00    1.00    0.00    0.00    2.00     6  postgres
09:36:01 PM 100998    690741    1.00    0.00    0.00    0.00    1.00     4  postgres
09:36:01 PM 100998    690742    1.00    0.00    0.00    0.00    1.00     6  postgres
09:36:01 PM 100998    690743    1.00    1.00    0.00    0.00    2.00     4  postgres
09:36:01 PM 100998    690744    0.00    0.00    0.00    0.00    0.00     6  postgres
09:36:01 PM 100998    690746    1.00    0.00    0.00    0.00    1.00     4  postgres
09:36:01 PM 100998    690747    1.00    0.00    0.00    0.00    1.00     6  postgres
09:36:01 PM 100998    690749    1.00    0.00    0.00    0.00    1.00     6  postgres

09:36:01 PM   UID       PID    %usr %system  %guest   %wait    %CPU   CPU  Command
09:36:02 PM 100998    689780    0.00    0.00    0.00    0.00    0.00     6  postgres
09:36:02 PM 100998    689781    0.00    0.00    0.00    0.00    0.00     5  postgres
09:36:02 PM 100998    689783    0.00    0.00    0.00    0.00    0.00     6  postgres
09:36:02 PM 100998    689784    0.00    0.00    0.00    0.00    0.00     5  postgres
09:36:02 PM 100998    690610    1.00    2.00    0.00    0.00    3.00     4  postgres
09:36:02 PM 100998    690696    1.00    1.00    0.00    1.00    2.00     4  postgres
09:36:02 PM 100998    690700    1.00    1.00    0.00    0.00    2.00     4  postgres
09:36:02 PM 100998    690704    1.00    2.00    0.00    0.00    3.00     5  postgres
09:36:02 PM 100998    690710    2.00    0.00    0.00    0.00    2.00     5  postgres
09:36:02 PM 100998    690711    1.00    1.00    0.00    0.00    2.00     4  postgres
09:36:02 PM 100998    690717    1.00    1.00    0.00    0.00    2.00     6  postgres
09:36:02 PM 100998    690725    1.00    1.00    0.00    0.00    2.00     6  postgres
09:36:02 PM 100998    690730    1.00    0.00    0.00    0.00    1.00     4  postgres
09:36:02 PM 100998    690736    0.00    1.00    0.00    0.00    1.00     6  postgres
09:36:02 PM 100998    690737    1.00    0.00    0.00    0.00    1.00     6  postgres
09:36:02 PM 100998    690739    0.00    0.00    0.00    0.00    0.00     4  postgres
09:36:02 PM 100998    690740    0.00    0.00    0.00    0.00    0.00     4  postgres
09:36:02 PM 100998    690741    0.00    1.00    0.00    0.00    1.00     6  postgres
09:36:02 PM 100998    690742    1.00    1.00    0.00    0.00    2.00     6  postgres
09:36:02 PM 100998    690743    1.00    1.00    0.00    0.00    2.00     6  postgres
09:36:02 PM 100998    690744    1.00    0.00    0.00    0.00    1.00     4  postgres
09:36:02 PM 100998    690746    1.00    1.00    0.00    0.00    2.00     4  postgres
09:36:02 PM 100998    690747    1.00    0.00    0.00    0.00    1.00     4  postgres
09:36:02 PM 100998    690749    0.00    1.00    0.00    0.00    1.00     6  postgres

09:36:02 PM   UID       PID    %usr %system  %guest   %wait    %CPU   CPU  Command
09:36:03 PM 100998    689780    0.00    0.00    0.00    0.00    0.00     6  postgres
09:36:03 PM 100998    689781    0.00    0.00    0.00    0.00    0.00     5  postgres
09:36:03 PM 100998    689783    0.00    0.00    0.00    0.00    0.00     6  postgres
09:36:03 PM 100998    689784    0.00    0.00    0.00    0.00    0.00     5  postgres
09:36:03 PM 100998    690610    1.00    1.00    0.00    0.00    2.00     4  postgres
09:36:03 PM 100998    690696    1.00    1.00    0.00    0.00    2.00     6  postgres
09:36:03 PM 100998    690700    1.00    1.00    0.00    0.00    2.00     4  postgres
09:36:03 PM 100998    690704    1.00    0.00    0.00    0.00    1.00     5  postgres
09:36:03 PM 100998    690710    1.00    1.00    0.00    0.00    2.00     5  postgres
09:36:03 PM 100998    690711    0.00    0.00    0.00    0.00    0.00     6  postgres
09:36:03 PM 100998    690717    0.00    0.00    0.00    0.00    0.00     4  postgres
09:36:03 PM 100998    690725    0.00    1.00    0.00    0.00    1.00     6  postgres
09:36:03 PM 100998    690730    0.00    1.00    0.00    0.00    1.00     4  postgres
09:36:03 PM 100998    690736    1.00    0.00    0.00    0.00    1.00     6  postgres
09:36:03 PM 100998    690737    1.00    1.00    0.00    0.00    2.00     6  postgres
09:36:03 PM 100998    690739    2.00    1.00    0.00    0.00    3.00     4  postgres
09:36:03 PM 100998    690740    1.00    1.00    0.00    0.00    2.00     6  postgres
09:36:03 PM 100998    690741    1.00    0.00    0.00    0.00    1.00     6  postgres
09:36:03 PM 100998    690742    1.00    0.00    0.00    0.00    1.00     6  postgres
09:36:03 PM 100998    690743    0.00    0.00    0.00    0.00    0.00     6  postgres
09:36:03 PM 100998    690744    1.00    1.00    0.00    0.00    2.00     6  postgres
09:36:03 PM 100998    690746    0.00    1.00    0.00    0.00    1.00     6  postgres
09:36:03 PM 100998    690747    0.00    1.00    0.00    0.00    1.00     6  postgres
09:36:03 PM 100998    690749    1.00    1.00    0.00    0.00    2.00     6  postgres

09:36:03 PM   UID       PID    %usr %system  %guest   %wait    %CPU   CPU  Command
09:36:04 PM 100998    689780    0.00    0.00    0.00    0.00    0.00     6  postgres
09:36:04 PM 100998    689781    0.00    0.00    0.00    0.00    0.00     5  postgres
09:36:04 PM 100998    689783    0.00    0.00    0.00    0.00    0.00     6  postgres
09:36:04 PM 100998    689784    0.00    0.00    0.00    0.00    0.00     5  postgres
09:36:04 PM 100998    690610    1.00    1.00    0.00    0.00    2.00     6  postgres
09:36:04 PM 100998    690696    1.00    2.00    0.00    0.00    3.00     4  postgres
09:36:04 PM 100998    690700    0.00    1.00    0.00    0.00    1.00     6  postgres
09:36:04 PM 100998    690704    1.00    1.00    0.00    0.00    2.00     5  postgres
09:36:04 PM 100998    690710    1.00    1.00    0.00    0.00    2.00     5  postgres
09:36:04 PM 100998    690711    1.00    1.00    0.00    0.00    2.00     6  postgres
09:36:04 PM 100998    690717    1.00    1.00    0.00    0.00    2.00     5  postgres
09:36:04 PM 100998    690725    2.00    1.00    0.00    0.00    3.00     4  postgres
09:36:04 PM 100998    690730    1.00    1.00    0.00    0.00    2.00     4  postgres
09:36:04 PM 100998    690736    0.00    1.00    0.00    0.00    1.00     6  postgres
09:36:04 PM 100998    690737    0.00    1.00    0.00    0.00    1.00     6  postgres
09:36:04 PM 100998    690739    0.00    1.00    0.00    1.00    1.00     4  postgres
09:36:04 PM 100998    690740    1.00    1.00    0.00    0.00    2.00     4  postgres
09:36:04 PM 100998    690741    1.00    1.00    0.00    0.00    2.00     5  postgres
09:36:04 PM 100998    690742    0.00    1.00    0.00    0.00    1.00     6  postgres
09:36:04 PM 100998    690743    1.00    0.00    0.00    0.00    1.00     6  postgres
09:36:04 PM 100998    690744    1.00    1.00    0.00    0.00    2.00     6  postgres
09:36:04 PM 100998    690746    1.00    1.00    0.00    0.00    2.00     4  postgres
09:36:04 PM 100998    690747    1.00    1.00    0.00    0.00    2.00     4  postgres
09:36:04 PM 100998    690749    1.00    0.00    0.00    0.00    1.00     4  postgres

09:36:04 PM   UID       PID    %usr %system  %guest   %wait    %CPU   CPU  Command
09:36:05 PM 100998    689780    0.00    0.00    0.00    0.00    0.00     6  postgres
09:36:05 PM 100998    689781    0.00    0.00    0.00    0.00    0.00     5  postgres
09:36:05 PM 100998    689783    0.00    0.00    0.00    0.00    0.00     6  postgres
09:36:05 PM 100998    689784    0.00    0.00    0.00    0.00    0.00     5  postgres
09:36:05 PM 100998    690610    1.00    0.00    0.00    0.00    1.00     4  postgres
09:36:05 PM 100998    690696    1.00    0.00    0.00    0.00    1.00     6  postgres
09:36:05 PM 100998    690700    1.00    1.00    0.00    0.00    2.00     6  postgres
09:36:05 PM 100998    690704    1.00    1.00    0.00    0.00    2.00     5  postgres
09:36:05 PM 100998    690710    0.00    1.00    0.00    0.00    1.00     5  postgres
09:36:05 PM 100998    690711    1.00    0.00    0.00    0.00    1.00     4  postgres
09:36:05 PM 100998    690717    1.00    1.00    0.00    0.00    2.00     5  postgres
09:36:05 PM 100998    690725    0.00    0.00    0.00    0.00    0.00     4  postgres
09:36:05 PM 100998    690730    0.00    1.00    0.00    0.00    1.00     6  postgres
09:36:05 PM 100998    690736    1.00    1.00    0.00    0.00    2.00     6  postgres
09:36:05 PM 100998    690737    1.00    0.00    0.00    0.00    1.00     4  postgres
09:36:05 PM 100998    690739    1.00    1.00    0.00    0.00    2.00     6  postgres
09:36:05 PM 100998    690740    0.00    1.00    0.00    0.00    1.00     6  postgres
09:36:05 PM 100998    690741    1.00    0.00    0.00    0.00    1.00     5  postgres
09:36:05 PM 100998    690742    1.00    1.00    0.00    0.00    2.00     4  postgres
09:36:05 PM 100998    690743    1.00    1.00    0.00    0.00    2.00     4  postgres
09:36:05 PM 100998    690744    0.00    0.00    0.00    0.00    0.00     6  postgres
09:36:05 PM 100998    690746    0.00    1.00    0.00    0.00    1.00     6  postgres
09:36:05 PM 100998    690747    1.00    0.00    0.00    0.00    1.00     4  postgres
09:36:05 PM 100998    690749    0.00    1.00    0.00    0.00    1.00     6  postgres

09:36:05 PM   UID       PID    %usr %system  %guest   %wait    %CPU   CPU  Command
09:36:06 PM 100998    689780    0.00    0.00    0.00    0.00    0.00     6  postgres
09:36:06 PM 100998    689781    0.00    0.00    0.00    0.00    0.00     5  postgres
09:36:06 PM 100998    689783    0.00    0.00    0.00    0.00    0.00     6  postgres
09:36:06 PM 100998    689784    0.00    0.00    0.00    0.00    0.00     5  postgres
09:36:06 PM 100998    690610    1.00    1.00    0.00    0.00    2.00     4  postgres
09:36:06 PM 100998    690696    0.00    1.00    0.00    0.00    1.00     6  postgres
09:36:06 PM 100998    690700    1.00    0.00    0.00    0.00    1.00     6  postgres
09:36:06 PM 100998    690704    1.00    0.00    0.00    0.00    1.00     5  postgres
09:36:06 PM 100998    690710    1.00    1.00    0.00    0.00    2.00     5  postgres
09:36:06 PM 100998    690711    1.00    1.00    0.00    0.00    2.00     6  postgres
09:36:06 PM 100998    690717    1.00    0.00    0.00    0.00    1.00     5  postgres
09:36:06 PM 100998    690725    1.00    1.00    0.00    0.00    2.00     4  postgres
09:36:06 PM 100998    690730    1.00    0.00    0.00    0.00    1.00     6  postgres
09:36:06 PM 100998    690736    1.00    0.00    0.00    0.00    1.00     4  postgres
09:36:06 PM 100998    690737    1.00    1.00    0.00    0.00    2.00     4  postgres
09:36:06 PM 100998    690739    1.00    0.00    0.00    0.00    1.00     5  postgres
09:36:06 PM 100998    690740    1.00    0.00    0.00    0.00    1.00     6  postgres
09:36:06 PM 100998    690741    0.00    1.00    0.00    0.00    1.00     5  postgres
09:36:06 PM 100998    690742    1.00    0.00    0.00    0.00    1.00     4  postgres
09:36:06 PM 100998    690743    1.00    1.00    0.00    0.00    2.00     4  postgres
09:36:06 PM 100998    690744    1.00    1.00    0.00    0.00    2.00     4  postgres
09:36:06 PM 100998    690746    1.00    0.00    0.00    0.00    1.00     6  postgres
09:36:06 PM 100998    690747    1.00    1.00    0.00    0.00    2.00     4  postgres
09:36:06 PM 100998    690749    1.00    1.00    0.00    0.00    2.00     6  postgres

09:36:06 PM   UID       PID    %usr %system  %guest   %wait    %CPU   CPU  Command
09:36:07 PM 100998    689780    0.00    0.00    0.00    0.00    0.00     6  postgres
09:36:07 PM 100998    689781    0.00    0.00    0.00    0.00    0.00     5  postgres
09:36:07 PM 100998    689783    0.00    0.00    0.00    0.00    0.00     6  postgres
09:36:07 PM 100998    689784    0.00    0.00    0.00    0.00    0.00     5  postgres
09:36:07 PM 100998    690610    1.00    0.00    0.00    0.00    1.00     6  postgres
09:36:07 PM 100998    690696    1.00    1.00    0.00    0.00    2.00     4  postgres
09:36:07 PM 100998    690700    1.00    1.00    0.00    0.00    2.00     6  postgres
09:36:07 PM 100998    690704    1.00    1.00    0.00    0.00    2.00     5  postgres
09:36:07 PM 100998    690710    1.00    1.00    0.00    0.00    2.00     5  postgres
09:36:07 PM 100998    690711    1.00    1.00    0.00    0.00    2.00     6  postgres
09:36:07 PM 100998    690717    1.00    2.00    0.00    0.00    3.00     5  postgres
09:36:07 PM 100998    690725    1.00    0.00    0.00    0.00    1.00     4  postgres
09:36:07 PM 100998    690730    1.00    2.00    0.00    0.00    3.00     6  postgres
09:36:07 PM 100998    690736    0.00    1.00    0.00    0.00    1.00     4  postgres
09:36:07 PM 100998    690737    1.00    1.00    0.00    0.00    2.00     4  postgres
09:36:07 PM 100998    690739    1.00    1.00    0.00    0.00    2.00     6  postgres
09:36:07 PM 100998    690740    1.00    1.00    0.00    0.00    2.00     6  postgres
09:36:07 PM 100998    690741    1.00    0.00    0.00    0.00    1.00     6  postgres
09:36:07 PM 100998    690742    1.00    1.00    0.00    0.00    2.00     6  postgres
09:36:07 PM 100998    690743    1.00    0.00    0.00    0.00    1.00     6  postgres
09:36:07 PM 100998    690744    1.00    0.00    0.00    0.00    1.00     6  postgres
09:36:07 PM 100998    690746    0.00    1.00    0.00    0.00    1.00     6  postgres
09:36:07 PM 100998    690747    0.00    1.00    0.00    0.00    1.00     6  postgres
09:36:07 PM 100998    690749    1.00    0.00    0.00    0.00    1.00     6  postgres

09:36:07 PM   UID       PID    %usr %system  %guest   %wait    %CPU   CPU  Command
09:36:08 PM 100998    689780    0.00    0.00    0.00    0.00    0.00     6  postgres
09:36:08 PM 100998    689781    0.00    0.00    0.00    0.00    0.00     5  postgres
09:36:08 PM 100998    689783    0.00    0.00    0.00    0.00    0.00     6  postgres
09:36:08 PM 100998    689784    0.00    0.00    0.00    0.00    0.00     5  postgres
09:36:08 PM 100998    690610    0.00    1.00    0.00    0.00    1.00     4  postgres
09:36:08 PM 100998    690696    1.00    1.00    0.00    0.00    2.00     6  postgres
09:36:08 PM 100998    690700    1.00    0.00    0.00    0.00    1.00     4  postgres
09:36:08 PM 100998    690704    0.00    1.00    0.00    0.00    1.00     4  postgres
09:36:08 PM 100998    690710    2.00    0.00    0.00    0.00    2.00     5  postgres
09:36:08 PM 100998    690711    0.00    1.00    0.00    0.00    1.00     6  postgres
09:36:08 PM 100998    690717    1.00    0.00    0.00    0.00    1.00     4  postgres
09:36:08 PM 100998    690725    1.00    1.00    0.00    0.00    2.00     4  postgres
09:36:08 PM 100998    690730    1.00    0.00    0.00    1.00    1.00     6  postgres
09:36:08 PM 100998    690736    1.00    0.00    0.00    0.00    1.00     4  postgres
09:36:08 PM 100998    690737    0.00    1.00    0.00    0.00    1.00     5  postgres
09:36:08 PM 100998    690739    1.00    1.00    0.00    0.00    2.00     6  postgres
09:36:08 PM 100998    690740    1.00    1.00    0.00    0.00    2.00     6  postgres
09:36:08 PM 100998    690741    1.00    1.00    0.00    0.00    2.00     6  postgres
09:36:08 PM 100998    690742    0.00    1.00    0.00    0.00    1.00     4  postgres
09:36:08 PM 100998    690743    1.00    0.00    0.00    0.00    1.00     6  postgres
09:36:08 PM 100998    690744    1.00    1.00    0.00    0.00    2.00     4  postgres
09:36:08 PM 100998    690746    1.00    1.00    0.00    0.00    2.00     6  postgres
09:36:08 PM 100998    690747    1.00    0.00    0.00    0.00    1.00     4  postgres
09:36:08 PM 100998    690749    0.00    0.00    0.00    0.00    0.00     6  postgres

09:36:08 PM   UID       PID    %usr %system  %guest   %wait    %CPU   CPU  Command
09:36:09 PM 100998    689780    0.00    0.00    0.00    0.00    0.00     6  postgres
09:36:09 PM 100998    689781    0.00    0.00    0.00    0.00    0.00     5  postgres
09:36:09 PM 100998    689783    0.00    0.00    0.00    0.00    0.00     6  postgres
09:36:09 PM 100998    689784    0.00    0.00    0.00    0.00    0.00     5  postgres
09:36:09 PM 100998    690610    1.00    1.00    0.00    0.00    2.00     4  postgres
09:36:09 PM 100998    690696    0.00    0.00    0.00    0.00    0.00     6  postgres
09:36:09 PM 100998    690700    0.00    1.00    0.00    1.00    1.00     4  postgres
09:36:09 PM 100998    690704    1.00    1.00    0.00    0.00    2.00     6  postgres
09:36:09 PM 100998    690710    0.00    1.00    0.00    0.00    1.00     6  postgres
09:36:09 PM 100998    690711    1.00    0.00    0.00    0.00    1.00     6  postgres
09:36:09 PM 100998    690717    0.00    1.00    0.00    0.00    1.00     6  postgres
09:36:09 PM 100998    690725    1.00    1.00    0.00    0.00    2.00     6  postgres
09:36:09 PM 100998    690730    1.00    1.00    0.00    0.00    2.00     4  postgres
09:36:09 PM 100998    690736    1.00    1.00    0.00    0.00    2.00     6  postgres
09:36:09 PM 100998    690737    2.00    1.00    0.00    0.00    3.00     5  postgres
09:36:09 PM 100998    690739    0.00    1.00    0.00    0.00    1.00     6  postgres
09:36:09 PM 100998    690740    1.00    1.00    0.00    0.00    2.00     4  postgres
09:36:09 PM 100998    690741    1.00    0.00    0.00    0.00    1.00     4  postgres
09:36:09 PM 100998    690742    1.00    1.00    0.00    0.00    2.00     4  postgres
09:36:09 PM 100998    690743    1.00    1.00    0.00    0.00    2.00     4  postgres
09:36:09 PM 100998    690744    0.00    0.00    0.00    0.00    0.00     4  postgres
09:36:09 PM 100998    690746    1.00    0.00    0.00    0.00    1.00     4  postgres
09:36:09 PM 100998    690747    1.00    1.00    0.00    0.00    2.00     6  postgres
09:36:09 PM 100998    690749    1.00    1.00    0.00    0.00    2.00     4  postgres

09:36:09 PM   UID       PID    %usr %system  %guest   %wait    %CPU   CPU  Command
09:36:10 PM 100998    689780    0.00    0.00    0.00    0.00    0.00     6  postgres
09:36:10 PM 100998    689781    0.00    0.00    0.00    0.00    0.00     5  postgres
09:36:10 PM 100998    689783    0.00    0.00    0.00    0.00    0.00     6  postgres
09:36:10 PM 100998    689784    0.00    0.00    0.00    0.00    0.00     5  postgres
09:36:10 PM 100998    690610    1.00    1.00    0.00    0.00    2.00     4  postgres
09:36:10 PM 100998    690696    1.00    1.00    0.00    0.00    2.00     4  postgres
09:36:10 PM 100998    690700    1.00    1.00    0.00    0.00    2.00     4  postgres
09:36:10 PM 100998    690704    1.00    0.00    0.00    0.00    1.00     6  postgres
09:36:10 PM 100998    690710    1.00    1.00    0.00    0.00    2.00     6  postgres
09:36:10 PM 100998    690711    1.00    1.00    0.00    0.00    2.00     6  postgres
09:36:10 PM 100998    690717    1.00    0.00    0.00    0.00    1.00     4  postgres
09:36:10 PM 100998    690725    0.00    1.00    0.00    0.00    1.00     6  postgres
09:36:10 PM 100998    690730    1.00    0.00    0.00    0.00    1.00     6  postgres
09:36:10 PM 100998    690736    1.00    1.00    0.00    0.00    2.00     6  postgres
09:36:10 PM 100998    690737    2.00    1.00    0.00    0.00    3.00     5  postgres
09:36:10 PM 100998    690739    1.00    0.00    0.00    0.00    1.00     5  postgres
09:36:10 PM 100998    690740    1.00    0.00    0.00    0.00    1.00     6  postgres
09:36:10 PM 100998    690741    1.00    1.00    0.00    0.00    2.00     6  postgres
09:36:10 PM 100998    690742    1.00    0.00    0.00    0.00    1.00     4  postgres
09:36:10 PM 100998    690743    0.00    0.00    0.00    0.00    0.00     6  postgres
09:36:10 PM 100998    690744    1.00    1.00    0.00    0.00    2.00     4  postgres
09:36:10 PM 100998    690746    1.00    1.00    0.00    0.00    2.00     6  postgres
09:36:10 PM 100998    690747    0.00    1.00    0.00    1.00    1.00     4  postgres
09:36:10 PM 100998    690749    1.00    0.00    0.00    0.00    1.00     4  postgres

09:36:10 PM   UID       PID    %usr %system  %guest   %wait    %CPU   CPU  Command
09:36:11 PM 100998    689780    0.00    0.00    0.00    0.00    0.00     6  postgres
09:36:11 PM 100998    689781    0.00    0.00    0.00    0.00    0.00     5  postgres
09:36:11 PM 100998    689783    0.00    0.00    0.00    0.00    0.00     6  postgres
09:36:11 PM 100998    689784    0.00    0.00    0.00    0.00    0.00     5  postgres
09:36:11 PM 100998    690610    1.00    1.00    0.00    0.00    2.00     4  postgres
09:36:11 PM 100998    690696    1.00    1.00    0.00    0.00    2.00     5  postgres
09:36:11 PM 100998    690700    0.00    1.00    0.00    0.00    1.00     4  postgres
09:36:11 PM 100998    690704    1.00    1.00    0.00    0.00    2.00     6  postgres
09:36:11 PM 100998    690710    0.00    1.00    0.00    0.00    1.00     6  postgres
09:36:11 PM 100998    690711    1.00    1.00    0.00    0.00    2.00     4  postgres
09:36:11 PM 100998    690717    1.00    1.00    0.00    0.00    2.00     6  postgres
09:36:11 PM 100998    690725    1.00    0.00    0.00    0.00    1.00     6  postgres
09:36:11 PM 100998    690730    1.00    1.00    0.00    0.00    2.00     6  postgres
09:36:11 PM 100998    690736    1.00    1.00    0.00    0.00    2.00     4  postgres
09:36:11 PM 100998    690737    1.00    1.00    0.00    0.00    2.00     5  postgres
09:36:11 PM 100998    690739    1.00    2.00    0.00    0.00    3.00     5  postgres
09:36:11 PM 100998    690740    0.00    1.00    0.00    0.00    1.00     6  postgres
09:36:11 PM 100998    690741    0.00    0.00    0.00    0.00    0.00     6  postgres
09:36:11 PM 100998    690742    0.00    1.00    0.00    0.00    1.00     4  postgres
09:36:11 PM 100998    690743    1.00    1.00    0.00    0.00    2.00     4  postgres
09:36:11 PM 100998    690744    0.00    1.00    0.00    0.00    1.00     4  postgres
09:36:11 PM 100998    690746    1.00    1.00    0.00    0.00    2.00     6  postgres
09:36:11 PM 100998    690747    1.00    0.00    0.00    0.00    1.00     6  postgres
09:36:11 PM 100998    690749    0.00    1.00    0.00    0.00    1.00     6  postgres

09:36:11 PM   UID       PID    %usr %system  %guest   %wait    %CPU   CPU  Command
09:36:12 PM 100998    689780    0.00    0.00    0.00    0.00    0.00     6  postgres
09:36:12 PM 100998    689781    0.00    0.00    0.00    0.00    0.00     5  postgres
09:36:12 PM 100998    689783    0.00    0.00    0.00    0.00    0.00     6  postgres
09:36:12 PM 100998    689784    0.00    0.00    0.00    0.00    0.00     5  postgres
09:36:12 PM 100998    690610    1.00    1.00    0.00    0.00    2.00     6  postgres
09:36:12 PM 100998    690696    1.00    1.00    0.00    0.00    2.00     4  postgres
09:36:12 PM 100998    690700    2.00    1.00    0.00    0.00    3.00     4  postgres
09:36:12 PM 100998    690704    1.00    1.00    0.00    0.00    2.00     6  postgres
09:36:12 PM 100998    690710    1.00    1.00    0.00    0.00    2.00     4  postgres
09:36:12 PM 100998    690711    1.00    0.00    0.00    0.00    1.00     4  postgres
09:36:12 PM 100998    690717    0.00    1.00    0.00    0.00    1.00     4  postgres
09:36:12 PM 100998    690725    1.00    1.00    0.00    0.00    2.00     4  postgres
09:36:12 PM 100998    690730    1.00    1.00    0.00    0.00    2.00     4  postgres
09:36:12 PM 100998    690736    1.00    0.00    0.00    0.00    1.00     4  postgres
09:36:12 PM 100998    690737    1.00    0.00    0.00    0.00    1.00     5  postgres
09:36:12 PM 100998    690739    1.00    1.00    0.00    0.00    2.00     5  postgres
09:36:12 PM 100998    690740    1.00    1.00    0.00    0.00    2.00     6  postgres
09:36:12 PM 100998    690741    1.00    1.00    0.00    0.00    2.00     6  postgres
09:36:12 PM 100998    690742    1.00    0.00    0.00    0.00    1.00     4  postgres
09:36:12 PM 100998    690743    0.00    1.00    0.00    0.00    1.00     6  postgres
09:36:12 PM 100998    690744    1.00    0.00    0.00    0.00    1.00     4  postgres
09:36:12 PM 100998    690746    1.00    0.00    0.00    0.00    1.00     4  postgres
09:36:12 PM 100998    690747    1.00    1.00    0.00    0.00    2.00     6  postgres
09:36:12 PM 100998    690749    1.00    1.00    0.00    0.00    2.00     6  postgres

09:36:12 PM   UID       PID    %usr %system  %guest   %wait    %CPU   CPU  Command
09:36:13 PM 100998    689780    0.00    0.00    0.00    0.00    0.00     6  postgres
09:36:13 PM 100998    689781    0.00    0.00    0.00    0.00    0.00     5  postgres
09:36:13 PM 100998    689783    0.00    0.00    0.00    0.00    0.00     6  postgres
09:36:13 PM 100998    689784    0.00    0.00    0.00    0.00    0.00     5  postgres
09:36:13 PM 100998    690610    0.00    0.00    0.00    0.00    0.00     4  postgres
09:36:13 PM 100998    690696    0.00    1.00    0.00    0.00    1.00     6  postgres
09:36:13 PM 100998    690700    0.00    1.00    0.00    0.00    1.00     6  postgres
09:36:13 PM 100998    690704    0.00    0.00    0.00    0.00    0.00     6  postgres
09:36:13 PM 100998    690710    1.00    0.00    0.00    0.00    1.00     6  postgres
09:36:13 PM 100998    690711    1.00    1.00    0.00    0.00    2.00     4  postgres
09:36:13 PM 100998    690717    1.00    1.00    0.00    0.00    2.00     4  postgres
09:36:13 PM 100998    690725    1.00    0.00    0.00    0.00    1.00     4  postgres
09:36:13 PM 100998    690730    1.00    1.00    0.00    0.00    2.00     6  postgres
09:36:13 PM 100998    690736    0.00    1.00    0.00    0.00    1.00     4  postgres
09:36:13 PM 100998    690737    1.00    1.00    0.00    0.00    2.00     5  postgres
09:36:13 PM 100998    690739    1.00    0.00    0.00    0.00    1.00     5  postgres
09:36:13 PM 100998    690740    1.00    0.00    0.00    0.00    1.00     4  postgres
09:36:13 PM 100998    690741    1.00    0.00    0.00    0.00    1.00     4  postgres
09:36:13 PM 100998    690742    1.00    1.00    0.00    0.00    2.00     6  postgres
09:36:13 PM 100998    690743    1.00    0.00    0.00    0.00    1.00     4  postgres
09:36:13 PM 100998    690744    1.00    1.00    0.00    0.00    2.00     6  postgres
09:36:13 PM 100998    690746    1.00    1.00    0.00    0.00    2.00     5  postgres
09:36:13 PM 100998    690747    0.00    1.00    0.00    0.00    1.00     4  postgres
09:36:13 PM 100998    690749    1.00    1.00    0.00    0.00    2.00     4  postgres

09:36:13 PM   UID       PID    %usr %system  %guest   %wait    %CPU   CPU  Command
09:36:14 PM 100998    689780    0.00    0.00    0.00    0.00    0.00     6  postgres
09:36:14 PM 100998    689781    0.00    0.00    0.00    0.00    0.00     5  postgres
09:36:14 PM 100998    689783    0.00    0.00    0.00    0.00    0.00     6  postgres
09:36:14 PM 100998    689784    0.00    0.00    0.00    0.00    0.00     5  postgres
09:36:14 PM 100998    690610    1.00    1.00    0.00    0.00    2.00     4  postgres
09:36:14 PM 100998    690696    1.00    0.00    0.00    0.00    1.00     4  postgres
09:36:14 PM 100998    690700    1.00    1.00    0.00    0.00    2.00     6  postgres
09:36:14 PM 100998    690704    1.00    1.00    0.00    0.00    2.00     6  postgres
09:36:14 PM 100998    690710    1.00    1.00    0.00    0.00    2.00     4  postgres
09:36:14 PM 100998    690711    0.00    1.00    0.00    0.00    1.00     4  postgres
09:36:14 PM 100998    690717    1.00    0.00    0.00    0.00    1.00     4  postgres
09:36:14 PM 100998    690725    1.00    1.00    0.00    0.00    2.00     6  postgres
09:36:14 PM 100998    690730    1.00    0.00    0.00    0.00    1.00     6  postgres
09:36:14 PM 100998    690736    1.00    1.00    0.00    0.00    2.00     4  postgres
09:36:14 PM 100998    690737    0.00    1.00    0.00    0.00    1.00     5  postgres
09:36:14 PM 100998    690739    2.00    1.00    0.00    0.00    3.00     6  postgres
09:36:14 PM 100998    690740    0.00    1.00    0.00    0.00    1.00     6  postgres
09:36:14 PM 100998    690741    1.00    1.00    0.00    0.00    2.00     6  postgres
09:36:14 PM 100998    690742    1.00    0.00    0.00    0.00    1.00     6  postgres
09:36:14 PM 100998    690743    0.00    1.00    0.00    0.00    1.00     4  postgres
09:36:14 PM 100998    690744    0.00    0.00    0.00    0.00    0.00     4  postgres
09:36:14 PM 100998    690746    1.00    1.00    0.00    0.00    2.00     5  postgres
09:36:14 PM 100998    690747    1.00    0.00    0.00    0.00    1.00     6  postgres
09:36:14 PM 100998    690749    0.00    0.00    0.00    0.00    0.00     6  postgres

09:36:14 PM   UID       PID    %usr %system  %guest   %wait    %CPU   CPU  Command
09:36:15 PM 100998    689780    0.00    0.00    0.00    0.00    0.00     6  postgres
09:36:15 PM 100998    689781    0.00    0.00    0.00    0.00    0.00     5  postgres
09:36:15 PM 100998    689783    0.00    0.00    0.00    0.00    0.00     6  postgres
09:36:15 PM 100998    689784    0.00    0.00    0.00    0.00    0.00     5  postgres
09:36:15 PM 100998    690610    1.00    1.00    0.00    0.00    2.00     4  postgres
09:36:15 PM 100998    690696    1.00    1.00    0.00    0.00    2.00     4  postgres
09:36:15 PM 100998    690700    1.00    0.00    0.00    0.00    1.00     6  postgres
09:36:15 PM 100998    690704    1.00    0.00    0.00    0.00    1.00     6  postgres
09:36:15 PM 100998    690710    0.00    0.00    0.00    0.00    0.00     4  postgres
09:36:15 PM 100998    690711    1.00    1.00    0.00    0.00    2.00     6  postgres
09:36:15 PM 100998    690717    1.00    1.00    0.00    0.00    2.00     6  postgres
09:36:15 PM 100998    690725    1.00    1.00    0.00    0.00    2.00     6  postgres
09:36:15 PM 100998    690730    0.00    1.00    0.00    0.00    1.00     4  postgres
09:36:15 PM 100998    690736    1.00    1.00    0.00    0.00    2.00     4  postgres
09:36:15 PM 100998    690737    1.00    1.00    0.00    0.00    2.00     5  postgres
09:36:15 PM 100998    690739    0.00    1.00    0.00    0.00    1.00     4  postgres
09:36:15 PM 100998    690740    1.00    1.00    0.00    1.00    2.00     6  postgres
09:36:15 PM 100998    690741    0.00    1.00    0.00    0.00    1.00     6  postgres
09:36:15 PM 100998    690742    0.00    1.00    0.00    0.00    1.00     4  postgres
09:36:15 PM 100998    690743    1.00    1.00    0.00    0.00    2.00     6  postgres
09:36:15 PM 100998    690744    1.00    1.00    0.00    0.00    2.00     6  postgres
09:36:15 PM 100998    690746    1.00    0.00    0.00    0.00    1.00     5  postgres
09:36:15 PM 100998    690747    1.00    1.00    0.00    0.00    2.00     5  postgres
09:36:15 PM 100998    690749    0.00    2.00    0.00    0.00    2.00     4  postgres

09:36:15 PM   UID       PID    %usr %system  %guest   %wait    %CPU   CPU  Command
09:36:16 PM 100998    689780    0.00    0.00    0.00    0.00    0.00     6  postgres
09:36:16 PM 100998    689781    0.00    0.00    0.00    0.00    0.00     5  postgres
09:36:16 PM 100998    689783    0.00    0.00    0.00    0.00    0.00     4  postgres
09:36:16 PM 100998    689784    0.00    0.00    0.00    0.00    0.00     5  postgres
09:36:16 PM 100998    690610    1.00    0.00    0.00    0.00    1.00     4  postgres
09:36:16 PM 100998    690696    1.00    1.00    0.00    0.00    2.00     6  postgres
09:36:16 PM 100998    690700    1.00    1.00    0.00    0.00    2.00     4  postgres
09:36:16 PM 100998    690704    1.00    1.00    0.00    0.00    2.00     4  postgres
09:36:16 PM 100998    690710    1.00    1.00    0.00    0.00    2.00     4  postgres
09:36:16 PM 100998    690711    0.00    1.00    0.00    0.00    1.00     6  postgres
09:36:16 PM 100998    690717    1.00    2.00    0.00    0.00    3.00     6  postgres
09:36:16 PM 100998    690725    1.00    1.00    0.00    1.00    2.00     4  postgres
09:36:16 PM 100998    690730    1.00    1.00    0.00    0.00    2.00     4  postgres
09:36:16 PM 100998    690736    0.00    1.00    0.00    0.00    1.00     6  postgres
09:36:16 PM 100998    690737    1.00    0.00    0.00    0.00    1.00     5  postgres
09:36:16 PM 100998    690739    1.00    1.00    0.00    0.00    2.00     6  postgres
09:36:16 PM 100998    690740    1.00    1.00    0.00    0.00    2.00     6  postgres
09:36:16 PM 100998    690741    1.00    1.00    0.00    0.00    2.00     4  postgres
09:36:16 PM 100998    690742    1.00    0.00    0.00    0.00    1.00     6  postgres
09:36:16 PM 100998    690743    1.00    0.00    0.00    0.00    1.00     6  postgres
09:36:16 PM 100998    690744    0.00    1.00    0.00    0.00    1.00     6  postgres
09:36:16 PM 100998    690746    1.00    1.00    0.00    0.00    2.00     5  postgres
09:36:16 PM 100998    690747    1.00    2.00    0.00    0.00    3.00     5  postgres
09:36:16 PM 100998    690749    1.00    0.00    0.00    0.00    1.00     4  postgres

09:36:16 PM   UID       PID    %usr %system  %guest   %wait    %CPU   CPU  Command
09:36:17 PM 100998    689780    0.00    0.00    0.00    0.00    0.00     6  postgres
09:36:17 PM 100998    689781    0.00    0.00    0.00    0.00    0.00     5  postgres
09:36:17 PM 100998    689783    0.00    0.00    0.00    0.00    0.00     4  postgres
09:36:17 PM 100998    689784    0.00    0.00    0.00    0.00    0.00     5  postgres
09:36:17 PM 100998    690610    0.00    2.00    0.00    0.00    2.00     6  postgres
09:36:17 PM 100998    690696    1.00    1.00    0.00    0.00    2.00     6  postgres
09:36:17 PM 100998    690700    1.00    1.00    0.00    0.00    2.00     6  postgres
09:36:17 PM 100998    690704    1.00    0.00    0.00    0.00    1.00     6  postgres
09:36:17 PM 100998    690710    2.00    1.00    0.00    0.00    3.00     4  postgres
09:36:17 PM 100998    690711    1.00    0.00    0.00    0.00    1.00     4  postgres
09:36:17 PM 100998    690717    0.00    0.00    0.00    0.00    0.00     4  postgres
09:36:17 PM 100998    690725    1.00    1.00    0.00    0.00    2.00     4  postgres
09:36:17 PM 100998    690730    1.00    1.00    0.00    0.00    2.00     6  postgres
09:36:17 PM 100998    690736    1.00    1.00    0.00    0.00    2.00     6  postgres
09:36:17 PM 100998    690737    1.00    1.00    0.00    0.00    2.00     5  postgres
09:36:17 PM 100998    690739    1.00    1.00    0.00    0.00    2.00     6  postgres
09:36:17 PM 100998    690740    1.00    1.00    0.00    0.00    2.00     5  postgres
09:36:17 PM 100998    690741    1.00    1.00    0.00    0.00    2.00     5  postgres
09:36:17 PM 100998    690742    1.00    1.00    0.00    0.00    2.00     6  postgres
09:36:17 PM 100998    690743    0.00    1.00    0.00    0.00    1.00     6  postgres
09:36:17 PM 100998    690744    1.00    1.00    0.00    0.00    2.00     6  postgres
09:36:17 PM 100998    690746    1.00    1.00    0.00    0.00    2.00     5  postgres
09:36:17 PM 100998    690747    0.00    0.00    0.00    0.00    0.00     4  postgres
09:36:17 PM 100998    690749    1.00    1.00    0.00    0.00    2.00     4  postgres

09:36:17 PM   UID       PID    %usr %system  %guest   %wait    %CPU   CPU  Command
09:36:18 PM 100998    689780    0.00    0.00    0.00    0.00    0.00     6  postgres
09:36:18 PM 100998    689781    0.00    0.00    0.00    0.00    0.00     5  postgres
09:36:18 PM 100998    689783    0.00    0.00    0.00    0.00    0.00     4  postgres
09:36:18 PM 100998    689784    0.00    0.00    0.00    0.00    0.00     5  postgres
09:36:18 PM 100998    690610    1.00    1.00    0.00    0.00    2.00     4  postgres
09:36:18 PM 100998    690696    1.00    1.00    0.00    0.00    2.00     4  postgres
09:36:18 PM 100998    690700    1.00    1.00    0.00    0.00    2.00     4  postgres
09:36:18 PM 100998    690704    0.00    2.00    0.00    1.00    2.00     6  postgres
09:36:18 PM 100998    690710    0.00    1.00    0.00    0.00    1.00     4  postgres
09:36:18 PM 100998    690711    1.00    1.00    0.00    0.00    2.00     6  postgres
09:36:18 PM 100998    690717    1.00    1.00    0.00    0.00    2.00     6  postgres
09:36:18 PM 100998    690725    0.00    1.00    0.00    0.00    1.00     6  postgres
09:36:18 PM 100998    690730    1.00    0.00    0.00    0.00    1.00     4  postgres
09:36:18 PM 100998    690736    1.00    1.00    0.00    0.00    2.00     6  postgres
09:36:18 PM 100998    690737    1.00    1.00    0.00    0.00    2.00     5  postgres
09:36:18 PM 100998    690739    1.00    0.00    0.00    0.00    1.00     6  postgres
09:36:18 PM 100998    690740    1.00    0.00    0.00    0.00    1.00     5  postgres
09:36:18 PM 100998    690741    1.00    1.00    0.00    0.00    2.00     4  postgres
09:36:18 PM 100998    690742    1.00    1.00    0.00    0.00    2.00     6  postgres
09:36:18 PM 100998    690743    1.00    0.00    0.00    0.00    1.00     6  postgres
09:36:18 PM 100998    690744    1.00    1.00    0.00    0.00    2.00     6  postgres
09:36:18 PM 100998    690746    1.00    0.00    0.00    0.00    1.00     4  postgres
09:36:18 PM 100998    690747    0.00    1.00    0.00    0.00    1.00     4  postgres
09:36:18 PM 100998    690749    0.00    1.00    0.00    0.00    1.00     6  postgres

09:36:18 PM   UID       PID    %usr %system  %guest   %wait    %CPU   CPU  Command
09:36:19 PM 100998    689780    0.00    0.00    0.00    0.00    0.00     6  postgres
09:36:19 PM 100998    689781    0.00    0.00    0.00    0.00    0.00     5  postgres
09:36:19 PM 100998    689783    0.00    0.00    0.00    0.00    0.00     4  postgres
09:36:19 PM 100998    689784    0.00    0.00    0.00    0.00    0.00     5  postgres
09:36:19 PM 100998    690610    1.00    1.00    0.00    0.00    2.00     4  postgres
09:36:19 PM 100998    690696    1.00    1.00    0.00    0.00    2.00     6  postgres
09:36:19 PM 100998    690700    0.00    0.00    0.00    0.00    0.00     4  postgres
09:36:19 PM 100998    690704    1.00    1.00    0.00    0.00    2.00     6  postgres
09:36:19 PM 100998    690710    1.00    1.00    0.00    1.00    2.00     4  postgres
09:36:19 PM 100998    690711    0.00    1.00    0.00    0.00    1.00     6  postgres
09:36:19 PM 100998    690717    1.00    1.00    0.00    0.00    2.00     6  postgres
09:36:19 PM 100998    690725    1.00    1.00    0.00    0.00    2.00     6  postgres
09:36:19 PM 100998    690730    1.00    1.00    0.00    0.00    2.00     4  postgres
09:36:19 PM 100998    690736    1.00    1.00    0.00    0.00    2.00     4  postgres
09:36:19 PM 100998    690737    1.00    0.00    0.00    0.00    1.00     5  postgres
09:36:19 PM 100998    690739    1.00    1.00    0.00    0.00    2.00     6  postgres
09:36:19 PM 100998    690740    1.00    1.00    0.00    0.00    2.00     4  postgres
09:36:19 PM 100998    690741    0.00    1.00    0.00    0.00    1.00     4  postgres
09:36:19 PM 100998    690742    0.00    1.00    0.00    0.00    1.00     5  postgres
09:36:19 PM 100998    690743    1.00    1.00    0.00    0.00    2.00     6  postgres
09:36:19 PM 100998    690744    0.00    1.00    0.00    0.00    1.00     6  postgres
09:36:19 PM 100998    690746    1.00    1.00    0.00    0.00    2.00     4  postgres
09:36:19 PM 100998    690747    2.00    1.00    0.00    0.00    3.00     6  postgres
09:36:19 PM 100998    690749    2.00    1.00    0.00    0.00    3.00     5  postgres

09:36:19 PM   UID       PID    %usr %system  %guest   %wait    %CPU   CPU  Command
09:36:20 PM 100998    689780    0.00    0.00    0.00    0.00    0.00     6  postgres
09:36:20 PM 100998    689781    0.00    0.00    0.00    0.00    0.00     5  postgres
09:36:20 PM 100998    689783    0.00    0.00    0.00    0.00    0.00     4  postgres
09:36:20 PM 100998    689784    0.00    0.00    0.00    0.00    0.00     5  postgres
09:36:20 PM 100998    690610    0.00    1.00    0.00    0.00    1.00     4  postgres
09:36:20 PM 100998    690696    1.00    0.00    0.00    0.00    1.00     6  postgres
09:36:20 PM 100998    690700    1.00    2.00    0.00    0.00    3.00     5  postgres
09:36:20 PM 100998    690704    1.00    0.00    0.00    0.00    1.00     6  postgres
09:36:20 PM 100998    690710    1.00    1.00    0.00    0.00    2.00     4  postgres
09:36:20 PM 100998    690711    1.00    1.00    0.00    0.00    2.00     4  postgres
09:36:20 PM 100998    690717    1.00    0.00    0.00    0.00    1.00     4  postgres
09:36:20 PM 100998    690725    1.00    0.00    0.00    0.00    1.00     6  postgres
09:36:20 PM 100998    690730    1.00    1.00    0.00    0.00    2.00     4  postgres
09:36:20 PM 100998    690736    0.00    1.00    0.00    0.00    1.00     4  postgres
09:36:20 PM 100998    690737    1.00    2.00    0.00    0.00    3.00     5  postgres
09:36:20 PM 100998    690739    0.00    1.00    0.00    0.00    1.00     4  postgres
09:36:20 PM 100998    690740    1.00    1.00    0.00    0.00    2.00     4  postgres
09:36:20 PM 100998    690741    1.00    1.00    0.00    0.00    2.00     6  postgres
09:36:20 PM 100998    690742    2.00    1.00    0.00    0.00    3.00     4  postgres
09:36:20 PM 100998    690743    1.00    1.00    0.00    0.00    2.00     6  postgres
09:36:20 PM 100998    690744    1.00    1.00    0.00    0.00    2.00     4  postgres
09:36:20 PM 100998    690746    1.00    1.00    0.00    0.00    2.00     6  postgres
09:36:20 PM 100998    690747    0.00    0.00    0.00    0.00    0.00     4  postgres
09:36:20 PM 100998    690749    1.00    1.00    0.00    0.00    2.00     5  postgres

09:36:20 PM   UID       PID    %usr %system  %guest   %wait    %CPU   CPU  Command
09:36:21 PM 100998    689780    0.00    0.00    0.00    0.00    0.00     6  postgres
09:36:21 PM 100998    689781    0.00    0.00    0.00    0.00    0.00     6  postgres
09:36:21 PM 100998    689783    0.00    0.00    0.00    0.00    0.00     4  postgres
09:36:21 PM 100998    689784    0.00    0.00    0.00    0.00    0.00     5  postgres
09:36:21 PM 100998    690610    1.00    1.00    0.00    0.00    2.00     6  postgres
09:36:21 PM 100998    690696    1.00    1.00    0.00    0.00    2.00     6  postgres
09:36:21 PM 100998    690700    1.00    1.00    0.00    0.00    2.00     5  postgres
09:36:21 PM 100998    690704    1.00    1.00    0.00    0.00    2.00     6  postgres
09:36:21 PM 100998    690710    0.00    1.00    0.00    0.00    1.00     6  postgres
09:36:21 PM 100998    690711    0.00    1.00    0.00    0.00    1.00     6  postgres
09:36:21 PM 100998    690717    1.00    1.00    0.00    0.00    2.00     4  postgres
09:36:21 PM 100998    690725    1.00    1.00    0.00    0.00    2.00     6  postgres
09:36:21 PM 100998    690730    0.00    1.00    0.00    0.00    1.00     6  postgres
09:36:21 PM 100998    690736    2.00    1.00    0.00    0.00    3.00     6  postgres
09:36:21 PM 100998    690737    1.00    1.00    0.00    0.00    2.00     5  postgres
09:36:21 PM 100998    690739    1.00    0.00    0.00    0.00    1.00     4  postgres
09:36:21 PM 100998    690740    1.00    1.00    0.00    0.00    2.00     4  postgres
09:36:21 PM 100998    690741    1.00    1.00    0.00    0.00    2.00     4  postgres
09:36:21 PM 100998    690742    1.00    1.00    0.00    0.00    2.00     6  postgres
09:36:21 PM 100998    690743    0.00    1.00    0.00    0.00    1.00     6  postgres
09:36:21 PM 100998    690744    0.00    1.00    0.00    0.00    1.00     4  postgres
09:36:21 PM 100998    690746    1.00    1.00    0.00    0.00    2.00     6  postgres
09:36:21 PM 100998    690747    1.00    1.00    0.00    0.00    2.00     4  postgres
09:36:21 PM 100998    690749    1.00    1.00    0.00    0.00    2.00     5  postgres

09:36:21 PM   UID       PID    %usr %system  %guest   %wait    %CPU   CPU  Command
09:36:22 PM 100998    689780    0.00    0.00    0.00    0.00    0.00     6  postgres
09:36:22 PM 100998    689781    0.00    0.00    0.00    0.00    0.00     4  postgres
09:36:22 PM 100998    689783    0.00    0.00    0.00    0.00    0.00     4  postgres
09:36:22 PM 100998    689784    0.00    0.00    0.00    0.00    0.00     5  postgres
09:36:22 PM 100998    690610    1.00    0.00    0.00    0.00    1.00     6  postgres
09:36:22 PM 100998    690696    1.00    1.00    0.00    0.00    2.00     4  postgres
09:36:22 PM 100998    690700    1.00    0.00    0.00    0.00    1.00     5  postgres
09:36:22 PM 100998    690704    1.00    1.00    0.00    0.00    2.00     6  postgres
09:36:22 PM 100998    690710    1.00    1.00    0.00    0.00    2.00     4  postgres
09:36:22 PM 100998    690711    1.00    1.00    0.00    0.00    2.00     4  postgres
09:36:22 PM 100998    690717    0.00    0.00    0.00    0.00    0.00     4  postgres
09:36:22 PM 100998    690725    1.00    2.00    0.00    0.00    3.00     4  postgres
09:36:22 PM 100998    690730    1.00    0.00    0.00    0.00    1.00     6  postgres
09:36:22 PM 100998    690736    0.00    1.00    0.00    1.00    1.00     6  postgres
09:36:22 PM 100998    690737    1.00    1.00    0.00    0.00    2.00     5  postgres
09:36:22 PM 100998    690739    1.00    2.00    0.00    0.00    3.00     6  postgres
09:36:22 PM 100998    690740    0.00    0.00    0.00    0.00    0.00     6  postgres
09:36:22 PM 100998    690741    0.00    1.00    0.00    0.00    1.00     4  postgres
09:36:22 PM 100998    690742    1.00    0.00    0.00    0.00    1.00     6  postgres
09:36:22 PM 100998    690743    1.00    0.00    0.00    0.00    1.00     6  postgres
09:36:22 PM 100998    690744    1.00    0.00    0.00    0.00    1.00     6  postgres
09:36:22 PM 100998    690746    1.00    1.00    0.00    0.00    2.00     6  postgres
09:36:22 PM 100998    690747    0.00    1.00    0.00    0.00    1.00     6  postgres
09:36:22 PM 100998    690749    1.00    1.00    0.00    0.00    2.00     5  postgres

09:36:22 PM   UID       PID    %usr %system  %guest   %wait    %CPU   CPU  Command
09:36:23 PM 100998    689780    0.00    0.00    0.00    0.00    0.00     6  postgres
09:36:23 PM 100998    689781    0.00    0.00    0.00    0.00    0.00     4  postgres
09:36:23 PM 100998    689783    0.00    0.00    0.00    0.00    0.00     4  postgres
09:36:23 PM 100998    689784    0.00    0.00    0.00    0.00    0.00     5  postgres
09:36:23 PM 100998    690610    0.00    1.00    0.00    0.00    1.00     6  postgres
09:36:23 PM 100998    690696    0.00    1.00    0.00    0.00    1.00     4  postgres
09:36:23 PM 100998    690700    1.00    1.00    0.00    0.00    2.00     5  postgres
09:36:23 PM 100998    690704    0.00    1.00    0.00    0.00    1.00     4  postgres
09:36:23 PM 100998    690710    1.00    0.00    0.00    0.00    1.00     6  postgres
09:36:23 PM 100998    690711    1.00    1.00    0.00    0.00    2.00     6  postgres
09:36:23 PM 100998    690717    1.00    1.00    0.00    0.00    2.00     6  postgres
09:36:23 PM 100998    690725    1.00    0.00    0.00    0.00    1.00     4  postgres
09:36:23 PM 100998    690730    1.00    1.00    0.00    0.00    2.00     6  postgres
09:36:23 PM 100998    690736    1.00    1.00    0.00    0.00    2.00     4  postgres
09:36:23 PM 100998    690737    1.00    1.00    0.00    0.00    2.00     5  postgres
09:36:23 PM 100998    690739    0.00    1.00    0.00    0.00    1.00     4  postgres
09:36:23 PM 100998    690740    1.00    1.00    0.00    0.00    2.00     4  postgres
09:36:23 PM 100998    690741    1.00    1.00    0.00    0.00    2.00     4  postgres
09:36:23 PM 100998    690742    1.00    1.00    0.00    0.00    2.00     6  postgres
09:36:23 PM 100998    690743    1.00    1.00    0.00    0.00    2.00     6  postgres
09:36:23 PM 100998    690744    1.00    1.00    0.00    0.00    2.00     4  postgres
09:36:23 PM 100998    690746    0.00    1.00    0.00    0.00    1.00     4  postgres
09:36:23 PM 100998    690747    1.00    0.00    0.00    0.00    1.00     6  postgres
09:36:23 PM 100998    690749    1.00    1.00    0.00    0.00    2.00     5  postgres

09:36:23 PM   UID       PID    %usr %system  %guest   %wait    %CPU   CPU  Command
09:36:24 PM 100998    689780    0.00    0.00    0.00    0.00    0.00     6  postgres
09:36:24 PM 100998    689781    0.00    0.00    0.00    0.00    0.00     4  postgres
09:36:24 PM 100998    689783    0.00    0.00    0.00    0.00    0.00     4  postgres
09:36:24 PM 100998    689784    0.00    0.00    0.00    0.00    0.00     5  postgres
09:36:24 PM 100998    690610    1.00    1.00    0.00    0.00    2.00     6  postgres
09:36:24 PM 100998    690696    1.00    1.00    0.00    0.00    2.00     6  postgres
09:36:24 PM 100998    690700    1.00    1.00    0.00    0.00    2.00     5  postgres
09:36:24 PM 100998    690704    1.00    1.00    0.00    0.00    2.00     6  postgres
09:36:24 PM 100998    690710    0.00    1.00    0.00    0.00    1.00     4  postgres
09:36:24 PM 100998    690711    1.00    0.00    0.00    0.00    1.00     6  postgres
09:36:24 PM 100998    690717    1.00    1.00    0.00    0.00    2.00     6  postgres
09:36:24 PM 100998    690725    1.00    1.00    0.00    0.00    2.00     6  postgres
09:36:24 PM 100998    690730    1.00    1.00    0.00    0.00    2.00     4  postgres
09:36:24 PM 100998    690736    1.00    1.00    0.00    0.00    2.00     4  postgres
09:36:24 PM 100998    690737    1.00    0.00    0.00    0.00    1.00     6  postgres
09:36:24 PM 100998    690739    1.00    0.00    0.00    0.00    1.00     4  postgres
09:36:24 PM 100998    690740    1.00    1.00    0.00    0.00    2.00     6  postgres
09:36:24 PM 100998    690741    1.00    1.00    0.00    0.00    2.00     6  postgres
09:36:24 PM 100998    690742    1.00    0.00    0.00    0.00    1.00     6  postgres
09:36:24 PM 100998    690743    1.00    0.00    0.00    0.00    1.00     6  postgres
09:36:24 PM 100998    690744    1.00    1.00    0.00    0.00    2.00     4  postgres
09:36:24 PM 100998    690746    1.00    1.00    0.00    1.00    2.00     4  postgres
09:36:24 PM 100998    690747    0.00    1.00    0.00    0.00    1.00     4  postgres
09:36:24 PM 100998    690749    1.00    1.00    0.00    0.00    2.00     4  postgres

09:36:24 PM   UID       PID    %usr %system  %guest   %wait    %CPU   CPU  Command
09:36:25 PM 100998    689780    0.00    0.00    0.00    0.00    0.00     6  postgres
09:36:25 PM 100998    689781    0.00    0.00    0.00    0.00    0.00     4  postgres
09:36:25 PM 100998    689783    0.00    0.00    0.00    0.00    0.00     4  postgres
09:36:25 PM 100998    689784    0.00    0.00    0.00    0.00    0.00     5  postgres
09:36:25 PM 100998    690610    1.00    1.00    0.00    0.00    2.00     6  postgres
09:36:25 PM 100998    690696    1.00    1.00    0.00    0.00    2.00     6  postgres
09:36:25 PM 100998    690700    1.00    1.00    0.00    0.00    2.00     5  postgres
09:36:25 PM 100998    690704    1.00    0.00    0.00    0.00    1.00     5  postgres
09:36:25 PM 100998    690710    2.00    1.00    0.00    0.00    3.00     4  postgres
09:36:25 PM 100998    690711    1.00    1.00    0.00    1.00    2.00     6  postgres
09:36:25 PM 100998    690717    1.00    1.00    0.00    0.00    2.00     4  postgres
09:36:25 PM 100998    690725    1.00    1.00    0.00    0.00    2.00     6  postgres
09:36:25 PM 100998    690730    1.00    1.00    0.00    0.00    2.00     6  postgres
09:36:25 PM 100998    690736    1.00    0.00    0.00    0.00    1.00     4  postgres
09:36:25 PM 100998    690737    1.00    2.00    0.00    0.00    3.00     4  postgres
09:36:25 PM 100998    690739    1.00    1.00    0.00    0.00    2.00     6  postgres
09:36:25 PM 100998    690740    0.00    2.00    0.00    0.00    2.00     6  postgres
09:36:25 PM 100998    690741    0.00    0.00    0.00    0.00    0.00     4  postgres
09:36:25 PM 100998    690742    0.00    1.00    0.00    0.00    1.00     6  postgres
09:36:25 PM 100998    690743    0.00    1.00    0.00    0.00    1.00     6  postgres
09:36:25 PM 100998    690744    0.00    0.00    0.00    0.00    0.00     4  postgres
09:36:25 PM 100998    690746    1.00    0.00    0.00    0.00    1.00     6  postgres
09:36:25 PM 100998    690747    1.00    1.00    0.00    0.00    2.00     4  postgres
09:36:25 PM 100998    690749    0.00    0.00    0.00    0.00    0.00     6  postgres

09:36:25 PM   UID       PID    %usr %system  %guest   %wait    %CPU   CPU  Command
09:36:26 PM 100998    689780    0.00    0.00    0.00    0.00    0.00     6  postgres
09:36:26 PM 100998    689781    0.00    0.00    0.00    0.00    0.00     4  postgres
09:36:26 PM 100998    689783    0.00    0.00    0.00    0.00    0.00     4  postgres
09:36:26 PM 100998    689784    0.00    0.00    0.00    0.00    0.00     5  postgres
09:36:26 PM 100998    690610    1.00    0.00    0.00    0.00    1.00     4  postgres
09:36:26 PM 100998    690696    1.00    1.00    0.00    0.00    2.00     4  postgres
09:36:26 PM 100998    690700    1.00    1.00    0.00    0.00    2.00     5  postgres
09:36:26 PM 100998    690704    1.00    1.00    0.00    0.00    2.00     6  postgres
09:36:26 PM 100998    690710    1.00    1.00    0.00    0.00    2.00     4  postgres
09:36:26 PM 100998    690711    1.00    1.00    0.00    0.00    2.00     4  postgres
09:36:26 PM 100998    690717    1.00    0.00    0.00    0.00    1.00     6  postgres
09:36:26 PM 100998    690725    1.00    1.00    0.00    0.00    2.00     5  postgres
09:36:26 PM 100998    690730    0.00    0.00    0.00    0.00    0.00     5  postgres
09:36:26 PM 100998    690736    1.00    1.00    0.00    0.00    2.00     4  postgres
09:36:26 PM 100998    690737    0.00    0.00    0.00    0.00    0.00     6  postgres
09:36:26 PM 100998    690739    1.00    1.00    0.00    0.00    2.00     6  postgres
09:36:26 PM 100998    690740    1.00    0.00    0.00    0.00    1.00     4  postgres
09:36:26 PM 100998    690741    1.00    1.00    0.00    0.00    2.00     6  postgres
09:36:26 PM 100998    690742    1.00    1.00    0.00    0.00    2.00     4  postgres
09:36:26 PM 100998    690743    1.00    1.00    0.00    0.00    2.00     4  postgres
09:36:26 PM 100998    690744    1.00    2.00    0.00    0.00    3.00     5  postgres
09:36:26 PM 100998    690746    1.00    1.00    0.00    0.00    2.00     6  postgres
09:36:26 PM 100998    690747    1.00    1.00    0.00    0.00    2.00     6  postgres
09:36:26 PM 100998    690749    1.00    1.00    0.00    0.00    2.00     6  postgres

09:36:26 PM   UID       PID    %usr %system  %guest   %wait    %CPU   CPU  Command
09:36:27 PM 100998    689780    0.00    0.00    0.00    0.00    0.00     6  postgres
09:36:27 PM 100998    689781    0.00    0.00    0.00    0.00    0.00     4  postgres
09:36:27 PM 100998    689783    0.00    0.00    0.00    0.00    0.00     4  postgres
09:36:27 PM 100998    689784    0.00    0.00    0.00    0.00    0.00     5  postgres
09:36:27 PM 100998    690610    1.00    1.00    0.00    0.00    2.00     6  postgres
09:36:27 PM 100998    690696    1.00    1.00    0.00    0.00    2.00     6  postgres
09:36:27 PM 100998    690700    1.00    0.00    0.00    0.00    1.00     4  postgres
09:36:27 PM 100998    690704    1.00    0.00    0.00    0.00    1.00     6  postgres
09:36:27 PM 100998    690710    0.00    1.00    0.00    0.00    1.00     6  postgres
09:36:27 PM 100998    690711    1.00    1.00    0.00    0.00    2.00     6  postgres
09:36:27 PM 100998    690717    0.00    1.00    0.00    0.00    1.00     6  postgres
09:36:27 PM 100998    690725    1.00    1.00    0.00    0.00    2.00     5  postgres
09:36:27 PM 100998    690730    1.00    1.00    0.00    0.00    2.00     5  postgres
09:36:27 PM 100998    690736    0.00    0.00    0.00    0.00    0.00     6  postgres
09:36:27 PM 100998    690737    1.00    1.00    0.00    0.00    2.00     4  postgres
09:36:27 PM 100998    690739    0.00    0.00    0.00    0.00    0.00     4  postgres
09:36:27 PM 100998    690740    0.00    1.00    0.00    0.00    1.00     4  postgres
09:36:27 PM 100998    690741    1.00    1.00    0.00    0.00    2.00     4  postgres
09:36:27 PM 100998    690742    1.00    1.00    0.00    0.00    2.00     4  postgres
09:36:27 PM 100998    690743    1.00    1.00    0.00    0.00    2.00     5  postgres
09:36:27 PM 100998    690744    1.00    0.00    0.00    0.00    1.00     4  postgres
09:36:27 PM 100998    690746    0.00    0.00    0.00    0.00    0.00     6  postgres
09:36:27 PM 100998    690747    1.00    0.00    0.00    0.00    1.00     6  postgres
09:36:27 PM 100998    690749    0.00    1.00    0.00    0.00    1.00     4  postgres

09:36:27 PM   UID       PID    %usr %system  %guest   %wait    %CPU   CPU  Command
09:36:28 PM 100998    689780    0.00    0.00    0.00    0.00    0.00     6  postgres
09:36:28 PM 100998    689781    0.00    0.00    0.00    0.00    0.00     4  postgres
09:36:28 PM 100998    689783    0.00    0.00    0.00    0.00    0.00     4  postgres
09:36:28 PM 100998    689784    0.00    0.00    0.00    0.00    0.00     5  postgres
09:36:28 PM 100998    690610    1.00    1.00    0.00    0.00    2.00     6  postgres
09:36:28 PM 100998    690696    1.00    1.00    0.00    0.00    2.00     4  postgres
09:36:28 PM 100998    690700    1.00    1.00    0.00    0.00    2.00     5  postgres
09:36:28 PM 100998    690704    0.00    1.00    0.00    0.00    1.00     4  postgres
09:36:28 PM 100998    690710    2.00    1.00    0.00    0.00    3.00     6  postgres
09:36:28 PM 100998    690711    1.00    0.00    0.00    0.00    1.00     6  postgres
09:36:28 PM 100998    690717    2.00    1.00    0.00    0.00    3.00     6  postgres
09:36:28 PM 100998    690725    1.00    0.00    0.00    0.00    1.00     5  postgres
09:36:28 PM 100998    690730    1.00    1.00    0.00    0.00    2.00     5  postgres
09:36:28 PM 100998    690736    1.00    1.00    0.00    0.00    2.00     4  postgres
09:36:28 PM 100998    690737    1.00    1.00    0.00    0.00    2.00     4  postgres
09:36:28 PM 100998    690739    1.00    1.00    0.00    0.00    2.00     6  postgres
09:36:28 PM 100998    690740    1.00    1.00    0.00    0.00    2.00     4  postgres
09:36:28 PM 100998    690741    1.00    1.00    0.00    0.00    2.00     5  postgres
09:36:28 PM 100998    690742    1.00    1.00    0.00    1.00    2.00     4  postgres
09:36:28 PM 100998    690743    1.00    1.00    0.00    0.00    2.00     5  postgres
09:36:28 PM 100998    690744    0.00    1.00    0.00    0.00    1.00     4  postgres
09:36:28 PM 100998    690746    1.00    1.00    0.00    0.00    2.00     4  postgres
09:36:28 PM 100998    690747    0.00    1.00    0.00    0.00    1.00     6  postgres
09:36:28 PM 100998    690749    1.00    1.00    0.00    0.00    2.00     4  postgres

09:36:28 PM   UID       PID    %usr %system  %guest   %wait    %CPU   CPU  Command
09:36:29 PM 100998    689780    0.00    0.00    0.00    0.00    0.00     6  postgres
09:36:29 PM 100998    689781    0.00    0.00    0.00    0.00    0.00     4  postgres
09:36:29 PM 100998    689783    0.00    0.00    0.00    0.00    0.00     4  postgres
09:36:29 PM 100998    689784    0.00    0.00    0.00    0.00    0.00     5  postgres
09:36:29 PM 100998    690610    1.00    1.00    0.00    0.00    2.00     4  postgres
09:36:29 PM 100998    690696    0.00    1.00    0.00    1.00    1.00     4  postgres
09:36:29 PM 100998    690700    0.00    1.00    0.00    0.00    1.00     5  postgres
09:36:29 PM 100998    690704    1.00    1.00    0.00    0.00    2.00     6  postgres
09:36:29 PM 100998    690710    0.00    0.00    0.00    0.00    0.00     6  postgres
09:36:29 PM 100998    690711    0.00    1.00    0.00    0.00    1.00     6  postgres
09:36:29 PM 100998    690717    1.00    1.00    0.00    0.00    2.00     6  postgres
09:36:29 PM 100998    690725    1.00    1.00    0.00    0.00    2.00     5  postgres
09:36:29 PM 100998    690730    1.00    0.00    0.00    0.00    1.00     5  postgres
09:36:29 PM 100998    690736    1.00    1.00    0.00    0.00    2.00     6  postgres
09:36:29 PM 100998    690737    1.00    0.00    0.00    0.00    1.00     4  postgres
09:36:29 PM 100998    690739    0.00    0.00    0.00    0.00    0.00     6  postgres
09:36:29 PM 100998    690740    1.00    1.00    0.00    0.00    2.00     6  postgres
09:36:29 PM 100998    690741    1.00    0.00    0.00    0.00    1.00     5  postgres
09:36:29 PM 100998    690742    1.00    1.00    0.00    0.00    2.00     4  postgres
09:36:29 PM 100998    690743    1.00    0.00    0.00    0.00    1.00     5  postgres
09:36:29 PM 100998    690744    1.00    1.00    0.00    1.00    2.00     4  postgres
09:36:29 PM 100998    690746    1.00    1.00    0.00    0.00    2.00     4  postgres
09:36:29 PM 100998    690747    1.00    1.00    0.00    0.00    2.00     6  postgres
09:36:29 PM 100998    690749    0.00    1.00    0.00    0.00    1.00     6  postgres

09:36:29 PM   UID       PID    %usr %system  %guest   %wait    %CPU   CPU  Command
09:36:30 PM 100998    689780    0.00    0.00    0.00    0.00    0.00     6  postgres
09:36:30 PM 100998    689781    0.00    0.00    0.00    0.00    0.00     4  postgres
09:36:30 PM 100998    689783    0.00    0.00    0.00    0.00    0.00     4  postgres
09:36:30 PM 100998    689784    0.00    0.00    0.00    0.00    0.00     5  postgres
09:36:30 PM 100998    690610    1.00    1.00    0.00    0.00    2.00     4  postgres
09:36:30 PM 100998    690696    1.00    1.00    0.00    0.00    2.00     4  postgres
09:36:30 PM 100998    690700    1.00    2.00    0.00    0.00    3.00     5  postgres
09:36:30 PM 100998    690704    1.00    1.00    0.00    0.00    2.00     4  postgres
09:36:30 PM 100998    690710    1.00    1.00    0.00    0.00    2.00     6  postgres
09:36:30 PM 100998    690711    1.00    1.00    0.00    0.00    2.00     4  postgres
09:36:30 PM 100998    690717    1.00    1.00    0.00    0.00    2.00     4  postgres
09:36:30 PM 100998    690725    1.00    1.00    0.00    0.00    2.00     4  postgres
09:36:30 PM 100998    690730    1.00    1.00    0.00    0.00    2.00     5  postgres
09:36:30 PM 100998    690736    1.00    1.00    0.00    0.00    2.00     4  postgres
09:36:30 PM 100998    690737    1.00    1.00    0.00    0.00    2.00     5  postgres
09:36:30 PM 100998    690739    1.00    1.00    0.00    0.00    2.00     6  postgres
09:36:30 PM 100998    690740    1.00    0.00    0.00    0.00    1.00     6  postgres
09:36:30 PM 100998    690741    1.00    1.00    0.00    1.00    2.00     5  postgres
09:36:30 PM 100998    690742    0.00    1.00    0.00    0.00    1.00     6  postgres
09:36:30 PM 100998    690743    1.00    2.00    0.00    0.00    3.00     4  postgres
09:36:30 PM 100998    690744    0.00    1.00    0.00    0.00    1.00     4  postgres
09:36:30 PM 100998    690746    1.00    0.00    0.00    0.00    1.00     4  postgres
09:36:30 PM 100998    690747    1.00    0.00    0.00    0.00    1.00     4  postgres
09:36:30 PM 100998    690749    1.00    0.00    0.00    0.00    1.00     4  postgres

09:36:30 PM   UID       PID    %usr %system  %guest   %wait    %CPU   CPU  Command
09:36:31 PM 100998    689780    0.00    0.00    0.00    0.00    0.00     6  postgres
09:36:31 PM 100998    689781    0.00    0.00    0.00    0.00    0.00     4  postgres
09:36:31 PM 100998    689783    0.00    0.00    0.00    0.00    0.00     4  postgres
09:36:31 PM 100998    689784    0.00    0.00    0.00    0.00    0.00     5  postgres
09:36:31 PM 100998    690610    1.00    1.00    0.00    1.00    2.00     4  postgres
09:36:31 PM 100998    690696    1.00    1.00    0.00    0.00    2.00     4  postgres
09:36:31 PM 100998    690700    1.00    1.00    0.00    0.00    2.00     5  postgres
09:36:31 PM 100998    690704    0.00    1.00    0.00    0.00    1.00     6  postgres
09:36:31 PM 100998    690710    1.00    1.00    0.00    0.00    2.00     4  postgres
09:36:31 PM 100998    690711    1.00    0.00    0.00    0.00    1.00     6  postgres
09:36:31 PM 100998    690717    0.00    1.00    0.00    1.00    1.00     6  postgres
09:36:31 PM 100998    690725    1.00    0.00    0.00    0.00    1.00     4  postgres
09:36:31 PM 100998    690730    1.00    1.00    0.00    0.00    2.00     5  postgres
09:36:31 PM 100998    690736    0.00    1.00    0.00    0.00    1.00     4  postgres
09:36:31 PM 100998    690737    1.00    1.00    0.00    0.00    2.00     5  postgres
09:36:31 PM 100998    690739    1.00    1.00    0.00    0.00    2.00     6  postgres
09:36:31 PM 100998    690740    1.00    0.00    0.00    0.00    1.00     6  postgres
09:36:31 PM 100998    690741    1.00    1.00    0.00    0.00    2.00     5  postgres
09:36:31 PM 100998    690742    0.00    0.00    0.00    0.00    0.00     4  postgres
09:36:31 PM 100998    690743    1.00    0.00    0.00    0.00    1.00     4  postgres
09:36:31 PM 100998    690744    1.00    0.00    0.00    0.00    1.00     6  postgres
09:36:31 PM 100998    690746    1.00    1.00    0.00    0.00    2.00     4  postgres
09:36:31 PM 100998    690747    1.00    1.00    0.00    0.00    2.00     6  postgres
09:36:31 PM 100998    690749    1.00    1.00    0.00    0.00    2.00     6  postgres

09:36:31 PM   UID       PID    %usr %system  %guest   %wait    %CPU   CPU  Command
09:36:32 PM 100998    689780    0.00    0.00    0.00    0.00    0.00     6  postgres
09:36:32 PM 100998    689781    0.00    0.00    0.00    0.00    0.00     4  postgres
09:36:32 PM 100998    689783    0.00    0.00    0.00    0.00    0.00     4  postgres
09:36:32 PM 100998    689784    0.00    0.00    0.00    0.00    0.00     5  postgres
09:36:32 PM 100998    690610    1.00    1.00    0.00    0.00    2.00     6  postgres
09:36:32 PM 100998    690696    1.00    0.00    0.00    0.00    1.00     4  postgres
09:36:32 PM 100998    690700    1.00    1.00    0.00    1.00    2.00     5  postgres
09:36:32 PM 100998    690704    1.00    0.00    0.00    0.00    1.00     4  postgres
09:36:32 PM 100998    690710    1.00    0.00    0.00    0.00    1.00     4  postgres
09:36:32 PM 100998    690711    1.00    1.00    0.00    0.00    2.00     6  postgres
09:36:32 PM 100998    690717    1.00    1.00    0.00    0.00    2.00     4  postgres
09:36:32 PM 100998    690725    0.00    1.00    0.00    0.00    1.00     4  postgres
09:36:32 PM 100998    690730    2.00    1.00    0.00    0.00    3.00     5  postgres
09:36:32 PM 100998    690736    1.00    1.00    0.00    0.00    2.00     4  postgres
09:36:32 PM 100998    690737    2.00    1.00    0.00    1.00    3.00     5  postgres
09:36:32 PM 100998    690739    1.00    1.00    0.00    1.00    2.00     4  postgres
09:36:32 PM 100998    690740    1.00    1.00    0.00    0.00    2.00     6  postgres
09:36:32 PM 100998    690741    1.00    1.00    0.00    0.00    2.00     4  postgres
09:36:32 PM 100998    690742    1.00    1.00    0.00    0.00    2.00     5  postgres
09:36:32 PM 100998    690743    0.00    1.00    0.00    0.00    1.00     4  postgres
09:36:32 PM 100998    690744    0.00    1.00    0.00    0.00    1.00     4  postgres
09:36:32 PM 100998    690746    1.00    1.00    0.00    0.00    2.00     4  postgres
09:36:32 PM 100998    690747    1.00    0.00    0.00    0.00    1.00     4  postgres
09:36:32 PM 100998    690749    1.00    0.00    0.00    0.00    1.00     6  postgres

09:36:32 PM   UID       PID    %usr %system  %guest   %wait    %CPU   CPU  Command
09:36:33 PM 100998    689780    0.00    0.00    0.00    0.00    0.00     6  postgres
09:36:33 PM 100998    689781    0.00    0.00    0.00    0.00    0.00     4  postgres
09:36:33 PM 100998    689783    0.00    0.00    0.00    0.00    0.00     4  postgres
09:36:33 PM 100998    689784    0.00    0.00    0.00    0.00    0.00     5  postgres
09:36:33 PM 100998    690610    0.00    1.00    0.00    0.00    1.00     6  postgres
09:36:33 PM 100998    690696    1.00    1.00    0.00    0.00    2.00     6  postgres
09:36:33 PM 100998    690700    1.00    1.00    0.00    0.00    2.00     4  postgres
09:36:33 PM 100998    690704    0.00    1.00    0.00    0.00    1.00     6  postgres
09:36:33 PM 100998    690710    2.00    1.00    0.00    0.00    3.00     4  postgres
09:36:33 PM 100998    690711    1.00    1.00    0.00    0.00    2.00     6  postgres
09:36:33 PM 100998    690717    1.00    1.00    0.00    0.00    2.00     4  postgres
09:36:33 PM 100998    690725    1.00    1.00    0.00    0.00    2.00     4  postgres
09:36:33 PM 100998    690730    0.00    1.00    0.00    0.00    1.00     5  postgres
09:36:33 PM 100998    690736    1.00    1.00    0.00    0.00    2.00     6  postgres
09:36:33 PM 100998    690737    1.00    0.00    0.00    0.00    1.00     5  postgres
09:36:33 PM 100998    690739    0.00    1.00    0.00    0.00    1.00     4  postgres
09:36:33 PM 100998    690740    1.00    0.00    0.00    0.00    1.00     4  postgres
09:36:33 PM 100998    690741    0.00    1.00    0.00    0.00    1.00     6  postgres
09:36:33 PM 100998    690742    1.00    1.00    0.00    0.00    2.00     5  postgres
09:36:33 PM 100998    690743    1.00    0.00    0.00    0.00    1.00     4  postgres
09:36:33 PM 100998    690744    1.00    1.00    0.00    0.00    2.00     4  postgres
09:36:33 PM 100998    690746    0.00    0.00    0.00    0.00    0.00     6  postgres
09:36:33 PM 100998    690747    1.00    1.00    0.00    0.00    2.00     4  postgres
09:36:33 PM 100998    690749    0.00    1.00    0.00    0.00    1.00     6  postgres

09:36:33 PM   UID       PID    %usr %system  %guest   %wait    %CPU   CPU  Command
09:36:34 PM 100998    689780    0.00    0.00    0.00    0.00    0.00     6  postgres
09:36:34 PM 100998    689781    0.00    0.00    0.00    0.00    0.00     4  postgres
09:36:34 PM 100998    689783    0.00    0.00    0.00    0.00    0.00     4  postgres
09:36:34 PM 100998    689784    0.00    0.00    0.00    0.00    0.00     5  postgres
09:36:34 PM 100998    690610    1.00    1.00    0.00    0.00    2.00     6  postgres
09:36:34 PM 100998    690696    0.00    1.00    0.00    0.00    1.00     4  postgres
09:36:34 PM 100998    690700    1.00    0.00    0.00    0.00    1.00     4  postgres
09:36:34 PM 100998    690704    1.00    1.00    0.00    0.00    2.00     6  postgres
09:36:34 PM 100998    690710    0.00    1.00    0.00    0.00    1.00     4  postgres
09:36:34 PM 100998    690711    1.00    1.00    0.00    0.00    2.00     5  postgres
09:36:34 PM 100998    690717    0.00    1.00    0.00    0.00    1.00     4  postgres
09:36:34 PM 100998    690725    1.00    0.00    0.00    0.00    1.00     6  postgres
09:36:34 PM 100998    690730    1.00    1.00    0.00    0.00    2.00     5  postgres
09:36:34 PM 100998    690736    1.00    1.00    0.00    0.00    2.00     6  postgres
09:36:34 PM 100998    690737    1.00    1.00    0.00    0.00    2.00     5  postgres
09:36:34 PM 100998    690739    1.00    2.00    0.00    0.00    3.00     6  postgres
09:36:34 PM 100998    690740    1.00    1.00    0.00    0.00    2.00     4  postgres
09:36:34 PM 100998    690741    1.00    1.00    0.00    0.00    2.00     6  postgres
09:36:34 PM 100998    690742    1.00    0.00    0.00    0.00    1.00     5  postgres
09:36:34 PM 100998    690743    0.00    1.00    0.00    0.00    1.00     4  postgres
09:36:34 PM 100998    690744    1.00    0.00    0.00    0.00    1.00     4  postgres
09:36:34 PM 100998    690746    1.00    1.00    0.00    0.00    2.00     4  postgres
09:36:34 PM 100998    690747    1.00    0.00    0.00    0.00    1.00     6  postgres
09:36:34 PM 100998    690749    0.00    1.00    0.00    0.00    1.00     6  postgres

09:36:34 PM   UID       PID    %usr %system  %guest   %wait    %CPU   CPU  Command
09:36:35 PM 100998    689780    0.00    0.00    0.00    0.00    0.00     6  postgres
09:36:35 PM 100998    689781    0.00    0.00    0.00    0.00    0.00     4  postgres
09:36:35 PM 100998    689783    0.00    0.00    0.00    0.00    0.00     4  postgres
09:36:35 PM 100998    689784    0.00    0.00    0.00    0.00    0.00     5  postgres
09:36:35 PM 100998    690610    1.00    1.00    0.00    0.00    2.00     6  postgres
09:36:35 PM 100998    690696    1.00    1.00    0.00    0.00    2.00     4  postgres
09:36:35 PM 100998    690700    0.00    1.00    0.00    0.00    1.00     6  postgres
09:36:35 PM 100998    690704    1.00    0.00    0.00    0.00    1.00     4  postgres
09:36:35 PM 100998    690710    1.00    1.00    0.00    0.00    2.00     4  postgres
09:36:35 PM 100998    690711    1.00    1.00    0.00    0.00    2.00     5  postgres
09:36:35 PM 100998    690717    1.00    1.00    0.00    0.00    2.00     4  postgres
09:36:35 PM 100998    690725    1.00    1.00    0.00    0.00    2.00     6  postgres
09:36:35 PM 100998    690730    1.00    1.00    0.00    1.00    2.00     5  postgres
09:36:35 PM 100998    690736    0.00    1.00    0.00    0.00    1.00     4  postgres
09:36:35 PM 100998    690737    1.00    2.00    0.00    0.00    3.00     6  postgres
09:36:35 PM 100998    690739    1.00    0.00    0.00    0.00    1.00     4  postgres
09:36:35 PM 100998    690740    1.00    0.00    0.00    0.00    1.00     4  postgres
09:36:35 PM 100998    690741    1.00    1.00    0.00    0.00    2.00     6  postgres
09:36:35 PM 100998    690742    1.00    1.00    0.00    0.00    2.00     5  postgres
09:36:35 PM 100998    690743    1.00    1.00    0.00    0.00    2.00     4  postgres
09:36:35 PM 100998    690744    1.00    1.00    0.00    0.00    2.00     4  postgres
09:36:35 PM 100998    690746    1.00    0.00    0.00    0.00    1.00     6  postgres
09:36:35 PM 100998    690747    1.00    1.00    0.00    0.00    2.00     4  postgres
09:36:35 PM 100998    690749    1.00    1.00    0.00    0.00    2.00     6  postgres

09:36:35 PM   UID       PID    %usr %system  %guest   %wait    %CPU   CPU  Command
09:36:36 PM 100998    689780    0.00    0.00    0.00    0.00    0.00     6  postgres
09:36:36 PM 100998    689781    0.00    0.00    0.00    0.00    0.00     4  postgres
09:36:36 PM 100998    689783    0.00    0.00    0.00    0.00    0.00     6  postgres
09:36:36 PM 100998    689784    0.00    0.00    0.00    0.00    0.00     5  postgres
09:36:36 PM 100998    690610    1.00    1.00    0.00    0.00    2.00     6  postgres
09:36:36 PM 100998    690696    1.00    1.00    0.00    0.00    2.00     6  postgres
09:36:36 PM 100998    690700    1.00    2.00    0.00    0.00    3.00     4  postgres
09:36:36 PM 100998    690704    1.00    1.00    0.00    0.00    2.00     6  postgres
09:36:36 PM 100998    690710    1.00    1.00    0.00    0.00    2.00     4  postgres
09:36:36 PM 100998    690711    1.00    1.00    0.00    0.00    2.00     4  postgres
09:36:36 PM 100998    690717    0.00    0.00    0.00    0.00    0.00     4  postgres
09:36:36 PM 100998    690725    1.00    1.00    0.00    0.00    2.00     6  postgres
09:36:36 PM 100998    690730    1.00    1.00    0.00    0.00    2.00     5  postgres
09:36:36 PM 100998    690736    1.00    0.00    0.00    0.00    1.00     6  postgres
09:36:36 PM 100998    690737    1.00    0.00    0.00    0.00    1.00     4  postgres
09:36:36 PM 100998    690739    1.00    1.00    0.00    0.00    2.00     5  postgres
09:36:36 PM 100998    690740    1.00    1.00    0.00    0.00    2.00     4  postgres
09:36:36 PM 100998    690741    1.00    1.00    0.00    0.00    2.00     6  postgres
09:36:36 PM 100998    690742    1.00    0.00    0.00    0.00    1.00     5  postgres
09:36:36 PM 100998    690743    1.00    1.00    0.00    0.00    2.00     4  postgres
09:36:36 PM 100998    690744    1.00    1.00    0.00    0.00    2.00     4  postgres
09:36:36 PM 100998    690746    0.00    1.00    0.00    0.00    1.00     6  postgres
09:36:36 PM 100998    690747    1.00    1.00    0.00    0.00    2.00     6  postgres
09:36:36 PM 100998    690749    0.00    0.00    0.00    0.00    0.00     4  postgres

09:36:36 PM   UID       PID    %usr %system  %guest   %wait    %CPU   CPU  Command
09:36:37 PM 100998    689780    0.00    0.00    0.00    0.00    0.00     6  postgres
09:36:37 PM 100998    689781    0.00    0.00    0.00    0.00    0.00     4  postgres
09:36:37 PM 100998    689783    0.00    0.00    0.00    0.00    0.00     6  postgres
09:36:37 PM 100998    689784    0.00    0.00    0.00    0.00    0.00     5  postgres
09:36:37 PM 100998    690610    1.00    0.00    0.00    0.00    1.00     6  postgres
09:36:37 PM 100998    690696    1.00    1.00    0.00    0.00    2.00     4  postgres
09:36:37 PM 100998    690700    1.00    0.00    0.00    0.00    1.00     6  postgres
09:36:37 PM 100998    690704    1.00    1.00    0.00    0.00    2.00     4  postgres
09:36:37 PM 100998    690710    1.00    1.00    0.00    0.00    2.00     4  postgres
09:36:37 PM 100998    690711    1.00    0.00    0.00    0.00    1.00     6  postgres
09:36:37 PM 100998    690717    1.00    1.00    0.00    0.00    2.00     4  postgres
09:36:37 PM 100998    690725    0.00    0.00    0.00    1.00    0.00     6  postgres
09:36:37 PM 100998    690730    0.00    1.00    0.00    0.00    1.00     5  postgres
09:36:37 PM 100998    690736    0.00    2.00    0.00    0.00    2.00     6  postgres
09:36:37 PM 100998    690737    0.00    1.00    0.00    0.00    1.00     4  postgres
09:36:37 PM 100998    690739    2.00    0.00    0.00    0.00    2.00     5  postgres
09:36:37 PM 100998    690740    1.00    1.00    0.00    0.00    2.00     4  postgres
09:36:37 PM 100998    690741    1.00    1.00    0.00    0.00    2.00     4  postgres
09:36:37 PM 100998    690742    1.00    1.00    0.00    0.00    2.00     5  postgres
09:36:37 PM 100998    690743    1.00    1.00    0.00    1.00    2.00     6  postgres
09:36:37 PM 100998    690744    0.00    1.00    0.00    0.00    1.00     5  postgres
09:36:37 PM 100998    690746    1.00    1.00    0.00    0.00    2.00     6  postgres
09:36:37 PM 100998    690747    0.00    1.00    0.00    0.00    1.00     4  postgres
09:36:37 PM 100998    690749    1.00    1.00    0.00    0.00    2.00     6  postgres

09:36:37 PM   UID       PID    %usr %system  %guest   %wait    %CPU   CPU  Command
09:36:38 PM 100998    689780    0.00    0.00    0.00    0.00    0.00     6  postgres
09:36:38 PM 100998    689781    0.00    0.00    0.00    0.00    0.00     4  postgres
09:36:38 PM 100998    689783    0.00    0.00    0.00    0.00    0.00     6  postgres
09:36:38 PM 100998    689784    0.00    0.00    0.00    0.00    0.00     5  postgres
09:36:38 PM 100998    690610    1.00    1.00    0.00    0.00    2.00     5  postgres
09:36:38 PM 100998    690696    1.00    1.00    0.00    0.00    2.00     6  postgres
09:36:38 PM 100998    690700    0.00    1.00    0.00    0.00    1.00     4  postgres
09:36:38 PM 100998    690704    1.00    1.00    0.00    0.00    2.00     6  postgres
09:36:38 PM 100998    690710    0.00    1.00    0.00    0.00    1.00     6  postgres
09:36:38 PM 100998    690711    1.00    1.00    0.00    0.00    2.00     6  postgres
09:36:38 PM 100998    690717    1.00    1.00    0.00    0.00    2.00     4  postgres
09:36:38 PM 100998    690725    1.00    1.00    0.00    0.00    2.00     4  postgres
09:36:38 PM 100998    690730    1.00    1.00    0.00    0.00    2.00     5  postgres
09:36:38 PM 100998    690736    1.00    0.00    0.00    0.00    1.00     6  postgres
09:36:38 PM 100998    690737    1.00    0.00    0.00    0.00    1.00     6  postgres
09:36:38 PM 100998    690739    0.00    1.00    0.00    0.00    1.00     5  postgres
09:36:38 PM 100998    690740    0.00    1.00    0.00    0.00    1.00     6  postgres
09:36:38 PM 100998    690741    0.00    1.00    0.00    0.00    1.00     4  postgres
09:36:38 PM 100998    690742    1.00    1.00    0.00    0.00    2.00     6  postgres
09:36:38 PM 100998    690743    1.00    0.00    0.00    0.00    1.00     6  postgres
09:36:38 PM 100998    690744    1.00    1.00    0.00    0.00    2.00     5  postgres
09:36:38 PM 100998    690746    0.00    0.00    0.00    0.00    0.00     6  postgres
09:36:38 PM 100998    690747    1.00    1.00    0.00    0.00    2.00     6  postgres
09:36:38 PM 100998    690749    0.00    0.00    0.00    0.00    0.00     4  postgres

09:36:38 PM   UID       PID    %usr %system  %guest   %wait    %CPU   CPU  Command
09:36:39 PM 100998    689780    0.00    0.00    0.00    0.00    0.00     6  postgres
09:36:39 PM 100998    689781    0.00    0.00    0.00    0.00    0.00     4  postgres
09:36:39 PM 100998    689783    0.00    0.00    0.00    0.00    0.00     6  postgres
09:36:39 PM 100998    689784    0.00    0.00    0.00    0.00    0.00     5  postgres
09:36:39 PM 100998    690610    1.00    1.00    0.00    0.00    2.00     4  postgres
09:36:39 PM 100998    690696    1.00    0.00    0.00    0.00    1.00     6  postgres
09:36:39 PM 100998    690700    1.00    1.00    0.00    0.00    2.00     4  postgres
09:36:39 PM 100998    690704    1.00    1.00    0.00    0.00    2.00     4  postgres
09:36:39 PM 100998    690710    1.00    1.00    0.00    0.00    2.00     6  postgres
09:36:39 PM 100998    690711    1.00    1.00    0.00    0.00    2.00     4  postgres
09:36:39 PM 100998    690717    1.00    1.00    0.00    0.00    2.00     4  postgres
09:36:39 PM 100998    690725    1.00    1.00    0.00    0.00    2.00     6  postgres
09:36:39 PM 100998    690730    1.00    1.00    0.00    0.00    2.00     5  postgres
09:36:39 PM 100998    690736    1.00    1.00    0.00    0.00    2.00     6  postgres
09:36:39 PM 100998    690737    1.00    1.00    0.00    0.00    2.00     5  postgres
09:36:39 PM 100998    690739    2.00    1.00    0.00    0.00    3.00     4  postgres
09:36:39 PM 100998    690740    1.00    1.00    0.00    0.00    2.00     4  postgres
09:36:39 PM 100998    690741    1.00    0.00    0.00    0.00    1.00     6  postgres
09:36:39 PM 100998    690742    0.00    1.00    0.00    0.00    1.00     4  postgres
09:36:39 PM 100998    690743    2.00    1.00    0.00    0.00    3.00     6  postgres
09:36:39 PM 100998    690744    1.00    1.00    0.00    0.00    2.00     5  postgres
09:36:39 PM 100998    690746    0.00    1.00    0.00    0.00    1.00     6  postgres
09:36:39 PM 100998    690747    1.00    1.00    0.00    0.00    2.00     4  postgres
09:36:39 PM 100998    690749    1.00    1.00    0.00    0.00    2.00     6  postgres

09:36:39 PM   UID       PID    %usr %system  %guest   %wait    %CPU   CPU  Command
09:36:40 PM 100998    689780    0.00    0.00    0.00    0.00    0.00     6  postgres
09:36:40 PM 100998    689781    0.00    0.00    0.00    0.00    0.00     4  postgres
09:36:40 PM 100998    689783    0.00    0.00    0.00    0.00    0.00     6  postgres
09:36:40 PM 100998    689784    0.00    0.00    0.00    0.00    0.00     5  postgres
09:36:40 PM 100998    690610    1.00    1.00    0.00    0.00    2.00     4  postgres
09:36:40 PM 100998    690696    1.00    1.00    0.00    0.00    2.00     4  postgres
09:36:40 PM 100998    690700    0.00    2.00    0.00    0.00    2.00     6  postgres
09:36:40 PM 100998    690704    1.00    0.00    0.00    0.00    1.00     6  postgres
09:36:40 PM 100998    690710    0.00    1.00    0.00    0.00    1.00     4  postgres
09:36:40 PM 100998    690711    1.00    0.00    0.00    0.00    1.00     6  postgres
09:36:40 PM 100998    690717    1.00    2.00    0.00    0.00    3.00     4  postgres
09:36:40 PM 100998    690725    1.00    1.00    0.00    0.00    2.00     4  postgres
09:36:40 PM 100998    690730    2.00    1.00    0.00    0.00    3.00     5  postgres
09:36:40 PM 100998    690736    1.00    1.00    0.00    0.00    2.00     5  postgres
09:36:40 PM 100998    690737    1.00    1.00    0.00    0.00    2.00     5  postgres
09:36:40 PM 100998    690739    0.00    1.00    0.00    0.00    1.00     4  postgres
09:36:40 PM 100998    690740    1.00    0.00    0.00    0.00    1.00     6  postgres
09:36:40 PM 100998    690741    1.00    0.00    0.00    0.00    1.00     6  postgres
09:36:40 PM 100998    690742    1.00    0.00    0.00    0.00    1.00     4  postgres
09:36:40 PM 100998    690743    0.00    0.00    0.00    0.00    0.00     6  postgres
09:36:40 PM 100998    690744    1.00    1.00    0.00    0.00    2.00     5  postgres
09:36:40 PM 100998    690746    1.00    1.00    0.00    0.00    2.00     4  postgres
09:36:40 PM 100998    690747    0.00    0.00    0.00    0.00    0.00     6  postgres
09:36:40 PM 100998    690749    1.00    1.00    0.00    0.00    2.00     6  postgres

09:36:40 PM   UID       PID    %usr %system  %guest   %wait    %CPU   CPU  Command
09:36:41 PM 100998    689780    0.00    0.00    0.00    0.00    0.00     6  postgres
09:36:41 PM 100998    689781    0.00    0.00    0.00    0.00    0.00     4  postgres
09:36:41 PM 100998    689783    0.00    0.00    0.00    0.00    0.00     6  postgres
09:36:41 PM 100998    689784    0.00    0.00    0.00    0.00    0.00     5  postgres
09:36:41 PM 100998    690610    0.00    1.00    0.00    0.00    1.00     4  postgres
09:36:41 PM 100998    690696    1.00    1.00    0.00    0.00    2.00     4  postgres
09:36:41 PM 100998    690700    1.00    1.00    0.00    0.00    2.00     6  postgres
09:36:41 PM 100998    690704    1.00    2.00    0.00    0.00    3.00     6  postgres
09:36:41 PM 100998    690710    1.00    1.00    0.00    0.00    2.00     6  postgres
09:36:41 PM 100998    690711    0.00    1.00    0.00    0.00    1.00     6  postgres
09:36:41 PM 100998    690717    0.00    0.00    0.00    0.00    0.00     4  postgres
09:36:41 PM 100998    690725    1.00    1.00    0.00    0.00    2.00     5  postgres
09:36:41 PM 100998    690730    1.00    1.00    0.00    0.00    2.00     5  postgres
09:36:41 PM 100998    690736    1.00    1.00    0.00    0.00    2.00     5  postgres
09:36:41 PM 100998    690737    1.00    1.00    0.00    0.00    2.00     4  postgres
09:36:41 PM 100998    690739    2.00    1.00    0.00    0.00    3.00     6  postgres
09:36:41 PM 100998    690740    1.00    1.00    0.00    0.00    2.00     4  postgres
09:36:41 PM 100998    690741    1.00    1.00    0.00    0.00    2.00     6  postgres
09:36:41 PM 100998    690742    1.00    1.00    0.00    0.00    2.00     6  postgres
09:36:41 PM 100998    690743    1.00    1.00    0.00    0.00    2.00     6  postgres
09:36:41 PM 100998    690744    2.00    0.00    0.00    0.00    2.00     5  postgres
09:36:41 PM 100998    690746    1.00    0.00    0.00    0.00    1.00     4  postgres
09:36:41 PM 100998    690747    1.00    1.00    0.00    0.00    2.00     6  postgres
09:36:41 PM 100998    690749    1.00    0.00    0.00    0.00    1.00     4  postgres

09:36:41 PM   UID       PID    %usr %system  %guest   %wait    %CPU   CPU  Command
09:36:42 PM 100998    689780    0.00    0.00    0.00    0.00    0.00     6  postgres
09:36:42 PM 100998    689781    0.00    0.00    0.00    0.00    0.00     4  postgres
09:36:42 PM 100998    689783    0.00    0.00    0.00    0.00    0.00     6  postgres
09:36:42 PM 100998    689784    0.00    0.00    0.00    0.00    0.00     5  postgres
09:36:42 PM 100998    690610    1.00    1.00    0.00    0.00    2.00     4  postgres
09:36:42 PM 100998    690696    1.00    1.00    0.00    0.00    2.00     4  postgres
09:36:42 PM 100998    690700    0.00    1.00    0.00    0.00    1.00     4  postgres
09:36:42 PM 100998    690704    1.00    1.00    0.00    0.00    2.00     4  postgres
09:36:42 PM 100998    690710    1.00    0.00    0.00    0.00    1.00     6  postgres
09:36:42 PM 100998    690711    1.00    1.00    0.00    0.00    2.00     6  postgres
09:36:42 PM 100998    690717    1.00    1.00    0.00    0.00    2.00     6  postgres
09:36:42 PM 100998    690725    1.00    1.00    0.00    0.00    2.00     5  postgres
09:36:42 PM 100998    690730    1.00    0.00    0.00    0.00    1.00     5  postgres
09:36:42 PM 100998    690736    2.00    1.00    0.00    0.00    3.00     6  postgres
09:36:42 PM 100998    690737    1.00    1.00    0.00    0.00    2.00     6  postgres
09:36:42 PM 100998    690739    1.00    0.00    0.00    0.00    1.00     6  postgres
09:36:42 PM 100998    690740    1.00    1.00    0.00    0.00    2.00     6  postgres
09:36:42 PM 100998    690741    1.00    0.00    0.00    0.00    1.00     4  postgres
09:36:42 PM 100998    690742    0.00    1.00    0.00    0.00    1.00     4  postgres
09:36:42 PM 100998    690743    1.00    1.00    0.00    0.00    2.00     6  postgres
09:36:42 PM 100998    690744    0.00    1.00    0.00    0.00    1.00     5  postgres
09:36:42 PM 100998    690746    1.00    1.00    0.00    0.00    2.00     4  postgres
09:36:42 PM 100998    690747    0.00    1.00    0.00    0.00    1.00     4  postgres
09:36:42 PM 100998    690749    1.00    1.00    0.00    0.00    2.00     4  postgres

09:36:42 PM   UID       PID    %usr %system  %guest   %wait    %CPU   CPU  Command
09:36:43 PM 100998    689780    0.00    0.00    0.00    0.00    0.00     6  postgres
09:36:43 PM 100998    689781    0.00    0.00    0.00    0.00    0.00     4  postgres
09:36:43 PM 100998    689783    0.00    0.00    0.00    0.00    0.00     6  postgres
09:36:43 PM 100998    689784    0.00    0.00    0.00    0.00    0.00     5  postgres
09:36:43 PM 100998    690610    1.00    1.00    0.00    0.00    2.00     6  postgres
09:36:43 PM 100998    690696    1.00    1.00    0.00    0.00    2.00     4  postgres
09:36:43 PM 100998    690700    2.00    1.00    0.00    0.00    3.00     4  postgres
09:36:43 PM 100998    690704    0.00    1.00    0.00    0.00    1.00     5  postgres
09:36:43 PM 100998    690710    1.00    1.00    0.00    0.00    2.00     6  postgres
09:36:43 PM 100998    690711    1.00    1.00    0.00    0.00    2.00     4  postgres
09:36:43 PM 100998    690717    0.00    1.00    0.00    0.00    1.00     4  postgres
09:36:43 PM 100998    690725    2.00    1.00    0.00    0.00    3.00     6  postgres
09:36:43 PM 100998    690730    1.00    1.00    0.00    0.00    2.00     5  postgres
09:36:43 PM 100998    690736    1.00    1.00    0.00    0.00    2.00     6  postgres
09:36:43 PM 100998    690737    0.00    1.00    0.00    0.00    1.00     6  postgres
09:36:43 PM 100998    690739    0.00    1.00    0.00    0.00    1.00     6  postgres
09:36:43 PM 100998    690740    0.00    1.00    0.00    0.00    1.00     4  postgres
09:36:43 PM 100998    690741    0.00    1.00    0.00    0.00    1.00     4  postgres
09:36:43 PM 100998    690742    2.00    2.00    0.00    0.00    4.00     5  postgres
09:36:43 PM 100998    690743    0.00    1.00    0.00    0.00    1.00     4  postgres
09:36:43 PM 100998    690744    1.00    1.00    0.00    0.00    2.00     5  postgres
09:36:43 PM 100998    690746    1.00    1.00    0.00    0.00    2.00     6  postgres
09:36:43 PM 100998    690747    1.00    0.00    0.00    0.00    1.00     6  postgres
09:36:43 PM 100998    690749    1.00    1.00    0.00    0.00    2.00     4  postgres

09:36:43 PM   UID       PID    %usr %system  %guest   %wait    %CPU   CPU  Command
09:36:44 PM 100998    689780    0.00    0.00    0.00    0.00    0.00     6  postgres
09:36:44 PM 100998    689781    0.00    0.00    0.00    0.00    0.00     4  postgres
09:36:44 PM 100998    689783    0.00    0.00    0.00    0.00    0.00     6  postgres
09:36:44 PM 100998    689784    0.00    0.00    0.00    0.00    0.00     5  postgres
09:36:44 PM 100998    690610    0.00    0.00    0.00    0.00    0.00     5  postgres
09:36:44 PM 100998    690696    0.00    0.00    0.00    0.00    0.00     6  postgres
09:36:44 PM 100998    690700    0.00    0.00    0.00    0.00    0.00     4  postgres
09:36:44 PM 100998    690704    0.00    0.00    0.00    0.00    0.00     5  postgres
09:36:44 PM 100998    690710    0.00    0.00    0.00    0.00    0.00     6  postgres
09:36:44 PM 100998    690711    0.00    0.00    0.00    0.00    0.00     4  postgres
09:36:44 PM 100998    690717    0.00    0.00    0.00    0.00    0.00     4  postgres
09:36:44 PM 100998    690725    0.00    0.00    0.00    0.00    0.00     6  postgres
09:36:44 PM 100998    690730    0.00    0.00    0.00    0.00    0.00     5  postgres
09:36:44 PM 100998    690736    0.00    0.00    0.00    0.00    0.00     6  postgres
09:36:44 PM 100998    690737    0.00    0.00    0.00    0.00    0.00     6  postgres
09:36:44 PM 100998    690739    0.00    0.00    0.00    0.00    0.00     6  postgres
09:36:44 PM 100998    690740    0.00    0.00    0.00    0.00    0.00     6  postgres
09:36:44 PM 100998    690741    0.00    0.00    0.00    0.00    0.00     4  postgres
09:36:44 PM 100998    690742    0.00    0.00    0.00    0.00    0.00     5  postgres
09:36:44 PM 100998    690743    0.00    0.00    0.00    0.00    0.00     4  postgres
09:36:44 PM 100998    690744    0.00    0.00    0.00    0.00    0.00     5  postgres
09:36:44 PM 100998    690746    0.00    0.00    0.00    0.00    0.00     6  postgres
09:36:44 PM 100998    690747    0.00    0.00    0.00    0.00    0.00     4  postgres
09:36:44 PM 100998    690749    0.00    0.00    0.00    0.00    0.00     6  postgres

09:36:44 PM   UID       PID    %usr %system  %guest   %wait    %CPU   CPU  Command
09:36:45 PM 100998    689780    0.00    0.00    0.00    0.00    0.00     6  postgres
09:36:45 PM 100998    689781    0.00    0.00    0.00    0.00    0.00     4  postgres
09:36:45 PM 100998    689783    0.00    0.00    0.00    0.00    0.00     6  postgres
09:36:45 PM 100998    689784    0.00    0.00    0.00    0.00    0.00     5  postgres
09:36:45 PM 100998    690610    0.00    0.00    0.00    0.00    0.00     5  postgres
09:36:45 PM 100998    690696    0.00    0.00    0.00    0.00    0.00     6  postgres
09:36:45 PM 100998    690700    0.00    0.00    0.00    0.00    0.00     4  postgres
09:36:45 PM 100998    690704    0.00    0.00    0.00    0.00    0.00     5  postgres
09:36:45 PM 100998    690710    0.00    0.00    0.00    0.00    0.00     6  postgres
09:36:45 PM 100998    690711    0.00    0.00    0.00    0.00    0.00     4  postgres
09:36:45 PM 100998    690717    0.00    0.00    0.00    0.00    0.00     4  postgres
09:36:45 PM 100998    690725    0.00    0.00    0.00    0.00    0.00     6  postgres
09:36:45 PM 100998    690730    0.00    0.00    0.00    0.00    0.00     5  postgres
09:36:45 PM 100998    690736    0.00    0.00    0.00    0.00    0.00     6  postgres
09:36:45 PM 100998    690737    0.00    0.00    0.00    0.00    0.00     6  postgres
09:36:45 PM 100998    690739    0.00    0.00    0.00    0.00    0.00     6  postgres
09:36:45 PM 100998    690740    0.00    0.00    0.00    0.00    0.00     6  postgres
09:36:45 PM 100998    690741    0.00    0.00    0.00    0.00    0.00     4  postgres
09:36:45 PM 100998    690742    0.00    0.00    0.00    0.00    0.00     5  postgres
09:36:45 PM 100998    690743    0.00    0.00    0.00    0.00    0.00     4  postgres
09:36:45 PM 100998    690744    0.00    0.00    0.00    0.00    0.00     5  postgres
09:36:45 PM 100998    690746    0.00    0.00    0.00    0.00    0.00     6  postgres
09:36:45 PM 100998    690747    0.00    0.00    0.00    0.00    0.00     4  postgres
09:36:45 PM 100998    690749    0.00    0.00    0.00    0.00    0.00     6  postgres

09:36:45 PM   UID       PID    %usr %system  %guest   %wait    %CPU   CPU  Command
09:36:46 PM 100998    689780    0.00    0.00    0.00    0.00    0.00     6  postgres
09:36:46 PM 100998    689781    0.00    0.00    0.00    0.00    0.00     4  postgres
09:36:46 PM 100998    689783    0.00    0.00    0.00    0.00    0.00     6  postgres
09:36:46 PM 100998    689784    0.00    0.00    0.00    0.00    0.00     5  postgres
09:36:46 PM 100998    690610    0.00    0.00    0.00    0.00    0.00     5  postgres
09:36:46 PM 100998    690696    0.00    0.00    0.00    0.00    0.00     6  postgres
09:36:46 PM 100998    690700    0.00    0.00    0.00    0.00    0.00     4  postgres
09:36:46 PM 100998    690704    0.00    0.00    0.00    0.00    0.00     5  postgres
09:36:46 PM 100998    690710    0.00    0.00    0.00    0.00    0.00     6  postgres
09:36:46 PM 100998    690711    0.00    0.00    0.00    0.00    0.00     4  postgres
09:36:46 PM 100998    690717    0.00    0.00    0.00    0.00    0.00     4  postgres
09:36:46 PM 100998    690725    0.00    0.00    0.00    0.00    0.00     6  postgres
09:36:46 PM 100998    690730    0.00    0.00    0.00    0.00    0.00     5  postgres
09:36:46 PM 100998    690736    0.00    0.00    0.00    0.00    0.00     6  postgres
09:36:46 PM 100998    690737    0.00    0.00    0.00    0.00    0.00     6  postgres
09:36:46 PM 100998    690739    0.00    0.00    0.00    0.00    0.00     6  postgres
09:36:46 PM 100998    690740    0.00    0.00    0.00    0.00    0.00     6  postgres
09:36:46 PM 100998    690741    0.00    0.00    0.00    0.00    0.00     4  postgres
09:36:46 PM 100998    690742    0.00    0.00    0.00    0.00    0.00     5  postgres
09:36:46 PM 100998    690743    0.00    0.00    0.00    0.00    0.00     4  postgres
09:36:46 PM 100998    690744    0.00    0.00    0.00    0.00    0.00     5  postgres
09:36:46 PM 100998    690746    0.00    0.00    0.00    0.00    0.00     6  postgres
09:36:46 PM 100998    690747    0.00    0.00    0.00    0.00    0.00     4  postgres
09:36:46 PM 100998    690749    0.00    0.00    0.00    0.00    0.00     6  postgres

09:36:46 PM   UID       PID    %usr %system  %guest   %wait    %CPU   CPU  Command
09:36:47 PM 100998    689780    0.00    0.00    0.00    0.00    0.00     6  postgres
09:36:47 PM 100998    689781    0.00    0.00    0.00    0.00    0.00     4  postgres
09:36:47 PM 100998    689783    0.00    0.00    0.00    0.00    0.00     6  postgres
09:36:47 PM 100998    689784    0.00    0.00    0.00    0.00    0.00     5  postgres
09:36:47 PM 100998    690610    0.00    0.00    0.00    0.00    0.00     5  postgres
09:36:47 PM 100998    690696    0.00    0.00    0.00    0.00    0.00     6  postgres
09:36:47 PM 100998    690700    0.00    0.00    0.00    0.00    0.00     4  postgres
09:36:47 PM 100998    690704    0.00    0.00    0.00    0.00    0.00     5  postgres
09:36:47 PM 100998    690710    0.00    0.00    0.00    0.00    0.00     6  postgres
09:36:47 PM 100998    690711    0.00    0.00    0.00    0.00    0.00     4  postgres
09:36:47 PM 100998    690717    0.00    0.00    0.00    0.00    0.00     4  postgres
09:36:47 PM 100998    690725    0.00    0.00    0.00    0.00    0.00     6  postgres
09:36:47 PM 100998    690730    0.00    0.00    0.00    0.00    0.00     5  postgres
09:36:47 PM 100998    690736    0.00    0.00    0.00    0.00    0.00     6  postgres
09:36:47 PM 100998    690737    0.00    0.00    0.00    0.00    0.00     6  postgres
09:36:47 PM 100998    690739    0.00    0.00    0.00    0.00    0.00     6  postgres
09:36:47 PM 100998    690740    0.00    0.00    0.00    0.00    0.00     6  postgres
09:36:47 PM 100998    690741    0.00    0.00    0.00    0.00    0.00     4  postgres
09:36:47 PM 100998    690742    0.00    0.00    0.00    0.00    0.00     5  postgres
09:36:47 PM 100998    690743    0.00    0.00    0.00    0.00    0.00     4  postgres
09:36:47 PM 100998    690744    0.00    0.00    0.00    0.00    0.00     5  postgres
09:36:47 PM 100998    690746    0.00    0.00    0.00    0.00    0.00     6  postgres
09:36:47 PM 100998    690747    0.00    0.00    0.00    0.00    0.00     4  postgres
09:36:47 PM 100998    690749    0.00    0.00    0.00    0.00    0.00     6  postgres

09:36:47 PM   UID       PID    %usr %system  %guest   %wait    %CPU   CPU  Command
09:36:48 PM 100998    689780    0.00    0.00    0.00    0.00    0.00     6  postgres
09:36:48 PM 100998    689781    0.00    0.00    0.00    0.00    0.00     4  postgres
09:36:48 PM 100998    689783    0.00    0.00    0.00    0.00    0.00     6  postgres
09:36:48 PM 100998    689784    0.00    0.00    0.00    0.00    0.00     5  postgres
09:36:48 PM 100998    690610    0.00    0.00    0.00    0.00    0.00     5  postgres
09:36:48 PM 100998    690696    0.00    0.00    0.00    0.00    0.00     6  postgres
09:36:48 PM 100998    690700    0.00    0.00    0.00    0.00    0.00     4  postgres
09:36:48 PM 100998    690704    0.00    0.00    0.00    0.00    0.00     5  postgres
09:36:48 PM 100998    690710    0.00    0.00    0.00    0.00    0.00     6  postgres
09:36:48 PM 100998    690711    0.00    0.00    0.00    0.00    0.00     4  postgres
09:36:48 PM 100998    690717    0.00    0.00    0.00    0.00    0.00     4  postgres
09:36:48 PM 100998    690725    0.00    0.00    0.00    0.00    0.00     6  postgres
09:36:48 PM 100998    690730    0.00    0.00    0.00    0.00    0.00     5  postgres
09:36:48 PM 100998    690736    0.00    0.00    0.00    0.00    0.00     6  postgres
09:36:48 PM 100998    690737    0.00    0.00    0.00    0.00    0.00     6  postgres
09:36:48 PM 100998    690739    0.00    0.00    0.00    0.00    0.00     6  postgres
09:36:48 PM 100998    690740    0.00    0.00    0.00    0.00    0.00     6  postgres
09:36:48 PM 100998    690741    0.00    0.00    0.00    0.00    0.00     4  postgres
09:36:48 PM 100998    690742    0.00    0.00    0.00    0.00    0.00     5  postgres
09:36:48 PM 100998    690743    0.00    0.00    0.00    0.00    0.00     4  postgres
09:36:48 PM 100998    690744    0.00    0.00    0.00    0.00    0.00     5  postgres
09:36:48 PM 100998    690746    0.00    0.00    0.00    0.00    0.00     6  postgres
09:36:48 PM 100998    690747    0.00    0.00    0.00    0.00    0.00     4  postgres
09:36:48 PM 100998    690749    0.00    0.00    0.00    0.00    0.00     6  postgres

09:36:48 PM   UID       PID    %usr %system  %guest   %wait    %CPU   CPU  Command
09:36:49 PM 100998    689780    0.00    0.00    0.00    0.00    0.00     6  postgres
09:36:49 PM 100998    689781    0.00    0.00    0.00    0.00    0.00     4  postgres
09:36:49 PM 100998    689783    0.00    0.00    0.00    0.00    0.00     6  postgres
09:36:49 PM 100998    689784    0.00    0.00    0.00    0.00    0.00     5  postgres
09:36:49 PM 100998    690610    0.00    0.00    0.00    0.00    0.00     5  postgres
09:36:49 PM 100998    690696    0.00    0.00    0.00    0.00    0.00     6  postgres
09:36:49 PM 100998    690700    0.00    0.00    0.00    0.00    0.00     4  postgres
09:36:49 PM 100998    690704    0.00    0.00    0.00    0.00    0.00     5  postgres
09:36:49 PM 100998    690710    0.00    0.00    0.00    0.00    0.00     6  postgres
09:36:49 PM 100998    690711    0.00    0.00    0.00    0.00    0.00     4  postgres
09:36:49 PM 100998    690717    0.00    0.00    0.00    0.00    0.00     4  postgres
09:36:49 PM 100998    690725    0.00    0.00    0.00    0.00    0.00     6  postgres
09:36:49 PM 100998    690730    0.00    0.00    0.00    0.00    0.00     5  postgres
09:36:49 PM 100998    690736    0.00    0.00    0.00    0.00    0.00     6  postgres
09:36:49 PM 100998    690737    0.00    0.00    0.00    0.00    0.00     6  postgres
09:36:49 PM 100998    690739    0.00    0.00    0.00    0.00    0.00     6  postgres
09:36:49 PM 100998    690740    0.00    0.00    0.00    0.00    0.00     6  postgres
09:36:49 PM 100998    690741    0.00    0.00    0.00    0.00    0.00     4  postgres
09:36:49 PM 100998    690742    0.00    0.00    0.00    0.00    0.00     5  postgres
09:36:49 PM 100998    690743    0.00    0.00    0.00    0.00    0.00     4  postgres
09:36:49 PM 100998    690744    0.00    0.00    0.00    0.00    0.00     5  postgres
09:36:49 PM 100998    690746    0.00    0.00    0.00    0.00    0.00     6  postgres
09:36:49 PM 100998    690747    0.00    0.00    0.00    0.00    0.00     4  postgres
09:36:49 PM 100998    690749    0.00    0.00    0.00    0.00    0.00     6  postgres

09:36:49 PM   UID       PID    %usr %system  %guest   %wait    %CPU   CPU  Command
09:36:50 PM 100998    689780    0.00    0.00    0.00    0.00    0.00     6  postgres
09:36:50 PM 100998    689781    0.00    0.00    0.00    0.00    0.00     4  postgres
09:36:50 PM 100998    689783    0.00    0.00    0.00    0.00    0.00     6  postgres
09:36:50 PM 100998    689784    0.00    0.00    0.00    0.00    0.00     5  postgres
09:36:50 PM 100998    690610    0.00    0.00    0.00    0.00    0.00     5  postgres
09:36:50 PM 100998    690696    0.00    0.00    0.00    0.00    0.00     6  postgres
09:36:50 PM 100998    690700    0.00    0.00    0.00    0.00    0.00     4  postgres
09:36:50 PM 100998    690704    0.00    0.00    0.00    0.00    0.00     5  postgres
09:36:50 PM 100998    690710    0.00    0.00    0.00    0.00    0.00     6  postgres
09:36:50 PM 100998    690711    0.00    0.00    0.00    0.00    0.00     4  postgres
09:36:50 PM 100998    690717    0.00    0.00    0.00    0.00    0.00     4  postgres
09:36:50 PM 100998    690725    0.00    0.00    0.00    0.00    0.00     6  postgres
09:36:50 PM 100998    690730    0.00    0.00    0.00    0.00    0.00     5  postgres
09:36:50 PM 100998    690736    0.00    0.00    0.00    0.00    0.00     6  postgres
09:36:50 PM 100998    690737    0.00    0.00    0.00    0.00    0.00     6  postgres
09:36:50 PM 100998    690739    0.00    0.00    0.00    0.00    0.00     6  postgres
09:36:50 PM 100998    690740    0.00    0.00    0.00    0.00    0.00     6  postgres
09:36:50 PM 100998    690741    0.00    0.00    0.00    0.00    0.00     4  postgres
09:36:50 PM 100998    690742    0.00    0.00    0.00    0.00    0.00     5  postgres
09:36:50 PM 100998    690743    0.00    0.00    0.00    0.00    0.00     4  postgres
09:36:50 PM 100998    690744    0.00    0.00    0.00    0.00    0.00     5  postgres
09:36:50 PM 100998    690746    0.00    0.00    0.00    0.00    0.00     6  postgres
09:36:50 PM 100998    690747    0.00    0.00    0.00    0.00    0.00     4  postgres
09:36:50 PM 100998    690749    0.00    0.00    0.00    0.00    0.00     6  postgres

09:36:50 PM   UID       PID    %usr %system  %guest   %wait    %CPU   CPU  Command
09:36:51 PM 100998    689780    0.00    0.00    0.00    0.00    0.00     6  postgres
09:36:51 PM 100998    689781    0.00    0.00    0.00    0.00    0.00     4  postgres
09:36:51 PM 100998    689783    0.00    0.00    0.00    0.00    0.00     6  postgres
09:36:51 PM 100998    689784    0.00    0.00    0.00    0.00    0.00     5  postgres
09:36:51 PM 100998    690610    0.00    0.00    0.00    0.00    0.00     5  postgres
09:36:51 PM 100998    690696    0.00    0.00    0.00    0.00    0.00     6  postgres
09:36:51 PM 100998    690700    0.00    0.00    0.00    0.00    0.00     4  postgres
09:36:51 PM 100998    690704    0.00    0.00    0.00    0.00    0.00     5  postgres
09:36:51 PM 100998    690710    0.00    0.00    0.00    0.00    0.00     6  postgres
09:36:51 PM 100998    690711    0.00    0.00    0.00    0.00    0.00     4  postgres
09:36:51 PM 100998    690717    0.00    0.00    0.00    0.00    0.00     4  postgres
09:36:51 PM 100998    690725    0.00    0.00    0.00    0.00    0.00     6  postgres
09:36:51 PM 100998    690730    0.00    0.00    0.00    0.00    0.00     5  postgres
09:36:51 PM 100998    690736    0.00    0.00    0.00    0.00    0.00     6  postgres
09:36:51 PM 100998    690737    0.00    0.00    0.00    0.00    0.00     6  postgres
09:36:51 PM 100998    690739    0.00    0.00    0.00    0.00    0.00     6  postgres
09:36:51 PM 100998    690740    0.00    0.00    0.00    0.00    0.00     6  postgres
09:36:51 PM 100998    690741    0.00    0.00    0.00    0.00    0.00     4  postgres
09:36:51 PM 100998    690742    0.00    0.00    0.00    0.00    0.00     5  postgres
09:36:51 PM 100998    690743    0.00    0.00    0.00    0.00    0.00     4  postgres
09:36:51 PM 100998    690744    0.00    0.00    0.00    0.00    0.00     5  postgres
09:36:51 PM 100998    690746    0.00    0.00    0.00    0.00    0.00     6  postgres
09:36:51 PM 100998    690747    0.00    0.00    0.00    0.00    0.00     4  postgres
09:36:51 PM 100998    690749    0.00    0.00    0.00    0.00    0.00     6  postgres

09:36:51 PM   UID       PID    %usr %system  %guest   %wait    %CPU   CPU  Command
09:36:52 PM 100998    689780    0.00    0.00    0.00    0.00    0.00     6  postgres
09:36:52 PM 100998    689781    0.00    0.00    0.00    0.00    0.00     4  postgres
09:36:52 PM 100998    689783    0.00    0.00    0.00    0.00    0.00     6  postgres
09:36:52 PM 100998    689784    0.00    0.00    0.00    0.00    0.00     5  postgres
09:36:52 PM 100998    690610    0.00    0.00    0.00    0.00    0.00     5  postgres
09:36:52 PM 100998    690696    0.00    0.00    0.00    0.00    0.00     6  postgres
09:36:52 PM 100998    690700    0.00    0.00    0.00    0.00    0.00     4  postgres
09:36:52 PM 100998    690704    0.00    0.00    0.00    0.00    0.00     5  postgres
09:36:52 PM 100998    690710    0.00    0.00    0.00    0.00    0.00     6  postgres
09:36:52 PM 100998    690711    0.00    0.00    0.00    0.00    0.00     4  postgres
09:36:52 PM 100998    690717    0.00    0.00    0.00    0.00    0.00     4  postgres
09:36:52 PM 100998    690725    0.00    0.00    0.00    0.00    0.00     6  postgres
09:36:52 PM 100998    690730    0.00    0.00    0.00    0.00    0.00     5  postgres
09:36:52 PM 100998    690736    0.00    0.00    0.00    0.00    0.00     6  postgres
09:36:52 PM 100998    690737    0.00    0.00    0.00    0.00    0.00     6  postgres
09:36:52 PM 100998    690739    0.00    0.00    0.00    0.00    0.00     6  postgres
09:36:52 PM 100998    690740    0.00    0.00    0.00    0.00    0.00     6  postgres
09:36:52 PM 100998    690741    0.00    0.00    0.00    0.00    0.00     4  postgres
09:36:52 PM 100998    690742    0.00    0.00    0.00    0.00    0.00     5  postgres
09:36:52 PM 100998    690743    0.00    0.00    0.00    0.00    0.00     4  postgres
09:36:52 PM 100998    690744    0.00    0.00    0.00    0.00    0.00     5  postgres
09:36:52 PM 100998    690746    0.00    0.00    0.00    0.00    0.00     6  postgres
09:36:52 PM 100998    690747    0.00    0.00    0.00    0.00    0.00     4  postgres
09:36:52 PM 100998    690749    0.00    0.00    0.00    0.00    0.00     6  postgres

09:36:52 PM   UID       PID    %usr %system  %guest   %wait    %CPU   CPU  Command
09:36:53 PM 100998    689780    0.00    0.00    0.00    0.00    0.00     6  postgres
09:36:53 PM 100998    689781    0.00    0.00    0.00    0.00    0.00     4  postgres
09:36:53 PM 100998    689783    0.00    0.00    0.00    0.00    0.00     6  postgres
09:36:53 PM 100998    689784    0.00    0.00    0.00    0.00    0.00     5  postgres
09:36:53 PM 100998    690610    0.00    0.00    0.00    0.00    0.00     5  postgres
09:36:53 PM 100998    690696    0.00    0.00    0.00    0.00    0.00     6  postgres
09:36:53 PM 100998    690700    0.00    0.00    0.00    0.00    0.00     4  postgres
09:36:53 PM 100998    690704    0.00    0.00    0.00    0.00    0.00     5  postgres
09:36:53 PM 100998    690710    0.00    0.00    0.00    0.00    0.00     6  postgres
09:36:53 PM 100998    690711    0.00    0.00    0.00    0.00    0.00     4  postgres
09:36:53 PM 100998    690717    0.00    0.00    0.00    0.00    0.00     4  postgres
09:36:53 PM 100998    690725    0.00    0.00    0.00    0.00    0.00     6  postgres
09:36:53 PM 100998    690730    0.00    0.00    0.00    0.00    0.00     5  postgres
09:36:53 PM 100998    690736    0.00    0.00    0.00    0.00    0.00     6  postgres
09:36:53 PM 100998    690737    0.00    0.00    0.00    0.00    0.00     6  postgres
09:36:53 PM 100998    690739    0.00    0.00    0.00    0.00    0.00     6  postgres
09:36:53 PM 100998    690740    0.00    0.00    0.00    0.00    0.00     6  postgres
09:36:53 PM 100998    690741    0.00    0.00    0.00    0.00    0.00     4  postgres
09:36:53 PM 100998    690742    0.00    0.00    0.00    0.00    0.00     5  postgres
09:36:53 PM 100998    690743    0.00    0.00    0.00    0.00    0.00     4  postgres
09:36:53 PM 100998    690744    0.00    0.00    0.00    0.00    0.00     5  postgres
09:36:53 PM 100998    690746    0.00    0.00    0.00    0.00    0.00     6  postgres
09:36:53 PM 100998    690747    0.00    0.00    0.00    0.00    0.00     4  postgres
09:36:53 PM 100998    690749    0.00    0.00    0.00    0.00    0.00     6  postgres

09:36:53 PM   UID       PID    %usr %system  %guest   %wait    %CPU   CPU  Command
09:36:54 PM 100998    689780    0.00    0.00    0.00    0.00    0.00     6  postgres
09:36:54 PM 100998    689781    0.00    0.00    0.00    0.00    0.00     4  postgres
09:36:54 PM 100998    689783    0.00    0.00    0.00    0.00    0.00     6  postgres
09:36:54 PM 100998    689784    0.00    0.00    0.00    0.00    0.00     5  postgres
09:36:54 PM 100998    690610    0.00    0.00    0.00    0.00    0.00     5  postgres
09:36:54 PM 100998    690696    0.00    0.00    0.00    0.00    0.00     6  postgres
09:36:54 PM 100998    690700    0.00    0.00    0.00    0.00    0.00     4  postgres
09:36:54 PM 100998    690704    0.00    0.00    0.00    0.00    0.00     5  postgres
09:36:54 PM 100998    690710    0.00    0.00    0.00    0.00    0.00     6  postgres
09:36:54 PM 100998    690711    0.00    0.00    0.00    0.00    0.00     4  postgres
09:36:54 PM 100998    690717    0.00    0.00    0.00    0.00    0.00     4  postgres
09:36:54 PM 100998    690725    0.00    0.00    0.00    0.00    0.00     6  postgres
09:36:54 PM 100998    690730    0.00    0.00    0.00    0.00    0.00     5  postgres
09:36:54 PM 100998    690736    0.00    0.00    0.00    0.00    0.00     6  postgres
09:36:54 PM 100998    690737    0.00    0.00    0.00    0.00    0.00     6  postgres
09:36:54 PM 100998    690739    0.00    0.00    0.00    0.00    0.00     6  postgres
09:36:54 PM 100998    690740    0.00    0.00    0.00    0.00    0.00     6  postgres
09:36:54 PM 100998    690741    0.00    0.00    0.00    0.00    0.00     4  postgres
09:36:54 PM 100998    690742    0.00    0.00    0.00    0.00    0.00     5  postgres
09:36:54 PM 100998    690743    0.00    0.00    0.00    0.00    0.00     4  postgres
09:36:54 PM 100998    690744    0.00    0.00    0.00    0.00    0.00     5  postgres
09:36:54 PM 100998    690746    0.00    0.00    0.00    0.00    0.00     6  postgres
09:36:54 PM 100998    690747    0.00    0.00    0.00    0.00    0.00     4  postgres
09:36:54 PM 100998    690749    0.00    0.00    0.00    0.00    0.00     6  postgres

09:36:54 PM   UID       PID    %usr %system  %guest   %wait    %CPU   CPU  Command
09:36:55 PM 100998    689780    0.00    0.00    0.00    0.00    0.00     6  postgres
09:36:55 PM 100998    689781    0.00    0.00    0.00    0.00    0.00     4  postgres
09:36:55 PM 100998    689783    0.00    0.00    0.00    0.00    0.00     6  postgres
09:36:55 PM 100998    689784    0.00    0.00    0.00    0.00    0.00     5  postgres
09:36:55 PM 100998    690610    0.00    0.00    0.00    0.00    0.00     5  postgres
09:36:55 PM 100998    690696    0.00    0.00    0.00    0.00    0.00     6  postgres
09:36:55 PM 100998    690700    0.00    0.00    0.00    0.00    0.00     4  postgres
09:36:55 PM 100998    690704    0.00    0.00    0.00    0.00    0.00     5  postgres
09:36:55 PM 100998    690710    0.00    0.00    0.00    0.00    0.00     6  postgres
09:36:55 PM 100998    690711    0.00    0.00    0.00    0.00    0.00     4  postgres
09:36:55 PM 100998    690717    0.00    0.00    0.00    0.00    0.00     4  postgres
09:36:55 PM 100998    690725    0.00    0.00    0.00    0.00    0.00     6  postgres
09:36:55 PM 100998    690730    0.00    0.00    0.00    0.00    0.00     5  postgres
09:36:55 PM 100998    690736    0.00    0.00    0.00    0.00    0.00     6  postgres
09:36:55 PM 100998    690737    0.00    0.00    0.00    0.00    0.00     6  postgres
09:36:55 PM 100998    690739    0.00    0.00    0.00    0.00    0.00     6  postgres
09:36:55 PM 100998    690740    0.00    0.00    0.00    0.00    0.00     6  postgres
09:36:55 PM 100998    690741    0.00    0.00    0.00    0.00    0.00     4  postgres
09:36:55 PM 100998    690742    0.00    0.00    0.00    0.00    0.00     5  postgres
09:36:55 PM 100998    690743    0.00    0.00    0.00    0.00    0.00     4  postgres
09:36:55 PM 100998    690744    0.00    0.00    0.00    0.00    0.00     5  postgres
09:36:55 PM 100998    690746    0.00    0.00    0.00    0.00    0.00     6  postgres
09:36:55 PM 100998    690747    0.00    0.00    0.00    0.00    0.00     4  postgres
09:36:55 PM 100998    690749    0.00    0.00    0.00    0.00    0.00     6  postgres

09:36:55 PM   UID       PID    %usr %system  %guest   %wait    %CPU   CPU  Command
09:36:56 PM 100998    689780    0.00    0.00    0.00    0.00    0.00     6  postgres
09:36:56 PM 100998    689781    0.00    0.00    0.00    0.00    0.00     4  postgres
09:36:56 PM 100998    689783    0.00    0.00    0.00    0.00    0.00     6  postgres
09:36:56 PM 100998    689784    0.00    0.00    0.00    0.00    0.00     5  postgres
09:36:56 PM 100998    690610    0.00    0.00    0.00    0.00    0.00     5  postgres
09:36:56 PM 100998    690696    0.00    0.00    0.00    0.00    0.00     6  postgres
09:36:56 PM 100998    690700    0.00    0.00    0.00    0.00    0.00     4  postgres
09:36:56 PM 100998    690704    0.00    0.00    0.00    0.00    0.00     5  postgres
09:36:56 PM 100998    690710    0.00    0.00    0.00    0.00    0.00     6  postgres
09:36:56 PM 100998    690711    0.00    0.00    0.00    0.00    0.00     4  postgres
09:36:56 PM 100998    690717    0.00    0.00    0.00    0.00    0.00     4  postgres
09:36:56 PM 100998    690725    0.00    0.00    0.00    0.00    0.00     6  postgres
09:36:56 PM 100998    690730    0.00    0.00    0.00    0.00    0.00     5  postgres
09:36:56 PM 100998    690736    0.00    0.00    0.00    0.00    0.00     6  postgres
09:36:56 PM 100998    690737    0.00    0.00    0.00    0.00    0.00     6  postgres
09:36:56 PM 100998    690739    0.00    0.00    0.00    0.00    0.00     6  postgres
09:36:56 PM 100998    690740    0.00    0.00    0.00    0.00    0.00     6  postgres
09:36:56 PM 100998    690741    0.00    0.00    0.00    0.00    0.00     4  postgres
09:36:56 PM 100998    690742    0.00    0.00    0.00    0.00    0.00     5  postgres
09:36:56 PM 100998    690743    0.00    0.00    0.00    0.00    0.00     4  postgres
09:36:56 PM 100998    690744    0.00    0.00    0.00    0.00    0.00     5  postgres
09:36:56 PM 100998    690746    0.00    0.00    0.00    0.00    0.00     6  postgres
09:36:56 PM 100998    690747    0.00    0.00    0.00    0.00    0.00     4  postgres
09:36:56 PM 100998    690749    0.00    0.00    0.00    0.00    0.00     6  postgres

09:36:56 PM   UID       PID    %usr %system  %guest   %wait    %CPU   CPU  Command
09:36:57 PM 100998    689780    0.00    0.00    0.00    0.00    0.00     6  postgres
09:36:57 PM 100998    689781    0.00    0.00    0.00    0.00    0.00     4  postgres
09:36:57 PM 100998    689783    0.00    0.00    0.00    0.00    0.00     6  postgres
09:36:57 PM 100998    689784    0.00    0.00    0.00    0.00    0.00     5  postgres
09:36:57 PM 100998    690610    0.00    0.00    0.00    0.00    0.00     5  postgres
09:36:57 PM 100998    690696    0.00    0.00    0.00    0.00    0.00     6  postgres
09:36:57 PM 100998    690700    0.00    0.00    0.00    0.00    0.00     4  postgres
09:36:57 PM 100998    690704    0.00    0.00    0.00    0.00    0.00     5  postgres
09:36:57 PM 100998    690710    0.00    0.00    0.00    0.00    0.00     6  postgres
09:36:57 PM 100998    690711    0.00    0.00    0.00    0.00    0.00     4  postgres
09:36:57 PM 100998    690717    0.00    0.00    0.00    0.00    0.00     4  postgres
09:36:57 PM 100998    690725    0.00    0.00    0.00    0.00    0.00     6  postgres
09:36:57 PM 100998    690730    0.00    0.00    0.00    0.00    0.00     5  postgres
09:36:57 PM 100998    690736    0.00    0.00    0.00    0.00    0.00     6  postgres
09:36:57 PM 100998    690737    0.00    0.00    0.00    0.00    0.00     6  postgres
09:36:57 PM 100998    690739    0.00    0.00    0.00    0.00    0.00     6  postgres
09:36:57 PM 100998    690740    0.00    0.00    0.00    0.00    0.00     6  postgres
09:36:57 PM 100998    690741    0.00    0.00    0.00    0.00    0.00     4  postgres
09:36:57 PM 100998    690742    0.00    0.00    0.00    0.00    0.00     5  postgres
09:36:57 PM 100998    690743    0.00    0.00    0.00    0.00    0.00     4  postgres
09:36:57 PM 100998    690744    0.00    0.00    0.00    0.00    0.00     5  postgres
09:36:57 PM 100998    690746    0.00    0.00    0.00    0.00    0.00     6  postgres
09:36:57 PM 100998    690747    0.00    0.00    0.00    0.00    0.00     4  postgres
09:36:57 PM 100998    690749    0.00    0.00    0.00    0.00    0.00     6  postgres

09:36:57 PM   UID       PID    %usr %system  %guest   %wait    %CPU   CPU  Command
09:36:58 PM 100998    689780    0.00    0.00    0.00    0.00    0.00     6  postgres
09:36:58 PM 100998    689781    0.00    0.00    0.00    0.00    0.00     4  postgres
09:36:58 PM 100998    689783    0.00    0.00    0.00    0.00    0.00     6  postgres
09:36:58 PM 100998    689784    0.00    0.00    0.00    0.00    0.00     5  postgres
09:36:58 PM 100998    690610    0.00    0.00    0.00    0.00    0.00     5  postgres
09:36:58 PM 100998    690696    0.00    0.00    0.00    0.00    0.00     6  postgres
09:36:58 PM 100998    690700    0.00    0.00    0.00    0.00    0.00     4  postgres
09:36:58 PM 100998    690704    0.00    0.00    0.00    0.00    0.00     5  postgres
09:36:58 PM 100998    690710    0.00    0.00    0.00    0.00    0.00     6  postgres
09:36:58 PM 100998    690711    0.00    0.00    0.00    0.00    0.00     4  postgres
09:36:58 PM 100998    690717    0.00    0.00    0.00    0.00    0.00     4  postgres
09:36:58 PM 100998    690725    0.00    0.00    0.00    0.00    0.00     6  postgres
09:36:58 PM 100998    690730    0.00    0.00    0.00    0.00    0.00     5  postgres
09:36:58 PM 100998    690736    0.00    0.00    0.00    0.00    0.00     6  postgres
09:36:58 PM 100998    690737    0.00    0.00    0.00    0.00    0.00     6  postgres
09:36:58 PM 100998    690739    0.00    0.00    0.00    0.00    0.00     6  postgres
09:36:58 PM 100998    690740    0.00    0.00    0.00    0.00    0.00     6  postgres
09:36:58 PM 100998    690741    0.00    0.00    0.00    0.00    0.00     4  postgres
09:36:58 PM 100998    690742    0.00    0.00    0.00    0.00    0.00     5  postgres
09:36:58 PM 100998    690743    0.00    0.00    0.00    0.00    0.00     4  postgres
09:36:58 PM 100998    690744    0.00    0.00    0.00    0.00    0.00     5  postgres
09:36:58 PM 100998    690746    0.00    0.00    0.00    0.00    0.00     6  postgres
09:36:58 PM 100998    690747    0.00    0.00    0.00    0.00    0.00     4  postgres
09:36:58 PM 100998    690749    0.00    0.00    0.00    0.00    0.00     6  postgres

09:36:58 PM   UID       PID    %usr %system  %guest   %wait    %CPU   CPU  Command
09:36:59 PM 100998    689780    0.00    0.00    0.00    0.00    0.00     6  postgres
09:36:59 PM 100998    689781    0.00    0.00    0.00    0.00    0.00     4  postgres
09:36:59 PM 100998    689783    0.00    0.00    0.00    0.00    0.00     6  postgres
09:36:59 PM 100998    689784    0.00    0.00    0.00    0.00    0.00     5  postgres
09:36:59 PM 100998    690610    0.00    0.00    0.00    0.00    0.00     5  postgres
09:36:59 PM 100998    690696    0.00    0.00    0.00    0.00    0.00     6  postgres
09:36:59 PM 100998    690700    0.00    0.00    0.00    0.00    0.00     4  postgres
09:36:59 PM 100998    690704    0.00    0.00    0.00    0.00    0.00     5  postgres
09:36:59 PM 100998    690710    0.00    0.00    0.00    0.00    0.00     6  postgres
09:36:59 PM 100998    690711    0.00    0.00    0.00    0.00    0.00     4  postgres
09:36:59 PM 100998    690717    0.00    0.00    0.00    0.00    0.00     4  postgres
09:36:59 PM 100998    690725    0.00    0.00    0.00    0.00    0.00     6  postgres
09:36:59 PM 100998    690730    0.00    0.00    0.00    0.00    0.00     5  postgres
09:36:59 PM 100998    690736    0.00    0.00    0.00    0.00    0.00     6  postgres
09:36:59 PM 100998    690737    0.00    0.00    0.00    0.00    0.00     6  postgres
09:36:59 PM 100998    690739    0.00    0.00    0.00    0.00    0.00     6  postgres
09:36:59 PM 100998    690740    0.00    0.00    0.00    0.00    0.00     6  postgres
09:36:59 PM 100998    690741    0.00    0.00    0.00    0.00    0.00     4  postgres
09:36:59 PM 100998    690742    0.00    0.00    0.00    0.00    0.00     5  postgres
09:36:59 PM 100998    690743    0.00    0.00    0.00    0.00    0.00     4  postgres
09:36:59 PM 100998    690744    0.00    0.00    0.00    0.00    0.00     5  postgres
09:36:59 PM 100998    690746    0.00    0.00    0.00    0.00    0.00     6  postgres
09:36:59 PM 100998    690747    0.00    0.00    0.00    0.00    0.00     4  postgres
09:36:59 PM 100998    690749    0.00    0.00    0.00    0.00    0.00     6  postgres

09:36:59 PM   UID       PID    %usr %system  %guest   %wait    %CPU   CPU  Command
09:37:00 PM 100998    689780    0.00    0.00    0.00    0.00    0.00     6  postgres
09:37:00 PM 100998    689781    0.00    0.00    0.00    0.00    0.00     4  postgres
09:37:00 PM 100998    689783    0.00    0.00    0.00    0.00    0.00     6  postgres
09:37:00 PM 100998    689784    0.00    0.00    0.00    0.00    0.00     5  postgres
09:37:00 PM 100998    690610    0.00    0.00    0.00    0.00    0.00     5  postgres
09:37:00 PM 100998    690696    0.00    0.00    0.00    0.00    0.00     6  postgres
09:37:00 PM 100998    690700    0.00    0.00    0.00    0.00    0.00     4  postgres
09:37:00 PM 100998    690704    0.00    0.00    0.00    0.00    0.00     5  postgres
09:37:00 PM 100998    690710    0.00    0.00    0.00    0.00    0.00     6  postgres
09:37:00 PM 100998    690711    0.00    0.00    0.00    0.00    0.00     4  postgres
09:37:00 PM 100998    690717    0.00    0.00    0.00    0.00    0.00     4  postgres
09:37:00 PM 100998    690725    0.00    0.00    0.00    0.00    0.00     6  postgres
09:37:00 PM 100998    690730    0.00    0.00    0.00    0.00    0.00     5  postgres
09:37:00 PM 100998    690736    0.00    0.00    0.00    0.00    0.00     6  postgres
09:37:00 PM 100998    690737    0.00    0.00    0.00    0.00    0.00     6  postgres
09:37:00 PM 100998    690739    0.00    0.00    0.00    0.00    0.00     6  postgres
09:37:00 PM 100998    690740    0.00    0.00    0.00    0.00    0.00     6  postgres
09:37:00 PM 100998    690741    0.00    0.00    0.00    0.00    0.00     4  postgres
09:37:00 PM 100998    690742    0.00    0.00    0.00    0.00    0.00     5  postgres
09:37:00 PM 100998    690743    0.00    0.00    0.00    0.00    0.00     4  postgres
09:37:00 PM 100998    690744    0.00    0.00    0.00    0.00    0.00     5  postgres
09:37:00 PM 100998    690746    0.00    0.00    0.00    0.00    0.00     6  postgres
09:37:00 PM 100998    690747    0.00    0.00    0.00    0.00    0.00     4  postgres
09:37:00 PM 100998    690749    0.00    0.00    0.00    0.00    0.00     6  postgres

09:37:00 PM   UID       PID    %usr %system  %guest   %wait    %CPU   CPU  Command
09:37:01 PM 100998    689780    0.00    0.00    0.00    0.00    0.00     6  postgres
09:37:01 PM 100998    689781    0.00    0.00    0.00    0.00    0.00     4  postgres
09:37:01 PM 100998    689783    0.00    0.00    0.00    0.00    0.00     6  postgres
09:37:01 PM 100998    689784    0.00    0.00    0.00    0.00    0.00     5  postgres
09:37:01 PM 100998    690610    0.00    0.00    0.00    0.00    0.00     5  postgres
09:37:01 PM 100998    690696    0.00    0.00    0.00    0.00    0.00     6  postgres
09:37:01 PM 100998    690700    0.00    0.00    0.00    0.00    0.00     4  postgres
09:37:01 PM 100998    690704    0.00    0.00    0.00    0.00    0.00     5  postgres
09:37:01 PM 100998    690710    0.00    0.00    0.00    0.00    0.00     6  postgres
09:37:01 PM 100998    690711    0.00    0.00    0.00    0.00    0.00     4  postgres
09:37:01 PM 100998    690717    0.00    0.00    0.00    0.00    0.00     4  postgres
09:37:01 PM 100998    690725    0.00    0.00    0.00    0.00    0.00     6  postgres
09:37:01 PM 100998    690730    0.00    0.00    0.00    0.00    0.00     5  postgres
09:37:01 PM 100998    690736    0.00    0.00    0.00    0.00    0.00     6  postgres
09:37:01 PM 100998    690737    0.00    0.00    0.00    0.00    0.00     6  postgres
09:37:01 PM 100998    690739    0.00    0.00    0.00    0.00    0.00     6  postgres
09:37:01 PM 100998    690740    0.00    0.00    0.00    0.00    0.00     6  postgres
09:37:01 PM 100998    690741    0.00    0.00    0.00    0.00    0.00     4  postgres
09:37:01 PM 100998    690742    0.00    0.00    0.00    0.00    0.00     5  postgres
09:37:01 PM 100998    690743    0.00    0.00    0.00    0.00    0.00     4  postgres
09:37:01 PM 100998    690744    0.00    0.00    0.00    0.00    0.00     5  postgres
09:37:01 PM 100998    690746    0.00    0.00    0.00    0.00    0.00     6  postgres
09:37:01 PM 100998    690747    0.00    0.00    0.00    0.00    0.00     4  postgres
09:37:01 PM 100998    690749    0.00    0.00    0.00    0.00    0.00     6  postgres

09:37:01 PM   UID       PID    %usr %system  %guest   %wait    %CPU   CPU  Command
09:37:02 PM 100998    689780    0.00    0.00    0.00    0.00    0.00     6  postgres
09:37:02 PM 100998    689781    0.00    0.00    0.00    0.00    0.00     4  postgres
09:37:02 PM 100998    689783    0.00    0.00    0.00    0.00    0.00     6  postgres
09:37:02 PM 100998    689784    0.00    0.00    0.00    0.00    0.00     5  postgres
09:37:02 PM 100998    690610    0.00    0.00    0.00    0.00    0.00     5  postgres
09:37:02 PM 100998    690696    0.00    0.00    0.00    0.00    0.00     6  postgres
09:37:02 PM 100998    690700    0.00    0.00    0.00    0.00    0.00     4  postgres
09:37:02 PM 100998    690704    0.00    0.00    0.00    0.00    0.00     5  postgres
09:37:02 PM 100998    690710    0.00    0.00    0.00    0.00    0.00     6  postgres
09:37:02 PM 100998    690711    0.00    0.00    0.00    0.00    0.00     4  postgres
09:37:02 PM 100998    690717    0.00    0.00    0.00    0.00    0.00     4  postgres
09:37:02 PM 100998    690725    0.00    0.00    0.00    0.00    0.00     6  postgres
09:37:02 PM 100998    690730    0.00    0.00    0.00    0.00    0.00     5  postgres
09:37:02 PM 100998    690736    0.00    0.00    0.00    0.00    0.00     6  postgres
09:37:02 PM 100998    690737    0.00    0.00    0.00    0.00    0.00     6  postgres
09:37:02 PM 100998    690739    0.00    0.00    0.00    0.00    0.00     6  postgres
09:37:02 PM 100998    690740    0.00    0.00    0.00    0.00    0.00     6  postgres
09:37:02 PM 100998    690741    0.00    0.00    0.00    0.00    0.00     4  postgres
09:37:02 PM 100998    690742    0.00    0.00    0.00    0.00    0.00     5  postgres
09:37:02 PM 100998    690743    0.00    0.00    0.00    0.00    0.00     4  postgres
09:37:02 PM 100998    690744    0.00    0.00    0.00    0.00    0.00     5  postgres
09:37:02 PM 100998    690746    0.00    0.00    0.00    0.00    0.00     6  postgres
09:37:02 PM 100998    690747    0.00    0.00    0.00    0.00    0.00     4  postgres
09:37:02 PM 100998    690749    0.00    0.00    0.00    0.00    0.00     6  postgres

09:37:02 PM   UID       PID    %usr %system  %guest   %wait    %CPU   CPU  Command
09:37:03 PM 100998    689780    0.00    0.00    0.00    0.00    0.00     6  postgres
09:37:03 PM 100998    689781    0.00    0.00    0.00    0.00    0.00     4  postgres
09:37:03 PM 100998    689783    0.00    0.00    0.00    0.00    0.00     6  postgres
09:37:03 PM 100998    689784    0.00    0.00    0.00    0.00    0.00     5  postgres
09:37:03 PM 100998    690610    0.00    0.00    0.00    0.00    0.00     5  postgres
09:37:03 PM 100998    690696    0.00    0.00    0.00    0.00    0.00     6  postgres
09:37:03 PM 100998    690700    0.00    0.00    0.00    0.00    0.00     4  postgres
09:37:03 PM 100998    690704    0.00    0.00    0.00    0.00    0.00     5  postgres
09:37:03 PM 100998    690710    0.00    0.00    0.00    0.00    0.00     6  postgres
09:37:03 PM 100998    690711    0.00    0.00    0.00    0.00    0.00     4  postgres
09:37:03 PM 100998    690717    0.00    0.00    0.00    0.00    0.00     4  postgres
09:37:03 PM 100998    690725    0.00    0.00    0.00    0.00    0.00     6  postgres
09:37:03 PM 100998    690730    0.00    0.00    0.00    0.00    0.00     5  postgres
09:37:03 PM 100998    690736    0.00    0.00    0.00    0.00    0.00     6  postgres
09:37:03 PM 100998    690737    0.00    0.00    0.00    0.00    0.00     6  postgres
09:37:03 PM 100998    690739    0.00    0.00    0.00    0.00    0.00     6  postgres
09:37:03 PM 100998    690740    0.00    0.00    0.00    0.00    0.00     6  postgres
09:37:03 PM 100998    690741    0.00    0.00    0.00    0.00    0.00     4  postgres
09:37:03 PM 100998    690742    0.00    0.00    0.00    0.00    0.00     5  postgres
09:37:03 PM 100998    690743    0.00    0.00    0.00    0.00    0.00     4  postgres
09:37:03 PM 100998    690744    0.00    0.00    0.00    0.00    0.00     5  postgres
09:37:03 PM 100998    690746    0.00    0.00    0.00    0.00    0.00     6  postgres
09:37:03 PM 100998    690747    0.00    0.00    0.00    0.00    0.00     4  postgres
09:37:03 PM 100998    690749    0.00    0.00    0.00    0.00    0.00     6  postgres

09:37:03 PM   UID       PID    %usr %system  %guest   %wait    %CPU   CPU  Command
09:37:04 PM 100998    689780    0.00    0.00    0.00    0.00    0.00     6  postgres
09:37:04 PM 100998    689781    0.00    0.00    0.00    0.00    0.00     4  postgres
09:37:04 PM 100998    689783    0.00    0.00    0.00    0.00    0.00     6  postgres
09:37:04 PM 100998    689784    0.00    0.00    0.00    0.00    0.00     5  postgres
09:37:04 PM 100998    690610    0.00    0.00    0.00    0.00    0.00     5  postgres
09:37:04 PM 100998    690696    0.00    0.00    0.00    0.00    0.00     6  postgres
09:37:04 PM 100998    690700    0.00    0.00    0.00    0.00    0.00     4  postgres
09:37:04 PM 100998    690704    0.00    0.00    0.00    0.00    0.00     5  postgres
09:37:04 PM 100998    690710    0.00    0.00    0.00    0.00    0.00     6  postgres
09:37:04 PM 100998    690711    0.00    0.00    0.00    0.00    0.00     4  postgres
09:37:04 PM 100998    690717    0.00    0.00    0.00    0.00    0.00     4  postgres
09:37:04 PM 100998    690725    0.00    0.00    0.00    0.00    0.00     6  postgres
09:37:04 PM 100998    690730    0.00    0.00    0.00    0.00    0.00     5  postgres
09:37:04 PM 100998    690736    0.00    0.00    0.00    0.00    0.00     6  postgres
09:37:04 PM 100998    690737    0.00    0.00    0.00    0.00    0.00     6  postgres
09:37:04 PM 100998    690739    0.00    0.00    0.00    0.00    0.00     6  postgres
09:37:04 PM 100998    690740    0.00    0.00    0.00    0.00    0.00     6  postgres
09:37:04 PM 100998    690741    0.00    0.00    0.00    0.00    0.00     4  postgres
09:37:04 PM 100998    690742    0.00    0.00    0.00    0.00    0.00     5  postgres
09:37:04 PM 100998    690743    0.00    0.00    0.00    0.00    0.00     4  postgres
09:37:04 PM 100998    690744    0.00    0.00    0.00    0.00    0.00     5  postgres
09:37:04 PM 100998    690746    0.00    0.00    0.00    0.00    0.00     6  postgres
09:37:04 PM 100998    690747    0.00    0.00    0.00    0.00    0.00     4  postgres
09:37:04 PM 100998    690749    0.00    0.00    0.00    0.00    0.00     6  postgres

09:37:04 PM   UID       PID    %usr %system  %guest   %wait    %CPU   CPU  Command
09:37:05 PM 100998    689780    0.00    0.00    0.00    0.00    0.00     6  postgres
09:37:05 PM 100998    689781    0.00    0.00    0.00    0.00    0.00     4  postgres
09:37:05 PM 100998    689783    0.00    0.00    0.00    0.00    0.00     6  postgres
09:37:05 PM 100998    689784    0.00    0.00    0.00    0.00    0.00     5  postgres
09:37:05 PM 100998    690610    0.00    0.00    0.00    0.00    0.00     5  postgres
09:37:05 PM 100998    690696    0.00    0.00    0.00    0.00    0.00     6  postgres
09:37:05 PM 100998    690700    0.00    0.00    0.00    0.00    0.00     4  postgres
09:37:05 PM 100998    690704    0.00    0.00    0.00    0.00    0.00     5  postgres
09:37:05 PM 100998    690710    0.00    0.00    0.00    0.00    0.00     6  postgres
09:37:05 PM 100998    690711    0.00    0.00    0.00    0.00    0.00     4  postgres
09:37:05 PM 100998    690717    0.00    0.00    0.00    0.00    0.00     4  postgres
09:37:05 PM 100998    690725    0.00    0.00    0.00    0.00    0.00     6  postgres
09:37:05 PM 100998    690730    0.00    0.00    0.00    0.00    0.00     5  postgres
09:37:05 PM 100998    690736    0.00    0.00    0.00    0.00    0.00     6  postgres
09:37:05 PM 100998    690737    0.00    0.00    0.00    0.00    0.00     6  postgres
09:37:05 PM 100998    690739    0.00    0.00    0.00    0.00    0.00     6  postgres
09:37:05 PM 100998    690740    0.00    0.00    0.00    0.00    0.00     6  postgres
09:37:05 PM 100998    690741    0.00    0.00    0.00    0.00    0.00     4  postgres
09:37:05 PM 100998    690742    0.00    0.00    0.00    0.00    0.00     5  postgres
09:37:05 PM 100998    690743    0.00    0.00    0.00    0.00    0.00     4  postgres
09:37:05 PM 100998    690744    0.00    0.00    0.00    0.00    0.00     5  postgres
09:37:05 PM 100998    690746    0.00    0.00    0.00    0.00    0.00     6  postgres
09:37:05 PM 100998    690747    0.00    0.00    0.00    0.00    0.00     4  postgres
09:37:05 PM 100998    690749    0.00    0.00    0.00    0.00    0.00     6  postgres

09:37:05 PM   UID       PID    %usr %system  %guest   %wait    %CPU   CPU  Command
09:37:06 PM 100998    689780    0.00    0.00    0.00    0.00    0.00     6  postgres
09:37:06 PM 100998    689781    0.00    0.00    0.00    0.00    0.00     4  postgres
09:37:06 PM 100998    689783    0.00    0.00    0.00    0.00    0.00     6  postgres
09:37:06 PM 100998    689784    0.00    0.00    0.00    0.00    0.00     5  postgres
09:37:06 PM 100998    690610    0.00    0.00    0.00    0.00    0.00     5  postgres
09:37:06 PM 100998    690696    0.00    0.00    0.00    0.00    0.00     6  postgres
09:37:06 PM 100998    690700    0.00    0.00    0.00    0.00    0.00     4  postgres
09:37:06 PM 100998    690704    0.00    0.00    0.00    0.00    0.00     5  postgres
09:37:06 PM 100998    690710    0.00    0.00    0.00    0.00    0.00     6  postgres
09:37:06 PM 100998    690711    0.00    0.00    0.00    0.00    0.00     4  postgres
09:37:06 PM 100998    690717    0.00    0.00    0.00    0.00    0.00     4  postgres
09:37:06 PM 100998    690725    0.00    0.00    0.00    0.00    0.00     6  postgres
09:37:06 PM 100998    690730    0.00    0.00    0.00    0.00    0.00     5  postgres
09:37:06 PM 100998    690736    0.00    0.00    0.00    0.00    0.00     6  postgres
09:37:06 PM 100998    690737    0.00    0.00    0.00    0.00    0.00     6  postgres
09:37:06 PM 100998    690739    0.00    0.00    0.00    0.00    0.00     6  postgres
09:37:06 PM 100998    690740    0.00    0.00    0.00    0.00    0.00     6  postgres
09:37:06 PM 100998    690741    0.00    0.00    0.00    0.00    0.00     4  postgres
09:37:06 PM 100998    690742    0.00    0.00    0.00    0.00    0.00     5  postgres
09:37:06 PM 100998    690743    0.00    0.00    0.00    0.00    0.00     4  postgres
09:37:06 PM 100998    690744    0.00    0.00    0.00    0.00    0.00     5  postgres
09:37:06 PM 100998    690746    0.00    0.00    0.00    0.00    0.00     6  postgres
09:37:06 PM 100998    690747    0.00    0.00    0.00    0.00    0.00     4  postgres
09:37:06 PM 100998    690749    0.00    0.00    0.00    0.00    0.00     6  postgres

09:37:06 PM   UID       PID    %usr %system  %guest   %wait    %CPU   CPU  Command
09:37:07 PM 100998    689780    0.00    0.00    0.00    0.00    0.00     6  postgres
09:37:07 PM 100998    689781    0.00    0.00    0.00    0.00    0.00     4  postgres
09:37:07 PM 100998    689783    0.00    0.00    0.00    0.00    0.00     6  postgres
09:37:07 PM 100998    689784    0.00    0.00    0.00    0.00    0.00     5  postgres
09:37:07 PM 100998    690610    0.00    0.00    0.00    0.00    0.00     5  postgres
09:37:07 PM 100998    690696    0.00    0.00    0.00    0.00    0.00     6  postgres
09:37:07 PM 100998    690700    0.00    0.00    0.00    0.00    0.00     4  postgres
09:37:07 PM 100998    690704    0.00    0.00    0.00    0.00    0.00     5  postgres
09:37:07 PM 100998    690710    0.00    0.00    0.00    0.00    0.00     6  postgres
09:37:07 PM 100998    690711    0.00    0.00    0.00    0.00    0.00     4  postgres
09:37:07 PM 100998    690717    0.00    0.00    0.00    0.00    0.00     4  postgres
09:37:07 PM 100998    690725    0.00    0.00    0.00    0.00    0.00     6  postgres
09:37:07 PM 100998    690730    0.00    0.00    0.00    0.00    0.00     5  postgres
09:37:07 PM 100998    690736    0.00    0.00    0.00    0.00    0.00     6  postgres
09:37:07 PM 100998    690737    0.00    0.00    0.00    0.00    0.00     6  postgres
09:37:07 PM 100998    690739    0.00    0.00    0.00    0.00    0.00     6  postgres
09:37:07 PM 100998    690740    0.00    0.00    0.00    0.00    0.00     6  postgres
09:37:07 PM 100998    690741    0.00    0.00    0.00    0.00    0.00     4  postgres
09:37:07 PM 100998    690742    0.00    0.00    0.00    0.00    0.00     5  postgres
09:37:07 PM 100998    690743    0.00    0.00    0.00    0.00    0.00     4  postgres
09:37:07 PM 100998    690744    0.00    0.00    0.00    0.00    0.00     5  postgres
09:37:07 PM 100998    690746    0.00    0.00    0.00    0.00    0.00     6  postgres
09:37:07 PM 100998    690747    0.00    0.00    0.00    0.00    0.00     4  postgres
09:37:07 PM 100998    690749    0.00    0.00    0.00    0.00    0.00     6  postgres

09:37:07 PM   UID       PID    %usr %system  %guest   %wait    %CPU   CPU  Command
09:37:08 PM 100998    689780    0.00    0.00    0.00    0.00    0.00     6  postgres
09:37:08 PM 100998    689781    0.00    0.00    0.00    0.00    0.00     4  postgres
09:37:08 PM 100998    689783    0.00    0.00    0.00    0.00    0.00     6  postgres
09:37:08 PM 100998    689784    0.00    0.00    0.00    0.00    0.00     5  postgres
09:37:08 PM 100998    690610    0.00    0.00    0.00    0.00    0.00     5  postgres
09:37:08 PM 100998    690696    0.00    0.00    0.00    0.00    0.00     6  postgres
09:37:08 PM 100998    690700    0.00    0.00    0.00    0.00    0.00     4  postgres
09:37:08 PM 100998    690704    0.00    0.00    0.00    0.00    0.00     5  postgres
09:37:08 PM 100998    690710    0.00    0.00    0.00    0.00    0.00     6  postgres
09:37:08 PM 100998    690711    0.00    0.00    0.00    0.00    0.00     4  postgres
09:37:08 PM 100998    690717    0.00    0.00    0.00    0.00    0.00     4  postgres
09:37:08 PM 100998    690725    0.00    0.00    0.00    0.00    0.00     6  postgres
09:37:08 PM 100998    690730    0.00    0.00    0.00    0.00    0.00     5  postgres
09:37:08 PM 100998    690736    0.00    0.00    0.00    0.00    0.00     6  postgres
09:37:08 PM 100998    690737    0.00    0.00    0.00    0.00    0.00     6  postgres
09:37:08 PM 100998    690739    0.00    0.00    0.00    0.00    0.00     6  postgres
09:37:08 PM 100998    690740    0.00    0.00    0.00    0.00    0.00     6  postgres
09:37:08 PM 100998    690741    0.00    0.00    0.00    0.00    0.00     4  postgres
09:37:08 PM 100998    690742    0.00    0.00    0.00    0.00    0.00     5  postgres
09:37:08 PM 100998    690743    0.00    0.00    0.00    0.00    0.00     4  postgres
09:37:08 PM 100998    690744    0.00    0.00    0.00    0.00    0.00     5  postgres
09:37:08 PM 100998    690746    0.00    0.00    0.00    0.00    0.00     6  postgres
09:37:08 PM 100998    690747    0.00    0.00    0.00    0.00    0.00     4  postgres
09:37:08 PM 100998    690749    0.00    0.00    0.00    0.00    0.00     6  postgres

09:37:08 PM   UID       PID    %usr %system  %guest   %wait    %CPU   CPU  Command
09:37:09 PM 100998    689780    0.00    0.00    0.00    0.00    0.00     6  postgres
09:37:09 PM 100998    689781    0.00    0.00    0.00    0.00    0.00     4  postgres
09:37:09 PM 100998    689783    0.00    0.00    0.00    0.00    0.00     6  postgres
09:37:09 PM 100998    689784    0.00    0.00    0.00    0.00    0.00     5  postgres
09:37:09 PM 100998    690610    0.00    0.00    0.00    0.00    0.00     5  postgres
09:37:09 PM 100998    690696    0.00    0.00    0.00    0.00    0.00     6  postgres
09:37:09 PM 100998    690700    0.00    0.00    0.00    0.00    0.00     4  postgres
09:37:09 PM 100998    690704    0.00    0.00    0.00    0.00    0.00     5  postgres
09:37:09 PM 100998    690710    0.00    0.00    0.00    0.00    0.00     6  postgres
09:37:09 PM 100998    690711    0.00    0.00    0.00    0.00    0.00     4  postgres
09:37:09 PM 100998    690717    0.00    0.00    0.00    0.00    0.00     4  postgres
09:37:09 PM 100998    690725    0.00    0.00    0.00    0.00    0.00     6  postgres
09:37:09 PM 100998    690730    0.00    0.00    0.00    0.00    0.00     5  postgres
09:37:09 PM 100998    690736    0.00    0.00    0.00    0.00    0.00     6  postgres
09:37:09 PM 100998    690737    0.00    0.00    0.00    0.00    0.00     6  postgres
09:37:09 PM 100998    690739    0.00    0.00    0.00    0.00    0.00     6  postgres
09:37:09 PM 100998    690740    0.00    0.00    0.00    0.00    0.00     6  postgres
09:37:09 PM 100998    690741    0.00    0.00    0.00    0.00    0.00     4  postgres
09:37:09 PM 100998    690742    0.00    0.00    0.00    0.00    0.00     5  postgres
09:37:09 PM 100998    690743    0.00    0.00    0.00    0.00    0.00     4  postgres
09:37:09 PM 100998    690744    0.00    0.00    0.00    0.00    0.00     5  postgres
09:37:09 PM 100998    690746    0.00    0.00    0.00    0.00    0.00     6  postgres
09:37:09 PM 100998    690747    0.00    0.00    0.00    0.00    0.00     4  postgres
09:37:09 PM 100998    690749    0.00    0.00    0.00    0.00    0.00     6  postgres

09:37:09 PM   UID       PID    %usr %system  %guest   %wait    %CPU   CPU  Command
09:37:10 PM 100998    689780    0.00    0.00    0.00    0.00    0.00     6  postgres
09:37:10 PM 100998    689781    0.00    0.00    0.00    0.00    0.00     4  postgres
09:37:10 PM 100998    689783    0.00    0.00    0.00    0.00    0.00     6  postgres
09:37:10 PM 100998    689784    0.00    0.00    0.00    0.00    0.00     5  postgres
09:37:10 PM 100998    690610    0.00    0.00    0.00    0.00    0.00     5  postgres
09:37:10 PM 100998    690696    0.00    0.00    0.00    0.00    0.00     6  postgres
09:37:10 PM 100998    690700    0.00    0.00    0.00    0.00    0.00     4  postgres
09:37:10 PM 100998    690704    0.00    0.00    0.00    0.00    0.00     5  postgres
09:37:10 PM 100998    690710    0.00    0.00    0.00    0.00    0.00     6  postgres
09:37:10 PM 100998    690711    0.00    0.00    0.00    0.00    0.00     4  postgres
09:37:10 PM 100998    690717    0.00    0.00    0.00    0.00    0.00     4  postgres
09:37:10 PM 100998    690725    0.00    0.00    0.00    0.00    0.00     6  postgres
09:37:10 PM 100998    690730    0.00    0.00    0.00    0.00    0.00     5  postgres
09:37:10 PM 100998    690736    0.00    0.00    0.00    0.00    0.00     6  postgres
09:37:10 PM 100998    690737    0.00    0.00    0.00    0.00    0.00     6  postgres
09:37:10 PM 100998    690739    0.00    0.00    0.00    0.00    0.00     6  postgres
09:37:10 PM 100998    690740    0.00    0.00    0.00    0.00    0.00     6  postgres
09:37:10 PM 100998    690741    0.00    0.00    0.00    0.00    0.00     4  postgres
09:37:10 PM 100998    690742    0.00    0.00    0.00    0.00    0.00     5  postgres
09:37:10 PM 100998    690743    0.00    0.00    0.00    0.00    0.00     4  postgres
09:37:10 PM 100998    690744    0.00    0.00    0.00    0.00    0.00     5  postgres
09:37:10 PM 100998    690746    0.00    0.00    0.00    0.00    0.00     6  postgres
09:37:10 PM 100998    690747    0.00    0.00    0.00    0.00    0.00     4  postgres
09:37:10 PM 100998    690749    0.00    0.00    0.00    0.00    0.00     6  postgres

09:37:10 PM   UID       PID    %usr %system  %guest   %wait    %CPU   CPU  Command
09:37:11 PM 100998    689780    0.00    0.00    0.00    0.00    0.00     6  postgres
09:37:11 PM 100998    689781    0.00    0.00    0.00    0.00    0.00     4  postgres
09:37:11 PM 100998    689783    0.00    0.00    0.00    0.00    0.00     6  postgres
09:37:11 PM 100998    689784    0.00    0.00    0.00    0.00    0.00     5  postgres
09:37:11 PM 100998    690610    0.00    0.00    0.00    0.00    0.00     5  postgres
09:37:11 PM 100998    690696    0.00    0.00    0.00    0.00    0.00     6  postgres
09:37:11 PM 100998    690700    0.00    0.00    0.00    0.00    0.00     4  postgres
09:37:11 PM 100998    690704    0.00    0.00    0.00    0.00    0.00     5  postgres
09:37:11 PM 100998    690710    0.00    0.00    0.00    0.00    0.00     6  postgres
09:37:11 PM 100998    690711    0.00    0.00    0.00    0.00    0.00     4  postgres
09:37:11 PM 100998    690717    0.00    0.00    0.00    0.00    0.00     4  postgres
09:37:11 PM 100998    690725    0.00    0.00    0.00    0.00    0.00     6  postgres
09:37:11 PM 100998    690730    0.00    0.00    0.00    0.00    0.00     5  postgres
09:37:11 PM 100998    690736    0.00    0.00    0.00    0.00    0.00     6  postgres
09:37:11 PM 100998    690737    0.00    0.00    0.00    0.00    0.00     6  postgres
09:37:11 PM 100998    690739    0.00    0.00    0.00    0.00    0.00     6  postgres
09:37:11 PM 100998    690740    0.00    0.00    0.00    0.00    0.00     6  postgres
09:37:11 PM 100998    690741    0.00    0.00    0.00    0.00    0.00     4  postgres
09:37:11 PM 100998    690742    0.00    0.00    0.00    0.00    0.00     5  postgres
09:37:11 PM 100998    690743    0.00    0.00    0.00    0.00    0.00     4  postgres
09:37:11 PM 100998    690744    0.00    0.00    0.00    0.00    0.00     5  postgres
09:37:11 PM 100998    690746    0.00    0.00    0.00    0.00    0.00     6  postgres
09:37:11 PM 100998    690747    0.00    0.00    0.00    0.00    0.00     4  postgres
09:37:11 PM 100998    690749    0.00    0.00    0.00    0.00    0.00     6  postgres

09:37:11 PM   UID       PID    %usr %system  %guest   %wait    %CPU   CPU  Command
09:37:12 PM 100998    689780    0.00    0.00    0.00    0.00    0.00     6  postgres
09:37:12 PM 100998    689781    0.00    0.00    0.00    0.00    0.00     4  postgres
09:37:12 PM 100998    689783    0.00    0.00    0.00    0.00    0.00     6  postgres
09:37:12 PM 100998    689784    0.00    0.00    0.00    0.00    0.00     5  postgres
09:37:12 PM 100998    690610    0.00    0.00    0.00    0.00    0.00     5  postgres
09:37:12 PM 100998    690696    0.00    0.00    0.00    0.00    0.00     6  postgres
09:37:12 PM 100998    690700    0.00    0.00    0.00    0.00    0.00     4  postgres
09:37:12 PM 100998    690704    0.00    0.00    0.00    0.00    0.00     5  postgres
09:37:12 PM 100998    690710    0.00    0.00    0.00    0.00    0.00     6  postgres
09:37:12 PM 100998    690711    0.00    0.00    0.00    0.00    0.00     4  postgres
09:37:12 PM 100998    690717    0.00    0.00    0.00    0.00    0.00     4  postgres
09:37:12 PM 100998    690725    0.00    0.00    0.00    0.00    0.00     6  postgres
09:37:12 PM 100998    690730    0.00    0.00    0.00    0.00    0.00     5  postgres
09:37:12 PM 100998    690736    0.00    0.00    0.00    0.00    0.00     6  postgres
09:37:12 PM 100998    690737    0.00    0.00    0.00    0.00    0.00     6  postgres
09:37:12 PM 100998    690739    0.00    0.00    0.00    0.00    0.00     6  postgres
09:37:12 PM 100998    690740    0.00    0.00    0.00    0.00    0.00     6  postgres
09:37:12 PM 100998    690741    0.00    0.00    0.00    0.00    0.00     4  postgres
09:37:12 PM 100998    690742    0.00    0.00    0.00    0.00    0.00     5  postgres
09:37:12 PM 100998    690743    0.00    0.00    0.00    0.00    0.00     4  postgres
09:37:12 PM 100998    690744    0.00    0.00    0.00    0.00    0.00     5  postgres
09:37:12 PM 100998    690746    0.00    0.00    0.00    0.00    0.00     6  postgres
09:37:12 PM 100998    690747    0.00    0.00    0.00    0.00    0.00     4  postgres
09:37:12 PM 100998    690749    0.00    0.00    0.00    0.00    0.00     6  postgres

09:37:12 PM   UID       PID    %usr %system  %guest   %wait    %CPU   CPU  Command
09:37:13 PM 100998    689780    0.00    0.00    0.00    0.00    0.00     6  postgres
09:37:13 PM 100998    689781    0.00    0.00    0.00    0.00    0.00     4  postgres
09:37:13 PM 100998    689783    0.00    0.00    0.00    0.00    0.00     6  postgres
09:37:13 PM 100998    689784    0.00    0.00    0.00    0.00    0.00     5  postgres
09:37:13 PM 100998    690610    0.00    0.00    0.00    0.00    0.00     5  postgres
09:37:13 PM 100998    690696    0.00    0.00    0.00    0.00    0.00     6  postgres
09:37:13 PM 100998    690700    0.00    0.00    0.00    0.00    0.00     4  postgres
09:37:13 PM 100998    690704    0.00    0.00    0.00    0.00    0.00     5  postgres
09:37:13 PM 100998    690710    0.00    0.00    0.00    0.00    0.00     6  postgres
09:37:13 PM 100998    690711    0.00    0.00    0.00    0.00    0.00     4  postgres
09:37:13 PM 100998    690717    0.00    0.00    0.00    0.00    0.00     4  postgres
09:37:13 PM 100998    690725    0.00    0.00    0.00    0.00    0.00     6  postgres
09:37:13 PM 100998    690730    0.00    0.00    0.00    0.00    0.00     5  postgres
09:37:13 PM 100998    690736    0.00    0.00    0.00    0.00    0.00     6  postgres
09:37:13 PM 100998    690737    0.00    0.00    0.00    0.00    0.00     6  postgres
09:37:13 PM 100998    690739    0.00    0.00    0.00    0.00    0.00     6  postgres
09:37:13 PM 100998    690740    0.00    0.00    0.00    0.00    0.00     6  postgres
09:37:13 PM 100998    690741    0.00    0.00    0.00    0.00    0.00     4  postgres
09:37:13 PM 100998    690742    0.00    0.00    0.00    0.00    0.00     5  postgres
09:37:13 PM 100998    690743    0.00    0.00    0.00    0.00    0.00     4  postgres
09:37:13 PM 100998    690744    0.00    0.00    0.00    0.00    0.00     5  postgres
09:37:13 PM 100998    690746    0.00    0.00    0.00    0.00    0.00     6  postgres
09:37:13 PM 100998    690747    0.00    0.00    0.00    0.00    0.00     4  postgres
09:37:13 PM 100998    690749    0.00    0.00    0.00    0.00    0.00     6  postgres

09:37:13 PM   UID       PID    %usr %system  %guest   %wait    %CPU   CPU  Command
09:37:14 PM 100998    689780    0.00    0.00    0.00    0.00    0.00     6  postgres
09:37:14 PM 100998    689781    0.00    0.00    0.00    0.00    0.00     4  postgres
09:37:14 PM 100998    689783    0.00    0.00    0.00    0.00    0.00     6  postgres
09:37:14 PM 100998    689784    0.00    0.00    0.00    0.00    0.00     5  postgres
09:37:14 PM 100998    690610    0.00    0.00    0.00    0.00    0.00     5  postgres
09:37:14 PM 100998    690696    0.00    0.00    0.00    0.00    0.00     6  postgres
09:37:14 PM 100998    690700    0.00    0.00    0.00    0.00    0.00     4  postgres
09:37:14 PM 100998    690704    0.00    0.00    0.00    0.00    0.00     5  postgres
09:37:14 PM 100998    690710    0.00    0.00    0.00    0.00    0.00     6  postgres
09:37:14 PM 100998    690711    0.00    0.00    0.00    0.00    0.00     4  postgres
09:37:14 PM 100998    690717    0.00    0.00    0.00    0.00    0.00     4  postgres
09:37:14 PM 100998    690725    0.00    0.00    0.00    0.00    0.00     6  postgres
09:37:14 PM 100998    690730    0.00    0.00    0.00    0.00    0.00     5  postgres
09:37:14 PM 100998    690736    0.00    0.00    0.00    0.00    0.00     6  postgres
09:37:14 PM 100998    690737    0.00    0.00    0.00    0.00    0.00     6  postgres
09:37:14 PM 100998    690739    0.00    0.00    0.00    0.00    0.00     6  postgres
09:37:14 PM 100998    690740    0.00    0.00    0.00    0.00    0.00     6  postgres
09:37:14 PM 100998    690741    0.00    0.00    0.00    0.00    0.00     4  postgres
09:37:14 PM 100998    690742    0.00    0.00    0.00    0.00    0.00     5  postgres
09:37:14 PM 100998    690743    0.00    0.00    0.00    0.00    0.00     4  postgres
09:37:14 PM 100998    690744    0.00    0.00    0.00    0.00    0.00     5  postgres
09:37:14 PM 100998    690746    0.00    0.00    0.00    0.00    0.00     6  postgres
09:37:14 PM 100998    690747    0.00    0.00    0.00    0.00    0.00     4  postgres
09:37:14 PM 100998    690749    0.00    0.00    0.00    0.00    0.00     6  postgres

09:37:14 PM   UID       PID    %usr %system  %guest   %wait    %CPU   CPU  Command
09:37:15 PM 100998    689780    0.00    0.00    0.00    0.00    0.00     6  postgres
09:37:15 PM 100998    689781    0.00    0.00    0.00    0.00    0.00     4  postgres
09:37:15 PM 100998    689783    0.00    0.00    0.00    0.00    0.00     6  postgres
09:37:15 PM 100998    689784    0.00    0.00    0.00    0.00    0.00     5  postgres
09:37:15 PM 100998    690610    0.00    0.00    0.00    0.00    0.00     5  postgres
09:37:15 PM 100998    690696    0.00    0.00    0.00    0.00    0.00     6  postgres
09:37:15 PM 100998    690700    0.00    0.00    0.00    0.00    0.00     4  postgres
09:37:15 PM 100998    690704    0.00    0.00    0.00    0.00    0.00     5  postgres
09:37:15 PM 100998    690710    0.00    0.00    0.00    0.00    0.00     6  postgres
09:37:15 PM 100998    690711    0.00    0.00    0.00    0.00    0.00     4  postgres
09:37:15 PM 100998    690717    0.00    0.00    0.00    0.00    0.00     4  postgres
09:37:15 PM 100998    690725    0.00    0.00    0.00    0.00    0.00     6  postgres
09:37:15 PM 100998    690730    0.00    0.00    0.00    0.00    0.00     5  postgres
09:37:15 PM 100998    690736    0.00    0.00    0.00    0.00    0.00     6  postgres
09:37:15 PM 100998    690737    0.00    0.00    0.00    0.00    0.00     6  postgres
09:37:15 PM 100998    690739    0.00    0.00    0.00    0.00    0.00     6  postgres
09:37:15 PM 100998    690740    0.00    0.00    0.00    0.00    0.00     6  postgres
09:37:15 PM 100998    690741    0.00    0.00    0.00    0.00    0.00     4  postgres
09:37:15 PM 100998    690742    0.00    0.00    0.00    0.00    0.00     5  postgres
09:37:15 PM 100998    690743    0.00    0.00    0.00    0.00    0.00     4  postgres
09:37:15 PM 100998    690744    0.00    0.00    0.00    0.00    0.00     5  postgres
09:37:15 PM 100998    690746    0.00    0.00    0.00    0.00    0.00     6  postgres
09:37:15 PM 100998    690747    0.00    0.00    0.00    0.00    0.00     4  postgres
09:37:15 PM 100998    690749    0.00    0.00    0.00    0.00    0.00     6  postgres

09:37:15 PM   UID       PID    %usr %system  %guest   %wait    %CPU   CPU  Command
09:37:16 PM 100998    689780    0.00    0.00    0.00    0.00    0.00     6  postgres
09:37:16 PM 100998    689781    0.00    0.00    0.00    0.00    0.00     4  postgres
09:37:16 PM 100998    689783    0.00    0.00    0.00    0.00    0.00     6  postgres
09:37:16 PM 100998    689784    0.00    0.00    0.00    0.00    0.00     5  postgres
09:37:16 PM 100998    690610    0.00    0.00    0.00    0.00    0.00     5  postgres
09:37:16 PM 100998    690696    0.00    0.00    0.00    0.00    0.00     6  postgres
09:37:16 PM 100998    690700    0.00    0.00    0.00    0.00    0.00     4  postgres
09:37:16 PM 100998    690704    0.00    0.00    0.00    0.00    0.00     5  postgres
09:37:16 PM 100998    690710    0.00    0.00    0.00    0.00    0.00     6  postgres
09:37:16 PM 100998    690711    0.00    0.00    0.00    0.00    0.00     4  postgres
09:37:16 PM 100998    690717    0.00    0.00    0.00    0.00    0.00     4  postgres
09:37:16 PM 100998    690725    0.00    0.00    0.00    0.00    0.00     6  postgres
09:37:16 PM 100998    690730    0.00    0.00    0.00    0.00    0.00     5  postgres
09:37:16 PM 100998    690736    0.00    0.00    0.00    0.00    0.00     6  postgres
09:37:16 PM 100998    690737    0.00    0.00    0.00    0.00    0.00     6  postgres
09:37:16 PM 100998    690739    0.00    0.00    0.00    0.00    0.00     6  postgres
09:37:16 PM 100998    690740    0.00    0.00    0.00    0.00    0.00     6  postgres
09:37:16 PM 100998    690741    0.00    0.00    0.00    0.00    0.00     4  postgres
09:37:16 PM 100998    690742    0.00    0.00    0.00    0.00    0.00     5  postgres
09:37:16 PM 100998    690743    0.00    0.00    0.00    0.00    0.00     4  postgres
09:37:16 PM 100998    690744    0.00    0.00    0.00    0.00    0.00     5  postgres
09:37:16 PM 100998    690746    0.00    0.00    0.00    0.00    0.00     6  postgres
09:37:16 PM 100998    690747    0.00    0.00    0.00    0.00    0.00     4  postgres
09:37:16 PM 100998    690749    0.00    0.00    0.00    0.00    0.00     6  postgres

09:37:16 PM   UID       PID    %usr %system  %guest   %wait    %CPU   CPU  Command
09:37:17 PM 100998    689780    0.00    0.00    0.00    0.00    0.00     6  postgres
09:37:17 PM 100998    689781    0.00    0.00    0.00    0.00    0.00     4  postgres
09:37:17 PM 100998    689783    0.00    0.00    0.00    0.00    0.00     6  postgres
09:37:17 PM 100998    689784    0.00    0.00    0.00    0.00    0.00     5  postgres
09:37:17 PM 100998    690610    0.00    0.00    0.00    0.00    0.00     5  postgres
09:37:17 PM 100998    690696    0.00    0.00    0.00    0.00    0.00     6  postgres
09:37:17 PM 100998    690700    0.00    0.00    0.00    0.00    0.00     4  postgres
09:37:17 PM 100998    690704    0.00    0.00    0.00    0.00    0.00     5  postgres
09:37:17 PM 100998    690710    0.00    0.00    0.00    0.00    0.00     6  postgres
09:37:17 PM 100998    690711    0.00    0.00    0.00    0.00    0.00     4  postgres
09:37:17 PM 100998    690717    0.00    0.00    0.00    0.00    0.00     4  postgres
09:37:17 PM 100998    690725    0.00    0.00    0.00    0.00    0.00     6  postgres
09:37:17 PM 100998    690730    0.00    0.00    0.00    0.00    0.00     5  postgres
09:37:17 PM 100998    690736    0.00    0.00    0.00    0.00    0.00     6  postgres
09:37:17 PM 100998    690737    0.00    0.00    0.00    0.00    0.00     6  postgres
09:37:17 PM 100998    690739    0.00    0.00    0.00    0.00    0.00     6  postgres
09:37:17 PM 100998    690740    0.00    0.00    0.00    0.00    0.00     6  postgres
09:37:17 PM 100998    690741    0.00    0.00    0.00    0.00    0.00     4  postgres
09:37:17 PM 100998    690742    0.00    0.00    0.00    0.00    0.00     5  postgres
09:37:17 PM 100998    690743    0.00    0.00    0.00    0.00    0.00     4  postgres
09:37:17 PM 100998    690744    0.00    0.00    0.00    0.00    0.00     5  postgres
09:37:17 PM 100998    690746    0.00    0.00    0.00    0.00    0.00     6  postgres
09:37:17 PM 100998    690747    0.00    0.00    0.00    0.00    0.00     4  postgres
09:37:17 PM 100998    690749    0.00    0.00    0.00    0.00    0.00     6  postgres

09:37:17 PM   UID       PID    %usr %system  %guest   %wait    %CPU   CPU  Command
09:37:18 PM 100998    689780    0.00    0.00    0.00    0.00    0.00     6  postgres
09:37:18 PM 100998    689781    0.00    0.00    0.00    0.00    0.00     4  postgres
09:37:18 PM 100998    689783    0.00    0.00    0.00    0.00    0.00     6  postgres
09:37:18 PM 100998    689784    0.00    0.00    0.00    0.00    0.00     5  postgres
09:37:18 PM 100998    690610    0.00    0.00    0.00    0.00    0.00     5  postgres
09:37:18 PM 100998    690696    0.00    0.00    0.00    0.00    0.00     6  postgres
09:37:18 PM 100998    690700    0.00    0.00    0.00    0.00    0.00     4  postgres
09:37:18 PM 100998    690704    0.00    0.00    0.00    0.00    0.00     5  postgres
09:37:18 PM 100998    690710    0.00    0.00    0.00    0.00    0.00     6  postgres
09:37:18 PM 100998    690711    0.00    0.00    0.00    0.00    0.00     4  postgres
09:37:18 PM 100998    690717    0.00    0.00    0.00    0.00    0.00     4  postgres
09:37:18 PM 100998    690725    0.00    0.00    0.00    0.00    0.00     6  postgres
09:37:18 PM 100998    690730    0.00    0.00    0.00    0.00    0.00     5  postgres
09:37:18 PM 100998    690736    0.00    0.00    0.00    0.00    0.00     6  postgres
09:37:18 PM 100998    690737    0.00    0.00    0.00    0.00    0.00     6  postgres
09:37:18 PM 100998    690739    0.00    0.00    0.00    0.00    0.00     6  postgres
09:37:18 PM 100998    690740    0.00    0.00    0.00    0.00    0.00     6  postgres
09:37:18 PM 100998    690741    0.00    0.00    0.00    0.00    0.00     4  postgres
09:37:18 PM 100998    690742    0.00    0.00    0.00    0.00    0.00     5  postgres
09:37:18 PM 100998    690743    0.00    0.00    0.00    0.00    0.00     4  postgres
09:37:18 PM 100998    690744    0.00    0.00    0.00    0.00    0.00     5  postgres
09:37:18 PM 100998    690746    0.00    0.00    0.00    0.00    0.00     6  postgres
09:37:18 PM 100998    690747    0.00    0.00    0.00    0.00    0.00     4  postgres
09:37:18 PM 100998    690749    0.00    0.00    0.00    0.00    0.00     6  postgres

09:37:18 PM   UID       PID    %usr %system  %guest   %wait    %CPU   CPU  Command
09:37:19 PM 100998    689780    0.00    0.00    0.00    0.00    0.00     6  postgres
09:37:19 PM 100998    689781    0.00    0.00    0.00    0.00    0.00     4  postgres
09:37:19 PM 100998    689783    0.00    0.00    0.00    0.00    0.00     6  postgres
09:37:19 PM 100998    689784    0.00    0.00    0.00    0.00    0.00     5  postgres
09:37:19 PM 100998    690610    2.00    1.00    0.00    0.00    3.00     4  postgres
09:37:19 PM 100998    690696    1.00    1.00    0.00    0.00    2.00     4  postgres
09:37:19 PM 100998    690700    1.00    0.00    0.00    0.00    1.00     6  postgres
09:37:19 PM 100998    690704    1.00    1.00    0.00    0.00    2.00     5  postgres
09:37:19 PM 100998    690710    1.00    2.00    0.00    0.00    3.00     6  postgres
09:37:19 PM 100998    690711    2.00    1.00    0.00    0.00    3.00     6  postgres
09:37:19 PM 100998    690717    2.00    1.00    0.00    0.00    3.00     4  postgres
09:37:19 PM 100998    690725    1.00    1.00    0.00    0.00    2.00     4  postgres
09:37:19 PM 100998    690730    2.00    1.00    0.00    0.00    3.00     4  postgres
09:37:19 PM 100998    690736    1.00    0.00    0.00    0.00    1.00     6  postgres
09:37:19 PM 100998    690737    1.00    1.00    0.00    0.00    2.00     6  postgres
09:37:19 PM 100998    690739    1.00    1.00    0.00    0.00    2.00     4  postgres
09:37:19 PM 100998    690740    2.00    1.00    0.00    1.00    3.00     4  postgres
09:37:19 PM 100998    690741    1.00    1.00    0.00    0.00    2.00     6  postgres
09:37:19 PM 100998    690742    1.00    1.00    0.00    0.00    2.00     5  postgres
09:37:19 PM 100998    690743    1.00    1.00    0.00    0.00    2.00     6  postgres
09:37:19 PM 100998    690744    1.00    0.00    0.00    0.00    1.00     5  postgres
09:37:19 PM 100998    690746    1.00    1.00    0.00    0.00    2.00     6  postgres
09:37:19 PM 100998    690747    1.00    1.00    0.00    0.00    2.00     4  postgres
09:37:19 PM 100998    690749    1.00    1.00    0.00    0.00    2.00     4  postgres

09:37:19 PM   UID       PID    %usr %system  %guest   %wait    %CPU   CPU  Command
09:37:20 PM 100998    689780    0.00    0.00    0.00    0.00    0.00     6  postgres
09:37:20 PM 100998    689781    0.00    0.00    0.00    0.00    0.00     4  postgres
09:37:20 PM 100998    689783    0.00    0.00    0.00    0.00    0.00     6  postgres
09:37:20 PM 100998    689784    0.00    0.00    0.00    0.00    0.00     5  postgres
09:37:20 PM 100998    690610    1.00    1.00    0.00    0.00    2.00     4  postgres
09:37:20 PM 100998    690696    1.00    1.00    0.00    0.00    2.00     6  postgres
09:37:20 PM 100998    690700    1.00    1.00    0.00    0.00    2.00     6  postgres
09:37:20 PM 100998    690704    1.00    1.00    0.00    0.00    2.00     4  postgres
09:37:20 PM 100998    690710    1.00    0.00    0.00    1.00    1.00     6  postgres
09:37:20 PM 100998    690711    1.00    0.00    0.00    0.00    1.00     4  postgres
09:37:20 PM 100998    690717    1.00    1.00    0.00    0.00    2.00     6  postgres
09:37:20 PM 100998    690725    1.00    1.00    0.00    0.00    2.00     6  postgres
09:37:20 PM 100998    690730    1.00    1.00    0.00    0.00    2.00     6  postgres
09:37:20 PM 100998    690736    1.00    1.00    0.00    0.00    2.00     6  postgres
09:37:20 PM 100998    690737    1.00    1.00    0.00    0.00    2.00     4  postgres
09:37:20 PM 100998    690739    1.00    1.00    0.00    0.00    2.00     5  postgres
09:37:20 PM 100998    690740    0.00    1.00    0.00    0.00    1.00     4  postgres
09:37:20 PM 100998    690741    1.00    0.00    0.00    0.00    1.00     6  postgres
09:37:20 PM 100998    690742    1.00    2.00    0.00    0.00    3.00     5  postgres
09:37:20 PM 100998    690743    1.00    1.00    0.00    0.00    2.00     4  postgres
09:37:20 PM 100998    690744    2.00    2.00    0.00    0.00    4.00     5  postgres
09:37:20 PM 100998    690746    1.00    0.00    0.00    0.00    1.00     6  postgres
09:37:20 PM 100998    690747    1.00    0.00    0.00    0.00    1.00     6  postgres
09:37:20 PM 100998    690749    0.00    1.00    0.00    0.00    1.00     4  postgres

09:37:20 PM   UID       PID    %usr %system  %guest   %wait    %CPU   CPU  Command
09:37:21 PM 100998    689780    0.00    0.00    0.00    0.00    0.00     6  postgres
09:37:21 PM 100998    689781    0.00    0.00    0.00    0.00    0.00     4  postgres
09:37:21 PM 100998    689783    0.00    0.00    0.00    0.00    0.00     6  postgres
09:37:21 PM 100998    689784    0.00    0.00    0.00    0.00    0.00     5  postgres
09:37:21 PM 100998    690610    2.00    1.00    0.00    1.00    3.00     6  postgres
09:37:21 PM 100998    690696    1.00    2.00    0.00    0.00    3.00     6  postgres
09:37:21 PM 100998    690700    1.00    2.00    0.00    0.00    3.00     4  postgres
09:37:21 PM 100998    690704    1.00    2.00    0.00    1.00    3.00     4  postgres
09:37:21 PM 100998    690710    1.00    1.00    0.00    0.00    2.00     6  postgres
09:37:21 PM 100998    690711    1.00    2.00    0.00    0.00    3.00     6  postgres
09:37:21 PM 100998    690717    1.00    1.00    0.00    0.00    2.00     4  postgres
09:37:21 PM 100998    690725    1.00    2.00    0.00    0.00    3.00     6  postgres
09:37:21 PM 100998    690730    1.00    0.00    0.00    0.00    1.00     4  postgres
09:37:21 PM 100998    690736    1.00    1.00    0.00    0.00    2.00     4  postgres
09:37:21 PM 100998    690737    1.00    1.00    0.00    0.00    2.00     4  postgres
09:37:21 PM 100998    690739    2.00    1.00    0.00    0.00    3.00     5  postgres
09:37:21 PM 100998    690740    1.00    1.00    0.00    0.00    2.00     6  postgres
09:37:21 PM 100998    690741    1.00    1.00    0.00    0.00    2.00     4  postgres
09:37:21 PM 100998    690742    1.00    1.00    0.00    0.00    2.00     4  postgres
09:37:21 PM 100998    690743    0.00    0.00    0.00    0.00    0.00     4  postgres
09:37:21 PM 100998    690744    1.00    1.00    0.00    0.00    2.00     5  postgres
09:37:21 PM 100998    690746    1.00    1.00    0.00    0.00    2.00     4  postgres
09:37:21 PM 100998    690747    0.00    0.00    0.00    0.00    0.00     6  postgres
09:37:21 PM 100998    690749    1.00    1.00    0.00    1.00    2.00     4  postgres

09:37:21 PM   UID       PID    %usr %system  %guest   %wait    %CPU   CPU  Command
09:37:22 PM 100998    689780    0.00    0.00    0.00    0.00    0.00     6  postgres
09:37:22 PM 100998    689781    0.00    0.00    0.00    0.00    0.00     4  postgres
09:37:22 PM 100998    689783    0.00    0.00    0.00    0.00    0.00     6  postgres
09:37:22 PM 100998    689784    0.00    0.00    0.00    0.00    0.00     5  postgres
09:37:22 PM 100998    690610    1.00    1.00    0.00    0.00    2.00     4  postgres
09:37:22 PM 100998    690696    1.00    1.00    0.00    0.00    2.00     6  postgres
09:37:22 PM 100998    690700    1.00    0.00    0.00    0.00    1.00     4  postgres
09:37:22 PM 100998    690704    1.00    0.00    0.00    0.00    1.00     6  postgres
09:37:22 PM 100998    690710    1.00    1.00    0.00    0.00    2.00     6  postgres
09:37:22 PM 100998    690711    0.00    1.00    0.00    0.00    1.00     6  postgres
09:37:22 PM 100998    690717    0.00    1.00    0.00    0.00    1.00     4  postgres
09:37:22 PM 100998    690725    1.00    0.00    0.00    0.00    1.00     4  postgres
09:37:22 PM 100998    690730    0.00    1.00    0.00    0.00    1.00     6  postgres
09:37:22 PM 100998    690736    2.00    1.00    0.00    1.00    3.00     6  postgres
09:37:22 PM 100998    690737    1.00    0.00    0.00    0.00    1.00     4  postgres
09:37:22 PM 100998    690739    2.00    1.00    0.00    1.00    3.00     4  postgres
09:37:22 PM 100998    690740    1.00    1.00    0.00    0.00    2.00     6  postgres
09:37:22 PM 100998    690741    1.00    1.00    0.00    0.00    2.00     6  postgres
09:37:22 PM 100998    690742    1.00    1.00    0.00    0.00    2.00     6  postgres
09:37:22 PM 100998    690743    1.00    1.00    0.00    0.00    2.00     6  postgres
09:37:22 PM 100998    690744    2.00    2.00    0.00    0.00    4.00     5  postgres
09:37:22 PM 100998    690746    1.00    1.00    0.00    0.00    2.00     4  postgres
09:37:22 PM 100998    690747    2.00    2.00    0.00    0.00    4.00     4  postgres
09:37:22 PM 100998    690749    1.00    1.00    0.00    0.00    2.00     6  postgres

09:37:22 PM   UID       PID    %usr %system  %guest   %wait    %CPU   CPU  Command
09:37:23 PM 100998    689780    0.00    0.00    0.00    0.00    0.00     6  postgres
09:37:23 PM 100998    689781    0.00    0.00    0.00    0.00    0.00     4  postgres
09:37:23 PM 100998    689783    0.00    0.00    0.00    0.00    0.00     6  postgres
09:37:23 PM 100998    689784    0.00    0.00    0.00    0.00    0.00     5  postgres
09:37:23 PM 100998    690610    1.00    2.00    0.00    0.00    3.00     6  postgres
09:37:23 PM 100998    690696    1.00    1.00    0.00    1.00    2.00     4  postgres
09:37:23 PM 100998    690700    1.00    2.00    0.00    1.00    3.00     6  postgres
09:37:23 PM 100998    690704    1.00    1.00    0.00    0.00    2.00     6  postgres
09:37:23 PM 100998    690710    1.00    1.00    0.00    0.00    2.00     4  postgres
09:37:23 PM 100998    690711    2.00    1.00    0.00    1.00    3.00     6  postgres
09:37:23 PM 100998    690717    1.00    1.00    0.00    0.00    2.00     4  postgres
09:37:23 PM 100998    690725    1.00    2.00    0.00    1.00    3.00     6  postgres
09:37:23 PM 100998    690730    2.00    1.00    0.00    0.00    3.00     6  postgres
09:37:23 PM 100998    690736    0.00    1.00    0.00    0.00    1.00     5  postgres
09:37:23 PM 100998    690737    2.00    1.00    0.00    1.00    3.00     4  postgres
09:37:23 PM 100998    690739    1.00    1.00    0.00    0.00    2.00     6  postgres
09:37:23 PM 100998    690740    0.00    1.00    0.00    0.00    1.00     4  postgres
09:37:23 PM 100998    690741    1.00    1.00    0.00    0.00    2.00     4  postgres
09:37:23 PM 100998    690742    1.00    1.00    0.00    0.00    2.00     6  postgres
09:37:23 PM 100998    690743    2.00    1.00    0.00    0.00    3.00     5  postgres
09:37:23 PM 100998    690744    1.00    0.00    0.00    0.00    1.00     4  postgres
09:37:23 PM 100998    690746    1.00    1.00    0.00    0.00    2.00     4  postgres
09:37:23 PM 100998    690747    1.00    1.00    0.00    0.00    2.00     4  postgres
09:37:23 PM 100998    690749    2.00    1.00    0.00    0.00    3.00     5  postgres

09:37:23 PM   UID       PID    %usr %system  %guest   %wait    %CPU   CPU  Command
09:37:24 PM 100998    689780    0.00    0.00    0.00    0.00    0.00     6  postgres
09:37:24 PM 100998    689781    0.00    0.00    0.00    0.00    0.00     4  postgres
09:37:24 PM 100998    689783    0.00    0.00    0.00    0.00    0.00     6  postgres
09:37:24 PM 100998    689784    0.00    0.00    0.00    0.00    0.00     5  postgres
09:37:24 PM 100998    690610    1.00    1.00    0.00    0.00    2.00     6  postgres
09:37:24 PM 100998    690696    1.00    1.00    0.00    0.00    2.00     6  postgres
09:37:24 PM 100998    690700    2.00    2.00    0.00    0.00    4.00     5  postgres
09:37:24 PM 100998    690704    1.00    1.00    0.00    0.00    2.00     4  postgres
09:37:24 PM 100998    690710    1.00    2.00    0.00    0.00    3.00     4  postgres
09:37:24 PM 100998    690711    1.00    1.00    0.00    0.00    2.00     4  postgres
09:37:24 PM 100998    690717    2.00    2.00    0.00    0.00    4.00     4  postgres
09:37:24 PM 100998    690725    1.00    1.00    0.00    0.00    2.00     4  postgres
09:37:24 PM 100998    690730    1.00    1.00    0.00    0.00    2.00     4  postgres
09:37:24 PM 100998    690736    1.00    1.00    0.00    0.00    2.00     5  postgres
09:37:24 PM 100998    690737    1.00    1.00    0.00    0.00    2.00     4  postgres
09:37:24 PM 100998    690739    1.00    1.00    0.00    0.00    2.00     6  postgres
09:37:24 PM 100998    690740    1.00    1.00    0.00    0.00    2.00     6  postgres
09:37:24 PM 100998    690741    1.00    1.00    0.00    0.00    2.00     6  postgres
09:37:24 PM 100998    690742    1.00    1.00    0.00    1.00    2.00     6  postgres
09:37:24 PM 100998    690743    1.00    1.00    0.00    0.00    2.00     4  postgres
09:37:24 PM 100998    690744    1.00    1.00    0.00    0.00    2.00     4  postgres
09:37:24 PM 100998    690746    1.00    1.00    0.00    0.00    2.00     5  postgres
09:37:24 PM 100998    690747    1.00    1.00    0.00    0.00    2.00     6  postgres
09:37:24 PM 100998    690749    1.00    1.00    0.00    0.00    2.00     5  postgres

09:37:24 PM   UID       PID    %usr %system  %guest   %wait    %CPU   CPU  Command
09:37:25 PM 100998    689780    0.00    0.00    0.00    0.00    0.00     6  postgres
09:37:25 PM 100998    689781    0.00    0.00    0.00    0.00    0.00     4  postgres
09:37:25 PM 100998    689783    0.00    0.00    0.00    0.00    0.00     6  postgres
09:37:25 PM 100998    689784    0.00    0.00    0.00    0.00    0.00     5  postgres
09:37:25 PM 100998    690610    2.00    1.00    0.00    0.00    3.00     4  postgres
09:37:25 PM 100998    690696    2.00    2.00    0.00    0.00    4.00     4  postgres
09:37:25 PM 100998    690700    2.00    1.00    0.00    0.00    3.00     6  postgres
09:37:25 PM 100998    690704    2.00    2.00    0.00    0.00    4.00     4  postgres
09:37:25 PM 100998    690710    2.00    1.00    0.00    0.00    3.00     4  postgres
09:37:25 PM 100998    690711    2.00    2.00    0.00    0.00    4.00     6  postgres
09:37:25 PM 100998    690717    1.00    1.00    0.00    1.00    2.00     6  postgres
09:37:25 PM 100998    690725    2.00    2.00    0.00    0.00    4.00     4  postgres
09:37:25 PM 100998    690730    1.00    1.00    0.00    0.00    2.00     6  postgres
09:37:25 PM 100998    690736    3.00    1.00    0.00    0.00    4.00     5  postgres
09:37:25 PM 100998    690737    2.00    1.00    0.00    0.00    3.00     6  postgres
09:37:25 PM 100998    690739    2.00    1.00    0.00    0.00    3.00     4  postgres
09:37:25 PM 100998    690740    2.00    1.00    0.00    0.00    3.00     4  postgres
09:37:25 PM 100998    690741    1.00    1.00    0.00    0.00    2.00     6  postgres
09:37:25 PM 100998    690742    1.00    2.00    0.00    0.00    3.00     4  postgres
09:37:25 PM 100998    690743    2.00    1.00    0.00    0.00    3.00     6  postgres
09:37:25 PM 100998    690744    1.00    1.00    0.00    0.00    2.00     6  postgres
09:37:25 PM 100998    690746    1.00    1.00    0.00    0.00    2.00     5  postgres
09:37:25 PM 100998    690747    1.00    1.00    0.00    0.00    2.00     4  postgres
09:37:25 PM 100998    690749    2.00    1.00    0.00    0.00    3.00     5  postgres

09:37:25 PM   UID       PID    %usr %system  %guest   %wait    %CPU   CPU  Command
09:37:26 PM 100998    689780    0.00    0.00    0.00    0.00    0.00     6  postgres
09:37:26 PM 100998    689781    0.00    0.00    0.00    0.00    0.00     4  postgres
09:37:26 PM 100998    689783    0.00    0.00    0.00    0.00    0.00     6  postgres
09:37:26 PM 100998    689784    0.00    0.00    0.00    0.00    0.00     5  postgres
09:37:26 PM 100998    690610    2.00    2.00    0.00    1.00    4.00     4  postgres
09:37:26 PM 100998    690696    1.00    2.00    0.00    0.00    3.00     4  postgres
09:37:26 PM 100998    690700    1.00    2.00    0.00    1.00    3.00     6  postgres
09:37:26 PM 100998    690704    1.00    1.00    0.00    0.00    2.00     6  postgres
09:37:26 PM 100998    690710    1.00    2.00    0.00    0.00    3.00     5  postgres
09:37:26 PM 100998    690711    1.00    1.00    0.00    0.00    2.00     4  postgres
09:37:26 PM 100998    690717    2.00    2.00    0.00    0.00    4.00     5  postgres
09:37:26 PM 100998    690725    1.00    0.00    0.00    0.00    1.00     6  postgres
09:37:26 PM 100998    690730    2.00    1.00    0.00    1.00    3.00     6  postgres
09:37:26 PM 100998    690736    1.00    2.00    0.00    0.00    3.00     6  postgres
09:37:26 PM 100998    690737    2.00    1.00    0.00    0.00    3.00     4  postgres
09:37:26 PM 100998    690739    2.00    1.00    0.00    0.00    3.00     5  postgres
09:37:26 PM 100998    690740    1.00    1.00    0.00    0.00    2.00     4  postgres
09:37:26 PM 100998    690741    2.00    2.00    0.00    0.00    4.00     6  postgres
09:37:26 PM 100998    690742    1.00    1.00    0.00    0.00    2.00     6  postgres
09:37:26 PM 100998    690743    1.00    1.00    0.00    0.00    2.00     6  postgres
09:37:26 PM 100998    690744    2.00    2.00    0.00    1.00    4.00     6  postgres
09:37:26 PM 100998    690746    2.00    2.00    0.00    0.00    4.00     4  postgres
09:37:26 PM 100998    690747    1.00    1.00    0.00    0.00    2.00     4  postgres
09:37:26 PM 100998    690749    1.00    1.00    0.00    0.00    2.00     6  postgres

09:37:26 PM   UID       PID    %usr %system  %guest   %wait    %CPU   CPU  Command
09:37:27 PM 100998    689780    0.00    0.00    0.00    0.00    0.00     6  postgres
09:37:27 PM 100998    689781    0.00    0.00    0.00    0.00    0.00     4  postgres
09:37:27 PM 100998    689783    0.00    0.00    0.00    0.00    0.00     6  postgres
09:37:27 PM 100998    689784    0.00    0.00    0.00    0.00    0.00     5  postgres
09:37:27 PM 100998    690610    1.00    1.00    0.00    0.00    2.00     6  postgres
09:37:27 PM 100998    690696    2.00    0.00    0.00    0.00    2.00     6  postgres
09:37:27 PM 100998    690700    2.00    2.00    0.00    0.00    4.00     5  postgres
09:37:27 PM 100998    690704    2.00    0.00    0.00    0.00    2.00     4  postgres
09:37:27 PM 100998    690710    2.00    1.00    0.00    1.00    3.00     4  postgres
09:37:27 PM 100998    690711    2.00    1.00    0.00    0.00    3.00     4  postgres
09:37:27 PM 100998    690717    1.00    1.00    0.00    0.00    2.00     6  postgres
09:37:27 PM 100998    690725    2.00    2.00    0.00    0.00    4.00     6  postgres
09:37:27 PM 100998    690730    2.00    1.00    0.00    0.00    3.00     6  postgres
09:37:27 PM 100998    690736    2.00    1.00    0.00    0.00    3.00     5  postgres
09:37:27 PM 100998    690737    1.00    2.00    0.00    0.00    3.00     4  postgres
09:37:27 PM 100998    690739    1.00    1.00    0.00    0.00    2.00     5  postgres
09:37:27 PM 100998    690740    1.00    2.00    0.00    0.00    3.00     4  postgres
09:37:27 PM 100998    690741    1.00    1.00    0.00    1.00    2.00     4  postgres
09:37:27 PM 100998    690742    1.00    1.00    0.00    0.00    2.00     6  postgres
09:37:27 PM 100998    690743    1.00    2.00    0.00    0.00    3.00     6  postgres
09:37:27 PM 100998    690744    1.00    0.00    0.00    0.00    1.00     4  postgres
09:37:27 PM 100998    690746    1.00    1.00    0.00    1.00    2.00     6  postgres
09:37:27 PM 100998    690747    1.00    2.00    0.00    0.00    3.00     4  postgres
09:37:27 PM 100998    690749    1.00    1.00    0.00    0.00    2.00     4  postgres

09:37:27 PM   UID       PID    %usr %system  %guest   %wait    %CPU   CPU  Command
09:37:28 PM 100998    689780    0.00    0.00    0.00    0.00    0.00     6  postgres
09:37:28 PM 100998    689781    0.00    0.00    0.00    0.00    0.00     4  postgres
09:37:28 PM 100998    689783    0.00    0.00    0.00    0.00    0.00     6  postgres
09:37:28 PM 100998    689784    0.00    0.00    0.00    0.00    0.00     5  postgres
09:37:28 PM 100998    690610    2.00    1.00    0.00    0.00    3.00     5  postgres
09:37:28 PM 100998    690696    1.00    3.00    0.00    1.00    4.00     4  postgres
09:37:28 PM 100998    690700    2.00    2.00    0.00    0.00    4.00     4  postgres
09:37:28 PM 100998    690704    2.00    2.00    0.00    1.00    4.00     5  postgres
09:37:28 PM 100998    690710    2.00    1.00    0.00    0.00    3.00     6  postgres
09:37:28 PM 100998    690711    1.00    1.00    0.00    0.00    2.00     4  postgres
09:37:28 PM 100998    690717    2.00    2.00    0.00    0.00    4.00     4  postgres
09:37:28 PM 100998    690725    2.00    1.00    0.00    1.00    3.00     5  postgres
09:37:28 PM 100998    690730    2.00    2.00    0.00    0.00    4.00     6  postgres
09:37:28 PM 100998    690736    1.00    2.00    0.00    1.00    3.00     6  postgres
09:37:28 PM 100998    690737    1.00    1.00    0.00    0.00    2.00     6  postgres
09:37:28 PM 100998    690739    1.00    1.00    0.00    0.00    2.00     6  postgres
09:37:28 PM 100998    690740    2.00    1.00    0.00    0.00    3.00     5  postgres
09:37:28 PM 100998    690741    2.00    1.00    0.00    0.00    3.00     4  postgres
09:37:28 PM 100998    690742    1.00    1.00    0.00    0.00    2.00     4  postgres
09:37:28 PM 100998    690743    2.00    2.00    0.00    0.00    4.00     4  postgres
09:37:28 PM 100998    690744    0.00    1.00    0.00    0.00    1.00     4  postgres
09:37:28 PM 100998    690746    2.00    1.00    0.00    0.00    3.00     5  postgres
09:37:28 PM 100998    690747    1.00    1.00    0.00    1.00    2.00     6  postgres
09:37:28 PM 100998    690749    1.00    1.00    0.00    0.00    2.00     4  postgres

09:37:28 PM   UID       PID    %usr %system  %guest   %wait    %CPU   CPU  Command
09:37:29 PM 100998    689780    0.00    0.00    0.00    0.00    0.00     6  postgres
09:37:29 PM 100998    689781    0.00    0.00    0.00    0.00    0.00     4  postgres
09:37:29 PM 100998    689783    0.00    0.00    0.00    0.00    0.00     6  postgres
09:37:29 PM 100998    689784    0.00    0.00    0.00    0.00    0.00     5  postgres
09:37:29 PM 100998    690610    1.00    1.00    0.00    0.00    2.00     4  postgres
09:37:29 PM 100998    690696    1.00    1.00    0.00    0.00    2.00     6  postgres
09:37:29 PM 100998    690700    1.00    1.00    0.00    0.00    2.00     5  postgres
09:37:29 PM 100998    690704    1.00    2.00    0.00    0.00    3.00     4  postgres
09:37:29 PM 100998    690710    1.00    2.00    0.00    0.00    3.00     6  postgres
09:37:29 PM 100998    690711    1.00    2.00    0.00    1.00    3.00     4  postgres
09:37:29 PM 100998    690717    1.00    1.00    0.00    1.00    2.00     4  postgres
09:37:29 PM 100998    690725    2.00    1.00    0.00    0.00    3.00     4  postgres
09:37:29 PM 100998    690730    2.00    1.00    0.00    0.00    3.00     4  postgres
09:37:29 PM 100998    690736    1.00    1.00    0.00    0.00    2.00     6  postgres
09:37:29 PM 100998    690737    1.00    1.00    0.00    1.00    2.00     6  postgres
09:37:29 PM 100998    690739    1.00    2.00    0.00    0.00    3.00     6  postgres
09:37:29 PM 100998    690740    1.00    1.00    0.00    0.00    2.00     5  postgres
09:37:29 PM 100998    690741    1.00    1.00    0.00    0.00    2.00     6  postgres
09:37:29 PM 100998    690742    2.00    2.00    0.00    0.00    4.00     5  postgres
09:37:29 PM 100998    690743    1.00    1.00    0.00    1.00    2.00     6  postgres
09:37:29 PM 100998    690744    2.00    2.00    0.00    0.00    4.00     4  postgres
09:37:29 PM 100998    690746    1.00    2.00    0.00    0.00    3.00     4  postgres
09:37:29 PM 100998    690747    1.00    0.00    0.00    0.00    1.00     4  postgres
09:37:29 PM 100998    690749    2.00    1.00    0.00    1.00    3.00     6  postgres

09:37:29 PM   UID       PID    %usr %system  %guest   %wait    %CPU   CPU  Command
09:37:30 PM 100998    689780    0.00    0.00    0.00    0.00    0.00     6  postgres
09:37:30 PM 100998    689781    0.00    0.00    0.00    0.00    0.00     4  postgres
09:37:30 PM 100998    689783    0.00    0.00    0.00    0.00    0.00     6  postgres
09:37:30 PM 100998    689784    0.00    0.00    0.00    0.00    0.00     5  postgres
09:37:30 PM 100998    690610    1.00    1.00    0.00    0.00    2.00     4  postgres
09:37:30 PM 100998    690696    1.00    1.00    0.00    0.00    2.00     4  postgres
09:37:30 PM 100998    690700    2.00    1.00    0.00    1.00    3.00     5  postgres
09:37:30 PM 100998    690704    1.00    1.00    0.00    0.00    2.00     4  postgres
09:37:30 PM 100998    690710    1.00    2.00    0.00    0.00    3.00     4  postgres
09:37:30 PM 100998    690711    1.00    2.00    0.00    0.00    3.00     4  postgres
09:37:30 PM 100998    690717    2.00    2.00    0.00    0.00    4.00     4  postgres
09:37:30 PM 100998    690725    1.00    2.00    0.00    1.00    3.00     4  postgres
09:37:30 PM 100998    690730    2.00    1.00    0.00    1.00    3.00     4  postgres
09:37:30 PM 100998    690736    2.00    2.00    0.00    0.00    4.00     6  postgres
09:37:30 PM 100998    690737    2.00    2.00    0.00    0.00    4.00     4  postgres
09:37:30 PM 100998    690739    2.00    1.00    0.00    0.00    3.00     4  postgres
09:37:30 PM 100998    690740    2.00    1.00    0.00    0.00    3.00     5  postgres
09:37:30 PM 100998    690741    2.00    1.00    0.00    0.00    3.00     4  postgres
09:37:30 PM 100998    690742    1.00    1.00    0.00    0.00    2.00     5  postgres
09:37:30 PM 100998    690743    1.00    1.00    0.00    0.00    2.00     4  postgres
09:37:30 PM 100998    690744    2.00    1.00    0.00    0.00    3.00     6  postgres
09:37:30 PM 100998    690746    2.00    0.00    0.00    0.00    2.00     4  postgres
09:37:30 PM 100998    690747    1.00    2.00    0.00    0.00    3.00     4  postgres
09:37:30 PM 100998    690749    1.00    1.00    0.00    0.00    2.00     6  postgres

09:37:30 PM   UID       PID    %usr %system  %guest   %wait    %CPU   CPU  Command
09:37:31 PM 100998    689780    0.00    0.00    0.00    0.00    0.00     6  postgres
09:37:31 PM 100998    689781    0.00    0.00    0.00    0.00    0.00     4  postgres
09:37:31 PM 100998    689783    0.00    0.00    0.00    0.00    0.00     6  postgres
09:37:31 PM 100998    689784    0.00    0.00    0.00    0.00    0.00     5  postgres
09:37:31 PM 100998    690610    2.00    1.00    0.00    0.00    3.00     6  postgres
09:37:31 PM 100998    690696    3.00    2.00    0.00    0.00    5.00     5  postgres
09:37:31 PM 100998    690700    2.00    1.00    0.00    0.00    3.00     6  postgres
09:37:31 PM 100998    690704    2.00    2.00    0.00    1.00    4.00     4  postgres
09:37:31 PM 100998    690710    2.00    2.00    0.00    1.00    4.00     6  postgres
09:37:31 PM 100998    690711    2.00    1.00    0.00    0.00    3.00     4  postgres
09:37:31 PM 100998    690717    2.00    1.00    0.00    0.00    3.00     6  postgres
09:37:31 PM 100998    690725    2.00    1.00    0.00    0.00    3.00     4  postgres
09:37:31 PM 100998    690730    2.00    1.00    0.00    0.00    3.00     6  postgres
09:37:31 PM 100998    690736    1.00    1.00    0.00    0.00    2.00     4  postgres
09:37:31 PM 100998    690737    1.00    1.00    0.00    0.00    2.00     4  postgres
09:37:31 PM 100998    690739    1.00    1.00    0.00    0.00    2.00     4  postgres
09:37:31 PM 100998    690740    1.00    1.00    0.00    1.00    2.00     4  postgres
09:37:31 PM 100998    690741    1.00    1.00    0.00    0.00    2.00     4  postgres
09:37:31 PM 100998    690742    2.00    2.00    0.00    0.00    4.00     4  postgres
09:37:31 PM 100998    690743    2.00    2.00    0.00    0.00    4.00     6  postgres
09:37:31 PM 100998    690744    2.00    1.00    0.00    0.00    3.00     5  postgres
09:37:31 PM 100998    690746    1.00    1.00    0.00    0.00    2.00     4  postgres
09:37:31 PM 100998    690747    2.00    1.00    0.00    0.00    3.00     6  postgres
09:37:31 PM 100998    690749    2.00    1.00    0.00    0.00    3.00     4  postgres

09:37:31 PM   UID       PID    %usr %system  %guest   %wait    %CPU   CPU  Command
09:37:32 PM 100998    689780    0.00    0.00    0.00    0.00    0.00     6  postgres
09:37:32 PM 100998    689781    0.00    0.00    0.00    0.00    0.00     4  postgres
09:37:32 PM 100998    689783    0.00    0.00    0.00    0.00    0.00     6  postgres
09:37:32 PM 100998    689784    0.00    0.00    0.00    0.00    0.00     5  postgres
09:37:32 PM 100998    690610    2.00    3.00    0.00    0.00    5.00     4  postgres
09:37:32 PM 100998    690696    2.00    2.00    0.00    1.00    4.00     5  postgres
09:37:32 PM 100998    690700    2.00    2.00    0.00    1.00    4.00     5  postgres
09:37:32 PM 100998    690704    2.00    2.00    0.00    0.00    4.00     6  postgres
09:37:32 PM 100998    690710    1.00    1.00    0.00    0.00    2.00     6  postgres
09:37:32 PM 100998    690711    1.00    1.00    0.00    0.00    2.00     5  postgres
09:37:32 PM 100998    690717    2.00    2.00    0.00    1.00    4.00     4  postgres
09:37:32 PM 100998    690725    2.00    3.00    0.00    0.00    5.00     6  postgres
09:37:32 PM 100998    690730    1.00    2.00    0.00    0.00    3.00     6  postgres
09:37:32 PM 100998    690736    1.00    1.00    0.00    0.00    2.00     4  postgres
09:37:32 PM 100998    690737    2.00    1.00    0.00    0.00    3.00     5  postgres
09:37:32 PM 100998    690739    2.00    2.00    0.00    0.00    4.00     6  postgres
09:37:32 PM 100998    690740    1.00    2.00    0.00    0.00    3.00     6  postgres
09:37:32 PM 100998    690741    1.00    1.00    0.00    1.00    2.00     4  postgres
09:37:32 PM 100998    690742    1.00    1.00    0.00    1.00    2.00     4  postgres
09:37:32 PM 100998    690743    1.00    1.00    0.00    0.00    2.00     6  postgres
09:37:32 PM 100998    690744    1.00    1.00    0.00    0.00    2.00     6  postgres
09:37:32 PM 100998    690746    1.00    1.00    0.00    0.00    2.00     6  postgres
09:37:32 PM 100998    690747    1.00    1.00    0.00    0.00    2.00     4  postgres
09:37:32 PM 100998    690749    1.00    1.00    0.00    0.00    2.00     5  postgres

09:37:32 PM   UID       PID    %usr %system  %guest   %wait    %CPU   CPU  Command
09:37:33 PM 100998    689780    0.00    0.00    0.00    0.00    0.00     6  postgres
09:37:33 PM 100998    689781    0.00    0.00    0.00    0.00    0.00     4  postgres
09:37:33 PM 100998    689783    0.00    0.00    0.00    0.00    0.00     6  postgres
09:37:33 PM 100998    689784    0.00    0.00    0.00    0.00    0.00     5  postgres
09:37:33 PM 100998    690610    1.00    2.00    0.00    1.00    3.00     4  postgres
09:37:33 PM 100998    690696    1.00    2.00    0.00    0.00    3.00     4  postgres
09:37:33 PM 100998    690700    2.00    2.00    0.00    0.00    4.00     6  postgres
09:37:33 PM 100998    690704    2.00    1.00    0.00    0.00    3.00     6  postgres
09:37:33 PM 100998    690710    2.00    2.00    0.00    0.00    4.00     4  postgres
09:37:33 PM 100998    690711    1.00    2.00    0.00    0.00    3.00     4  postgres
09:37:33 PM 100998    690717    1.00    2.00    0.00    0.00    3.00     5  postgres
09:37:33 PM 100998    690725    1.00    1.00    0.00    0.00    2.00     6  postgres
09:37:33 PM 100998    690730    2.00    1.00    0.00    0.00    3.00     4  postgres
09:37:33 PM 100998    690736    1.00    1.00    0.00    0.00    2.00     4  postgres
09:37:33 PM 100998    690737    2.00    2.00    0.00    1.00    4.00     4  postgres
09:37:33 PM 100998    690739    2.00    2.00    0.00    1.00    4.00     4  postgres
09:37:33 PM 100998    690740    2.00    1.00    0.00    0.00    3.00     4  postgres
09:37:33 PM 100998    690741    2.00    2.00    0.00    0.00    4.00     6  postgres
09:37:33 PM 100998    690742    2.00    1.00    0.00    0.00    3.00     6  postgres
09:37:33 PM 100998    690743    1.00    1.00    0.00    0.00    2.00     4  postgres
09:37:33 PM 100998    690744    2.00    1.00    0.00    0.00    3.00     4  postgres
09:37:33 PM 100998    690746    1.00    1.00    0.00    0.00    2.00     4  postgres
09:37:33 PM 100998    690747    1.00    2.00    0.00    0.00    3.00     4  postgres
09:37:33 PM 100998    690749    2.00    1.00    0.00    0.00    3.00     5  postgres

09:37:33 PM   UID       PID    %usr %system  %guest   %wait    %CPU   CPU  Command
09:37:34 PM 100998    689780    0.00    0.00    0.00    0.00    0.00     6  postgres
09:37:34 PM 100998    689781    0.00    0.00    0.00    0.00    0.00     4  postgres
09:37:34 PM 100998    689783    0.00    0.00    0.00    0.00    0.00     6  postgres
09:37:34 PM 100998    689784    0.00    0.00    0.00    0.00    0.00     5  postgres
09:37:34 PM 100998    690610    1.00    2.00    0.00    0.00    3.00     6  postgres
09:37:34 PM 100998    690696    2.00    2.00    0.00    0.00    4.00     4  postgres
09:37:34 PM 100998    690700    1.00    2.00    0.00    0.00    3.00     6  postgres
09:37:34 PM 100998    690704    2.00    2.00    0.00    1.00    4.00     4  postgres
09:37:34 PM 100998    690710    1.00    1.00    0.00    0.00    2.00     4  postgres
09:37:34 PM 100998    690711    2.00    1.00    0.00    1.00    3.00     6  postgres
09:37:34 PM 100998    690717    2.00    1.00    0.00    0.00    3.00     4  postgres
09:37:34 PM 100998    690725    1.00    2.00    0.00    1.00    3.00     6  postgres
09:37:34 PM 100998    690730    2.00    1.00    0.00    1.00    3.00     4  postgres
09:37:34 PM 100998    690736    2.00    2.00    0.00    0.00    4.00     6  postgres
09:37:34 PM 100998    690737    1.00    1.00    0.00    0.00    2.00     6  postgres
09:37:34 PM 100998    690739    1.00    1.00    0.00    0.00    2.00     6  postgres
09:37:34 PM 100998    690740    1.00    1.00    0.00    0.00    2.00     5  postgres
09:37:34 PM 100998    690741    1.00    1.00    0.00    0.00    2.00     5  postgres
09:37:34 PM 100998    690742    1.00    1.00    0.00    0.00    2.00     6  postgres
09:37:34 PM 100998    690743    1.00    1.00    0.00    0.00    2.00     6  postgres
09:37:34 PM 100998    690744    2.00    1.00    0.00    0.00    3.00     4  postgres
09:37:34 PM 100998    690746    1.00    1.00    0.00    0.00    2.00     6  postgres
09:37:34 PM 100998    690747    2.00    0.00    0.00    0.00    2.00     4  postgres
09:37:34 PM 100998    690749    1.00    1.00    0.00    0.00    2.00     4  postgres

09:37:34 PM   UID       PID    %usr %system  %guest   %wait    %CPU   CPU  Command
09:37:35 PM 100998    689780    0.00    0.00    0.00    0.00    0.00     6  postgres
09:37:35 PM 100998    689781    0.00    0.00    0.00    0.00    0.00     4  postgres
09:37:35 PM 100998    689783    0.00    0.00    0.00    0.00    0.00     6  postgres
09:37:35 PM 100998    689784    0.00    0.00    0.00    0.00    0.00     5  postgres
09:37:35 PM 100998    690610    2.00    1.00    0.00    0.00    3.00     4  postgres
09:37:35 PM 100998    690696    2.00    1.00    0.00    1.00    3.00     4  postgres
09:37:35 PM 100998    690700    2.00    2.00    0.00    1.00    4.00     5  postgres
09:37:35 PM 100998    690704    1.00    2.00    0.00    0.00    3.00     4  postgres
09:37:35 PM 100998    690710    2.00    2.00    0.00    1.00    4.00     6  postgres
09:37:35 PM 100998    690711    2.00    1.00    0.00    0.00    3.00     5  postgres
09:37:35 PM 100998    690717    1.00    2.00    0.00    1.00    3.00     5  postgres
09:37:35 PM 100998    690725    1.00    1.00    0.00    0.00    2.00     4  postgres
09:37:35 PM 100998    690730    1.00    2.00    0.00    0.00    3.00     4  postgres
09:37:35 PM 100998    690736    1.00    1.00    0.00    0.00    2.00     4  postgres
09:37:35 PM 100998    690737    2.00    2.00    0.00    0.00    4.00     6  postgres
09:37:35 PM 100998    690739    1.00    1.00    0.00    0.00    2.00     6  postgres
09:37:35 PM 100998    690740    1.00    2.00    0.00    0.00    3.00     6  postgres
09:37:35 PM 100998    690741    2.00    1.00    0.00    0.00    3.00     5  postgres
09:37:35 PM 100998    690742    2.00    2.00    0.00    0.00    4.00     4  postgres
09:37:35 PM 100998    690743    1.00    2.00    0.00    0.00    3.00     4  postgres
09:37:35 PM 100998    690744    0.00    1.00    0.00    0.00    1.00     4  postgres
09:37:35 PM 100998    690746    1.00    1.00    0.00    0.00    2.00     6  postgres
09:37:35 PM 100998    690747    1.00    2.00    0.00    0.00    3.00     4  postgres
09:37:35 PM 100998    690749    2.00    1.00    0.00    0.00    3.00     4  postgres

09:37:35 PM   UID       PID    %usr %system  %guest   %wait    %CPU   CPU  Command
09:37:36 PM 100998    689780    0.00    0.00    0.00    0.00    0.00     6  postgres
09:37:36 PM 100998    689781    0.00    0.00    0.00    0.00    0.00     4  postgres
09:37:36 PM 100998    689783    0.00    0.00    0.00    0.00    0.00     6  postgres
09:37:36 PM 100998    689784    0.00    0.00    0.00    0.00    0.00     5  postgres
09:37:36 PM 100998    690610    2.00    2.00    0.00    1.00    4.00     6  postgres
09:37:36 PM 100998    690696    2.00    2.00    0.00    0.00    4.00     6  postgres
09:37:36 PM 100998    690700    2.00    2.00    0.00    0.00    4.00     5  postgres
09:37:36 PM 100998    690704    2.00    1.00    0.00    0.00    3.00     4  postgres
09:37:36 PM 100998    690710    2.00    1.00    0.00    0.00    3.00     4  postgres
09:37:36 PM 100998    690711    2.00    2.00    0.00    0.00    4.00     4  postgres
09:37:36 PM 100998    690717    2.00    2.00    0.00    0.00    4.00     5  postgres
09:37:36 PM 100998    690725    2.00    1.00    0.00    0.00    3.00     6  postgres
09:37:36 PM 100998    690730    2.00    1.00    0.00    0.00    3.00     5  postgres
09:37:36 PM 100998    690736    2.00    2.00    0.00    0.00    4.00     6  postgres
09:37:36 PM 100998    690737    1.00    1.00    0.00    0.00    2.00     4  postgres
09:37:36 PM 100998    690739    2.00    1.00    0.00    0.00    3.00     6  postgres
09:37:36 PM 100998    690740    2.00    1.00    0.00    0.00    3.00     6  postgres
09:37:36 PM 100998    690741    1.00    2.00    0.00    0.00    3.00     5  postgres
09:37:36 PM 100998    690742    2.00    1.00    0.00    0.00    3.00     5  postgres
09:37:36 PM 100998    690743    1.00    1.00    0.00    0.00    2.00     5  postgres
09:37:36 PM 100998    690744    2.00    1.00    0.00    0.00    3.00     4  postgres
09:37:36 PM 100998    690746    1.00    2.00    0.00    0.00    3.00     6  postgres
09:37:36 PM 100998    690747    1.00    1.00    0.00    0.00    2.00     6  postgres
09:37:36 PM 100998    690749    0.00    1.00    0.00    0.00    1.00     6  postgres

09:37:36 PM   UID       PID    %usr %system  %guest   %wait    %CPU   CPU  Command
09:37:37 PM 100998    689780    0.00    0.00    0.00    0.00    0.00     6  postgres
09:37:37 PM 100998    689781    0.00    0.00    0.00    0.00    0.00     4  postgres
09:37:37 PM 100998    689783    0.00    0.00    0.00    0.00    0.00     6  postgres
09:37:37 PM 100998    689784    0.00    0.00    0.00    0.00    0.00     5  postgres
09:37:37 PM 100998    690610    2.00    2.00    0.00    0.00    4.00     5  postgres
09:37:37 PM 100998    690696    2.00    2.00    0.00    0.00    4.00     6  postgres
09:37:37 PM 100998    690700    2.00    1.00    0.00    0.00    3.00     4  postgres
09:37:37 PM 100998    690704    2.00    2.00    0.00    1.00    4.00     4  postgres
09:37:37 PM 100998    690710    2.00    1.00    0.00    0.00    3.00     5  postgres
09:37:37 PM 100998    690711    1.00    2.00    0.00    1.00    3.00     6  postgres
09:37:37 PM 100998    690717    2.00    2.00    0.00    0.00    4.00     4  postgres
09:37:37 PM 100998    690725    2.00    1.00    0.00    0.00    3.00     6  postgres
09:37:37 PM 100998    690730    1.00    1.00    0.00    0.00    2.00     4  postgres
09:37:37 PM 100998    690736    2.00    0.00    0.00    1.00    2.00     5  postgres
09:37:37 PM 100998    690737    1.00    1.00    0.00    0.00    2.00     4  postgres
09:37:37 PM 100998    690739    2.00    2.00    0.00    0.00    4.00     6  postgres
09:37:37 PM 100998    690740    2.00    1.00    0.00    0.00    3.00     4  postgres
09:37:37 PM 100998    690741    1.00    1.00    0.00    0.00    2.00     4  postgres
09:37:37 PM 100998    690742    1.00    1.00    0.00    0.00    2.00     6  postgres
09:37:37 PM 100998    690743    1.00    1.00    0.00    1.00    2.00     4  postgres
09:37:37 PM 100998    690744    0.00    1.00    0.00    0.00    1.00     4  postgres
09:37:37 PM 100998    690746    1.00    0.00    0.00    0.00    1.00     6  postgres
09:37:37 PM 100998    690747    1.00    1.00    0.00    0.00    2.00     4  postgres
09:37:37 PM 100998    690749    1.00    2.00    0.00    0.00    3.00     4  postgres

09:37:37 PM   UID       PID    %usr %system  %guest   %wait    %CPU   CPU  Command
09:37:38 PM 100998    689780    0.00    0.00    0.00    0.00    0.00     6  postgres
09:37:38 PM 100998    689781    0.00    0.00    0.00    0.00    0.00     4  postgres
09:37:38 PM 100998    689783    0.00    0.00    0.00    0.00    0.00     6  postgres
09:37:38 PM 100998    689784    0.00    0.00    0.00    0.00    0.00     5  postgres
09:37:38 PM 100998    690610    1.00    1.00    0.00    0.00    2.00     5  postgres
09:37:38 PM 100998    690696    2.00    1.00    0.00    1.00    3.00     4  postgres
09:37:38 PM 100998    690700    2.00    2.00    0.00    0.00    4.00     6  postgres
09:37:38 PM 100998    690704    2.00    2.00    0.00    0.00    4.00     6  postgres
09:37:38 PM 100998    690710    2.00    2.00    0.00    0.00    4.00     4  postgres
09:37:38 PM 100998    690711    2.00    2.00    0.00    0.00    4.00     6  postgres
09:37:38 PM 100998    690717    1.00    1.00    0.00    1.00    2.00     6  postgres
09:37:38 PM 100998    690725    2.00    2.00    0.00    0.00    4.00     5  postgres
09:37:38 PM 100998    690730    2.00    2.00    0.00    0.00    4.00     4  postgres
09:37:38 PM 100998    690736    2.00    1.00    0.00    0.00    3.00     4  postgres
09:37:38 PM 100998    690737    2.00    2.00    0.00    0.00    4.00     4  postgres
09:37:38 PM 100998    690739    1.00    1.00    0.00    1.00    2.00     4  postgres
09:37:38 PM 100998    690740    2.00    1.00    0.00    1.00    3.00     4  postgres
09:37:38 PM 100998    690741    3.00    2.00    0.00    0.00    5.00     4  postgres
09:37:38 PM 100998    690742    2.00    1.00    0.00    1.00    3.00     5  postgres
09:37:38 PM 100998    690743    2.00    2.00    0.00    0.00    4.00     6  postgres
09:37:38 PM 100998    690744    2.00    2.00    0.00    1.00    4.00     4  postgres
09:37:38 PM 100998    690746    2.00    2.00    0.00    1.00    4.00     5  postgres
09:37:38 PM 100998    690747    1.00    2.00    0.00    0.00    3.00     4  postgres
09:37:38 PM 100998    690749    2.00    1.00    0.00    0.00    3.00     4  postgres

09:37:38 PM   UID       PID    %usr %system  %guest   %wait    %CPU   CPU  Command
09:37:39 PM 100998    689780    0.00    0.00    0.00    0.00    0.00     6  postgres
09:37:39 PM 100998    689781    0.00    0.00    0.00    0.00    0.00     4  postgres
09:37:39 PM 100998    689783    0.00    0.00    0.00    0.00    0.00     6  postgres
09:37:39 PM 100998    689784    0.00    0.00    0.00    0.00    0.00     5  postgres
09:37:39 PM 100998    690610    2.00    1.00    0.00    0.00    3.00     4  postgres
09:37:39 PM 100998    690696    1.00    1.00    0.00    0.00    2.00     4  postgres
09:37:39 PM 100998    690700    2.00    1.00    0.00    1.00    3.00     6  postgres
09:37:39 PM 100998    690704    2.00    1.00    0.00    0.00    3.00     6  postgres
09:37:39 PM 100998    690710    1.00    2.00    0.00    1.00    3.00     6  postgres
09:37:39 PM 100998    690711    1.00    1.00    0.00    0.00    2.00     6  postgres
09:37:39 PM 100998    690717    2.00    1.00    0.00    0.00    3.00     4  postgres
09:37:39 PM 100998    690725    2.00    2.00    0.00    1.00    4.00     5  postgres
09:37:39 PM 100998    690730    2.00    2.00    0.00    1.00    4.00     4  postgres
09:37:39 PM 100998    690736    2.00    1.00    0.00    0.00    3.00     5  postgres
09:37:39 PM 100998    690737    2.00    1.00    0.00    1.00    3.00     4  postgres
09:37:39 PM 100998    690739    1.00    1.00    0.00    0.00    2.00     4  postgres
09:37:39 PM 100998    690740    1.00    1.00    0.00    0.00    2.00     6  postgres
09:37:39 PM 100998    690741    1.00    1.00    0.00    0.00    2.00     4  postgres
09:37:39 PM 100998    690742    1.00    1.00    0.00    0.00    2.00     4  postgres
09:37:39 PM 100998    690743    1.00    2.00    0.00    0.00    3.00     6  postgres
09:37:39 PM 100998    690744    1.00    1.00    0.00    0.00    2.00     6  postgres
09:37:39 PM 100998    690746    1.00    1.00    0.00    0.00    2.00     4  postgres
09:37:39 PM 100998    690747    2.00    1.00    0.00    0.00    3.00     6  postgres
09:37:39 PM 100998    690749    1.00    1.00    0.00    0.00    2.00     4  postgres

09:37:39 PM   UID       PID    %usr %system  %guest   %wait    %CPU   CPU  Command
09:37:40 PM 100998    689780    0.00    0.00    0.00    0.00    0.00     6  postgres
09:37:40 PM 100998    689781    0.00    0.00    0.00    0.00    0.00     4  postgres
09:37:40 PM 100998    689783    0.00    0.00    0.00    0.00    0.00     6  postgres
09:37:40 PM 100998    689784    0.00    0.00    0.00    0.00    0.00     5  postgres
09:37:40 PM 100998    690610    2.00    2.00    0.00    0.00    4.00     6  postgres
09:37:40 PM 100998    690696    1.00    2.00    0.00    0.00    3.00     6  postgres
09:37:40 PM 100998    690700    2.00    1.00    0.00    0.00    3.00     4  postgres
09:37:40 PM 100998    690704    1.00    2.00    0.00    1.00    3.00     6  postgres
09:37:40 PM 100998    690710    2.00    1.00    0.00    0.00    3.00     4  postgres
09:37:40 PM 100998    690711    2.00    1.00    0.00    0.00    3.00     5  postgres
09:37:40 PM 100998    690717    1.00    2.00    0.00    0.00    3.00     6  postgres
09:37:40 PM 100998    690725    2.00    1.00    0.00    0.00    3.00     6  postgres
09:37:40 PM 100998    690730    1.00    1.00    0.00    0.00    2.00     4  postgres
09:37:40 PM 100998    690736    2.00    2.00    0.00    0.00    4.00     5  postgres
09:37:40 PM 100998    690737    1.00    1.00    0.00    0.00    2.00     5  postgres
09:37:40 PM 100998    690739    2.00    1.00    0.00    0.00    3.00     6  postgres
09:37:40 PM 100998    690740    2.00    1.00    0.00    0.00    3.00     6  postgres
09:37:40 PM 100998    690741    1.00    1.00    0.00    0.00    2.00     6  postgres
09:37:40 PM 100998    690742    1.00    1.00    0.00    0.00    2.00     4  postgres
09:37:40 PM 100998    690743    2.00    1.00    0.00    0.00    3.00     5  postgres
09:37:40 PM 100998    690744    1.00    1.00    0.00    0.00    2.00     5  postgres
09:37:40 PM 100998    690746    1.00    2.00    0.00    0.00    3.00     6  postgres
09:37:40 PM 100998    690747    0.00    2.00    0.00    1.00    2.00     6  postgres
09:37:40 PM 100998    690749    1.00    1.00    0.00    0.00    2.00     4  postgres

09:37:40 PM   UID       PID    %usr %system  %guest   %wait    %CPU   CPU  Command
09:37:41 PM 100998    689780    0.00    0.00    0.00    0.00    0.00     6  postgres
09:37:41 PM 100998    689781    0.00    0.00    0.00    0.00    0.00     4  postgres
09:37:41 PM 100998    689783    0.00    0.00    0.00    0.00    0.00     6  postgres
09:37:41 PM 100998    689784    0.00    0.00    0.00    0.00    0.00     5  postgres
09:37:41 PM 100998    690610    1.00    1.00    0.00    1.00    2.00     4  postgres
09:37:41 PM 100998    690696    1.00    1.00    0.00    0.00    2.00     6  postgres
09:37:41 PM 100998    690700    2.00    2.00    0.00    0.00    4.00     5  postgres
09:37:41 PM 100998    690704    2.00    1.00    0.00    0.00    3.00     4  postgres
09:37:41 PM 100998    690710    1.00    1.00    0.00    0.00    2.00     6  postgres
09:37:41 PM 100998    690711    2.00    2.00    0.00    1.00    4.00     5  postgres
09:37:41 PM 100998    690717    2.00    1.00    0.00    0.00    3.00     4  postgres
09:37:41 PM 100998    690725    1.00    2.00    0.00    0.00    3.00     4  postgres
09:37:41 PM 100998    690730    3.00    1.00    0.00    0.00    4.00     6  postgres
09:37:41 PM 100998    690736    1.00    1.00    0.00    0.00    2.00     5  postgres
09:37:41 PM 100998    690737    2.00    2.00    0.00    0.00    4.00     6  postgres
09:37:41 PM 100998    690739    1.00    1.00    0.00    0.00    2.00     4  postgres
09:37:41 PM 100998    690740    0.00    1.00    0.00    0.00    1.00     4  postgres
09:37:41 PM 100998    690741    1.00    2.00    0.00    0.00    3.00     4  postgres
09:37:41 PM 100998    690742    2.00    1.00    0.00    0.00    3.00     6  postgres
09:37:41 PM 100998    690743    1.00    1.00    0.00    0.00    2.00     6  postgres
09:37:41 PM 100998    690744    2.00    1.00    0.00    0.00    3.00     6  postgres
09:37:41 PM 100998    690746    1.00    1.00    0.00    0.00    2.00     5  postgres
09:37:41 PM 100998    690747    2.00    1.00    0.00    0.00    3.00     5  postgres
09:37:41 PM 100998    690749    2.00    1.00    0.00    0.00    3.00     4  postgres

09:37:41 PM   UID       PID    %usr %system  %guest   %wait    %CPU   CPU  Command
09:37:42 PM 100998    689780    0.00    0.00    0.00    0.00    0.00     6  postgres
09:37:42 PM 100998    689781    0.00    0.00    0.00    0.00    0.00     4  postgres
09:37:42 PM 100998    689783    0.00    0.00    0.00    0.00    0.00     6  postgres
09:37:42 PM 100998    689784    0.00    0.00    0.00    0.00    0.00     5  postgres
09:37:42 PM 100998    690610    2.00    3.00    0.00    0.00    5.00     6  postgres
09:37:42 PM 100998    690696    2.00    2.00    0.00    0.00    4.00     6  postgres
09:37:42 PM 100998    690700    1.00    1.00    0.00    1.00    2.00     6  postgres
09:37:42 PM 100998    690704    2.00    1.00    0.00    0.00    3.00     4  postgres
09:37:42 PM 100998    690710    1.00    1.00    0.00    0.00    2.00     4  postgres
09:37:42 PM 100998    690711    2.00    1.00    0.00    0.00    3.00     6  postgres
09:37:42 PM 100998    690717    1.00    2.00    0.00    0.00    3.00     4  postgres
09:37:42 PM 100998    690725    2.00    0.00    0.00    0.00    2.00     6  postgres
09:37:42 PM 100998    690730    2.00    1.00    0.00    1.00    3.00     4  postgres
09:37:42 PM 100998    690736    1.00    2.00    0.00    0.00    3.00     5  postgres
09:37:42 PM 100998    690737    1.00    2.00    0.00    0.00    3.00     4  postgres
09:37:42 PM 100998    690739    2.00    2.00    0.00    0.00    4.00     6  postgres
09:37:42 PM 100998    690740    2.00    2.00    0.00    0.00    4.00     6  postgres
09:37:42 PM 100998    690741    2.00    1.00    0.00    1.00    3.00     4  postgres
09:37:42 PM 100998    690742    0.00    1.00    0.00    0.00    1.00     4  postgres
09:37:42 PM 100998    690743    1.00    2.00    0.00    0.00    3.00     4  postgres
09:37:42 PM 100998    690744    1.00    1.00    0.00    0.00    2.00     4  postgres
09:37:42 PM 100998    690746    2.00    1.00    0.00    0.00    3.00     5  postgres
09:37:42 PM 100998    690747    1.00    1.00    0.00    0.00    2.00     4  postgres
09:37:42 PM 100998    690749    1.00    2.00    0.00    1.00    3.00     4  postgres

09:37:42 PM   UID       PID    %usr %system  %guest   %wait    %CPU   CPU  Command
09:37:43 PM 100998    689780    0.00    0.00    0.00    0.00    0.00     6  postgres
09:37:43 PM 100998    689781    0.00    0.00    0.00    0.00    0.00     4  postgres
09:37:43 PM 100998    689783    0.00    0.00    0.00    0.00    0.00     6  postgres
09:37:43 PM 100998    689784    0.00    0.00    0.00    0.00    0.00     5  postgres
09:37:43 PM 100998    690610    1.00    1.00    0.00    0.00    2.00     6  postgres
09:37:43 PM 100998    690696    2.00    3.00    0.00    1.00    5.00     4  postgres
09:37:43 PM 100998    690700    1.00    2.00    0.00    0.00    3.00     6  postgres
09:37:43 PM 100998    690704    2.00    2.00    0.00    1.00    4.00     5  postgres
09:37:43 PM 100998    690710    2.00    2.00    0.00    1.00    4.00     6  postgres
09:37:43 PM 100998    690711    2.00    2.00    0.00    0.00    4.00     6  postgres
09:37:43 PM 100998    690717    2.00    1.00    0.00    0.00    3.00     6  postgres
09:37:43 PM 100998    690725    2.00    1.00    0.00    0.00    3.00     6  postgres
09:37:43 PM 100998    690730    2.00    2.00    0.00    0.00    4.00     5  postgres
09:37:43 PM 100998    690736    2.00    1.00    0.00    1.00    3.00     5  postgres
09:37:43 PM 100998    690737    2.00    1.00    0.00    1.00    3.00     4  postgres
09:37:43 PM 100998    690739    2.00    1.00    0.00    0.00    3.00     6  postgres
09:37:43 PM 100998    690740    1.00    1.00    0.00    0.00    2.00     4  postgres
09:37:43 PM 100998    690741    1.00    2.00    0.00    0.00    3.00     4  postgres
09:37:43 PM 100998    690742    1.00    1.00    0.00    0.00    2.00     4  postgres
09:37:43 PM 100998    690743    1.00    1.00    0.00    0.00    2.00     4  postgres
09:37:43 PM 100998    690744    1.00    1.00    0.00    0.00    2.00     4  postgres
09:37:43 PM 100998    690746    2.00    2.00    0.00    0.00    4.00     6  postgres
09:37:43 PM 100998    690747    1.00    1.00    0.00    0.00    2.00     6  postgres
09:37:43 PM 100998    690749    2.00    1.00    0.00    0.00    3.00     4  postgres

09:37:43 PM   UID       PID    %usr %system  %guest   %wait    %CPU   CPU  Command
09:37:44 PM 100998    689780    0.00    0.00    0.00    0.00    0.00     6  postgres
09:37:44 PM 100998    689781    0.00    0.00    0.00    0.00    0.00     4  postgres
09:37:44 PM 100998    689783    0.00    0.00    0.00    0.00    0.00     6  postgres
09:37:44 PM 100998    689784    0.00    0.00    0.00    0.00    0.00     5  postgres
09:37:44 PM 100998    690610    2.00    2.00    0.00    1.00    4.00     4  postgres
09:37:44 PM 100998    690696    2.00    1.00    0.00    0.00    3.00     4  postgres
09:37:44 PM 100998    690700    2.00    1.00    0.00    0.00    3.00     6  postgres
09:37:44 PM 100998    690704    1.00    2.00    0.00    0.00    3.00     5  postgres
09:37:44 PM 100998    690710    2.00    1.00    0.00    0.00    3.00     6  postgres
09:37:44 PM 100998    690711    1.00    1.00    0.00    1.00    2.00     4  postgres
09:37:44 PM 100998    690717    2.00    2.00    0.00    1.00    4.00     4  postgres
09:37:44 PM 100998    690725    1.00    2.00    0.00    1.00    3.00     6  postgres
09:37:44 PM 100998    690730    2.00    1.00    0.00    0.00    3.00     4  postgres
09:37:44 PM 100998    690736    1.00    2.00    0.00    0.00    3.00     5  postgres
09:37:44 PM 100998    690737    2.00    1.00    0.00    0.00    3.00     6  postgres
09:37:44 PM 100998    690739    1.00    1.00    0.00    0.00    2.00     4  postgres
09:37:44 PM 100998    690740    2.00    1.00    0.00    0.00    3.00     6  postgres
09:37:44 PM 100998    690741    1.00    0.00    0.00    0.00    1.00     6  postgres
09:37:44 PM 100998    690742    2.00    1.00    0.00    0.00    3.00     6  postgres
09:37:44 PM 100998    690743    2.00    1.00    0.00    0.00    3.00     4  postgres
09:37:44 PM 100998    690744    1.00    1.00    0.00    0.00    2.00     4  postgres
09:37:44 PM 100998    690746    1.00    0.00    0.00    0.00    1.00     6  postgres
09:37:44 PM 100998    690747    1.00    1.00    0.00    0.00    2.00     6  postgres
09:37:44 PM 100998    690749    1.00    1.00    0.00    0.00    2.00     4  postgres

09:37:44 PM   UID       PID    %usr %system  %guest   %wait    %CPU   CPU  Command
09:37:45 PM 100998    689780    0.00    0.00    0.00    0.00    0.00     6  postgres
09:37:45 PM 100998    689781    0.00    0.00    0.00    0.00    0.00     4  postgres
09:37:45 PM 100998    689783    0.00    0.00    0.00    0.00    0.00     6  postgres
09:37:45 PM 100998    689784    0.00    0.00    0.00    0.00    0.00     5  postgres
09:37:45 PM 100998    690610    2.00    1.00    0.00    0.00    3.00     6  postgres
09:37:45 PM 100998    690696    2.00    2.00    0.00    0.00    4.00     6  postgres
09:37:45 PM 100998    690700    2.00    2.00    0.00    0.00    4.00     5  postgres
09:37:45 PM 100998    690704    1.00    0.00    0.00    0.00    1.00     5  postgres
09:37:45 PM 100998    690710    2.00    1.00    0.00    0.00    3.00     4  postgres
09:37:45 PM 100998    690711    2.00    1.00    0.00    0.00    3.00     6  postgres
09:37:45 PM 100998    690717    1.00    1.00    0.00    0.00    2.00     6  postgres
09:37:45 PM 100998    690725    2.00    2.00    0.00    0.00    4.00     5  postgres
09:37:45 PM 100998    690730    1.00    1.00    0.00    0.00    2.00     4  postgres
09:37:45 PM 100998    690736    1.00    1.00    0.00    0.00    2.00     5  postgres
09:37:45 PM 100998    690737    1.00    1.00    0.00    0.00    2.00     4  postgres
09:37:45 PM 100998    690739    2.00    1.00    0.00    0.00    3.00     6  postgres
09:37:45 PM 100998    690740    2.00    1.00    0.00    0.00    3.00     6  postgres
09:37:45 PM 100998    690741    2.00    1.00    0.00    0.00    3.00     4  postgres
09:37:45 PM 100998    690742    1.00    1.00    0.00    0.00    2.00     6  postgres
09:37:45 PM 100998    690743    2.00    1.00    0.00    1.00    3.00     6  postgres
09:37:45 PM 100998    690744    1.00    0.00    0.00    0.00    1.00     6  postgres
09:37:45 PM 100998    690746    2.00    1.00    0.00    0.00    3.00     4  postgres
09:37:45 PM 100998    690747    2.00    1.00    0.00    0.00    3.00     6  postgres
09:37:45 PM 100998    690749    1.00    1.00    0.00    0.00    2.00     4  postgres

09:37:45 PM   UID       PID    %usr %system  %guest   %wait    %CPU   CPU  Command
09:37:46 PM 100998    689780    0.00    0.00    0.00    0.00    0.00     6  postgres
09:37:46 PM 100998    689781    0.00    0.00    0.00    0.00    0.00     4  postgres
09:37:46 PM 100998    689783    0.00    0.00    0.00    0.00    0.00     6  postgres
09:37:46 PM 100998    689784    0.00    0.00    0.00    0.00    0.00     5  postgres
09:37:46 PM 100998    690610    2.00    1.00    0.00    0.00    3.00     6  postgres
09:37:46 PM 100998    690696    2.00    1.00    0.00    1.00    3.00     6  postgres
09:37:46 PM 100998    690700    1.00    1.00    0.00    0.00    2.00     5  postgres
09:37:46 PM 100998    690704    2.00    1.00    0.00    0.00    3.00     6  postgres
09:37:46 PM 100998    690710    1.00    1.00    0.00    0.00    2.00     5  postgres
09:37:46 PM 100998    690711    2.00    1.00    0.00    0.00    3.00     4  postgres
09:37:46 PM 100998    690717    1.00    1.00    0.00    0.00    2.00     4  postgres
09:37:46 PM 100998    690725    1.00    1.00    0.00    0.00    2.00     6  postgres
09:37:46 PM 100998    690730    2.00    1.00    0.00    1.00    3.00     6  postgres
09:37:46 PM 100998    690736    1.00    1.00    0.00    0.00    2.00     4  postgres
09:37:46 PM 100998    690737    2.00    2.00    0.00    1.00    4.00     6  postgres
09:37:46 PM 100998    690739    1.00    1.00    0.00    0.00    2.00     5  postgres
09:37:46 PM 100998    690740    1.00    1.00    0.00    0.00    2.00     4  postgres
09:37:46 PM 100998    690741    1.00    1.00    0.00    0.00    2.00     4  postgres
09:37:46 PM 100998    690742    2.00    2.00    0.00    1.00    4.00     6  postgres
09:37:46 PM 100998    690743    2.00    1.00    0.00    0.00    3.00     6  postgres
09:37:46 PM 100998    690744    1.00    1.00    0.00    0.00    2.00     4  postgres
09:37:46 PM 100998    690746    2.00    1.00    0.00    0.00    3.00     4  postgres
09:37:46 PM 100998    690747    1.00    1.00    0.00    0.00    2.00     4  postgres
09:37:46 PM 100998    690749    1.00    1.00    0.00    0.00    2.00     4  postgres

09:37:46 PM   UID       PID    %usr %system  %guest   %wait    %CPU   CPU  Command
09:37:47 PM 100998    689780    0.00    0.00    0.00    0.00    0.00     6  postgres
09:37:47 PM 100998    689781    0.00    0.00    0.00    0.00    0.00     4  postgres
09:37:47 PM 100998    689783    0.00    0.00    0.00    0.00    0.00     6  postgres
09:37:47 PM 100998    689784    0.00    0.00    0.00    0.00    0.00     5  postgres
09:37:47 PM 100998    690610    2.00    2.00    0.00    0.00    4.00     4  postgres
09:37:47 PM 100998    690696    2.00    2.00    0.00    0.00    4.00     6  postgres
09:37:47 PM 100998    690700    2.00    1.00    0.00    1.00    3.00     4  postgres
09:37:47 PM 100998    690704    2.00    1.00    0.00    0.00    3.00     4  postgres
09:37:47 PM 100998    690710    2.00    2.00    0.00    1.00    4.00     6  postgres
09:37:47 PM 100998    690711    2.00    1.00    0.00    0.00    3.00     6  postgres
09:37:47 PM 100998    690717    2.00    1.00    0.00    0.00    3.00     4  postgres
09:37:47 PM 100998    690725    1.00    1.00    0.00    0.00    2.00     5  postgres
09:37:47 PM 100998    690730    1.00    2.00    0.00    0.00    3.00     6  postgres
09:37:47 PM 100998    690736    2.00    2.00    0.00    0.00    4.00     6  postgres
09:37:47 PM 100998    690737    2.00    1.00    0.00    0.00    3.00     4  postgres
09:37:47 PM 100998    690739    1.00    1.00    0.00    0.00    2.00     6  postgres
09:37:47 PM 100998    690740    1.00    1.00    0.00    0.00    2.00     4  postgres
09:37:47 PM 100998    690741    2.00    1.00    0.00    0.00    3.00     6  postgres
09:37:47 PM 100998    690742    1.00    2.00    0.00    0.00    3.00     6  postgres
09:37:47 PM 100998    690743    1.00    0.00    0.00    0.00    1.00     4  postgres
09:37:47 PM 100998    690744    1.00    1.00    0.00    0.00    2.00     5  postgres
09:37:47 PM 100998    690746    1.00    2.00    0.00    1.00    3.00     5  postgres
09:37:47 PM 100998    690747    1.00    0.00    0.00    0.00    1.00     6  postgres
09:37:47 PM 100998    690749    2.00    2.00    0.00    0.00    4.00     4  postgres

09:37:47 PM   UID       PID    %usr %system  %guest   %wait    %CPU   CPU  Command
09:37:48 PM 100998    689780    0.00    0.00    0.00    0.00    0.00     6  postgres
09:37:48 PM 100998    689781    0.00    0.00    0.00    0.00    0.00     4  postgres
09:37:48 PM 100998    689783    0.00    0.00    0.00    0.00    0.00     6  postgres
09:37:48 PM 100998    689784    0.00    0.00    0.00    0.00    0.00     5  postgres
09:37:48 PM 100998    690610    2.00    1.00    0.00    1.00    3.00     6  postgres
09:37:48 PM 100998    690696    2.00    1.00    0.00    0.00    3.00     6  postgres
09:37:48 PM 100998    690700    2.00    2.00    0.00    0.00    4.00     6  postgres
09:37:48 PM 100998    690704    2.00    2.00    0.00    1.00    4.00     6  postgres
09:37:48 PM 100998    690710    2.00    1.00    0.00    0.00    3.00     6  postgres
09:37:48 PM 100998    690711    1.00    2.00    0.00    0.00    3.00     6  postgres
09:37:48 PM 100998    690717    1.00    2.00    0.00    0.00    3.00     4  postgres
09:37:48 PM 100998    690725    2.00    2.00    0.00    0.00    4.00     5  postgres
09:37:48 PM 100998    690730    2.00    1.00    0.00    0.00    3.00     4  postgres
09:37:48 PM 100998    690736    1.00    1.00    0.00    0.00    2.00     4  postgres
09:37:48 PM 100998    690737    2.00    0.00    0.00    0.00    2.00     4  postgres
09:37:48 PM 100998    690739    2.00    1.00    0.00    0.00    3.00     5  postgres
09:37:48 PM 100998    690740    1.00    1.00    0.00    0.00    2.00     4  postgres
09:37:48 PM 100998    690741    1.00    1.00    0.00    0.00    2.00     4  postgres
09:37:48 PM 100998    690742    2.00    0.00    0.00    0.00    2.00     6  postgres
09:37:48 PM 100998    690743    1.00    1.00    0.00    0.00    2.00     6  postgres
09:37:48 PM 100998    690744    1.00    1.00    0.00    0.00    2.00     5  postgres
09:37:48 PM 100998    690746    2.00    1.00    0.00    0.00    3.00     4  postgres
09:37:48 PM 100998    690747    1.00    2.00    0.00    0.00    3.00     6  postgres
09:37:48 PM 100998    690749    1.00    1.00    0.00    0.00    2.00     6  postgres

09:37:48 PM   UID       PID    %usr %system  %guest   %wait    %CPU   CPU  Command
09:37:49 PM 100998    689780    0.00    0.00    0.00    0.00    0.00     6  postgres
09:37:49 PM 100998    689781    0.00    0.00    0.00    0.00    0.00     4  postgres
09:37:49 PM 100998    689783    0.00    0.00    0.00    0.00    0.00     6  postgres
09:37:49 PM 100998    689784    0.00    0.00    0.00    0.00    0.00     5  postgres
09:37:49 PM 100998    690610    2.00    2.00    0.00    0.00    4.00     4  postgres
09:37:49 PM 100998    690696    2.00    1.00    0.00    1.00    3.00     4  postgres
09:37:49 PM 100998    690700    1.00    1.00    0.00    0.00    2.00     6  postgres
09:37:49 PM 100998    690704    2.00    1.00    0.00    0.00    3.00     5  postgres
09:37:49 PM 100998    690710    2.00    1.00    0.00    0.00    3.00     5  postgres
09:37:49 PM 100998    690711    1.00    1.00    0.00    1.00    2.00     4  postgres
09:37:49 PM 100998    690717    1.00    2.00    0.00    1.00    3.00     6  postgres
09:37:49 PM 100998    690725    1.00    2.00    0.00    0.00    3.00     5  postgres
09:37:49 PM 100998    690730    1.00    2.00    0.00    0.00    3.00     6  postgres
09:37:49 PM 100998    690736    2.00    1.00    0.00    1.00    3.00     6  postgres
09:37:49 PM 100998    690737    1.00    2.00    0.00    0.00    3.00     4  postgres
09:37:49 PM 100998    690739    2.00    2.00    0.00    1.00    4.00     4  postgres
09:37:49 PM 100998    690740    2.00    1.00    0.00    1.00    3.00     5  postgres
09:37:49 PM 100998    690741    1.00    1.00    0.00    0.00    2.00     5  postgres
09:37:49 PM 100998    690742    1.00    2.00    0.00    0.00    3.00     6  postgres
09:37:49 PM 100998    690743    2.00    2.00    0.00    0.00    4.00     6  postgres
09:37:49 PM 100998    690744    3.00    2.00    0.00    0.00    5.00     4  postgres
09:37:49 PM 100998    690746    1.00    1.00    0.00    0.00    2.00     6  postgres
09:37:49 PM 100998    690747    1.00    1.00    0.00    0.00    2.00     6  postgres
09:37:49 PM 100998    690749    1.00    1.00    0.00    0.00    2.00     6  postgres

09:37:49 PM   UID       PID    %usr %system  %guest   %wait    %CPU   CPU  Command
09:37:50 PM 100998    689780    0.00    0.00    0.00    0.00    0.00     6  postgres
09:37:50 PM 100998    689781    0.00    0.00    0.00    0.00    0.00     4  postgres
09:37:50 PM 100998    689783    0.00    0.00    0.00    0.00    0.00     6  postgres
09:37:50 PM 100998    689784    0.00    0.00    0.00    0.00    0.00     5  postgres
09:37:50 PM 100998    690610    1.00    2.00    0.00    0.00    3.00     4  postgres
09:37:50 PM 100998    690696    2.00    2.00    0.00    0.00    4.00     6  postgres
09:37:50 PM 100998    690700    2.00    2.00    0.00    0.00    4.00     6  postgres
09:37:50 PM 100998    690704    2.00    1.00    0.00    0.00    3.00     6  postgres
09:37:50 PM 100998    690710    2.00    2.00    0.00    0.00    4.00     4  postgres
09:37:50 PM 100998    690711    2.00    2.00    0.00    0.00    4.00     4  postgres
09:37:50 PM 100998    690717    2.00    1.00    0.00    0.00    3.00     5  postgres
09:37:50 PM 100998    690725    1.00    1.00    0.00    0.00    2.00     4  postgres
09:37:50 PM 100998    690730    2.00    1.00    0.00    0.00    3.00     4  postgres
09:37:50 PM 100998    690736    2.00    2.00    0.00    0.00    4.00     6  postgres
09:37:50 PM 100998    690737    1.00    2.00    0.00    0.00    3.00     5  postgres
09:37:50 PM 100998    690739    1.00    0.00    0.00    0.00    1.00     4  postgres
09:37:50 PM 100998    690740    2.00    2.00    0.00    0.00    4.00     5  postgres
09:37:50 PM 100998    690741    1.00    2.00    0.00    0.00    3.00     6  postgres
09:37:50 PM 100998    690742    2.00    1.00    0.00    0.00    3.00     4  postgres
09:37:50 PM 100998    690743    2.00    1.00    0.00    0.00    3.00     6  postgres
09:37:50 PM 100998    690744    1.00    1.00    0.00    0.00    2.00     4  postgres
09:37:50 PM 100998    690746    1.00    1.00    0.00    0.00    2.00     6  postgres
09:37:50 PM 100998    690747    2.00    1.00    0.00    0.00    3.00     4  postgres
09:37:50 PM 100998    690749    1.00    1.00    0.00    0.00    2.00     6  postgres

09:37:50 PM   UID       PID    %usr %system  %guest   %wait    %CPU   CPU  Command
09:37:51 PM 100998    689780    0.00    0.00    0.00    0.00    0.00     6  postgres
09:37:51 PM 100998    689781    0.00    0.00    0.00    0.00    0.00     4  postgres
09:37:51 PM 100998    689783    0.00    0.00    0.00    0.00    0.00     6  postgres
09:37:51 PM 100998    689784    0.00    0.00    0.00    0.00    0.00     5  postgres
09:37:51 PM 100998    690610    2.00    1.00    0.00    0.00    3.00     4  postgres
09:37:51 PM 100998    690696    2.00    1.00    0.00    0.00    3.00     6  postgres
09:37:51 PM 100998    690700    1.00    2.00    0.00    1.00    3.00     4  postgres
09:37:51 PM 100998    690704    1.00    1.00    0.00    0.00    2.00     6  postgres
09:37:51 PM 100998    690710    1.00    1.00    0.00    0.00    2.00     4  postgres
09:37:51 PM 100998    690711    1.00    1.00    0.00    0.00    2.00     6  postgres
09:37:51 PM 100998    690717    2.00    1.00    0.00    0.00    3.00     6  postgres
09:37:51 PM 100998    690725    2.00    1.00    0.00    1.00    3.00     4  postgres
09:37:51 PM 100998    690730    1.00    1.00    0.00    0.00    2.00     4  postgres
09:37:51 PM 100998    690736    1.00    1.00    0.00    0.00    2.00     6  postgres
09:37:51 PM 100998    690737    1.00    1.00    0.00    0.00    2.00     5  postgres
09:37:51 PM 100998    690739    1.00    2.00    0.00    0.00    3.00     4  postgres
09:37:51 PM 100998    690740    1.00    1.00    0.00    0.00    2.00     4  postgres
09:37:51 PM 100998    690741    2.00    1.00    0.00    1.00    3.00     4  postgres
09:37:51 PM 100998    690742    2.00    1.00    0.00    0.00    3.00     6  postgres
09:37:51 PM 100998    690743    1.00    1.00    0.00    1.00    2.00     6  postgres
09:37:51 PM 100998    690744    1.00    1.00    0.00    1.00    2.00     6  postgres
09:37:51 PM 100998    690746    1.00    1.00    0.00    0.00    2.00     4  postgres
09:37:51 PM 100998    690747    1.00    1.00    0.00    0.00    2.00     6  postgres
09:37:51 PM 100998    690749    1.00    1.00    0.00    0.00    2.00     6  postgres

09:37:51 PM   UID       PID    %usr %system  %guest   %wait    %CPU   CPU  Command
09:37:52 PM 100998    689780    0.00    0.00    0.00    0.00    0.00     6  postgres
09:37:52 PM 100998    689781    0.00    0.00    0.00    0.00    0.00     4  postgres
09:37:52 PM 100998    689783    0.00    0.00    0.00    0.00    0.00     6  postgres
09:37:52 PM 100998    689784    0.00    0.00    0.00    0.00    0.00     5  postgres
09:37:52 PM 100998    690610    2.00    1.00    0.00    1.00    3.00     5  postgres
09:37:52 PM 100998    690696    1.00    1.00    0.00    0.00    2.00     4  postgres
09:37:52 PM 100998    690700    2.00    1.00    0.00    0.00    3.00     4  postgres
09:37:52 PM 100998    690704    2.00    2.00    0.00    0.00    4.00     6  postgres
09:37:52 PM 100998    690710    2.00    1.00    0.00    1.00    3.00     4  postgres
09:37:52 PM 100998    690711    2.00    1.00    0.00    0.00    3.00     6  postgres
09:37:52 PM 100998    690717    2.00    2.00    0.00    1.00    4.00     6  postgres
09:37:52 PM 100998    690725    1.00    0.00    0.00    0.00    1.00     6  postgres
09:37:52 PM 100998    690730    2.00    2.00    0.00    0.00    4.00     6  postgres
09:37:52 PM 100998    690736    2.00    2.00    0.00    0.00    4.00     6  postgres
09:37:52 PM 100998    690737    2.00    1.00    0.00    0.00    3.00     6  postgres
09:37:52 PM 100998    690739    2.00    1.00    0.00    0.00    3.00     6  postgres
09:37:52 PM 100998    690740    1.00    0.00    0.00    0.00    1.00     4  postgres
09:37:52 PM 100998    690741    2.00    2.00    0.00    0.00    4.00     4  postgres
09:37:52 PM 100998    690742    1.00    2.00    0.00    1.00    3.00     4  postgres
09:37:52 PM 100998    690743    2.00    1.00    0.00    0.00    3.00     6  postgres
09:37:52 PM 100998    690744    2.00    2.00    0.00    0.00    4.00     6  postgres
09:37:52 PM 100998    690746    2.00    1.00    0.00    0.00    3.00     4  postgres
09:37:52 PM 100998    690747    1.00    1.00    0.00    0.00    2.00     4  postgres
09:37:52 PM 100998    690749    2.00    2.00    0.00    0.00    4.00     4  postgres

09:37:52 PM   UID       PID    %usr %system  %guest   %wait    %CPU   CPU  Command
09:37:53 PM 100998    689780    0.00    0.00    0.00    0.00    0.00     6  postgres
09:37:53 PM 100998    689781    0.00    0.00    0.00    0.00    0.00     4  postgres
09:37:53 PM 100998    689783    0.00    0.00    0.00    0.00    0.00     6  postgres
09:37:53 PM 100998    689784    0.00    0.00    0.00    0.00    0.00     5  postgres
09:37:53 PM 100998    690610    1.00    2.00    0.00    0.00    3.00     4  postgres
09:37:53 PM 100998    690696    2.00    2.00    0.00    1.00    4.00     6  postgres
09:37:53 PM 100998    690700    2.00    2.00    0.00    0.00    4.00     4  postgres
09:37:53 PM 100998    690704    1.00    1.00    0.00    0.00    2.00     6  postgres
09:37:53 PM 100998    690710    2.00    2.00    0.00    0.00    4.00     4  postgres
09:37:53 PM 100998    690711    1.00    1.00    0.00    1.00    2.00     6  postgres
09:37:53 PM 100998    690717    1.00    1.00    0.00    0.00    2.00     4  postgres
09:37:53 PM 100998    690725    2.00    2.00    0.00    0.00    4.00     4  postgres
09:37:53 PM 100998    690730    1.00    1.00    0.00    1.00    2.00     6  postgres
09:37:53 PM 100998    690736    1.00    1.00    0.00    0.00    2.00     6  postgres
09:37:53 PM 100998    690737    0.00    2.00    0.00    1.00    2.00     6  postgres
09:37:53 PM 100998    690739    1.00    1.00    0.00    0.00    2.00     4  postgres
09:37:53 PM 100998    690740    2.00    2.00    0.00    0.00    4.00     4  postgres
09:37:53 PM 100998    690741    1.00    0.00    0.00    0.00    1.00     6  postgres
09:37:53 PM 100998    690742    1.00    1.00    0.00    0.00    2.00     4  postgres
09:37:53 PM 100998    690743    1.00    1.00    0.00    0.00    2.00     4  postgres
09:37:53 PM 100998    690744    1.00    1.00    0.00    0.00    2.00     5  postgres
09:37:53 PM 100998    690746    1.00    2.00    0.00    0.00    3.00     4  postgres
09:37:53 PM 100998    690747    1.00    1.00    0.00    0.00    2.00     6  postgres
09:37:53 PM 100998    690749    0.00    1.00    0.00    0.00    1.00     4  postgres

09:37:53 PM   UID       PID    %usr %system  %guest   %wait    %CPU   CPU  Command
09:37:54 PM 100998    689780    0.00    0.00    0.00    0.00    0.00     6  postgres
09:37:54 PM 100998    689781    0.00    0.00    0.00    0.00    0.00     4  postgres
09:37:54 PM 100998    689783    0.00    0.00    0.00    0.00    0.00     6  postgres
09:37:54 PM 100998    689784    0.00    0.00    0.00    0.00    0.00     5  postgres
09:37:54 PM 100998    690610    2.00    2.00    0.00    0.00    4.00     4  postgres
09:37:54 PM 100998    690696    1.00    2.00    0.00    0.00    3.00     5  postgres
09:37:54 PM 100998    690700    2.00    1.00    0.00    1.00    3.00     4  postgres
09:37:54 PM 100998    690704    2.00    1.00    0.00    1.00    3.00     6  postgres
09:37:54 PM 100998    690710    2.00    0.00    0.00    0.00    2.00     5  postgres
09:37:54 PM 100998    690711    2.00    1.00    0.00    0.00    3.00     4  postgres
09:37:54 PM 100998    690717    2.00    2.00    0.00    0.00    4.00     5  postgres
09:37:54 PM 100998    690725    2.00    1.00    0.00    0.00    3.00     5  postgres
09:37:54 PM 100998    690730    1.00    1.00    0.00    0.00    2.00     4  postgres
09:37:54 PM 100998    690736    1.00    2.00    0.00    1.00    3.00     6  postgres
09:37:54 PM 100998    690737    2.00    1.00    0.00    0.00    3.00     6  postgres
09:37:54 PM 100998    690739    2.00    1.00    0.00    1.00    3.00     4  postgres
09:37:54 PM 100998    690740    2.00    1.00    0.00    0.00    3.00     6  postgres
09:37:54 PM 100998    690741    1.00    2.00    0.00    0.00    3.00     6  postgres
09:37:54 PM 100998    690742    1.00    1.00    0.00    0.00    2.00     4  postgres
09:37:54 PM 100998    690743    1.00    1.00    0.00    0.00    2.00     6  postgres
09:37:54 PM 100998    690744    2.00    2.00    0.00    0.00    4.00     5  postgres
09:37:54 PM 100998    690746    1.00    1.00    0.00    0.00    2.00     4  postgres
09:37:54 PM 100998    690747    1.00    1.00    0.00    0.00    2.00     6  postgres
09:37:54 PM 100998    690749    1.00    1.00    0.00    1.00    2.00     4  postgres

09:37:54 PM   UID       PID    %usr %system  %guest   %wait    %CPU   CPU  Command
09:37:55 PM 100998    689780    0.00    0.00    0.00    0.00    0.00     6  postgres
09:37:55 PM 100998    689781    0.00    0.00    0.00    0.00    0.00     4  postgres
09:37:55 PM 100998    689783    0.00    0.00    0.00    0.00    0.00     6  postgres
09:37:55 PM 100998    689784    0.00    0.00    0.00    0.00    0.00     5  postgres
09:37:55 PM 100998    690610    0.00    0.00    0.00    0.00    0.00     4  postgres
09:37:55 PM 100998    690696    0.00    0.00    0.00    0.00    0.00     5  postgres
09:37:55 PM 100998    690700    0.00    0.00    0.00    0.00    0.00     6  postgres
09:37:55 PM 100998    690704    0.00    0.00    0.00    0.00    0.00     4  postgres
09:37:55 PM 100998    690710    0.00    0.00    0.00    0.00    0.00     5  postgres
09:37:55 PM 100998    690711    0.00    0.00    0.00    0.00    0.00     4  postgres
09:37:55 PM 100998    690717    0.00    0.00    0.00    0.00    0.00     5  postgres
09:37:55 PM 100998    690725    0.00    0.00    0.00    0.00    0.00     4  postgres
09:37:55 PM 100998    690730    0.00    0.00    0.00    0.00    0.00     4  postgres
09:37:55 PM 100998    690736    0.00    0.00    0.00    0.00    0.00     4  postgres
09:37:55 PM 100998    690737    0.00    0.00    0.00    0.00    0.00     6  postgres
09:37:55 PM 100998    690739    0.00    0.00    0.00    0.00    0.00     6  postgres
09:37:55 PM 100998    690740    0.00    0.00    0.00    0.00    0.00     4  postgres
09:37:55 PM 100998    690741    0.00    0.00    0.00    0.00    0.00     6  postgres
09:37:55 PM 100998    690742    0.00    0.00    0.00    0.00    0.00     4  postgres
09:37:55 PM 100998    690743    0.00    0.00    0.00    0.00    0.00     6  postgres
09:37:55 PM 100998    690744    0.00    0.00    0.00    0.00    0.00     5  postgres
09:37:55 PM 100998    690746    0.00    0.00    0.00    0.00    0.00     4  postgres
09:37:55 PM 100998    690747    0.00    0.00    0.00    0.00    0.00     6  postgres
09:37:55 PM 100998    690749    0.00    0.00    0.00    0.00    0.00     4  postgres

09:37:55 PM   UID       PID    %usr %system  %guest   %wait    %CPU   CPU  Command
09:37:56 PM 100998    689780    0.00    0.00    0.00    0.00    0.00     6  postgres
09:37:56 PM 100998    689781    0.00    0.00    0.00    0.00    0.00     4  postgres
09:37:56 PM 100998    689783    0.00    0.00    0.00    0.00    0.00     6  postgres
09:37:56 PM 100998    689784    0.00    0.00    0.00    0.00    0.00     5  postgres
09:37:56 PM 100998    690610    0.00    0.00    0.00    0.00    0.00     4  postgres
09:37:56 PM 100998    690696    0.00    0.00    0.00    0.00    0.00     5  postgres
09:37:56 PM 100998    690700    0.00    0.00    0.00    0.00    0.00     6  postgres
09:37:56 PM 100998    690704    0.00    0.00    0.00    0.00    0.00     4  postgres
09:37:56 PM 100998    690710    0.00    0.00    0.00    0.00    0.00     5  postgres
09:37:56 PM 100998    690711    0.00    0.00    0.00    0.00    0.00     4  postgres
09:37:56 PM 100998    690717    0.00    0.00    0.00    0.00    0.00     5  postgres
09:37:56 PM 100998    690725    0.00    0.00    0.00    0.00    0.00     4  postgres
09:37:56 PM 100998    690730    0.00    0.00    0.00    0.00    0.00     4  postgres
09:37:56 PM 100998    690736    0.00    0.00    0.00    0.00    0.00     4  postgres
09:37:56 PM 100998    690737    0.00    0.00    0.00    0.00    0.00     6  postgres
09:37:56 PM 100998    690739    0.00    0.00    0.00    0.00    0.00     6  postgres
09:37:56 PM 100998    690740    0.00    0.00    0.00    0.00    0.00     4  postgres
09:37:56 PM 100998    690741    0.00    0.00    0.00    0.00    0.00     6  postgres
09:37:56 PM 100998    690742    0.00    0.00    0.00    0.00    0.00     4  postgres
09:37:56 PM 100998    690743    0.00    0.00    0.00    0.00    0.00     6  postgres
09:37:56 PM 100998    690744    0.00    0.00    0.00    0.00    0.00     5  postgres
09:37:56 PM 100998    690746    0.00    0.00    0.00    0.00    0.00     4  postgres
09:37:56 PM 100998    690747    0.00    0.00    0.00    0.00    0.00     6  postgres
09:37:56 PM 100998    690749    0.00    0.00    0.00    0.00    0.00     4  postgres

09:37:56 PM   UID       PID    %usr %system  %guest   %wait    %CPU   CPU  Command
09:37:57 PM 100998    689780    0.00    0.00    0.00    0.00    0.00     6  postgres
09:37:57 PM 100998    689781    0.00    0.00    0.00    0.00    0.00     4  postgres
09:37:57 PM 100998    689783    0.00    0.00    0.00    0.00    0.00     6  postgres
09:37:57 PM 100998    689784    0.00    0.00    0.00    0.00    0.00     5  postgres
09:37:57 PM 100998    690610    0.00    0.00    0.00    0.00    0.00     4  postgres
09:37:57 PM 100998    690696    0.00    0.00    0.00    0.00    0.00     5  postgres
09:37:57 PM 100998    690700    0.00    0.00    0.00    0.00    0.00     6  postgres
09:37:57 PM 100998    690704    0.00    0.00    0.00    0.00    0.00     4  postgres
09:37:57 PM 100998    690710    0.00    0.00    0.00    0.00    0.00     5  postgres
09:37:57 PM 100998    690711    0.00    0.00    0.00    0.00    0.00     4  postgres
09:37:57 PM 100998    690717    0.00    0.00    0.00    0.00    0.00     5  postgres
09:37:57 PM 100998    690725    0.00    0.00    0.00    0.00    0.00     4  postgres
09:37:57 PM 100998    690730    0.00    0.00    0.00    0.00    0.00     4  postgres
09:37:57 PM 100998    690736    0.00    0.00    0.00    0.00    0.00     4  postgres
09:37:57 PM 100998    690737    0.00    0.00    0.00    0.00    0.00     6  postgres
09:37:57 PM 100998    690739    0.00    0.00    0.00    0.00    0.00     6  postgres
09:37:57 PM 100998    690740    0.00    0.00    0.00    0.00    0.00     4  postgres
09:37:57 PM 100998    690741    0.00    0.00    0.00    0.00    0.00     6  postgres
09:37:57 PM 100998    690742    0.00    0.00    0.00    0.00    0.00     4  postgres
09:37:57 PM 100998    690743    0.00    0.00    0.00    0.00    0.00     6  postgres
09:37:57 PM 100998    690744    0.00    0.00    0.00    0.00    0.00     5  postgres
09:37:57 PM 100998    690746    0.00    0.00    0.00    0.00    0.00     4  postgres
09:37:57 PM 100998    690747    0.00    0.00    0.00    0.00    0.00     6  postgres
09:37:57 PM 100998    690749    0.00    0.00    0.00    0.00    0.00     4  postgres

09:37:57 PM   UID       PID    %usr %system  %guest   %wait    %CPU   CPU  Command
09:37:58 PM 100998    689780    0.00    0.00    0.00    0.00    0.00     6  postgres
09:37:58 PM 100998    689781    0.00    0.00    0.00    0.00    0.00     4  postgres
09:37:58 PM 100998    689783    0.00    0.00    0.00    0.00    0.00     6  postgres
09:37:58 PM 100998    689784    0.00    0.00    0.00    0.00    0.00     5  postgres
09:37:58 PM 100998    690610    0.00    0.00    0.00    0.00    0.00     4  postgres
09:37:58 PM 100998    690696    0.00    0.00    0.00    0.00    0.00     5  postgres
09:37:58 PM 100998    690700    0.00    0.00    0.00    0.00    0.00     6  postgres
09:37:58 PM 100998    690704    0.00    0.00    0.00    0.00    0.00     4  postgres
09:37:58 PM 100998    690710    0.00    0.00    0.00    0.00    0.00     5  postgres
09:37:58 PM 100998    690711    0.00    0.00    0.00    0.00    0.00     4  postgres
09:37:58 PM 100998    690717    0.00    0.00    0.00    0.00    0.00     5  postgres
09:37:58 PM 100998    690725    0.00    0.00    0.00    0.00    0.00     4  postgres
09:37:58 PM 100998    690730    0.00    0.00    0.00    0.00    0.00     4  postgres
09:37:58 PM 100998    690736    0.00    0.00    0.00    0.00    0.00     4  postgres
09:37:58 PM 100998    690737    0.00    0.00    0.00    0.00    0.00     6  postgres
09:37:58 PM 100998    690739    0.00    0.00    0.00    0.00    0.00     6  postgres
09:37:58 PM 100998    690740    0.00    0.00    0.00    0.00    0.00     4  postgres
09:37:58 PM 100998    690741    0.00    0.00    0.00    0.00    0.00     6  postgres
09:37:58 PM 100998    690742    0.00    0.00    0.00    0.00    0.00     4  postgres
09:37:58 PM 100998    690743    0.00    0.00    0.00    0.00    0.00     6  postgres
09:37:58 PM 100998    690744    0.00    0.00    0.00    0.00    0.00     5  postgres
09:37:58 PM 100998    690746    0.00    0.00    0.00    0.00    0.00     4  postgres
09:37:58 PM 100998    690747    0.00    0.00    0.00    0.00    0.00     6  postgres
09:37:58 PM 100998    690749    0.00    0.00    0.00    0.00    0.00     4  postgres

09:37:58 PM   UID       PID    %usr %system  %guest   %wait    %CPU   CPU  Command
09:37:59 PM 100998    689780    0.00    0.00    0.00    0.00    0.00     6  postgres
09:37:59 PM 100998    689781    0.00    0.00    0.00    0.00    0.00     4  postgres
09:37:59 PM 100998    689783    0.00    0.00    0.00    0.00    0.00     6  postgres
09:37:59 PM 100998    689784    0.00    0.00    0.00    0.00    0.00     5  postgres
09:37:59 PM 100998    690610    0.00    0.00    0.00    0.00    0.00     4  postgres
09:37:59 PM 100998    690696    0.00    0.00    0.00    0.00    0.00     5  postgres
09:37:59 PM 100998    690700    0.00    0.00    0.00    0.00    0.00     6  postgres
09:37:59 PM 100998    690704    0.00    0.00    0.00    0.00    0.00     4  postgres
09:37:59 PM 100998    690710    0.00    0.00    0.00    0.00    0.00     5  postgres
09:37:59 PM 100998    690711    0.00    0.00    0.00    0.00    0.00     4  postgres
09:37:59 PM 100998    690717    0.00    0.00    0.00    0.00    0.00     5  postgres
09:37:59 PM 100998    690725    0.00    0.00    0.00    0.00    0.00     4  postgres
09:37:59 PM 100998    690730    0.00    0.00    0.00    0.00    0.00     4  postgres
09:37:59 PM 100998    690736    0.00    0.00    0.00    0.00    0.00     4  postgres
09:37:59 PM 100998    690737    0.00    0.00    0.00    0.00    0.00     6  postgres
09:37:59 PM 100998    690739    0.00    0.00    0.00    0.00    0.00     6  postgres
09:37:59 PM 100998    690740    0.00    0.00    0.00    0.00    0.00     4  postgres
09:37:59 PM 100998    690741    0.00    0.00    0.00    0.00    0.00     6  postgres
09:37:59 PM 100998    690742    0.00    0.00    0.00    0.00    0.00     4  postgres
09:37:59 PM 100998    690743    0.00    0.00    0.00    0.00    0.00     6  postgres
09:37:59 PM 100998    690744    0.00    0.00    0.00    0.00    0.00     5  postgres
09:37:59 PM 100998    690746    0.00    0.00    0.00    0.00    0.00     4  postgres
09:37:59 PM 100998    690747    0.00    0.00    0.00    0.00    0.00     6  postgres
09:37:59 PM 100998    690749    0.00    0.00    0.00    0.00    0.00     4  postgres
