Linux 5.14.0-570.60.1.el9_6.x86_64 *****) 	03/02/2026 	_x86_64_	(64 CPU)

07:32:16 PM   UID       PID    %usr %system  %guest   %wait    %CPU   CPU  Command
07:32:17 PM 100998    584842    0.00    0.00    0.00    0.00    0.00     6  postgres
07:32:17 PM 100998    584843    0.00    0.00    0.00    0.00    0.00     5  postgres
07:32:17 PM 100998    584845    0.00    0.00    0.00    0.00    0.00     6  postgres
07:32:17 PM 100998    584846    0.00    0.00    0.00    0.00    0.00     5  postgres
07:32:17 PM 100998    585785    0.00    0.00    0.00    0.00    0.00     5  postgres
07:32:17 PM 100998    585794    0.00    0.00    0.00    0.00    0.00     5  postgres
07:32:17 PM 100998    585796    0.00    0.00    0.00    0.00    0.00     5  postgres
07:32:17 PM 100998    585797    0.00    0.00    0.00    0.00    0.00     5  postgres
07:32:17 PM 100998    585799    0.00    0.00    0.00    0.00    0.00     5  postgres
07:32:17 PM 100998    585800    0.00    0.00    0.00    0.00    0.00     5  postgres
07:32:17 PM 100998    585801    0.00    0.00    0.00    0.00    0.00     5  postgres
07:32:17 PM 100998    585802    0.00    0.00    0.00    0.00    0.00     5  postgres
07:32:17 PM 100998    585803    0.00    0.00    0.00    0.00    0.00     5  postgres
07:32:17 PM 100998    585804    0.00    0.00    0.00    0.00    0.00     5  postgres
07:32:17 PM 100998    585805    0.00    0.00    0.00    0.00    0.00     5  postgres
07:32:17 PM 100998    585807    0.00    0.00    0.00    0.00    0.00     6  postgres
07:32:17 PM 100998    585808    0.00    0.00    0.00    0.00    0.00     6  postgres
07:32:17 PM 100998    585811    0.00    0.00    0.00    0.00    0.00     5  postgres
07:32:17 PM 100998    585813    0.00    0.00    0.00    0.00    0.00     5  postgres
07:32:17 PM 100998    585815    0.00    0.00    0.00    0.00    0.00     5  postgres
07:32:17 PM 100998    585817    0.00    0.00    0.00    0.00    0.00     6  postgres
07:32:17 PM 100998    585832    0.00    0.00    0.00    0.00    0.00     5  postgres
07:32:17 PM 100998    585854    0.00    0.00    0.00    0.00    0.00     5  postgres
07:32:17 PM 100998    585868    0.00    0.00    0.00    0.00    0.00     4  postgres

07:32:17 PM   UID       PID    %usr %system  %guest   %wait    %CPU   CPU  Command
07:32:18 PM 100998    584842    0.00    0.00    0.00    0.00    0.00     6  postgres
07:32:18 PM 100998    584843    0.00    0.00    0.00    0.00    0.00     5  postgres
07:32:18 PM 100998    584845    0.00    0.00    0.00    0.00    0.00     6  postgres
07:32:18 PM 100998    584846    0.00    0.00    0.00    0.00    0.00     5  postgres
07:32:18 PM 100998    585785    0.00    0.00    0.00    0.00    0.00     5  postgres
07:32:18 PM 100998    585794    0.00    0.00    0.00    0.00    0.00     5  postgres
07:32:18 PM 100998    585796    0.00    0.00    0.00    0.00    0.00     5  postgres
07:32:18 PM 100998    585797    0.00    0.00    0.00    0.00    0.00     5  postgres
07:32:18 PM 100998    585799    0.00    0.00    0.00    0.00    0.00     5  postgres
07:32:18 PM 100998    585800    0.00    0.00    0.00    0.00    0.00     5  postgres
07:32:18 PM 100998    585801    0.00    0.00    0.00    0.00    0.00     5  postgres
07:32:18 PM 100998    585802    0.00    0.00    0.00    0.00    0.00     5  postgres
07:32:18 PM 100998    585803    0.00    0.00    0.00    0.00    0.00     5  postgres
07:32:18 PM 100998    585804    0.00    0.00    0.00    0.00    0.00     5  postgres
07:32:18 PM 100998    585805    0.00    0.00    0.00    0.00    0.00     5  postgres
07:32:18 PM 100998    585807    0.00    0.00    0.00    0.00    0.00     6  postgres
07:32:18 PM 100998    585808    0.00    0.00    0.00    0.00    0.00     6  postgres
07:32:18 PM 100998    585811    0.00    0.00    0.00    0.00    0.00     5  postgres
07:32:18 PM 100998    585813    0.00    0.00    0.00    0.00    0.00     5  postgres
07:32:18 PM 100998    585815    0.00    0.00    0.00    0.00    0.00     5  postgres
07:32:18 PM 100998    585817    0.00    0.00    0.00    0.00    0.00     6  postgres
07:32:18 PM 100998    585832    0.00    0.00    0.00    0.00    0.00     5  postgres
07:32:18 PM 100998    585854    0.00    0.00    0.00    0.00    0.00     5  postgres
07:32:18 PM 100998    585868    0.00    0.00    0.00    0.00    0.00     4  postgres

07:32:18 PM   UID       PID    %usr %system  %guest   %wait    %CPU   CPU  Command
07:32:19 PM 100998    584842    0.00    0.00    0.00    0.00    0.00     6  postgres
07:32:19 PM 100998    584843    0.00    0.00    0.00    0.00    0.00     5  postgres
07:32:19 PM 100998    584845    0.00    0.00    0.00    0.00    0.00     6  postgres
07:32:19 PM 100998    584846    0.00    0.00    0.00    0.00    0.00     5  postgres
07:32:19 PM 100998    585785    0.00    0.00    0.00    0.00    0.00     5  postgres
07:32:19 PM 100998    585794    0.00    0.00    0.00    0.00    0.00     5  postgres
07:32:19 PM 100998    585796    0.00    0.00    0.00    0.00    0.00     5  postgres
07:32:19 PM 100998    585797    0.00    0.00    0.00    0.00    0.00     5  postgres
07:32:19 PM 100998    585799    0.00    0.00    0.00    0.00    0.00     5  postgres
07:32:19 PM 100998    585800    0.00    0.00    0.00    0.00    0.00     5  postgres
07:32:19 PM 100998    585801    0.00    0.00    0.00    0.00    0.00     5  postgres
07:32:19 PM 100998    585802    0.00    0.00    0.00    0.00    0.00     5  postgres
07:32:19 PM 100998    585803    0.00    0.00    0.00    0.00    0.00     5  postgres
07:32:19 PM 100998    585804    0.00    0.00    0.00    0.00    0.00     5  postgres
07:32:19 PM 100998    585805    0.00    0.00    0.00    0.00    0.00     5  postgres
07:32:19 PM 100998    585807    0.00    0.00    0.00    0.00    0.00     6  postgres
07:32:19 PM 100998    585808    0.00    0.00    0.00    0.00    0.00     6  postgres
07:32:19 PM 100998    585811    0.00    0.00    0.00    0.00    0.00     5  postgres
07:32:19 PM 100998    585813    0.00    0.00    0.00    0.00    0.00     5  postgres
07:32:19 PM 100998    585815    0.00    0.00    0.00    0.00    0.00     5  postgres
07:32:19 PM 100998    585817    0.00    0.00    0.00    0.00    0.00     6  postgres
07:32:19 PM 100998    585832    0.00    0.00    0.00    0.00    0.00     5  postgres
07:32:19 PM 100998    585854    0.00    0.00    0.00    0.00    0.00     5  postgres
07:32:19 PM 100998    585868    0.00    0.00    0.00    0.00    0.00     4  postgres

07:32:19 PM   UID       PID    %usr %system  %guest   %wait    %CPU   CPU  Command
07:32:20 PM 100998    584842    0.00    0.00    0.00    0.00    0.00     6  postgres
07:32:20 PM 100998    584843    0.00    0.00    0.00    0.00    0.00     5  postgres
07:32:20 PM 100998    584845    0.00    0.00    0.00    0.00    0.00     6  postgres
07:32:20 PM 100998    584846    0.00    0.00    0.00    0.00    0.00     5  postgres
07:32:20 PM 100998    585785    0.00    0.00    0.00    0.00    0.00     5  postgres
07:32:20 PM 100998    585794    0.00    0.00    0.00    0.00    0.00     5  postgres
07:32:20 PM 100998    585796    0.00    0.00    0.00    0.00    0.00     5  postgres
07:32:20 PM 100998    585797    0.00    0.00    0.00    0.00    0.00     5  postgres
07:32:20 PM 100998    585799    0.00    0.00    0.00    0.00    0.00     5  postgres
07:32:20 PM 100998    585800    0.00    0.00    0.00    0.00    0.00     5  postgres
07:32:20 PM 100998    585801    0.00    0.00    0.00    0.00    0.00     5  postgres
07:32:20 PM 100998    585802    0.00    0.00    0.00    0.00    0.00     5  postgres
07:32:20 PM 100998    585803    0.00    0.00    0.00    0.00    0.00     5  postgres
07:32:20 PM 100998    585804    0.00    0.00    0.00    0.00    0.00     5  postgres
07:32:20 PM 100998    585805    0.00    0.00    0.00    0.00    0.00     5  postgres
07:32:20 PM 100998    585807    0.00    0.00    0.00    0.00    0.00     6  postgres
07:32:20 PM 100998    585808    0.00    0.00    0.00    0.00    0.00     6  postgres
07:32:20 PM 100998    585811    0.00    0.00    0.00    0.00    0.00     5  postgres
07:32:20 PM 100998    585813    0.00    0.00    0.00    0.00    0.00     5  postgres
07:32:20 PM 100998    585815    0.00    0.00    0.00    0.00    0.00     5  postgres
07:32:20 PM 100998    585817    0.00    0.00    0.00    0.00    0.00     6  postgres
07:32:20 PM 100998    585832    0.00    0.00    0.00    0.00    0.00     5  postgres
07:32:20 PM 100998    585854    0.00    0.00    0.00    0.00    0.00     5  postgres
07:32:20 PM 100998    585868    0.00    0.00    0.00    0.00    0.00     4  postgres

07:32:20 PM   UID       PID    %usr %system  %guest   %wait    %CPU   CPU  Command
07:32:21 PM 100998    584842    0.00    0.00    0.00    0.00    0.00     6  postgres
07:32:21 PM 100998    584843    0.00    0.00    0.00    0.00    0.00     5  postgres
07:32:21 PM 100998    584845    0.00    0.00    0.00    0.00    0.00     6  postgres
07:32:21 PM 100998    584846    0.00    0.00    0.00    0.00    0.00     5  postgres
07:32:21 PM 100998    585785    0.00    0.00    0.00    0.00    0.00     5  postgres
07:32:21 PM 100998    585794    0.00    0.00    0.00    0.00    0.00     5  postgres
07:32:21 PM 100998    585796    0.00    0.00    0.00    0.00    0.00     5  postgres
07:32:21 PM 100998    585797    0.00    0.00    0.00    0.00    0.00     5  postgres
07:32:21 PM 100998    585799    0.00    0.00    0.00    0.00    0.00     5  postgres
07:32:21 PM 100998    585800    0.00    0.00    0.00    0.00    0.00     5  postgres
07:32:21 PM 100998    585801    0.00    0.00    0.00    0.00    0.00     5  postgres
07:32:21 PM 100998    585802    0.00    0.00    0.00    0.00    0.00     5  postgres
07:32:21 PM 100998    585803    0.00    0.00    0.00    0.00    0.00     5  postgres
07:32:21 PM 100998    585804    0.00    0.00    0.00    0.00    0.00     5  postgres
07:32:21 PM 100998    585805    0.00    0.00    0.00    0.00    0.00     5  postgres
07:32:21 PM 100998    585807    0.00    0.00    0.00    0.00    0.00     6  postgres
07:32:21 PM 100998    585808    0.00    0.00    0.00    0.00    0.00     6  postgres
07:32:21 PM 100998    585811    0.00    0.00    0.00    0.00    0.00     5  postgres
07:32:21 PM 100998    585813    0.00    0.00    0.00    0.00    0.00     5  postgres
07:32:21 PM 100998    585815    0.00    0.00    0.00    0.00    0.00     5  postgres
07:32:21 PM 100998    585817    0.00    0.00    0.00    0.00    0.00     6  postgres
07:32:21 PM 100998    585832    0.00    0.00    0.00    0.00    0.00     5  postgres
07:32:21 PM 100998    585854    0.00    0.00    0.00    0.00    0.00     5  postgres
07:32:21 PM 100998    585868    0.00    0.00    0.00    0.00    0.00     4  postgres

07:32:21 PM   UID       PID    %usr %system  %guest   %wait    %CPU   CPU  Command
07:32:22 PM 100998    584842    0.00    0.00    0.00    0.00    0.00     6  postgres
07:32:22 PM 100998    584843    0.00    0.00    0.00    0.00    0.00     5  postgres
07:32:22 PM 100998    584845    0.00    0.00    0.00    0.00    0.00     6  postgres
07:32:22 PM 100998    584846    0.00    0.00    0.00    0.00    0.00     5  postgres
07:32:22 PM 100998    585785    0.00    0.00    0.00    0.00    0.00     6  postgres
07:32:22 PM 100998    585794    0.00    0.00    0.00    0.00    0.00     6  postgres
07:32:22 PM 100998    585796    0.00    0.00    0.00    0.00    0.00     4  postgres
07:32:22 PM 100998    585797    0.00    0.00    0.00    0.00    0.00     5  postgres
07:32:22 PM 100998    585799    0.00    0.00    0.00    0.00    0.00     5  postgres
07:32:22 PM 100998    585800    0.00    0.00    0.00    0.00    0.00     5  postgres
07:32:22 PM 100998    585801    0.00    0.00    0.00    0.00    0.00     5  postgres
07:32:22 PM 100998    585802    0.00    0.00    0.00    0.00    0.00     4  postgres
07:32:22 PM 100998    585803    0.00    0.00    0.00    0.00    0.00     4  postgres
07:32:22 PM 100998    585804    0.00    0.00    0.00    0.00    0.00     6  postgres
07:32:22 PM 100998    585805    0.00    0.00    0.00    0.00    0.00     4  postgres
07:32:22 PM 100998    585807    0.00    0.00    0.00    0.00    0.00     6  postgres
07:32:22 PM 100998    585808    0.00    0.00    0.00    0.00    0.00     5  postgres
07:32:22 PM 100998    585811    0.00    0.00    0.00    0.00    0.00     5  postgres
07:32:22 PM 100998    585813    0.00    0.00    0.00    0.00    0.00     4  postgres
07:32:22 PM 100998    585815    0.00    0.00    0.00    0.00    0.00     6  postgres
07:32:22 PM 100998    585817    0.00    0.00    0.00    0.00    0.00     4  postgres
07:32:22 PM 100998    585832    0.00    0.00    0.00    0.00    0.00     4  postgres
07:32:22 PM 100998    585854    0.00    0.00    0.00    0.00    0.00     6  postgres
07:32:22 PM 100998    585868    0.00    0.00    0.00    0.00    0.00     4  postgres

07:32:22 PM   UID       PID    %usr %system  %guest   %wait    %CPU   CPU  Command
07:32:23 PM 100998    584842    0.00    0.00    0.00    0.00    0.00     6  postgres
07:32:23 PM 100998    584843    0.00    0.00    0.00    0.00    0.00     5  postgres
07:32:23 PM 100998    584845    0.00    0.00    0.00    0.00    0.00     6  postgres
07:32:23 PM 100998    584846    0.00    0.00    0.00    0.00    0.00     5  postgres
07:32:23 PM 100998    585785    0.00    1.00    0.00    0.00    1.00     5  postgres
07:32:23 PM 100998    585794    0.00    0.00    0.00    0.00    0.00     4  postgres
07:32:23 PM 100998    585796    0.00    0.00    0.00    0.00    0.00     4  postgres
07:32:23 PM 100998    585797    0.00    0.00    0.00    0.00    0.00     5  postgres
07:32:23 PM 100998    585799    0.00    0.00    0.00    0.00    0.00     5  postgres
07:32:23 PM 100998    585800    0.00    0.00    0.00    0.00    0.00     5  postgres
07:32:23 PM 100998    585801    0.00    0.00    0.00    0.00    0.00     5  postgres
07:32:23 PM 100998    585802    0.00    0.00    0.00    0.00    0.00     4  postgres
07:32:23 PM 100998    585803    0.00    0.00    0.00    0.00    0.00     6  postgres
07:32:23 PM 100998    585804    0.00    0.00    0.00    0.00    0.00     4  postgres
07:32:23 PM 100998    585805    0.00    0.00    0.00    0.00    0.00     6  postgres
07:32:23 PM 100998    585807    0.00    0.00    0.00    0.00    0.00     6  postgres
07:32:23 PM 100998    585808    0.00    0.00    0.00    0.00    0.00     6  postgres
07:32:23 PM 100998    585811    0.00    0.00    0.00    0.00    0.00     5  postgres
07:32:23 PM 100998    585813    0.00    0.00    0.00    0.00    0.00     4  postgres
07:32:23 PM 100998    585815    0.00    0.00    0.00    0.00    0.00     6  postgres
07:32:23 PM 100998    585817    0.00    0.00    0.00    0.00    0.00     6  postgres
07:32:23 PM 100998    585832    0.00    0.00    0.00    0.00    0.00     6  postgres
07:32:23 PM 100998    585854    0.00    0.00    0.00    0.00    0.00     4  postgres
07:32:23 PM 100998    585868    0.00    0.00    0.00    0.00    0.00     6  postgres

07:32:23 PM   UID       PID    %usr %system  %guest   %wait    %CPU   CPU  Command
07:32:24 PM 100998    584842    0.00    0.00    0.00    0.00    0.00     6  postgres
07:32:24 PM 100998    584843    0.00    0.00    0.00    0.00    0.00     5  postgres
07:32:24 PM 100998    584845    0.00    0.00    0.00    0.00    0.00     6  postgres
07:32:24 PM 100998    584846    0.00    0.00    0.00    0.00    0.00     5  postgres
07:32:24 PM 100998    585785    0.00    0.00    0.00    0.00    0.00     5  postgres
07:32:24 PM 100998    585794    0.00    0.00    0.00    0.00    0.00     6  postgres
07:32:24 PM 100998    585796    1.00    0.00    0.00    0.00    1.00     4  postgres
07:32:24 PM 100998    585797    0.00    0.00    0.00    0.00    0.00     5  postgres
07:32:24 PM 100998    585799    0.00    0.00    0.00    0.00    0.00     5  postgres
07:32:24 PM 100998    585800    1.00    0.00    0.00    0.00    1.00     5  postgres
07:32:24 PM 100998    585801    0.00    0.00    0.00    0.00    0.00     5  postgres
07:32:24 PM 100998    585802    0.00    0.00    0.00    0.00    0.00     6  postgres
07:32:24 PM 100998    585803    0.00    0.00    0.00    0.00    0.00     6  postgres
07:32:24 PM 100998    585804    0.00    0.00    0.00    0.00    0.00     4  postgres
07:32:24 PM 100998    585805    0.00    0.00    0.00    0.00    0.00     4  postgres
07:32:24 PM 100998    585807    0.00    0.00    0.00    0.00    0.00     4  postgres
07:32:24 PM 100998    585808    0.00    0.00    0.00    0.00    0.00     4  postgres
07:32:24 PM 100998    585811    0.00    1.00    0.00    0.00    1.00     5  postgres
07:32:24 PM 100998    585813    1.00    0.00    0.00    0.00    1.00     4  postgres
07:32:24 PM 100998    585815    1.00    0.00    0.00    0.00    1.00     6  postgres
07:32:24 PM 100998    585817    0.00    0.00    0.00    0.00    0.00     6  postgres
07:32:24 PM 100998    585832    0.00    0.00    0.00    0.00    0.00     4  postgres
07:32:24 PM 100998    585854    0.00    0.00    0.00    0.00    0.00     6  postgres
07:32:24 PM 100998    585868    0.00    0.00    0.00    0.00    0.00     6  postgres

07:32:24 PM   UID       PID    %usr %system  %guest   %wait    %CPU   CPU  Command
07:32:25 PM 100998    584842    0.00    0.00    0.00    0.00    0.00     6  postgres
07:32:25 PM 100998    584843    0.00    0.00    0.00    0.00    0.00     5  postgres
07:32:25 PM 100998    584845    0.00    0.00    0.00    0.00    0.00     6  postgres
07:32:25 PM 100998    584846    0.00    0.00    0.00    0.00    0.00     5  postgres
07:32:25 PM 100998    585785    0.00    0.00    0.00    0.00    0.00     5  postgres
07:32:25 PM 100998    585794    0.00    1.00    0.00    0.00    1.00     4  postgres
07:32:25 PM 100998    585796    0.00    0.00    0.00    0.00    0.00     6  postgres
07:32:25 PM 100998    585797    1.00    0.00    0.00    0.00    1.00     5  postgres
07:32:25 PM 100998    585799    0.00    0.00    0.00    0.00    0.00     4  postgres
07:32:25 PM 100998    585800    0.00    0.00    0.00    0.00    0.00     5  postgres
07:32:25 PM 100998    585801    1.00    0.00    0.00    0.00    1.00     5  postgres
07:32:25 PM 100998    585802    1.00    0.00    0.00    0.00    1.00     4  postgres
07:32:25 PM 100998    585803    1.00    0.00    0.00    0.00    1.00     4  postgres
07:32:25 PM 100998    585804    1.00    0.00    0.00    0.00    1.00     4  postgres
07:32:25 PM 100998    585805    1.00    1.00    0.00    0.00    2.00     4  postgres
07:32:25 PM 100998    585807    1.00    0.00    0.00    0.00    1.00     6  postgres
07:32:25 PM 100998    585808    1.00    1.00    0.00    0.00    2.00     6  postgres
07:32:25 PM 100998    585811    0.00    0.00    0.00    0.00    0.00     5  postgres
07:32:25 PM 100998    585813    0.00    1.00    0.00    0.00    1.00     6  postgres
07:32:25 PM 100998    585815    0.00    0.00    0.00    0.00    0.00     4  postgres
07:32:25 PM 100998    585817    0.00    0.00    0.00    0.00    0.00     4  postgres
07:32:25 PM 100998    585832    1.00    0.00    0.00    0.00    1.00     6  postgres
07:32:25 PM 100998    585854    1.00    0.00    0.00    0.00    1.00     6  postgres
07:32:25 PM 100998    585868    1.00    1.00    0.00    0.00    2.00     6  postgres

07:32:25 PM   UID       PID    %usr %system  %guest   %wait    %CPU   CPU  Command
07:32:26 PM 100998    584842    0.00    0.00    0.00    0.00    0.00     6  postgres
07:32:26 PM 100998    584843    0.00    0.00    0.00    0.00    0.00     5  postgres
07:32:26 PM 100998    584845    0.00    0.00    0.00    0.00    0.00     6  postgres
07:32:26 PM 100998    584846    0.00    0.00    0.00    0.00    0.00     5  postgres
07:32:26 PM 100998    585785    0.00    0.00    0.00    0.00    0.00     5  postgres
07:32:26 PM 100998    585794    0.00    0.00    0.00    0.00    0.00     4  postgres
07:32:26 PM 100998    585796    0.00    1.00    0.00    0.00    1.00     4  postgres
07:32:26 PM 100998    585797    0.00    0.00    0.00    0.00    0.00     5  postgres
07:32:26 PM 100998    585799    0.00    1.00    0.00    0.00    1.00     4  postgres
07:32:26 PM 100998    585800    0.00    0.00    0.00    0.00    0.00     5  postgres
07:32:26 PM 100998    585801    0.00    0.00    0.00    0.00    0.00     5  postgres
07:32:26 PM 100998    585802    0.00    1.00    0.00    0.00    1.00     6  postgres
07:32:26 PM 100998    585803    0.00    0.00    0.00    0.00    0.00     6  postgres
07:32:26 PM 100998    585804    0.00    0.00    0.00    0.00    0.00     4  postgres
07:32:26 PM 100998    585805    0.00    0.00    0.00    0.00    0.00     4  postgres
07:32:26 PM 100998    585807    0.00    1.00    0.00    0.00    1.00     4  postgres
07:32:26 PM 100998    585808    0.00    0.00    0.00    0.00    0.00     4  postgres
07:32:26 PM 100998    585811    0.00    0.00    0.00    0.00    0.00     5  postgres
07:32:26 PM 100998    585813    0.00    0.00    0.00    0.00    0.00     4  postgres
07:32:26 PM 100998    585815    0.00    0.00    0.00    0.00    0.00     4  postgres
07:32:26 PM 100998    585817    1.00    1.00    0.00    0.00    2.00     4  postgres
07:32:26 PM 100998    585832    0.00    0.00    0.00    0.00    0.00     6  postgres
07:32:26 PM 100998    585854    0.00    1.00    0.00    0.00    1.00     4  postgres
07:32:26 PM 100998    585868    0.00    0.00    0.00    0.00    0.00     4  postgres

07:32:26 PM   UID       PID    %usr %system  %guest   %wait    %CPU   CPU  Command
07:32:27 PM 100998    584842    0.00    0.00    0.00    0.00    0.00     6  postgres
07:32:27 PM 100998    584843    0.00    0.00    0.00    0.00    0.00     5  postgres
07:32:27 PM 100998    584845    0.00    0.00    0.00    0.00    0.00     6  postgres
07:32:27 PM 100998    584846    0.00    0.00    0.00    0.00    0.00     5  postgres
07:32:27 PM 100998    585785    1.00    0.00    0.00    0.00    1.00     5  postgres
07:32:27 PM 100998    585794    0.00    0.00    0.00    0.00    0.00     4  postgres
07:32:27 PM 100998    585796    0.00    0.00    0.00    0.00    0.00     4  postgres
07:32:27 PM 100998    585797    0.00    0.00    0.00    0.00    0.00     5  postgres
07:32:27 PM 100998    585799    1.00    0.00    0.00    0.00    1.00     6  postgres
07:32:27 PM 100998    585800    0.00    0.00    0.00    0.00    0.00     5  postgres
07:32:27 PM 100998    585801    0.00    1.00    0.00    0.00    1.00     5  postgres
07:32:27 PM 100998    585802    0.00    0.00    0.00    0.00    0.00     6  postgres
07:32:27 PM 100998    585803    0.00    0.00    0.00    0.00    0.00     4  postgres
07:32:27 PM 100998    585804    0.00    0.00    0.00    0.00    0.00     6  postgres
07:32:27 PM 100998    585805    0.00    0.00    0.00    0.00    0.00     4  postgres
07:32:27 PM 100998    585807    0.00    0.00    0.00    0.00    0.00     4  postgres
07:32:27 PM 100998    585808    0.00    0.00    0.00    0.00    0.00     6  postgres
07:32:27 PM 100998    585811    0.00    0.00    0.00    0.00    0.00     5  postgres
07:32:27 PM 100998    585813    0.00    0.00    0.00    0.00    0.00     6  postgres
07:32:27 PM 100998    585815    0.00    1.00    0.00    0.00    1.00     6  postgres
07:32:27 PM 100998    585817    0.00    0.00    0.00    0.00    0.00     6  postgres
07:32:27 PM 100998    585832    0.00    1.00    0.00    0.00    1.00     4  postgres
07:32:27 PM 100998    585854    0.00    0.00    0.00    0.00    0.00     4  postgres
07:32:27 PM 100998    585868    0.00    0.00    0.00    0.00    0.00     6  postgres

07:32:27 PM   UID       PID    %usr %system  %guest   %wait    %CPU   CPU  Command
07:32:28 PM 100998    584842    0.00    0.00    0.00    0.00    0.00     6  postgres
07:32:28 PM 100998    584843    0.00    0.00    0.00    0.00    0.00     5  postgres
07:32:28 PM 100998    584845    0.00    0.00    0.00    0.00    0.00     6  postgres
07:32:28 PM 100998    584846    0.00    0.00    0.00    0.00    0.00     5  postgres
07:32:28 PM 100998    585785    0.00    1.00    0.00    0.00    1.00     5  postgres
07:32:28 PM 100998    585794    1.00    0.00    0.00    0.00    1.00     4  postgres
07:32:28 PM 100998    585796    1.00    0.00    0.00    0.00    1.00     6  postgres
07:32:28 PM 100998    585797    0.00    1.00    0.00    0.00    1.00     5  postgres
07:32:28 PM 100998    585799    0.00    0.00    0.00    0.00    0.00     4  postgres
07:32:28 PM 100998    585800    1.00    1.00    0.00    0.00    2.00     5  postgres
07:32:28 PM 100998    585801    0.00    0.00    0.00    0.00    0.00     5  postgres
07:32:28 PM 100998    585802    1.00    0.00    0.00    0.00    1.00     6  postgres
07:32:28 PM 100998    585803    0.00    1.00    0.00    0.00    1.00     6  postgres
07:32:28 PM 100998    585804    0.00    1.00    0.00    0.00    1.00     6  postgres
07:32:28 PM 100998    585805    1.00    0.00    0.00    0.00    1.00     6  postgres
07:32:28 PM 100998    585807    0.00    0.00    0.00    0.00    0.00     4  postgres
07:32:28 PM 100998    585808    1.00    0.00    0.00    0.00    1.00     4  postgres
07:32:28 PM 100998    585811    1.00    1.00    0.00    0.00    2.00     5  postgres
07:32:28 PM 100998    585813    0.00    1.00    0.00    0.00    1.00     4  postgres
07:32:28 PM 100998    585815    1.00    0.00    0.00    0.00    1.00     6  postgres
07:32:28 PM 100998    585817    0.00    0.00    0.00    0.00    0.00     6  postgres
07:32:28 PM 100998    585832    1.00    0.00    0.00    0.00    1.00     6  postgres
07:32:28 PM 100998    585854    0.00    0.00    0.00    0.00    0.00     6  postgres
07:32:28 PM 100998    585868    0.00    0.00    0.00    0.00    0.00     4  postgres

07:32:28 PM   UID       PID    %usr %system  %guest   %wait    %CPU   CPU  Command
07:32:29 PM 100998    584842    0.00    0.00    0.00    0.00    0.00     6  postgres
07:32:29 PM 100998    584843    0.00    0.00    0.00    0.00    0.00     5  postgres
07:32:29 PM 100998    584845    0.00    0.00    0.00    0.00    0.00     6  postgres
07:32:29 PM 100998    584846    0.00    0.00    0.00    0.00    0.00     5  postgres
07:32:29 PM 100998    585785    0.00    0.00    0.00    0.00    0.00     6  postgres
07:32:29 PM 100998    585794    0.00    1.00    0.00    0.00    1.00     4  postgres
07:32:29 PM 100998    585796    0.00    0.00    0.00    0.00    0.00     6  postgres
07:32:29 PM 100998    585797    0.00    0.00    0.00    0.00    0.00     5  postgres
07:32:29 PM 100998    585799    0.00    0.00    0.00    0.00    0.00     6  postgres
07:32:29 PM 100998    585800    0.00    0.00    0.00    0.00    0.00     6  postgres
07:32:29 PM 100998    585801    1.00    0.00    0.00    0.00    1.00     5  postgres
07:32:29 PM 100998    585802    0.00    0.00    0.00    0.00    0.00     4  postgres
07:32:29 PM 100998    585803    1.00    0.00    0.00    0.00    1.00     4  postgres
07:32:29 PM 100998    585804    0.00    0.00    0.00    0.00    0.00     6  postgres
07:32:29 PM 100998    585805    0.00    0.00    0.00    0.00    0.00     4  postgres
07:32:29 PM 100998    585807    0.00    0.00    0.00    0.00    0.00     6  postgres
07:32:29 PM 100998    585808    0.00    0.00    0.00    0.00    0.00     4  postgres
07:32:29 PM 100998    585811    0.00    0.00    0.00    0.00    0.00     5  postgres
07:32:29 PM 100998    585813    0.00    0.00    0.00    0.00    0.00     6  postgres
07:32:29 PM 100998    585815    0.00    0.00    0.00    0.00    0.00     6  postgres
07:32:29 PM 100998    585817    0.00    0.00    0.00    0.00    0.00     4  postgres
07:32:29 PM 100998    585832    0.00    0.00    0.00    0.00    0.00     4  postgres
07:32:29 PM 100998    585854    1.00    0.00    0.00    0.00    1.00     6  postgres
07:32:29 PM 100998    585868    1.00    1.00    0.00    0.00    2.00     6  postgres

07:32:29 PM   UID       PID    %usr %system  %guest   %wait    %CPU   CPU  Command
07:32:30 PM 100998    584842    0.00    0.00    0.00    0.00    0.00     6  postgres
07:32:30 PM 100998    584843    0.00    0.00    0.00    0.00    0.00     5  postgres
07:32:30 PM 100998    584845    0.00    0.00    0.00    0.00    0.00     6  postgres
07:32:30 PM 100998    584846    0.00    0.00    0.00    0.00    0.00     5  postgres
07:32:30 PM 100998    585785    1.00    0.00    0.00    0.00    1.00     4  postgres
07:32:30 PM 100998    585794    0.00    0.00    0.00    0.00    0.00     6  postgres
07:32:30 PM 100998    585796    0.00    0.00    0.00    0.00    0.00     4  postgres
07:32:30 PM 100998    585797    1.00    0.00    0.00    0.00    1.00     5  postgres
07:32:30 PM 100998    585799    1.00    0.00    0.00    0.00    1.00     6  postgres
07:32:30 PM 100998    585800    0.00    0.00    0.00    0.00    0.00     4  postgres
07:32:30 PM 100998    585801    0.00    0.00    0.00    0.00    0.00     5  postgres
07:32:30 PM 100998    585802    0.00    0.00    0.00    0.00    0.00     6  postgres
07:32:30 PM 100998    585803    0.00    0.00    0.00    0.00    0.00     4  postgres
07:32:30 PM 100998    585804    1.00    0.00    0.00    0.00    1.00     4  postgres
07:32:30 PM 100998    585805    0.00    1.00    0.00    0.00    1.00     6  postgres
07:32:30 PM 100998    585807    0.00    0.00    0.00    0.00    0.00     6  postgres
07:32:30 PM 100998    585808    0.00    1.00    0.00    0.00    1.00     6  postgres
07:32:30 PM 100998    585811    0.00    0.00    0.00    0.00    0.00     5  postgres
07:32:30 PM 100998    585813    1.00    0.00    0.00    0.00    1.00     6  postgres
07:32:30 PM 100998    585815    0.00    1.00    0.00    0.00    1.00     4  postgres
07:32:30 PM 100998    585817    1.00    0.00    0.00    0.00    1.00     6  postgres
07:32:30 PM 100998    585832    1.00    0.00    0.00    0.00    1.00     4  postgres
07:32:30 PM 100998    585854    0.00    1.00    0.00    0.00    1.00     4  postgres
07:32:30 PM 100998    585868    0.00    0.00    0.00    0.00    0.00     6  postgres

07:32:30 PM   UID       PID    %usr %system  %guest   %wait    %CPU   CPU  Command
07:32:31 PM 100998    584842    0.00    0.00    0.00    0.00    0.00     6  postgres
07:32:31 PM 100998    584843    0.00    0.00    0.00    0.00    0.00     5  postgres
07:32:31 PM 100998    584845    0.00    0.00    0.00    0.00    0.00     6  postgres
07:32:31 PM 100998    584846    0.00    0.00    0.00    0.00    0.00     5  postgres
07:32:31 PM 100998    585785    0.00    0.00    0.00    0.00    0.00     6  postgres
07:32:31 PM 100998    585794    1.00    0.00    0.00    0.00    1.00     4  postgres
07:32:31 PM 100998    585796    1.00    1.00    0.00    0.00    2.00     6  postgres
07:32:31 PM 100998    585797    0.00    0.00    0.00    0.00    0.00     5  postgres
07:32:31 PM 100998    585799    0.00    1.00    0.00    0.00    1.00     6  postgres
07:32:31 PM 100998    585800    0.00    1.00    0.00    0.00    1.00     6  postgres
07:32:31 PM 100998    585801    1.00    0.00    0.00    0.00    1.00     5  postgres
07:32:31 PM 100998    585802    1.00    0.00    0.00    0.00    1.00     6  postgres
07:32:31 PM 100998    585803    0.00    0.00    0.00    0.00    0.00     6  postgres
07:32:31 PM 100998    585804    0.00    0.00    0.00    0.00    0.00     4  postgres
07:32:31 PM 100998    585805    0.00    0.00    0.00    0.00    0.00     4  postgres
07:32:31 PM 100998    585807    0.00    1.00    0.00    0.00    1.00     4  postgres
07:32:31 PM 100998    585808    1.00    0.00    0.00    0.00    1.00     4  postgres
07:32:31 PM 100998    585811    1.00    0.00    0.00    0.00    1.00     5  postgres
07:32:31 PM 100998    585813    0.00    0.00    0.00    0.00    0.00     4  postgres
07:32:31 PM 100998    585815    0.00    0.00    0.00    0.00    0.00     4  postgres
07:32:31 PM 100998    585817    0.00    1.00    0.00    0.00    1.00     6  postgres
07:32:31 PM 100998    585832    0.00    1.00    0.00    0.00    1.00     4  postgres
07:32:31 PM 100998    585854    0.00    0.00    0.00    0.00    0.00     6  postgres
07:32:31 PM 100998    585868    0.00    0.00    0.00    0.00    0.00     4  postgres

07:32:31 PM   UID       PID    %usr %system  %guest   %wait    %CPU   CPU  Command
07:32:32 PM 100998    584842    0.00    0.00    0.00    0.00    0.00     6  postgres
07:32:32 PM 100998    584843    0.00    0.00    0.00    0.00    0.00     5  postgres
07:32:32 PM 100998    584845    0.00    0.00    0.00    0.00    0.00     6  postgres
07:32:32 PM 100998    584846    0.00    0.00    0.00    0.00    0.00     5  postgres
07:32:32 PM 100998    585785    0.00    1.00    0.00    0.00    1.00     4  postgres
07:32:32 PM 100998    585794    0.00    0.00    0.00    0.00    0.00     6  postgres
07:32:32 PM 100998    585796    0.00    0.00    0.00    0.00    0.00     4  postgres
07:32:32 PM 100998    585797    1.00    1.00    0.00    0.00    2.00     5  postgres
07:32:32 PM 100998    585799    1.00    0.00    0.00    0.00    1.00     6  postgres
07:32:32 PM 100998    585800    0.00    0.00    0.00    0.00    0.00     5  postgres
07:32:32 PM 100998    585801    0.00    1.00    0.00    0.00    1.00     5  postgres
07:32:32 PM 100998    585802    0.00    0.00    0.00    0.00    0.00     6  postgres
07:32:32 PM 100998    585803    1.00    0.00    0.00    0.00    1.00     6  postgres
07:32:32 PM 100998    585804    1.00    0.00    0.00    0.00    1.00     6  postgres
07:32:32 PM 100998    585805    1.00    0.00    0.00    0.00    1.00     4  postgres
07:32:32 PM 100998    585807    1.00    0.00    0.00    0.00    1.00     6  postgres
07:32:32 PM 100998    585808    0.00    1.00    0.00    0.00    1.00     6  postgres
07:32:32 PM 100998    585811    1.00    0.00    0.00    0.00    1.00     5  postgres
07:32:32 PM 100998    585813    0.00    1.00    0.00    0.00    1.00     6  postgres
07:32:32 PM 100998    585815    1.00    0.00    0.00    0.00    1.00     5  postgres
07:32:32 PM 100998    585817    0.00    0.00    0.00    0.00    0.00     6  postgres
07:32:32 PM 100998    585832    0.00    0.00    0.00    0.00    0.00     4  postgres
07:32:32 PM 100998    585854    0.00    0.00    0.00    0.00    0.00     4  postgres
07:32:32 PM 100998    585868    0.00    1.00    0.00    0.00    1.00     4  postgres

07:32:32 PM   UID       PID    %usr %system  %guest   %wait    %CPU   CPU  Command
07:32:33 PM 100998    584842    0.00    0.00    0.00    0.00    0.00     6  postgres
07:32:33 PM 100998    584843    0.00    0.00    0.00    0.00    0.00     5  postgres
07:32:33 PM 100998    584845    0.00    0.00    0.00    0.00    0.00     6  postgres
07:32:33 PM 100998    584846    0.00    0.00    0.00    0.00    0.00     5  postgres
07:32:33 PM 100998    585785    0.00    0.00    0.00    0.00    0.00     4  postgres
07:32:33 PM 100998    585794    0.00    1.00    0.00    0.00    1.00     4  postgres
07:32:33 PM 100998    585796    1.00    0.00    0.00    0.00    1.00     6  postgres
07:32:33 PM 100998    585797    0.00    0.00    0.00    0.00    0.00     5  postgres
07:32:33 PM 100998    585799    0.00    0.00    0.00    0.00    0.00     6  postgres
07:32:33 PM 100998    585800    1.00    0.00    0.00    0.00    1.00     5  postgres
07:32:33 PM 100998    585801    0.00    0.00    0.00    0.00    0.00     5  postgres
07:32:33 PM 100998    585802    1.00    0.00    0.00    0.00    1.00     6  postgres
07:32:33 PM 100998    585803    0.00    0.00    0.00    0.00    0.00     4  postgres
07:32:33 PM 100998    585804    0.00    1.00    0.00    0.00    1.00     4  postgres
07:32:33 PM 100998    585805    0.00    0.00    0.00    0.00    0.00     6  postgres
07:32:33 PM 100998    585807    0.00    1.00    0.00    0.00    1.00     4  postgres
07:32:33 PM 100998    585808    0.00    0.00    0.00    0.00    0.00     6  postgres
07:32:33 PM 100998    585811    0.00    1.00    0.00    0.00    1.00     6  postgres
07:32:33 PM 100998    585813    0.00    0.00    0.00    0.00    0.00     4  postgres
07:32:33 PM 100998    585815    0.00    0.00    0.00    0.00    0.00     5  postgres
07:32:33 PM 100998    585817    0.00    0.00    0.00    0.00    0.00     6  postgres
07:32:33 PM 100998    585832    1.00    0.00    0.00    0.00    1.00     4  postgres
07:32:33 PM 100998    585854    0.00    0.00    0.00    0.00    0.00     4  postgres
07:32:33 PM 100998    585868    1.00    0.00    0.00    0.00    1.00     6  postgres

07:32:33 PM   UID       PID    %usr %system  %guest   %wait    %CPU   CPU  Command
07:32:34 PM 100998    584842    0.00    0.00    0.00    0.00    0.00     6  postgres
07:32:34 PM 100998    584843    0.00    0.00    0.00    0.00    0.00     5  postgres
07:32:34 PM 100998    584845    0.00    0.00    0.00    0.00    0.00     6  postgres
07:32:34 PM 100998    584846    0.00    0.00    0.00    0.00    0.00     5  postgres
07:32:34 PM 100998    585785    1.00    0.00    0.00    0.00    1.00     4  postgres
07:32:34 PM 100998    585794    1.00    0.00    0.00    0.00    1.00     4  postgres
07:32:34 PM 100998    585796    0.00    0.00    0.00    0.00    0.00     6  postgres
07:32:34 PM 100998    585797    0.00    0.00    0.00    0.00    0.00     5  postgres
07:32:34 PM 100998    585799    0.00    0.00    0.00    0.00    0.00     6  postgres
07:32:34 PM 100998    585800    0.00    1.00    0.00    0.00    1.00     5  postgres
07:32:34 PM 100998    585801    1.00    0.00    0.00    0.00    1.00     5  postgres
07:32:34 PM 100998    585802    0.00    1.00    0.00    0.00    1.00     4  postgres
07:32:34 PM 100998    585803    0.00    0.00    0.00    0.00    0.00     4  postgres
07:32:34 PM 100998    585804    0.00    0.00    0.00    0.00    0.00     4  postgres
07:32:34 PM 100998    585805    0.00    1.00    0.00    0.00    1.00     4  postgres
07:32:34 PM 100998    585807    0.00    0.00    0.00    0.00    0.00     6  postgres
07:32:34 PM 100998    585808    0.00    0.00    0.00    0.00    0.00     4  postgres
07:32:34 PM 100998    585811    0.00    0.00    0.00    0.00    0.00     6  postgres
07:32:34 PM 100998    585813    0.00    0.00    0.00    0.00    0.00     4  postgres
07:32:34 PM 100998    585815    1.00    0.00    0.00    0.00    1.00     5  postgres
07:32:34 PM 100998    585817    1.00    1.00    0.00    0.00    2.00     4  postgres
07:32:34 PM 100998    585832    0.00    1.00    0.00    0.00    1.00     6  postgres
07:32:34 PM 100998    585854    1.00    1.00    0.00    0.00    2.00     6  postgres
07:32:34 PM 100998    585868    0.00    0.00    0.00    0.00    0.00     4  postgres

07:32:34 PM   UID       PID    %usr %system  %guest   %wait    %CPU   CPU  Command
07:32:35 PM 100998    584842    0.00    0.00    0.00    0.00    0.00     6  postgres
07:32:35 PM 100998    584843    0.00    0.00    0.00    0.00    0.00     5  postgres
07:32:35 PM 100998    584845    0.00    0.00    0.00    0.00    0.00     6  postgres
07:32:35 PM 100998    584846    0.00    0.00    0.00    0.00    0.00     5  postgres
07:32:35 PM 100998    585785    0.00    1.00    0.00    0.00    1.00     6  postgres
07:32:35 PM 100998    585794    0.00    0.00    0.00    0.00    0.00     6  postgres
07:32:35 PM 100998    585796    0.00    1.00    0.00    0.00    1.00     6  postgres
07:32:35 PM 100998    585797    1.00    0.00    0.00    0.00    1.00     5  postgres
07:32:35 PM 100998    585799    0.00    1.00    0.00    0.00    1.00     4  postgres
07:32:35 PM 100998    585800    0.00    0.00    0.00    0.00    0.00     5  postgres
07:32:35 PM 100998    585801    0.00    0.00    0.00    0.00    0.00     5  postgres
07:32:35 PM 100998    585802    0.00    0.00    0.00    0.00    0.00     4  postgres
07:32:35 PM 100998    585803    1.00    1.00    0.00    0.00    2.00     4  postgres
07:32:35 PM 100998    585804    1.00    0.00    0.00    0.00    1.00     4  postgres
07:32:35 PM 100998    585805    1.00    0.00    0.00    0.00    1.00     4  postgres
07:32:35 PM 100998    585807    0.00    0.00    0.00    0.00    0.00     6  postgres
07:32:35 PM 100998    585808    1.00    0.00    0.00    0.00    1.00     4  postgres
07:32:35 PM 100998    585811    1.00    0.00    0.00    0.00    1.00     6  postgres
07:32:35 PM 100998    585813    1.00    1.00    0.00    0.00    2.00     6  postgres
07:32:35 PM 100998    585815    0.00    1.00    0.00    0.00    1.00     5  postgres
07:32:35 PM 100998    585817    0.00    0.00    0.00    0.00    0.00     6  postgres
07:32:35 PM 100998    585832    0.00    1.00    0.00    0.00    1.00     4  postgres
07:32:35 PM 100998    585854    0.00    0.00    0.00    0.00    0.00     4  postgres
07:32:35 PM 100998    585868    0.00    1.00    0.00    0.00    1.00     6  postgres

07:32:35 PM   UID       PID    %usr %system  %guest   %wait    %CPU   CPU  Command
07:32:36 PM 100998    584842    0.00    0.00    0.00    0.00    0.00     6  postgres
07:32:36 PM 100998    584843    0.00    0.00    0.00    0.00    0.00     5  postgres
07:32:36 PM 100998    584845    0.00    0.00    0.00    0.00    0.00     6  postgres
07:32:36 PM 100998    584846    0.00    0.00    0.00    0.00    0.00     5  postgres
07:32:36 PM 100998    585785    0.00    0.00    0.00    0.00    0.00     6  postgres
07:32:36 PM 100998    585794    0.00    1.00    0.00    0.00    1.00     4  postgres
07:32:36 PM 100998    585796    1.00    0.00    0.00    0.00    1.00     6  postgres
07:32:36 PM 100998    585797    1.00    0.00    0.00    0.00    1.00     5  postgres
07:32:36 PM 100998    585799    0.00    0.00    0.00    0.00    0.00     4  postgres
07:32:36 PM 100998    585800    1.00    1.00    0.00    0.00    2.00     5  postgres
07:32:36 PM 100998    585801    0.00    1.00    0.00    0.00    1.00     5  postgres
07:32:36 PM 100998    585802    1.00    1.00    0.00    0.00    2.00     4  postgres
07:32:36 PM 100998    585803    0.00    0.00    0.00    0.00    0.00     4  postgres
07:32:36 PM 100998    585804    0.00    0.00    0.00    0.00    0.00     4  postgres
07:32:36 PM 100998    585805    0.00    0.00    0.00    0.00    0.00     4  postgres
07:32:36 PM 100998    585807    1.00    0.00    0.00    0.00    1.00     6  postgres
07:32:36 PM 100998    585808    0.00    1.00    0.00    0.00    1.00     4  postgres
07:32:36 PM 100998    585811    0.00    0.00    0.00    0.00    0.00     4  postgres
07:32:36 PM 100998    585813    0.00    0.00    0.00    0.00    0.00     4  postgres
07:32:36 PM 100998    585815    0.00    0.00    0.00    0.00    0.00     5  postgres
07:32:36 PM 100998    585817    0.00    0.00    0.00    0.00    0.00     4  postgres
07:32:36 PM 100998    585832    1.00    0.00    0.00    0.00    1.00     6  postgres
07:32:36 PM 100998    585854    0.00    1.00    0.00    0.00    1.00     4  postgres
07:32:36 PM 100998    585868    1.00    0.00    0.00    0.00    1.00     4  postgres

07:32:36 PM   UID       PID    %usr %system  %guest   %wait    %CPU   CPU  Command
07:32:37 PM 100998    584842    0.00    0.00    0.00    0.00    0.00     6  postgres
07:32:37 PM 100998    584843    0.00    0.00    0.00    0.00    0.00     5  postgres
07:32:37 PM 100998    584845    0.00    0.00    0.00    0.00    0.00     6  postgres
07:32:37 PM 100998    584846    0.00    0.00    0.00    0.00    0.00     5  postgres
07:32:37 PM 100998    585785    0.00    1.00    0.00    0.00    1.00     4  postgres
07:32:37 PM 100998    585794    0.00    0.00    0.00    0.00    0.00     6  postgres
07:32:37 PM 100998    585796    0.00    0.00    0.00    0.00    0.00     6  postgres
07:32:37 PM 100998    585797    0.00    1.00    0.00    0.00    1.00     5  postgres
07:32:37 PM 100998    585799    1.00    0.00    0.00    0.00    1.00     6  postgres
07:32:37 PM 100998    585800    0.00    0.00    0.00    0.00    0.00     5  postgres
07:32:37 PM 100998    585801    1.00    0.00    0.00    0.00    1.00     5  postgres
07:32:37 PM 100998    585802    0.00    0.00    0.00    0.00    0.00     4  postgres
07:32:37 PM 100998    585803    0.00    0.00    0.00    0.00    0.00     6  postgres
07:32:37 PM 100998    585804    0.00    1.00    0.00    0.00    1.00     4  postgres
07:32:37 PM 100998    585805    0.00    0.00    0.00    0.00    0.00     4  postgres
07:32:37 PM 100998    585807    0.00    1.00    0.00    0.00    1.00     6  postgres
07:32:37 PM 100998    585808    1.00    0.00    0.00    0.00    1.00     4  postgres
07:32:37 PM 100998    585811    0.00    1.00    0.00    0.00    1.00     4  postgres
07:32:37 PM 100998    585813    0.00    1.00    0.00    0.00    1.00     6  postgres
07:32:37 PM 100998    585815    0.00    0.00    0.00    0.00    0.00     5  postgres
07:32:37 PM 100998    585817    0.00    1.00    0.00    0.00    1.00     4  postgres
07:32:37 PM 100998    585832    0.00    0.00    0.00    0.00    0.00     4  postgres
07:32:37 PM 100998    585854    0.00    0.00    0.00    0.00    0.00     4  postgres
07:32:37 PM 100998    585868    0.00    1.00    0.00    0.00    1.00     4  postgres

07:32:37 PM   UID       PID    %usr %system  %guest   %wait    %CPU   CPU  Command
07:32:38 PM 100998    584842    0.00    0.00    0.00    0.00    0.00     6  postgres
07:32:38 PM 100998    584843    0.00    0.00    0.00    0.00    0.00     5  postgres
07:32:38 PM 100998    584845    0.00    0.00    0.00    0.00    0.00     6  postgres
07:32:38 PM 100998    584846    0.00    0.00    0.00    0.00    0.00     5  postgres
07:32:38 PM 100998    585785    1.00    0.00    0.00    0.00    1.00     4  postgres
07:32:38 PM 100998    585794    1.00    0.00    0.00    0.00    1.00     6  postgres
07:32:38 PM 100998    585796    0.00    1.00    0.00    0.00    1.00     6  postgres
07:32:38 PM 100998    585797    1.00    0.00    0.00    0.00    1.00     5  postgres
07:32:38 PM 100998    585799    0.00    1.00    0.00    0.00    1.00     6  postgres
07:32:38 PM 100998    585800    1.00    0.00    0.00    0.00    1.00     6  postgres
07:32:38 PM 100998    585801    0.00    0.00    0.00    0.00    0.00     5  postgres
07:32:38 PM 100998    585802    1.00    0.00    0.00    0.00    1.00     6  postgres
07:32:38 PM 100998    585803    1.00    1.00    0.00    0.00    2.00     6  postgres
07:32:38 PM 100998    585804    0.00    0.00    0.00    0.00    0.00     4  postgres
07:32:38 PM 100998    585805    1.00    1.00    0.00    0.00    2.00     6  postgres
07:32:38 PM 100998    585807    0.00    0.00    0.00    0.00    0.00     4  postgres
07:32:38 PM 100998    585808    0.00    0.00    0.00    0.00    0.00     4  postgres
07:32:38 PM 100998    585811    1.00    0.00    0.00    0.00    1.00     4  postgres
07:32:38 PM 100998    585813    1.00    0.00    0.00    0.00    1.00     4  postgres
07:32:38 PM 100998    585815    1.00    1.00    0.00    0.00    2.00     5  postgres
07:32:38 PM 100998    585817    1.00    0.00    0.00    0.00    1.00     4  postgres
07:32:38 PM 100998    585832    1.00    0.00    0.00    0.00    1.00     4  postgres
07:32:38 PM 100998    585854    1.00    0.00    0.00    0.00    1.00     6  postgres
07:32:38 PM 100998    585868    0.00    0.00    0.00    0.00    0.00     6  postgres

07:32:38 PM   UID       PID    %usr %system  %guest   %wait    %CPU   CPU  Command
07:32:39 PM 100998    584842    0.00    0.00    0.00    0.00    0.00     6  postgres
07:32:39 PM 100998    584843    0.00    0.00    0.00    0.00    0.00     5  postgres
07:32:39 PM 100998    584845    0.00    0.00    0.00    0.00    0.00     6  postgres
07:32:39 PM 100998    584846    0.00    0.00    0.00    0.00    0.00     5  postgres
07:32:39 PM 100998    585785    0.00    1.00    0.00    0.00    1.00     4  postgres
07:32:39 PM 100998    585794    0.00    1.00    0.00    0.00    1.00     4  postgres
07:32:39 PM 100998    585796    1.00    0.00    0.00    0.00    1.00     4  postgres
07:32:39 PM 100998    585797    0.00    1.00    0.00    0.00    1.00     5  postgres
07:32:39 PM 100998    585799    0.00    0.00    0.00    0.00    0.00     6  postgres
07:32:39 PM 100998    585800    0.00    0.00    0.00    0.00    0.00     4  postgres
07:32:39 PM 100998    585801    1.00    1.00    0.00    0.00    2.00     5  postgres
07:32:39 PM 100998    585802    0.00    0.00    0.00    0.00    0.00     6  postgres
07:32:39 PM 100998    585803    0.00    0.00    0.00    0.00    0.00     4  postgres
07:32:39 PM 100998    585804    1.00    1.00    0.00    0.00    2.00     6  postgres
07:32:39 PM 100998    585805    0.00    0.00    0.00    0.00    0.00     4  postgres
07:32:39 PM 100998    585807    1.00    1.00    0.00    0.00    2.00     6  postgres
07:32:39 PM 100998    585808    0.00    1.00    0.00    0.00    1.00     6  postgres
07:32:39 PM 100998    585811    0.00    0.00    0.00    0.00    0.00     4  postgres
07:32:39 PM 100998    585813    0.00    0.00    0.00    0.00    0.00     4  postgres
07:32:39 PM 100998    585815    0.00    0.00    0.00    0.00    0.00     5  postgres
07:32:39 PM 100998    585817    0.00    1.00    0.00    0.00    1.00     6  postgres
07:32:39 PM 100998    585832    0.00    1.00    0.00    0.00    1.00     4  postgres
07:32:39 PM 100998    585854    0.00    1.00    0.00    0.00    1.00     4  postgres
07:32:39 PM 100998    585868    1.00    0.00    0.00    0.00    1.00     4  postgres

07:32:39 PM   UID       PID    %usr %system  %guest   %wait    %CPU   CPU  Command
07:32:40 PM 100998    584842    0.00    0.00    0.00    0.00    0.00     6  postgres
07:32:40 PM 100998    584843    0.00    0.00    0.00    0.00    0.00     5  postgres
07:32:40 PM 100998    584845    0.00    0.00    0.00    0.00    0.00     4  postgres
07:32:40 PM 100998    584846    0.00    0.00    0.00    0.00    0.00     5  postgres
07:32:40 PM 100998    585785    1.00    0.00    0.00    0.00    1.00     4  postgres
07:32:40 PM 100998    585794    0.00    0.00    0.00    0.00    0.00     4  postgres
07:32:40 PM 100998    585796    0.00    0.00    0.00    0.00    0.00     6  postgres
07:32:40 PM 100998    585797    0.00    0.00    0.00    0.00    0.00     5  postgres
07:32:40 PM 100998    585799    0.00    0.00    0.00    0.00    0.00     6  postgres
07:32:40 PM 100998    585800    1.00    1.00    0.00    0.00    2.00     4  postgres
07:32:40 PM 100998    585801    0.00    0.00    0.00    0.00    0.00     5  postgres
07:32:40 PM 100998    585802    0.00    0.00    0.00    0.00    0.00     6  postgres
07:32:40 PM 100998    585803    0.00    0.00    0.00    0.00    0.00     4  postgres
07:32:40 PM 100998    585804    0.00    0.00    0.00    0.00    0.00     6  postgres
07:32:40 PM 100998    585805    1.00    0.00    0.00    0.00    1.00     4  postgres
07:32:40 PM 100998    585807    0.00    0.00    0.00    0.00    0.00     4  postgres
07:32:40 PM 100998    585808    0.00    0.00    0.00    0.00    0.00     6  postgres
07:32:40 PM 100998    585811    0.00    0.00    0.00    0.00    0.00     6  postgres
07:32:40 PM 100998    585813    0.00    1.00    0.00    0.00    1.00     6  postgres
07:32:40 PM 100998    585815    1.00    0.00    0.00    0.00    1.00     5  postgres
07:32:40 PM 100998    585817    0.00    0.00    0.00    0.00    0.00     4  postgres
07:32:40 PM 100998    585832    0.00    0.00    0.00    0.00    0.00     4  postgres
07:32:40 PM 100998    585854    0.00    0.00    0.00    0.00    0.00     4  postgres
07:32:40 PM 100998    585868    0.00    1.00    0.00    0.00    1.00     6  postgres

07:32:40 PM   UID       PID    %usr %system  %guest   %wait    %CPU   CPU  Command
07:32:41 PM 100998    584842    0.00    0.00    0.00    0.00    0.00     6  postgres
07:32:41 PM 100998    584843    0.00    0.00    0.00    0.00    0.00     5  postgres
07:32:41 PM 100998    584845    0.00    0.00    0.00    0.00    0.00     4  postgres
07:32:41 PM 100998    584846    0.00    0.00    0.00    0.00    0.00     5  postgres
07:32:41 PM 100998    585785    0.00    0.00    0.00    0.00    0.00     4  postgres
07:32:41 PM 100998    585794    0.00    0.00    0.00    0.00    0.00     6  postgres
07:32:41 PM 100998    585796    0.00    1.00    0.00    0.00    1.00     4  postgres
07:32:41 PM 100998    585797    1.00    1.00    0.00    0.00    2.00     5  postgres
07:32:41 PM 100998    585799    0.00    1.00    0.00    0.00    1.00     6  postgres
07:32:41 PM 100998    585800    0.00    0.00    0.00    0.00    0.00     4  postgres
07:32:41 PM 100998    585801    1.00    0.00    0.00    0.00    1.00     5  postgres
07:32:41 PM 100998    585802    1.00    1.00    0.00    0.00    2.00     4  postgres
07:32:41 PM 100998    585803    1.00    1.00    0.00    0.00    2.00     6  postgres
07:32:41 PM 100998    585804    0.00    0.00    0.00    0.00    0.00     4  postgres
07:32:41 PM 100998    585805    0.00    1.00    0.00    0.00    1.00     6  postgres
07:32:41 PM 100998    585807    0.00    0.00    0.00    0.00    0.00     6  postgres
07:32:41 PM 100998    585808    0.00    0.00    0.00    0.00    0.00     4  postgres
07:32:41 PM 100998    585811    0.00    0.00    0.00    0.00    0.00     4  postgres
07:32:41 PM 100998    585813    0.00    0.00    0.00    0.00    0.00     6  postgres
07:32:41 PM 100998    585815    1.00    0.00    0.00    0.00    1.00     5  postgres
07:32:41 PM 100998    585817    1.00    1.00    0.00    0.00    2.00     6  postgres
07:32:41 PM 100998    585832    0.00    1.00    0.00    0.00    1.00     6  postgres
07:32:41 PM 100998    585854    1.00    1.00    0.00    0.00    2.00     4  postgres
07:32:41 PM 100998    585868    0.00    0.00    0.00    0.00    0.00     4  postgres

07:32:41 PM   UID       PID    %usr %system  %guest   %wait    %CPU   CPU  Command
07:32:42 PM 100998    584842    0.00    0.00    0.00    0.00    0.00     6  postgres
07:32:42 PM 100998    584843    0.00    0.00    0.00    0.00    0.00     5  postgres
07:32:42 PM 100998    584845    0.00    0.00    0.00    0.00    0.00     4  postgres
07:32:42 PM 100998    584846    0.00    0.00    0.00    0.00    0.00     5  postgres
07:32:42 PM 100998    585785    0.00    1.00    0.00    0.00    1.00     6  postgres
07:32:42 PM 100998    585794    1.00    1.00    0.00    0.00    2.00     6  postgres
07:32:42 PM 100998    585796    1.00    0.00    0.00    0.00    1.00     6  postgres
07:32:42 PM 100998    585797    0.00    0.00    0.00    0.00    0.00     5  postgres
07:32:42 PM 100998    585799    1.00    0.00    0.00    0.00    1.00     4  postgres
07:32:42 PM 100998    585800    0.00    1.00    0.00    0.00    1.00     4  postgres
07:32:42 PM 100998    585801    1.00    1.00    0.00    0.00    2.00     5  postgres
07:32:42 PM 100998    585802    1.00    0.00    0.00    0.00    1.00     6  postgres
07:32:42 PM 100998    585803    0.00    1.00    0.00    0.00    1.00     6  postgres
07:32:42 PM 100998    585804    0.00    1.00    0.00    0.00    1.00     4  postgres
07:32:42 PM 100998    585805    0.00    0.00    0.00    0.00    0.00     4  postgres
07:32:42 PM 100998    585807    1.00    0.00    0.00    0.00    1.00     6  postgres
07:32:42 PM 100998    585808    1.00    1.00    0.00    0.00    2.00     6  postgres
07:32:42 PM 100998    585811    1.00    1.00    0.00    0.00    2.00     6  postgres
07:32:42 PM 100998    585813    0.00    1.00    0.00    0.00    1.00     6  postgres
07:32:42 PM 100998    585815    1.00    1.00    0.00    0.00    2.00     5  postgres
07:32:42 PM 100998    585817    0.00    0.00    0.00    0.00    0.00     4  postgres
07:32:42 PM 100998    585832    1.00    0.00    0.00    0.00    1.00     4  postgres
07:32:42 PM 100998    585854    0.00    0.00    0.00    0.00    0.00     4  postgres
07:32:42 PM 100998    585868    1.00    1.00    0.00    0.00    2.00     4  postgres

07:32:42 PM   UID       PID    %usr %system  %guest   %wait    %CPU   CPU  Command
07:32:43 PM 100998    584842    0.00    0.00    0.00    0.00    0.00     6  postgres
07:32:43 PM 100998    584843    0.00    0.00    0.00    0.00    0.00     5  postgres
07:32:43 PM 100998    584845    0.00    0.00    0.00    0.00    0.00     4  postgres
07:32:43 PM 100998    584846    0.00    0.00    0.00    0.00    0.00     5  postgres
07:32:43 PM 100998    585785    1.00    0.00    0.00    0.00    1.00     4  postgres
07:32:43 PM 100998    585794    0.00    0.00    0.00    0.00    0.00     6  postgres
07:32:43 PM 100998    585796    0.00    1.00    0.00    0.00    1.00     6  postgres
07:32:43 PM 100998    585797    1.00    0.00    0.00    0.00    1.00     5  postgres
07:32:43 PM 100998    585799    0.00    0.00    0.00    0.00    0.00     6  postgres
07:32:43 PM 100998    585800    0.00    0.00    0.00    0.00    0.00     6  postgres
07:32:43 PM 100998    585801    0.00    0.00    0.00    0.00    0.00     5  postgres
07:32:43 PM 100998    585802    0.00    0.00    0.00    0.00    0.00     4  postgres
07:32:43 PM 100998    585803    0.00    0.00    0.00    0.00    0.00     4  postgres
07:32:43 PM 100998    585804    1.00    0.00    0.00    0.00    1.00     4  postgres
07:32:43 PM 100998    585805    1.00    0.00    0.00    0.00    1.00     4  postgres
07:32:43 PM 100998    585807    0.00    1.00    0.00    0.00    1.00     6  postgres
07:32:43 PM 100998    585808    0.00    0.00    0.00    0.00    0.00     4  postgres
07:32:43 PM 100998    585811    0.00    0.00    0.00    0.00    0.00     4  postgres
07:32:43 PM 100998    585813    1.00    0.00    0.00    0.00    1.00     6  postgres
07:32:43 PM 100998    585815    1.00    0.00    0.00    0.00    1.00     5  postgres
07:32:43 PM 100998    585817    1.00    0.00    0.00    0.00    1.00     4  postgres
07:32:43 PM 100998    585832    0.00    0.00    0.00    0.00    0.00     4  postgres
07:32:43 PM 100998    585854    0.00    0.00    0.00    0.00    0.00     6  postgres
07:32:43 PM 100998    585868    0.00    0.00    0.00    0.00    0.00     6  postgres

07:32:43 PM   UID       PID    %usr %system  %guest   %wait    %CPU   CPU  Command
07:32:44 PM 100998    584842    0.00    0.00    0.00    0.00    0.00     6  postgres
07:32:44 PM 100998    584843    0.00    0.00    0.00    0.00    0.00     5  postgres
07:32:44 PM 100998    584845    0.00    0.00    0.00    0.00    0.00     4  postgres
07:32:44 PM 100998    584846    0.00    0.00    0.00    0.00    0.00     5  postgres
07:32:44 PM 100998    585785    0.00    0.00    0.00    0.00    0.00     4  postgres
07:32:44 PM 100998    585794    0.00    1.00    0.00    0.00    1.00     6  postgres
07:32:44 PM 100998    585796    1.00    0.00    0.00    0.00    1.00     4  postgres
07:32:44 PM 100998    585797    0.00    1.00    0.00    0.00    1.00     5  postgres
07:32:44 PM 100998    585799    0.00    0.00    0.00    0.00    0.00     4  postgres
07:32:44 PM 100998    585800    1.00    0.00    0.00    0.00    1.00     4  postgres
07:32:44 PM 100998    585801    0.00    1.00    0.00    0.00    1.00     5  postgres
07:32:44 PM 100998    585802    1.00    1.00    0.00    0.00    2.00     4  postgres
07:32:44 PM 100998    585803    0.00    1.00    0.00    0.00    1.00     4  postgres
07:32:44 PM 100998    585804    0.00    0.00    0.00    0.00    0.00     6  postgres
07:32:44 PM 100998    585805    0.00    1.00    0.00    0.00    1.00     6  postgres
07:32:44 PM 100998    585807    0.00    0.00    0.00    0.00    0.00     6  postgres
07:32:44 PM 100998    585808    0.00    0.00    0.00    0.00    0.00     4  postgres
07:32:44 PM 100998    585811    1.00    0.00    0.00    0.00    1.00     4  postgres
07:32:44 PM 100998    585813    0.00    1.00    0.00    0.00    1.00     6  postgres
07:32:44 PM 100998    585815    0.00    0.00    0.00    0.00    0.00     5  postgres
07:32:44 PM 100998    585817    0.00    1.00    0.00    0.00    1.00     4  postgres
07:32:44 PM 100998    585832    0.00    1.00    0.00    0.00    1.00     6  postgres
07:32:44 PM 100998    585854    1.00    1.00    0.00    0.00    2.00     6  postgres
07:32:44 PM 100998    585868    1.00    0.00    0.00    0.00    1.00     4  postgres

07:32:44 PM   UID       PID    %usr %system  %guest   %wait    %CPU   CPU  Command
07:32:45 PM 100998    584842    0.00    0.00    0.00    0.00    0.00     6  postgres
07:32:45 PM 100998    584843    0.00    0.00    0.00    0.00    0.00     5  postgres
07:32:45 PM 100998    584845    0.00    0.00    0.00    0.00    0.00     4  postgres
07:32:45 PM 100998    584846    0.00    0.00    0.00    0.00    0.00     5  postgres
07:32:45 PM 100998    585785    0.00    1.00    0.00    0.00    1.00     6  postgres
07:32:45 PM 100998    585794    0.00    0.00    0.00    0.00    0.00     6  postgres
07:32:45 PM 100998    585796    0.00    0.00    0.00    0.00    0.00     6  postgres
07:32:45 PM 100998    585797    1.00    0.00    0.00    0.00    1.00     5  postgres
07:32:45 PM 100998    585799    1.00    1.00    0.00    0.00    2.00     6  postgres
07:32:45 PM 100998    585800    0.00    1.00    0.00    0.00    1.00     6  postgres
07:32:45 PM 100998    585801    1.00    0.00    0.00    0.00    1.00     5  postgres
07:32:45 PM 100998    585802    0.00    0.00    0.00    0.00    0.00     4  postgres
07:32:45 PM 100998    585803    1.00    0.00    0.00    0.00    1.00     6  postgres
07:32:45 PM 100998    585804    1.00    1.00    0.00    0.00    2.00     6  postgres
07:32:45 PM 100998    585805    0.00    0.00    0.00    0.00    0.00     6  postgres
07:32:45 PM 100998    585807    1.00    1.00    0.00    0.00    2.00     6  postgres
07:32:45 PM 100998    585808    1.00    0.00    0.00    0.00    1.00     6  postgres
07:32:45 PM 100998    585811    1.00    1.00    0.00    0.00    2.00     4  postgres
07:32:45 PM 100998    585813    1.00    0.00    0.00    0.00    1.00     6  postgres
07:32:45 PM 100998    585815    0.00    1.00    0.00    0.00    1.00     5  postgres
07:32:45 PM 100998    585817    1.00    0.00    0.00    0.00    1.00     6  postgres
07:32:45 PM 100998    585832    1.00    0.00    0.00    0.00    1.00     4  postgres
07:32:45 PM 100998    585854    0.00    0.00    0.00    0.00    0.00     4  postgres
07:32:45 PM 100998    585868    0.00    1.00    0.00    0.00    1.00     4  postgres

07:32:45 PM   UID       PID    %usr %system  %guest   %wait    %CPU   CPU  Command
07:32:46 PM 100998    584842    0.00    0.00    0.00    0.00    0.00     6  postgres
07:32:46 PM 100998    584843    0.00    0.00    0.00    0.00    0.00     5  postgres
07:32:46 PM 100998    584845    0.00    0.00    0.00    0.00    0.00     4  postgres
07:32:46 PM 100998    584846    0.00    0.00    0.00    0.00    0.00     5  postgres
07:32:46 PM 100998    585785    1.00    0.00    0.00    0.00    1.00     4  postgres
07:32:46 PM 100998    585794    1.00    1.00    0.00    0.00    2.00     4  postgres
07:32:46 PM 100998    585796    1.00    1.00    0.00    0.00    2.00     6  postgres
07:32:46 PM 100998    585797    0.00    1.00    0.00    0.00    1.00     5  postgres
07:32:46 PM 100998    585799    0.00    0.00    0.00    0.00    0.00     4  postgres
07:32:46 PM 100998    585800    1.00    0.00    0.00    0.00    1.00     6  postgres
07:32:46 PM 100998    585801    1.00    0.00    0.00    0.00    1.00     5  postgres
07:32:46 PM 100998    585802    0.00    0.00    0.00    0.00    0.00     6  postgres
07:32:46 PM 100998    585803    0.00    0.00    0.00    0.00    0.00     6  postgres
07:32:46 PM 100998    585804    0.00    0.00    0.00    0.00    0.00     6  postgres
07:32:46 PM 100998    585805    1.00    1.00    0.00    0.00    2.00     4  postgres
07:32:46 PM 100998    585807    0.00    0.00    0.00    0.00    0.00     6  postgres
07:32:46 PM 100998    585808    1.00    1.00    0.00    0.00    2.00     4  postgres
07:32:46 PM 100998    585811    0.00    0.00    0.00    0.00    0.00     6  postgres
07:32:46 PM 100998    585813    1.00    1.00    0.00    0.00    2.00     6  postgres
07:32:46 PM 100998    585815    1.00    0.00    0.00    0.00    1.00     4  postgres
07:32:46 PM 100998    585817    0.00    0.00    0.00    0.00    0.00     4  postgres
07:32:46 PM 100998    585832    0.00    1.00    0.00    0.00    1.00     4  postgres
07:32:46 PM 100998    585854    1.00    0.00    0.00    0.00    1.00     4  postgres
07:32:46 PM 100998    585868    1.00    0.00    0.00    0.00    1.00     6  postgres

07:32:46 PM   UID       PID    %usr %system  %guest   %wait    %CPU   CPU  Command
07:32:47 PM 100998    584842    0.00    0.00    0.00    0.00    0.00     6  postgres
07:32:47 PM 100998    584843    0.00    0.00    0.00    0.00    0.00     5  postgres
07:32:47 PM 100998    584845    0.00    0.00    0.00    0.00    0.00     4  postgres
07:32:47 PM 100998    584846    0.00    0.00    0.00    0.00    0.00     5  postgres
07:32:47 PM 100998    585785    0.00    0.00    0.00    0.00    0.00     6  postgres
07:32:47 PM 100998    585794    0.00    0.00    0.00    0.00    0.00     6  postgres
07:32:47 PM 100998    585796    0.00    0.00    0.00    0.00    0.00     4  postgres
07:32:47 PM 100998    585797    0.99    0.00    0.00    0.00    0.99     5  postgres
07:32:47 PM 100998    585799    0.99    0.99    0.00    0.00    1.98     4  postgres
07:32:47 PM 100998    585800    0.00    0.99    0.00    0.00    0.99     4  postgres
07:32:47 PM 100998    585801    0.99    0.00    0.00    0.00    0.99     5  postgres
07:32:47 PM 100998    585802    0.00    0.99    0.00    0.00    0.99     6  postgres
07:32:47 PM 100998    585803    0.99    0.00    0.00    0.00    0.99     4  postgres
07:32:47 PM 100998    585804    0.00    0.00    0.00    0.00    0.00     6  postgres
07:32:47 PM 100998    585805    0.00    0.00    0.00    0.00    0.00     6  postgres
07:32:47 PM 100998    585807    0.00    0.99    0.00    0.00    0.99     4  postgres
07:32:47 PM 100998    585808    0.00    0.00    0.00    0.00    0.00     6  postgres
07:32:47 PM 100998    585811    0.99    0.99    0.00    0.00    1.98     4  postgres
07:32:47 PM 100998    585813    0.00    0.00    0.00    0.00    0.00     6  postgres
07:32:47 PM 100998    585815    0.99    0.00    0.00    0.00    0.99     6  postgres
07:32:47 PM 100998    585817    0.99    0.99    0.00    0.00    1.98     4  postgres
07:32:47 PM 100998    585832    0.99    0.00    0.00    0.00    0.99     4  postgres
07:32:47 PM 100998    585854    0.00    0.99    0.00    0.00    0.99     6  postgres
07:32:47 PM 100998    585868    0.00    0.00    0.00    0.00    0.00     6  postgres

07:32:47 PM   UID       PID    %usr %system  %guest   %wait    %CPU   CPU  Command
07:32:48 PM 100998    584842    0.00    0.00    0.00    0.00    0.00     6  postgres
07:32:48 PM 100998    584843    0.00    0.00    0.00    0.00    0.00     5  postgres
07:32:48 PM 100998    584845    0.00    0.00    0.00    0.00    0.00     4  postgres
07:32:48 PM 100998    584846    0.00    0.00    0.00    0.00    0.00     5  postgres
07:32:48 PM 100998    585785    1.00    0.00    0.00    0.00    1.00     4  postgres
07:32:48 PM 100998    585794    1.00    0.00    0.00    0.00    1.00     4  postgres
07:32:48 PM 100998    585796    0.00    1.00    0.00    0.00    1.00     4  postgres
07:32:48 PM 100998    585797    1.00    1.00    0.00    0.00    2.00     5  postgres
07:32:48 PM 100998    585799    0.00    0.00    0.00    0.00    0.00     4  postgres
07:32:48 PM 100998    585800    0.00    0.00    0.00    0.00    0.00     6  postgres
07:32:48 PM 100998    585801    0.00    1.00    0.00    0.00    1.00     5  postgres
07:32:48 PM 100998    585802    1.00    0.00    0.00    0.00    1.00     4  postgres
07:32:48 PM 100998    585803    0.00    1.00    0.00    0.00    1.00     4  postgres
07:32:48 PM 100998    585804    0.00    1.00    0.00    0.00    1.00     4  postgres
07:32:48 PM 100998    585805    1.00    1.00    0.00    0.00    2.00     6  postgres
07:32:48 PM 100998    585807    1.00    0.00    0.00    0.00    1.00     4  postgres
07:32:48 PM 100998    585808    0.00    1.00    0.00    0.00    1.00     4  postgres
07:32:48 PM 100998    585811    0.00    0.00    0.00    0.00    0.00     6  postgres
07:32:48 PM 100998    585813    1.00    1.00    0.00    0.00    2.00     4  postgres
07:32:48 PM 100998    585815    0.00    1.00    0.00    0.00    1.00     6  postgres
07:32:48 PM 100998    585817    0.00    0.00    0.00    0.00    0.00     6  postgres
07:32:48 PM 100998    585832    0.00    1.00    0.00    0.00    1.00     6  postgres
07:32:48 PM 100998    585854    0.00    0.00    0.00    0.00    0.00     6  postgres
07:32:48 PM 100998    585868    1.00    1.00    0.00    0.00    2.00     6  postgres

07:32:48 PM   UID       PID    %usr %system  %guest   %wait    %CPU   CPU  Command
07:32:49 PM 100998    584842    0.00    0.00    0.00    0.00    0.00     6  postgres
07:32:49 PM 100998    584843    0.00    0.00    0.00    0.00    0.00     5  postgres
07:32:49 PM 100998    584845    0.00    0.00    0.00    0.00    0.00     4  postgres
07:32:49 PM 100998    584846    0.00    0.00    0.00    0.00    0.00     5  postgres
07:32:49 PM 100998    585785    0.00    1.00    0.00    0.00    1.00     6  postgres
07:32:49 PM 100998    585794    0.00    1.00    0.00    0.00    1.00     6  postgres
07:32:49 PM 100998    585796    1.00    0.00    0.00    0.00    1.00     4  postgres
07:32:49 PM 100998    585797    1.00    0.00    0.00    0.00    1.00     5  postgres
07:32:49 PM 100998    585799    0.00    0.00    0.00    0.00    0.00     6  postgres
07:32:49 PM 100998    585800    1.00    0.00    0.00    0.00    1.00     4  postgres
07:32:49 PM 100998    585801    1.00    1.00    0.00    0.00    2.00     5  postgres
07:32:49 PM 100998    585802    0.00    1.00    0.00    0.00    1.00     4  postgres
07:32:49 PM 100998    585803    1.00    0.00    0.00    0.00    1.00     4  postgres
07:32:49 PM 100998    585804    1.00    0.00    0.00    0.00    1.00     6  postgres
07:32:49 PM 100998    585805    0.00    0.00    0.00    0.00    0.00     6  postgres
07:32:49 PM 100998    585807    0.00    1.00    0.00    0.00    1.00     6  postgres
07:32:49 PM 100998    585808    1.00    0.00    0.00    0.00    1.00     6  postgres
07:32:49 PM 100998    585811    0.00    1.00    0.00    0.00    1.00     6  postgres
07:32:49 PM 100998    585813    0.00    0.00    0.00    0.00    0.00     4  postgres
07:32:49 PM 100998    585815    1.00    0.00    0.00    0.00    1.00     4  postgres
07:32:49 PM 100998    585817    0.00    1.00    0.00    0.00    1.00     6  postgres
07:32:49 PM 100998    585832    1.00    0.00    0.00    0.00    1.00     4  postgres
07:32:49 PM 100998    585854    1.00    1.00    0.00    0.00    2.00     6  postgres
07:32:49 PM 100998    585868    0.00    0.00    0.00    0.00    0.00     6  postgres

07:32:49 PM   UID       PID    %usr %system  %guest   %wait    %CPU   CPU  Command
07:32:50 PM 100998    584842    0.00    0.00    0.00    0.00    0.00     6  postgres
07:32:50 PM 100998    584843    0.00    0.00    0.00    0.00    0.00     5  postgres
07:32:50 PM 100998    584845    0.00    0.00    0.00    0.00    0.00     4  postgres
07:32:50 PM 100998    584846    0.00    0.00    0.00    0.00    0.00     5  postgres
07:32:50 PM 100998    585785    0.00    1.00    0.00    0.00    1.00     6  postgres
07:32:50 PM 100998    585794    1.00    0.00    0.00    0.00    1.00     6  postgres
07:32:50 PM 100998    585796    0.00    1.00    0.00    0.00    1.00     4  postgres
07:32:50 PM 100998    585797    0.00    0.00    0.00    0.00    0.00     5  postgres
07:32:50 PM 100998    585799    1.00    1.00    0.00    0.00    2.00     6  postgres
07:32:50 PM 100998    585800    1.00    1.00    0.00    0.00    2.00     6  postgres
07:32:50 PM 100998    585801    0.00    0.00    0.00    0.00    0.00     5  postgres
07:32:50 PM 100998    585802    1.00    0.00    0.00    0.00    1.00     4  postgres
07:32:50 PM 100998    585803    0.00    0.00    0.00    0.00    0.00     4  postgres
07:32:50 PM 100998    585804    0.00    1.00    0.00    0.00    1.00     6  postgres
07:32:50 PM 100998    585805    1.00    1.00    0.00    0.00    2.00     6  postgres
07:32:50 PM 100998    585807    1.00    0.00    0.00    0.00    1.00     6  postgres
07:32:50 PM 100998    585808    0.00    0.00    0.00    0.00    0.00     6  postgres
07:32:50 PM 100998    585811    1.00    0.00    0.00    0.00    1.00     4  postgres
07:32:50 PM 100998    585813    1.00    0.00    0.00    0.00    1.00     6  postgres
07:32:50 PM 100998    585815    1.00    0.00    0.00    0.00    1.00     4  postgres
07:32:50 PM 100998    585817    1.00    0.00    0.00    0.00    1.00     4  postgres
07:32:50 PM 100998    585832    0.00    1.00    0.00    0.00    1.00     6  postgres
07:32:50 PM 100998    585854    0.00    0.00    0.00    0.00    0.00     4  postgres
07:32:50 PM 100998    585868    1.00    1.00    0.00    0.00    2.00     4  postgres

07:32:50 PM   UID       PID    %usr %system  %guest   %wait    %CPU   CPU  Command
07:32:51 PM 100998    584842    0.00    0.00    0.00    0.00    0.00     6  postgres
07:32:51 PM 100998    584843    0.00    0.00    0.00    0.00    0.00     5  postgres
07:32:51 PM 100998    584845    0.00    0.00    0.00    0.00    0.00     4  postgres
07:32:51 PM 100998    584846    0.00    0.00    0.00    0.00    0.00     5  postgres
07:32:51 PM 100998    585785    1.00    0.00    0.00    0.00    1.00     4  postgres
07:32:51 PM 100998    585794    0.00    1.00    0.00    0.00    1.00     6  postgres
07:32:51 PM 100998    585796    0.00    0.00    0.00    0.00    0.00     4  postgres
07:32:51 PM 100998    585797    1.00    0.00    0.00    0.00    1.00     5  postgres
07:32:51 PM 100998    585799    0.00    0.00    0.00    0.00    0.00     6  postgres
07:32:51 PM 100998    585800    0.00    1.00    0.00    0.00    1.00     4  postgres
07:32:51 PM 100998    585801    1.00    0.00    0.00    0.00    1.00     5  postgres
07:32:51 PM 100998    585802    0.00    1.00    0.00    0.00    1.00     4  postgres
07:32:51 PM 100998    585803    1.00    1.00    0.00    0.00    2.00     6  postgres
07:32:51 PM 100998    585804    1.00    0.00    0.00    0.00    1.00     6  postgres
07:32:51 PM 100998    585805    0.00    0.00    0.00    0.00    0.00     6  postgres
07:32:51 PM 100998    585807    0.00    0.00    0.00    0.00    0.00     5  postgres
07:32:51 PM 100998    585808    0.00    1.00    0.00    0.00    1.00     6  postgres
07:32:51 PM 100998    585811    0.00    1.00    0.00    0.00    1.00     4  postgres
07:32:51 PM 100998    585813    1.00    1.00    0.00    0.00    2.00     4  postgres
07:32:51 PM 100998    585815    0.00    1.00    0.00    0.00    1.00     5  postgres
07:32:51 PM 100998    585817    0.00    1.00    0.00    0.00    1.00     6  postgres
07:32:51 PM 100998    585832    1.00    0.00    0.00    0.00    1.00     4  postgres
07:32:51 PM 100998    585854    0.00    1.00    0.00    0.00    1.00     6  postgres
07:32:51 PM 100998    585868    0.00    0.00    0.00    0.00    0.00     4  postgres

07:32:51 PM   UID       PID    %usr %system  %guest   %wait    %CPU   CPU  Command
07:32:52 PM 100998    584842    0.00    0.00    0.00    0.00    0.00     6  postgres
07:32:52 PM 100998    584843    0.00    0.00    0.00    0.00    0.00     5  postgres
07:32:52 PM 100998    584845    0.00    0.00    0.00    0.00    0.00     4  postgres
07:32:52 PM 100998    584846    0.00    0.00    0.00    0.00    0.00     5  postgres
07:32:52 PM 100998    585785    0.00    0.00    0.00    0.00    0.00     6  postgres
07:32:52 PM 100998    585794    1.00    0.00    0.00    0.00    1.00     6  postgres
07:32:52 PM 100998    585796    1.00    0.00    0.00    0.00    1.00     6  postgres
07:32:52 PM 100998    585797    1.00    1.00    0.00    0.00    2.00     5  postgres
07:32:52 PM 100998    585799    1.00    0.00    0.00    0.00    1.00     6  postgres
07:32:52 PM 100998    585800    0.00    1.00    0.00    0.00    1.00     4  postgres
07:32:52 PM 100998    585801    1.00    1.00    0.00    0.00    2.00     5  postgres
07:32:52 PM 100998    585802    1.00    1.00    0.00    0.00    2.00     4  postgres
07:32:52 PM 100998    585803    1.00    0.00    0.00    0.00    1.00     6  postgres
07:32:52 PM 100998    585804    0.00    0.00    0.00    0.00    0.00     6  postgres
07:32:52 PM 100998    585805    1.00    0.00    0.00    0.00    1.00     4  postgres
07:32:52 PM 100998    585807    1.00    1.00    0.00    0.00    2.00     5  postgres
07:32:52 PM 100998    585808    1.00    0.00    0.00    0.00    1.00     4  postgres
07:32:52 PM 100998    585811    1.00    0.00    0.00    0.00    1.00     6  postgres
07:32:52 PM 100998    585813    0.00    0.00    0.00    0.00    0.00     6  postgres
07:32:52 PM 100998    585815    1.00    0.00    0.00    0.00    1.00     5  postgres
07:32:52 PM 100998    585817    1.00    0.00    0.00    0.00    1.00     4  postgres
07:32:52 PM 100998    585832    0.00    1.00    0.00    0.00    1.00     6  postgres
07:32:52 PM 100998    585854    1.00    0.00    0.00    0.00    1.00     4  postgres
07:32:52 PM 100998    585868    0.00    1.00    0.00    0.00    1.00     6  postgres

07:32:52 PM   UID       PID    %usr %system  %guest   %wait    %CPU   CPU  Command
07:32:53 PM 100998    584842    0.00    0.00    0.00    0.00    0.00     6  postgres
07:32:53 PM 100998    584843    0.00    0.00    0.00    0.00    0.00     5  postgres
07:32:53 PM 100998    584845    0.00    0.00    0.00    0.00    0.00     4  postgres
07:32:53 PM 100998    584846    0.00    0.00    0.00    0.00    0.00     5  postgres
07:32:53 PM 100998    585785    0.00    1.00    0.00    0.00    1.00     6  postgres
07:32:53 PM 100998    585794    0.00    0.00    0.00    0.00    0.00     4  postgres
07:32:53 PM 100998    585796    0.00    0.00    0.00    0.00    0.00     4  postgres
07:32:53 PM 100998    585797    1.00    0.00    0.00    0.00    1.00     5  postgres
07:32:53 PM 100998    585799    0.00    1.00    0.00    0.00    1.00     6  postgres
07:32:53 PM 100998    585800    1.00    0.00    0.00    0.00    1.00     6  postgres
07:32:53 PM 100998    585801    0.00    1.00    0.00    0.00    1.00     5  postgres
07:32:53 PM 100998    585802    0.00    0.00    0.00    0.00    0.00     4  postgres
07:32:53 PM 100998    585803    0.00    1.00    0.00    0.00    1.00     4  postgres
07:32:53 PM 100998    585804    1.00    1.00    0.00    0.00    2.00     4  postgres
07:32:53 PM 100998    585805    0.00    1.00    0.00    0.00    1.00     6  postgres
07:32:53 PM 100998    585807    1.00    0.00    0.00    0.00    1.00     5  postgres
07:32:53 PM 100998    585808    0.00    1.00    0.00    0.00    1.00     6  postgres
07:32:53 PM 100998    585811    0.00    0.00    0.00    0.00    0.00     6  postgres
07:32:53 PM 100998    585813    0.00    1.00    0.00    0.00    1.00     6  postgres
07:32:53 PM 100998    585815    1.00    1.00    0.00    0.00    2.00     5  postgres
07:32:53 PM 100998    585817    0.00    1.00    0.00    0.00    1.00     4  postgres
07:32:53 PM 100998    585832    1.00    0.00    0.00    0.00    1.00     6  postgres
07:32:53 PM 100998    585854    0.00    1.00    0.00    0.00    1.00     6  postgres
07:32:53 PM 100998    585868    1.00    1.00    0.00    0.00    2.00     4  postgres

07:32:53 PM   UID       PID    %usr %system  %guest   %wait    %CPU   CPU  Command
07:32:54 PM 100998    584842    0.00    0.00    0.00    0.00    0.00     6  postgres
07:32:54 PM 100998    584843    0.00    0.00    0.00    0.00    0.00     5  postgres
07:32:54 PM 100998    584845    0.00    0.00    0.00    0.00    0.00     4  postgres
07:32:54 PM 100998    584846    0.00    0.00    0.00    0.00    0.00     5  postgres
07:32:54 PM 100998    585785    0.00    0.00    0.00    0.00    0.00     4  postgres
07:32:54 PM 100998    585794    1.00    1.00    0.00    0.00    2.00     4  postgres
07:32:54 PM 100998    585796    1.00    1.00    0.00    0.00    2.00     6  postgres
07:32:54 PM 100998    585797    0.00    1.00    0.00    0.00    1.00     5  postgres
07:32:54 PM 100998    585799    1.00    0.00    0.00    0.00    1.00     6  postgres
07:32:54 PM 100998    585800    0.00    0.00    0.00    0.00    0.00     4  postgres
07:32:54 PM 100998    585801    2.00    0.00    0.00    0.00    2.00     5  postgres
07:32:54 PM 100998    585802    1.00    1.00    0.00    0.00    2.00     4  postgres
07:32:54 PM 100998    585803    0.00    1.00    0.00    0.00    1.00     4  postgres
07:32:54 PM 100998    585804    0.00    0.00    0.00    0.00    0.00     6  postgres
07:32:54 PM 100998    585805    0.00    1.00    0.00    0.00    1.00     6  postgres
07:32:54 PM 100998    585807    1.00    0.00    0.00    0.00    1.00     5  postgres
07:32:54 PM 100998    585808    0.00    0.00    0.00    0.00    0.00     4  postgres
07:32:54 PM 100998    585811    1.00    1.00    0.00    0.00    2.00     6  postgres
07:32:54 PM 100998    585813    1.00    0.00    0.00    0.00    1.00     6  postgres
07:32:54 PM 100998    585815    1.00    0.00    0.00    0.00    1.00     5  postgres
07:32:54 PM 100998    585817    0.00    1.00    0.00    0.00    1.00     6  postgres
07:32:54 PM 100998    585832    1.00    1.00    0.00    0.00    2.00     4  postgres
07:32:54 PM 100998    585854    1.00    0.00    0.00    0.00    1.00     6  postgres
07:32:54 PM 100998    585868    1.00    0.00    0.00    0.00    1.00     4  postgres

07:32:54 PM   UID       PID    %usr %system  %guest   %wait    %CPU   CPU  Command
07:32:55 PM 100998    584842    0.00    0.00    0.00    0.00    0.00     6  postgres
07:32:55 PM 100998    584843    0.00    0.00    0.00    0.00    0.00     5  postgres
07:32:55 PM 100998    584845    0.00    0.00    0.00    0.00    0.00     4  postgres
07:32:55 PM 100998    584846    0.00    0.00    0.00    0.00    0.00     5  postgres
07:32:55 PM 100998    585785    1.00    1.00    0.00    0.00    2.00     6  postgres
07:32:55 PM 100998    585794    0.00    0.00    0.00    0.00    0.00     6  postgres
07:32:55 PM 100998    585796    1.00    0.00    0.00    0.00    1.00     4  postgres
07:32:55 PM 100998    585797    1.00    0.00    0.00    0.00    1.00     5  postgres
07:32:55 PM 100998    585799    0.00    0.00    0.00    0.00    0.00     6  postgres
07:32:55 PM 100998    585800    1.00    1.00    0.00    0.00    2.00     4  postgres
07:32:55 PM 100998    585801    0.00    0.00    0.00    0.00    0.00     5  postgres
07:32:55 PM 100998    585802    0.00    0.00    0.00    0.00    0.00     4  postgres
07:32:55 PM 100998    585803    1.00    0.00    0.00    0.00    1.00     4  postgres
07:32:55 PM 100998    585804    1.00    1.00    0.00    0.00    2.00     4  postgres
07:32:55 PM 100998    585805    1.00    0.00    0.00    0.00    1.00     6  postgres
07:32:55 PM 100998    585807    0.00    1.00    0.00    0.00    1.00     5  postgres
07:32:55 PM 100998    585808    1.00    0.00    0.00    0.00    1.00     6  postgres
07:32:55 PM 100998    585811    0.00    0.00    0.00    0.00    0.00     4  postgres
07:32:55 PM 100998    585813    0.00    1.00    0.00    0.00    1.00     6  postgres
07:32:55 PM 100998    585815    0.00    1.00    0.00    0.00    1.00     6  postgres
07:32:55 PM 100998    585817    1.00    0.00    0.00    0.00    1.00     4  postgres
07:32:55 PM 100998    585832    0.00    1.00    0.00    0.00    1.00     5  postgres
07:32:55 PM 100998    585854    0.00    1.00    0.00    0.00    1.00     4  postgres
07:32:55 PM 100998    585868    0.00    1.00    0.00    0.00    1.00     4  postgres

07:32:55 PM   UID       PID    %usr %system  %guest   %wait    %CPU   CPU  Command
07:32:56 PM 100998    584842    0.00    0.00    0.00    0.00    0.00     6  postgres
07:32:56 PM 100998    584843    0.00    0.00    0.00    0.00    0.00     5  postgres
07:32:56 PM 100998    584845    0.00    0.00    0.00    0.00    0.00     4  postgres
07:32:56 PM 100998    584846    0.00    0.00    0.00    0.00    0.00     5  postgres
07:32:56 PM 100998    585785    0.00    0.00    0.00    0.00    0.00     6  postgres
07:32:56 PM 100998    585794    1.00    1.00    0.00    0.00    2.00     6  postgres
07:32:56 PM 100998    585796    0.00    1.00    0.00    0.00    1.00     4  postgres
07:32:56 PM 100998    585797    1.00    1.00    0.00    0.00    2.00     5  postgres
07:32:56 PM 100998    585799    1.00    0.00    0.00    0.00    1.00     6  postgres
07:32:56 PM 100998    585800    0.00    0.00    0.00    0.00    0.00     4  postgres
07:32:56 PM 100998    585801    1.00    1.00    0.00    0.00    2.00     5  postgres
07:32:56 PM 100998    585802    1.00    0.00    0.00    0.00    1.00     4  postgres
07:32:56 PM 100998    585803    0.00    0.00    0.00    0.00    0.00     4  postgres
07:32:56 PM 100998    585804    0.00    0.00    0.00    0.00    0.00     4  postgres
07:32:56 PM 100998    585805    1.00    1.00    0.00    0.00    2.00     5  postgres
07:32:56 PM 100998    585807    1.00    1.00    0.00    0.00    2.00     5  postgres
07:32:56 PM 100998    585808    1.00    1.00    0.00    0.00    2.00     4  postgres
07:32:56 PM 100998    585811    1.00    0.00    0.00    0.00    1.00     4  postgres
07:32:56 PM 100998    585813    1.00    0.00    0.00    0.00    1.00     6  postgres
07:32:56 PM 100998    585815    0.00    1.00    0.00    0.00    1.00     6  postgres
07:32:56 PM 100998    585817    0.00    1.00    0.00    0.00    1.00     6  postgres
07:32:56 PM 100998    585832    1.00    1.00    0.00    0.00    2.00     5  postgres
07:32:56 PM 100998    585854    1.00    0.00    0.00    0.00    1.00     5  postgres
07:32:56 PM 100998    585868    0.00    1.00    0.00    0.00    1.00     6  postgres

07:32:56 PM   UID       PID    %usr %system  %guest   %wait    %CPU   CPU  Command
07:32:57 PM 100998    584842    0.00    0.00    0.00    0.00    0.00     6  postgres
07:32:57 PM 100998    584843    0.00    0.00    0.00    0.00    0.00     5  postgres
07:32:57 PM 100998    584845    0.00    0.00    0.00    0.00    0.00     4  postgres
07:32:57 PM 100998    584846    0.00    0.00    0.00    0.00    0.00     5  postgres
07:32:57 PM 100998    585785    1.00    0.00    0.00    0.00    1.00     4  postgres
07:32:57 PM 100998    585794    1.00    0.00    0.00    0.00    1.00     4  postgres
07:32:57 PM 100998    585796    0.00    0.00    0.00    0.00    0.00     4  postgres
07:32:57 PM 100998    585797    1.00    1.00    0.00    0.00    2.00     6  postgres
07:32:57 PM 100998    585799    0.00    1.00    0.00    0.00    1.00     6  postgres
07:32:57 PM 100998    585800    1.00    1.00    0.00    0.00    2.00     6  postgres
07:32:57 PM 100998    585801    1.00    0.00    0.00    0.00    1.00     5  postgres
07:32:57 PM 100998    585802    1.00    1.00    0.00    0.00    2.00     6  postgres
07:32:57 PM 100998    585803    1.00    1.00    0.00    0.00    2.00     6  postgres
07:32:57 PM 100998    585804    1.00    1.00    0.00    0.00    2.00     6  postgres
07:32:57 PM 100998    585805    0.00    1.00    0.00    0.00    1.00     5  postgres
07:32:57 PM 100998    585807    1.00    0.00    0.00    0.00    1.00     5  postgres
07:32:57 PM 100998    585808    0.00    0.00    0.00    0.00    0.00     4  postgres
07:32:57 PM 100998    585811    0.00    1.00    0.00    0.00    1.00     4  postgres
07:32:57 PM 100998    585813    1.00    0.00    0.00    0.00    1.00     4  postgres
07:32:57 PM 100998    585815    1.00    0.00    0.00    0.00    1.00     6  postgres
07:32:57 PM 100998    585817    1.00    0.00    0.00    0.00    1.00     4  postgres
07:32:57 PM 100998    585832    1.00    0.00    0.00    0.00    1.00     5  postgres
07:32:57 PM 100998    585854    0.00    1.00    0.00    0.00    1.00     5  postgres
07:32:57 PM 100998    585868    1.00    0.00    0.00    0.00    1.00     4  postgres

07:32:57 PM   UID       PID    %usr %system  %guest   %wait    %CPU   CPU  Command
07:32:58 PM 100998    584842    0.00    0.00    0.00    0.00    0.00     6  postgres
07:32:58 PM 100998    584843    0.00    0.00    0.00    0.00    0.00     5  postgres
07:32:58 PM 100998    584845    0.00    0.00    0.00    0.00    0.00     4  postgres
07:32:58 PM 100998    584846    0.00    0.00    0.00    0.00    0.00     5  postgres
07:32:58 PM 100998    585785    0.00    1.00    0.00    0.00    1.00     6  postgres
07:32:58 PM 100998    585794    0.00    1.00    0.00    0.00    1.00     4  postgres
07:32:58 PM 100998    585796    1.00    1.00    0.00    0.00    2.00     6  postgres
07:32:58 PM 100998    585797    0.00    0.00    0.00    0.00    0.00     6  postgres
07:32:58 PM 100998    585799    1.00    0.00    0.00    0.00    1.00     4  postgres
07:32:58 PM 100998    585800    0.00    1.00    0.00    0.00    1.00     6  postgres
07:32:58 PM 100998    585801    1.00    1.00    0.00    0.00    2.00     4  postgres
07:32:58 PM 100998    585802    0.00    1.00    0.00    0.00    1.00     6  postgres
07:32:58 PM 100998    585803    1.00    0.00    0.00    0.00    1.00     6  postgres
07:32:58 PM 100998    585804    0.00    0.00    0.00    0.00    0.00     6  postgres
07:32:58 PM 100998    585805    1.00    0.00    0.00    0.00    1.00     5  postgres
07:32:58 PM 100998    585807    1.00    1.00    0.00    0.00    2.00     5  postgres
07:32:58 PM 100998    585808    0.00    1.00    0.00    0.00    1.00     6  postgres
07:32:58 PM 100998    585811    1.00    1.00    0.00    0.00    2.00     4  postgres
07:32:58 PM 100998    585813    1.00    1.00    0.00    0.00    2.00     6  postgres
07:32:58 PM 100998    585815    1.00    0.00    0.00    0.00    1.00     6  postgres
07:32:58 PM 100998    585817    0.00    1.00    0.00    0.00    1.00     6  postgres
07:32:58 PM 100998    585832    0.00    1.00    0.00    0.00    1.00     5  postgres
07:32:58 PM 100998    585854    1.00    1.00    0.00    0.00    2.00     5  postgres
07:32:58 PM 100998    585868    1.00    0.00    0.00    0.00    1.00     4  postgres

07:32:58 PM   UID       PID    %usr %system  %guest   %wait    %CPU   CPU  Command
07:32:59 PM 100998    584842    0.00    0.00    0.00    0.00    0.00     6  postgres
07:32:59 PM 100998    584843    0.00    0.00    0.00    0.00    0.00     5  postgres
07:32:59 PM 100998    584845    0.00    0.00    0.00    0.00    0.00     4  postgres
07:32:59 PM 100998    584846    0.00    0.00    0.00    0.00    0.00     5  postgres
07:32:59 PM 100998    585785    1.00    0.00    0.00    0.00    1.00     4  postgres
07:32:59 PM 100998    585794    1.00    0.00    0.00    0.00    1.00     4  postgres
07:32:59 PM 100998    585796    1.00    0.00    0.00    0.00    1.00     4  postgres
07:32:59 PM 100998    585797    1.00    1.00    0.00    0.00    2.00     6  postgres
07:32:59 PM 100998    585799    0.00    1.00    0.00    0.00    1.00     4  postgres
07:32:59 PM 100998    585800    1.00    0.00    0.00    0.00    1.00     6  postgres
07:32:59 PM 100998    585801    0.00    0.00    0.00    0.00    0.00     4  postgres
07:32:59 PM 100998    585802    1.00    0.00    0.00    0.00    1.00     4  postgres
07:32:59 PM 100998    585803    0.00    1.00    0.00    0.00    1.00     6  postgres
07:32:59 PM 100998    585804    1.00    0.00    0.00    0.00    1.00     4  postgres
07:32:59 PM 100998    585805    1.00    1.00    0.00    0.00    2.00     5  postgres
07:32:59 PM 100998    585807    1.00    1.00    0.00    0.00    2.00     5  postgres
07:32:59 PM 100998    585808    1.00    0.00    0.00    0.00    1.00     6  postgres
07:32:59 PM 100998    585811    0.00    0.00    0.00    0.00    0.00     6  postgres
07:32:59 PM 100998    585813    0.00    0.00    0.00    0.00    0.00     4  postgres
07:32:59 PM 100998    585815    0.00    0.00    0.00    0.00    0.00     6  postgres
07:32:59 PM 100998    585817    1.00    0.00    0.00    0.00    1.00     6  postgres
07:32:59 PM 100998    585832    1.00    1.00    0.00    0.00    2.00     5  postgres
07:32:59 PM 100998    585854    1.00    1.00    0.00    0.00    2.00     6  postgres
07:32:59 PM 100998    585868    0.00    1.00    0.00    0.00    1.00     6  postgres

07:32:59 PM   UID       PID    %usr %system  %guest   %wait    %CPU   CPU  Command
07:33:00 PM 100998    584842    0.00    0.00    0.00    0.00    0.00     6  postgres
07:33:00 PM 100998    584843    0.00    0.00    0.00    0.00    0.00     5  postgres
07:33:00 PM 100998    584845    0.00    0.00    0.00    0.00    0.00     4  postgres
07:33:00 PM 100998    584846    0.00    0.00    0.00    0.00    0.00     5  postgres
07:33:00 PM 100998    585785    0.00    1.00    0.00    0.00    1.00     6  postgres
07:33:00 PM 100998    585794    0.00    1.00    0.00    0.00    1.00     4  postgres
07:33:00 PM 100998    585796    0.00    1.00    0.00    0.00    1.00     4  postgres
07:33:00 PM 100998    585797    1.00    0.00    0.00    0.00    1.00     4  postgres
07:33:00 PM 100998    585799    1.00    0.00    0.00    0.00    1.00     6  postgres
07:33:00 PM 100998    585800    1.00    1.00    0.00    0.00    2.00     4  postgres
07:33:00 PM 100998    585801    1.00    1.00    0.00    0.00    2.00     6  postgres
07:33:00 PM 100998    585802    1.00    1.00    0.00    0.00    2.00     6  postgres
07:33:00 PM 100998    585803    1.00    1.00    0.00    0.00    2.00     6  postgres
07:33:00 PM 100998    585804    1.00    1.00    0.00    0.00    2.00     4  postgres
07:33:00 PM 100998    585805    1.00    1.00    0.00    0.00    2.00     5  postgres
07:33:00 PM 100998    585807    1.00    0.00    0.00    0.00    1.00     5  postgres
07:33:00 PM 100998    585808    0.00    1.00    0.00    0.00    1.00     4  postgres
07:33:00 PM 100998    585811    1.00    1.00    0.00    0.00    2.00     4  postgres
07:33:00 PM 100998    585813    1.00    0.00    0.00    0.00    1.00     6  postgres
07:33:00 PM 100998    585815    1.00    1.00    0.00    0.00    2.00     4  postgres
07:33:00 PM 100998    585817    0.00    1.00    0.00    0.00    1.00     4  postgres
07:33:00 PM 100998    585832    1.00    0.00    0.00    0.00    1.00     5  postgres
07:33:00 PM 100998    585854    0.00    1.00    0.00    0.00    1.00     6  postgres
07:33:00 PM 100998    585868    0.00    1.00    0.00    0.00    1.00     6  postgres

07:33:00 PM   UID       PID    %usr %system  %guest   %wait    %CPU   CPU  Command
07:33:01 PM 100998    584842    0.00    0.00    0.00    0.00    0.00     6  postgres
07:33:01 PM 100998    584843    0.00    0.00    0.00    0.00    0.00     5  postgres
07:33:01 PM 100998    584845    0.00    0.00    0.00    0.00    0.00     4  postgres
07:33:01 PM 100998    584846    0.00    0.00    0.00    0.00    0.00     5  postgres
07:33:01 PM 100998    585785    1.00    0.00    0.00    0.00    1.00     4  postgres
07:33:01 PM 100998    585794    1.00    1.00    0.00    0.00    2.00     6  postgres
07:33:01 PM 100998    585796    1.00    1.00    0.00    0.00    2.00     6  postgres
07:33:01 PM 100998    585797    1.00    1.00    0.00    0.00    2.00     4  postgres
07:33:01 PM 100998    585799    0.00    1.00    0.00    0.00    1.00     6  postgres
07:33:01 PM 100998    585800    0.00    0.00    0.00    0.00    0.00     6  postgres
07:33:01 PM 100998    585801    1.00    1.00    0.00    0.00    2.00     6  postgres
07:33:01 PM 100998    585802    0.00    0.00    0.00    0.00    0.00     6  postgres
07:33:01 PM 100998    585803    0.00    0.00    0.00    0.00    0.00     4  postgres
07:33:01 PM 100998    585804    0.00    1.00    0.00    0.00    1.00     6  postgres
07:33:01 PM 100998    585805    1.00    0.00    0.00    0.00    1.00     5  postgres
07:33:01 PM 100998    585807    0.00    1.00    0.00    0.00    1.00     5  postgres
07:33:01 PM 100998    585808    1.00    0.00    0.00    0.00    1.00     6  postgres
07:33:01 PM 100998    585811    0.00    1.00    0.00    0.00    1.00     4  postgres
07:33:01 PM 100998    585813    0.00    1.00    0.00    0.00    1.00     4  postgres
07:33:01 PM 100998    585815    0.00    0.00    0.00    0.00    0.00     6  postgres
07:33:01 PM 100998    585817    1.00    0.00    0.00    0.00    1.00     4  postgres
07:33:01 PM 100998    585832    1.00    0.00    0.00    0.00    1.00     5  postgres
07:33:01 PM 100998    585854    1.00    0.00    0.00    0.00    1.00     6  postgres
07:33:01 PM 100998    585868    0.00    0.00    0.00    0.00    0.00     6  postgres

07:33:01 PM   UID       PID    %usr %system  %guest   %wait    %CPU   CPU  Command
07:33:02 PM 100998    584842    0.00    0.00    0.00    0.00    0.00     6  postgres
07:33:02 PM 100998    584843    0.00    0.00    0.00    0.00    0.00     5  postgres
07:33:02 PM 100998    584845    0.00    0.00    0.00    0.00    0.00     4  postgres
07:33:02 PM 100998    584846    0.00    0.00    0.00    0.00    0.00     5  postgres
07:33:02 PM 100998    585785    1.00    1.00    0.00    0.00    2.00     6  postgres
07:33:02 PM 100998    585794    1.00    0.00    0.00    0.00    1.00     6  postgres
07:33:02 PM 100998    585796    0.00    0.00    0.00    0.00    0.00     4  postgres
07:33:02 PM 100998    585797    0.00    1.00    0.00    0.00    1.00     4  postgres
07:33:02 PM 100998    585799    1.00    1.00    0.00    0.00    2.00     6  postgres
07:33:02 PM 100998    585800    1.00    1.00    0.00    0.00    2.00     6  postgres
07:33:02 PM 100998    585801    0.00    0.00    0.00    0.00    0.00     4  postgres
07:33:02 PM 100998    585802    1.00    1.00    0.00    0.00    2.00     6  postgres
07:33:02 PM 100998    585803    1.00    1.00    0.00    0.00    2.00     6  postgres
07:33:02 PM 100998    585804    1.00    0.00    0.00    0.00    1.00     6  postgres
07:33:02 PM 100998    585805    1.00    1.00    0.00    0.00    2.00     5  postgres
07:33:02 PM 100998    585807    1.00    1.00    0.00    0.00    2.00     5  postgres
07:33:02 PM 100998    585808    0.00    1.00    0.00    0.00    1.00     4  postgres
07:33:02 PM 100998    585811    1.00    0.00    0.00    0.00    1.00     4  postgres
07:33:02 PM 100998    585813    1.00    0.00    0.00    0.00    1.00     6  postgres
07:33:02 PM 100998    585815    1.00    1.00    0.00    0.00    2.00     4  postgres
07:33:02 PM 100998    585817    1.00    1.00    0.00    0.00    2.00     6  postgres
07:33:02 PM 100998    585832    1.00    0.00    0.00    0.00    1.00     5  postgres
07:33:02 PM 100998    585854    0.00    1.00    0.00    0.00    1.00     4  postgres
07:33:02 PM 100998    585868    1.00    1.00    0.00    0.00    2.00     6  postgres

07:33:02 PM   UID       PID    %usr %system  %guest   %wait    %CPU   CPU  Command
07:33:03 PM 100998    584842    0.00    0.00    0.00    0.00    0.00     6  postgres
07:33:03 PM 100998    584843    0.00    0.00    0.00    0.00    0.00     5  postgres
07:33:03 PM 100998    584845    0.00    0.00    0.00    0.00    0.00     4  postgres
07:33:03 PM 100998    584846    0.00    0.00    0.00    0.00    0.00     5  postgres
07:33:03 PM 100998    585785    0.00    1.00    0.00    0.00    1.00     4  postgres
07:33:03 PM 100998    585794    0.00    2.00    0.00    0.00    2.00     4  postgres
07:33:03 PM 100998    585796    1.00    1.00    0.00    0.00    2.00     6  postgres
07:33:03 PM 100998    585797    1.00    0.00    0.00    0.00    1.00     4  postgres
07:33:03 PM 100998    585799    0.00    0.00    0.00    0.00    0.00     6  postgres
07:33:03 PM 100998    585800    0.00    0.00    0.00    0.00    0.00     4  postgres
07:33:03 PM 100998    585801    0.00    1.00    0.00    0.00    1.00     4  postgres
07:33:03 PM 100998    585802    0.00    1.00    0.00    0.00    1.00     6  postgres
07:33:03 PM 100998    585803    0.00    1.00    0.00    0.00    1.00     4  postgres
07:33:03 PM 100998    585804    1.00    1.00    0.00    0.00    2.00     4  postgres
07:33:03 PM 100998    585805    0.00    0.00    0.00    0.00    0.00     5  postgres
07:33:03 PM 100998    585807    1.00    1.00    0.00    0.00    2.00     5  postgres
07:33:03 PM 100998    585808    1.00    0.00    0.00    0.00    1.00     4  postgres
07:33:03 PM 100998    585811    0.00    0.00    0.00    0.00    0.00     4  postgres
07:33:03 PM 100998    585813    0.00    1.00    0.00    0.00    1.00     4  postgres
07:33:03 PM 100998    585815    0.00    0.00    0.00    0.00    0.00     6  postgres
07:33:03 PM 100998    585817    0.00    1.00    0.00    0.00    1.00     4  postgres
07:33:03 PM 100998    585832    1.00    1.00    0.00    0.00    2.00     5  postgres
07:33:03 PM 100998    585854    1.00    1.00    0.00    0.00    2.00     6  postgres
07:33:03 PM 100998    585868    0.00    0.00    0.00    0.00    0.00     4  postgres

07:33:03 PM   UID       PID    %usr %system  %guest   %wait    %CPU   CPU  Command
07:33:04 PM 100998    584842    0.00    0.00    0.00    0.00    0.00     6  postgres
07:33:04 PM 100998    584843    0.00    0.00    0.00    0.00    0.00     5  postgres
07:33:04 PM 100998    584845    0.00    0.00    0.00    0.00    0.00     4  postgres
07:33:04 PM 100998    584846    0.00    0.00    0.00    0.00    0.00     5  postgres
07:33:04 PM 100998    585785    1.00    1.00    0.00    0.00    2.00     6  postgres
07:33:04 PM 100998    585794    1.00    0.00    0.00    0.00    1.00     6  postgres
07:33:04 PM 100998    585796    1.00    1.00    0.00    0.00    2.00     4  postgres
07:33:04 PM 100998    585797    0.00    1.00    0.00    0.00    1.00     4  postgres
07:33:04 PM 100998    585799    1.00    1.00    0.00    0.00    2.00     4  postgres
07:33:04 PM 100998    585800    1.00    1.00    0.00    0.00    2.00     6  postgres
07:33:04 PM 100998    585801    1.00    0.00    0.00    0.00    1.00     4  postgres
07:33:04 PM 100998    585802    1.00    0.00    0.00    0.00    1.00     4  postgres
07:33:04 PM 100998    585803    0.00    1.00    0.00    0.00    1.00     6  postgres
07:33:04 PM 100998    585804    0.00    0.00    0.00    0.00    0.00     4  postgres
07:33:04 PM 100998    585805    1.00    0.00    0.00    0.00    1.00     5  postgres
07:33:04 PM 100998    585807    0.00    0.00    0.00    0.00    0.00     5  postgres
07:33:04 PM 100998    585808    0.00    1.00    0.00    0.00    1.00     6  postgres
07:33:04 PM 100998    585811    0.00    0.00    0.00    0.00    0.00     4  postgres
07:33:04 PM 100998    585813    1.00    0.00    0.00    0.00    1.00     6  postgres
07:33:04 PM 100998    585815    0.00    1.00    0.00    0.00    1.00     6  postgres
07:33:04 PM 100998    585817    0.00    0.00    0.00    0.00    0.00     4  postgres
07:33:04 PM 100998    585832    1.00    0.00    0.00    0.00    1.00     4  postgres
07:33:04 PM 100998    585854    0.00    0.00    0.00    0.00    0.00     4  postgres
07:33:04 PM 100998    585868    1.00    0.00    0.00    0.00    1.00     4  postgres

07:33:04 PM   UID       PID    %usr %system  %guest   %wait    %CPU   CPU  Command
07:33:05 PM 100998    584842    0.00    0.00    0.00    0.00    0.00     6  postgres
07:33:05 PM 100998    584843    0.00    0.00    0.00    0.00    0.00     5  postgres
07:33:05 PM 100998    584845    0.00    0.00    0.00    0.00    0.00     4  postgres
07:33:05 PM 100998    584846    0.00    0.00    0.00    0.00    0.00     5  postgres
07:33:05 PM 100998    585785    1.00    0.00    0.00    0.00    1.00     6  postgres
07:33:05 PM 100998    585794    1.00    1.00    0.00    0.00    2.00     6  postgres
07:33:05 PM 100998    585796    0.00    1.00    0.00    0.00    1.00     6  postgres
07:33:05 PM 100998    585797    0.00    0.00    0.00    0.00    0.00     4  postgres
07:33:05 PM 100998    585799    1.00    1.00    0.00    0.00    2.00     4  postgres
07:33:05 PM 100998    585800    0.00    0.00    0.00    0.00    0.00     4  postgres
07:33:05 PM 100998    585801    1.00    1.00    0.00    0.00    2.00     4  postgres
07:33:05 PM 100998    585802    1.00    1.00    0.00    0.00    2.00     4  postgres
07:33:05 PM 100998    585803    1.00    0.00    0.00    0.00    1.00     6  postgres
07:33:05 PM 100998    585804    0.00    0.00    0.00    0.00    0.00     6  postgres
07:33:05 PM 100998    585805    1.00    1.00    0.00    0.00    2.00     5  postgres
07:33:05 PM 100998    585807    1.00    1.00    0.00    0.00    2.00     5  postgres
07:33:05 PM 100998    585808    0.00    1.00    0.00    0.00    1.00     4  postgres
07:33:05 PM 100998    585811    1.00    2.00    0.00    0.00    3.00     6  postgres
07:33:05 PM 100998    585813    1.00    1.00    0.00    0.00    2.00     6  postgres
07:33:05 PM 100998    585815    1.00    1.00    0.00    0.00    2.00     6  postgres
07:33:05 PM 100998    585817    1.00    1.00    0.00    0.00    2.00     6  postgres
07:33:05 PM 100998    585832    1.00    1.00    0.00    0.00    2.00     4  postgres
07:33:05 PM 100998    585854    1.00    1.00    0.00    0.00    2.00     6  postgres
07:33:05 PM 100998    585868    1.00    2.00    0.00    0.00    3.00     4  postgres

07:33:05 PM   UID       PID    %usr %system  %guest   %wait    %CPU   CPU  Command
07:33:06 PM 100998    584842    0.00    0.00    0.00    0.00    0.00     6  postgres
07:33:06 PM 100998    584843    0.00    0.00    0.00    0.00    0.00     5  postgres
07:33:06 PM 100998    584845    0.00    0.00    0.00    0.00    0.00     4  postgres
07:33:06 PM 100998    584846    0.00    0.00    0.00    0.00    0.00     5  postgres
07:33:06 PM 100998    585785    0.00    1.00    0.00    0.00    1.00     4  postgres
07:33:06 PM 100998    585794    0.00    0.00    0.00    0.00    0.00     4  postgres
07:33:06 PM 100998    585796    1.00    0.00    0.00    0.00    1.00     4  postgres
07:33:06 PM 100998    585797    1.00    1.00    0.00    0.00    2.00     6  postgres
07:33:06 PM 100998    585799    0.00    1.00    0.00    0.00    1.00     6  postgres
07:33:06 PM 100998    585800    1.00    1.00    0.00    0.00    2.00     6  postgres
07:33:06 PM 100998    585801    0.00    0.00    0.00    0.00    0.00     4  postgres
07:33:06 PM 100998    585802    0.00    0.00    0.00    0.00    0.00     4  postgres
07:33:06 PM 100998    585803    1.00    1.00    0.00    0.00    2.00     4  postgres
07:33:06 PM 100998    585804    0.00    1.00    0.00    0.00    1.00     6  postgres
07:33:06 PM 100998    585805    0.00    0.00    0.00    0.00    0.00     5  postgres
07:33:06 PM 100998    585807    1.00    1.00    0.00    0.00    2.00     5  postgres
07:33:06 PM 100998    585808    0.00    1.00    0.00    0.00    1.00     6  postgres
07:33:06 PM 100998    585811    0.00    0.00    0.00    0.00    0.00     4  postgres
07:33:06 PM 100998    585813    0.00    0.00    0.00    0.00    0.00     4  postgres
07:33:06 PM 100998    585815    1.00    0.00    0.00    0.00    1.00     4  postgres
07:33:06 PM 100998    585817    1.00    0.00    0.00    0.00    1.00     4  postgres
07:33:06 PM 100998    585832    0.00    0.00    0.00    0.00    0.00     4  postgres
07:33:06 PM 100998    585854    0.00    0.00    0.00    0.00    0.00     6  postgres
07:33:06 PM 100998    585868    0.00    0.00    0.00    0.00    0.00     6  postgres

07:33:06 PM   UID       PID    %usr %system  %guest   %wait    %CPU   CPU  Command
07:33:07 PM 100998    584842    0.00    0.00    0.00    0.00    0.00     6  postgres
07:33:07 PM 100998    584843    0.00    0.00    0.00    0.00    0.00     5  postgres
07:33:07 PM 100998    584845    0.00    0.00    0.00    0.00    0.00     4  postgres
07:33:07 PM 100998    584846    0.00    0.00    0.00    0.00    0.00     5  postgres
07:33:07 PM 100998    585785    1.00    0.00    0.00    0.00    1.00     4  postgres
07:33:07 PM 100998    585794    1.00    1.00    0.00    0.00    2.00     4  postgres
07:33:07 PM 100998    585796    1.00    1.00    0.00    0.00    2.00     4  postgres
07:33:07 PM 100998    585797    1.00    1.00    0.00    0.00    2.00     4  postgres
07:33:07 PM 100998    585799    1.00    1.00    0.00    0.00    2.00     4  postgres
07:33:07 PM 100998    585800    1.00    0.00    0.00    0.00    1.00     4  postgres
07:33:07 PM 100998    585801    0.00    1.00    0.00    0.00    1.00     4  postgres
07:33:07 PM 100998    585802    1.00    2.00    0.00    0.00    3.00     6  postgres
07:33:07 PM 100998    585803    0.00    0.00    0.00    0.00    0.00     6  postgres
07:33:07 PM 100998    585804    1.00    0.00    0.00    0.00    1.00     6  postgres
07:33:07 PM 100998    585805    1.00    1.00    0.00    0.00    2.00     5  postgres
07:33:07 PM 100998    585807    1.00    0.00    0.00    0.00    1.00     5  postgres
07:33:07 PM 100998    585808    1.00    1.00    0.00    0.00    2.00     6  postgres
07:33:07 PM 100998    585811    1.00    0.00    0.00    0.00    1.00     6  postgres
07:33:07 PM 100998    585813    0.00    1.00    0.00    0.00    1.00     4  postgres
07:33:07 PM 100998    585815    0.00    1.00    0.00    0.00    1.00     4  postgres
07:33:07 PM 100998    585817    1.00    1.00    0.00    0.00    2.00     4  postgres
07:33:07 PM 100998    585832    0.00    1.00    0.00    0.00    1.00     4  postgres
07:33:07 PM 100998    585854    1.00    0.00    0.00    0.00    1.00     6  postgres
07:33:07 PM 100998    585868    1.00    1.00    0.00    0.00    2.00     4  postgres

07:33:07 PM   UID       PID    %usr %system  %guest   %wait    %CPU   CPU  Command
07:33:08 PM 100998    584842    0.00    0.00    0.00    0.00    0.00     6  postgres
07:33:08 PM 100998    584843    0.00    0.00    0.00    0.00    0.00     5  postgres
07:33:08 PM 100998    584845    0.00    0.00    0.00    0.00    0.00     4  postgres
07:33:08 PM 100998    584846    0.00    0.00    0.00    0.00    0.00     5  postgres
07:33:08 PM 100998    585785    1.00    1.00    0.00    0.00    2.00     6  postgres
07:33:08 PM 100998    585794    0.00    0.00    0.00    0.00    0.00     4  postgres
07:33:08 PM 100998    585796    0.00    1.00    0.00    0.00    1.00     4  postgres
07:33:08 PM 100998    585797    0.00    0.00    0.00    0.00    0.00     4  postgres
07:33:08 PM 100998    585799    1.00    0.00    0.00    0.00    1.00     6  postgres
07:33:08 PM 100998    585800    0.00    1.00    0.00    0.00    1.00     6  postgres
07:33:08 PM 100998    585801    1.00    0.00    0.00    0.00    1.00     4  postgres
07:33:08 PM 100998    585802    0.00    0.00    0.00    0.00    0.00     4  postgres
07:33:08 PM 100998    585803    1.00    0.00    0.00    0.00    1.00     5  postgres
07:33:08 PM 100998    585804    1.00    1.00    0.00    0.00    2.00     4  postgres
07:33:08 PM 100998    585805    1.00    0.00    0.00    0.00    1.00     5  postgres
07:33:08 PM 100998    585807    1.00    1.00    0.00    0.00    2.00     6  postgres
07:33:08 PM 100998    585808    1.00    0.00    0.00    0.00    1.00     6  postgres
07:33:08 PM 100998    585811    0.00    1.00    0.00    0.00    1.00     4  postgres
07:33:08 PM 100998    585813    1.00    0.00    0.00    0.00    1.00     6  postgres
07:33:08 PM 100998    585815    0.00    0.00    0.00    0.00    0.00     4  postgres
07:33:08 PM 100998    585817    0.00    0.00    0.00    0.00    0.00     4  postgres
07:33:08 PM 100998    585832    1.00    0.00    0.00    0.00    1.00     6  postgres
07:33:08 PM 100998    585854    0.00    0.00    0.00    0.00    0.00     4  postgres
07:33:08 PM 100998    585868    0.00    0.00    0.00    0.00    0.00     4  postgres

07:33:08 PM   UID       PID    %usr %system  %guest   %wait    %CPU   CPU  Command
07:33:09 PM 100998    584842    0.00    0.00    0.00    0.00    0.00     6  postgres
07:33:09 PM 100998    584843    0.00    0.00    0.00    0.00    0.00     5  postgres
07:33:09 PM 100998    584845    0.00    0.00    0.00    0.00    0.00     4  postgres
07:33:09 PM 100998    584846    0.00    0.00    0.00    0.00    0.00     5  postgres
07:33:09 PM 100998    585785    1.00    1.00    0.00    0.00    2.00     4  postgres
07:33:09 PM 100998    585794    1.00    1.00    0.00    0.00    2.00     6  postgres
07:33:09 PM 100998    585796    1.00    0.00    0.00    0.00    1.00     4  postgres
07:33:09 PM 100998    585797    1.00    1.00    0.00    0.00    2.00     4  postgres
07:33:09 PM 100998    585799    0.00    1.00    0.00    0.00    1.00     6  postgres
07:33:09 PM 100998    585800    0.00    1.00    0.00    0.00    1.00     6  postgres
07:33:09 PM 100998    585801    1.00    0.00    0.00    0.00    1.00     4  postgres
07:33:09 PM 100998    585802    0.00    1.00    0.00    0.00    1.00     6  postgres
07:33:09 PM 100998    585803    1.00    1.00    0.00    0.00    2.00     5  postgres
07:33:09 PM 100998    585804    0.00    1.00    0.00    0.00    1.00     4  postgres
07:33:09 PM 100998    585805    1.00    1.00    0.00    0.00    2.00     5  postgres
07:33:09 PM 100998    585807    0.00    0.00    0.00    0.00    0.00     6  postgres
07:33:09 PM 100998    585808    1.00    1.00    0.00    0.00    2.00     4  postgres
07:33:09 PM 100998    585811    1.00    0.00    0.00    0.00    1.00     4  postgres
07:33:09 PM 100998    585813    1.00    1.00    0.00    0.00    2.00     6  postgres
07:33:09 PM 100998    585815    0.00    1.00    0.00    0.00    1.00     6  postgres
07:33:09 PM 100998    585817    1.00    1.00    0.00    0.00    2.00     4  postgres
07:33:09 PM 100998    585832    1.00    0.00    0.00    0.00    1.00     4  postgres
07:33:09 PM 100998    585854    1.00    1.00    0.00    0.00    2.00     4  postgres
07:33:09 PM 100998    585868    0.00    1.00    0.00    0.00    1.00     6  postgres

07:33:09 PM   UID       PID    %usr %system  %guest   %wait    %CPU   CPU  Command
07:33:10 PM 100998    584842    0.00    0.00    0.00    0.00    0.00     6  postgres
07:33:10 PM 100998    584843    0.00    0.00    0.00    0.00    0.00     5  postgres
07:33:10 PM 100998    584845    0.00    0.00    0.00    0.00    0.00     4  postgres
07:33:10 PM 100998    584846    0.00    0.00    0.00    0.00    0.00     5  postgres
07:33:10 PM 100998    585785    1.00    1.00    0.00    0.00    2.00     4  postgres
07:33:10 PM 100998    585794    0.00    1.00    0.00    0.00    1.00     6  postgres
07:33:10 PM 100998    585796    0.00    1.00    0.00    0.00    1.00     6  postgres
07:33:10 PM 100998    585797    1.00    1.00    0.00    1.00    2.00     6  postgres
07:33:10 PM 100998    585799    1.00    0.00    0.00    0.00    1.00     4  postgres
07:33:10 PM 100998    585800    1.00    0.00    0.00    0.00    1.00     4  postgres
07:33:10 PM 100998    585801    0.00    1.00    0.00    0.00    1.00     6  postgres
07:33:10 PM 100998    585802    1.00    0.00    0.00    0.00    1.00     4  postgres
07:33:10 PM 100998    585803    1.00    1.00    0.00    0.00    2.00     5  postgres
07:33:10 PM 100998    585804    0.00    0.00    0.00    0.00    0.00     6  postgres
07:33:10 PM 100998    585805    0.00    0.00    0.00    0.00    0.00     5  postgres
07:33:10 PM 100998    585807    1.00    1.00    0.00    0.00    2.00     5  postgres
07:33:10 PM 100998    585808    0.00    0.00    0.00    0.00    0.00     6  postgres
07:33:10 PM 100998    585811    1.00    1.00    0.00    0.00    2.00     4  postgres
07:33:10 PM 100998    585813    0.00    1.00    0.00    0.00    1.00     6  postgres
07:33:10 PM 100998    585815    1.00    0.00    0.00    0.00    1.00     4  postgres
07:33:10 PM 100998    585817    0.00    0.00    0.00    0.00    0.00     6  postgres
07:33:10 PM 100998    585832    0.00    1.00    0.00    0.00    1.00     6  postgres
07:33:10 PM 100998    585854    0.00    1.00    0.00    0.00    1.00     6  postgres
07:33:10 PM 100998    585868    1.00    1.00    0.00    0.00    2.00     4  postgres

07:33:10 PM   UID       PID    %usr %system  %guest   %wait    %CPU   CPU  Command
07:33:11 PM 100998    584842    0.00    0.00    0.00    0.00    0.00     6  postgres
07:33:11 PM 100998    584843    0.00    0.00    0.00    0.00    0.00     5  postgres
07:33:11 PM 100998    584845    0.00    0.00    0.00    0.00    0.00     4  postgres
07:33:11 PM 100998    584846    0.00    0.00    0.00    0.00    0.00     5  postgres
07:33:11 PM 100998    585785    0.00    0.00    0.00    0.00    0.00     4  postgres
07:33:11 PM 100998    585794    1.00    0.00    0.00    0.00    1.00     6  postgres
07:33:11 PM 100998    585796    1.00    1.00    0.00    0.00    2.00     6  postgres
07:33:11 PM 100998    585797    0.00    0.00    0.00    0.00    0.00     4  postgres
07:33:11 PM 100998    585799    1.00    1.00    0.00    0.00    2.00     5  postgres
07:33:11 PM 100998    585800    1.00    1.00    0.00    0.00    2.00     4  postgres
07:33:11 PM 100998    585801    1.00    0.00    0.00    0.00    1.00     4  postgres
07:33:11 PM 100998    585802    1.00    1.00    0.00    0.00    2.00     6  postgres
07:33:11 PM 100998    585803    0.00    1.00    0.00    0.00    1.00     5  postgres
07:33:11 PM 100998    585804    1.00    1.00    0.00    0.00    2.00     4  postgres
07:33:11 PM 100998    585805    1.00    1.00    0.00    0.00    2.00     5  postgres
07:33:11 PM 100998    585807    0.00    0.00    0.00    0.00    0.00     5  postgres
07:33:11 PM 100998    585808    1.00    1.00    0.00    0.00    2.00     4  postgres
07:33:11 PM 100998    585811    0.00    0.00    0.00    0.00    0.00     4  postgres
07:33:11 PM 100998    585813    0.00    0.00    0.00    0.00    0.00     4  postgres
07:33:11 PM 100998    585815    0.00    1.00    0.00    0.00    1.00     6  postgres
07:33:11 PM 100998    585817    1.00    1.00    0.00    0.00    2.00     6  postgres
07:33:11 PM 100998    585832    1.00    1.00    0.00    0.00    2.00     4  postgres
07:33:11 PM 100998    585854    1.00    0.00    0.00    0.00    1.00     4  postgres
07:33:11 PM 100998    585868    1.00    0.00    0.00    0.00    1.00     4  postgres

07:33:11 PM   UID       PID    %usr %system  %guest   %wait    %CPU   CPU  Command
07:33:12 PM 100998    584842    0.00    0.00    0.00    0.00    0.00     6  postgres
07:33:12 PM 100998    584843    0.00    0.00    0.00    0.00    0.00     4  postgres
07:33:12 PM 100998    584845    0.00    0.00    0.00    0.00    0.00     4  postgres
07:33:12 PM 100998    584846    0.00    0.00    0.00    0.00    0.00     5  postgres
07:33:12 PM 100998    585785    1.00    1.00    0.00    0.00    2.00     6  postgres
07:33:12 PM 100998    585794    1.00    1.00    0.00    0.00    2.00     6  postgres
07:33:12 PM 100998    585796    1.00    0.00    0.00    0.00    1.00     6  postgres
07:33:12 PM 100998    585797    1.00    1.00    0.00    0.00    2.00     4  postgres
07:33:12 PM 100998    585799    0.00    0.00    0.00    0.00    0.00     5  postgres
07:33:12 PM 100998    585800    0.00    0.00    0.00    0.00    0.00     6  postgres
07:33:12 PM 100998    585801    1.00    1.00    0.00    0.00    2.00     4  postgres
07:33:12 PM 100998    585802    0.00    1.00    0.00    0.00    1.00     6  postgres
07:33:12 PM 100998    585803    1.00    0.00    0.00    0.00    1.00     5  postgres
07:33:12 PM 100998    585804    1.00    0.00    0.00    0.00    1.00     6  postgres
07:33:12 PM 100998    585805    1.00    1.00    0.00    1.00    2.00     5  postgres
07:33:12 PM 100998    585807    1.00    1.00    0.00    0.00    2.00     5  postgres
07:33:12 PM 100998    585808    1.00    0.00    0.00    0.00    1.00     6  postgres
07:33:12 PM 100998    585811    0.00    2.00    0.00    0.00    2.00     4  postgres
07:33:12 PM 100998    585813    1.00    1.00    0.00    0.00    2.00     6  postgres
07:33:12 PM 100998    585815    1.00    1.00    0.00    0.00    2.00     6  postgres
07:33:12 PM 100998    585817    1.00    1.00    0.00    0.00    2.00     4  postgres
07:33:12 PM 100998    585832    0.00    0.00    0.00    0.00    0.00     4  postgres
07:33:12 PM 100998    585854    1.00    1.00    0.00    0.00    2.00     6  postgres
07:33:12 PM 100998    585868    0.00    1.00    0.00    0.00    1.00     6  postgres

07:33:12 PM   UID       PID    %usr %system  %guest   %wait    %CPU   CPU  Command
07:33:13 PM 100998    584842    0.00    0.00    0.00    0.00    0.00     6  postgres
07:33:13 PM 100998    584843    0.00    0.00    0.00    0.00    0.00     4  postgres
07:33:13 PM 100998    584845    0.00    0.00    0.00    0.00    0.00     4  postgres
07:33:13 PM 100998    584846    0.00    0.00    0.00    0.00    0.00     5  postgres
07:33:13 PM 100998    585785    1.00    1.00    0.00    0.00    2.00     6  postgres
07:33:13 PM 100998    585794    0.00    0.00    0.00    0.00    0.00     4  postgres
07:33:13 PM 100998    585796    1.00    1.00    0.00    0.00    2.00     4  postgres
07:33:13 PM 100998    585797    0.00    0.00    0.00    0.00    0.00     6  postgres
07:33:13 PM 100998    585799    1.00    1.00    0.00    0.00    2.00     5  postgres
07:33:13 PM 100998    585800    1.00    1.00    0.00    0.00    2.00     6  postgres
07:33:13 PM 100998    585801    0.00    0.00    0.00    0.00    0.00     4  postgres
07:33:13 PM 100998    585802    0.00    0.00    0.00    0.00    0.00     4  postgres
07:33:13 PM 100998    585803    0.00    1.00    0.00    0.00    1.00     5  postgres
07:33:13 PM 100998    585804    0.00    1.00    0.00    0.00    1.00     4  postgres
07:33:13 PM 100998    585805    0.00    0.00    0.00    0.00    0.00     4  postgres
07:33:13 PM 100998    585807    1.00    1.00    0.00    0.00    2.00     5  postgres
07:33:13 PM 100998    585808    0.00    1.00    0.00    0.00    1.00     6  postgres
07:33:13 PM 100998    585811    1.00    0.00    0.00    0.00    1.00     6  postgres
07:33:13 PM 100998    585813    1.00    0.00    0.00    0.00    1.00     4  postgres
07:33:13 PM 100998    585815    1.00    1.00    0.00    0.00    2.00     4  postgres
07:33:13 PM 100998    585817    0.00    0.00    0.00    0.00    0.00     4  postgres
07:33:13 PM 100998    585832    1.00    1.00    0.00    0.00    2.00     6  postgres
07:33:13 PM 100998    585854    0.00    0.00    0.00    0.00    0.00     6  postgres
07:33:13 PM 100998    585868    0.00    1.00    0.00    0.00    1.00     6  postgres

07:33:13 PM   UID       PID    %usr %system  %guest   %wait    %CPU   CPU  Command
07:33:14 PM 100998    584842    0.00    0.00    0.00    0.00    0.00     6  postgres
07:33:14 PM 100998    584843    0.00    0.00    0.00    0.00    0.00     4  postgres
07:33:14 PM 100998    584845    0.00    0.00    0.00    0.00    0.00     4  postgres
07:33:14 PM 100998    584846    0.00    0.00    0.00    0.00    0.00     5  postgres
07:33:14 PM 100998    585785    0.00    0.00    0.00    0.00    0.00     6  postgres
07:33:14 PM 100998    585794    1.00    1.00    0.00    0.00    2.00     6  postgres
07:33:14 PM 100998    585796    0.00    1.00    0.00    0.00    1.00     6  postgres
07:33:14 PM 100998    585797    1.00    1.00    0.00    0.00    2.00     4  postgres
07:33:14 PM 100998    585799    1.00    1.00    0.00    0.00    2.00     5  postgres
07:33:14 PM 100998    585800    0.00    0.00    0.00    0.00    0.00     4  postgres
07:33:14 PM 100998    585801    0.00    1.00    0.00    0.00    1.00     4  postgres
07:33:14 PM 100998    585802    1.00    0.00    0.00    0.00    1.00     4  postgres
07:33:14 PM 100998    585803    2.00    1.00    0.00    0.00    3.00     5  postgres
07:33:14 PM 100998    585804    1.00    0.00    0.00    0.00    1.00     6  postgres
07:33:14 PM 100998    585805    1.00    1.00    0.00    0.00    2.00     4  postgres
07:33:14 PM 100998    585807    0.00    0.00    0.00    0.00    0.00     5  postgres
07:33:14 PM 100998    585808    0.00    0.00    0.00    0.00    0.00     6  postgres
07:33:14 PM 100998    585811    0.00    1.00    0.00    0.00    1.00     4  postgres
07:33:14 PM 100998    585813    0.00    0.00    0.00    0.00    0.00     4  postgres
07:33:14 PM 100998    585815    0.00    0.00    0.00    0.00    0.00     4  postgres
07:33:14 PM 100998    585817    0.00    1.00    0.00    0.00    1.00     5  postgres
07:33:14 PM 100998    585832    0.00    1.00    0.00    0.00    1.00     6  postgres
07:33:14 PM 100998    585854    1.00    1.00    0.00    0.00    2.00     6  postgres
07:33:14 PM 100998    585868    0.00    0.00    0.00    0.00    0.00     6  postgres

07:33:14 PM   UID       PID    %usr %system  %guest   %wait    %CPU   CPU  Command
07:33:15 PM 100998    584842    0.00    0.00    0.00    0.00    0.00     6  postgres
07:33:15 PM 100998    584843    0.00    0.00    0.00    0.00    0.00     4  postgres
07:33:15 PM 100998    584845    0.00    0.00    0.00    0.00    0.00     4  postgres
07:33:15 PM 100998    584846    0.00    0.00    0.00    0.00    0.00     5  postgres
07:33:15 PM 100998    585785    1.00    1.00    0.00    0.00    2.00     6  postgres
07:33:15 PM 100998    585794    0.00    0.00    0.00    0.00    0.00     4  postgres
07:33:15 PM 100998    585796    1.00    1.00    0.00    0.00    2.00     6  postgres
07:33:15 PM 100998    585797    0.00    1.00    0.00    0.00    1.00     4  postgres
07:33:15 PM 100998    585799    1.00    1.00    0.00    0.00    2.00     5  postgres
07:33:15 PM 100998    585800    1.00    0.00    0.00    0.00    1.00     4  postgres
07:33:15 PM 100998    585801    1.00    0.00    0.00    0.00    1.00     4  postgres
07:33:15 PM 100998    585802    0.00    1.00    0.00    0.00    1.00     4  postgres
07:33:15 PM 100998    585803    0.00    0.00    0.00    0.00    0.00     5  postgres
07:33:15 PM 100998    585804    1.00    1.00    0.00    0.00    2.00     6  postgres
07:33:15 PM 100998    585805    0.00    1.00    0.00    0.00    1.00     6  postgres
07:33:15 PM 100998    585807    1.00    0.00    0.00    0.00    1.00     5  postgres
07:33:15 PM 100998    585808    1.00    1.00    0.00    0.00    2.00     6  postgres
07:33:15 PM 100998    585811    1.00    0.00    0.00    0.00    1.00     6  postgres
07:33:15 PM 100998    585813    1.00    1.00    0.00    0.00    2.00     4  postgres
07:33:15 PM 100998    585815    1.00    1.00    0.00    0.00    2.00     4  postgres
07:33:15 PM 100998    585817    1.00    0.00    0.00    0.00    1.00     5  postgres
07:33:15 PM 100998    585832    1.00    0.00    0.00    0.00    1.00     6  postgres
07:33:15 PM 100998    585854    0.00    0.00    0.00    0.00    0.00     6  postgres
07:33:15 PM 100998    585868    1.00    0.00    0.00    0.00    1.00     6  postgres

07:33:15 PM   UID       PID    %usr %system  %guest   %wait    %CPU   CPU  Command
07:33:16 PM 100998    584842    0.00    0.00    0.00    0.00    0.00     6  postgres
07:33:16 PM 100998    584843    0.00    0.00    0.00    0.00    0.00     6  postgres
07:33:16 PM 100998    584845    0.00    0.00    0.00    0.00    0.00     4  postgres
07:33:16 PM 100998    584846    0.00    0.00    0.00    0.00    0.00     5  postgres
07:33:16 PM 100998    585785    1.00    0.00    0.00    0.00    1.00     6  postgres
07:33:16 PM 100998    585794    1.00    1.00    0.00    0.00    2.00     6  postgres
07:33:16 PM 100998    585796    1.00    0.00    0.00    0.00    1.00     6  postgres
07:33:16 PM 100998    585797    1.00    1.00    0.00    0.00    2.00     6  postgres
07:33:16 PM 100998    585799    0.00    0.00    0.00    0.00    0.00     5  postgres
07:33:16 PM 100998    585800    1.00    1.00    0.00    0.00    2.00     6  postgres
07:33:16 PM 100998    585801    0.00    1.00    0.00    0.00    1.00     6  postgres
07:33:16 PM 100998    585802    1.00    1.00    0.00    0.00    2.00     4  postgres
07:33:16 PM 100998    585803    1.00    1.00    0.00    1.00    2.00     5  postgres
07:33:16 PM 100998    585804    0.00    0.00    0.00    0.00    0.00     4  postgres
07:33:16 PM 100998    585805    1.00    0.00    0.00    0.00    1.00     6  postgres
07:33:16 PM 100998    585807    1.00    1.00    0.00    0.00    2.00     5  postgres
07:33:16 PM 100998    585808    0.00    0.00    0.00    0.00    0.00     6  postgres
07:33:16 PM 100998    585811    0.00    1.00    0.00    0.00    1.00     4  postgres
07:33:16 PM 100998    585813    0.00    0.00    0.00    0.00    0.00     6  postgres
07:33:16 PM 100998    585815    0.00    0.00    0.00    0.00    0.00     5  postgres
07:33:16 PM 100998    585817    1.00    1.00    0.00    0.00    2.00     5  postgres
07:33:16 PM 100998    585832    1.00    0.00    0.00    0.00    1.00     4  postgres
07:33:16 PM 100998    585854    1.00    1.00    0.00    0.00    2.00     6  postgres
07:33:16 PM 100998    585868    0.00    1.00    0.00    0.00    1.00     6  postgres

07:33:16 PM   UID       PID    %usr %system  %guest   %wait    %CPU   CPU  Command
07:33:17 PM 100998    584842    0.00    0.00    0.00    0.00    0.00     6  postgres
07:33:17 PM 100998    584843    0.00    0.00    0.00    0.00    0.00     6  postgres
07:33:17 PM 100998    584845    0.00    0.00    0.00    0.00    0.00     4  postgres
07:33:17 PM 100998    584846    0.00    0.00    0.00    0.00    0.00     5  postgres
07:33:17 PM 100998    585785    0.00    1.00    0.00    0.00    1.00     4  postgres
07:33:17 PM 100998    585794    1.00    0.00    0.00    0.00    1.00     6  postgres
07:33:17 PM 100998    585796    1.00    1.00    0.00    0.00    2.00     6  postgres
07:33:17 PM 100998    585797    1.00    0.00    0.00    0.00    1.00     4  postgres
07:33:17 PM 100998    585799    1.00    1.00    0.00    0.00    2.00     5  postgres
07:33:17 PM 100998    585800    0.00    0.00    0.00    0.00    0.00     6  postgres
07:33:17 PM 100998    585801    1.00    1.00    0.00    0.00    2.00     6  postgres
07:33:17 PM 100998    585802    1.00    0.00    0.00    0.00    1.00     4  postgres
07:33:17 PM 100998    585803    1.00    1.00    0.00    0.00    2.00     5  postgres
07:33:17 PM 100998    585804    1.00    1.00    0.00    0.00    2.00     6  postgres
07:33:17 PM 100998    585805    1.00    0.00    0.00    0.00    1.00     4  postgres
07:33:17 PM 100998    585807    0.00    0.00    0.00    0.00    0.00     5  postgres
07:33:17 PM 100998    585808    1.00    1.00    0.00    0.00    2.00     6  postgres
07:33:17 PM 100998    585811    0.00    0.00    0.00    0.00    0.00     6  postgres
07:33:17 PM 100998    585813    1.00    0.00    0.00    0.00    1.00     4  postgres
07:33:17 PM 100998    585815    1.00    0.00    0.00    0.00    1.00     5  postgres
07:33:17 PM 100998    585817    0.00    0.00    0.00    1.00    0.00     5  postgres
07:33:17 PM 100998    585832    0.00    1.00    0.00    0.00    1.00     6  postgres
07:33:17 PM 100998    585854    0.00    1.00    0.00    0.00    1.00     4  postgres
07:33:17 PM 100998    585868    1.00    0.00    0.00    0.00    1.00     4  postgres

07:33:17 PM   UID       PID    %usr %system  %guest   %wait    %CPU   CPU  Command
07:33:18 PM 100998    584842    0.00    0.00    0.00    0.00    0.00     6  postgres
07:33:18 PM 100998    584843    0.00    0.00    0.00    0.00    0.00     6  postgres
07:33:18 PM 100998    584845    0.00    0.00    0.00    0.00    0.00     4  postgres
07:33:18 PM 100998    584846    0.00    0.00    0.00    0.00    0.00     5  postgres
07:33:18 PM 100998    585785    1.00    0.00    0.00    0.00    1.00     4  postgres
07:33:18 PM 100998    585794    1.00    1.00    0.00    0.00    2.00     4  postgres
07:33:18 PM 100998    585796    1.00    0.00    0.00    0.00    1.00     6  postgres
07:33:18 PM 100998    585797    1.00    1.00    0.00    0.00    2.00     4  postgres
07:33:18 PM 100998    585799    1.00    1.00    0.00    0.00    2.00     5  postgres
07:33:18 PM 100998    585800    1.00    1.00    0.00    0.00    2.00     6  postgres
07:33:18 PM 100998    585801    0.00    0.00    0.00    0.00    0.00     6  postgres
07:33:18 PM 100998    585802    0.00    1.00    0.00    0.00    1.00     4  postgres
07:33:18 PM 100998    585803    0.00    0.00    0.00    0.00    0.00     5  postgres
07:33:18 PM 100998    585804    0.00    1.00    0.00    0.00    1.00     4  postgres
07:33:18 PM 100998    585805    1.00    1.00    0.00    0.00    2.00     6  postgres
07:33:18 PM 100998    585807    1.00    1.00    0.00    0.00    2.00     5  postgres
07:33:18 PM 100998    585808    0.00    0.00    0.00    0.00    0.00     6  postgres
07:33:18 PM 100998    585811    1.00    1.00    0.00    0.00    2.00     4  postgres
07:33:18 PM 100998    585813    0.00    1.00    0.00    0.00    1.00     6  postgres
07:33:18 PM 100998    585815    1.00    1.00    0.00    0.00    2.00     5  postgres
07:33:18 PM 100998    585817    1.00    0.00    0.00    0.00    1.00     5  postgres
07:33:18 PM 100998    585832    0.00    0.00    0.00    0.00    0.00     6  postgres
07:33:18 PM 100998    585854    1.00    0.00    0.00    0.00    1.00     6  postgres
07:33:18 PM 100998    585868    0.00    1.00    0.00    0.00    1.00     6  postgres

07:33:18 PM   UID       PID    %usr %system  %guest   %wait    %CPU   CPU  Command
07:33:19 PM 100998    584842    0.00    0.00    0.00    0.00    0.00     6  postgres
07:33:19 PM 100998    584843    0.00    0.00    0.00    0.00    0.00     6  postgres
07:33:19 PM 100998    584845    0.00    0.00    0.00    0.00    0.00     4  postgres
07:33:19 PM 100998    584846    0.00    0.00    0.00    0.00    0.00     5  postgres
07:33:19 PM 100998    585785    0.00    1.00    0.00    0.00    1.00     4  postgres
07:33:19 PM 100998    585794    0.00    1.00    0.00    0.00    1.00     4  postgres
07:33:19 PM 100998    585796    0.00    1.00    0.00    0.00    1.00     6  postgres
07:33:19 PM 100998    585797    0.00    1.00    0.00    0.00    1.00     6  postgres
07:33:19 PM 100998    585799    1.00    0.00    0.00    1.00    1.00     5  postgres
07:33:19 PM 100998    585800    1.00    0.00    0.00    0.00    1.00     4  postgres
07:33:19 PM 100998    585801    1.00    1.00    0.00    0.00    2.00     4  postgres
07:33:19 PM 100998    585802    1.00    0.00    0.00    1.00    1.00     6  postgres
07:33:19 PM 100998    585803    1.00    0.00    0.00    0.00    1.00     5  postgres
07:33:19 PM 100998    585804    1.00    0.00    0.00    0.00    1.00     6  postgres
07:33:19 PM 100998    585805    0.00    0.00    0.00    0.00    0.00     6  postgres
07:33:19 PM 100998    585807    1.00    1.00    0.00    0.00    2.00     5  postgres
07:33:19 PM 100998    585808    0.00    1.00    0.00    0.00    1.00     4  postgres
07:33:19 PM 100998    585811    0.00    0.00    0.00    0.00    0.00     4  postgres
07:33:19 PM 100998    585813    1.00    1.00    0.00    0.00    2.00     6  postgres
07:33:19 PM 100998    585815    0.00    1.00    0.00    0.00    1.00     5  postgres
07:33:19 PM 100998    585817    1.00    1.00    0.00    0.00    2.00     5  postgres
07:33:19 PM 100998    585832    1.00    0.00    0.00    0.00    1.00     6  postgres
07:33:19 PM 100998    585854    0.00    0.00    0.00    0.00    0.00     6  postgres
07:33:19 PM 100998    585868    0.00    0.00    0.00    0.00    0.00     4  postgres

07:33:19 PM   UID       PID    %usr %system  %guest   %wait    %CPU   CPU  Command
07:33:20 PM 100998    584842    0.00    0.00    0.00    0.00    0.00     6  postgres
07:33:20 PM 100998    584843    0.00    0.00    0.00    0.00    0.00     6  postgres
07:33:20 PM 100998    584845    0.00    0.00    0.00    0.00    0.00     6  postgres
07:33:20 PM 100998    584846    0.00    0.00    0.00    0.00    0.00     5  postgres
07:33:20 PM 100998    585785    0.00    1.00    0.00    0.00    1.00     6  postgres
07:33:20 PM 100998    585794    1.00    0.00    0.00    0.00    1.00     4  postgres
07:33:20 PM 100998    585796    1.00    1.00    0.00    0.00    2.00     6  postgres
07:33:20 PM 100998    585797    0.00    0.00    0.00    0.00    0.00     4  postgres
07:33:20 PM 100998    585799    0.00    1.00    0.00    0.00    1.00     5  postgres
07:33:20 PM 100998    585800    1.00    1.00    0.00    0.00    2.00     6  postgres
07:33:20 PM 100998    585801    0.00    1.00    0.00    0.00    1.00     4  postgres
07:33:20 PM 100998    585802    0.00    1.00    0.00    0.00    1.00     4  postgres
07:33:20 PM 100998    585803    1.00    0.00    0.00    0.00    1.00     6  postgres
07:33:20 PM 100998    585804    1.00    0.00    0.00    0.00    1.00     6  postgres
07:33:20 PM 100998    585805    1.00    1.00    0.00    0.00    2.00     4  postgres
07:33:20 PM 100998    585807    1.00    0.00    0.00    0.00    1.00     5  postgres
07:33:20 PM 100998    585808    1.00    0.00    0.00    0.00    1.00     6  postgres
07:33:20 PM 100998    585811    1.00    1.00    0.00    0.00    2.00     4  postgres
07:33:20 PM 100998    585813    0.00    1.00    0.00    0.00    1.00     6  postgres
07:33:20 PM 100998    585815    1.00    0.00    0.00    0.00    1.00     5  postgres
07:33:20 PM 100998    585817    0.00    0.00    0.00    0.00    0.00     5  postgres
07:33:20 PM 100998    585832    0.00    1.00    0.00    0.00    1.00     4  postgres
07:33:20 PM 100998    585854    1.00    0.00    0.00    0.00    1.00     5  postgres
07:33:20 PM 100998    585868    1.00    0.00    0.00    0.00    1.00     4  postgres

07:33:20 PM   UID       PID    %usr %system  %guest   %wait    %CPU   CPU  Command
07:33:21 PM 100998    584842    0.00    0.00    0.00    0.00    0.00     6  postgres
07:33:21 PM 100998    584843    0.00    0.00    0.00    0.00    0.00     4  postgres
07:33:21 PM 100998    584845    0.00    0.00    0.00    0.00    0.00     6  postgres
07:33:21 PM 100998    584846    0.00    0.00    0.00    0.00    0.00     5  postgres
07:33:21 PM 100998    585785    1.00    1.00    0.00    0.00    2.00     4  postgres
07:33:21 PM 100998    585794    1.00    1.00    0.00    0.00    2.00     6  postgres
07:33:21 PM 100998    585796    0.00    1.00    0.00    0.00    1.00     6  postgres
07:33:21 PM 100998    585797    1.00    1.00    0.00    0.00    2.00     4  postgres
07:33:21 PM 100998    585799    1.00    1.00    0.00    0.00    2.00     6  postgres
07:33:21 PM 100998    585800    0.00    0.00    0.00    0.00    0.00     6  postgres
07:33:21 PM 100998    585801    1.00    0.00    0.00    0.00    1.00     4  postgres
07:33:21 PM 100998    585802    1.00    0.00    0.00    0.00    1.00     4  postgres
07:33:21 PM 100998    585803    0.00    1.00    0.00    0.00    1.00     6  postgres
07:33:21 PM 100998    585804    0.00    1.00    0.00    0.00    1.00     4  postgres
07:33:21 PM 100998    585805    0.00    1.00    0.00    0.00    1.00     6  postgres
07:33:21 PM 100998    585807    1.00    1.00    0.00    0.00    2.00     5  postgres
07:33:21 PM 100998    585808    0.00    1.00    0.00    0.00    1.00     6  postgres
07:33:21 PM 100998    585811    0.00    0.00    0.00    0.00    0.00     6  postgres
07:33:21 PM 100998    585813    1.00    1.00    0.00    0.00    2.00     4  postgres
07:33:21 PM 100998    585815    1.00    1.00    0.00    1.00    2.00     6  postgres
07:33:21 PM 100998    585817    1.00    1.00    0.00    0.00    2.00     5  postgres
07:33:21 PM 100998    585832    1.00    0.00    0.00    0.00    1.00     4  postgres
07:33:21 PM 100998    585854    0.00    1.00    0.00    0.00    1.00     5  postgres
07:33:21 PM 100998    585868    0.00    1.00    0.00    0.00    1.00     6  postgres

07:33:21 PM   UID       PID    %usr %system  %guest   %wait    %CPU   CPU  Command
07:33:22 PM 100998    584842    0.00    0.00    0.00    0.00    0.00     6  postgres
07:33:22 PM 100998    584843    0.00    0.00    0.00    0.00    0.00     4  postgres
07:33:22 PM 100998    584845    0.00    0.00    0.00    0.00    0.00     6  postgres
07:33:22 PM 100998    584846    0.00    0.00    0.00    0.00    0.00     5  postgres
07:33:22 PM 100998    585785    1.00    0.00    0.00    0.00    1.00     6  postgres
07:33:22 PM 100998    585794    0.00    0.00    0.00    0.00    0.00     4  postgres
07:33:22 PM 100998    585796    1.00    0.00    0.00    0.00    1.00     6  postgres
07:33:22 PM 100998    585797    1.00    1.00    0.00    0.00    2.00     4  postgres
07:33:22 PM 100998    585799    1.00    0.00    0.00    0.00    1.00     6  postgres
07:33:22 PM 100998    585800    1.00    1.00    0.00    0.00    2.00     4  postgres
07:33:22 PM 100998    585801    0.00    1.00    0.00    0.00    1.00     4  postgres
07:33:22 PM 100998    585802    0.00    1.00    0.00    0.00    1.00     4  postgres
07:33:22 PM 100998    585803    1.00    0.00    0.00    0.00    1.00     6  postgres
07:33:22 PM 100998    585804    1.00    1.00    0.00    0.00    2.00     4  postgres
07:33:22 PM 100998    585805    0.00    1.00    0.00    0.00    1.00     6  postgres
07:33:22 PM 100998    585807    0.00    0.00    0.00    0.00    0.00     5  postgres
07:33:22 PM 100998    585808    0.00    0.00    0.00    0.00    0.00     4  postgres
07:33:22 PM 100998    585811    1.00    1.00    0.00    0.00    2.00     4  postgres
07:33:22 PM 100998    585813    1.00    0.00    0.00    0.00    1.00     4  postgres
07:33:22 PM 100998    585815    0.00    0.00    0.00    0.00    0.00     5  postgres
07:33:22 PM 100998    585817    1.00    0.00    0.00    0.00    1.00     5  postgres
07:33:22 PM 100998    585832    0.00    1.00    0.00    0.00    1.00     6  postgres
07:33:22 PM 100998    585854    1.00    0.00    0.00    0.00    1.00     5  postgres
07:33:22 PM 100998    585868    1.00    0.00    0.00    0.00    1.00     4  postgres

07:33:22 PM   UID       PID    %usr %system  %guest   %wait    %CPU   CPU  Command
07:33:23 PM 100998    584842    0.00    0.00    0.00    0.00    0.00     6  postgres
07:33:23 PM 100998    584843    0.00    0.00    0.00    0.00    0.00     4  postgres
07:33:23 PM 100998    584845    0.00    0.00    0.00    0.00    0.00     6  postgres
07:33:23 PM 100998    584846    0.00    0.00    0.00    0.00    0.00     5  postgres
07:33:23 PM 100998    585785    1.00    1.00    0.00    0.00    2.00     4  postgres
07:33:23 PM 100998    585794    1.00    1.00    0.00    1.00    2.00     6  postgres
07:33:23 PM 100998    585796    0.00    1.00    0.00    0.00    1.00     4  postgres
07:33:23 PM 100998    585797    0.00    1.00    0.00    0.00    1.00     4  postgres
07:33:23 PM 100998    585799    0.00    1.00    0.00    0.00    1.00     6  postgres
07:33:23 PM 100998    585800    0.00    1.00    0.00    0.00    1.00     6  postgres
07:33:23 PM 100998    585801    1.00    1.00    0.00    0.00    2.00     6  postgres
07:33:23 PM 100998    585802    1.00    0.00    0.00    0.00    1.00     6  postgres
07:33:23 PM 100998    585803    1.00    1.00    0.00    0.00    2.00     4  postgres
07:33:23 PM 100998    585804    0.00    0.00    0.00    0.00    0.00     6  postgres
07:33:23 PM 100998    585805    0.00    1.00    0.00    0.00    1.00     6  postgres
07:33:23 PM 100998    585807    1.00    1.00    0.00    1.00    2.00     6  postgres
07:33:23 PM 100998    585808    1.00    1.00    0.00    0.00    2.00     4  postgres
07:33:23 PM 100998    585811    0.00    0.00    0.00    0.00    0.00     4  postgres
07:33:23 PM 100998    585813    0.00    1.00    0.00    0.00    1.00     4  postgres
07:33:23 PM 100998    585815    1.00    0.00    0.00    0.00    1.00     4  postgres
07:33:23 PM 100998    585817    1.00    0.00    0.00    0.00    1.00     6  postgres
07:33:23 PM 100998    585832    1.00    0.00    0.00    0.00    1.00     4  postgres
07:33:23 PM 100998    585854    0.00    1.00    0.00    0.00    1.00     5  postgres
07:33:23 PM 100998    585868    1.00    0.00    0.00    0.00    1.00     4  postgres

07:33:23 PM   UID       PID    %usr %system  %guest   %wait    %CPU   CPU  Command
07:33:24 PM 100998    584842    0.00    0.00    0.00    0.00    0.00     6  postgres
07:33:24 PM 100998    584843    0.00    0.00    0.00    0.00    0.00     4  postgres
07:33:24 PM 100998    584845    0.00    0.00    0.00    0.00    0.00     6  postgres
07:33:24 PM 100998    584846    0.00    0.00    0.00    0.00    0.00     5  postgres
07:33:24 PM 100998    585785    1.00    0.00    0.00    0.00    1.00     6  postgres
07:33:24 PM 100998    585794    1.00    1.00    0.00    0.00    2.00     4  postgres
07:33:24 PM 100998    585796    1.00    1.00    0.00    0.00    2.00     6  postgres
07:33:24 PM 100998    585797    1.00    1.00    0.00    0.00    2.00     4  postgres
07:33:24 PM 100998    585799    1.00    0.00    0.00    0.00    1.00     4  postgres
07:33:24 PM 100998    585800    1.00    1.00    0.00    0.00    2.00     4  postgres
07:33:24 PM 100998    585801    0.00    0.00    0.00    0.00    0.00     4  postgres
07:33:24 PM 100998    585802    1.00    0.00    0.00    0.00    1.00     4  postgres
07:33:24 PM 100998    585803    0.00    1.00    0.00    0.00    1.00     6  postgres
07:33:24 PM 100998    585804    1.00    1.00    0.00    0.00    2.00     6  postgres
07:33:24 PM 100998    585805    1.00    0.00    0.00    0.00    1.00     6  postgres
07:33:24 PM 100998    585807    1.00    0.00    0.00    0.00    1.00     4  postgres
07:33:24 PM 100998    585808    0.00    0.00    0.00    0.00    0.00     6  postgres
07:33:24 PM 100998    585811    1.00    1.00    0.00    0.00    2.00     4  postgres
07:33:24 PM 100998    585813    0.00    1.00    0.00    0.00    1.00     4  postgres
07:33:24 PM 100998    585815    1.00    1.00    0.00    0.00    2.00     4  postgres
07:33:24 PM 100998    585817    1.00    0.00    0.00    0.00    1.00     5  postgres
07:33:24 PM 100998    585832    0.00    1.00    0.00    0.00    1.00     4  postgres
07:33:24 PM 100998    585854    1.00    0.00    0.00    0.00    1.00     5  postgres
07:33:24 PM 100998    585868    0.00    1.00    0.00    0.00    1.00     4  postgres

07:33:24 PM   UID       PID    %usr %system  %guest   %wait    %CPU   CPU  Command
07:33:25 PM 100998    584842    0.00    0.00    0.00    0.00    0.00     6  postgres
07:33:25 PM 100998    584843    0.00    0.00    0.00    0.00    0.00     6  postgres
07:33:25 PM 100998    584845    0.00    0.00    0.00    0.00    0.00     6  postgres
07:33:25 PM 100998    584846    0.00    0.00    0.00    0.00    0.00     5  postgres
07:33:25 PM 100998    585785    0.00    1.00    0.00    0.00    1.00     6  postgres
07:33:25 PM 100998    585794    0.00    0.00    0.00    0.00    0.00     4  postgres
07:33:25 PM 100998    585796    0.00    0.00    0.00    0.00    0.00     4  postgres
07:33:25 PM 100998    585797    0.00    0.00    0.00    0.00    0.00     6  postgres
07:33:25 PM 100998    585799    0.00    1.00    0.00    0.00    1.00     4  postgres
07:33:25 PM 100998    585800    0.00    0.00    0.00    0.00    0.00     6  postgres
07:33:25 PM 100998    585801    1.00    0.00    0.00    0.00    1.00     6  postgres
07:33:25 PM 100998    585802    1.00    1.00    0.00    0.00    2.00     6  postgres
07:33:25 PM 100998    585803    1.00    0.00    0.00    0.00    1.00     6  postgres
07:33:25 PM 100998    585804    0.00    1.00    0.00    0.00    1.00     4  postgres
07:33:25 PM 100998    585805    0.00    0.00    0.00    0.00    0.00     4  postgres
07:33:25 PM 100998    585807    0.00    1.00    0.00    0.00    1.00     4  postgres
07:33:25 PM 100998    585808    1.00    1.00    0.00    0.00    2.00     4  postgres
07:33:25 PM 100998    585811    0.00    0.00    0.00    0.00    0.00     6  postgres
07:33:25 PM 100998    585813    1.00    0.00    0.00    0.00    1.00     6  postgres
07:33:25 PM 100998    585815    0.00    0.00    0.00    0.00    0.00     6  postgres
07:33:25 PM 100998    585817    0.00    1.00    0.00    0.00    1.00     5  postgres
07:33:25 PM 100998    585832    0.00    0.00    0.00    0.00    0.00     6  postgres
07:33:25 PM 100998    585854    0.00    1.00    0.00    0.00    1.00     5  postgres
07:33:25 PM 100998    585868    0.00    0.00    0.00    0.00    0.00     6  postgres

07:33:25 PM   UID       PID    %usr %system  %guest   %wait    %CPU   CPU  Command
07:33:26 PM 100998    584842    0.00    0.00    0.00    0.00    0.00     6  postgres
07:33:26 PM 100998    584843    0.00    0.00    0.00    0.00    0.00     4  postgres
07:33:26 PM 100998    584845    0.00    0.00    0.00    0.00    0.00     6  postgres
07:33:26 PM 100998    584846    0.00    0.00    0.00    0.00    0.00     5  postgres
07:33:26 PM 100998    585785    1.00    1.00    0.00    0.00    2.00     4  postgres
07:33:26 PM 100998    585794    0.00    1.00    0.00    0.00    1.00     4  postgres
07:33:26 PM 100998    585796    0.00    1.00    0.00    0.00    1.00     6  postgres
07:33:26 PM 100998    585797    1.00    1.00    0.00    0.00    2.00     6  postgres
07:33:26 PM 100998    585799    1.00    1.00    0.00    0.00    2.00     6  postgres
07:33:26 PM 100998    585800    2.00    1.00    0.00    0.00    3.00     4  postgres
07:33:26 PM 100998    585801    0.00    1.00    0.00    0.00    1.00     6  postgres
07:33:26 PM 100998    585802    0.00    1.00    0.00    0.00    1.00     4  postgres
07:33:26 PM 100998    585803    0.00    0.00    0.00    0.00    0.00     6  postgres
07:33:26 PM 100998    585804    1.00    0.00    0.00    0.00    1.00     6  postgres
07:33:26 PM 100998    585805    1.00    1.00    0.00    0.00    2.00     4  postgres
07:33:26 PM 100998    585807    1.00    0.00    0.00    0.00    1.00     6  postgres
07:33:26 PM 100998    585808    0.00    0.00    0.00    0.00    0.00     6  postgres
07:33:26 PM 100998    585811    0.00    1.00    0.00    0.00    1.00     6  postgres
07:33:26 PM 100998    585813    0.00    1.00    0.00    0.00    1.00     6  postgres
07:33:26 PM 100998    585815    0.00    1.00    0.00    0.00    1.00     6  postgres
07:33:26 PM 100998    585817    1.00    1.00    0.00    0.00    2.00     5  postgres
07:33:26 PM 100998    585832    1.00    1.00    0.00    0.00    2.00     6  postgres
07:33:26 PM 100998    585854    1.00    0.00    0.00    0.00    1.00     5  postgres
07:33:26 PM 100998    585868    0.00    0.00    0.00    0.00    0.00     4  postgres

07:33:26 PM   UID       PID    %usr %system  %guest   %wait    %CPU   CPU  Command
07:33:27 PM 100998    584842    0.00    0.00    0.00    0.00    0.00     6  postgres
07:33:27 PM 100998    584843    0.00    0.00    0.00    0.00    0.00     4  postgres
07:33:27 PM 100998    584845    0.00    0.00    0.00    0.00    0.00     6  postgres
07:33:27 PM 100998    584846    0.00    0.00    0.00    0.00    0.00     5  postgres
07:33:27 PM 100998    585785    0.00    1.00    0.00    0.00    1.00     6  postgres
07:33:27 PM 100998    585794    1.00    0.00    0.00    0.00    1.00     6  postgres
07:33:27 PM 100998    585796    1.00    1.00    0.00    0.00    2.00     4  postgres
07:33:27 PM 100998    585797    1.00    0.00    0.00    0.00    1.00     4  postgres
07:33:27 PM 100998    585799    1.00    0.00    0.00    0.00    1.00     6  postgres
07:33:27 PM 100998    585800    0.00    0.00    0.00    0.00    0.00     4  postgres
07:33:27 PM 100998    585801    1.00    0.00    0.00    0.00    1.00     4  postgres
07:33:27 PM 100998    585802    1.00    0.00    0.00    0.00    1.00     4  postgres
07:33:27 PM 100998    585803    1.00    1.00    0.00    0.00    2.00     4  postgres
07:33:27 PM 100998    585804    1.00    1.00    0.00    0.00    2.00     4  postgres
07:33:27 PM 100998    585805    1.00    0.00    0.00    0.00    1.00     4  postgres
07:33:27 PM 100998    585807    1.00    1.00    0.00    0.00    2.00     6  postgres
07:33:27 PM 100998    585808    1.00    1.00    0.00    0.00    2.00     6  postgres
07:33:27 PM 100998    585811    1.00    1.00    0.00    0.00    2.00     4  postgres
07:33:27 PM 100998    585813    1.00    1.00    0.00    0.00    2.00     4  postgres
07:33:27 PM 100998    585815    1.00    0.00    0.00    0.00    1.00     4  postgres
07:33:27 PM 100998    585817    0.00    0.00    0.00    0.00    0.00     5  postgres
07:33:27 PM 100998    585832    0.00    0.00    0.00    0.00    0.00     6  postgres
07:33:27 PM 100998    585854    1.00    1.00    0.00    1.00    2.00     5  postgres
07:33:27 PM 100998    585868    1.00    1.00    0.00    0.00    2.00     4  postgres

07:33:27 PM   UID       PID    %usr %system  %guest   %wait    %CPU   CPU  Command
07:33:28 PM 100998    584842    0.00    0.00    0.00    0.00    0.00     6  postgres
07:33:28 PM 100998    584843    0.00    0.00    0.00    0.00    0.00     6  postgres
07:33:28 PM 100998    584845    0.00    0.00    0.00    0.00    0.00     6  postgres
07:33:28 PM 100998    584846    0.00    0.00    0.00    0.00    0.00     5  postgres
07:33:28 PM 100998    585785    1.00    0.00    0.00    0.00    1.00     4  postgres
07:33:28 PM 100998    585794    1.00    1.00    0.00    0.00    2.00     6  postgres
07:33:28 PM 100998    585796    1.00    0.00    0.00    0.00    1.00     6  postgres
07:33:28 PM 100998    585797    1.00    1.00    0.00    0.00    2.00     6  postgres
07:33:28 PM 100998    585799    0.00    1.00    0.00    0.00    1.00     6  postgres
07:33:28 PM 100998    585800    1.00    1.00    0.00    0.00    2.00     6  postgres
07:33:28 PM 100998    585801    1.00    1.00    0.00    1.00    2.00     4  postgres
07:33:28 PM 100998    585802    0.00    1.00    0.00    0.00    1.00     4  postgres
07:33:28 PM 100998    585803    1.00    1.00    0.00    0.00    2.00     6  postgres
07:33:28 PM 100998    585804    0.00    0.00    0.00    0.00    0.00     6  postgres
07:33:28 PM 100998    585805    0.00    1.00    0.00    0.00    1.00     4  postgres
07:33:28 PM 100998    585807    1.00    0.00    0.00    0.00    1.00     4  postgres
07:33:28 PM 100998    585808    1.00    1.00    0.00    0.00    2.00     6  postgres
07:33:28 PM 100998    585811    0.00    0.00    0.00    0.00    0.00     4  postgres
07:33:28 PM 100998    585813    0.00    1.00    0.00    0.00    1.00     6  postgres
07:33:28 PM 100998    585815    0.00    1.00    0.00    0.00    1.00     4  postgres
07:33:28 PM 100998    585817    1.00    1.00    0.00    0.00    2.00     5  postgres
07:33:28 PM 100998    585832    1.00    1.00    0.00    1.00    2.00     4  postgres
07:33:28 PM 100998    585854    1.00    0.00    0.00    0.00    1.00     5  postgres
07:33:28 PM 100998    585868    1.00    1.00    0.00    0.00    2.00     5  postgres

07:33:28 PM   UID       PID    %usr %system  %guest   %wait    %CPU   CPU  Command
07:33:29 PM 100998    584842    0.00    0.00    0.00    0.00    0.00     6  postgres
07:33:29 PM 100998    584843    0.00    0.00    0.00    0.00    0.00     4  postgres
07:33:29 PM 100998    584845    0.00    0.00    0.00    0.00    0.00     6  postgres
07:33:29 PM 100998    584846    0.00    0.00    0.00    0.00    0.00     5  postgres
07:33:29 PM 100998    585785    0.00    1.00    0.00    0.00    1.00     4  postgres
07:33:29 PM 100998    585794    1.00    0.00    0.00    0.00    1.00     6  postgres
07:33:29 PM 100998    585796    0.00    1.00    0.00    0.00    1.00     6  postgres
07:33:29 PM 100998    585797    0.00    1.00    0.00    0.00    1.00     6  postgres
07:33:29 PM 100998    585799    1.00    0.00    0.00    0.00    1.00     4  postgres
07:33:29 PM 100998    585800    1.00    0.00    0.00    0.00    1.00     6  postgres
07:33:29 PM 100998    585801    0.00    1.00    0.00    0.00    1.00     6  postgres
07:33:29 PM 100998    585802    0.00    1.00    0.00    0.00    1.00     4  postgres
07:33:29 PM 100998    585803    1.00    0.00    0.00    0.00    1.00     4  postgres
07:33:29 PM 100998    585804    1.00    1.00    0.00    0.00    2.00     6  postgres
07:33:29 PM 100998    585805    1.00    0.00    0.00    0.00    1.00     4  postgres
07:33:29 PM 100998    585807    0.00    1.00    0.00    0.00    1.00     4  postgres
07:33:29 PM 100998    585808    1.00    0.00    0.00    0.00    1.00     6  postgres
07:33:29 PM 100998    585811    1.00    1.00    0.00    0.00    2.00     5  postgres
07:33:29 PM 100998    585813    1.00    1.00    0.00    0.00    2.00     4  postgres
07:33:29 PM 100998    585815    1.00    1.00    0.00    0.00    2.00     4  postgres
07:33:29 PM 100998    585817    1.00    1.00    0.00    0.00    2.00     5  postgres
07:33:29 PM 100998    585832    0.00    1.00    0.00    0.00    1.00     4  postgres
07:33:29 PM 100998    585854    1.00    1.00    0.00    0.00    2.00     5  postgres
07:33:29 PM 100998    585868    0.00    1.00    0.00    0.00    1.00     5  postgres

07:33:29 PM   UID       PID    %usr %system  %guest   %wait    %CPU   CPU  Command
07:33:30 PM 100998    584842    0.00    0.00    0.00    0.00    0.00     6  postgres
07:33:30 PM 100998    584843    0.00    0.00    0.00    0.00    0.00     4  postgres
07:33:30 PM 100998    584845    0.00    0.00    0.00    0.00    0.00     6  postgres
07:33:30 PM 100998    584846    0.00    0.00    0.00    0.00    0.00     5  postgres
07:33:30 PM 100998    585785    1.00    1.00    0.00    0.00    2.00     4  postgres
07:33:30 PM 100998    585794    0.00    1.00    0.00    0.00    1.00     6  postgres
07:33:30 PM 100998    585796    1.00    0.00    0.00    0.00    1.00     5  postgres
07:33:30 PM 100998    585797    1.00    0.00    0.00    0.00    1.00     4  postgres
07:33:30 PM 100998    585799    0.00    1.00    0.00    0.00    1.00     4  postgres
07:33:30 PM 100998    585800    0.00    1.00    0.00    0.00    1.00     4  postgres
07:33:30 PM 100998    585801    1.00    1.00    0.00    0.00    2.00     4  postgres
07:33:30 PM 100998    585802    1.00    1.00    0.00    0.00    2.00     6  postgres
07:33:30 PM 100998    585803    0.00    1.00    0.00    0.00    1.00     4  postgres
07:33:30 PM 100998    585804    1.00    1.00    0.00    0.00    2.00     6  postgres
07:33:30 PM 100998    585805    0.00    1.00    0.00    0.00    1.00     6  postgres
07:33:30 PM 100998    585807    1.00    0.00    0.00    0.00    1.00     4  postgres
07:33:30 PM 100998    585808    0.00    1.00    0.00    0.00    1.00     6  postgres
07:33:30 PM 100998    585811    1.00    1.00    0.00    0.00    2.00     5  postgres
07:33:30 PM 100998    585813    0.00    0.00    0.00    0.00    0.00     4  postgres
07:33:30 PM 100998    585815    0.00    1.00    0.00    0.00    1.00     4  postgres
07:33:30 PM 100998    585817    1.00    0.00    0.00    0.00    1.00     6  postgres
07:33:30 PM 100998    585832    1.00    0.00    0.00    0.00    1.00     4  postgres
07:33:30 PM 100998    585854    0.00    1.00    0.00    0.00    1.00     5  postgres
07:33:30 PM 100998    585868    1.00    0.00    0.00    0.00    1.00     5  postgres

07:33:30 PM   UID       PID    %usr %system  %guest   %wait    %CPU   CPU  Command
07:33:31 PM 100998    584842    0.00    0.00    0.00    0.00    0.00     6  postgres
07:33:31 PM 100998    584843    0.00    0.00    0.00    0.00    0.00     4  postgres
07:33:31 PM 100998    584845    0.00    0.00    0.00    0.00    0.00     6  postgres
07:33:31 PM 100998    584846    0.00    0.00    0.00    0.00    0.00     5  postgres
07:33:31 PM 100998    585785    0.00    1.00    0.00    0.00    1.00     6  postgres
07:33:31 PM 100998    585794    1.00    0.00    0.00    0.00    1.00     6  postgres
07:33:31 PM 100998    585796    1.00    1.00    0.00    0.00    2.00     5  postgres
07:33:31 PM 100998    585797    0.00    1.00    0.00    0.00    1.00     4  postgres
07:33:31 PM 100998    585799    1.00    1.00    0.00    0.00    2.00     6  postgres
07:33:31 PM 100998    585800    1.00    1.00    0.00    0.00    2.00     6  postgres
07:33:31 PM 100998    585801    1.00    0.00    0.00    0.00    1.00     6  postgres
07:33:31 PM 100998    585802    0.00    0.00    0.00    0.00    0.00     4  postgres
07:33:31 PM 100998    585803    1.00    1.00    0.00    0.00    2.00     6  postgres
07:33:31 PM 100998    585804    0.00    0.00    0.00    0.00    0.00     6  postgres
07:33:31 PM 100998    585805    1.00    1.00    0.00    0.00    2.00     4  postgres
07:33:31 PM 100998    585807    0.00    1.00    0.00    0.00    1.00     4  postgres
07:33:31 PM 100998    585808    1.00    0.00    0.00    0.00    1.00     4  postgres
07:33:31 PM 100998    585811    0.00    1.00    0.00    0.00    1.00     5  postgres
07:33:31 PM 100998    585813    0.00    1.00    0.00    0.00    1.00     4  postgres
07:33:31 PM 100998    585815    1.00    1.00    0.00    0.00    2.00     4  postgres
07:33:31 PM 100998    585817    0.00    1.00    0.00    0.00    1.00     4  postgres
07:33:31 PM 100998    585832    0.00    0.00    0.00    0.00    0.00     4  postgres
07:33:31 PM 100998    585854    1.00    1.00    0.00    0.00    2.00     5  postgres
07:33:31 PM 100998    585868    0.00    1.00    0.00    0.00    1.00     5  postgres

07:33:31 PM   UID       PID    %usr %system  %guest   %wait    %CPU   CPU  Command
07:33:32 PM 100998    584842    0.00    0.00    0.00    0.00    0.00     6  postgres
07:33:32 PM 100998    584843    0.00    0.00    0.00    0.00    0.00     4  postgres
07:33:32 PM 100998    584845    0.00    0.00    0.00    0.00    0.00     6  postgres
07:33:32 PM 100998    584846    0.00    0.00    0.00    0.00    0.00     5  postgres
07:33:32 PM 100998    585785    2.00    0.00    0.00    0.00    2.00     4  postgres
07:33:32 PM 100998    585794    1.00    1.00    0.00    0.00    2.00     6  postgres
07:33:32 PM 100998    585796    1.00    1.00    0.00    0.00    2.00     5  postgres
07:33:32 PM 100998    585797    1.00    1.00    0.00    0.00    2.00     4  postgres
07:33:32 PM 100998    585799    0.00    1.00    0.00    0.00    1.00     6  postgres
07:33:32 PM 100998    585800    0.00    0.00    0.00    0.00    0.00     4  postgres
07:33:32 PM 100998    585801    0.00    1.00    0.00    0.00    1.00     4  postgres
07:33:32 PM 100998    585802    1.00    1.00    0.00    0.00    2.00     6  postgres
07:33:32 PM 100998    585803    0.00    0.00    0.00    0.00    0.00     4  postgres
07:33:32 PM 100998    585804    0.00    1.00    0.00    0.00    1.00     6  postgres
07:33:32 PM 100998    585805    0.00    0.00    0.00    0.00    0.00     6  postgres
07:33:32 PM 100998    585807    1.00    0.00    0.00    0.00    1.00     6  postgres
07:33:32 PM 100998    585808    1.00    1.00    0.00    0.00    2.00     4  postgres
07:33:32 PM 100998    585811    1.00    0.00    0.00    0.00    1.00     5  postgres
07:33:32 PM 100998    585813    1.00    0.00    0.00    0.00    1.00     6  postgres
07:33:32 PM 100998    585815    1.00    0.00    0.00    0.00    1.00     4  postgres
07:33:32 PM 100998    585817    1.00    0.00    0.00    0.00    1.00     4  postgres
07:33:32 PM 100998    585832    1.00    1.00    0.00    0.00    2.00     6  postgres
07:33:32 PM 100998    585854    0.00    0.00    0.00    0.00    0.00     5  postgres
07:33:32 PM 100998    585868    1.00    0.00    0.00    0.00    1.00     5  postgres

07:33:32 PM   UID       PID    %usr %system  %guest   %wait    %CPU   CPU  Command
07:33:33 PM 100998    584842    0.00    0.00    0.00    0.00    0.00     6  postgres
07:33:33 PM 100998    584843    0.00    0.00    0.00    0.00    0.00     4  postgres
07:33:33 PM 100998    584845    0.00    0.00    0.00    0.00    0.00     6  postgres
07:33:33 PM 100998    584846    0.00    0.00    0.00    0.00    0.00     5  postgres
07:33:33 PM 100998    585785    1.00    1.00    0.00    0.00    2.00     6  postgres
07:33:33 PM 100998    585794    1.00    1.00    0.00    0.00    2.00     4  postgres
07:33:33 PM 100998    585796    0.00    0.00    0.00    1.00    0.00     5  postgres
07:33:33 PM 100998    585797    1.00    0.00    0.00    0.00    1.00     4  postgres
07:33:33 PM 100998    585799    1.00    0.00    0.00    0.00    1.00     4  postgres
07:33:33 PM 100998    585800    1.00    1.00    0.00    0.00    2.00     6  postgres
07:33:33 PM 100998    585801    0.00    1.00    0.00    0.00    1.00     4  postgres
07:33:33 PM 100998    585802    1.00    0.00    0.00    0.00    1.00     4  postgres
07:33:33 PM 100998    585803    0.00    1.00    0.00    0.00    1.00     6  postgres
07:33:33 PM 100998    585804    1.00    0.00    0.00    0.00    1.00     6  postgres
07:33:33 PM 100998    585805    0.00    1.00    0.00    0.00    1.00     4  postgres
07:33:33 PM 100998    585807    0.00    0.00    0.00    0.00    0.00     4  postgres
07:33:33 PM 100998    585808    0.00    0.00    0.00    0.00    0.00     4  postgres
07:33:33 PM 100998    585811    0.00    0.00    0.00    0.00    0.00     5  postgres
07:33:33 PM 100998    585813    1.00    1.00    0.00    0.00    2.00     4  postgres
07:33:33 PM 100998    585815    0.00    1.00    0.00    0.00    1.00     4  postgres
07:33:33 PM 100998    585817    0.00    1.00    0.00    0.00    1.00     4  postgres
07:33:33 PM 100998    585832    1.00    1.00    0.00    0.00    2.00     6  postgres
07:33:33 PM 100998    585854    1.00    0.00    0.00    0.00    1.00     5  postgres
07:33:33 PM 100998    585868    1.00    1.00    0.00    0.00    2.00     5  postgres

07:33:33 PM   UID       PID    %usr %system  %guest   %wait    %CPU   CPU  Command
07:33:34 PM 100998    584842    0.00    0.00    0.00    0.00    0.00     6  postgres
07:33:34 PM 100998    584843    0.00    0.00    0.00    0.00    0.00     6  postgres
07:33:34 PM 100998    584845    0.00    0.00    0.00    0.00    0.00     6  postgres
07:33:34 PM 100998    584846    0.00    0.00    0.00    0.00    0.00     5  postgres
07:33:34 PM 100998    585785    0.00    1.00    0.00    0.00    1.00     6  postgres
07:33:34 PM 100998    585794    0.00    0.00    0.00    0.00    0.00     6  postgres
07:33:34 PM 100998    585796    1.00    0.00    0.00    0.00    1.00     5  postgres
07:33:34 PM 100998    585797    0.00    1.00    0.00    0.00    1.00     6  postgres
07:33:34 PM 100998    585799    1.00    1.00    0.00    0.00    2.00     4  postgres
07:33:34 PM 100998    585800    1.00    1.00    0.00    0.00    2.00     6  postgres
07:33:34 PM 100998    585801    1.00    0.00    0.00    0.00    1.00     6  postgres
07:33:34 PM 100998    585802    0.00    1.00    0.00    0.00    1.00     4  postgres
07:33:34 PM 100998    585803    1.00    0.00    0.00    0.00    1.00     6  postgres
07:33:34 PM 100998    585804    1.00    1.00    0.00    0.00    2.00     6  postgres
07:33:34 PM 100998    585805    1.00    0.00    0.00    0.00    1.00     4  postgres
07:33:34 PM 100998    585807    0.00    1.00    0.00    0.00    1.00     6  postgres
07:33:34 PM 100998    585808    0.00    1.00    0.00    0.00    1.00     4  postgres
07:33:34 PM 100998    585811    1.00    1.00    0.00    0.00    2.00     5  postgres
07:33:34 PM 100998    585813    1.00    0.00    0.00    0.00    1.00     4  postgres
07:33:34 PM 100998    585815    1.00    0.00    0.00    0.00    1.00     4  postgres
07:33:34 PM 100998    585817    1.00    1.00    0.00    0.00    2.00     6  postgres
07:33:34 PM 100998    585832    1.00    0.00    0.00    0.00    1.00     6  postgres
07:33:34 PM 100998    585854    1.00    1.00    0.00    0.00    2.00     5  postgres
07:33:34 PM 100998    585868    0.00    0.00    0.00    1.00    0.00     5  postgres

07:33:34 PM   UID       PID    %usr %system  %guest   %wait    %CPU   CPU  Command
07:33:35 PM 100998    584842    0.00    0.00    0.00    0.00    0.00     6  postgres
07:33:35 PM 100998    584843    0.00    0.00    0.00    0.00    0.00     6  postgres
07:33:35 PM 100998    584845    0.00    0.00    0.00    0.00    0.00     6  postgres
07:33:35 PM 100998    584846    0.00    0.00    0.00    0.00    0.00     5  postgres
07:33:35 PM 100998    585785    1.00    0.00    0.00    1.00    1.00     4  postgres
07:33:35 PM 100998    585794    0.00    1.00    0.00    0.00    1.00     4  postgres
07:33:35 PM 100998    585796    1.00    1.00    0.00    0.00    2.00     6  postgres
07:33:35 PM 100998    585797    1.00    1.00    0.00    0.00    2.00     6  postgres
07:33:35 PM 100998    585799    0.00    1.00    0.00    0.00    1.00     4  postgres
07:33:35 PM 100998    585800    0.00    0.00    0.00    0.00    0.00     6  postgres
07:33:35 PM 100998    585801    0.00    1.00    0.00    0.00    1.00     4  postgres
07:33:35 PM 100998    585802    1.00    1.00    0.00    0.00    2.00     6  postgres
07:33:35 PM 100998    585803    0.00    1.00    0.00    0.00    1.00     6  postgres
07:33:35 PM 100998    585804    0.00    1.00    0.00    0.00    1.00     4  postgres
07:33:35 PM 100998    585805    0.00    1.00    0.00    0.00    1.00     6  postgres
07:33:35 PM 100998    585807    1.00    0.00    0.00    0.00    1.00     4  postgres
07:33:35 PM 100998    585808    1.00    0.00    0.00    0.00    1.00     4  postgres
07:33:35 PM 100998    585811    1.00    0.00    0.00    0.00    1.00     5  postgres
07:33:35 PM 100998    585813    0.00    0.00    0.00    0.00    0.00     4  postgres
07:33:35 PM 100998    585815    0.00    0.00    0.00    0.00    0.00     4  postgres
07:33:35 PM 100998    585817    0.00    0.00    0.00    0.00    0.00     6  postgres
07:33:35 PM 100998    585832    0.00    0.00    0.00    0.00    0.00     4  postgres
07:33:35 PM 100998    585854    0.00    0.00    0.00    0.00    0.00     5  postgres
07:33:35 PM 100998    585868    1.00    1.00    0.00    0.00    2.00     5  postgres

07:33:35 PM   UID       PID    %usr %system  %guest   %wait    %CPU   CPU  Command
07:33:36 PM 100998    584842    0.00    0.00    0.00    0.00    0.00     6  postgres
07:33:36 PM 100998    584843    0.00    0.00    0.00    0.00    0.00     6  postgres
07:33:36 PM 100998    584845    0.00    0.00    0.00    0.00    0.00     6  postgres
07:33:36 PM 100998    584846    0.00    0.00    0.00    0.00    0.00     5  postgres
07:33:36 PM 100998    585785    1.00    1.00    0.00    0.00    2.00     4  postgres
07:33:36 PM 100998    585794    1.00    0.00    0.00    0.00    1.00     4  postgres
07:33:36 PM 100998    585796    1.00    1.00    0.00    0.00    2.00     4  postgres
07:33:36 PM 100998    585797    0.00    0.00    0.00    0.00    0.00     4  postgres
07:33:36 PM 100998    585799    1.00    1.00    0.00    0.00    2.00     6  postgres
07:33:36 PM 100998    585800    1.00    1.00    0.00    0.00    2.00     6  postgres
07:33:36 PM 100998    585801    1.00    1.00    0.00    0.00    2.00     6  postgres
07:33:36 PM 100998    585802    0.00    0.00    0.00    0.00    0.00     4  postgres
07:33:36 PM 100998    585803    0.00    1.00    0.00    0.00    1.00     4  postgres
07:33:36 PM 100998    585804    1.00    0.00    0.00    0.00    1.00     4  postgres
07:33:36 PM 100998    585805    1.00    1.00    0.00    0.00    2.00     4  postgres
07:33:36 PM 100998    585807    1.00    1.00    0.00    0.00    2.00     6  postgres
07:33:36 PM 100998    585808    1.00    1.00    0.00    0.00    2.00     6  postgres
07:33:36 PM 100998    585811    1.00    1.00    0.00    0.00    2.00     5  postgres
07:33:36 PM 100998    585813    1.00    2.00    0.00    0.00    3.00     5  postgres
07:33:36 PM 100998    585815    1.00    1.00    0.00    0.00    2.00     4  postgres
07:33:36 PM 100998    585817    1.00    1.00    0.00    0.00    2.00     4  postgres
07:33:36 PM 100998    585832    1.00    1.00    0.00    0.00    2.00     4  postgres
07:33:36 PM 100998    585854    1.00    1.00    0.00    0.00    2.00     4  postgres
07:33:36 PM 100998    585868    1.00    0.00    0.00    0.00    1.00     5  postgres

07:33:36 PM   UID       PID    %usr %system  %guest   %wait    %CPU   CPU  Command
07:33:37 PM 100998    584842    0.00    0.00    0.00    0.00    0.00     6  postgres
07:33:37 PM 100998    584843    0.00    0.00    0.00    0.00    0.00     4  postgres
07:33:37 PM 100998    584845    0.00    0.00    0.00    0.00    0.00     6  postgres
07:33:37 PM 100998    584846    0.00    0.00    0.00    0.00    0.00     5  postgres
07:33:37 PM 100998    585785    0.00    0.00    0.00    0.00    0.00     6  postgres
07:33:37 PM 100998    585794    0.00    1.00    0.00    0.00    1.00     6  postgres
07:33:37 PM 100998    585796    0.00    0.00    0.00    0.00    0.00     6  postgres
07:33:37 PM 100998    585797    1.00    1.00    0.00    0.00    2.00     6  postgres
07:33:37 PM 100998    585799    1.00    0.00    0.00    0.00    1.00     4  postgres
07:33:37 PM 100998    585800    1.00    0.00    0.00    0.00    1.00     6  postgres
07:33:37 PM 100998    585801    1.00    1.00    0.00    0.00    2.00     4  postgres
07:33:37 PM 100998    585802    1.00    1.00    0.00    0.00    2.00     4  postgres
07:33:37 PM 100998    585803    1.00    1.00    0.00    0.00    2.00     4  postgres
07:33:37 PM 100998    585804    0.00    1.00    0.00    0.00    1.00     6  postgres
07:33:37 PM 100998    585805    1.00    0.00    0.00    0.00    1.00     4  postgres
07:33:37 PM 100998    585807    0.00    0.00    0.00    0.00    0.00     4  postgres
07:33:37 PM 100998    585808    0.00    1.00    0.00    0.00    1.00     6  postgres
07:33:37 PM 100998    585811    0.00    0.00    0.00    0.00    0.00     5  postgres
07:33:37 PM 100998    585813    1.00    0.00    0.00    0.00    1.00     5  postgres
07:33:37 PM 100998    585815    0.00    0.00    0.00    0.00    0.00     6  postgres
07:33:37 PM 100998    585817    0.00    1.00    0.00    0.00    1.00     5  postgres
07:33:37 PM 100998    585832    1.00    1.00    0.00    0.00    2.00     4  postgres
07:33:37 PM 100998    585854    0.00    0.00    0.00    0.00    0.00     6  postgres
07:33:37 PM 100998    585868    1.00    1.00    0.00    0.00    2.00     4  postgres

07:33:37 PM   UID       PID    %usr %system  %guest   %wait    %CPU   CPU  Command
07:33:38 PM 100998    584842    0.00    0.00    0.00    0.00    0.00     6  postgres
07:33:38 PM 100998    584843    0.00    0.00    0.00    0.00    0.00     4  postgres
07:33:38 PM 100998    584845    0.00    0.00    0.00    0.00    0.00     6  postgres
07:33:38 PM 100998    584846    0.00    0.00    0.00    0.00    0.00     5  postgres
07:33:38 PM 100998    585785    1.00    1.00    0.00    0.00    2.00     6  postgres
07:33:38 PM 100998    585794    1.00    1.00    0.00    0.00    2.00     4  postgres
07:33:38 PM 100998    585796    1.00    1.00    0.00    0.00    2.00     6  postgres
07:33:38 PM 100998    585797    1.00    0.00    0.00    0.00    1.00     4  postgres
07:33:38 PM 100998    585799    0.00    1.00    0.00    0.00    1.00     6  postgres
07:33:38 PM 100998    585800    0.00    1.00    0.00    0.00    1.00     6  postgres
07:33:38 PM 100998    585801    0.00    0.00    0.00    0.00    0.00     4  postgres
07:33:38 PM 100998    585802    0.00    0.00    0.00    0.00    0.00     6  postgres
07:33:38 PM 100998    585803    0.00    1.00    0.00    0.00    1.00     6  postgres
07:33:38 PM 100998    585804    1.00    1.00    0.00    0.00    2.00     4  postgres
07:33:38 PM 100998    585805    1.00    1.00    0.00    0.00    2.00     6  postgres
07:33:38 PM 100998    585807    0.00    1.00    0.00    0.00    1.00     4  postgres
07:33:38 PM 100998    585808    0.00    1.00    0.00    0.00    1.00     6  postgres
07:33:38 PM 100998    585811    1.00    1.00    0.00    0.00    2.00     5  postgres
07:33:38 PM 100998    585813    1.00    0.00    0.00    1.00    1.00     6  postgres
07:33:38 PM 100998    585815    1.00    1.00    0.00    0.00    2.00     6  postgres
07:33:38 PM 100998    585817    1.00    0.00    0.00    0.00    1.00     6  postgres
07:33:38 PM 100998    585832    0.00    0.00    0.00    0.00    0.00     6  postgres
07:33:38 PM 100998    585854    1.00    1.00    0.00    0.00    2.00     5  postgres
07:33:38 PM 100998    585868    0.00    1.00    0.00    0.00    1.00     4  postgres

07:33:38 PM   UID       PID    %usr %system  %guest   %wait    %CPU   CPU  Command
07:33:39 PM 100998    584842    0.00    0.00    0.00    0.00    0.00     6  postgres
07:33:39 PM 100998    584843    0.00    0.00    0.00    0.00    0.00     4  postgres
07:33:39 PM 100998    584845    0.00    0.00    0.00    0.00    0.00     6  postgres
07:33:39 PM 100998    584846    0.00    0.00    0.00    0.00    0.00     5  postgres
07:33:39 PM 100998    585785    1.00    0.00    0.00    0.00    1.00     4  postgres
07:33:39 PM 100998    585794    1.00    1.00    0.00    0.00    2.00     4  postgres
07:33:39 PM 100998    585796    0.00    1.00    0.00    0.00    1.00     6  postgres
07:33:39 PM 100998    585797    1.00    1.00    0.00    0.00    2.00     4  postgres
07:33:39 PM 100998    585799    1.00    1.00    0.00    0.00    2.00     6  postgres
07:33:39 PM 100998    585800    1.00    0.00    0.00    0.00    1.00     4  postgres
07:33:39 PM 100998    585801    0.00    0.00    0.00    0.00    0.00     4  postgres
07:33:39 PM 100998    585802    1.00    1.00    0.00    0.00    2.00     6  postgres
07:33:39 PM 100998    585803    1.00    0.00    0.00    0.00    1.00     6  postgres
07:33:39 PM 100998    585804    1.00    1.00    0.00    0.00    2.00     6  postgres
07:33:39 PM 100998    585805    0.00    0.00    0.00    0.00    0.00     4  postgres
07:33:39 PM 100998    585807    1.00    0.00    0.00    0.00    1.00     4  postgres
07:33:39 PM 100998    585808    1.00    1.00    0.00    0.00    2.00     4  postgres
07:33:39 PM 100998    585811    1.00    1.00    0.00    1.00    2.00     5  postgres
07:33:39 PM 100998    585813    0.00    1.00    0.00    0.00    1.00     6  postgres
07:33:39 PM 100998    585815    0.00    0.00    0.00    0.00    0.00     6  postgres
07:33:39 PM 100998    585817    0.00    1.00    0.00    0.00    1.00     5  postgres
07:33:39 PM 100998    585832    1.00    1.00    0.00    0.00    2.00     4  postgres
07:33:39 PM 100998    585854    1.00    0.00    0.00    0.00    1.00     5  postgres
07:33:39 PM 100998    585868    0.00    0.00    0.00    0.00    0.00     6  postgres

07:33:39 PM   UID       PID    %usr %system  %guest   %wait    %CPU   CPU  Command
07:33:40 PM 100998    584842    0.00    0.00    0.00    0.00    0.00     6  postgres
07:33:40 PM 100998    584843    0.00    0.00    0.00    0.00    0.00     4  postgres
07:33:40 PM 100998    584845    0.00    0.00    0.00    0.00    0.00     4  postgres
07:33:40 PM 100998    584846    0.00    0.00    0.00    0.00    0.00     5  postgres
07:33:40 PM 100998    585785    1.00    1.00    0.00    0.00    2.00     4  postgres
07:33:40 PM 100998    585794    0.00    0.00    0.00    0.00    0.00     4  postgres
07:33:40 PM 100998    585796    1.00    1.00    0.00    0.00    2.00     4  postgres
07:33:40 PM 100998    585797    0.00    1.00    0.00    0.00    1.00     4  postgres
07:33:40 PM 100998    585799    1.00    1.00    0.00    0.00    2.00     6  postgres
07:33:40 PM 100998    585800    0.00    2.00    0.00    0.00    2.00     6  postgres
07:33:40 PM 100998    585801    1.00    1.00    0.00    0.00    2.00     4  postgres
07:33:40 PM 100998    585802    0.00    1.00    0.00    0.00    1.00     4  postgres
07:33:40 PM 100998    585803    1.00    0.00    0.00    0.00    1.00     6  postgres
07:33:40 PM 100998    585804    0.00    0.00    0.00    0.00    0.00     6  postgres
07:33:40 PM 100998    585805    1.00    1.00    0.00    0.00    2.00     6  postgres
07:33:40 PM 100998    585807    1.00    2.00    0.00    0.00    3.00     4  postgres
07:33:40 PM 100998    585808    0.00    0.00    0.00    0.00    0.00     6  postgres
07:33:40 PM 100998    585811    1.00    0.00    0.00    0.00    1.00     5  postgres
07:33:40 PM 100998    585813    1.00    0.00    0.00    0.00    1.00     6  postgres
07:33:40 PM 100998    585815    1.00    0.00    0.00    0.00    1.00     4  postgres
07:33:40 PM 100998    585817    0.00    0.00    0.00    0.00    0.00     5  postgres
07:33:40 PM 100998    585832    0.00    0.00    0.00    0.00    0.00     6  postgres
07:33:40 PM 100998    585854    1.00    1.00    0.00    0.00    2.00     5  postgres
07:33:40 PM 100998    585868    1.00    0.00    0.00    0.00    1.00     6  postgres

07:33:40 PM   UID       PID    %usr %system  %guest   %wait    %CPU   CPU  Command
07:33:41 PM 100998    584842    0.00    0.00    0.00    0.00    0.00     6  postgres
07:33:41 PM 100998    584843    0.00    0.00    0.00    0.00    0.00     6  postgres
07:33:41 PM 100998    584845    0.00    0.00    0.00    0.00    0.00     4  postgres
07:33:41 PM 100998    584846    0.00    0.00    0.00    0.00    0.00     5  postgres
07:33:41 PM 100998    585785    0.00    1.00    0.00    0.00    1.00     4  postgres
07:33:41 PM 100998    585794    1.00    1.00    0.00    0.00    2.00     5  postgres
07:33:41 PM 100998    585796    0.00    1.00    0.00    0.00    1.00     6  postgres
07:33:41 PM 100998    585797    1.00    0.00    0.00    0.00    1.00     4  postgres
07:33:41 PM 100998    585799    1.00    0.00    0.00    0.00    1.00     6  postgres
07:33:41 PM 100998    585800    1.00    0.00    0.00    0.00    1.00     6  postgres
07:33:41 PM 100998    585801    1.00    1.00    0.00    0.00    2.00     6  postgres
07:33:41 PM 100998    585802    1.00    0.00    0.00    0.00    1.00     6  postgres
07:33:41 PM 100998    585803    1.00    1.00    0.00    0.00    2.00     6  postgres
07:33:41 PM 100998    585804    1.00    1.00    0.00    0.00    2.00     6  postgres
07:33:41 PM 100998    585805    1.00    1.00    0.00    0.00    2.00     4  postgres
07:33:41 PM 100998    585807    0.00    0.00    0.00    0.00    0.00     4  postgres
07:33:41 PM 100998    585808    1.00    1.00    0.00    0.00    2.00     6  postgres
07:33:41 PM 100998    585811    0.00    1.00    0.00    0.00    1.00     5  postgres
07:33:41 PM 100998    585813    0.00    1.00    0.00    0.00    1.00     4  postgres
07:33:41 PM 100998    585815    0.00    1.00    0.00    0.00    1.00     4  postgres
07:33:41 PM 100998    585817    1.00    0.00    0.00    0.00    1.00     5  postgres
07:33:41 PM 100998    585832    1.00    1.00    0.00    0.00    2.00     4  postgres
07:33:41 PM 100998    585854    0.00    0.00    0.00    0.00    0.00     5  postgres
07:33:41 PM 100998    585868    1.00    0.00    0.00    0.00    1.00     6  postgres

07:33:41 PM   UID       PID    %usr %system  %guest   %wait    %CPU   CPU  Command
07:33:42 PM 100998    584842    0.00    0.00    0.00    0.00    0.00     6  postgres
07:33:42 PM 100998    584843    0.00    0.00    0.00    0.00    0.00     6  postgres
07:33:42 PM 100998    584845    0.00    0.00    0.00    0.00    0.00     4  postgres
07:33:42 PM 100998    584846    0.00    0.00    0.00    0.00    0.00     5  postgres
07:33:42 PM 100998    585785    1.00    1.00    0.00    0.00    2.00     6  postgres
07:33:42 PM 100998    585794    0.00    0.00    0.00    0.00    0.00     5  postgres
07:33:42 PM 100998    585796    1.00    1.00    0.00    0.00    2.00     6  postgres
07:33:42 PM 100998    585797    1.00    1.00    0.00    0.00    2.00     4  postgres
07:33:42 PM 100998    585799    1.00    1.00    0.00    0.00    2.00     6  postgres
07:33:42 PM 100998    585800    1.00    1.00    0.00    1.00    2.00     6  postgres
07:33:42 PM 100998    585801    0.00    0.00    0.00    0.00    0.00     6  postgres
07:33:42 PM 100998    585802    1.00    1.00    0.00    0.00    2.00     6  postgres
07:33:42 PM 100998    585803    1.00    1.00    0.00    0.00    2.00     6  postgres
07:33:42 PM 100998    585804    1.00    1.00    0.00    0.00    2.00     6  postgres
07:33:42 PM 100998    585805    0.00    1.00    0.00    0.00    1.00     6  postgres
07:33:42 PM 100998    585807    1.00    0.00    0.00    0.00    1.00     4  postgres
07:33:42 PM 100998    585808    0.00    0.00    0.00    0.00    0.00     4  postgres
07:33:42 PM 100998    585811    1.00    1.00    0.00    0.00    2.00     5  postgres
07:33:42 PM 100998    585813    2.00    0.00    0.00    0.00    2.00     5  postgres
07:33:42 PM 100998    585815    1.00    0.00    0.00    0.00    1.00     4  postgres
07:33:42 PM 100998    585817    1.00    1.00    0.00    0.00    2.00     5  postgres
07:33:42 PM 100998    585832    1.00    0.00    0.00    0.00    1.00     6  postgres
07:33:42 PM 100998    585854    1.00    1.00    0.00    0.00    2.00     5  postgres
07:33:42 PM 100998    585868    0.00    1.00    0.00    0.00    1.00     4  postgres

07:33:42 PM   UID       PID    %usr %system  %guest   %wait    %CPU   CPU  Command
07:33:43 PM 100998    584842    0.00    0.00    0.00    0.00    0.00     6  postgres
07:33:43 PM 100998    584843    0.00    0.00    0.00    0.00    0.00     6  postgres
07:33:43 PM 100998    584845    0.00    0.00    0.00    0.00    0.00     4  postgres
07:33:43 PM 100998    584846    0.00    0.00    0.00    0.00    0.00     5  postgres
07:33:43 PM 100998    585785    1.00    0.00    0.00    0.00    1.00     4  postgres
07:33:43 PM 100998    585794    1.00    0.00    0.00    0.00    1.00     5  postgres
07:33:43 PM 100998    585796    0.00    0.00    0.00    0.00    0.00     4  postgres
07:33:43 PM 100998    585797    0.00    1.00    0.00    0.00    1.00     6  postgres
07:33:43 PM 100998    585799    0.00    1.00    0.00    0.00    1.00     4  postgres
07:33:43 PM 100998    585800    0.00    1.00    0.00    0.00    1.00     6  postgres
07:33:43 PM 100998    585801    1.00    1.00    0.00    0.00    2.00     6  postgres
07:33:43 PM 100998    585802    0.00    1.00    0.00    0.00    1.00     6  postgres
07:33:43 PM 100998    585803    0.00    0.00    0.00    0.00    0.00     6  postgres
07:33:43 PM 100998    585804    0.00    0.00    0.00    1.00    0.00     4  postgres
07:33:43 PM 100998    585805    1.00    0.00    0.00    0.00    1.00     6  postgres
07:33:43 PM 100998    585807    1.00    1.00    0.00    0.00    2.00     4  postgres
07:33:43 PM 100998    585808    1.00    0.00    0.00    1.00    1.00     6  postgres
07:33:43 PM 100998    585811    1.00    1.00    0.00    0.00    2.00     6  postgres
07:33:43 PM 100998    585813    0.00    1.00    0.00    0.00    1.00     5  postgres
07:33:43 PM 100998    585815    1.00    1.00    0.00    0.00    2.00     4  postgres
07:33:43 PM 100998    585817    1.00    0.00    0.00    0.00    1.00     5  postgres
07:33:43 PM 100998    585832    0.00    1.00    0.00    0.00    1.00     6  postgres
07:33:43 PM 100998    585854    1.00    1.00    0.00    0.00    2.00     4  postgres
07:33:43 PM 100998    585868    0.00    1.00    0.00    0.00    1.00     6  postgres

07:33:43 PM   UID       PID    %usr %system  %guest   %wait    %CPU   CPU  Command
07:33:44 PM 100998    584842    0.00    0.00    0.00    0.00    0.00     6  postgres
07:33:44 PM 100998    584843    0.00    0.00    0.00    0.00    0.00     6  postgres
07:33:44 PM 100998    584845    0.00    0.00    0.00    0.00    0.00     4  postgres
07:33:44 PM 100998    584846    0.00    0.00    0.00    0.00    0.00     5  postgres
07:33:44 PM 100998    585785    2.00    1.00    0.00    0.00    3.00     6  postgres
07:33:44 PM 100998    585794    1.00    1.00    0.00    0.00    2.00     5  postgres
07:33:44 PM 100998    585796    1.00    1.00    0.00    0.00    2.00     4  postgres
07:33:44 PM 100998    585797    1.00    1.00    0.00    0.00    2.00     6  postgres
07:33:44 PM 100998    585799    1.00    0.00    0.00    0.00    1.00     6  postgres
07:33:44 PM 100998    585800    2.00    0.00    0.00    0.00    2.00     4  postgres
07:33:44 PM 100998    585801    0.00    0.00    0.00    0.00    0.00     6  postgres
07:33:44 PM 100998    585802    1.00    1.00    0.00    0.00    2.00     6  postgres
07:33:44 PM 100998    585803    1.00    2.00    0.00    0.00    3.00     6  postgres
07:33:44 PM 100998    585804    1.00    1.00    0.00    0.00    2.00     6  postgres
07:33:44 PM 100998    585805    1.00    1.00    0.00    0.00    2.00     4  postgres
07:33:44 PM 100998    585807    1.00    1.00    0.00    0.00    2.00     6  postgres
07:33:44 PM 100998    585808    0.00    1.00    0.00    0.00    1.00     6  postgres
07:33:44 PM 100998    585811    1.00    0.00    0.00    0.00    1.00     4  postgres
07:33:44 PM 100998    585813    1.00    1.00    0.00    0.00    2.00     5  postgres
07:33:44 PM 100998    585815    0.00    1.00    0.00    0.00    1.00     6  postgres
07:33:44 PM 100998    585817    0.00    1.00    0.00    0.00    1.00     5  postgres
07:33:44 PM 100998    585832    1.00    1.00    0.00    0.00    2.00     4  postgres
07:33:44 PM 100998    585854    0.00    1.00    0.00    0.00    1.00     4  postgres
07:33:44 PM 100998    585868    1.00    0.00    0.00    0.00    1.00     4  postgres

07:33:44 PM   UID       PID    %usr %system  %guest   %wait    %CPU   CPU  Command
07:33:45 PM 100998    584842    0.00    0.00    0.00    0.00    0.00     6  postgres
07:33:45 PM 100998    584843    0.00    0.00    0.00    0.00    0.00     4  postgres
07:33:45 PM 100998    584845    0.00    0.00    0.00    0.00    0.00     6  postgres
07:33:45 PM 100998    584846    0.00    0.00    0.00    0.00    0.00     5  postgres
07:33:45 PM 100998    585785    0.00    1.00    0.00    0.00    1.00     4  postgres
07:33:45 PM 100998    585794    1.00    1.00    0.00    0.00    2.00     5  postgres
07:33:45 PM 100998    585796    1.00    0.00    0.00    0.00    1.00     6  postgres
07:33:45 PM 100998    585797    0.00    0.00    0.00    0.00    0.00     6  postgres
07:33:45 PM 100998    585799    1.00    1.00    0.00    0.00    2.00     6  postgres
07:33:45 PM 100998    585800    0.00    1.00    0.00    0.00    1.00     4  postgres
07:33:45 PM 100998    585801    1.00    1.00    0.00    0.00    2.00     6  postgres
07:33:45 PM 100998    585802    1.00    0.00    0.00    0.00    1.00     4  postgres
07:33:45 PM 100998    585803    0.00    1.00    0.00    0.00    1.00     6  postgres
07:33:45 PM 100998    585804    1.00    1.00    0.00    0.00    2.00     6  postgres
07:33:45 PM 100998    585805    0.00    1.00    0.00    0.00    1.00     4  postgres
07:33:45 PM 100998    585807    1.00    0.00    0.00    0.00    1.00     4  postgres
07:33:45 PM 100998    585808    1.00    1.00    0.00    0.00    2.00     4  postgres
07:33:45 PM 100998    585811    0.00    0.00    0.00    0.00    0.00     6  postgres
07:33:45 PM 100998    585813    1.00    0.00    0.00    0.00    1.00     4  postgres
07:33:45 PM 100998    585815    1.00    0.00    0.00    0.00    1.00     6  postgres
07:33:45 PM 100998    585817    1.00    1.00    0.00    0.00    2.00     5  postgres
07:33:45 PM 100998    585832    0.00    0.00    0.00    0.00    0.00     4  postgres
07:33:45 PM 100998    585854    1.00    1.00    0.00    0.00    2.00     6  postgres
07:33:45 PM 100998    585868    0.00    1.00    0.00    0.00    1.00     4  postgres

07:33:45 PM   UID       PID    %usr %system  %guest   %wait    %CPU   CPU  Command
07:33:46 PM 100998    584842    0.00    0.00    0.00    0.00    0.00     6  postgres
07:33:46 PM 100998    584843    0.00    0.00    0.00    0.00    0.00     6  postgres
07:33:46 PM 100998    584845    0.00    0.00    0.00    0.00    0.00     6  postgres
07:33:46 PM 100998    584846    0.00    0.00    0.00    0.00    0.00     5  postgres
07:33:46 PM 100998    585785    1.00    1.00    0.00    0.00    2.00     4  postgres
07:33:46 PM 100998    585794    1.00    0.00    0.00    0.00    1.00     4  postgres
07:33:46 PM 100998    585796    1.00    1.00    0.00    0.00    2.00     5  postgres
07:33:46 PM 100998    585797    1.00    1.00    0.00    0.00    2.00     4  postgres
07:33:46 PM 100998    585799    1.00    0.00    0.00    0.00    1.00     6  postgres
07:33:46 PM 100998    585800    1.00    1.00    0.00    0.00    2.00     4  postgres
07:33:46 PM 100998    585801    1.00    1.00    0.00    0.00    2.00     4  postgres
07:33:46 PM 100998    585802    0.00    1.00    0.00    0.00    1.00     5  postgres
07:33:46 PM 100998    585803    1.00    0.00    0.00    0.00    1.00     6  postgres
07:33:46 PM 100998    585804    0.00    0.00    0.00    0.00    0.00     6  postgres
07:33:46 PM 100998    585805    1.00    0.00    0.00    0.00    1.00     4  postgres
07:33:46 PM 100998    585807    0.00    1.00    0.00    0.00    1.00     6  postgres
07:33:46 PM 100998    585808    0.00    0.00    0.00    0.00    0.00     6  postgres
07:33:46 PM 100998    585811    1.00    1.00    0.00    0.00    2.00     6  postgres
07:33:46 PM 100998    585813    1.00    1.00    0.00    0.00    2.00     4  postgres
07:33:46 PM 100998    585815    0.00    1.00    0.00    0.00    1.00     4  postgres
07:33:46 PM 100998    585817    1.00    0.00    0.00    0.00    1.00     5  postgres
07:33:46 PM 100998    585832    1.00    1.00    0.00    0.00    2.00     6  postgres
07:33:46 PM 100998    585854    1.00    0.00    0.00    0.00    1.00     6  postgres
07:33:46 PM 100998    585868    1.00    1.00    0.00    0.00    2.00     6  postgres

07:33:46 PM   UID       PID    %usr %system  %guest   %wait    %CPU   CPU  Command
07:33:47 PM 100998    584842    0.00    0.00    0.00    0.00    0.00     6  postgres
07:33:47 PM 100998    584843    0.00    0.00    0.00    0.00    0.00     6  postgres
07:33:47 PM 100998    584845    0.00    0.00    0.00    0.00    0.00     6  postgres
07:33:47 PM 100998    584846    0.00    0.00    0.00    0.00    0.00     5  postgres
07:33:47 PM 100998    585785    1.00    1.00    0.00    0.00    2.00     6  postgres
07:33:47 PM 100998    585794    0.00    0.00    0.00    0.00    0.00     4  postgres
07:33:47 PM 100998    585796    1.00    1.00    0.00    0.00    2.00     5  postgres
07:33:47 PM 100998    585797    1.00    1.00    0.00    0.00    2.00     4  postgres
07:33:47 PM 100998    585799    1.00    1.00    0.00    0.00    2.00     4  postgres
07:33:47 PM 100998    585800    0.00    0.00    0.00    0.00    0.00     4  postgres
07:33:47 PM 100998    585801    0.00    1.00    0.00    0.00    1.00     4  postgres
07:33:47 PM 100998    585802    1.00    1.00    0.00    0.00    2.00     4  postgres
07:33:47 PM 100998    585803    0.00    1.00    0.00    0.00    1.00     6  postgres
07:33:47 PM 100998    585804    1.00    1.00    0.00    0.00    2.00     4  postgres
07:33:47 PM 100998    585805    0.00    1.00    0.00    0.00    1.00     6  postgres
07:33:47 PM 100998    585807    1.00    1.00    0.00    0.00    2.00     6  postgres
07:33:47 PM 100998    585808    1.00    1.00    0.00    0.00    2.00     6  postgres
07:33:47 PM 100998    585811    0.00    1.00    0.00    0.00    1.00     4  postgres
07:33:47 PM 100998    585813    0.00    1.00    0.00    0.00    1.00     6  postgres
07:33:47 PM 100998    585815    1.00    1.00    0.00    0.00    2.00     5  postgres
07:33:47 PM 100998    585817    1.00    1.00    0.00    0.00    2.00     5  postgres
07:33:47 PM 100998    585832    0.00    1.00    0.00    0.00    1.00     4  postgres
07:33:47 PM 100998    585854    0.00    1.00    0.00    0.00    1.00     6  postgres
07:33:47 PM 100998    585868    0.00    0.00    0.00    0.00    0.00     4  postgres

07:33:47 PM   UID       PID    %usr %system  %guest   %wait    %CPU   CPU  Command
07:33:48 PM 100998    584842    0.00    0.00    0.00    0.00    0.00     6  postgres
07:33:48 PM 100998    584843    0.00    0.00    0.00    0.00    0.00     6  postgres
07:33:48 PM 100998    584845    0.00    0.00    0.00    0.00    0.00     6  postgres
07:33:48 PM 100998    584846    0.00    0.00    0.00    0.00    0.00     5  postgres
07:33:48 PM 100998    585785    0.00    1.00    0.00    0.00    1.00     6  postgres
07:33:48 PM 100998    585794    1.00    1.00    0.00    0.00    2.00     6  postgres
07:33:48 PM 100998    585796    1.00    1.00    0.00    0.00    2.00     5  postgres
07:33:48 PM 100998    585797    0.00    0.00    0.00    0.00    0.00     6  postgres
07:33:48 PM 100998    585799    1.00    0.00    0.00    0.00    1.00     4  postgres
07:33:48 PM 100998    585800    1.00    2.00    0.00    0.00    3.00     4  postgres
07:33:48 PM 100998    585801    1.00    0.00    0.00    0.00    1.00     4  postgres
07:33:48 PM 100998    585802    1.00    1.00    0.00    0.00    2.00     4  postgres
07:33:48 PM 100998    585803    1.00    0.00    0.00    0.00    1.00     4  postgres
07:33:48 PM 100998    585804    1.00    0.00    0.00    0.00    1.00     4  postgres
07:33:48 PM 100998    585805    1.00    1.00    0.00    0.00    2.00     6  postgres
07:33:48 PM 100998    585807    1.00    0.00    0.00    0.00    1.00     6  postgres
07:33:48 PM 100998    585808    1.00    1.00    0.00    0.00    2.00     6  postgres
07:33:48 PM 100998    585811    1.00    1.00    0.00    0.00    2.00     6  postgres
07:33:48 PM 100998    585813    1.00    0.00    0.00    0.00    1.00     4  postgres
07:33:48 PM 100998    585815    2.00    0.00    0.00    0.00    2.00     5  postgres
07:33:48 PM 100998    585817    1.00    1.00    0.00    0.00    2.00     5  postgres
07:33:48 PM 100998    585832    1.00    1.00    0.00    0.00    2.00     4  postgres
07:33:48 PM 100998    585854    1.00    1.00    0.00    0.00    2.00     4  postgres
07:33:48 PM 100998    585868    1.00    1.00    0.00    0.00    2.00     4  postgres

07:33:48 PM   UID       PID    %usr %system  %guest   %wait    %CPU   CPU  Command
07:33:49 PM 100998    584842    0.00    0.00    0.00    0.00    0.00     6  postgres
07:33:49 PM 100998    584843    0.00    0.00    0.00    0.00    0.00     6  postgres
07:33:49 PM 100998    584845    0.00    0.00    0.00    0.00    0.00     6  postgres
07:33:49 PM 100998    584846    0.00    0.00    0.00    0.00    0.00     5  postgres
07:33:49 PM 100998    585785    1.00    0.00    0.00    0.00    1.00     6  postgres
07:33:49 PM 100998    585794    1.00    1.00    0.00    0.00    2.00     6  postgres
07:33:49 PM 100998    585796    1.00    0.00    0.00    0.00    1.00     5  postgres
07:33:49 PM 100998    585797    0.00    1.00    0.00    0.00    1.00     6  postgres
07:33:49 PM 100998    585799    1.00    1.00    0.00    0.00    2.00     6  postgres
07:33:49 PM 100998    585800    1.00    0.00    0.00    0.00    1.00     4  postgres
07:33:49 PM 100998    585801    0.00    1.00    0.00    0.00    1.00     6  postgres
07:33:49 PM 100998    585802    0.00    0.00    0.00    0.00    0.00     4  postgres
07:33:49 PM 100998    585803    0.00    1.00    0.00    0.00    1.00     4  postgres
07:33:49 PM 100998    585804    1.00    1.00    0.00    0.00    2.00     6  postgres
07:33:49 PM 100998    585805    1.00    1.00    0.00    0.00    2.00     4  postgres
07:33:49 PM 100998    585807    0.00    1.00    0.00    0.00    1.00     6  postgres
07:33:49 PM 100998    585808    1.00    0.00    0.00    0.00    1.00     6  postgres
07:33:49 PM 100998    585811    0.00    0.00    0.00    0.00    0.00     4  postgres
07:33:49 PM 100998    585813    1.00    1.00    0.00    0.00    2.00     4  postgres
07:33:49 PM 100998    585815    1.00    1.00    0.00    0.00    2.00     5  postgres
07:33:49 PM 100998    585817    1.00    1.00    0.00    0.00    2.00     5  postgres
07:33:49 PM 100998    585832    1.00    0.00    0.00    0.00    1.00     4  postgres
07:33:49 PM 100998    585854    0.00    0.00    0.00    0.00    0.00     4  postgres
07:33:49 PM 100998    585868    1.00    0.00    0.00    0.00    1.00     4  postgres

07:33:49 PM   UID       PID    %usr %system  %guest   %wait    %CPU   CPU  Command
07:33:50 PM 100998    584842    0.00    0.00    0.00    0.00    0.00     6  postgres
07:33:50 PM 100998    584843    0.00    0.00    0.00    0.00    0.00     6  postgres
07:33:50 PM 100998    584845    0.00    0.00    0.00    0.00    0.00     6  postgres
07:33:50 PM 100998    584846    0.00    0.00    0.00    0.00    0.00     5  postgres
07:33:50 PM 100998    585785    0.00    1.00    0.00    0.00    1.00     6  postgres
07:33:50 PM 100998    585794    0.00    1.00    0.00    0.00    1.00     4  postgres
07:33:50 PM 100998    585796    1.00    1.00    0.00    0.00    2.00     4  postgres
07:33:50 PM 100998    585797    2.00    1.00    0.00    0.00    3.00     6  postgres
07:33:50 PM 100998    585799    1.00    1.00    0.00    0.00    2.00     6  postgres
07:33:50 PM 100998    585800    0.00    1.00    0.00    0.00    1.00     4  postgres
07:33:50 PM 100998    585801    1.00    0.00    0.00    0.00    1.00     6  postgres
07:33:50 PM 100998    585802    1.00    1.00    0.00    0.00    2.00     6  postgres
07:33:50 PM 100998    585803    0.00    1.00    0.00    0.00    1.00     4  postgres
07:33:50 PM 100998    585804    0.00    0.00    0.00    0.00    0.00     6  postgres
07:33:50 PM 100998    585805    1.00    0.00    0.00    0.00    1.00     4  postgres
07:33:50 PM 100998    585807    1.00    1.00    0.00    0.00    2.00     4  postgres
07:33:50 PM 100998    585808    0.00    1.00    0.00    0.00    1.00     4  postgres
07:33:50 PM 100998    585811    1.00    1.00    0.00    0.00    2.00     4  postgres
07:33:50 PM 100998    585813    0.00    0.00    0.00    0.00    0.00     4  postgres
07:33:50 PM 100998    585815    0.00    0.00    0.00    0.00    0.00     5  postgres
07:33:50 PM 100998    585817    1.00    0.00    0.00    0.00    1.00     5  postgres
07:33:50 PM 100998    585832    0.00    0.00    0.00    0.00    0.00     6  postgres
07:33:50 PM 100998    585854    1.00    1.00    0.00    0.00    2.00     6  postgres
07:33:50 PM 100998    585868    1.00    1.00    0.00    0.00    2.00     4  postgres

07:33:50 PM   UID       PID    %usr %system  %guest   %wait    %CPU   CPU  Command
07:33:51 PM 100998    584842    0.00    0.00    0.00    0.00    0.00     6  postgres
07:33:51 PM 100998    584843    0.00    0.00    0.00    0.00    0.00     4  postgres
07:33:51 PM 100998    584845    0.00    0.00    0.00    0.00    0.00     6  postgres
07:33:51 PM 100998    584846    0.00    0.00    0.00    0.00    0.00     5  postgres
07:33:51 PM 100998    585785    1.00    1.00    0.00    0.00    2.00     4  postgres
07:33:51 PM 100998    585794    1.00    1.00    0.00    0.00    2.00     6  postgres
07:33:51 PM 100998    585796    0.00    1.00    0.00    0.00    1.00     6  postgres
07:33:51 PM 100998    585797    0.00    0.00    0.00    0.00    0.00     4  postgres
07:33:51 PM 100998    585799    1.00    0.00    0.00    0.00    1.00     5  postgres
07:33:51 PM 100998    585800    2.00    1.00    0.00    0.00    3.00     5  postgres
07:33:51 PM 100998    585801    1.00    1.00    0.00    0.00    2.00     6  postgres
07:33:51 PM 100998    585802    1.00    1.00    0.00    0.00    2.00     4  postgres
07:33:51 PM 100998    585803    1.00    0.00    0.00    0.00    1.00     4  postgres
07:33:51 PM 100998    585804    2.00    1.00    0.00    0.00    3.00     5  postgres
07:33:51 PM 100998    585805    0.00    1.00    0.00    0.00    1.00     4  postgres
07:33:51 PM 100998    585807    0.00    1.00    0.00    0.00    1.00     5  postgres
07:33:51 PM 100998    585808    1.00    0.00    0.00    0.00    1.00     6  postgres
07:33:51 PM 100998    585811    0.00    1.00    0.00    0.00    1.00     4  postgres
07:33:51 PM 100998    585813    0.00    1.00    0.00    0.00    1.00     4  postgres
07:33:51 PM 100998    585815    1.00    1.00    0.00    0.00    2.00     6  postgres
07:33:51 PM 100998    585817    0.00    1.00    0.00    0.00    1.00     5  postgres
07:33:51 PM 100998    585832    1.00    1.00    0.00    0.00    2.00     6  postgres
07:33:51 PM 100998    585854    0.00    1.00    0.00    0.00    1.00     6  postgres
07:33:51 PM 100998    585868    0.00    0.00    0.00    0.00    0.00     6  postgres

07:33:51 PM   UID       PID    %usr %system  %guest   %wait    %CPU   CPU  Command
07:33:52 PM 100998    584842    0.00    0.00    0.00    0.00    0.00     6  postgres
07:33:52 PM 100998    584843    0.00    0.00    0.00    0.00    0.00     4  postgres
07:33:52 PM 100998    584845    0.00    0.00    0.00    0.00    0.00     6  postgres
07:33:52 PM 100998    584846    0.00    0.00    0.00    0.00    0.00     5  postgres
07:33:52 PM 100998    585785    1.00    1.00    0.00    0.00    2.00     4  postgres
07:33:52 PM 100998    585794    1.00    0.00    0.00    0.00    1.00     6  postgres
07:33:52 PM 100998    585796    1.00    0.00    0.00    0.00    1.00     6  postgres
07:33:52 PM 100998    585797    1.00    1.00    0.00    0.00    2.00     4  postgres
07:33:52 PM 100998    585799    1.00    1.00    0.00    0.00    2.00     5  postgres
07:33:52 PM 100998    585800    0.00    0.00    0.00    0.00    0.00     5  postgres
07:33:52 PM 100998    585801    0.00    0.00    0.00    0.00    0.00     4  postgres
07:33:52 PM 100998    585802    0.00    1.00    0.00    0.00    1.00     4  postgres
07:33:52 PM 100998    585803    0.00    1.00    0.00    0.00    1.00     6  postgres
07:33:52 PM 100998    585804    1.00    1.00    0.00    0.00    2.00     5  postgres
07:33:52 PM 100998    585805    1.00    1.00    0.00    0.00    2.00     4  postgres
07:33:52 PM 100998    585807    1.00    1.00    0.00    0.00    2.00     5  postgres
07:33:52 PM 100998    585808    1.00    1.00    0.00    0.00    2.00     4  postgres
07:33:52 PM 100998    585811    1.00    1.00    0.00    0.00    2.00     4  postgres
07:33:52 PM 100998    585813    1.00    0.00    0.00    0.00    1.00     6  postgres
07:33:52 PM 100998    585815    1.00    0.00    0.00    0.00    1.00     6  postgres
07:33:52 PM 100998    585817    1.00    1.00    0.00    0.00    2.00     4  postgres
07:33:52 PM 100998    585832    1.00    0.00    0.00    0.00    1.00     4  postgres
07:33:52 PM 100998    585854    1.00    0.00    0.00    0.00    1.00     4  postgres
07:33:52 PM 100998    585868    1.00    1.00    0.00    0.00    2.00     4  postgres

07:33:52 PM   UID       PID    %usr %system  %guest   %wait    %CPU   CPU  Command
07:33:53 PM 100998    584842    0.00    0.00    0.00    0.00    0.00     6  postgres
07:33:53 PM 100998    584843    0.00    0.00    0.00    0.00    0.00     4  postgres
07:33:53 PM 100998    584845    0.00    0.00    0.00    0.00    0.00     6  postgres
07:33:53 PM 100998    584846    0.00    0.00    0.00    0.00    0.00     5  postgres
07:33:53 PM 100998    585785    1.00    0.00    0.00    0.00    1.00     6  postgres
07:33:53 PM 100998    585794    0.00    1.00    0.00    0.00    1.00     4  postgres
07:33:53 PM 100998    585796    1.00    1.00    0.00    0.00    2.00     6  postgres
07:33:53 PM 100998    585797    1.00    1.00    0.00    0.00    2.00     6  postgres
07:33:53 PM 100998    585799    1.00    1.00    0.00    0.00    2.00     5  postgres
07:33:53 PM 100998    585800    1.00    1.00    0.00    0.00    2.00     4  postgres
07:33:53 PM 100998    585801    1.00    1.00    0.00    0.00    2.00     4  postgres
07:33:53 PM 100998    585802    1.00    1.00    0.00    0.00    2.00     4  postgres
07:33:53 PM 100998    585803    1.00    1.00    0.00    0.00    2.00     6  postgres
07:33:53 PM 100998    585804    0.00    1.00    0.00    0.00    1.00     4  postgres
07:33:53 PM 100998    585805    1.00    1.00    0.00    0.00    2.00     4  postgres
07:33:53 PM 100998    585807    1.00    1.00    0.00    0.00    2.00     5  postgres
07:33:53 PM 100998    585808    0.00    1.00    0.00    0.00    1.00     6  postgres
07:33:53 PM 100998    585811    0.00    0.00    0.00    0.00    0.00     6  postgres
07:33:53 PM 100998    585813    0.00    0.00    0.00    0.00    0.00     4  postgres
07:33:53 PM 100998    585815    0.00    1.00    0.00    0.00    1.00     4  postgres
07:33:53 PM 100998    585817    0.00    1.00    0.00    0.00    1.00     4  postgres
07:33:53 PM 100998    585832    1.00    1.00    0.00    0.00    2.00     4  postgres
07:33:53 PM 100998    585854    1.00    1.00    0.00    0.00    2.00     6  postgres
07:33:53 PM 100998    585868    0.00    0.00    0.00    0.00    0.00     6  postgres

07:33:53 PM   UID       PID    %usr %system  %guest   %wait    %CPU   CPU  Command
07:33:54 PM 100998    584842    0.00    0.00    0.00    0.00    0.00     6  postgres
07:33:54 PM 100998    584843    0.00    0.00    0.00    0.00    0.00     6  postgres
07:33:54 PM 100998    584845    0.00    0.00    0.00    0.00    0.00     6  postgres
07:33:54 PM 100998    584846    0.00    0.00    0.00    0.00    0.00     5  postgres
07:33:54 PM 100998    585785    1.00    2.00    0.00    0.00    3.00     4  postgres
07:33:54 PM 100998    585794    1.00    1.00    0.00    0.00    2.00     6  postgres
07:33:54 PM 100998    585796    1.00    1.00    0.00    0.00    2.00     4  postgres
07:33:54 PM 100998    585797    0.00    1.00    0.00    0.00    1.00     4  postgres
07:33:54 PM 100998    585799    0.00    1.00    0.00    0.00    1.00     5  postgres
07:33:54 PM 100998    585800    1.00    1.00    0.00    0.00    2.00     6  postgres
07:33:54 PM 100998    585801    1.00    1.00    0.00    0.00    2.00     6  postgres
07:33:54 PM 100998    585802    0.00    1.00    0.00    0.00    1.00     4  postgres
07:33:54 PM 100998    585803    0.00    1.00    0.00    0.00    1.00     4  postgres
07:33:54 PM 100998    585804    1.00    1.00    0.00    0.00    2.00     6  postgres
07:33:54 PM 100998    585805    0.00    1.00    0.00    0.00    1.00     4  postgres
07:33:54 PM 100998    585807    1.00    0.00    0.00    0.00    1.00     5  postgres
07:33:54 PM 100998    585808    1.00    1.00    0.00    0.00    2.00     6  postgres
07:33:54 PM 100998    585811    1.00    1.00    0.00    0.00    2.00     6  postgres
07:33:54 PM 100998    585813    1.00    1.00    0.00    0.00    2.00     6  postgres
07:33:54 PM 100998    585815    1.00    0.00    0.00    0.00    1.00     4  postgres
07:33:54 PM 100998    585817    1.00    0.00    0.00    0.00    1.00     4  postgres
07:33:54 PM 100998    585832    0.00    1.00    0.00    0.00    1.00     4  postgres
07:33:54 PM 100998    585854    0.00    0.00    0.00    0.00    0.00     6  postgres
07:33:54 PM 100998    585868    1.00    1.00    0.00    0.00    2.00     6  postgres

07:33:54 PM   UID       PID    %usr %system  %guest   %wait    %CPU   CPU  Command
07:33:55 PM 100998    584842    0.00    0.00    0.00    0.00    0.00     6  postgres
07:33:55 PM 100998    584843    0.00    0.00    0.00    0.00    0.00     6  postgres
07:33:55 PM 100998    584845    0.00    0.00    0.00    0.00    0.00     6  postgres
07:33:55 PM 100998    584846    0.00    0.00    0.00    0.00    0.00     5  postgres
07:33:55 PM 100998    585785    1.00    1.00    0.00    0.00    2.00     6  postgres
07:33:55 PM 100998    585794    0.00    1.00    0.00    0.00    1.00     6  postgres
07:33:55 PM 100998    585796    0.00    1.00    0.00    0.00    1.00     6  postgres
07:33:55 PM 100998    585797    1.00    1.00    0.00    0.00    2.00     4  postgres
07:33:55 PM 100998    585799    2.00    1.00    0.00    1.00    3.00     5  postgres
07:33:55 PM 100998    585800    0.00    2.00    0.00    0.00    2.00     6  postgres
07:33:55 PM 100998    585801    1.00    1.00    0.00    0.00    2.00     4  postgres
07:33:55 PM 100998    585802    1.00    0.00    0.00    0.00    1.00     6  postgres
07:33:55 PM 100998    585803    1.00    1.00    0.00    0.00    2.00     6  postgres
07:33:55 PM 100998    585804    1.00    0.00    0.00    0.00    1.00     6  postgres
07:33:55 PM 100998    585805    1.00    0.00    0.00    0.00    1.00     4  postgres
07:33:55 PM 100998    585807    1.00    1.00    0.00    0.00    2.00     5  postgres
07:33:55 PM 100998    585808    1.00    0.00    0.00    0.00    1.00     5  postgres
07:33:55 PM 100998    585811    0.00    0.00    0.00    0.00    0.00     6  postgres
07:33:55 PM 100998    585813    0.00    1.00    0.00    0.00    1.00     6  postgres
07:33:55 PM 100998    585815    0.00    1.00    0.00    0.00    1.00     4  postgres
07:33:55 PM 100998    585817    1.00    1.00    0.00    0.00    2.00     4  postgres
07:33:55 PM 100998    585832    1.00    1.00    0.00    0.00    2.00     4  postgres
07:33:55 PM 100998    585854    1.00    1.00    0.00    0.00    2.00     4  postgres
07:33:55 PM 100998    585868    0.00    1.00    0.00    0.00    1.00     4  postgres

07:33:55 PM   UID       PID    %usr %system  %guest   %wait    %CPU   CPU  Command
07:33:56 PM 100998    584842    0.00    0.00    0.00    0.00    0.00     6  postgres
07:33:56 PM 100998    584843    0.00    0.00    0.00    0.00    0.00     6  postgres
07:33:56 PM 100998    584845    0.00    0.00    0.00    0.00    0.00     6  postgres
07:33:56 PM 100998    584846    0.00    0.00    0.00    0.00    0.00     5  postgres
07:33:56 PM 100998    585785    1.00    1.00    0.00    0.00    2.00     4  postgres
07:33:56 PM 100998    585794    1.00    0.00    0.00    0.00    1.00     6  postgres
07:33:56 PM 100998    585796    1.00    0.00    0.00    0.00    1.00     4  postgres
07:33:56 PM 100998    585797    0.00    0.00    0.00    0.00    0.00     4  postgres
07:33:56 PM 100998    585799    1.00    1.00    0.00    0.00    2.00     5  postgres
07:33:56 PM 100998    585800    1.00    0.00    0.00    0.00    1.00     4  postgres
07:33:56 PM 100998    585801    0.00    0.00    0.00    0.00    0.00     6  postgres
07:33:56 PM 100998    585802    1.00    1.00    0.00    0.00    2.00     5  postgres
07:33:56 PM 100998    585803    1.00    0.00    0.00    0.00    1.00     4  postgres
07:33:56 PM 100998    585804    0.00    1.00    0.00    0.00    1.00     4  postgres
07:33:56 PM 100998    585805    0.00    1.00    0.00    0.00    1.00     4  postgres
07:33:56 PM 100998    585807    0.00    1.00    0.00    0.00    1.00     5  postgres
07:33:56 PM 100998    585808    1.00    1.00    0.00    0.00    2.00     6  postgres
07:33:56 PM 100998    585811    1.00    1.00    0.00    0.00    2.00     4  postgres
07:33:56 PM 100998    585813    1.00    1.00    0.00    0.00    2.00     6  postgres
07:33:56 PM 100998    585815    1.00    0.00    0.00    0.00    1.00     6  postgres
07:33:56 PM 100998    585817    0.00    0.00    0.00    0.00    0.00     5  postgres
07:33:56 PM 100998    585832    0.00    1.00    0.00    0.00    1.00     6  postgres
07:33:56 PM 100998    585854    1.00    1.00    0.00    0.00    2.00     6  postgres
07:33:56 PM 100998    585868    1.00    1.00    0.00    0.00    2.00     6  postgres

07:33:56 PM   UID       PID    %usr %system  %guest   %wait    %CPU   CPU  Command
07:33:57 PM 100998    584842    0.00    0.00    0.00    0.00    0.00     6  postgres
07:33:57 PM 100998    584843    0.00    0.00    0.00    0.00    0.00     6  postgres
07:33:57 PM 100998    584845    0.00    0.00    0.00    0.00    0.00     6  postgres
07:33:57 PM 100998    584846    0.00    0.00    0.00    0.00    0.00     5  postgres
07:33:57 PM 100998    585785    1.00    1.00    0.00    0.00    2.00     6  postgres
07:33:57 PM 100998    585794    1.00    1.00    0.00    0.00    2.00     6  postgres
07:33:57 PM 100998    585796    1.00    1.00    0.00    0.00    2.00     6  postgres
07:33:57 PM 100998    585797    1.00    1.00    0.00    0.00    2.00     4  postgres
07:33:57 PM 100998    585799    0.00    0.00    0.00    0.00    0.00     5  postgres
07:33:57 PM 100998    585800    1.00    1.00    0.00    0.00    2.00     6  postgres
07:33:57 PM 100998    585801    1.00    1.00    0.00    0.00    2.00     5  postgres
07:33:57 PM 100998    585802    1.00    1.00    0.00    0.00    2.00     4  postgres
07:33:57 PM 100998    585803    1.00    1.00    0.00    0.00    2.00     4  postgres
07:33:57 PM 100998    585804    1.00    1.00    0.00    0.00    2.00     6  postgres
07:33:57 PM 100998    585805    1.00    0.00    0.00    0.00    1.00     6  postgres
07:33:57 PM 100998    585807    1.00    0.00    0.00    0.00    1.00     4  postgres
07:33:57 PM 100998    585808    0.00    1.00    0.00    0.00    1.00     4  postgres
07:33:57 PM 100998    585811    0.00    0.00    0.00    0.00    0.00     6  postgres
07:33:57 PM 100998    585813    1.00    0.00    0.00    0.00    1.00     4  postgres
07:33:57 PM 100998    585815    0.00    0.00    0.00    0.00    0.00     4  postgres
07:33:57 PM 100998    585817    1.00    2.00    0.00    0.00    3.00     5  postgres
07:33:57 PM 100998    585832    1.00    0.00    0.00    0.00    1.00     4  postgres
07:33:57 PM 100998    585854    0.00    0.00    0.00    0.00    0.00     4  postgres
07:33:57 PM 100998    585868    1.00    0.00    0.00    0.00    1.00     4  postgres

07:33:57 PM   UID       PID    %usr %system  %guest   %wait    %CPU   CPU  Command
07:33:58 PM 100998    584842    0.00    0.00    0.00    0.00    0.00     6  postgres
07:33:58 PM 100998    584843    0.00    0.00    0.00    0.00    0.00     6  postgres
07:33:58 PM 100998    584845    0.00    0.00    0.00    0.00    0.00     6  postgres
07:33:58 PM 100998    584846    0.00    0.00    0.00    0.00    0.00     5  postgres
07:33:58 PM 100998    585785    0.00    0.00    0.00    0.00    0.00     4  postgres
07:33:58 PM 100998    585794    1.00    1.00    0.00    0.00    2.00     4  postgres
07:33:58 PM 100998    585796    1.00    0.00    0.00    0.00    1.00     6  postgres
07:33:58 PM 100998    585797    1.00    0.00    0.00    0.00    1.00     6  postgres
07:33:58 PM 100998    585799    1.00    2.00    0.00    0.00    3.00     5  postgres
07:33:58 PM 100998    585800    0.00    1.00    0.00    0.00    1.00     6  postgres
07:33:58 PM 100998    585801    1.00    0.00    0.00    0.00    1.00     5  postgres
07:33:58 PM 100998    585802    0.00    1.00    0.00    0.00    1.00     4  postgres
07:33:58 PM 100998    585803    1.00    1.00    0.00    0.00    2.00     4  postgres
07:33:58 PM 100998    585804    1.00    0.00    0.00    0.00    1.00     6  postgres
07:33:58 PM 100998    585805    1.00    1.00    0.00    0.00    2.00     6  postgres
07:33:58 PM 100998    585807    1.00    1.00    0.00    0.00    2.00     4  postgres
07:33:58 PM 100998    585808    0.00    0.00    0.00    0.00    0.00     6  postgres
07:33:58 PM 100998    585811    1.00    1.00    0.00    0.00    2.00     4  postgres
07:33:58 PM 100998    585813    0.00    1.00    0.00    0.00    1.00     4  postgres
07:33:58 PM 100998    585815    1.00    1.00    0.00    0.00    2.00     4  postgres
07:33:58 PM 100998    585817    1.00    0.00    0.00    0.00    1.00     5  postgres
07:33:58 PM 100998    585832    1.00    1.00    0.00    0.00    2.00     6  postgres
07:33:58 PM 100998    585854    1.00    0.00    0.00    0.00    1.00     6  postgres
07:33:58 PM 100998    585868    0.00    1.00    0.00    0.00    1.00     4  postgres

07:33:58 PM   UID       PID    %usr %system  %guest   %wait    %CPU   CPU  Command
07:33:59 PM 100998    584842    0.00    0.00    0.00    0.00    0.00     6  postgres
07:33:59 PM 100998    584843    0.00    0.00    0.00    0.00    0.00     6  postgres
07:33:59 PM 100998    584845    0.00    0.00    0.00    0.00    0.00     6  postgres
07:33:59 PM 100998    584846    0.00    0.00    0.00    0.00    0.00     5  postgres
07:33:59 PM 100998    585785    1.00    1.00    0.00    0.00    2.00     4  postgres
07:33:59 PM 100998    585794    1.00    1.00    0.00    0.00    2.00     4  postgres
07:33:59 PM 100998    585796    1.00    1.00    0.00    0.00    2.00     6  postgres
07:33:59 PM 100998    585797    1.00    1.00    0.00    0.00    2.00     4  postgres
07:33:59 PM 100998    585799    1.00    0.00    0.00    0.00    1.00     5  postgres
07:33:59 PM 100998    585800    1.00    1.00    0.00    0.00    2.00     4  postgres
07:33:59 PM 100998    585801    1.00    1.00    0.00    0.00    2.00     5  postgres
07:33:59 PM 100998    585802    1.00    1.00    0.00    0.00    2.00     6  postgres
07:33:59 PM 100998    585803    1.00    0.00    0.00    0.00    1.00     4  postgres
07:33:59 PM 100998    585804    1.00    0.00    0.00    0.00    1.00     6  postgres
07:33:59 PM 100998    585805    0.00    1.00    0.00    0.00    1.00     6  postgres
07:33:59 PM 100998    585807    0.00    0.00    0.00    0.00    0.00     4  postgres
07:33:59 PM 100998    585808    1.00    1.00    0.00    0.00    2.00     6  postgres
07:33:59 PM 100998    585811    0.00    0.00    0.00    0.00    0.00     6  postgres
07:33:59 PM 100998    585813    0.00    1.00    0.00    0.00    1.00     6  postgres
07:33:59 PM 100998    585815    0.00    0.00    0.00    0.00    0.00     4  postgres
07:33:59 PM 100998    585817    1.00    0.00    0.00    0.00    1.00     5  postgres
07:33:59 PM 100998    585832    0.00    0.00    0.00    0.00    0.00     6  postgres
07:33:59 PM 100998    585854    0.00    0.00    0.00    0.00    0.00     4  postgres
07:33:59 PM 100998    585868    1.00    0.00    0.00    0.00    1.00     4  postgres

07:33:59 PM   UID       PID    %usr %system  %guest   %wait    %CPU   CPU  Command
07:34:00 PM 100998    584842    0.00    0.00    0.00    0.00    0.00     6  postgres
07:34:00 PM 100998    584843    0.00    0.00    0.00    0.00    0.00     4  postgres
07:34:00 PM 100998    584845    0.00    0.00    0.00    0.00    0.00     6  postgres
07:34:00 PM 100998    584846    0.00    0.00    0.00    0.00    0.00     5  postgres
07:34:00 PM 100998    585785    1.00    1.00    0.00    0.00    2.00     6  postgres
07:34:00 PM 100998    585794    1.00    1.00    0.00    0.00    2.00     5  postgres
07:34:00 PM 100998    585796    0.00    1.00    0.00    0.00    1.00     4  postgres
07:34:00 PM 100998    585797    0.00    1.00    0.00    0.00    1.00     6  postgres
07:34:00 PM 100998    585799    1.00    0.00    0.00    0.00    1.00     5  postgres
07:34:00 PM 100998    585800    1.00    0.00    0.00    0.00    1.00     4  postgres
07:34:00 PM 100998    585801    0.00    1.00    0.00    0.00    1.00     5  postgres
07:34:00 PM 100998    585802    1.00    0.00    0.00    0.00    1.00     4  postgres
07:34:00 PM 100998    585803    0.00    1.00    0.00    0.00    1.00     6  postgres
07:34:00 PM 100998    585804    0.00    1.00    0.00    0.00    1.00     4  postgres
07:34:00 PM 100998    585805    1.00    0.00    0.00    0.00    1.00     6  postgres
07:34:00 PM 100998    585807    1.00    1.00    0.00    0.00    2.00     4  postgres
07:34:00 PM 100998    585808    1.00    0.00    0.00    0.00    1.00     4  postgres
07:34:00 PM 100998    585811    1.00    1.00    0.00    0.00    2.00     6  postgres
07:34:00 PM 100998    585813    1.00    0.00    0.00    0.00    1.00     6  postgres
07:34:00 PM 100998    585815    1.00    1.00    0.00    0.00    2.00     6  postgres
07:34:00 PM 100998    585817    0.00    0.00    0.00    0.00    0.00     5  postgres
07:34:00 PM 100998    585832    1.00    1.00    0.00    0.00    2.00     6  postgres
07:34:00 PM 100998    585854    1.00    1.00    0.00    0.00    2.00     4  postgres
07:34:00 PM 100998    585868    0.00    1.00    0.00    0.00    1.00     6  postgres

07:34:00 PM   UID       PID    %usr %system  %guest   %wait    %CPU   CPU  Command
07:34:01 PM 100998    584842    0.00    0.00    0.00    0.00    0.00     6  postgres
07:34:01 PM 100998    584843    0.00    0.00    0.00    0.00    0.00     4  postgres
07:34:01 PM 100998    584845    0.00    0.00    0.00    0.00    0.00     6  postgres
07:34:01 PM 100998    584846    0.00    0.00    0.00    0.00    0.00     5  postgres
07:34:01 PM 100998    585785    0.00    1.00    0.00    0.00    1.00     4  postgres
07:34:01 PM 100998    585794    2.00    1.00    0.00    0.00    3.00     5  postgres
07:34:01 PM 100998    585796    1.00    0.00    0.00    0.00    1.00     6  postgres
07:34:01 PM 100998    585797    1.00    1.00    0.00    1.00    2.00     6  postgres
07:34:01 PM 100998    585799    1.00    1.00    0.00    0.00    2.00     4  postgres
07:34:01 PM 100998    585800    1.00    1.00    0.00    0.00    2.00     6  postgres
07:34:01 PM 100998    585801    1.00    1.00    0.00    0.00    2.00     5  postgres
07:34:01 PM 100998    585802    0.00    1.00    0.00    0.00    1.00     6  postgres
07:34:01 PM 100998    585803    0.00    0.00    0.00    0.00    0.00     6  postgres
07:34:01 PM 100998    585804    0.00    1.00    0.00    0.00    1.00     4  postgres
07:34:01 PM 100998    585805    1.00    1.00    0.00    0.00    2.00     4  postgres
07:34:01 PM 100998    585807    0.00    1.00    0.00    0.00    1.00     4  postgres
07:34:01 PM 100998    585808    1.00    1.00    0.00    0.00    2.00     6  postgres
07:34:01 PM 100998    585811    1.00    0.00    0.00    0.00    1.00     4  postgres
07:34:01 PM 100998    585813    0.00    1.00    0.00    0.00    1.00     4  postgres
07:34:01 PM 100998    585815    0.00    1.00    0.00    0.00    1.00     4  postgres
07:34:01 PM 100998    585817    1.00    1.00    0.00    0.00    2.00     5  postgres
07:34:01 PM 100998    585832    0.00    0.00    0.00    0.00    0.00     4  postgres
07:34:01 PM 100998    585854    0.00    0.00    0.00    0.00    0.00     4  postgres
07:34:01 PM 100998    585868    0.00    1.00    0.00    0.00    1.00     6  postgres

07:34:01 PM   UID       PID    %usr %system  %guest   %wait    %CPU   CPU  Command
07:34:02 PM 100998    584842    0.00    0.00    0.00    0.00    0.00     6  postgres
07:34:02 PM 100998    584843    0.00    0.00    0.00    0.00    0.00     4  postgres
07:34:02 PM 100998    584845    0.00    0.00    0.00    0.00    0.00     6  postgres
07:34:02 PM 100998    584846    0.00    0.00    0.00    0.00    0.00     5  postgres
07:34:02 PM 100998    585785    1.00    1.00    0.00    0.00    2.00     6  postgres
07:34:02 PM 100998    585794    0.00    1.00    0.00    0.00    1.00     4  postgres
07:34:02 PM 100998    585796    1.00    1.00    0.00    0.00    2.00     6  postgres
07:34:02 PM 100998    585797    0.00    1.00    0.00    0.00    1.00     4  postgres
07:34:02 PM 100998    585799    1.00    1.00    0.00    0.00    2.00     6  postgres
07:34:02 PM 100998    585800    0.00    1.00    0.00    0.00    1.00     6  postgres
07:34:02 PM 100998    585801    1.00    1.00    0.00    0.00    2.00     5  postgres
07:34:02 PM 100998    585802    1.00    0.00    0.00    0.00    1.00     6  postgres
07:34:02 PM 100998    585803    1.00    1.00    0.00    0.00    2.00     4  postgres
07:34:02 PM 100998    585804    0.00    1.00    0.00    0.00    1.00     4  postgres
07:34:02 PM 100998    585805    0.00    0.00    0.00    0.00    0.00     6  postgres
07:34:02 PM 100998    585807    1.00    1.00    0.00    0.00    2.00     6  postgres
07:34:02 PM 100998    585808    1.00    1.00    0.00    0.00    2.00     4  postgres
07:34:02 PM 100998    585811    1.00    1.00    0.00    0.00    2.00     4  postgres
07:34:02 PM 100998    585813    1.00    1.00    0.00    0.00    2.00     6  postgres
07:34:02 PM 100998    585815    1.00    1.00    0.00    0.00    2.00     4  postgres
07:34:02 PM 100998    585817    1.00    1.00    0.00    0.00    2.00     6  postgres
07:34:02 PM 100998    585832    1.00    1.00    0.00    0.00    2.00     4  postgres
07:34:02 PM 100998    585854    0.00    1.00    0.00    0.00    1.00     4  postgres
07:34:02 PM 100998    585868    1.00    1.00    0.00    0.00    2.00     4  postgres

07:34:02 PM   UID       PID    %usr %system  %guest   %wait    %CPU   CPU  Command
07:34:03 PM 100998    584842    0.00    0.00    0.00    0.00    0.00     6  postgres
07:34:03 PM 100998    584843    0.00    0.00    0.00    0.00    0.00     4  postgres
07:34:03 PM 100998    584845    0.00    0.00    0.00    0.00    0.00     6  postgres
07:34:03 PM 100998    584846    0.00    0.00    0.00    0.00    0.00     5  postgres
07:34:03 PM 100998    585785    1.00    0.00    0.00    0.00    1.00     4  postgres
07:34:03 PM 100998    585794    1.00    1.00    0.00    0.00    2.00     4  postgres
07:34:03 PM 100998    585796    0.00    0.00    0.00    0.00    0.00     6  postgres
07:34:03 PM 100998    585797    1.00    0.00    0.00    0.00    1.00     4  postgres
07:34:03 PM 100998    585799    1.00    0.00    0.00    0.00    1.00     6  postgres
07:34:03 PM 100998    585800    1.00    1.00    0.00    0.00    2.00     6  postgres
07:34:03 PM 100998    585801    2.00    1.00    0.00    0.00    3.00     5  postgres
07:34:03 PM 100998    585802    1.00    1.00    0.00    0.00    2.00     6  postgres
07:34:03 PM 100998    585803    1.00    1.00    0.00    0.00    2.00     5  postgres
07:34:03 PM 100998    585804    1.00    1.00    0.00    0.00    2.00     6  postgres
07:34:03 PM 100998    585805    0.00    1.00    0.00    0.00    1.00     4  postgres
07:34:03 PM 100998    585807    0.00    0.00    0.00    0.00    0.00     4  postgres
07:34:03 PM 100998    585808    0.00    1.00    0.00    0.00    1.00     4  postgres
07:34:03 PM 100998    585811    1.00    0.00    0.00    0.00    1.00     6  postgres
07:34:03 PM 100998    585813    0.00    0.00    0.00    0.00    0.00     5  postgres
07:34:03 PM 100998    585815    1.00    1.00    0.00    0.00    2.00     4  postgres
07:34:03 PM 100998    585817    0.00    1.00    0.00    0.00    1.00     4  postgres
07:34:03 PM 100998    585832    1.00    0.00    0.00    0.00    1.00     6  postgres
07:34:03 PM 100998    585854    1.00    0.00    0.00    0.00    1.00     6  postgres
07:34:03 PM 100998    585868    1.00    1.00    0.00    0.00    2.00     5  postgres

07:34:03 PM   UID       PID    %usr %system  %guest   %wait    %CPU   CPU  Command
07:34:04 PM 100998    584842    0.00    0.00    0.00    0.00    0.00     6  postgres
07:34:04 PM 100998    584843    0.00    0.00    0.00    0.00    0.00     4  postgres
07:34:04 PM 100998    584845    0.00    0.00    0.00    0.00    0.00     6  postgres
07:34:04 PM 100998    584846    0.00    0.00    0.00    0.00    0.00     5  postgres
07:34:04 PM 100998    585785    0.00    1.00    0.00    0.00    1.00     6  postgres
07:34:04 PM 100998    585794    1.00    1.00    0.00    0.00    2.00     4  postgres
07:34:04 PM 100998    585796    1.00    1.00    0.00    0.00    2.00     4  postgres
07:34:04 PM 100998    585797    0.00    1.00    0.00    0.00    1.00     6  postgres
07:34:04 PM 100998    585799    0.00    1.00    0.00    0.00    1.00     6  postgres
07:34:04 PM 100998    585800    1.00    0.00    0.00    1.00    1.00     4  postgres
07:34:04 PM 100998    585801    1.00    1.00    0.00    0.00    2.00     5  postgres
07:34:04 PM 100998    585802    1.00    1.00    0.00    0.00    2.00     6  postgres
07:34:04 PM 100998    585803    2.00    1.00    0.00    1.00    3.00     5  postgres
07:34:04 PM 100998    585804    1.00    0.00    0.00    0.00    1.00     4  postgres
07:34:04 PM 100998    585805    1.00    1.00    0.00    0.00    2.00     4  postgres
07:34:04 PM 100998    585807    1.00    0.00    0.00    0.00    1.00     6  postgres
07:34:04 PM 100998    585808    1.00    1.00    0.00    0.00    2.00     4  postgres
07:34:04 PM 100998    585811    0.00    1.00    0.00    0.00    1.00     4  postgres
07:34:04 PM 100998    585813    1.00    1.00    0.00    0.00    2.00     6  postgres
07:34:04 PM 100998    585815    0.00    0.00    0.00    0.00    0.00     4  postgres
07:34:04 PM 100998    585817    1.00    0.00    0.00    1.00    1.00     4  postgres
07:34:04 PM 100998    585832    0.00    1.00    0.00    0.00    1.00     4  postgres
07:34:04 PM 100998    585854    0.00    1.00    0.00    0.00    1.00     4  postgres
07:34:04 PM 100998    585868    1.00    0.00    0.00    0.00    1.00     5  postgres

07:34:04 PM   UID       PID    %usr %system  %guest   %wait    %CPU   CPU  Command
07:34:05 PM 100998    584842    0.00    0.00    0.00    0.00    0.00     6  postgres
07:34:05 PM 100998    584843    0.00    0.00    0.00    0.00    0.00     4  postgres
07:34:05 PM 100998    584845    0.00    0.00    0.00    0.00    0.00     6  postgres
07:34:05 PM 100998    584846    0.00    0.00    0.00    0.00    0.00     5  postgres
07:34:05 PM 100998    585785    1.00    0.00    0.00    0.00    1.00     4  postgres
07:34:05 PM 100998    585794    1.00    1.00    0.00    0.00    2.00     4  postgres
07:34:05 PM 100998    585796    1.00    0.00    0.00    0.00    1.00     4  postgres
07:34:05 PM 100998    585797    2.00    1.00    0.00    0.00    3.00     4  postgres
07:34:05 PM 100998    585799    1.00    1.00    0.00    0.00    2.00     4  postgres
07:34:05 PM 100998    585800    0.00    1.00    0.00    0.00    1.00     6  postgres
07:34:05 PM 100998    585801    1.00    1.00    0.00    0.00    2.00     6  postgres
07:34:05 PM 100998    585802    0.00    1.00    0.00    1.00    1.00     6  postgres
07:34:05 PM 100998    585803    1.00    1.00    0.00    0.00    2.00     5  postgres
07:34:05 PM 100998    585804    1.00    1.00    0.00    0.00    2.00     4  postgres
07:34:05 PM 100998    585805    1.00    1.00    0.00    1.00    2.00     6  postgres
07:34:05 PM 100998    585807    1.00    1.00    0.00    0.00    2.00     6  postgres
07:34:05 PM 100998    585808    0.00    0.00    0.00    0.00    0.00     6  postgres
07:34:05 PM 100998    585811    1.00    0.00    0.00    0.00    1.00     6  postgres
07:34:05 PM 100998    585813    0.00    0.00    0.00    0.00    0.00     6  postgres
07:34:05 PM 100998    585815    1.00    1.00    0.00    0.00    2.00     6  postgres
07:34:05 PM 100998    585817    1.00    1.00    0.00    0.00    2.00     4  postgres
07:34:05 PM 100998    585832    1.00    1.00    0.00    0.00    2.00     4  postgres
07:34:05 PM 100998    585854    1.00    0.00    0.00    0.00    1.00     6  postgres
07:34:05 PM 100998    585868    1.00    0.00    0.00    0.00    1.00     5  postgres

07:34:05 PM   UID       PID    %usr %system  %guest   %wait    %CPU   CPU  Command
07:34:06 PM 100998    584842    0.00    0.00    0.00    0.00    0.00     6  postgres
07:34:06 PM 100998    584843    0.00    0.00    0.00    0.00    0.00     6  postgres
07:34:06 PM 100998    584845    0.00    0.00    0.00    0.00    0.00     6  postgres
07:34:06 PM 100998    584846    0.00    0.00    0.00    0.00    0.00     5  postgres
07:34:06 PM 100998    585785    1.00    1.00    0.00    0.00    2.00     4  postgres
07:34:06 PM 100998    585794    0.00    1.00    0.00    0.00    1.00     6  postgres
07:34:06 PM 100998    585796    1.00    1.00    0.00    0.00    2.00     4  postgres
07:34:06 PM 100998    585797    0.00    0.00    0.00    0.00    0.00     6  postgres
07:34:06 PM 100998    585799    1.00    0.00    0.00    0.00    1.00     6  postgres
07:34:06 PM 100998    585800    1.00    0.00    0.00    0.00    1.00     4  postgres
07:34:06 PM 100998    585801    0.00    0.00    0.00    0.00    0.00     4  postgres
07:34:06 PM 100998    585802    1.00    0.00    0.00    0.00    1.00     4  postgres
07:34:06 PM 100998    585803    0.00    1.00    0.00    0.00    1.00     5  postgres
07:34:06 PM 100998    585804    0.00    1.00    0.00    0.00    1.00     4  postgres
07:34:06 PM 100998    585805    1.00    0.00    0.00    0.00    1.00     4  postgres
07:34:06 PM 100998    585807    0.00    1.00    0.00    0.00    1.00     6  postgres
07:34:06 PM 100998    585808    0.00    1.00    0.00    0.00    1.00     4  postgres
07:34:06 PM 100998    585811    1.00    0.00    0.00    0.00    1.00     4  postgres
07:34:06 PM 100998    585813    0.00    1.00    0.00    0.00    1.00     6  postgres
07:34:06 PM 100998    585815    0.00    0.00    0.00    0.00    0.00     4  postgres
07:34:06 PM 100998    585817    0.00    0.00    0.00    0.00    0.00     4  postgres
07:34:06 PM 100998    585832    0.00    1.00    0.00    0.00    1.00     6  postgres
07:34:06 PM 100998    585854    0.00    1.00    0.00    0.00    1.00     6  postgres
07:34:06 PM 100998    585868    0.00    1.00    0.00    0.00    1.00     5  postgres

07:34:06 PM   UID       PID    %usr %system  %guest   %wait    %CPU   CPU  Command
07:34:07 PM 100998    584842    0.00    0.00    0.00    0.00    0.00     6  postgres
07:34:07 PM 100998    584843    0.00    0.00    0.00    0.00    0.00     6  postgres
07:34:07 PM 100998    584845    0.00    0.00    0.00    0.00    0.00     6  postgres
07:34:07 PM 100998    584846    0.00    0.00    0.00    0.00    0.00     5  postgres
07:34:07 PM 100998    585785    1.00    1.00    0.00    0.00    2.00     6  postgres
07:34:07 PM 100998    585794    1.00    1.00    0.00    1.00    2.00     6  postgres
07:34:07 PM 100998    585796    1.00    1.00    0.00    0.00    2.00     4  postgres
07:34:07 PM 100998    585797    1.00    1.00    0.00    0.00    2.00     6  postgres
07:34:07 PM 100998    585799    0.00    1.00    0.00    0.00    1.00     6  postgres
07:34:07 PM 100998    585800    1.00    1.00    0.00    0.00    2.00     6  postgres
07:34:07 PM 100998    585801    1.00    1.00    0.00    0.00    2.00     6  postgres
07:34:07 PM 100998    585802    0.00    1.00    0.00    0.00    1.00     4  postgres
07:34:07 PM 100998    585803    2.00    1.00    0.00    0.00    3.00     5  postgres
07:34:07 PM 100998    585804    0.00    0.00    0.00    0.00    0.00     4  postgres
07:34:07 PM 100998    585805    0.00    1.00    0.00    0.00    1.00     4  postgres
07:34:07 PM 100998    585807    1.00    0.00    0.00    0.00    1.00     6  postgres
07:34:07 PM 100998    585808    1.00    0.00    0.00    0.00    1.00     6  postgres
07:34:07 PM 100998    585811    1.00    0.00    0.00    0.00    1.00     4  postgres
07:34:07 PM 100998    585813    1.00    0.00    0.00    0.00    1.00     4  postgres
07:34:07 PM 100998    585815    1.00    1.00    0.00    0.00    2.00     6  postgres
07:34:07 PM 100998    585817    0.00    0.00    0.00    0.00    0.00     6  postgres
07:34:07 PM 100998    585832    1.00    0.00    0.00    0.00    1.00     6  postgres
07:34:07 PM 100998    585854    1.00    0.00    0.00    0.00    1.00     6  postgres
07:34:07 PM 100998    585868    1.00    0.00    0.00    0.00    1.00     5  postgres

07:34:07 PM   UID       PID    %usr %system  %guest   %wait    %CPU   CPU  Command
07:34:08 PM 100998    584842    0.00    0.00    0.00    0.00    0.00     6  postgres
07:34:08 PM 100998    584843    0.00    0.00    0.00    0.00    0.00     6  postgres
07:34:08 PM 100998    584845    0.00    0.00    0.00    0.00    0.00     6  postgres
07:34:08 PM 100998    584846    0.00    0.00    0.00    0.00    0.00     5  postgres
07:34:08 PM 100998    585785    0.00    1.00    0.00    0.00    1.00     6  postgres
07:34:08 PM 100998    585794    1.00    1.00    0.00    0.00    2.00     6  postgres
07:34:08 PM 100998    585796    1.00    1.00    0.00    0.00    2.00     6  postgres
07:34:08 PM 100998    585797    1.00    1.00    0.00    0.00    2.00     4  postgres
07:34:08 PM 100998    585799    1.00    0.00    0.00    0.00    1.00     4  postgres
07:34:08 PM 100998    585800    1.00    1.00    0.00    0.00    2.00     6  postgres
07:34:08 PM 100998    585801    1.00    1.00    0.00    0.00    2.00     6  postgres
07:34:08 PM 100998    585802    1.00    0.00    0.00    0.00    1.00     6  postgres
07:34:08 PM 100998    585803    1.00    1.00    0.00    0.00    2.00     5  postgres
07:34:08 PM 100998    585804    1.00    1.00    0.00    0.00    2.00     6  postgres
07:34:08 PM 100998    585805    1.00    1.00    0.00    0.00    2.00     6  postgres
07:34:08 PM 100998    585807    0.00    1.00    0.00    0.00    1.00     6  postgres
07:34:08 PM 100998    585808    0.00    1.00    0.00    0.00    1.00     4  postgres
07:34:08 PM 100998    585811    1.00    1.00    0.00    0.00    2.00     4  postgres
07:34:08 PM 100998    585813    0.00    1.00    0.00    0.00    1.00     4  postgres
07:34:08 PM 100998    585815    0.00    0.00    0.00    0.00    0.00     4  postgres
07:34:08 PM 100998    585817    1.00    1.00    0.00    0.00    2.00     4  postgres
07:34:08 PM 100998    585832    1.00    1.00    0.00    0.00    2.00     6  postgres
07:34:08 PM 100998    585854    1.00    1.00    0.00    0.00    2.00     5  postgres
07:34:08 PM 100998    585868    1.00    1.00    0.00    0.00    2.00     5  postgres

07:34:08 PM   UID       PID    %usr %system  %guest   %wait    %CPU   CPU  Command
07:34:09 PM 100998    584842    0.00    0.00    0.00    0.00    0.00     6  postgres
07:34:09 PM 100998    584843    0.00    0.00    0.00    0.00    0.00     6  postgres
07:34:09 PM 100998    584845    0.00    0.00    0.00    0.00    0.00     6  postgres
07:34:09 PM 100998    584846    0.00    0.00    0.00    0.00    0.00     5  postgres
07:34:09 PM 100998    585785    1.00    1.00    0.00    0.00    2.00     4  postgres
07:34:09 PM 100998    585794    0.00    0.00    0.00    0.00    0.00     4  postgres
07:34:09 PM 100998    585796    0.00    0.00    0.00    1.00    0.00     6  postgres
07:34:09 PM 100998    585797    0.00    1.00    0.00    0.00    1.00     6  postgres
07:34:09 PM 100998    585799    1.00    1.00    0.00    0.00    2.00     4  postgres
07:34:09 PM 100998    585800    1.00    1.00    0.00    0.00    2.00     4  postgres
07:34:09 PM 100998    585801    0.00    1.00    0.00    0.00    1.00     6  postgres
07:34:09 PM 100998    585802    0.00    1.00    0.00    0.00    1.00     4  postgres
07:34:09 PM 100998    585803    1.00    0.00    0.00    0.00    1.00     6  postgres
07:34:09 PM 100998    585804    0.00    1.00    0.00    0.00    1.00     4  postgres
07:34:09 PM 100998    585805    0.00    1.00    0.00    0.00    1.00     6  postgres
07:34:09 PM 100998    585807    1.00    1.00    0.00    0.00    2.00     6  postgres
07:34:09 PM 100998    585808    1.00    0.00    0.00    0.00    1.00     4  postgres
07:34:09 PM 100998    585811    0.00    1.00    0.00    0.00    1.00     6  postgres
07:34:09 PM 100998    585813    1.00    1.00    0.00    0.00    2.00     6  postgres
07:34:09 PM 100998    585815    1.00    1.00    0.00    0.00    2.00     4  postgres
07:34:09 PM 100998    585817    1.00    1.00    0.00    0.00    2.00     4  postgres
07:34:09 PM 100998    585832    0.00    0.00    0.00    0.00    0.00     6  postgres
07:34:09 PM 100998    585854    1.00    1.00    0.00    0.00    2.00     5  postgres
07:34:09 PM 100998    585868    1.00    1.00    0.00    0.00    2.00     5  postgres

07:34:09 PM   UID       PID    %usr %system  %guest   %wait    %CPU   CPU  Command
07:34:10 PM 100998    584842    0.00    0.00    0.00    0.00    0.00     6  postgres
07:34:10 PM 100998    584843    0.00    0.00    0.00    0.00    0.00     6  postgres
07:34:10 PM 100998    584845    0.00    0.00    0.00    0.00    0.00     6  postgres
07:34:10 PM 100998    584846    0.00    0.00    0.00    0.00    0.00     5  postgres
07:34:10 PM 100998    585785    1.00    1.00    0.00    1.00    2.00     6  postgres
07:34:10 PM 100998    585794    1.00    1.00    0.00    0.00    2.00     6  postgres
07:34:10 PM 100998    585796    1.00    1.00    0.00    0.00    2.00     4  postgres
07:34:10 PM 100998    585797    1.00    0.00    0.00    0.00    1.00     6  postgres
07:34:10 PM 100998    585799    0.00    1.00    0.00    0.00    1.00     6  postgres
07:34:10 PM 100998    585800    1.00    1.00    0.00    0.00    2.00     6  postgres
07:34:10 PM 100998    585801    1.00    0.00    0.00    0.00    1.00     6  postgres
07:34:10 PM 100998    585802    1.00    1.00    0.00    0.00    2.00     4  postgres
07:34:10 PM 100998    585803    0.00    1.00    0.00    0.00    1.00     4  postgres
07:34:10 PM 100998    585804    1.00    1.00    0.00    0.00    2.00     4  postgres
07:34:10 PM 100998    585805    1.00    1.00    0.00    0.00    2.00     6  postgres
07:34:10 PM 100998    585807    0.00    1.00    0.00    0.00    1.00     4  postgres
07:34:10 PM 100998    585808    1.00    2.00    0.00    0.00    3.00     4  postgres
07:34:10 PM 100998    585811    1.00    1.00    0.00    0.00    2.00     4  postgres
07:34:10 PM 100998    585813    1.00    1.00    0.00    0.00    2.00     4  postgres
07:34:10 PM 100998    585815    1.00    1.00    0.00    0.00    2.00     4  postgres
07:34:10 PM 100998    585817    1.00    2.00    0.00    0.00    3.00     6  postgres
07:34:10 PM 100998    585832    0.00    2.00    0.00    0.00    2.00     6  postgres
07:34:10 PM 100998    585854    1.00    1.00    0.00    0.00    2.00     5  postgres
07:34:10 PM 100998    585868    1.00    1.00    0.00    0.00    2.00     5  postgres

07:34:10 PM   UID       PID    %usr %system  %guest   %wait    %CPU   CPU  Command
07:34:11 PM 100998    584842    0.00    0.00    0.00    0.00    0.00     6  postgres
07:34:11 PM 100998    584843    0.00    0.00    0.00    0.00    0.00     6  postgres
07:34:11 PM 100998    584845    0.00    0.00    0.00    0.00    0.00     6  postgres
07:34:11 PM 100998    584846    0.00    0.00    0.00    0.00    0.00     5  postgres
07:34:11 PM 100998    585785    1.00    1.00    0.00    0.00    2.00     4  postgres
07:34:11 PM 100998    585794    1.00    0.00    0.00    0.00    1.00     4  postgres
07:34:11 PM 100998    585796    1.00    0.00    0.00    0.00    1.00     4  postgres
07:34:11 PM 100998    585797    1.00    1.00    0.00    0.00    2.00     6  postgres
07:34:11 PM 100998    585799    1.00    1.00    0.00    0.00    2.00     6  postgres
07:34:11 PM 100998    585800    1.00    1.00    0.00    0.00    2.00     4  postgres
07:34:11 PM 100998    585801    1.00    2.00    0.00    0.00    3.00     6  postgres
07:34:11 PM 100998    585802    1.00    0.00    0.00    0.00    1.00     6  postgres
07:34:11 PM 100998    585803    1.00    1.00    0.00    0.00    2.00     4  postgres
07:34:11 PM 100998    585804    1.00    0.00    0.00    0.00    1.00     6  postgres
07:34:11 PM 100998    585805    1.00    0.00    0.00    0.00    1.00     4  postgres
07:34:11 PM 100998    585807    1.00    1.00    0.00    0.00    2.00     6  postgres
07:34:11 PM 100998    585808    1.00    1.00    0.00    0.00    2.00     4  postgres
07:34:11 PM 100998    585811    1.00    1.00    0.00    0.00    2.00     6  postgres
07:34:11 PM 100998    585813    1.00    1.00    0.00    0.00    2.00     4  postgres
07:34:11 PM 100998    585815    1.00    1.00    0.00    0.00    2.00     4  postgres
07:34:11 PM 100998    585817    1.00    1.00    0.00    0.00    2.00     6  postgres
07:34:11 PM 100998    585832    2.00    0.00    0.00    0.00    2.00     4  postgres
07:34:11 PM 100998    585854    1.00    1.00    0.00    0.00    2.00     4  postgres
07:34:11 PM 100998    585868    1.00    0.00    0.00    0.00    1.00     5  postgres

07:34:11 PM   UID       PID    %usr %system  %guest   %wait    %CPU   CPU  Command
07:34:12 PM 100998    584842    0.00    0.00    0.00    0.00    0.00     6  postgres
07:34:12 PM 100998    584843    0.00    0.00    0.00    0.00    0.00     6  postgres
07:34:12 PM 100998    584845    0.00    0.00    0.00    0.00    0.00     6  postgres
07:34:12 PM 100998    584846    0.00    0.00    0.00    0.00    0.00     5  postgres
07:34:12 PM 100998    585785    1.00    1.00    0.00    0.00    2.00     6  postgres
07:34:12 PM 100998    585794    1.00    1.00    0.00    0.00    2.00     4  postgres
07:34:12 PM 100998    585796    1.00    1.00    0.00    0.00    2.00     4  postgres
07:34:12 PM 100998    585797    1.00    0.00    0.00    0.00    1.00     6  postgres
07:34:12 PM 100998    585799    1.00    1.00    0.00    0.00    2.00     4  postgres
07:34:12 PM 100998    585800    1.00    1.00    0.00    0.00    2.00     6  postgres
07:34:12 PM 100998    585801    1.00    1.00    0.00    0.00    2.00     6  postgres
07:34:12 PM 100998    585802    1.00    1.00    0.00    0.00    2.00     4  postgres
07:34:12 PM 100998    585803    1.00    1.00    0.00    0.00    2.00     6  postgres
07:34:12 PM 100998    585804    0.00    1.00    0.00    0.00    1.00     4  postgres
07:34:12 PM 100998    585805    1.00    1.00    0.00    0.00    2.00     4  postgres
07:34:12 PM 100998    585807    1.00    1.00    0.00    0.00    2.00     4  postgres
07:34:12 PM 100998    585808    1.00    0.00    0.00    0.00    1.00     6  postgres
07:34:12 PM 100998    585811    1.00    0.00    0.00    0.00    1.00     4  postgres
07:34:12 PM 100998    585813    1.00    1.00    0.00    0.00    2.00     4  postgres
07:34:12 PM 100998    585815    0.00    1.00    0.00    0.00    1.00     4  postgres
07:34:12 PM 100998    585817    1.00    1.00    0.00    0.00    2.00     6  postgres
07:34:12 PM 100998    585832    1.00    1.00    0.00    0.00    2.00     4  postgres
07:34:12 PM 100998    585854    1.00    1.00    0.00    0.00    2.00     6  postgres
07:34:12 PM 100998    585868    2.00    2.00    0.00    0.00    4.00     4  postgres

07:34:12 PM   UID       PID    %usr %system  %guest   %wait    %CPU   CPU  Command
07:34:13 PM 100998    584842    0.00    0.00    0.00    0.00    0.00     6  postgres
07:34:13 PM 100998    584843    0.00    0.00    0.00    0.00    0.00     6  postgres
07:34:13 PM 100998    584845    0.00    0.00    0.00    0.00    0.00     6  postgres
07:34:13 PM 100998    584846    0.00    0.00    0.00    0.00    0.00     5  postgres
07:34:13 PM 100998    585785    1.00    0.00    0.00    0.00    1.00     4  postgres
07:34:13 PM 100998    585794    1.00    1.00    0.00    0.00    2.00     6  postgres
07:34:13 PM 100998    585796    1.00    1.00    0.00    0.00    2.00     6  postgres
07:34:13 PM 100998    585797    0.00    1.00    0.00    0.00    1.00     6  postgres
07:34:13 PM 100998    585799    1.00    0.00    0.00    0.00    1.00     6  postgres
07:34:13 PM 100998    585800    0.00    1.00    0.00    0.00    1.00     4  postgres
07:34:13 PM 100998    585801    1.00    0.00    0.00    0.00    1.00     4  postgres
07:34:13 PM 100998    585802    1.00    0.00    0.00    0.00    1.00     6  postgres
07:34:13 PM 100998    585803    0.00    0.00    0.00    0.00    0.00     4  postgres
07:34:13 PM 100998    585804    1.00    1.00    0.00    0.00    2.00     4  postgres
07:34:13 PM 100998    585805    0.00    1.00    0.00    0.00    1.00     4  postgres
07:34:13 PM 100998    585807    0.00    0.00    0.00    0.00    0.00     6  postgres
07:34:13 PM 100998    585808    0.00    1.00    0.00    0.00    1.00     4  postgres
07:34:13 PM 100998    585811    0.00    1.00    0.00    0.00    1.00     6  postgres
07:34:13 PM 100998    585813    0.00    0.00    0.00    0.00    0.00     4  postgres
07:34:13 PM 100998    585815    1.00    0.00    0.00    0.00    1.00     6  postgres
07:34:13 PM 100998    585817    0.00    0.00    0.00    0.00    0.00     6  postgres
07:34:13 PM 100998    585832    0.00    0.00    0.00    0.00    0.00     6  postgres
07:34:13 PM 100998    585854    1.00    0.00    0.00    0.00    1.00     4  postgres
07:34:13 PM 100998    585868    0.00    0.00    0.00    0.00    0.00     6  postgres

07:34:13 PM   UID       PID    %usr %system  %guest   %wait    %CPU   CPU  Command
07:34:14 PM 100998    584842    0.00    0.00    0.00    0.00    0.00     6  postgres
07:34:14 PM 100998    584843    0.00    0.00    0.00    0.00    0.00     6  postgres
07:34:14 PM 100998    584845    0.00    0.00    0.00    0.00    0.00     6  postgres
07:34:14 PM 100998    584846    0.00    0.00    0.00    0.00    0.00     5  postgres
07:34:14 PM 100998    585785    0.00    1.00    0.00    0.00    1.00     4  postgres
07:34:14 PM 100998    585794    0.00    1.00    0.00    0.00    1.00     4  postgres
07:34:14 PM 100998    585796    1.00    0.00    0.00    0.00    1.00     6  postgres
07:34:14 PM 100998    585797    1.00    0.00    0.00    0.00    1.00     4  postgres
07:34:14 PM 100998    585799    0.00    1.00    0.00    0.00    1.00     6  postgres
07:34:14 PM 100998    585800    0.00    1.00    0.00    0.00    1.00     4  postgres
07:34:14 PM 100998    585801    0.00    1.00    0.00    0.00    1.00     4  postgres
07:34:14 PM 100998    585802    1.00    0.00    0.00    0.00    1.00     4  postgres
07:34:14 PM 100998    585803    1.00    1.00    0.00    0.00    2.00     6  postgres
07:34:14 PM 100998    585804    0.00    1.00    0.00    0.00    1.00     4  postgres
07:34:14 PM 100998    585805    1.00    1.00    0.00    0.00    2.00     6  postgres
07:34:14 PM 100998    585807    1.00    1.00    0.00    0.00    2.00     4  postgres
07:34:14 PM 100998    585808    2.00    1.00    0.00    0.00    3.00     4  postgres
07:34:14 PM 100998    585811    1.00    0.00    0.00    0.00    1.00     6  postgres
07:34:14 PM 100998    585813    1.00    1.00    0.00    0.00    2.00     6  postgres
07:34:14 PM 100998    585815    1.00    1.00    0.00    0.00    2.00     4  postgres
07:34:14 PM 100998    585817    1.00    1.00    0.00    0.00    2.00     6  postgres
07:34:14 PM 100998    585832    0.00    1.00    0.00    0.00    1.00     6  postgres
07:34:14 PM 100998    585854    0.00    1.00    0.00    0.00    1.00     4  postgres
07:34:14 PM 100998    585868    1.00    1.00    0.00    0.00    2.00     4  postgres

07:34:14 PM   UID       PID    %usr %system  %guest   %wait    %CPU   CPU  Command
07:34:15 PM 100998    584842    0.00    0.00    0.00    0.00    0.00     6  postgres
07:34:15 PM 100998    584843    0.00    0.00    0.00    0.00    0.00     6  postgres
07:34:15 PM 100998    584845    0.00    0.00    0.00    0.00    0.00     4  postgres
07:34:15 PM 100998    584846    0.00    0.00    0.00    0.00    0.00     5  postgres
07:34:15 PM 100998    585785    1.00    2.00    0.00    0.00    3.00     6  postgres
07:34:15 PM 100998    585794    1.00    1.00    0.00    0.00    2.00     6  postgres
07:34:15 PM 100998    585796    1.00    1.00    0.00    0.00    2.00     6  postgres
07:34:15 PM 100998    585797    1.00    1.00    0.00    0.00    2.00     4  postgres
07:34:15 PM 100998    585799    1.00    0.00    0.00    0.00    1.00     4  postgres
07:34:15 PM 100998    585800    1.00    1.00    0.00    0.00    2.00     6  postgres
07:34:15 PM 100998    585801    1.00    0.00    0.00    1.00    1.00     4  postgres
07:34:15 PM 100998    585802    1.00    1.00    0.00    0.00    2.00     4  postgres
07:34:15 PM 100998    585803    1.00    1.00    0.00    0.00    2.00     6  postgres
07:34:15 PM 100998    585804    1.00    1.00    0.00    0.00    2.00     4  postgres
07:34:15 PM 100998    585805    0.00    0.00    0.00    0.00    0.00     6  postgres
07:34:15 PM 100998    585807    0.00    1.00    0.00    0.00    1.00     6  postgres
07:34:15 PM 100998    585808    0.00    0.00    0.00    0.00    0.00     4  postgres
07:34:15 PM 100998    585811    0.00    1.00    0.00    0.00    1.00     4  postgres
07:34:15 PM 100998    585813    1.00    1.00    0.00    0.00    2.00     5  postgres
07:34:15 PM 100998    585815    1.00    0.00    0.00    0.00    1.00     4  postgres
07:34:15 PM 100998    585817    1.00    0.00    0.00    0.00    1.00     4  postgres
07:34:15 PM 100998    585832    1.00    1.00    0.00    0.00    2.00     4  postgres
07:34:15 PM 100998    585854    1.00    0.00    0.00    0.00    1.00     6  postgres
07:34:15 PM 100998    585868    0.00    0.00    0.00    0.00    0.00     6  postgres

07:34:15 PM   UID       PID    %usr %system  %guest   %wait    %CPU   CPU  Command
07:34:16 PM 100998    584842    0.00    0.00    0.00    0.00    0.00     6  postgres
07:34:16 PM 100998    584843    0.00    0.00    0.00    0.00    0.00     6  postgres
07:34:16 PM 100998    584845    0.00    0.00    0.00    0.00    0.00     4  postgres
07:34:16 PM 100998    584846    0.00    0.00    0.00    0.00    0.00     5  postgres
07:34:16 PM 100998    585785    1.00    0.00    0.00    0.00    1.00     6  postgres
07:34:16 PM 100998    585794    1.00    0.00    0.00    0.00    1.00     5  postgres
07:34:16 PM 100998    585796    1.00    1.00    0.00    0.00    2.00     4  postgres
07:34:16 PM 100998    585797    1.00    1.00    0.00    0.00    2.00     5  postgres
07:34:16 PM 100998    585799    1.00    1.00    0.00    0.00    2.00     6  postgres
07:34:16 PM 100998    585800    1.00    0.00    0.00    0.00    1.00     4  postgres
07:34:16 PM 100998    585801    1.00    1.00    0.00    0.00    2.00     4  postgres
07:34:16 PM 100998    585802    1.00    0.00    0.00    0.00    1.00     6  postgres
07:34:16 PM 100998    585803    0.00    1.00    0.00    0.00    1.00     6  postgres
07:34:16 PM 100998    585804    1.00    1.00    0.00    0.00    2.00     4  postgres
07:34:16 PM 100998    585805    1.00    1.00    0.00    0.00    2.00     6  postgres
07:34:16 PM 100998    585807    1.00    1.00    0.00    0.00    2.00     6  postgres
07:34:16 PM 100998    585808    1.00    1.00    0.00    0.00    2.00     4  postgres
07:34:16 PM 100998    585811    1.00    1.00    0.00    0.00    2.00     6  postgres
07:34:16 PM 100998    585813    1.00    0.00    0.00    0.00    1.00     5  postgres
07:34:16 PM 100998    585815    0.00    1.00    0.00    0.00    1.00     6  postgres
07:34:16 PM 100998    585817    0.00    1.00    0.00    0.00    1.00     4  postgres
07:34:16 PM 100998    585832    1.00    1.00    0.00    0.00    2.00     6  postgres
07:34:16 PM 100998    585854    1.00    1.00    0.00    0.00    2.00     6  postgres
07:34:16 PM 100998    585868    1.00    1.00    0.00    0.00    2.00     4  postgres

07:34:16 PM   UID       PID    %usr %system  %guest   %wait    %CPU   CPU  Command
07:34:17 PM 100998    584842    0.00    0.00    0.00    0.00    0.00     6  postgres
07:34:17 PM 100998    584843    0.00    0.00    0.00    0.00    0.00     6  postgres
07:34:17 PM 100998    584845    0.00    0.00    0.00    0.00    0.00     4  postgres
07:34:17 PM 100998    584846    0.00    0.00    0.00    0.00    0.00     5  postgres
07:34:17 PM 100998    585785    1.00    1.00    0.00    0.00    2.00     4  postgres
07:34:17 PM 100998    585794    2.00    2.00    0.00    0.00    4.00     5  postgres
07:34:17 PM 100998    585796    0.00    1.00    0.00    0.00    1.00     6  postgres
07:34:17 PM 100998    585797    1.00    1.00    0.00    0.00    2.00     5  postgres
07:34:17 PM 100998    585799    0.00    0.00    0.00    0.00    0.00     4  postgres
07:34:17 PM 100998    585800    0.00    1.00    0.00    0.00    1.00     4  postgres
07:34:17 PM 100998    585801    1.00    1.00    0.00    0.00    2.00     4  postgres
07:34:17 PM 100998    585802    1.00    1.00    0.00    0.00    2.00     4  postgres
07:34:17 PM 100998    585803    1.00    1.00    0.00    0.00    2.00     6  postgres
07:34:17 PM 100998    585804    1.00    0.00    0.00    0.00    1.00     4  postgres
07:34:17 PM 100998    585805    1.00    1.00    0.00    0.00    2.00     4  postgres
07:34:17 PM 100998    585807    1.00    0.00    0.00    0.00    1.00     6  postgres
07:34:17 PM 100998    585808    0.00    0.00    0.00    0.00    0.00     6  postgres
07:34:17 PM 100998    585811    1.00    1.00    0.00    0.00    2.00     6  postgres
07:34:17 PM 100998    585813    1.00    1.00    0.00    0.00    2.00     5  postgres
07:34:17 PM 100998    585815    1.00    1.00    0.00    0.00    2.00     4  postgres
07:34:17 PM 100998    585817    0.00    0.00    0.00    0.00    0.00     4  postgres
07:34:17 PM 100998    585832    0.00    0.00    0.00    0.00    0.00     4  postgres
07:34:17 PM 100998    585854    0.00    1.00    0.00    1.00    1.00     6  postgres
07:34:17 PM 100998    585868    0.00    1.00    0.00    0.00    1.00     4  postgres

07:34:17 PM   UID       PID    %usr %system  %guest   %wait    %CPU   CPU  Command
07:34:18 PM 100998    584842    0.00    0.00    0.00    0.00    0.00     6  postgres
07:34:18 PM 100998    584843    0.00    0.00    0.00    0.00    0.00     4  postgres
07:34:18 PM 100998    584845    0.00    0.00    0.00    0.00    0.00     4  postgres
07:34:18 PM 100998    584846    0.00    0.00    0.00    0.00    0.00     5  postgres
07:34:18 PM 100998    585785    1.00    1.00    0.00    0.00    2.00     4  postgres
07:34:18 PM 100998    585794    0.00    1.00    0.00    0.00    1.00     5  postgres
07:34:18 PM 100998    585796    1.00    1.00    0.00    0.00    2.00     6  postgres
07:34:18 PM 100998    585797    1.00    1.00    0.00    0.00    2.00     5  postgres
07:34:18 PM 100998    585799    2.00    1.00    0.00    0.00    3.00     5  postgres
07:34:18 PM 100998    585800    1.00    1.00    0.00    0.00    2.00     4  postgres
07:34:18 PM 100998    585801    1.00    1.00    0.00    0.00    2.00     6  postgres
07:34:18 PM 100998    585802    1.00    1.00    0.00    0.00    2.00     4  postgres
07:34:18 PM 100998    585803    1.00    1.00    0.00    0.00    2.00     4  postgres
07:34:18 PM 100998    585804    1.00    1.00    0.00    0.00    2.00     5  postgres
07:34:18 PM 100998    585805    1.00    1.00    0.00    0.00    2.00     4  postgres
07:34:18 PM 100998    585807    0.00    1.00    0.00    0.00    1.00     4  postgres
07:34:18 PM 100998    585808    1.00    1.00    0.00    0.00    2.00     4  postgres
07:34:18 PM 100998    585811    1.00    0.00    0.00    0.00    1.00     6  postgres
07:34:18 PM 100998    585813    1.00    0.00    0.00    0.00    1.00     5  postgres
07:34:18 PM 100998    585815    1.00    1.00    0.00    0.00    2.00     4  postgres
07:34:18 PM 100998    585817    1.00    1.00    0.00    0.00    2.00     4  postgres
07:34:18 PM 100998    585832    1.00    1.00    0.00    0.00    2.00     6  postgres
07:34:18 PM 100998    585854    1.00    1.00    0.00    0.00    2.00     4  postgres
07:34:18 PM 100998    585868    1.00    1.00    0.00    0.00    2.00     6  postgres

07:34:18 PM   UID       PID    %usr %system  %guest   %wait    %CPU   CPU  Command
07:34:19 PM 100998    584842    0.00    0.00    0.00    0.00    0.00     6  postgres
07:34:19 PM 100998    584843    0.00    0.00    0.00    0.00    0.00     4  postgres
07:34:19 PM 100998    584845    0.00    0.00    0.00    0.00    0.00     4  postgres
07:34:19 PM 100998    584846    0.00    0.00    0.00    0.00    0.00     5  postgres
07:34:19 PM 100998    585785    0.00    1.00    0.00    0.00    1.00     4  postgres
07:34:19 PM 100998    585794    2.00    1.00    0.00    0.00    3.00     5  postgres
07:34:19 PM 100998    585796    1.00    1.00    0.00    0.00    2.00     4  postgres
07:34:19 PM 100998    585797    2.00    1.00    0.00    0.00    3.00     5  postgres
07:34:19 PM 100998    585799    0.00    1.00    0.00    0.00    1.00     6  postgres
07:34:19 PM 100998    585800    1.00    2.00    0.00    0.00    3.00     4  postgres
07:34:19 PM 100998    585801    1.00    0.00    0.00    0.00    1.00     4  postgres
07:34:19 PM 100998    585802    1.00    1.00    0.00    0.00    2.00     6  postgres
07:34:19 PM 100998    585803    1.00    0.00    0.00    0.00    1.00     5  postgres
07:34:19 PM 100998    585804    1.00    1.00    0.00    0.00    2.00     5  postgres
07:34:19 PM 100998    585805    1.00    1.00    0.00    0.00    2.00     4  postgres
07:34:19 PM 100998    585807    1.00    1.00    0.00    1.00    2.00     4  postgres
07:34:19 PM 100998    585808    0.00    0.00    0.00    0.00    0.00     6  postgres
07:34:19 PM 100998    585811    1.00    1.00    0.00    0.00    2.00     6  postgres
07:34:19 PM 100998    585813    1.00    1.00    0.00    0.00    2.00     6  postgres
07:34:19 PM 100998    585815    1.00    0.00    0.00    0.00    1.00     6  postgres
07:34:19 PM 100998    585817    0.00    0.00    0.00    0.00    0.00     4  postgres
07:34:19 PM 100998    585832    0.00    0.00    0.00    0.00    0.00     6  postgres
07:34:19 PM 100998    585854    1.00    1.00    0.00    0.00    2.00     4  postgres
07:34:19 PM 100998    585868    0.00    0.00    0.00    0.00    0.00     4  postgres

07:34:19 PM   UID       PID    %usr %system  %guest   %wait    %CPU   CPU  Command
07:34:20 PM 100998    584842    0.00    0.00    0.00    0.00    0.00     6  postgres
07:34:20 PM 100998    584843    0.00    0.00    0.00    0.00    0.00     4  postgres
07:34:20 PM 100998    584845    0.00    0.00    0.00    0.00    0.00     6  postgres
07:34:20 PM 100998    584846    0.00    0.00    0.00    0.00    0.00     5  postgres
07:34:20 PM 100998    585785    1.00    1.00    0.00    0.00    2.00     6  postgres
07:34:20 PM 100998    585794    0.00    0.00    0.00    0.00    0.00     5  postgres
07:34:20 PM 100998    585796    0.00    1.00    0.00    0.00    1.00     6  postgres
07:34:20 PM 100998    585797    1.00    1.00    0.00    0.00    2.00     5  postgres
07:34:20 PM 100998    585799    1.00    2.00    0.00    1.00    3.00     5  postgres
07:34:20 PM 100998    585800    1.00    0.00    0.00    0.00    1.00     4  postgres
07:34:20 PM 100998    585801    1.00    1.00    0.00    0.00    2.00     6  postgres
07:34:20 PM 100998    585802    1.00    1.00    0.00    0.00    2.00     4  postgres
07:34:20 PM 100998    585803    1.00    1.00    0.00    0.00    2.00     5  postgres
07:34:20 PM 100998    585804    1.00    1.00    0.00    0.00    2.00     5  postgres
07:34:20 PM 100998    585805    0.00    0.00    0.00    0.00    0.00     4  postgres
07:34:20 PM 100998    585807    1.00    1.00    0.00    0.00    2.00     6  postgres
07:34:20 PM 100998    585808    1.00    1.00    0.00    0.00    2.00     6  postgres
07:34:20 PM 100998    585811    1.00    0.00    0.00    0.00    1.00     6  postgres
07:34:20 PM 100998    585813    0.00    1.00    0.00    0.00    1.00     4  postgres
07:34:20 PM 100998    585815    0.00    1.00    0.00    0.00    1.00     4  postgres
07:34:20 PM 100998    585817    0.00    1.00    0.00    0.00    1.00     6  postgres
07:34:20 PM 100998    585832    1.00    0.00    0.00    0.00    1.00     6  postgres
07:34:20 PM 100998    585854    0.00    0.00    0.00    0.00    0.00     6  postgres
07:34:20 PM 100998    585868    1.00    1.00    0.00    0.00    2.00     4  postgres

07:34:20 PM   UID       PID    %usr %system  %guest   %wait    %CPU   CPU  Command
07:34:21 PM 100998    584842    0.00    0.00    0.00    0.00    0.00     6  postgres
07:34:21 PM 100998    584843    0.00    0.00    0.00    0.00    0.00     4  postgres
07:34:21 PM 100998    584845    0.00    0.00    0.00    0.00    0.00     6  postgres
07:34:21 PM 100998    584846    0.00    0.00    0.00    0.00    0.00     5  postgres
07:34:21 PM 100998    585785    1.00    1.00    0.00    0.00    2.00     6  postgres
07:34:21 PM 100998    585794    1.00    1.00    0.00    0.00    2.00     5  postgres
07:34:21 PM 100998    585796    2.00    0.00    0.00    0.00    2.00     4  postgres
07:34:21 PM 100998    585797    1.00    1.00    0.00    0.00    2.00     5  postgres
07:34:21 PM 100998    585799    2.00    1.00    0.00    0.00    3.00     5  postgres
07:34:21 PM 100998    585800    0.00    1.00    0.00    0.00    1.00     4  postgres
07:34:21 PM 100998    585801    1.00    0.00    0.00    0.00    1.00     6  postgres
07:34:21 PM 100998    585802    1.00    1.00    0.00    0.00    2.00     6  postgres
07:34:21 PM 100998    585803    1.00    1.00    0.00    1.00    2.00     4  postgres
07:34:21 PM 100998    585804    0.00    0.00    0.00    1.00    0.00     5  postgres
07:34:21 PM 100998    585805    0.00    1.00    0.00    0.00    1.00     6  postgres
07:34:21 PM 100998    585807    1.00    1.00    0.00    0.00    2.00     6  postgres
07:34:21 PM 100998    585808    1.00    1.00    0.00    1.00    2.00     4  postgres
07:34:21 PM 100998    585811    1.00    1.00    0.00    0.00    2.00     4  postgres
07:34:21 PM 100998    585813    1.00    1.00    0.00    0.00    2.00     6  postgres
07:34:21 PM 100998    585815    1.00    1.00    0.00    0.00    2.00     6  postgres
07:34:21 PM 100998    585817    1.00    0.00    0.00    0.00    1.00     4  postgres
07:34:21 PM 100998    585832    0.00    1.00    0.00    0.00    1.00     5  postgres
07:34:21 PM 100998    585854    1.00    1.00    0.00    0.00    2.00     6  postgres
07:34:21 PM 100998    585868    1.00    1.00    0.00    0.00    2.00     4  postgres

07:34:21 PM   UID       PID    %usr %system  %guest   %wait    %CPU   CPU  Command
07:34:22 PM 100998    584842    0.00    0.00    0.00    0.00    0.00     6  postgres
07:34:22 PM 100998    584843    0.00    0.00    0.00    0.00    0.00     4  postgres
07:34:22 PM 100998    584845    0.00    0.00    0.00    0.00    0.00     6  postgres
07:34:22 PM 100998    584846    0.00    0.00    0.00    0.00    0.00     5  postgres
07:34:22 PM 100998    585785    1.00    1.00    0.00    0.00    2.00     4  postgres
07:34:22 PM 100998    585794    2.00    1.00    0.00    0.00    3.00     5  postgres
07:34:22 PM 100998    585796    1.00    1.00    0.00    0.00    2.00     4  postgres
07:34:22 PM 100998    585797    1.00    1.00    0.00    0.00    2.00     6  postgres
07:34:22 PM 100998    585799    1.00    0.00    0.00    0.00    1.00     6  postgres
07:34:22 PM 100998    585800    1.00    0.00    0.00    0.00    1.00     4  postgres
07:34:22 PM 100998    585801    0.00    1.00    0.00    0.00    1.00     6  postgres
07:34:22 PM 100998    585802    1.00    1.00    0.00    0.00    2.00     4  postgres
07:34:22 PM 100998    585803    1.00    1.00    0.00    0.00    2.00     6  postgres
07:34:22 PM 100998    585804    2.00    1.00    0.00    0.00    3.00     5  postgres
07:34:22 PM 100998    585805    1.00    1.00    0.00    0.00    2.00     6  postgres
07:34:22 PM 100998    585807    0.00    0.00    0.00    0.00    0.00     6  postgres
07:34:22 PM 100998    585808    1.00    1.00    0.00    0.00    2.00     6  postgres
07:34:22 PM 100998    585811    0.00    0.00    0.00    0.00    0.00     6  postgres
07:34:22 PM 100998    585813    0.00    1.00    0.00    0.00    1.00     4  postgres
07:34:22 PM 100998    585815    1.00    1.00    0.00    1.00    2.00     4  postgres
07:34:22 PM 100998    585817    1.00    1.00    0.00    0.00    2.00     4  postgres
07:34:22 PM 100998    585832    1.00    1.00    0.00    0.00    2.00     5  postgres
07:34:22 PM 100998    585854    0.00    0.00    0.00    0.00    0.00     4  postgres
07:34:22 PM 100998    585868    0.00    0.00    0.00    0.00    0.00     6  postgres

07:34:22 PM   UID       PID    %usr %system  %guest   %wait    %CPU   CPU  Command
07:34:23 PM 100998    584842    0.00    0.00    0.00    0.00    0.00     6  postgres
07:34:23 PM 100998    584843    0.00    0.00    0.00    0.00    0.00     4  postgres
07:34:23 PM 100998    584845    0.00    0.00    0.00    0.00    0.00     6  postgres
07:34:23 PM 100998    584846    0.00    0.00    0.00    0.00    0.00     5  postgres
07:34:23 PM 100998    585785    1.00    1.00    0.00    0.00    2.00     4  postgres
07:34:23 PM 100998    585794    1.00    1.00    0.00    0.00    2.00     5  postgres
07:34:23 PM 100998    585796    0.00    1.00    0.00    0.00    1.00     4  postgres
07:34:23 PM 100998    585797    0.00    1.00    0.00    1.00    1.00     4  postgres
07:34:23 PM 100998    585799    0.00    1.00    0.00    0.00    1.00     6  postgres
07:34:23 PM 100998    585800    1.00    1.00    0.00    0.00    2.00     5  postgres
07:34:23 PM 100998    585801    1.00    0.00    0.00    0.00    1.00     6  postgres
07:34:23 PM 100998    585802    1.00    0.00    0.00    0.00    1.00     4  postgres
07:34:23 PM 100998    585803    0.00    0.00    0.00    0.00    0.00     4  postgres
07:34:23 PM 100998    585804    1.00    0.00    0.00    0.00    1.00     5  postgres
07:34:23 PM 100998    585805    1.00    0.00    0.00    0.00    1.00     4  postgres
07:34:23 PM 100998    585807    1.00    1.00    0.00    0.00    2.00     6  postgres
07:34:23 PM 100998    585808    0.00    1.00    0.00    0.00    1.00     6  postgres
07:34:23 PM 100998    585811    1.00    1.00    0.00    0.00    2.00     6  postgres
07:34:23 PM 100998    585813    1.00    0.00    0.00    0.00    1.00     6  postgres
07:34:23 PM 100998    585815    0.00    0.00    0.00    0.00    0.00     6  postgres
07:34:23 PM 100998    585817    1.00    1.00    0.00    0.00    2.00     5  postgres
07:34:23 PM 100998    585832    1.00    1.00    0.00    0.00    2.00     6  postgres
07:34:23 PM 100998    585854    1.00    0.00    0.00    0.00    1.00     4  postgres
07:34:23 PM 100998    585868    1.00    1.00    0.00    0.00    2.00     6  postgres

07:34:23 PM   UID       PID    %usr %system  %guest   %wait    %CPU   CPU  Command
07:34:24 PM 100998    584842    0.00    0.00    0.00    0.00    0.00     6  postgres
07:34:24 PM 100998    584843    0.00    0.00    0.00    0.00    0.00     4  postgres
07:34:24 PM 100998    584845    0.00    0.00    0.00    0.00    0.00     6  postgres
07:34:24 PM 100998    584846    0.00    0.00    0.00    0.00    0.00     5  postgres
07:34:24 PM 100998    585785    0.00    1.00    0.00    0.00    1.00     4  postgres
07:34:24 PM 100998    585794    1.00    1.00    0.00    1.00    2.00     6  postgres
07:34:24 PM 100998    585796    1.00    1.00    0.00    0.00    2.00     4  postgres
07:34:24 PM 100998    585797    1.00    0.00    0.00    0.00    1.00     4  postgres
07:34:24 PM 100998    585799    1.00    1.00    0.00    0.00    2.00     6  postgres
07:34:24 PM 100998    585800    1.00    1.00    0.00    0.00    2.00     5  postgres
07:34:24 PM 100998    585801    1.00    1.00    0.00    0.00    2.00     4  postgres
07:34:24 PM 100998    585802    0.00    1.00    0.00    0.00    1.00     4  postgres
07:34:24 PM 100998    585803    1.00    1.00    0.00    0.00    2.00     4  postgres
07:34:24 PM 100998    585804    0.00    2.00    0.00    0.00    2.00     5  postgres
07:34:24 PM 100998    585805    0.00    1.00    0.00    0.00    1.00     4  postgres
07:34:24 PM 100998    585807    1.00    0.00    0.00    0.00    1.00     4  postgres
07:34:24 PM 100998    585808    1.00    0.00    0.00    0.00    1.00     6  postgres
07:34:24 PM 100998    585811    1.00    0.00    0.00    0.00    1.00     6  postgres
07:34:24 PM 100998    585813    1.00    1.00    0.00    0.00    2.00     6  postgres
07:34:24 PM 100998    585815    0.00    1.00    0.00    0.00    1.00     4  postgres
07:34:24 PM 100998    585817    0.00    0.00    0.00    0.00    0.00     5  postgres
07:34:24 PM 100998    585832    0.00    0.00    0.00    0.00    0.00     6  postgres
07:34:24 PM 100998    585854    1.00    1.00    0.00    0.00    2.00     4  postgres
07:34:24 PM 100998    585868    0.00    0.00    0.00    0.00    0.00     6  postgres

07:34:24 PM   UID       PID    %usr %system  %guest   %wait    %CPU   CPU  Command
07:34:25 PM 100998    584842    0.00    0.00    0.00    0.00    0.00     6  postgres
07:34:25 PM 100998    584843    0.00    0.00    0.00    0.00    0.00     4  postgres
07:34:25 PM 100998    584845    0.00    0.00    0.00    0.00    0.00     6  postgres
07:34:25 PM 100998    584846    0.00    0.00    0.00    0.00    0.00     5  postgres
07:34:25 PM 100998    585785    1.00    0.00    0.00    0.00    1.00     6  postgres
07:34:25 PM 100998    585794    0.00    0.00    0.00    0.00    0.00     6  postgres
07:34:25 PM 100998    585796    1.00    1.00    0.00    0.00    2.00     6  postgres
07:34:25 PM 100998    585797    0.00    1.00    0.00    0.00    1.00     4  postgres
07:34:25 PM 100998    585799    1.00    0.00    0.00    0.00    1.00     6  postgres
07:34:25 PM 100998    585800    1.00    1.00    0.00    1.00    2.00     5  postgres
07:34:25 PM 100998    585801    0.00    1.00    0.00    0.00    1.00     6  postgres
07:34:25 PM 100998    585802    1.00    1.00    0.00    0.00    2.00     6  postgres
07:34:25 PM 100998    585803    1.00    1.00    0.00    0.00    2.00     6  postgres
07:34:25 PM 100998    585804    1.00    0.00    0.00    0.00    1.00     5  postgres
07:34:25 PM 100998    585805    1.00    0.00    0.00    0.00    1.00     4  postgres
07:34:25 PM 100998    585807    0.00    1.00    0.00    0.00    1.00     6  postgres
07:34:25 PM 100998    585808    1.00    2.00    0.00    0.00    3.00     6  postgres
07:34:25 PM 100998    585811    0.00    1.00    0.00    0.00    1.00     4  postgres
07:34:25 PM 100998    585813    1.00    0.00    0.00    1.00    1.00     4  postgres
07:34:25 PM 100998    585815    1.00    0.00    0.00    0.00    1.00     6  postgres
07:34:25 PM 100998    585817    1.00    1.00    0.00    0.00    2.00     5  postgres
07:34:25 PM 100998    585832    1.00    1.00    0.00    0.00    2.00     6  postgres
07:34:25 PM 100998    585854    1.00    1.00    0.00    0.00    2.00     6  postgres
07:34:25 PM 100998    585868    1.00    1.00    0.00    0.00    2.00     4  postgres

07:34:25 PM   UID       PID    %usr %system  %guest   %wait    %CPU   CPU  Command
07:34:26 PM 100998    584842    0.00    0.00    0.00    0.00    0.00     6  postgres
07:34:26 PM 100998    584843    0.00    0.00    0.00    0.00    0.00     4  postgres
07:34:26 PM 100998    584845    0.00    0.00    0.00    0.00    0.00     6  postgres
07:34:26 PM 100998    584846    0.00    0.00    0.00    0.00    0.00     5  postgres
07:34:26 PM 100998    585785    1.00    2.00    0.00    0.00    3.00     6  postgres
07:34:26 PM 100998    585794    1.00    2.00    0.00    0.00    3.00     4  postgres
07:34:26 PM 100998    585796    0.00    1.00    0.00    0.00    1.00     4  postgres
07:34:26 PM 100998    585797    1.00    1.00    0.00    0.00    2.00     6  postgres
07:34:26 PM 100998    585799    1.00    1.00    0.00    0.00    2.00     6  postgres
07:34:26 PM 100998    585800    1.00    1.00    0.00    0.00    2.00     5  postgres
07:34:26 PM 100998    585801    1.00    0.00    0.00    0.00    1.00     4  postgres
07:34:26 PM 100998    585802    1.00    1.00    0.00    0.00    2.00     4  postgres
07:34:26 PM 100998    585803    1.00    1.00    0.00    0.00    2.00     4  postgres
07:34:26 PM 100998    585804    1.00    2.00    0.00    0.00    3.00     4  postgres
07:34:26 PM 100998    585805    1.00    2.00    0.00    0.00    3.00     6  postgres
07:34:26 PM 100998    585807    1.00    1.00    0.00    0.00    2.00     4  postgres
07:34:26 PM 100998    585808    0.00    1.00    0.00    0.00    1.00     6  postgres
07:34:26 PM 100998    585811    1.00    1.00    0.00    0.00    2.00     6  postgres
07:34:26 PM 100998    585813    0.00    1.00    0.00    0.00    1.00     6  postgres
07:34:26 PM 100998    585815    1.00    1.00    0.00    0.00    2.00     6  postgres
07:34:26 PM 100998    585817    1.00    1.00    0.00    0.00    2.00     5  postgres
07:34:26 PM 100998    585832    1.00    1.00    0.00    0.00    2.00     4  postgres
07:34:26 PM 100998    585854    0.00    0.00    0.00    0.00    0.00     5  postgres
07:34:26 PM 100998    585868    0.00    1.00    0.00    0.00    1.00     5  postgres

07:34:26 PM   UID       PID    %usr %system  %guest   %wait    %CPU   CPU  Command
07:34:27 PM 100998    584842    0.00    0.00    0.00    0.00    0.00     6  postgres
07:34:27 PM 100998    584843    0.00    0.00    0.00    0.00    0.00     4  postgres
07:34:27 PM 100998    584845    0.00    0.00    0.00    0.00    0.00     6  postgres
07:34:27 PM 100998    584846    0.00    0.00    0.00    0.00    0.00     5  postgres
07:34:27 PM 100998    585785    0.00    0.00    0.00    0.00    0.00     4  postgres
07:34:27 PM 100998    585794    1.00    1.00    0.00    0.00    2.00     6  postgres
07:34:27 PM 100998    585796    2.00    1.00    0.00    0.00    3.00     6  postgres
07:34:27 PM 100998    585797    1.00    1.00    0.00    0.00    2.00     4  postgres
07:34:27 PM 100998    585799    2.00    1.00    0.00    0.00    3.00     4  postgres
07:34:27 PM 100998    585800    1.00    0.00    0.00    0.00    1.00     4  postgres
07:34:27 PM 100998    585801    1.00    1.00    0.00    0.00    2.00     4  postgres
07:34:27 PM 100998    585802    0.00    1.00    0.00    0.00    1.00     4  postgres
07:34:27 PM 100998    585803    0.00    0.00    0.00    0.00    0.00     4  postgres
07:34:27 PM 100998    585804    0.00    1.00    0.00    0.00    1.00     6  postgres
07:34:27 PM 100998    585805    1.00    0.00    0.00    0.00    1.00     4  postgres
07:34:27 PM 100998    585807    1.00    0.00    0.00    0.00    1.00     6  postgres
07:34:27 PM 100998    585808    1.00    1.00    0.00    0.00    2.00     4  postgres
07:34:27 PM 100998    585811    1.00    1.00    0.00    1.00    2.00     6  postgres
07:34:27 PM 100998    585813    1.00    1.00    0.00    0.00    2.00     4  postgres
07:34:27 PM 100998    585815    0.00    1.00    0.00    0.00    1.00     4  postgres
07:34:27 PM 100998    585817    0.00    1.00    0.00    0.00    1.00     5  postgres
07:34:27 PM 100998    585832    1.00    1.00    0.00    0.00    2.00     6  postgres
07:34:27 PM 100998    585854    1.00    1.00    0.00    0.00    2.00     5  postgres
07:34:27 PM 100998    585868    1.00    1.00    0.00    0.00    2.00     5  postgres

07:34:27 PM   UID       PID    %usr %system  %guest   %wait    %CPU   CPU  Command
07:34:28 PM 100998    584842    0.00    0.00    0.00    0.00    0.00     6  postgres
07:34:28 PM 100998    584843    0.00    0.00    0.00    0.00    0.00     6  postgres
07:34:28 PM 100998    584845    0.00    0.00    0.00    0.00    0.00     6  postgres
07:34:28 PM 100998    584846    0.00    0.00    0.00    0.00    0.00     5  postgres
07:34:28 PM 100998    585785    0.00    0.00    0.00    0.00    0.00     4  postgres
07:34:28 PM 100998    585794    0.00    0.00    0.00    0.00    0.00     4  postgres
07:34:28 PM 100998    585796    0.00    0.00    0.00    0.00    0.00     6  postgres
07:34:28 PM 100998    585797    0.00    0.00    0.00    0.00    0.00     4  postgres
07:34:28 PM 100998    585799    0.00    0.00    0.00    0.00    0.00     6  postgres
07:34:28 PM 100998    585800    0.00    0.00    0.00    0.00    0.00     4  postgres
07:34:28 PM 100998    585801    0.00    0.00    0.00    0.00    0.00     6  postgres
07:34:28 PM 100998    585802    0.00    0.00    0.00    0.00    0.00     6  postgres
07:34:28 PM 100998    585803    0.00    0.00    0.00    0.00    0.00     4  postgres
07:34:28 PM 100998    585804    0.00    0.00    0.00    0.00    0.00     4  postgres
07:34:28 PM 100998    585805    0.00    0.00    0.00    0.00    0.00     6  postgres
07:34:28 PM 100998    585807    0.00    0.00    0.00    0.00    0.00     6  postgres
07:34:28 PM 100998    585808    0.00    0.00    0.00    0.00    0.00     4  postgres
07:34:28 PM 100998    585811    0.00    0.00    0.00    0.00    0.00     6  postgres
07:34:28 PM 100998    585813    0.00    1.00    0.00    0.00    1.00     4  postgres
07:34:28 PM 100998    585815    0.00    0.00    0.00    0.00    0.00     4  postgres
07:34:28 PM 100998    585817    0.00    0.00    0.00    0.00    0.00     5  postgres
07:34:28 PM 100998    585832    0.00    0.00    0.00    0.00    0.00     6  postgres
07:34:28 PM 100998    585854    0.00    0.00    0.00    0.00    0.00     5  postgres
07:34:28 PM 100998    585868    0.00    0.00    0.00    1.00    0.00     5  postgres

07:34:28 PM   UID       PID    %usr %system  %guest   %wait    %CPU   CPU  Command
07:34:29 PM 100998    584842    0.00    0.00    0.00    0.00    0.00     6  postgres
07:34:29 PM 100998    584843    0.00    0.00    0.00    0.00    0.00     6  postgres
07:34:29 PM 100998    584845    0.00    0.00    0.00    0.00    0.00     6  postgres
07:34:29 PM 100998    584846    0.00    0.00    0.00    0.00    0.00     5  postgres
07:34:29 PM 100998    585785    0.00    0.00    0.00    0.00    0.00     4  postgres
07:34:29 PM 100998    585794    0.00    0.00    0.00    0.00    0.00     4  postgres
07:34:29 PM 100998    585796    0.00    0.00    0.00    0.00    0.00     6  postgres
07:34:29 PM 100998    585797    0.00    0.00    0.00    0.00    0.00     4  postgres
07:34:29 PM 100998    585799    0.00    0.00    0.00    0.00    0.00     6  postgres
07:34:29 PM 100998    585800    0.00    0.00    0.00    0.00    0.00     4  postgres
07:34:29 PM 100998    585801    0.00    0.00    0.00    0.00    0.00     6  postgres
07:34:29 PM 100998    585802    0.00    0.00    0.00    0.00    0.00     6  postgres
07:34:29 PM 100998    585803    0.00    0.00    0.00    0.00    0.00     4  postgres
07:34:29 PM 100998    585804    0.00    0.00    0.00    0.00    0.00     4  postgres
07:34:29 PM 100998    585805    0.00    0.00    0.00    0.00    0.00     6  postgres
07:34:29 PM 100998    585807    0.00    0.00    0.00    0.00    0.00     6  postgres
07:34:29 PM 100998    585808    0.00    0.00    0.00    0.00    0.00     4  postgres
07:34:29 PM 100998    585811    0.00    0.00    0.00    0.00    0.00     6  postgres
07:34:29 PM 100998    585813    0.00    0.00    0.00    0.00    0.00     4  postgres
07:34:29 PM 100998    585815    0.00    0.00    0.00    0.00    0.00     4  postgres
07:34:29 PM 100998    585817    0.00    0.00    0.00    0.00    0.00     5  postgres
07:34:29 PM 100998    585832    0.00    0.00    0.00    0.00    0.00     6  postgres
07:34:29 PM 100998    585854    0.00    0.00    0.00    0.00    0.00     5  postgres
07:34:29 PM 100998    585868    0.00    0.00    0.00    0.00    0.00     5  postgres

07:34:29 PM   UID       PID    %usr %system  %guest   %wait    %CPU   CPU  Command
07:34:30 PM 100998    584842    0.00    0.00    0.00    0.00    0.00     6  postgres
07:34:30 PM 100998    584843    0.00    0.00    0.00    0.00    0.00     6  postgres
07:34:30 PM 100998    584845    0.00    0.00    0.00    0.00    0.00     6  postgres
07:34:30 PM 100998    584846    0.00    0.00    0.00    0.00    0.00     5  postgres
07:34:30 PM 100998    585785    0.00    0.00    0.00    0.00    0.00     4  postgres
07:34:30 PM 100998    585794    0.00    0.00    0.00    0.00    0.00     4  postgres
07:34:30 PM 100998    585796    0.00    0.00    0.00    0.00    0.00     6  postgres
07:34:30 PM 100998    585797    0.00    0.00    0.00    0.00    0.00     4  postgres
07:34:30 PM 100998    585799    0.00    0.00    0.00    0.00    0.00     6  postgres
07:34:30 PM 100998    585800    0.00    0.00    0.00    0.00    0.00     4  postgres
07:34:30 PM 100998    585801    0.00    0.00    0.00    0.00    0.00     6  postgres
07:34:30 PM 100998    585802    0.00    0.00    0.00    0.00    0.00     6  postgres
07:34:30 PM 100998    585803    0.00    0.00    0.00    0.00    0.00     4  postgres
07:34:30 PM 100998    585804    0.00    0.00    0.00    0.00    0.00     4  postgres
07:34:30 PM 100998    585805    0.00    0.00    0.00    0.00    0.00     6  postgres
07:34:30 PM 100998    585807    0.00    0.00    0.00    0.00    0.00     6  postgres
07:34:30 PM 100998    585808    0.00    0.00    0.00    0.00    0.00     4  postgres
07:34:30 PM 100998    585811    0.00    0.00    0.00    0.00    0.00     6  postgres
07:34:30 PM 100998    585813    0.00    0.00    0.00    0.00    0.00     4  postgres
07:34:30 PM 100998    585815    0.00    0.00    0.00    0.00    0.00     4  postgres
07:34:30 PM 100998    585817    0.00    0.00    0.00    0.00    0.00     5  postgres
07:34:30 PM 100998    585832    0.00    0.00    0.00    0.00    0.00     6  postgres
07:34:30 PM 100998    585854    0.00    0.00    0.00    0.00    0.00     5  postgres
07:34:30 PM 100998    585868    0.00    0.00    0.00    0.00    0.00     5  postgres

07:34:30 PM   UID       PID    %usr %system  %guest   %wait    %CPU   CPU  Command
07:34:31 PM 100998    584842    0.00    0.00    0.00    0.00    0.00     6  postgres
07:34:31 PM 100998    584843    0.00    0.00    0.00    0.00    0.00     6  postgres
07:34:31 PM 100998    584845    0.00    0.00    0.00    0.00    0.00     6  postgres
07:34:31 PM 100998    584846    0.00    0.00    0.00    0.00    0.00     5  postgres
07:34:31 PM 100998    585785    0.00    0.00    0.00    0.00    0.00     4  postgres
07:34:31 PM 100998    585794    0.00    0.00    0.00    0.00    0.00     4  postgres
07:34:31 PM 100998    585796    0.00    0.00    0.00    0.00    0.00     6  postgres
07:34:31 PM 100998    585797    0.00    0.00    0.00    0.00    0.00     4  postgres
07:34:31 PM 100998    585799    0.00    0.00    0.00    0.00    0.00     6  postgres
07:34:31 PM 100998    585800    0.00    0.00    0.00    0.00    0.00     4  postgres
07:34:31 PM 100998    585801    0.00    0.00    0.00    0.00    0.00     6  postgres
07:34:31 PM 100998    585802    0.00    0.00    0.00    0.00    0.00     6  postgres
07:34:31 PM 100998    585803    0.00    0.00    0.00    0.00    0.00     4  postgres
07:34:31 PM 100998    585804    0.00    0.00    0.00    0.00    0.00     4  postgres
07:34:31 PM 100998    585805    0.00    0.00    0.00    0.00    0.00     6  postgres
07:34:31 PM 100998    585807    0.00    0.00    0.00    0.00    0.00     6  postgres
07:34:31 PM 100998    585808    0.00    0.00    0.00    0.00    0.00     4  postgres
07:34:31 PM 100998    585811    0.00    0.00    0.00    0.00    0.00     6  postgres
07:34:31 PM 100998    585813    0.00    0.00    0.00    0.00    0.00     4  postgres
07:34:31 PM 100998    585815    0.00    0.00    0.00    0.00    0.00     4  postgres
07:34:31 PM 100998    585817    0.00    0.00    0.00    0.00    0.00     5  postgres
07:34:31 PM 100998    585832    0.00    0.00    0.00    0.00    0.00     6  postgres
07:34:31 PM 100998    585854    0.00    0.00    0.00    0.00    0.00     5  postgres
07:34:31 PM 100998    585868    0.00    0.00    0.00    0.00    0.00     5  postgres

07:34:31 PM   UID       PID    %usr %system  %guest   %wait    %CPU   CPU  Command
07:34:32 PM 100998    584842    0.00    0.00    0.00    0.00    0.00     6  postgres
07:34:32 PM 100998    584843    0.00    0.00    0.00    0.00    0.00     6  postgres
07:34:32 PM 100998    584845    0.00    0.00    0.00    0.00    0.00     6  postgres
07:34:32 PM 100998    584846    0.00    0.00    0.00    0.00    0.00     5  postgres
07:34:32 PM 100998    585785    0.00    0.00    0.00    0.00    0.00     4  postgres
07:34:32 PM 100998    585794    0.00    0.00    0.00    0.00    0.00     4  postgres
07:34:32 PM 100998    585796    0.00    0.00    0.00    0.00    0.00     6  postgres
07:34:32 PM 100998    585797    0.00    0.00    0.00    0.00    0.00     4  postgres
07:34:32 PM 100998    585799    0.00    0.00    0.00    0.00    0.00     6  postgres
07:34:32 PM 100998    585800    0.00    0.00    0.00    0.00    0.00     4  postgres
07:34:32 PM 100998    585801    0.00    0.00    0.00    0.00    0.00     6  postgres
07:34:32 PM 100998    585802    0.00    0.00    0.00    0.00    0.00     6  postgres
07:34:32 PM 100998    585803    0.00    0.00    0.00    0.00    0.00     4  postgres
07:34:32 PM 100998    585804    0.00    0.00    0.00    0.00    0.00     4  postgres
07:34:32 PM 100998    585805    0.00    0.00    0.00    0.00    0.00     6  postgres
07:34:32 PM 100998    585807    0.00    0.00    0.00    0.00    0.00     6  postgres
07:34:32 PM 100998    585808    0.00    0.00    0.00    0.00    0.00     4  postgres
07:34:32 PM 100998    585811    0.00    0.00    0.00    0.00    0.00     6  postgres
07:34:32 PM 100998    585813    0.00    0.00    0.00    0.00    0.00     4  postgres
07:34:32 PM 100998    585815    0.00    0.00    0.00    0.00    0.00     4  postgres
07:34:32 PM 100998    585817    0.00    0.00    0.00    0.00    0.00     5  postgres
07:34:32 PM 100998    585832    0.00    0.00    0.00    0.00    0.00     6  postgres
07:34:32 PM 100998    585854    0.00    0.00    0.00    0.00    0.00     5  postgres
07:34:32 PM 100998    585868    0.00    0.00    0.00    0.00    0.00     5  postgres

07:34:32 PM   UID       PID    %usr %system  %guest   %wait    %CPU   CPU  Command
07:34:33 PM 100998    584842    0.00    0.00    0.00    0.00    0.00     6  postgres
07:34:33 PM 100998    584843    0.00    0.00    0.00    0.00    0.00     6  postgres
07:34:33 PM 100998    584845    0.00    0.00    0.00    0.00    0.00     6  postgres
07:34:33 PM 100998    584846    0.00    0.00    0.00    0.00    0.00     5  postgres
07:34:33 PM 100998    585785    0.00    0.00    0.00    0.00    0.00     4  postgres
07:34:33 PM 100998    585794    0.00    0.00    0.00    0.00    0.00     4  postgres
07:34:33 PM 100998    585796    0.00    0.00    0.00    0.00    0.00     6  postgres
07:34:33 PM 100998    585797    0.00    0.00    0.00    0.00    0.00     4  postgres
07:34:33 PM 100998    585799    0.00    0.00    0.00    0.00    0.00     6  postgres
07:34:33 PM 100998    585800    0.00    0.00    0.00    0.00    0.00     4  postgres
07:34:33 PM 100998    585801    0.00    0.00    0.00    0.00    0.00     6  postgres
07:34:33 PM 100998    585802    0.00    0.00    0.00    0.00    0.00     6  postgres
07:34:33 PM 100998    585803    0.00    0.00    0.00    0.00    0.00     4  postgres
07:34:33 PM 100998    585804    0.00    0.00    0.00    0.00    0.00     4  postgres
07:34:33 PM 100998    585805    0.00    0.00    0.00    0.00    0.00     6  postgres
07:34:33 PM 100998    585807    0.00    0.00    0.00    0.00    0.00     6  postgres
07:34:33 PM 100998    585808    0.00    0.00    0.00    0.00    0.00     4  postgres
07:34:33 PM 100998    585811    0.00    0.00    0.00    0.00    0.00     6  postgres
07:34:33 PM 100998    585813    0.00    0.00    0.00    0.00    0.00     4  postgres
07:34:33 PM 100998    585815    0.00    0.00    0.00    0.00    0.00     4  postgres
07:34:33 PM 100998    585817    0.00    0.00    0.00    0.00    0.00     5  postgres
07:34:33 PM 100998    585832    0.00    0.00    0.00    0.00    0.00     6  postgres
07:34:33 PM 100998    585854    0.00    0.00    0.00    0.00    0.00     5  postgres
07:34:33 PM 100998    585868    0.00    0.00    0.00    0.00    0.00     5  postgres

07:34:33 PM   UID       PID    %usr %system  %guest   %wait    %CPU   CPU  Command
07:34:34 PM 100998    584842    0.00    0.00    0.00    0.00    0.00     6  postgres
07:34:34 PM 100998    584843    0.00    0.00    0.00    0.00    0.00     6  postgres
07:34:34 PM 100998    584845    0.00    0.00    0.00    0.00    0.00     6  postgres
07:34:34 PM 100998    584846    0.00    0.00    0.00    0.00    0.00     5  postgres
07:34:34 PM 100998    585785    0.00    0.00    0.00    0.00    0.00     4  postgres
07:34:34 PM 100998    585794    0.00    0.00    0.00    0.00    0.00     4  postgres
07:34:34 PM 100998    585796    0.00    0.00    0.00    0.00    0.00     6  postgres
07:34:34 PM 100998    585797    0.00    0.00    0.00    0.00    0.00     4  postgres
07:34:34 PM 100998    585799    0.00    0.00    0.00    0.00    0.00     6  postgres
07:34:34 PM 100998    585800    0.00    0.00    0.00    0.00    0.00     4  postgres
07:34:34 PM 100998    585801    0.00    0.00    0.00    0.00    0.00     6  postgres
07:34:34 PM 100998    585802    0.00    0.00    0.00    0.00    0.00     6  postgres
07:34:34 PM 100998    585803    0.00    0.00    0.00    0.00    0.00     4  postgres
07:34:34 PM 100998    585804    0.00    0.00    0.00    0.00    0.00     4  postgres
07:34:34 PM 100998    585805    0.00    0.00    0.00    0.00    0.00     6  postgres
07:34:34 PM 100998    585807    0.00    0.00    0.00    0.00    0.00     6  postgres
07:34:34 PM 100998    585808    0.00    0.00    0.00    0.00    0.00     4  postgres
07:34:34 PM 100998    585811    0.00    0.00    0.00    0.00    0.00     6  postgres
07:34:34 PM 100998    585813    0.00    0.00    0.00    0.00    0.00     4  postgres
07:34:34 PM 100998    585815    0.00    0.00    0.00    0.00    0.00     4  postgres
07:34:34 PM 100998    585817    0.00    0.00    0.00    0.00    0.00     5  postgres
07:34:34 PM 100998    585832    0.00    0.00    0.00    0.00    0.00     6  postgres
07:34:34 PM 100998    585854    0.00    0.00    0.00    0.00    0.00     5  postgres
07:34:34 PM 100998    585868    0.00    0.00    0.00    0.00    0.00     5  postgres

07:34:34 PM   UID       PID    %usr %system  %guest   %wait    %CPU   CPU  Command
07:34:35 PM 100998    584842    0.00    0.00    0.00    0.00    0.00     6  postgres
07:34:35 PM 100998    584843    0.00    0.00    0.00    0.00    0.00     6  postgres
07:34:35 PM 100998    584845    0.00    0.00    0.00    0.00    0.00     6  postgres
07:34:35 PM 100998    584846    0.00    0.00    0.00    0.00    0.00     5  postgres
07:34:35 PM 100998    585785    0.00    0.00    0.00    0.00    0.00     4  postgres
07:34:35 PM 100998    585794    0.00    0.00    0.00    0.00    0.00     4  postgres
07:34:35 PM 100998    585796    0.00    0.00    0.00    0.00    0.00     6  postgres
07:34:35 PM 100998    585797    0.00    0.00    0.00    0.00    0.00     4  postgres
07:34:35 PM 100998    585799    0.00    0.00    0.00    0.00    0.00     6  postgres
07:34:35 PM 100998    585800    0.00    0.00    0.00    0.00    0.00     4  postgres
07:34:35 PM 100998    585801    0.00    0.00    0.00    0.00    0.00     6  postgres
07:34:35 PM 100998    585802    0.00    0.00    0.00    0.00    0.00     6  postgres
07:34:35 PM 100998    585803    0.00    0.00    0.00    0.00    0.00     4  postgres
07:34:35 PM 100998    585804    0.00    0.00    0.00    0.00    0.00     4  postgres
07:34:35 PM 100998    585805    0.00    0.00    0.00    0.00    0.00     6  postgres
07:34:35 PM 100998    585807    0.00    0.00    0.00    0.00    0.00     6  postgres
07:34:35 PM 100998    585808    0.00    0.00    0.00    0.00    0.00     4  postgres
07:34:35 PM 100998    585811    0.00    0.00    0.00    0.00    0.00     6  postgres
07:34:35 PM 100998    585813    0.00    0.00    0.00    0.00    0.00     4  postgres
07:34:35 PM 100998    585815    0.00    0.00    0.00    0.00    0.00     4  postgres
07:34:35 PM 100998    585817    0.00    0.00    0.00    0.00    0.00     5  postgres
07:34:35 PM 100998    585832    0.00    0.00    0.00    0.00    0.00     6  postgres
07:34:35 PM 100998    585854    0.00    0.00    0.00    0.00    0.00     5  postgres
07:34:35 PM 100998    585868    0.00    0.00    0.00    0.00    0.00     5  postgres

07:34:35 PM   UID       PID    %usr %system  %guest   %wait    %CPU   CPU  Command
07:34:36 PM 100998    584842    0.00    0.00    0.00    0.00    0.00     6  postgres
07:34:36 PM 100998    584843    0.00    0.00    0.00    0.00    0.00     6  postgres
07:34:36 PM 100998    584845    0.00    0.00    0.00    0.00    0.00     6  postgres
07:34:36 PM 100998    584846    0.00    0.00    0.00    0.00    0.00     5  postgres
07:34:36 PM 100998    585785    0.00    0.00    0.00    0.00    0.00     4  postgres
07:34:36 PM 100998    585794    0.00    0.00    0.00    0.00    0.00     4  postgres
07:34:36 PM 100998    585796    0.00    0.00    0.00    0.00    0.00     6  postgres
07:34:36 PM 100998    585797    0.00    0.00    0.00    0.00    0.00     4  postgres
07:34:36 PM 100998    585799    0.00    0.00    0.00    0.00    0.00     6  postgres
07:34:36 PM 100998    585800    0.00    0.00    0.00    0.00    0.00     4  postgres
07:34:36 PM 100998    585801    0.00    0.00    0.00    0.00    0.00     6  postgres
07:34:36 PM 100998    585802    0.00    0.00    0.00    0.00    0.00     6  postgres
07:34:36 PM 100998    585803    0.00    0.00    0.00    0.00    0.00     4  postgres
07:34:36 PM 100998    585804    0.00    0.00    0.00    0.00    0.00     4  postgres
07:34:36 PM 100998    585805    0.00    0.00    0.00    0.00    0.00     6  postgres
07:34:36 PM 100998    585807    0.00    0.00    0.00    0.00    0.00     6  postgres
07:34:36 PM 100998    585808    0.00    0.00    0.00    0.00    0.00     4  postgres
07:34:36 PM 100998    585811    0.00    0.00    0.00    0.00    0.00     6  postgres
07:34:36 PM 100998    585813    0.00    0.00    0.00    0.00    0.00     4  postgres
07:34:36 PM 100998    585815    0.00    0.00    0.00    0.00    0.00     4  postgres
07:34:36 PM 100998    585817    0.00    0.00    0.00    0.00    0.00     5  postgres
07:34:36 PM 100998    585832    0.00    0.00    0.00    0.00    0.00     6  postgres
07:34:36 PM 100998    585854    0.00    0.00    0.00    0.00    0.00     5  postgres
07:34:36 PM 100998    585868    0.00    0.00    0.00    0.00    0.00     5  postgres

07:34:36 PM   UID       PID    %usr %system  %guest   %wait    %CPU   CPU  Command
07:34:37 PM 100998    584842    0.00    0.00    0.00    0.00    0.00     6  postgres
07:34:37 PM 100998    584843    0.00    0.00    0.00    0.00    0.00     6  postgres
07:34:37 PM 100998    584845    0.00    0.00    0.00    0.00    0.00     6  postgres
07:34:37 PM 100998    584846    0.00    0.00    0.00    0.00    0.00     5  postgres
07:34:37 PM 100998    585785    0.00    0.00    0.00    0.00    0.00     4  postgres
07:34:37 PM 100998    585794    0.00    0.00    0.00    0.00    0.00     4  postgres
07:34:37 PM 100998    585796    0.00    0.00    0.00    0.00    0.00     6  postgres
07:34:37 PM 100998    585797    0.00    0.00    0.00    0.00    0.00     4  postgres
07:34:37 PM 100998    585799    0.00    0.00    0.00    0.00    0.00     6  postgres
07:34:37 PM 100998    585800    0.00    0.00    0.00    0.00    0.00     4  postgres
07:34:37 PM 100998    585801    0.00    0.00    0.00    0.00    0.00     6  postgres
07:34:37 PM 100998    585802    0.00    0.00    0.00    0.00    0.00     6  postgres
07:34:37 PM 100998    585803    0.00    0.00    0.00    0.00    0.00     4  postgres
07:34:37 PM 100998    585804    0.00    0.00    0.00    0.00    0.00     4  postgres
07:34:37 PM 100998    585805    0.00    0.00    0.00    0.00    0.00     6  postgres
07:34:37 PM 100998    585807    0.00    0.00    0.00    0.00    0.00     6  postgres
07:34:37 PM 100998    585808    0.00    0.00    0.00    0.00    0.00     4  postgres
07:34:37 PM 100998    585811    0.00    0.00    0.00    0.00    0.00     6  postgres
07:34:37 PM 100998    585813    0.00    0.00    0.00    0.00    0.00     4  postgres
07:34:37 PM 100998    585815    0.00    0.00    0.00    0.00    0.00     4  postgres
07:34:37 PM 100998    585817    0.00    0.00    0.00    0.00    0.00     5  postgres
07:34:37 PM 100998    585832    0.00    0.00    0.00    0.00    0.00     6  postgres
07:34:37 PM 100998    585854    0.00    0.00    0.00    0.00    0.00     5  postgres
07:34:37 PM 100998    585868    0.00    0.00    0.00    0.00    0.00     5  postgres

07:34:37 PM   UID       PID    %usr %system  %guest   %wait    %CPU   CPU  Command
07:34:38 PM 100998    584842    0.00    0.00    0.00    0.00    0.00     6  postgres
07:34:38 PM 100998    584843    0.00    0.00    0.00    0.00    0.00     6  postgres
07:34:38 PM 100998    584845    0.00    0.00    0.00    0.00    0.00     6  postgres
07:34:38 PM 100998    584846    0.00    0.00    0.00    0.00    0.00     5  postgres
07:34:38 PM 100998    585785    0.00    0.00    0.00    0.00    0.00     4  postgres
07:34:38 PM 100998    585794    0.00    0.00    0.00    0.00    0.00     4  postgres
07:34:38 PM 100998    585796    0.00    0.00    0.00    0.00    0.00     6  postgres
07:34:38 PM 100998    585797    0.00    0.00    0.00    0.00    0.00     4  postgres
07:34:38 PM 100998    585799    0.00    0.00    0.00    0.00    0.00     6  postgres
07:34:38 PM 100998    585800    0.00    0.00    0.00    0.00    0.00     4  postgres
07:34:38 PM 100998    585801    0.00    0.00    0.00    0.00    0.00     6  postgres
07:34:38 PM 100998    585802    0.00    0.00    0.00    0.00    0.00     6  postgres
07:34:38 PM 100998    585803    0.00    0.00    0.00    0.00    0.00     4  postgres
07:34:38 PM 100998    585804    0.00    0.00    0.00    0.00    0.00     4  postgres
07:34:38 PM 100998    585805    0.00    0.00    0.00    0.00    0.00     6  postgres
07:34:38 PM 100998    585807    0.00    0.00    0.00    0.00    0.00     6  postgres
07:34:38 PM 100998    585808    0.00    0.00    0.00    0.00    0.00     4  postgres
07:34:38 PM 100998    585811    0.00    0.00    0.00    0.00    0.00     6  postgres
07:34:38 PM 100998    585813    0.00    0.00    0.00    0.00    0.00     4  postgres
07:34:38 PM 100998    585815    0.00    0.00    0.00    0.00    0.00     4  postgres
07:34:38 PM 100998    585817    0.00    0.00    0.00    0.00    0.00     5  postgres
07:34:38 PM 100998    585832    0.00    0.00    0.00    0.00    0.00     6  postgres
07:34:38 PM 100998    585854    0.00    0.00    0.00    0.00    0.00     5  postgres
07:34:38 PM 100998    585868    0.00    0.00    0.00    0.00    0.00     5  postgres

07:34:38 PM   UID       PID    %usr %system  %guest   %wait    %CPU   CPU  Command
07:34:39 PM 100998    584842    0.00    0.00    0.00    0.00    0.00     6  postgres
07:34:39 PM 100998    584843    0.00    0.00    0.00    0.00    0.00     6  postgres
07:34:39 PM 100998    584845    0.00    0.00    0.00    0.00    0.00     6  postgres
07:34:39 PM 100998    584846    0.00    0.00    0.00    0.00    0.00     5  postgres
07:34:39 PM 100998    585785    0.00    0.00    0.00    0.00    0.00     4  postgres
07:34:39 PM 100998    585794    0.00    0.00    0.00    0.00    0.00     4  postgres
07:34:39 PM 100998    585796    0.00    0.00    0.00    0.00    0.00     6  postgres
07:34:39 PM 100998    585797    0.00    0.00    0.00    0.00    0.00     4  postgres
07:34:39 PM 100998    585799    0.00    0.00    0.00    0.00    0.00     6  postgres
07:34:39 PM 100998    585800    0.00    0.00    0.00    0.00    0.00     4  postgres
07:34:39 PM 100998    585801    0.00    0.00    0.00    0.00    0.00     6  postgres
07:34:39 PM 100998    585802    0.00    0.00    0.00    0.00    0.00     6  postgres
07:34:39 PM 100998    585803    0.00    0.00    0.00    0.00    0.00     4  postgres
07:34:39 PM 100998    585804    0.00    0.00    0.00    0.00    0.00     4  postgres
07:34:39 PM 100998    585805    0.00    0.00    0.00    0.00    0.00     6  postgres
07:34:39 PM 100998    585807    0.00    0.00    0.00    0.00    0.00     6  postgres
07:34:39 PM 100998    585808    0.00    0.00    0.00    0.00    0.00     4  postgres
07:34:39 PM 100998    585811    0.00    0.00    0.00    0.00    0.00     6  postgres
07:34:39 PM 100998    585813    0.00    0.00    0.00    0.00    0.00     4  postgres
07:34:39 PM 100998    585815    0.00    0.00    0.00    0.00    0.00     4  postgres
07:34:39 PM 100998    585817    0.00    0.00    0.00    0.00    0.00     5  postgres
07:34:39 PM 100998    585832    0.00    0.00    0.00    0.00    0.00     6  postgres
07:34:39 PM 100998    585854    0.00    0.00    0.00    0.00    0.00     5  postgres
07:34:39 PM 100998    585868    0.00    0.00    0.00    0.00    0.00     5  postgres

07:34:39 PM   UID       PID    %usr %system  %guest   %wait    %CPU   CPU  Command
07:34:40 PM 100998    584842    0.00    0.00    0.00    0.00    0.00     6  postgres
07:34:40 PM 100998    584843    0.00    0.00    0.00    0.00    0.00     6  postgres
07:34:40 PM 100998    584845    0.00    0.00    0.00    0.00    0.00     6  postgres
07:34:40 PM 100998    584846    0.00    0.00    0.00    0.00    0.00     5  postgres
07:34:40 PM 100998    585785    0.00    0.00    0.00    0.00    0.00     4  postgres
07:34:40 PM 100998    585794    0.00    0.00    0.00    0.00    0.00     4  postgres
07:34:40 PM 100998    585796    0.00    0.00    0.00    0.00    0.00     6  postgres
07:34:40 PM 100998    585797    0.00    0.00    0.00    0.00    0.00     4  postgres
07:34:40 PM 100998    585799    0.00    0.00    0.00    0.00    0.00     6  postgres
07:34:40 PM 100998    585800    0.00    0.00    0.00    0.00    0.00     4  postgres
07:34:40 PM 100998    585801    0.00    0.00    0.00    0.00    0.00     6  postgres
07:34:40 PM 100998    585802    0.00    0.00    0.00    0.00    0.00     6  postgres
07:34:40 PM 100998    585803    0.00    0.00    0.00    0.00    0.00     4  postgres
07:34:40 PM 100998    585804    0.00    0.00    0.00    0.00    0.00     4  postgres
07:34:40 PM 100998    585805    0.00    0.00    0.00    0.00    0.00     6  postgres
07:34:40 PM 100998    585807    0.00    0.00    0.00    0.00    0.00     6  postgres
07:34:40 PM 100998    585808    0.00    0.00    0.00    0.00    0.00     4  postgres
07:34:40 PM 100998    585811    0.00    0.00    0.00    0.00    0.00     6  postgres
07:34:40 PM 100998    585813    0.00    0.00    0.00    0.00    0.00     4  postgres
07:34:40 PM 100998    585815    0.00    0.00    0.00    0.00    0.00     4  postgres
07:34:40 PM 100998    585817    0.00    0.00    0.00    0.00    0.00     5  postgres
07:34:40 PM 100998    585832    0.00    0.00    0.00    0.00    0.00     6  postgres
07:34:40 PM 100998    585854    0.00    0.00    0.00    0.00    0.00     5  postgres
07:34:40 PM 100998    585868    0.00    0.00    0.00    0.00    0.00     5  postgres

07:34:40 PM   UID       PID    %usr %system  %guest   %wait    %CPU   CPU  Command
07:34:41 PM 100998    584842    0.00    0.00    0.00    0.00    0.00     6  postgres
07:34:41 PM 100998    584843    0.00    0.00    0.00    0.00    0.00     6  postgres
07:34:41 PM 100998    584845    0.00    0.00    0.00    0.00    0.00     6  postgres
07:34:41 PM 100998    584846    0.00    0.00    0.00    0.00    0.00     5  postgres
07:34:41 PM 100998    585785    0.00    0.00    0.00    0.00    0.00     4  postgres
07:34:41 PM 100998    585794    0.00    0.00    0.00    0.00    0.00     4  postgres
07:34:41 PM 100998    585796    0.00    0.00    0.00    0.00    0.00     6  postgres
07:34:41 PM 100998    585797    0.00    0.00    0.00    0.00    0.00     4  postgres
07:34:41 PM 100998    585799    0.00    0.00    0.00    0.00    0.00     6  postgres
07:34:41 PM 100998    585800    0.00    0.00    0.00    0.00    0.00     4  postgres
07:34:41 PM 100998    585801    0.00    0.00    0.00    0.00    0.00     6  postgres
07:34:41 PM 100998    585802    0.00    0.00    0.00    0.00    0.00     6  postgres
07:34:41 PM 100998    585803    0.00    0.00    0.00    0.00    0.00     4  postgres
07:34:41 PM 100998    585804    0.00    0.00    0.00    0.00    0.00     4  postgres
07:34:41 PM 100998    585805    0.00    0.00    0.00    0.00    0.00     6  postgres
07:34:41 PM 100998    585807    0.00    0.00    0.00    0.00    0.00     6  postgres
07:34:41 PM 100998    585808    0.00    0.00    0.00    0.00    0.00     4  postgres
07:34:41 PM 100998    585811    0.00    0.00    0.00    0.00    0.00     6  postgres
07:34:41 PM 100998    585813    0.00    0.00    0.00    0.00    0.00     4  postgres
07:34:41 PM 100998    585815    0.00    0.00    0.00    0.00    0.00     4  postgres
07:34:41 PM 100998    585817    0.00    0.00    0.00    0.00    0.00     5  postgres
07:34:41 PM 100998    585832    0.00    0.00    0.00    0.00    0.00     6  postgres
07:34:41 PM 100998    585854    0.00    0.00    0.00    0.00    0.00     5  postgres
07:34:41 PM 100998    585868    0.00    0.00    0.00    0.00    0.00     5  postgres

07:34:41 PM   UID       PID    %usr %system  %guest   %wait    %CPU   CPU  Command
07:34:42 PM 100998    584842    0.00    0.00    0.00    0.00    0.00     6  postgres
07:34:42 PM 100998    584843    0.00    0.00    0.00    0.00    0.00     6  postgres
07:34:42 PM 100998    584845    0.00    0.00    0.00    0.00    0.00     6  postgres
07:34:42 PM 100998    584846    0.00    0.00    0.00    0.00    0.00     5  postgres
07:34:42 PM 100998    585785    0.00    0.00    0.00    0.00    0.00     4  postgres
07:34:42 PM 100998    585794    0.00    0.00    0.00    0.00    0.00     4  postgres
07:34:42 PM 100998    585796    0.00    0.00    0.00    0.00    0.00     6  postgres
07:34:42 PM 100998    585797    0.00    0.00    0.00    0.00    0.00     4  postgres
07:34:42 PM 100998    585799    0.00    0.00    0.00    0.00    0.00     6  postgres
07:34:42 PM 100998    585800    0.00    0.00    0.00    0.00    0.00     4  postgres
07:34:42 PM 100998    585801    0.00    0.00    0.00    0.00    0.00     6  postgres
07:34:42 PM 100998    585802    0.00    0.00    0.00    0.00    0.00     6  postgres
07:34:42 PM 100998    585803    0.00    0.00    0.00    0.00    0.00     4  postgres
07:34:42 PM 100998    585804    0.00    0.00    0.00    0.00    0.00     4  postgres
07:34:42 PM 100998    585805    0.00    0.00    0.00    0.00    0.00     6  postgres
07:34:42 PM 100998    585807    0.00    0.00    0.00    0.00    0.00     6  postgres
07:34:42 PM 100998    585808    0.00    0.00    0.00    0.00    0.00     4  postgres
07:34:42 PM 100998    585811    0.00    0.00    0.00    0.00    0.00     6  postgres
07:34:42 PM 100998    585813    0.00    0.00    0.00    0.00    0.00     4  postgres
07:34:42 PM 100998    585815    0.00    0.00    0.00    0.00    0.00     4  postgres
07:34:42 PM 100998    585817    0.00    0.00    0.00    0.00    0.00     5  postgres
07:34:42 PM 100998    585832    0.00    0.00    0.00    0.00    0.00     6  postgres
07:34:42 PM 100998    585854    0.00    0.00    0.00    0.00    0.00     5  postgres
07:34:42 PM 100998    585868    0.00    0.00    0.00    0.00    0.00     5  postgres

07:34:42 PM   UID       PID    %usr %system  %guest   %wait    %CPU   CPU  Command
07:34:43 PM 100998    584842    0.00    0.00    0.00    0.00    0.00     6  postgres
07:34:43 PM 100998    584843    0.00    0.00    0.00    0.00    0.00     6  postgres
07:34:43 PM 100998    584845    0.00    0.00    0.00    0.00    0.00     6  postgres
07:34:43 PM 100998    584846    0.00    0.00    0.00    0.00    0.00     5  postgres
07:34:43 PM 100998    585785    0.00    0.00    0.00    0.00    0.00     4  postgres
07:34:43 PM 100998    585794    0.00    0.00    0.00    0.00    0.00     4  postgres
07:34:43 PM 100998    585796    0.00    0.00    0.00    0.00    0.00     6  postgres
07:34:43 PM 100998    585797    0.00    0.00    0.00    0.00    0.00     4  postgres
07:34:43 PM 100998    585799    0.00    0.00    0.00    0.00    0.00     6  postgres
07:34:43 PM 100998    585800    0.00    0.00    0.00    0.00    0.00     4  postgres
07:34:43 PM 100998    585801    0.00    0.00    0.00    0.00    0.00     6  postgres
07:34:43 PM 100998    585802    0.00    0.00    0.00    0.00    0.00     6  postgres
07:34:43 PM 100998    585803    0.00    0.00    0.00    0.00    0.00     4  postgres
07:34:43 PM 100998    585804    0.00    0.00    0.00    0.00    0.00     4  postgres
07:34:43 PM 100998    585805    0.00    0.00    0.00    0.00    0.00     6  postgres
07:34:43 PM 100998    585807    0.00    0.00    0.00    0.00    0.00     6  postgres
07:34:43 PM 100998    585808    0.00    0.00    0.00    0.00    0.00     4  postgres
07:34:43 PM 100998    585811    0.00    0.00    0.00    0.00    0.00     6  postgres
07:34:43 PM 100998    585813    0.00    0.00    0.00    0.00    0.00     4  postgres
07:34:43 PM 100998    585815    0.00    0.00    0.00    0.00    0.00     4  postgres
07:34:43 PM 100998    585817    0.00    0.00    0.00    0.00    0.00     5  postgres
07:34:43 PM 100998    585832    0.00    0.00    0.00    0.00    0.00     6  postgres
07:34:43 PM 100998    585854    0.00    0.00    0.00    0.00    0.00     5  postgres
07:34:43 PM 100998    585868    0.00    0.00    0.00    0.00    0.00     5  postgres

07:34:43 PM   UID       PID    %usr %system  %guest   %wait    %CPU   CPU  Command
07:34:44 PM 100998    584842    0.00    0.00    0.00    0.00    0.00     6  postgres
07:34:44 PM 100998    584843    0.00    0.00    0.00    0.00    0.00     6  postgres
07:34:44 PM 100998    584845    0.00    0.00    0.00    0.00    0.00     6  postgres
07:34:44 PM 100998    584846    0.00    0.00    0.00    0.00    0.00     5  postgres
07:34:44 PM 100998    585785    0.00    0.00    0.00    0.00    0.00     4  postgres
07:34:44 PM 100998    585794    0.00    0.00    0.00    0.00    0.00     4  postgres
07:34:44 PM 100998    585796    0.00    0.00    0.00    0.00    0.00     6  postgres
07:34:44 PM 100998    585797    0.00    0.00    0.00    0.00    0.00     4  postgres
07:34:44 PM 100998    585799    0.00    0.00    0.00    0.00    0.00     6  postgres
07:34:44 PM 100998    585800    0.00    0.00    0.00    0.00    0.00     4  postgres
07:34:44 PM 100998    585801    0.00    0.00    0.00    0.00    0.00     6  postgres
07:34:44 PM 100998    585802    0.00    0.00    0.00    0.00    0.00     6  postgres
07:34:44 PM 100998    585803    0.00    0.00    0.00    0.00    0.00     4  postgres
07:34:44 PM 100998    585804    0.00    0.00    0.00    0.00    0.00     4  postgres
07:34:44 PM 100998    585805    0.00    0.00    0.00    0.00    0.00     6  postgres
07:34:44 PM 100998    585807    0.00    0.00    0.00    0.00    0.00     6  postgres
07:34:44 PM 100998    585808    0.00    0.00    0.00    0.00    0.00     4  postgres
07:34:44 PM 100998    585811    0.00    0.00    0.00    0.00    0.00     6  postgres
07:34:44 PM 100998    585813    0.00    0.00    0.00    0.00    0.00     4  postgres
07:34:44 PM 100998    585815    0.00    0.00    0.00    0.00    0.00     4  postgres
07:34:44 PM 100998    585817    0.00    0.00    0.00    0.00    0.00     5  postgres
07:34:44 PM 100998    585832    0.00    0.00    0.00    0.00    0.00     6  postgres
07:34:44 PM 100998    585854    0.00    0.00    0.00    0.00    0.00     5  postgres
07:34:44 PM 100998    585868    0.00    0.00    0.00    0.00    0.00     5  postgres

07:34:44 PM   UID       PID    %usr %system  %guest   %wait    %CPU   CPU  Command
07:34:45 PM 100998    584842    0.00    0.00    0.00    0.00    0.00     6  postgres
07:34:45 PM 100998    584843    0.00    0.00    0.00    0.00    0.00     6  postgres
07:34:45 PM 100998    584845    0.00    0.00    0.00    0.00    0.00     6  postgres
07:34:45 PM 100998    584846    0.00    0.00    0.00    0.00    0.00     5  postgres
07:34:45 PM 100998    585785    0.00    0.00    0.00    0.00    0.00     4  postgres
07:34:45 PM 100998    585794    0.00    0.00    0.00    0.00    0.00     4  postgres
07:34:45 PM 100998    585796    0.00    0.00    0.00    0.00    0.00     6  postgres
07:34:45 PM 100998    585797    0.00    0.00    0.00    0.00    0.00     4  postgres
07:34:45 PM 100998    585799    0.00    0.00    0.00    0.00    0.00     6  postgres
07:34:45 PM 100998    585800    0.00    0.00    0.00    0.00    0.00     4  postgres
07:34:45 PM 100998    585801    0.00    0.00    0.00    0.00    0.00     6  postgres
07:34:45 PM 100998    585802    0.00    0.00    0.00    0.00    0.00     6  postgres
07:34:45 PM 100998    585803    0.00    0.00    0.00    0.00    0.00     4  postgres
07:34:45 PM 100998    585804    0.00    0.00    0.00    0.00    0.00     4  postgres
07:34:45 PM 100998    585805    0.00    0.00    0.00    0.00    0.00     6  postgres
07:34:45 PM 100998    585807    0.00    0.00    0.00    0.00    0.00     6  postgres
07:34:45 PM 100998    585808    0.00    0.00    0.00    0.00    0.00     4  postgres
07:34:45 PM 100998    585811    0.00    0.00    0.00    0.00    0.00     6  postgres
07:34:45 PM 100998    585813    0.00    0.00    0.00    0.00    0.00     4  postgres
07:34:45 PM 100998    585815    0.00    0.00    0.00    0.00    0.00     4  postgres
07:34:45 PM 100998    585817    0.00    0.00    0.00    0.00    0.00     5  postgres
07:34:45 PM 100998    585832    0.00    0.00    0.00    0.00    0.00     6  postgres
07:34:45 PM 100998    585854    0.00    0.00    0.00    0.00    0.00     5  postgres
07:34:45 PM 100998    585868    0.00    0.00    0.00    0.00    0.00     5  postgres

07:34:45 PM   UID       PID    %usr %system  %guest   %wait    %CPU   CPU  Command
07:34:46 PM 100998    584842    0.00    0.00    0.00    0.00    0.00     6  postgres
07:34:46 PM 100998    584843    0.00    0.00    0.00    0.00    0.00     6  postgres
07:34:46 PM 100998    584845    0.00    0.00    0.00    0.00    0.00     6  postgres
07:34:46 PM 100998    584846    0.00    0.00    0.00    0.00    0.00     5  postgres
07:34:46 PM 100998    585785    0.00    0.00    0.00    0.00    0.00     4  postgres
07:34:46 PM 100998    585794    0.00    0.00    0.00    0.00    0.00     4  postgres
07:34:46 PM 100998    585796    0.00    0.00    0.00    0.00    0.00     6  postgres
07:34:46 PM 100998    585797    0.00    0.00    0.00    0.00    0.00     4  postgres
07:34:46 PM 100998    585799    0.00    0.00    0.00    0.00    0.00     6  postgres
07:34:46 PM 100998    585800    0.00    0.00    0.00    0.00    0.00     4  postgres
07:34:46 PM 100998    585801    0.00    0.00    0.00    0.00    0.00     6  postgres
07:34:46 PM 100998    585802    0.00    0.00    0.00    0.00    0.00     6  postgres
07:34:46 PM 100998    585803    0.00    0.00    0.00    0.00    0.00     4  postgres
07:34:46 PM 100998    585804    0.00    0.00    0.00    0.00    0.00     4  postgres
07:34:46 PM 100998    585805    0.00    0.00    0.00    0.00    0.00     6  postgres
07:34:46 PM 100998    585807    0.00    0.00    0.00    0.00    0.00     6  postgres
07:34:46 PM 100998    585808    0.00    0.00    0.00    0.00    0.00     4  postgres
07:34:46 PM 100998    585811    0.00    0.00    0.00    0.00    0.00     6  postgres
07:34:46 PM 100998    585813    0.00    0.00    0.00    0.00    0.00     4  postgres
07:34:46 PM 100998    585815    0.00    0.00    0.00    0.00    0.00     4  postgres
07:34:46 PM 100998    585817    0.00    0.00    0.00    0.00    0.00     5  postgres
07:34:46 PM 100998    585832    0.00    0.00    0.00    0.00    0.00     6  postgres
07:34:46 PM 100998    585854    0.00    0.00    0.00    0.00    0.00     5  postgres
07:34:46 PM 100998    585868    0.00    0.00    0.00    0.00    0.00     5  postgres

07:34:46 PM   UID       PID    %usr %system  %guest   %wait    %CPU   CPU  Command
07:34:47 PM 100998    584842    0.00    0.00    0.00    0.00    0.00     6  postgres
07:34:47 PM 100998    584843    0.00    0.00    0.00    0.00    0.00     6  postgres
07:34:47 PM 100998    584845    0.00    0.00    0.00    0.00    0.00     6  postgres
07:34:47 PM 100998    584846    0.00    0.00    0.00    0.00    0.00     5  postgres
07:34:47 PM 100998    585785    0.00    0.00    0.00    0.00    0.00     4  postgres
07:34:47 PM 100998    585794    0.00    0.00    0.00    0.00    0.00     4  postgres
07:34:47 PM 100998    585796    0.00    0.00    0.00    0.00    0.00     6  postgres
07:34:47 PM 100998    585797    0.00    0.00    0.00    0.00    0.00     4  postgres
07:34:47 PM 100998    585799    0.00    0.00    0.00    0.00    0.00     6  postgres
07:34:47 PM 100998    585800    0.00    0.00    0.00    0.00    0.00     4  postgres
07:34:47 PM 100998    585801    0.00    0.00    0.00    0.00    0.00     6  postgres
07:34:47 PM 100998    585802    0.00    0.00    0.00    0.00    0.00     6  postgres
07:34:47 PM 100998    585803    0.00    0.00    0.00    0.00    0.00     4  postgres
07:34:47 PM 100998    585804    0.00    0.00    0.00    0.00    0.00     4  postgres
07:34:47 PM 100998    585805    0.00    0.00    0.00    0.00    0.00     6  postgres
07:34:47 PM 100998    585807    0.00    0.00    0.00    0.00    0.00     6  postgres
07:34:47 PM 100998    585808    0.00    0.00    0.00    0.00    0.00     4  postgres
07:34:47 PM 100998    585811    0.00    0.00    0.00    0.00    0.00     6  postgres
07:34:47 PM 100998    585813    0.00    0.00    0.00    0.00    0.00     4  postgres
07:34:47 PM 100998    585815    0.00    0.00    0.00    0.00    0.00     4  postgres
07:34:47 PM 100998    585817    0.00    0.00    0.00    0.00    0.00     5  postgres
07:34:47 PM 100998    585832    0.00    0.00    0.00    0.00    0.00     6  postgres
07:34:47 PM 100998    585854    0.00    0.00    0.00    0.00    0.00     5  postgres
07:34:47 PM 100998    585868    0.00    0.00    0.00    0.00    0.00     5  postgres

07:34:47 PM   UID       PID    %usr %system  %guest   %wait    %CPU   CPU  Command
07:34:48 PM 100998    584842    0.00    0.00    0.00    0.00    0.00     6  postgres
07:34:48 PM 100998    584843    0.00    0.00    0.00    0.00    0.00     6  postgres
07:34:48 PM 100998    584845    0.00    0.00    0.00    0.00    0.00     6  postgres
07:34:48 PM 100998    584846    0.00    0.00    0.00    0.00    0.00     5  postgres
07:34:48 PM 100998    585785    0.00    0.00    0.00    0.00    0.00     4  postgres
07:34:48 PM 100998    585794    0.00    0.00    0.00    0.00    0.00     4  postgres
07:34:48 PM 100998    585796    0.00    0.00    0.00    0.00    0.00     6  postgres
07:34:48 PM 100998    585797    0.00    0.00    0.00    0.00    0.00     4  postgres
07:34:48 PM 100998    585799    0.00    0.00    0.00    0.00    0.00     6  postgres
07:34:48 PM 100998    585800    0.00    0.00    0.00    0.00    0.00     4  postgres
07:34:48 PM 100998    585801    0.00    0.00    0.00    0.00    0.00     6  postgres
07:34:48 PM 100998    585802    0.00    0.00    0.00    0.00    0.00     6  postgres
07:34:48 PM 100998    585803    0.00    0.00    0.00    0.00    0.00     4  postgres
07:34:48 PM 100998    585804    0.00    0.00    0.00    0.00    0.00     4  postgres
07:34:48 PM 100998    585805    0.00    0.00    0.00    0.00    0.00     6  postgres
07:34:48 PM 100998    585807    0.00    0.00    0.00    0.00    0.00     6  postgres
07:34:48 PM 100998    585808    0.00    0.00    0.00    0.00    0.00     4  postgres
07:34:48 PM 100998    585811    0.00    0.00    0.00    0.00    0.00     6  postgres
07:34:48 PM 100998    585813    0.00    0.00    0.00    0.00    0.00     4  postgres
07:34:48 PM 100998    585815    0.00    0.00    0.00    0.00    0.00     4  postgres
07:34:48 PM 100998    585817    0.00    0.00    0.00    0.00    0.00     5  postgres
07:34:48 PM 100998    585832    0.00    0.00    0.00    0.00    0.00     6  postgres
07:34:48 PM 100998    585854    0.00    0.00    0.00    0.00    0.00     5  postgres
07:34:48 PM 100998    585868    0.00    0.00    0.00    0.00    0.00     5  postgres

07:34:48 PM   UID       PID    %usr %system  %guest   %wait    %CPU   CPU  Command
07:34:49 PM 100998    584842    0.00    0.00    0.00    0.00    0.00     6  postgres
07:34:49 PM 100998    584843    0.00    0.00    0.00    0.00    0.00     6  postgres
07:34:49 PM 100998    584845    0.00    0.00    0.00    0.00    0.00     6  postgres
07:34:49 PM 100998    584846    0.00    0.00    0.00    0.00    0.00     5  postgres
07:34:49 PM 100998    585785    0.00    0.00    0.00    0.00    0.00     4  postgres
07:34:49 PM 100998    585794    0.00    0.00    0.00    0.00    0.00     4  postgres
07:34:49 PM 100998    585796    0.00    0.00    0.00    0.00    0.00     6  postgres
07:34:49 PM 100998    585797    0.00    0.00    0.00    0.00    0.00     4  postgres
07:34:49 PM 100998    585799    0.00    0.00    0.00    0.00    0.00     6  postgres
07:34:49 PM 100998    585800    0.00    0.00    0.00    0.00    0.00     4  postgres
07:34:49 PM 100998    585801    0.00    0.00    0.00    0.00    0.00     6  postgres
07:34:49 PM 100998    585802    0.00    0.00    0.00    0.00    0.00     6  postgres
07:34:49 PM 100998    585803    0.00    0.00    0.00    0.00    0.00     4  postgres
07:34:49 PM 100998    585804    0.00    0.00    0.00    0.00    0.00     4  postgres
07:34:49 PM 100998    585805    0.00    0.00    0.00    0.00    0.00     6  postgres
07:34:49 PM 100998    585807    0.00    0.00    0.00    0.00    0.00     6  postgres
07:34:49 PM 100998    585808    0.00    0.00    0.00    0.00    0.00     4  postgres
07:34:49 PM 100998    585811    0.00    0.00    0.00    0.00    0.00     6  postgres
07:34:49 PM 100998    585813    0.00    0.00    0.00    0.00    0.00     4  postgres
07:34:49 PM 100998    585815    0.00    0.00    0.00    0.00    0.00     4  postgres
07:34:49 PM 100998    585817    0.00    0.00    0.00    0.00    0.00     5  postgres
07:34:49 PM 100998    585832    0.00    0.00    0.00    0.00    0.00     6  postgres
07:34:49 PM 100998    585854    0.00    0.00    0.00    0.00    0.00     5  postgres
07:34:49 PM 100998    585868    0.00    0.00    0.00    0.00    0.00     5  postgres

07:34:49 PM   UID       PID    %usr %system  %guest   %wait    %CPU   CPU  Command
07:34:50 PM 100998    584842    0.00    0.00    0.00    0.00    0.00     6  postgres
07:34:50 PM 100998    584843    0.00    0.00    0.00    0.00    0.00     6  postgres
07:34:50 PM 100998    584845    0.00    0.00    0.00    0.00    0.00     6  postgres
07:34:50 PM 100998    584846    0.00    0.00    0.00    0.00    0.00     5  postgres
07:34:50 PM 100998    585785    0.00    0.00    0.00    0.00    0.00     4  postgres
07:34:50 PM 100998    585794    0.00    0.00    0.00    0.00    0.00     4  postgres
07:34:50 PM 100998    585796    0.00    0.00    0.00    0.00    0.00     6  postgres
07:34:50 PM 100998    585797    0.00    0.00    0.00    0.00    0.00     4  postgres
07:34:50 PM 100998    585799    0.00    0.00    0.00    0.00    0.00     6  postgres
07:34:50 PM 100998    585800    0.00    0.00    0.00    0.00    0.00     4  postgres
07:34:50 PM 100998    585801    0.00    0.00    0.00    0.00    0.00     6  postgres
07:34:50 PM 100998    585802    0.00    0.00    0.00    0.00    0.00     6  postgres
07:34:50 PM 100998    585803    0.00    0.00    0.00    0.00    0.00     4  postgres
07:34:50 PM 100998    585804    0.00    0.00    0.00    0.00    0.00     4  postgres
07:34:50 PM 100998    585805    0.00    0.00    0.00    0.00    0.00     6  postgres
07:34:50 PM 100998    585807    0.00    0.00    0.00    0.00    0.00     6  postgres
07:34:50 PM 100998    585808    0.00    0.00    0.00    0.00    0.00     4  postgres
07:34:50 PM 100998    585811    0.00    0.00    0.00    0.00    0.00     6  postgres
07:34:50 PM 100998    585813    0.00    0.00    0.00    0.00    0.00     4  postgres
07:34:50 PM 100998    585815    0.00    0.00    0.00    0.00    0.00     4  postgres
07:34:50 PM 100998    585817    0.00    0.00    0.00    0.00    0.00     5  postgres
07:34:50 PM 100998    585832    0.00    0.00    0.00    0.00    0.00     6  postgres
07:34:50 PM 100998    585854    0.00    0.00    0.00    0.00    0.00     5  postgres
07:34:50 PM 100998    585868    0.00    0.00    0.00    0.00    0.00     5  postgres

07:34:50 PM   UID       PID    %usr %system  %guest   %wait    %CPU   CPU  Command
07:34:51 PM 100998    584842    0.00    0.00    0.00    0.00    0.00     6  postgres
07:34:51 PM 100998    584843    0.00    0.00    0.00    0.00    0.00     6  postgres
07:34:51 PM 100998    584845    0.00    0.00    0.00    0.00    0.00     6  postgres
07:34:51 PM 100998    584846    0.00    0.00    0.00    0.00    0.00     5  postgres
07:34:51 PM 100998    585785    0.00    0.00    0.00    0.00    0.00     4  postgres
07:34:51 PM 100998    585794    0.00    0.00    0.00    0.00    0.00     4  postgres
07:34:51 PM 100998    585796    0.00    0.00    0.00    0.00    0.00     6  postgres
07:34:51 PM 100998    585797    0.00    0.00    0.00    0.00    0.00     4  postgres
07:34:51 PM 100998    585799    0.00    0.00    0.00    0.00    0.00     6  postgres
07:34:51 PM 100998    585800    0.00    0.00    0.00    0.00    0.00     4  postgres
07:34:51 PM 100998    585801    0.00    0.00    0.00    0.00    0.00     6  postgres
07:34:51 PM 100998    585802    0.00    0.00    0.00    0.00    0.00     6  postgres
07:34:51 PM 100998    585803    0.00    0.00    0.00    0.00    0.00     4  postgres
07:34:51 PM 100998    585804    0.00    0.00    0.00    0.00    0.00     4  postgres
07:34:51 PM 100998    585805    0.00    0.00    0.00    0.00    0.00     6  postgres
07:34:51 PM 100998    585807    0.00    0.00    0.00    0.00    0.00     6  postgres
07:34:51 PM 100998    585808    0.00    0.00    0.00    0.00    0.00     4  postgres
07:34:51 PM 100998    585811    0.00    0.00    0.00    0.00    0.00     6  postgres
07:34:51 PM 100998    585813    0.00    0.00    0.00    0.00    0.00     4  postgres
07:34:51 PM 100998    585815    0.00    0.00    0.00    0.00    0.00     4  postgres
07:34:51 PM 100998    585817    0.00    0.00    0.00    0.00    0.00     5  postgres
07:34:51 PM 100998    585832    0.00    0.00    0.00    0.00    0.00     6  postgres
07:34:51 PM 100998    585854    0.00    0.00    0.00    0.00    0.00     5  postgres
07:34:51 PM 100998    585868    0.00    0.00    0.00    0.00    0.00     5  postgres

07:34:51 PM   UID       PID    %usr %system  %guest   %wait    %CPU   CPU  Command
07:34:52 PM 100998    584842    0.00    0.00    0.00    0.00    0.00     6  postgres
07:34:52 PM 100998    584843    0.00    0.00    0.00    0.00    0.00     6  postgres
07:34:52 PM 100998    584845    0.00    0.00    0.00    0.00    0.00     6  postgres
07:34:52 PM 100998    584846    0.00    0.00    0.00    0.00    0.00     5  postgres
07:34:52 PM 100998    585785    0.00    0.00    0.00    0.00    0.00     4  postgres
07:34:52 PM 100998    585794    0.00    0.00    0.00    0.00    0.00     4  postgres
07:34:52 PM 100998    585796    0.00    0.00    0.00    0.00    0.00     6  postgres
07:34:52 PM 100998    585797    0.00    0.00    0.00    0.00    0.00     4  postgres
07:34:52 PM 100998    585799    0.00    0.00    0.00    0.00    0.00     6  postgres
07:34:52 PM 100998    585800    0.00    0.00    0.00    0.00    0.00     4  postgres
07:34:52 PM 100998    585801    0.00    0.00    0.00    0.00    0.00     6  postgres
07:34:52 PM 100998    585802    0.00    0.00    0.00    0.00    0.00     6  postgres
07:34:52 PM 100998    585803    0.00    0.00    0.00    0.00    0.00     4  postgres
07:34:52 PM 100998    585804    0.00    0.00    0.00    0.00    0.00     4  postgres
07:34:52 PM 100998    585805    0.00    0.00    0.00    0.00    0.00     6  postgres
07:34:52 PM 100998    585807    0.00    0.00    0.00    0.00    0.00     6  postgres
07:34:52 PM 100998    585808    0.00    0.00    0.00    0.00    0.00     4  postgres
07:34:52 PM 100998    585811    0.00    0.00    0.00    0.00    0.00     6  postgres
07:34:52 PM 100998    585813    0.00    0.00    0.00    0.00    0.00     4  postgres
07:34:52 PM 100998    585815    0.00    0.00    0.00    0.00    0.00     4  postgres
07:34:52 PM 100998    585817    0.00    0.00    0.00    0.00    0.00     5  postgres
07:34:52 PM 100998    585832    0.00    0.00    0.00    0.00    0.00     6  postgres
07:34:52 PM 100998    585854    0.00    0.00    0.00    0.00    0.00     5  postgres
07:34:52 PM 100998    585868    0.00    0.00    0.00    0.00    0.00     5  postgres

07:34:52 PM   UID       PID    %usr %system  %guest   %wait    %CPU   CPU  Command
07:34:53 PM 100998    584842    0.00    0.00    0.00    0.00    0.00     6  postgres
07:34:53 PM 100998    584843    0.00    0.00    0.00    0.00    0.00     6  postgres
07:34:53 PM 100998    584845    0.00    0.00    0.00    0.00    0.00     6  postgres
07:34:53 PM 100998    584846    0.00    0.00    0.00    0.00    0.00     5  postgres
07:34:53 PM 100998    585785    0.00    0.00    0.00    0.00    0.00     4  postgres
07:34:53 PM 100998    585794    0.00    0.00    0.00    0.00    0.00     4  postgres
07:34:53 PM 100998    585796    0.00    0.00    0.00    0.00    0.00     6  postgres
07:34:53 PM 100998    585797    0.00    0.00    0.00    0.00    0.00     4  postgres
07:34:53 PM 100998    585799    0.00    0.00    0.00    0.00    0.00     6  postgres
07:34:53 PM 100998    585800    0.00    0.00    0.00    0.00    0.00     4  postgres
07:34:53 PM 100998    585801    0.00    0.00    0.00    0.00    0.00     6  postgres
07:34:53 PM 100998    585802    0.00    0.00    0.00    0.00    0.00     6  postgres
07:34:53 PM 100998    585803    0.00    0.00    0.00    0.00    0.00     4  postgres
07:34:53 PM 100998    585804    0.00    0.00    0.00    0.00    0.00     4  postgres
07:34:53 PM 100998    585805    0.00    0.00    0.00    0.00    0.00     6  postgres
07:34:53 PM 100998    585807    0.00    0.00    0.00    0.00    0.00     6  postgres
07:34:53 PM 100998    585808    0.00    0.00    0.00    0.00    0.00     4  postgres
07:34:53 PM 100998    585811    0.00    0.00    0.00    0.00    0.00     6  postgres
07:34:53 PM 100998    585813    0.00    0.00    0.00    0.00    0.00     4  postgres
07:34:53 PM 100998    585815    0.00    0.00    0.00    0.00    0.00     4  postgres
07:34:53 PM 100998    585817    0.00    0.00    0.00    0.00    0.00     5  postgres
07:34:53 PM 100998    585832    0.00    0.00    0.00    0.00    0.00     6  postgres
07:34:53 PM 100998    585854    0.00    0.00    0.00    0.00    0.00     5  postgres
07:34:53 PM 100998    585868    0.00    0.00    0.00    0.00    0.00     5  postgres

07:34:53 PM   UID       PID    %usr %system  %guest   %wait    %CPU   CPU  Command
07:34:54 PM 100998    584842    0.00    0.00    0.00    0.00    0.00     6  postgres
07:34:54 PM 100998    584843    0.00    0.00    0.00    0.00    0.00     6  postgres
07:34:54 PM 100998    584845    0.00    0.00    0.00    0.00    0.00     6  postgres
07:34:54 PM 100998    584846    0.00    0.00    0.00    0.00    0.00     5  postgres
07:34:54 PM 100998    585785    0.00    0.00    0.00    0.00    0.00     4  postgres
07:34:54 PM 100998    585794    0.00    0.00    0.00    0.00    0.00     4  postgres
07:34:54 PM 100998    585796    0.00    0.00    0.00    0.00    0.00     6  postgres
07:34:54 PM 100998    585797    0.00    0.00    0.00    0.00    0.00     4  postgres
07:34:54 PM 100998    585799    0.00    0.00    0.00    0.00    0.00     6  postgres
07:34:54 PM 100998    585800    0.00    0.00    0.00    0.00    0.00     4  postgres
07:34:54 PM 100998    585801    0.00    0.00    0.00    0.00    0.00     6  postgres
07:34:54 PM 100998    585802    0.00    0.00    0.00    0.00    0.00     6  postgres
07:34:54 PM 100998    585803    0.00    0.00    0.00    0.00    0.00     4  postgres
07:34:54 PM 100998    585804    0.00    0.00    0.00    0.00    0.00     4  postgres
07:34:54 PM 100998    585805    0.00    0.00    0.00    0.00    0.00     6  postgres
07:34:54 PM 100998    585807    0.00    0.00    0.00    0.00    0.00     6  postgres
07:34:54 PM 100998    585808    0.00    0.00    0.00    0.00    0.00     4  postgres
07:34:54 PM 100998    585811    0.00    0.00    0.00    0.00    0.00     6  postgres
07:34:54 PM 100998    585813    0.00    0.00    0.00    0.00    0.00     4  postgres
07:34:54 PM 100998    585815    0.00    0.00    0.00    0.00    0.00     4  postgres
07:34:54 PM 100998    585817    0.00    0.00    0.00    0.00    0.00     5  postgres
07:34:54 PM 100998    585832    0.00    0.00    0.00    0.00    0.00     6  postgres
07:34:54 PM 100998    585854    0.00    0.00    0.00    0.00    0.00     5  postgres
07:34:54 PM 100998    585868    0.00    0.00    0.00    0.00    0.00     5  postgres

07:34:54 PM   UID       PID    %usr %system  %guest   %wait    %CPU   CPU  Command
07:34:55 PM 100998    584842    0.00    0.00    0.00    0.00    0.00     6  postgres
07:34:55 PM 100998    584843    0.00    0.00    0.00    0.00    0.00     6  postgres
07:34:55 PM 100998    584845    0.00    0.00    0.00    0.00    0.00     6  postgres
07:34:55 PM 100998    584846    0.00    0.00    0.00    0.00    0.00     5  postgres
07:34:55 PM 100998    585785    0.00    0.00    0.00    0.00    0.00     4  postgres
07:34:55 PM 100998    585794    0.00    0.00    0.00    0.00    0.00     4  postgres
07:34:55 PM 100998    585796    0.00    0.00    0.00    0.00    0.00     6  postgres
07:34:55 PM 100998    585797    0.00    0.00    0.00    0.00    0.00     4  postgres
07:34:55 PM 100998    585799    0.00    0.00    0.00    0.00    0.00     6  postgres
07:34:55 PM 100998    585800    0.00    0.00    0.00    0.00    0.00     4  postgres
07:34:55 PM 100998    585801    0.00    0.00    0.00    0.00    0.00     6  postgres
07:34:55 PM 100998    585802    0.00    0.00    0.00    0.00    0.00     6  postgres
07:34:55 PM 100998    585803    0.00    0.00    0.00    0.00    0.00     4  postgres
07:34:55 PM 100998    585804    0.00    0.00    0.00    0.00    0.00     4  postgres
07:34:55 PM 100998    585805    0.00    0.00    0.00    0.00    0.00     6  postgres
07:34:55 PM 100998    585807    0.00    0.00    0.00    0.00    0.00     6  postgres
07:34:55 PM 100998    585808    0.00    0.00    0.00    0.00    0.00     4  postgres
07:34:55 PM 100998    585811    0.00    0.00    0.00    0.00    0.00     6  postgres
07:34:55 PM 100998    585813    0.00    0.00    0.00    0.00    0.00     4  postgres
07:34:55 PM 100998    585815    0.00    0.00    0.00    0.00    0.00     4  postgres
07:34:55 PM 100998    585817    0.00    0.00    0.00    0.00    0.00     5  postgres
07:34:55 PM 100998    585832    0.00    0.00    0.00    0.00    0.00     6  postgres
07:34:55 PM 100998    585854    0.00    0.00    0.00    0.00    0.00     5  postgres
07:34:55 PM 100998    585868    0.00    0.00    0.00    0.00    0.00     5  postgres

07:34:55 PM   UID       PID    %usr %system  %guest   %wait    %CPU   CPU  Command
07:34:56 PM 100998    584842    0.00    0.00    0.00    0.00    0.00     6  postgres
07:34:56 PM 100998    584843    0.00    0.00    0.00    0.00    0.00     6  postgres
07:34:56 PM 100998    584845    0.00    0.00    0.00    0.00    0.00     6  postgres
07:34:56 PM 100998    584846    0.00    0.00    0.00    0.00    0.00     5  postgres
07:34:56 PM 100998    585785    0.00    0.00    0.00    0.00    0.00     4  postgres
07:34:56 PM 100998    585794    0.00    0.00    0.00    0.00    0.00     4  postgres
07:34:56 PM 100998    585796    0.00    0.00    0.00    0.00    0.00     6  postgres
07:34:56 PM 100998    585797    0.00    0.00    0.00    0.00    0.00     4  postgres
07:34:56 PM 100998    585799    0.00    0.00    0.00    0.00    0.00     6  postgres
07:34:56 PM 100998    585800    0.00    0.00    0.00    0.00    0.00     4  postgres
07:34:56 PM 100998    585801    0.00    0.00    0.00    0.00    0.00     6  postgres
07:34:56 PM 100998    585802    0.00    0.00    0.00    0.00    0.00     6  postgres
07:34:56 PM 100998    585803    0.00    0.00    0.00    0.00    0.00     4  postgres
07:34:56 PM 100998    585804    0.00    0.00    0.00    0.00    0.00     4  postgres
07:34:56 PM 100998    585805    0.00    0.00    0.00    0.00    0.00     6  postgres
07:34:56 PM 100998    585807    0.00    0.00    0.00    0.00    0.00     6  postgres
07:34:56 PM 100998    585808    0.00    0.00    0.00    0.00    0.00     4  postgres
07:34:56 PM 100998    585811    0.00    0.00    0.00    0.00    0.00     6  postgres
07:34:56 PM 100998    585813    0.00    0.00    0.00    0.00    0.00     4  postgres
07:34:56 PM 100998    585815    0.00    0.00    0.00    0.00    0.00     4  postgres
07:34:56 PM 100998    585817    0.00    0.00    0.00    0.00    0.00     5  postgres
07:34:56 PM 100998    585832    0.00    0.00    0.00    0.00    0.00     6  postgres
07:34:56 PM 100998    585854    0.00    0.00    0.00    0.00    0.00     5  postgres
07:34:56 PM 100998    585868    0.00    0.00    0.00    0.00    0.00     5  postgres

07:34:56 PM   UID       PID    %usr %system  %guest   %wait    %CPU   CPU  Command
07:34:57 PM 100998    584842    0.00    0.00    0.00    0.00    0.00     6  postgres
07:34:57 PM 100998    584843    0.00    0.00    0.00    0.00    0.00     6  postgres
07:34:57 PM 100998    584845    0.00    0.00    0.00    0.00    0.00     6  postgres
07:34:57 PM 100998    584846    0.00    0.00    0.00    0.00    0.00     5  postgres
07:34:57 PM 100998    585785    0.00    0.00    0.00    0.00    0.00     4  postgres
07:34:57 PM 100998    585794    0.00    0.00    0.00    0.00    0.00     4  postgres
07:34:57 PM 100998    585796    0.00    0.00    0.00    0.00    0.00     6  postgres
07:34:57 PM 100998    585797    0.00    0.00    0.00    0.00    0.00     4  postgres
07:34:57 PM 100998    585799    0.00    0.00    0.00    0.00    0.00     6  postgres
07:34:57 PM 100998    585800    0.00    0.00    0.00    0.00    0.00     4  postgres
07:34:57 PM 100998    585801    0.00    0.00    0.00    0.00    0.00     6  postgres
07:34:57 PM 100998    585802    0.00    0.00    0.00    0.00    0.00     6  postgres
07:34:57 PM 100998    585803    0.00    0.00    0.00    0.00    0.00     4  postgres
07:34:57 PM 100998    585804    0.00    0.00    0.00    0.00    0.00     4  postgres
07:34:57 PM 100998    585805    0.00    0.00    0.00    0.00    0.00     6  postgres
07:34:57 PM 100998    585807    0.00    0.00    0.00    0.00    0.00     6  postgres
07:34:57 PM 100998    585808    0.00    0.00    0.00    0.00    0.00     4  postgres
07:34:57 PM 100998    585811    0.00    0.00    0.00    0.00    0.00     6  postgres
07:34:57 PM 100998    585813    0.00    0.00    0.00    0.00    0.00     4  postgres
07:34:57 PM 100998    585815    0.00    0.00    0.00    0.00    0.00     4  postgres
07:34:57 PM 100998    585817    0.00    0.00    0.00    0.00    0.00     5  postgres
07:34:57 PM 100998    585832    0.00    0.00    0.00    0.00    0.00     6  postgres
07:34:57 PM 100998    585854    0.00    0.00    0.00    0.00    0.00     5  postgres
07:34:57 PM 100998    585868    0.00    0.00    0.00    0.00    0.00     5  postgres

07:34:57 PM   UID       PID    %usr %system  %guest   %wait    %CPU   CPU  Command
07:34:58 PM 100998    584842    0.00    0.00    0.00    0.00    0.00     6  postgres
07:34:58 PM 100998    584843    0.00    0.00    0.00    0.00    0.00     6  postgres
07:34:58 PM 100998    584845    0.00    0.00    0.00    0.00    0.00     6  postgres
07:34:58 PM 100998    584846    0.00    0.00    0.00    0.00    0.00     5  postgres
07:34:58 PM 100998    585785    0.00    0.00    0.00    0.00    0.00     4  postgres
07:34:58 PM 100998    585794    0.00    0.00    0.00    0.00    0.00     4  postgres
07:34:58 PM 100998    585796    0.00    0.00    0.00    0.00    0.00     6  postgres
07:34:58 PM 100998    585797    0.00    0.00    0.00    0.00    0.00     4  postgres
07:34:58 PM 100998    585799    0.00    0.00    0.00    0.00    0.00     6  postgres
07:34:58 PM 100998    585800    0.00    0.00    0.00    0.00    0.00     4  postgres
07:34:58 PM 100998    585801    0.00    0.00    0.00    0.00    0.00     6  postgres
07:34:58 PM 100998    585802    0.00    0.00    0.00    0.00    0.00     6  postgres
07:34:58 PM 100998    585803    0.00    0.00    0.00    0.00    0.00     4  postgres
07:34:58 PM 100998    585804    0.00    0.00    0.00    0.00    0.00     4  postgres
07:34:58 PM 100998    585805    0.00    0.00    0.00    0.00    0.00     6  postgres
07:34:58 PM 100998    585807    0.00    0.00    0.00    0.00    0.00     6  postgres
07:34:58 PM 100998    585808    0.00    0.00    0.00    0.00    0.00     4  postgres
07:34:58 PM 100998    585811    0.00    0.00    0.00    0.00    0.00     6  postgres
07:34:58 PM 100998    585813    0.00    0.00    0.00    0.00    0.00     4  postgres
07:34:58 PM 100998    585815    0.00    0.00    0.00    0.00    0.00     4  postgres
07:34:58 PM 100998    585817    0.00    0.00    0.00    0.00    0.00     5  postgres
07:34:58 PM 100998    585832    0.00    0.00    0.00    0.00    0.00     6  postgres
07:34:58 PM 100998    585854    0.00    0.00    0.00    0.00    0.00     5  postgres
07:34:58 PM 100998    585868    0.00    0.00    0.00    0.00    0.00     5  postgres

07:34:58 PM   UID       PID    %usr %system  %guest   %wait    %CPU   CPU  Command
07:34:59 PM 100998    584842    0.00    0.00    0.00    0.00    0.00     6  postgres
07:34:59 PM 100998    584843    0.00    0.00    0.00    0.00    0.00     6  postgres
07:34:59 PM 100998    584845    0.00    0.00    0.00    0.00    0.00     6  postgres
07:34:59 PM 100998    584846    0.00    0.00    0.00    0.00    0.00     5  postgres
07:34:59 PM 100998    585785    0.00    0.00    0.00    0.00    0.00     4  postgres
07:34:59 PM 100998    585794    0.00    0.00    0.00    0.00    0.00     4  postgres
07:34:59 PM 100998    585796    0.00    0.00    0.00    0.00    0.00     6  postgres
07:34:59 PM 100998    585797    0.00    0.00    0.00    0.00    0.00     4  postgres
07:34:59 PM 100998    585799    0.00    0.00    0.00    0.00    0.00     6  postgres
07:34:59 PM 100998    585800    0.00    0.00    0.00    0.00    0.00     4  postgres
07:34:59 PM 100998    585801    0.00    0.00    0.00    0.00    0.00     6  postgres
07:34:59 PM 100998    585802    0.00    0.00    0.00    0.00    0.00     6  postgres
07:34:59 PM 100998    585803    0.00    0.00    0.00    0.00    0.00     4  postgres
07:34:59 PM 100998    585804    0.00    0.00    0.00    0.00    0.00     4  postgres
07:34:59 PM 100998    585805    0.00    0.00    0.00    0.00    0.00     6  postgres
07:34:59 PM 100998    585807    0.00    0.00    0.00    0.00    0.00     6  postgres
07:34:59 PM 100998    585808    0.00    0.00    0.00    0.00    0.00     4  postgres
07:34:59 PM 100998    585811    0.00    0.00    0.00    0.00    0.00     6  postgres
07:34:59 PM 100998    585813    0.00    0.00    0.00    0.00    0.00     4  postgres
07:34:59 PM 100998    585815    0.00    0.00    0.00    0.00    0.00     4  postgres
07:34:59 PM 100998    585817    0.00    0.00    0.00    0.00    0.00     5  postgres
07:34:59 PM 100998    585832    0.00    0.00    0.00    0.00    0.00     6  postgres
07:34:59 PM 100998    585854    0.00    0.00    0.00    0.00    0.00     5  postgres
07:34:59 PM 100998    585868    0.00    0.00    0.00    0.00    0.00     5  postgres

07:34:59 PM   UID       PID    %usr %system  %guest   %wait    %CPU   CPU  Command
07:35:00 PM 100998    584842    0.00    0.00    0.00    0.00    0.00     6  postgres
07:35:00 PM 100998    584843    0.00    0.00    0.00    0.00    0.00     6  postgres
07:35:00 PM 100998    584845    0.00    0.00    0.00    0.00    0.00     6  postgres
07:35:00 PM 100998    584846    0.00    0.00    0.00    0.00    0.00     5  postgres
07:35:00 PM 100998    585785    0.00    0.00    0.00    0.00    0.00     4  postgres
07:35:00 PM 100998    585794    0.00    0.00    0.00    0.00    0.00     4  postgres
07:35:00 PM 100998    585796    0.00    0.00    0.00    0.00    0.00     6  postgres
07:35:00 PM 100998    585797    0.00    0.00    0.00    0.00    0.00     4  postgres
07:35:00 PM 100998    585799    0.00    0.00    0.00    0.00    0.00     6  postgres
07:35:00 PM 100998    585800    0.00    0.00    0.00    0.00    0.00     4  postgres
07:35:00 PM 100998    585801    0.00    0.00    0.00    0.00    0.00     6  postgres
07:35:00 PM 100998    585802    0.00    0.00    0.00    0.00    0.00     6  postgres
07:35:00 PM 100998    585803    0.00    0.00    0.00    0.00    0.00     4  postgres
07:35:00 PM 100998    585804    0.00    0.00    0.00    0.00    0.00     4  postgres
07:35:00 PM 100998    585805    0.00    0.00    0.00    0.00    0.00     6  postgres
07:35:00 PM 100998    585807    0.00    0.00    0.00    0.00    0.00     6  postgres
07:35:00 PM 100998    585808    0.00    0.00    0.00    0.00    0.00     4  postgres
07:35:00 PM 100998    585811    0.00    0.00    0.00    0.00    0.00     6  postgres
07:35:00 PM 100998    585813    0.00    0.00    0.00    0.00    0.00     4  postgres
07:35:00 PM 100998    585815    0.00    0.00    0.00    0.00    0.00     4  postgres
07:35:00 PM 100998    585817    0.00    0.00    0.00    0.00    0.00     5  postgres
07:35:00 PM 100998    585832    0.00    0.00    0.00    0.00    0.00     6  postgres
07:35:00 PM 100998    585854    0.00    0.00    0.00    0.00    0.00     5  postgres
07:35:00 PM 100998    585868    0.00    0.00    0.00    0.00    0.00     5  postgres

07:35:00 PM   UID       PID    %usr %system  %guest   %wait    %CPU   CPU  Command
07:35:01 PM 100998    584842    0.00    0.00    0.00    0.00    0.00     6  postgres
07:35:01 PM 100998    584843    0.00    0.00    0.00    0.00    0.00     6  postgres
07:35:01 PM 100998    584845    0.00    0.00    0.00    0.00    0.00     6  postgres
07:35:01 PM 100998    584846    0.00    0.00    0.00    0.00    0.00     5  postgres
07:35:01 PM 100998    585785    0.00    0.00    0.00    0.00    0.00     4  postgres
07:35:01 PM 100998    585794    0.00    0.00    0.00    0.00    0.00     4  postgres
07:35:01 PM 100998    585796    0.00    0.00    0.00    0.00    0.00     6  postgres
07:35:01 PM 100998    585797    0.00    0.00    0.00    0.00    0.00     4  postgres
07:35:01 PM 100998    585799    0.00    0.00    0.00    0.00    0.00     6  postgres
07:35:01 PM 100998    585800    0.00    0.00    0.00    0.00    0.00     4  postgres
07:35:01 PM 100998    585801    0.00    0.00    0.00    0.00    0.00     6  postgres
07:35:01 PM 100998    585802    0.00    0.00    0.00    0.00    0.00     6  postgres
07:35:01 PM 100998    585803    0.00    0.00    0.00    0.00    0.00     4  postgres
07:35:01 PM 100998    585804    0.00    0.00    0.00    0.00    0.00     4  postgres
07:35:01 PM 100998    585805    0.00    0.00    0.00    0.00    0.00     6  postgres
07:35:01 PM 100998    585807    0.00    0.00    0.00    0.00    0.00     6  postgres
07:35:01 PM 100998    585808    0.00    0.00    0.00    0.00    0.00     4  postgres
07:35:01 PM 100998    585811    0.00    0.00    0.00    0.00    0.00     6  postgres
07:35:01 PM 100998    585813    0.00    0.00    0.00    0.00    0.00     4  postgres
07:35:01 PM 100998    585815    0.00    0.00    0.00    0.00    0.00     4  postgres
07:35:01 PM 100998    585817    0.00    0.00    0.00    0.00    0.00     5  postgres
07:35:01 PM 100998    585832    0.00    0.00    0.00    0.00    0.00     6  postgres
07:35:01 PM 100998    585854    0.00    0.00    0.00    0.00    0.00     5  postgres
07:35:01 PM 100998    585868    0.00    0.00    0.00    0.00    0.00     5  postgres

07:35:01 PM   UID       PID    %usr %system  %guest   %wait    %CPU   CPU  Command
07:35:02 PM 100998    584842    0.00    0.00    0.00    0.00    0.00     6  postgres
07:35:02 PM 100998    584843    0.00    0.00    0.00    0.00    0.00     6  postgres
07:35:02 PM 100998    584845    0.00    0.00    0.00    0.00    0.00     6  postgres
07:35:02 PM 100998    584846    0.00    0.00    0.00    0.00    0.00     5  postgres
07:35:02 PM 100998    585785    0.00    0.00    0.00    0.00    0.00     4  postgres
07:35:02 PM 100998    585794    0.00    0.00    0.00    0.00    0.00     4  postgres
07:35:02 PM 100998    585796    0.00    0.00    0.00    0.00    0.00     6  postgres
07:35:02 PM 100998    585797    0.00    0.00    0.00    0.00    0.00     4  postgres
07:35:02 PM 100998    585799    0.00    0.00    0.00    0.00    0.00     6  postgres
07:35:02 PM 100998    585800    0.00    0.00    0.00    0.00    0.00     4  postgres
07:35:02 PM 100998    585801    0.00    0.00    0.00    0.00    0.00     6  postgres
07:35:02 PM 100998    585802    0.00    0.00    0.00    0.00    0.00     6  postgres
07:35:02 PM 100998    585803    0.00    0.00    0.00    0.00    0.00     4  postgres
07:35:02 PM 100998    585804    0.00    0.00    0.00    0.00    0.00     4  postgres
07:35:02 PM 100998    585805    0.00    0.00    0.00    0.00    0.00     6  postgres
07:35:02 PM 100998    585807    0.00    0.00    0.00    0.00    0.00     6  postgres
07:35:02 PM 100998    585808    0.00    0.00    0.00    0.00    0.00     4  postgres
07:35:02 PM 100998    585811    0.00    0.00    0.00    0.00    0.00     6  postgres
07:35:02 PM 100998    585813    0.00    0.00    0.00    0.00    0.00     4  postgres
07:35:02 PM 100998    585815    0.00    0.00    0.00    0.00    0.00     4  postgres
07:35:02 PM 100998    585817    0.00    0.00    0.00    0.00    0.00     5  postgres
07:35:02 PM 100998    585832    0.00    0.00    0.00    0.00    0.00     6  postgres
07:35:02 PM 100998    585854    0.00    0.00    0.00    0.00    0.00     5  postgres
07:35:02 PM 100998    585868    0.00    0.00    0.00    0.00    0.00     5  postgres

07:35:02 PM   UID       PID    %usr %system  %guest   %wait    %CPU   CPU  Command
07:35:03 PM 100998    584842    0.00    0.00    0.00    0.00    0.00     6  postgres
07:35:03 PM 100998    584843    0.00    0.00    0.00    0.00    0.00     6  postgres
07:35:03 PM 100998    584845    0.00    0.00    0.00    0.00    0.00     6  postgres
07:35:03 PM 100998    584846    0.00    0.00    0.00    0.00    0.00     5  postgres
07:35:03 PM 100998    585785    1.00    1.00    0.00    0.00    2.00     4  postgres
07:35:03 PM 100998    585794    1.00    0.00    0.00    0.00    1.00     6  postgres
07:35:03 PM 100998    585796    1.00    1.00    0.00    0.00    2.00     4  postgres
07:35:03 PM 100998    585797    2.00    1.00    0.00    0.00    3.00     6  postgres
07:35:03 PM 100998    585799    1.00    1.00    0.00    0.00    2.00     6  postgres
07:35:03 PM 100998    585800    1.00    1.00    0.00    0.00    2.00     4  postgres
07:35:03 PM 100998    585801    1.00    1.00    0.00    0.00    2.00     4  postgres
07:35:03 PM 100998    585802    1.00    0.00    0.00    0.00    1.00     6  postgres
07:35:03 PM 100998    585803    2.00    1.00    0.00    0.00    3.00     4  postgres
07:35:03 PM 100998    585804    2.00    0.00    0.00    0.00    2.00     4  postgres
07:35:03 PM 100998    585805    0.00    1.00    0.00    0.00    1.00     4  postgres
07:35:03 PM 100998    585807    0.00    1.00    0.00    0.00    1.00     4  postgres
07:35:03 PM 100998    585808    2.00    0.00    0.00    0.00    2.00     4  postgres
07:35:03 PM 100998    585811    2.00    1.00    0.00    0.00    3.00     6  postgres
07:35:03 PM 100998    585813    1.00    0.00    0.00    0.00    1.00     4  postgres
07:35:03 PM 100998    585815    2.00    1.00    0.00    0.00    3.00     6  postgres
07:35:03 PM 100998    585817    1.00    2.00    0.00    0.00    3.00     4  postgres
07:35:03 PM 100998    585832    1.00    1.00    0.00    1.00    2.00     4  postgres
07:35:03 PM 100998    585854    1.00    1.00    0.00    0.00    2.00     5  postgres
07:35:03 PM 100998    585868    1.00    1.00    0.00    0.00    2.00     6  postgres

07:35:03 PM   UID       PID    %usr %system  %guest   %wait    %CPU   CPU  Command
07:35:04 PM 100998    584842    0.00    0.00    0.00    0.00    0.00     6  postgres
07:35:04 PM 100998    584843    0.00    0.00    0.00    0.00    0.00     6  postgres
07:35:04 PM 100998    584845    0.00    0.00    0.00    0.00    0.00     6  postgres
07:35:04 PM 100998    584846    0.00    0.00    0.00    0.00    0.00     5  postgres
07:35:04 PM 100998    585785    1.00    0.00    0.00    0.00    1.00     4  postgres
07:35:04 PM 100998    585794    1.00    1.00    0.00    0.00    2.00     6  postgres
07:35:04 PM 100998    585796    1.00    1.00    0.00    1.00    2.00     5  postgres
07:35:04 PM 100998    585797    0.00    1.00    0.00    0.00    1.00     4  postgres
07:35:04 PM 100998    585799    0.00    1.00    0.00    0.00    1.00     4  postgres
07:35:04 PM 100998    585800    1.00    1.00    0.00    0.00    2.00     4  postgres
07:35:04 PM 100998    585801    1.00    1.00    0.00    0.00    2.00     4  postgres
07:35:04 PM 100998    585802    1.00    2.00    0.00    0.00    3.00     4  postgres
07:35:04 PM 100998    585803    0.00    1.00    0.00    0.00    1.00     4  postgres
07:35:04 PM 100998    585804    1.00    1.00    0.00    0.00    2.00     6  postgres
07:35:04 PM 100998    585805    2.00    1.00    0.00    0.00    3.00     6  postgres
07:35:04 PM 100998    585807    2.00    1.00    0.00    0.00    3.00     6  postgres
07:35:04 PM 100998    585808    1.00    1.00    0.00    0.00    2.00     4  postgres
07:35:04 PM 100998    585811    1.00    1.00    0.00    0.00    2.00     6  postgres
07:35:04 PM 100998    585813    1.00    1.00    0.00    0.00    2.00     4  postgres
07:35:04 PM 100998    585815    1.00    0.00    0.00    0.00    1.00     5  postgres
07:35:04 PM 100998    585817    1.00    0.00    0.00    0.00    1.00     5  postgres
07:35:04 PM 100998    585832    1.00    1.00    0.00    0.00    2.00     6  postgres
07:35:04 PM 100998    585854    1.00    2.00    0.00    0.00    3.00     5  postgres
07:35:04 PM 100998    585868    1.00    1.00    0.00    0.00    2.00     4  postgres

07:35:04 PM   UID       PID    %usr %system  %guest   %wait    %CPU   CPU  Command
07:35:05 PM 100998    584842    0.00    0.00    0.00    0.00    0.00     6  postgres
07:35:05 PM 100998    584843    0.00    0.00    0.00    0.00    0.00     6  postgres
07:35:05 PM 100998    584845    0.00    0.00    0.00    0.00    0.00     6  postgres
07:35:05 PM 100998    584846    0.00    0.00    0.00    0.00    0.00     5  postgres
07:35:05 PM 100998    585785    1.00    1.00    0.00    0.00    2.00     6  postgres
07:35:05 PM 100998    585794    2.00    1.00    0.00    0.00    3.00     4  postgres
07:35:05 PM 100998    585796    1.00    2.00    0.00    0.00    3.00     4  postgres
07:35:05 PM 100998    585797    1.00    1.00    0.00    0.00    2.00     4  postgres
07:35:05 PM 100998    585799    2.00    1.00    0.00    0.00    3.00     4  postgres
07:35:05 PM 100998    585800    1.00    1.00    0.00    0.00    2.00     6  postgres
07:35:05 PM 100998    585801    2.00    1.00    0.00    0.00    3.00     6  postgres
07:35:05 PM 100998    585802    1.00    0.00    0.00    0.00    1.00     4  postgres
07:35:05 PM 100998    585803    1.00    1.00    0.00    0.00    2.00     4  postgres
07:35:05 PM 100998    585804    1.00    1.00    0.00    0.00    2.00     4  postgres
07:35:05 PM 100998    585805    0.00    1.00    0.00    0.00    1.00     6  postgres
07:35:05 PM 100998    585807    1.00    1.00    0.00    0.00    2.00     5  postgres
07:35:05 PM 100998    585808    1.00    1.00    0.00    0.00    2.00     6  postgres
07:35:05 PM 100998    585811    2.00    1.00    0.00    0.00    3.00     6  postgres
07:35:05 PM 100998    585813    1.00    2.00    0.00    0.00    3.00     5  postgres
07:35:05 PM 100998    585815    1.00    1.00    0.00    0.00    2.00     5  postgres
07:35:05 PM 100998    585817    2.00    1.00    0.00    0.00    3.00     4  postgres
07:35:05 PM 100998    585832    1.00    1.00    0.00    0.00    2.00     4  postgres
07:35:05 PM 100998    585854    1.00    0.00    0.00    0.00    1.00     5  postgres
07:35:05 PM 100998    585868    1.00    1.00    0.00    0.00    2.00     6  postgres

07:35:05 PM   UID       PID    %usr %system  %guest   %wait    %CPU   CPU  Command
07:35:06 PM 100998    584842    0.00    0.00    0.00    0.00    0.00     6  postgres
07:35:06 PM 100998    584843    0.00    0.00    0.00    0.00    0.00     6  postgres
07:35:06 PM 100998    584845    0.00    0.00    0.00    0.00    0.00     6  postgres
07:35:06 PM 100998    584846    0.00    0.00    0.00    0.00    0.00     5  postgres
07:35:06 PM 100998    585785    1.00    1.00    0.00    0.00    2.00     4  postgres
07:35:06 PM 100998    585794    1.00    1.00    0.00    0.00    2.00     6  postgres
07:35:06 PM 100998    585796    1.00    1.00    0.00    0.00    2.00     6  postgres
07:35:06 PM 100998    585797    2.00    2.00    0.00    0.00    4.00     4  postgres
07:35:06 PM 100998    585799    1.00    1.00    0.00    0.00    2.00     6  postgres
07:35:06 PM 100998    585800    1.00    2.00    0.00    0.00    3.00     4  postgres
07:35:06 PM 100998    585801    1.00    1.00    0.00    0.00    2.00     6  postgres
07:35:06 PM 100998    585802    1.00    1.00    0.00    0.00    2.00     6  postgres
07:35:06 PM 100998    585803    1.00    1.00    0.00    0.00    2.00     6  postgres
07:35:06 PM 100998    585804    0.00    2.00    0.00    0.00    2.00     6  postgres
07:35:06 PM 100998    585805    2.00    1.00    0.00    0.00    3.00     4  postgres
07:35:06 PM 100998    585807    1.00    1.00    0.00    0.00    2.00     5  postgres
07:35:06 PM 100998    585808    2.00    1.00    0.00    0.00    3.00     6  postgres
07:35:06 PM 100998    585811    1.00    1.00    0.00    0.00    2.00     4  postgres
07:35:06 PM 100998    585813    2.00    1.00    0.00    0.00    3.00     5  postgres
07:35:06 PM 100998    585815    2.00    2.00    0.00    0.00    4.00     6  postgres
07:35:06 PM 100998    585817    1.00    1.00    0.00    0.00    2.00     6  postgres
07:35:06 PM 100998    585832    1.00    1.00    0.00    0.00    2.00     5  postgres
07:35:06 PM 100998    585854    1.00    1.00    0.00    0.00    2.00     5  postgres
07:35:06 PM 100998    585868    1.00    1.00    0.00    0.00    2.00     4  postgres

07:35:06 PM   UID       PID    %usr %system  %guest   %wait    %CPU   CPU  Command
07:35:07 PM 100998    584842    0.00    0.00    0.00    0.00    0.00     6  postgres
07:35:07 PM 100998    584843    0.00    0.00    0.00    0.00    0.00     6  postgres
07:35:07 PM 100998    584845    0.00    0.00    0.00    0.00    0.00     6  postgres
07:35:07 PM 100998    584846    0.00    0.00    0.00    0.00    0.00     5  postgres
07:35:07 PM 100998    585785    1.00    2.00    0.00    0.00    3.00     6  postgres
07:35:07 PM 100998    585794    2.00    1.00    0.00    0.00    3.00     4  postgres
07:35:07 PM 100998    585796    2.00    2.00    0.00    0.00    4.00     6  postgres
07:35:07 PM 100998    585797    1.00    1.00    0.00    0.00    2.00     6  postgres
07:35:07 PM 100998    585799    1.00    1.00    0.00    1.00    2.00     6  postgres
07:35:07 PM 100998    585800    1.00    1.00    0.00    0.00    2.00     6  postgres
07:35:07 PM 100998    585801    1.00    2.00    0.00    0.00    3.00     6  postgres
07:35:07 PM 100998    585802    0.00    1.00    0.00    0.00    1.00     4  postgres
07:35:07 PM 100998    585803    1.00    1.00    0.00    0.00    2.00     4  postgres
07:35:07 PM 100998    585804    2.00    1.00    0.00    0.00    3.00     6  postgres
07:35:07 PM 100998    585805    1.00    1.00    0.00    0.00    2.00     5  postgres
07:35:07 PM 100998    585807    2.00    1.00    0.00    0.00    3.00     6  postgres
07:35:07 PM 100998    585808    1.00    1.00    0.00    0.00    2.00     6  postgres
07:35:07 PM 100998    585811    1.00    1.00    0.00    0.00    2.00     4  postgres
07:35:07 PM 100998    585813    1.00    1.00    0.00    0.00    2.00     4  postgres
07:35:07 PM 100998    585815    0.00    1.00    0.00    0.00    1.00     6  postgres
07:35:07 PM 100998    585817    1.00    1.00    0.00    1.00    2.00     6  postgres
07:35:07 PM 100998    585832    1.00    1.00    0.00    0.00    2.00     5  postgres
07:35:07 PM 100998    585854    1.00    1.00    0.00    0.00    2.00     6  postgres
07:35:07 PM 100998    585868    1.00    1.00    0.00    0.00    2.00     4  postgres

07:35:07 PM   UID       PID    %usr %system  %guest   %wait    %CPU   CPU  Command
07:35:08 PM 100998    584842    0.00    0.00    0.00    0.00    0.00     6  postgres
07:35:08 PM 100998    584843    0.00    0.00    0.00    0.00    0.00     6  postgres
07:35:08 PM 100998    584845    0.00    0.00    0.00    0.00    0.00     6  postgres
07:35:08 PM 100998    584846    0.00    0.00    0.00    0.00    0.00     5  postgres
07:35:08 PM 100998    585785    1.00    1.00    0.00    0.00    2.00     6  postgres
07:35:08 PM 100998    585794    1.00    1.00    0.00    0.00    2.00     6  postgres
07:35:08 PM 100998    585796    1.00    0.00    0.00    0.00    1.00     6  postgres
07:35:08 PM 100998    585797    1.00    0.00    0.00    0.00    1.00     4  postgres
07:35:08 PM 100998    585799    1.00    1.00    0.00    0.00    2.00     4  postgres
07:35:08 PM 100998    585800    1.00    1.00    0.00    0.00    2.00     4  postgres
07:35:08 PM 100998    585801    2.00    1.00    0.00    1.00    3.00     6  postgres
07:35:08 PM 100998    585802    2.00    1.00    0.00    0.00    3.00     4  postgres
07:35:08 PM 100998    585803    1.00    1.00    0.00    0.00    2.00     6  postgres
07:35:08 PM 100998    585804    0.00    1.00    0.00    0.00    1.00     4  postgres
07:35:08 PM 100998    585805    1.00    1.00    0.00    1.00    2.00     6  postgres
07:35:08 PM 100998    585807    1.00    2.00    0.00    0.00    3.00     4  postgres
07:35:08 PM 100998    585808    0.00    1.00    0.00    0.00    1.00     4  postgres
07:35:08 PM 100998    585811    2.00    1.00    0.00    0.00    3.00     5  postgres
07:35:08 PM 100998    585813    1.00    1.00    0.00    0.00    2.00     4  postgres
07:35:08 PM 100998    585815    1.00    1.00    0.00    0.00    2.00     4  postgres
07:35:08 PM 100998    585817    1.00    1.00    0.00    0.00    2.00     5  postgres
07:35:08 PM 100998    585832    1.00    1.00    0.00    0.00    2.00     5  postgres
07:35:08 PM 100998    585854    1.00    0.00    0.00    0.00    1.00     4  postgres
07:35:08 PM 100998    585868    2.00    1.00    0.00    0.00    3.00     6  postgres

07:35:08 PM   UID       PID    %usr %system  %guest   %wait    %CPU   CPU  Command
07:35:09 PM 100998    584842    0.00    0.00    0.00    0.00    0.00     6  postgres
07:35:09 PM 100998    584843    0.00    0.00    0.00    0.00    0.00     6  postgres
07:35:09 PM 100998    584845    0.00    0.00    0.00    0.00    0.00     6  postgres
07:35:09 PM 100998    584846    0.00    0.00    0.00    0.00    0.00     5  postgres
07:35:09 PM 100998    585785    1.00    1.00    0.00    0.00    2.00     6  postgres
07:35:09 PM 100998    585794    2.00    1.00    0.00    1.00    3.00     4  postgres
07:35:09 PM 100998    585796    1.00    2.00    0.00    0.00    3.00     4  postgres
07:35:09 PM 100998    585797    1.00    2.00    0.00    0.00    3.00     6  postgres
07:35:09 PM 100998    585799    1.00    2.00    0.00    0.00    3.00     5  postgres
07:35:09 PM 100998    585800    2.00    1.00    0.00    1.00    3.00     6  postgres
07:35:09 PM 100998    585801    1.00    1.00    0.00    0.00    2.00     4  postgres
07:35:09 PM 100998    585802    2.00    1.00    0.00    0.00    3.00     5  postgres
07:35:09 PM 100998    585803    1.00    1.00    0.00    0.00    2.00     6  postgres
07:35:09 PM 100998    585804    1.00    1.00    0.00    0.00    2.00     4  postgres
07:35:09 PM 100998    585805    1.00    0.00    0.00    0.00    1.00     4  postgres
07:35:09 PM 100998    585807    0.00    0.00    0.00    0.00    0.00     6  postgres
07:35:09 PM 100998    585808    1.00    1.00    0.00    0.00    2.00     4  postgres
07:35:09 PM 100998    585811    1.00    0.00    0.00    0.00    1.00     4  postgres
07:35:09 PM 100998    585813    1.00    1.00    0.00    0.00    2.00     6  postgres
07:35:09 PM 100998    585815    1.00    0.00    0.00    0.00    1.00     6  postgres
07:35:09 PM 100998    585817    1.00    0.00    0.00    0.00    1.00     5  postgres
07:35:09 PM 100998    585832    1.00    1.00    0.00    0.00    2.00     5  postgres
07:35:09 PM 100998    585854    1.00    1.00    0.00    0.00    2.00     6  postgres
07:35:09 PM 100998    585868    0.00    0.00    0.00    0.00    0.00     6  postgres

07:35:09 PM   UID       PID    %usr %system  %guest   %wait    %CPU   CPU  Command
07:35:10 PM 100998    584842    0.00    0.00    0.00    0.00    0.00     6  postgres
07:35:10 PM 100998    584843    0.00    0.00    0.00    0.00    0.00     6  postgres
07:35:10 PM 100998    584845    0.00    0.00    0.00    0.00    0.00     6  postgres
07:35:10 PM 100998    584846    0.00    0.00    0.00    0.00    0.00     5  postgres
07:35:10 PM 100998    585785    1.00    1.00    0.00    1.00    2.00     4  postgres
07:35:10 PM 100998    585794    1.00    1.00    0.00    0.00    2.00     6  postgres
07:35:10 PM 100998    585796    1.00    1.00    0.00    1.00    2.00     4  postgres
07:35:10 PM 100998    585797    1.00    0.00    0.00    0.00    1.00     4  postgres
07:35:10 PM 100998    585799    1.00    0.00    0.00    0.00    1.00     5  postgres
07:35:10 PM 100998    585800    0.00    1.00    0.00    0.00    1.00     6  postgres
07:35:10 PM 100998    585801    1.00    2.00    0.00    0.00    3.00     4  postgres
07:35:10 PM 100998    585802    1.00    1.00    0.00    1.00    2.00     5  postgres
07:35:10 PM 100998    585803    1.00    1.00    0.00    0.00    2.00     4  postgres
07:35:10 PM 100998    585804    1.00    1.00    0.00    0.00    2.00     4  postgres
07:35:10 PM 100998    585805    1.00    1.00    0.00    0.00    2.00     6  postgres
07:35:10 PM 100998    585807    2.00    1.00    0.00    1.00    3.00     4  postgres
07:35:10 PM 100998    585808    2.00    0.00    0.00    0.00    2.00     6  postgres
07:35:10 PM 100998    585811    0.00    1.00    0.00    0.00    1.00     6  postgres
07:35:10 PM 100998    585813    1.00    1.00    0.00    0.00    2.00     6  postgres
07:35:10 PM 100998    585815    0.00    1.00    0.00    0.00    1.00     4  postgres
07:35:10 PM 100998    585817    1.00    1.00    0.00    0.00    2.00     5  postgres
07:35:10 PM 100998    585832    1.00    1.00    0.00    0.00    2.00     5  postgres
07:35:10 PM 100998    585854    1.00    1.00    0.00    0.00    2.00     4  postgres
07:35:10 PM 100998    585868    1.00    2.00    0.00    0.00    3.00     5  postgres

07:35:10 PM   UID       PID    %usr %system  %guest   %wait    %CPU   CPU  Command
07:35:11 PM 100998    584842    0.00    0.00    0.00    0.00    0.00     6  postgres
07:35:11 PM 100998    584843    0.00    0.00    0.00    0.00    0.00     6  postgres
07:35:11 PM 100998    584845    0.00    0.00    0.00    0.00    0.00     6  postgres
07:35:11 PM 100998    584846    0.00    0.00    0.00    0.00    0.00     5  postgres
07:35:11 PM 100998    585785    1.00    1.00    0.00    0.00    2.00     6  postgres
07:35:11 PM 100998    585794    1.00    1.00    0.00    0.00    2.00     4  postgres
07:35:11 PM 100998    585796    1.00    2.00    0.00    0.00    3.00     4  postgres
07:35:11 PM 100998    585797    1.00    2.00    0.00    0.00    3.00     6  postgres
07:35:11 PM 100998    585799    2.00    2.00    0.00    0.00    4.00     5  postgres
07:35:11 PM 100998    585800    1.00    1.00    0.00    0.00    2.00     6  postgres
07:35:11 PM 100998    585801    1.00    1.00    0.00    0.00    2.00     4  postgres
07:35:11 PM 100998    585802    1.00    1.00    0.00    0.00    2.00     4  postgres
07:35:11 PM 100998    585803    1.00    2.00    0.00    1.00    3.00     4  postgres
07:35:11 PM 100998    585804    1.00    1.00    0.00    0.00    2.00     6  postgres
07:35:11 PM 100998    585805    1.00    1.00    0.00    0.00    2.00     4  postgres
07:35:11 PM 100998    585807    1.00    1.00    0.00    0.00    2.00     4  postgres
07:35:11 PM 100998    585808    0.00    1.00    0.00    1.00    1.00     6  postgres
07:35:11 PM 100998    585811    1.00    1.00    0.00    1.00    2.00     6  postgres
07:35:11 PM 100998    585813    0.00    1.00    0.00    0.00    1.00     6  postgres
07:35:11 PM 100998    585815    1.00    1.00    0.00    0.00    2.00     5  postgres
07:35:11 PM 100998    585817    1.00    1.00    0.00    0.00    2.00     5  postgres
07:35:11 PM 100998    585832    1.00    1.00    0.00    0.00    2.00     4  postgres
07:35:11 PM 100998    585854    1.00    1.00    0.00    0.00    2.00     4  postgres
07:35:11 PM 100998    585868    1.00    0.00    0.00    0.00    1.00     5  postgres

07:35:11 PM   UID       PID    %usr %system  %guest   %wait    %CPU   CPU  Command
07:35:12 PM 100998    584842    0.00    0.00    0.00    0.00    0.00     6  postgres
07:35:12 PM 100998    584843    0.00    0.00    0.00    0.00    0.00     6  postgres
07:35:12 PM 100998    584845    0.00    0.00    0.00    0.00    0.00     6  postgres
07:35:12 PM 100998    584846    0.00    0.00    0.00    0.00    0.00     5  postgres
07:35:12 PM 100998    585785    2.00    1.00    0.00    0.00    3.00     4  postgres
07:35:12 PM 100998    585794    2.00    2.00    0.00    0.00    4.00     4  postgres
07:35:12 PM 100998    585796    2.00    1.00    0.00    0.00    3.00     4  postgres
07:35:12 PM 100998    585797    2.00    1.00    0.00    1.00    3.00     6  postgres
07:35:12 PM 100998    585799    1.00    1.00    0.00    0.00    2.00     5  postgres
07:35:12 PM 100998    585800    2.00    1.00    0.00    0.00    3.00     4  postgres
07:35:12 PM 100998    585801    2.00    1.00    0.00    1.00    3.00     4  postgres
07:35:12 PM 100998    585802    2.00    2.00    0.00    0.00    4.00     6  postgres
07:35:12 PM 100998    585803    2.00    1.00    0.00    0.00    3.00     6  postgres
07:35:12 PM 100998    585804    1.00    1.00    0.00    0.00    2.00     4  postgres
07:35:12 PM 100998    585805    1.00    1.00    0.00    0.00    2.00     4  postgres
07:35:12 PM 100998    585807    1.00    1.00    0.00    0.00    2.00     4  postgres
07:35:12 PM 100998    585808    2.00    1.00    0.00    0.00    3.00     6  postgres
07:35:12 PM 100998    585811    1.00    1.00    0.00    0.00    2.00     6  postgres
07:35:12 PM 100998    585813    2.00    0.00    0.00    0.00    2.00     4  postgres
07:35:12 PM 100998    585815    1.00    1.00    0.00    0.00    2.00     4  postgres
07:35:12 PM 100998    585817    1.00    1.00    0.00    0.00    2.00     5  postgres
07:35:12 PM 100998    585832    1.00    0.00    0.00    0.00    1.00     6  postgres
07:35:12 PM 100998    585854    1.00    1.00    0.00    0.00    2.00     4  postgres
07:35:12 PM 100998    585868    0.00    1.00    0.00    0.00    1.00     5  postgres

07:35:12 PM   UID       PID    %usr %system  %guest   %wait    %CPU   CPU  Command
07:35:13 PM 100998    584842    0.00    0.00    0.00    0.00    0.00     6  postgres
07:35:13 PM 100998    584843    0.00    0.00    0.00    0.00    0.00     6  postgres
07:35:13 PM 100998    584845    0.00    0.00    0.00    0.00    0.00     6  postgres
07:35:13 PM 100998    584846    0.00    0.00    0.00    0.00    0.00     5  postgres
07:35:13 PM 100998    585785    1.00    1.00    0.00    0.00    2.00     6  postgres
07:35:13 PM 100998    585794    1.00    1.00    0.00    0.00    2.00     6  postgres
07:35:13 PM 100998    585796    1.00    1.00    0.00    0.00    2.00     6  postgres
07:35:13 PM 100998    585797    1.00    1.00    0.00    0.00    2.00     4  postgres
07:35:13 PM 100998    585799    1.00    1.00    0.00    1.00    2.00     6  postgres
07:35:13 PM 100998    585800    1.00    1.00    0.00    0.00    2.00     4  postgres
07:35:13 PM 100998    585801    0.00    1.00    0.00    0.00    1.00     6  postgres
07:35:13 PM 100998    585802    1.00    1.00    0.00    0.00    2.00     4  postgres
07:35:13 PM 100998    585803    1.00    1.00    0.00    0.00    2.00     6  postgres
07:35:13 PM 100998    585804    1.00    1.00    0.00    0.00    2.00     6  postgres
07:35:13 PM 100998    585805    2.00    1.00    0.00    0.00    3.00     4  postgres
07:35:13 PM 100998    585807    1.00    0.00    0.00    0.00    1.00     4  postgres
07:35:13 PM 100998    585808    1.00    1.00    0.00    0.00    2.00     6  postgres
07:35:13 PM 100998    585811    1.00    0.00    0.00    0.00    1.00     4  postgres
07:35:13 PM 100998    585813    1.00    1.00    0.00    0.00    2.00     4  postgres
07:35:13 PM 100998    585815    0.00    1.00    0.00    0.00    1.00     6  postgres
07:35:13 PM 100998    585817    1.00    1.00    0.00    0.00    2.00     5  postgres
07:35:13 PM 100998    585832    1.00    1.00    0.00    0.00    2.00     6  postgres
07:35:13 PM 100998    585854    1.00    1.00    0.00    0.00    2.00     4  postgres
07:35:13 PM 100998    585868    1.00    1.00    0.00    0.00    2.00     6  postgres

07:35:13 PM   UID       PID    %usr %system  %guest   %wait    %CPU   CPU  Command
07:35:14 PM 100998    584842    0.00    0.00    0.00    0.00    0.00     6  postgres
07:35:14 PM 100998    584843    0.00    0.00    0.00    0.00    0.00     6  postgres
07:35:14 PM 100998    584845    0.00    0.00    0.00    0.00    0.00     6  postgres
07:35:14 PM 100998    584846    0.00    0.00    0.00    0.00    0.00     5  postgres
07:35:14 PM 100998    585785    1.00    2.00    0.00    0.00    3.00     4  postgres
07:35:14 PM 100998    585794    2.00    1.00    0.00    1.00    3.00     6  postgres
07:35:14 PM 100998    585796    1.00    2.00    0.00    0.00    3.00     6  postgres
07:35:14 PM 100998    585797    1.00    1.00    0.00    0.00    2.00     6  postgres
07:35:14 PM 100998    585799    2.00    1.00    0.00    0.00    3.00     6  postgres
07:35:14 PM 100998    585800    2.00    0.00    0.00    0.00    2.00     6  postgres
07:35:14 PM 100998    585801    1.00    1.00    0.00    0.00    2.00     4  postgres
07:35:14 PM 100998    585802    1.00    1.00    0.00    1.00    2.00     6  postgres
07:35:14 PM 100998    585803    1.00    1.00    0.00    0.00    2.00     6  postgres
07:35:14 PM 100998    585804    1.00    1.00    0.00    1.00    2.00     6  postgres
07:35:14 PM 100998    585805    1.00    1.00    0.00    0.00    2.00     4  postgres
07:35:14 PM 100998    585807    1.00    1.00    0.00    0.00    2.00     6  postgres
07:35:14 PM 100998    585808    1.00    0.00    0.00    0.00    1.00     4  postgres
07:35:14 PM 100998    585811    0.00    1.00    0.00    0.00    1.00     6  postgres
07:35:14 PM 100998    585813    1.00    0.00    0.00    1.00    1.00     4  postgres
07:35:14 PM 100998    585815    2.00    2.00    0.00    0.00    4.00     4  postgres
07:35:14 PM 100998    585817    1.00    0.00    0.00    0.00    1.00     5  postgres
07:35:14 PM 100998    585832    2.00    1.00    0.00    0.00    3.00     6  postgres
07:35:14 PM 100998    585854    1.00    0.00    0.00    0.00    1.00     6  postgres
07:35:14 PM 100998    585868    1.00    1.00    0.00    0.00    2.00     6  postgres

07:35:14 PM   UID       PID    %usr %system  %guest   %wait    %CPU   CPU  Command
07:35:15 PM 100998    584842    0.00    0.00    0.00    0.00    0.00     6  postgres
07:35:15 PM 100998    584843    0.00    0.00    0.00    0.00    0.00     6  postgres
07:35:15 PM 100998    584845    0.00    0.00    0.00    0.00    0.00     6  postgres
07:35:15 PM 100998    584846    0.00    0.00    0.00    0.00    0.00     5  postgres
07:35:15 PM 100998    585785    2.00    2.00    0.00    1.00    4.00     6  postgres
07:35:15 PM 100998    585794    1.00    2.00    0.00    0.00    3.00     6  postgres
07:35:15 PM 100998    585796    2.00    1.00    0.00    1.00    3.00     4  postgres
07:35:15 PM 100998    585797    2.00    2.00    0.00    1.00    4.00     4  postgres
07:35:15 PM 100998    585799    1.00    2.00    0.00    0.00    3.00     4  postgres
07:35:15 PM 100998    585800    2.00    1.00    0.00    1.00    3.00     6  postgres
07:35:15 PM 100998    585801    2.00    1.00    0.00    0.00    3.00     4  postgres
07:35:15 PM 100998    585802    2.00    1.00    0.00    0.00    3.00     6  postgres
07:35:15 PM 100998    585803    2.00    1.00    0.00    0.00    3.00     6  postgres
07:35:15 PM 100998    585804    1.00    1.00    0.00    0.00    2.00     6  postgres
07:35:15 PM 100998    585805    2.00    1.00    0.00    0.00    3.00     4  postgres
07:35:15 PM 100998    585807    2.00    2.00    0.00    0.00    4.00     4  postgres
07:35:15 PM 100998    585808    1.00    2.00    0.00    0.00    3.00     6  postgres
07:35:15 PM 100998    585811    2.00    1.00    0.00    0.00    3.00     4  postgres
07:35:15 PM 100998    585813    1.00    1.00    0.00    0.00    2.00     4  postgres
07:35:15 PM 100998    585815    1.00    1.00    0.00    1.00    2.00     6  postgres
07:35:15 PM 100998    585817    1.00    1.00    0.00    0.00    2.00     5  postgres
07:35:15 PM 100998    585832    1.00    0.00    0.00    0.00    1.00     6  postgres
07:35:15 PM 100998    585854    1.00    1.00    0.00    0.00    2.00     4  postgres
07:35:15 PM 100998    585868    1.00    1.00    0.00    0.00    2.00     6  postgres

07:35:15 PM   UID       PID    %usr %system  %guest   %wait    %CPU   CPU  Command
07:35:16 PM 100998    584842    0.00    0.00    0.00    0.00    0.00     6  postgres
07:35:16 PM 100998    584843    0.00    0.00    0.00    0.00    0.00     6  postgres
07:35:16 PM 100998    584845    0.00    0.00    0.00    0.00    0.00     6  postgres
07:35:16 PM 100998    584846    0.00    0.00    0.00    0.00    0.00     5  postgres
07:35:16 PM 100998    585785    2.00    1.00    0.00    0.00    3.00     6  postgres
07:35:16 PM 100998    585794    2.00    1.00    0.00    0.00    3.00     4  postgres
07:35:16 PM 100998    585796    2.00    1.00    0.00    0.00    3.00     4  postgres
07:35:16 PM 100998    585797    2.00    1.00    0.00    0.00    3.00     6  postgres
07:35:16 PM 100998    585799    2.00    0.00    0.00    0.00    2.00     4  postgres
07:35:16 PM 100998    585800    2.00    1.00    0.00    0.00    3.00     6  postgres
07:35:16 PM 100998    585801    2.00    1.00    0.00    0.00    3.00     4  postgres
07:35:16 PM 100998    585802    1.00    1.00    0.00    0.00    2.00     4  postgres
07:35:16 PM 100998    585803    1.00    1.00    0.00    0.00    2.00     6  postgres
07:35:16 PM 100998    585804    2.00    0.00    0.00    0.00    2.00     6  postgres
07:35:16 PM 100998    585805    0.00    1.00    0.00    0.00    1.00     5  postgres
07:35:16 PM 100998    585807    1.00    0.00    0.00    0.00    1.00     4  postgres
07:35:16 PM 100998    585808    1.00    0.00    0.00    0.00    1.00     4  postgres
07:35:16 PM 100998    585811    0.00    1.00    0.00    0.00    1.00     4  postgres
07:35:16 PM 100998    585813    1.00    1.00    0.00    0.00    2.00     6  postgres
07:35:16 PM 100998    585815    1.00    1.00    0.00    0.00    2.00     5  postgres
07:35:16 PM 100998    585817    1.00    1.00    0.00    0.00    2.00     5  postgres
07:35:16 PM 100998    585832    2.00    1.00    0.00    0.00    3.00     4  postgres
07:35:16 PM 100998    585854    0.00    0.00    0.00    0.00    0.00     6  postgres
07:35:16 PM 100998    585868    1.00    0.00    0.00    0.00    1.00     4  postgres

07:35:16 PM   UID       PID    %usr %system  %guest   %wait    %CPU   CPU  Command
07:35:17 PM 100998    584842    0.00    0.00    0.00    0.00    0.00     6  postgres
07:35:17 PM 100998    584843    0.00    0.00    0.00    0.00    0.00     6  postgres
07:35:17 PM 100998    584845    0.00    0.00    0.00    0.00    0.00     6  postgres
07:35:17 PM 100998    584846    0.00    0.00    0.00    0.00    0.00     5  postgres
07:35:17 PM 100998    585785    1.00    1.00    0.00    0.00    2.00     4  postgres
07:35:17 PM 100998    585794    1.00    1.00    0.00    0.00    2.00     4  postgres
07:35:17 PM 100998    585796    1.00    1.00    0.00    0.00    2.00     4  postgres
07:35:17 PM 100998    585797    0.00    1.00    0.00    0.00    1.00     6  postgres
07:35:17 PM 100998    585799    1.00    1.00    0.00    0.00    2.00     4  postgres
07:35:17 PM 100998    585800    1.00    2.00    0.00    0.00    3.00     4  postgres
07:35:17 PM 100998    585801    1.00    1.00    0.00    0.00    2.00     4  postgres
07:35:17 PM 100998    585802    0.00    1.00    0.00    0.00    1.00     4  postgres
07:35:17 PM 100998    585803    1.00    1.00    0.00    0.00    2.00     6  postgres
07:35:17 PM 100998    585804    1.00    2.00    0.00    0.00    3.00     6  postgres
07:35:17 PM 100998    585805    1.00    1.00    0.00    0.00    2.00     5  postgres
07:35:17 PM 100998    585807    0.00    1.00    0.00    0.00    1.00     6  postgres
07:35:17 PM 100998    585808    1.00    1.00    0.00    0.00    2.00     6  postgres
07:35:17 PM 100998    585811    1.00    1.00    0.00    0.00    2.00     4  postgres
07:35:17 PM 100998    585813    1.00    1.00    0.00    0.00    2.00     4  postgres
07:35:17 PM 100998    585815    1.00    1.00    0.00    0.00    2.00     5  postgres
07:35:17 PM 100998    585817    0.00    1.00    0.00    0.00    1.00     4  postgres
07:35:17 PM 100998    585832    1.00    1.00    0.00    0.00    2.00     6  postgres
07:35:17 PM 100998    585854    1.00    1.00    0.00    0.00    2.00     6  postgres
07:35:17 PM 100998    585868    1.00    1.00    0.00    0.00    2.00     4  postgres

07:35:17 PM   UID       PID    %usr %system  %guest   %wait    %CPU   CPU  Command
07:35:18 PM 100998    584842    0.00    0.00    0.00    0.00    0.00     6  postgres
07:35:18 PM 100998    584843    0.00    0.00    0.00    0.00    0.00     6  postgres
07:35:18 PM 100998    584845    0.00    0.00    0.00    0.00    0.00     6  postgres
07:35:18 PM 100998    584846    0.00    0.00    0.00    0.00    0.00     5  postgres
07:35:18 PM 100998    585785    2.00    1.00    0.00    0.00    3.00     5  postgres
07:35:18 PM 100998    585794    1.00    1.00    0.00    0.00    2.00     4  postgres
07:35:18 PM 100998    585796    2.00    1.00    0.00    0.00    3.00     6  postgres
07:35:18 PM 100998    585797    2.00    1.00    0.00    0.00    3.00     6  postgres
07:35:18 PM 100998    585799    1.00    2.00    0.00    0.00    3.00     6  postgres
07:35:18 PM 100998    585800    1.00    1.00    0.00    0.00    2.00     6  postgres
07:35:18 PM 100998    585801    0.00    2.00    0.00    0.00    2.00     5  postgres
07:35:18 PM 100998    585802    2.00    1.00    0.00    0.00    3.00     6  postgres
07:35:18 PM 100998    585803    1.00    1.00    0.00    1.00    2.00     5  postgres
07:35:18 PM 100998    585804    1.00    1.00    0.00    0.00    2.00     4  postgres
07:35:18 PM 100998    585805    1.00    1.00    0.00    0.00    2.00     4  postgres
07:35:18 PM 100998    585807    2.00    0.00    0.00    0.00    2.00     5  postgres
07:35:18 PM 100998    585808    1.00    1.00    0.00    0.00    2.00     4  postgres
07:35:18 PM 100998    585811    2.00    1.00    0.00    0.00    3.00     4  postgres
07:35:18 PM 100998    585813    1.00    1.00    0.00    0.00    2.00     4  postgres
07:35:18 PM 100998    585815    0.00    0.00    0.00    0.00    0.00     5  postgres
07:35:18 PM 100998    585817    1.00    1.00    0.00    0.00    2.00     4  postgres
07:35:18 PM 100998    585832    0.00    0.00    0.00    1.00    0.00     6  postgres
07:35:18 PM 100998    585854    1.00    1.00    0.00    1.00    2.00     6  postgres
07:35:18 PM 100998    585868    1.00    1.00    0.00    0.00    2.00     6  postgres

07:35:18 PM   UID       PID    %usr %system  %guest   %wait    %CPU   CPU  Command
07:35:19 PM 100998    584842    0.00    0.00    0.00    0.00    0.00     6  postgres
07:35:19 PM 100998    584843    0.00    0.00    0.00    0.00    0.00     6  postgres
07:35:19 PM 100998    584845    0.00    0.00    0.00    0.00    0.00     6  postgres
07:35:19 PM 100998    584846    0.00    0.00    0.00    0.00    0.00     5  postgres
07:35:19 PM 100998    585785    1.00    1.00    0.00    0.00    2.00     4  postgres
07:35:19 PM 100998    585794    1.00    1.00    0.00    1.00    2.00     6  postgres
07:35:19 PM 100998    585796    1.00    0.00    0.00    0.00    1.00     4  postgres
07:35:19 PM 100998    585797    1.00    0.00    0.00    0.00    1.00     6  postgres
07:35:19 PM 100998    585799    1.00    1.00    0.00    0.00    2.00     4  postgres
07:35:19 PM 100998    585800    1.00    1.00    0.00    1.00    2.00     6  postgres
07:35:19 PM 100998    585801    2.00    0.00    0.00    0.00    2.00     6  postgres
07:35:19 PM 100998    585802    1.00    0.00    0.00    0.00    1.00     4  postgres
07:35:19 PM 100998    585803    1.00    1.00    0.00    0.00    2.00     5  postgres
07:35:19 PM 100998    585804    0.00    0.00    0.00    0.00    0.00     4  postgres
07:35:19 PM 100998    585805    0.00    1.00    0.00    1.00    1.00     6  postgres
07:35:19 PM 100998    585807    1.00    1.00    0.00    0.00    2.00     6  postgres
07:35:19 PM 100998    585808    1.00    0.00    0.00    0.00    1.00     4  postgres
07:35:19 PM 100998    585811    1.00    0.00    0.00    0.00    1.00     6  postgres
07:35:19 PM 100998    585813    1.00    0.00    0.00    0.00    1.00     4  postgres
07:35:19 PM 100998    585815    1.00    1.00    0.00    0.00    2.00     5  postgres
07:35:19 PM 100998    585817    0.00    0.00    0.00    0.00    0.00     4  postgres
07:35:19 PM 100998    585832    1.00    1.00    0.00    0.00    2.00     4  postgres
07:35:19 PM 100998    585854    1.00    0.00    0.00    0.00    1.00     6  postgres
07:35:19 PM 100998    585868    1.00    0.00    0.00    0.00    1.00     5  postgres

07:35:19 PM   UID       PID    %usr %system  %guest   %wait    %CPU   CPU  Command
07:35:20 PM 100998    584842    0.00    0.00    0.00    0.00    0.00     6  postgres
07:35:20 PM 100998    584843    0.00    0.00    0.00    0.00    0.00     6  postgres
07:35:20 PM 100998    584845    0.00    0.00    0.00    0.00    0.00     6  postgres
07:35:20 PM 100998    584846    0.00    0.00    0.00    0.00    0.00     5  postgres
07:35:20 PM 100998    585785    2.00    2.00    0.00    1.00    4.00     6  postgres
07:35:20 PM 100998    585794    1.00    1.00    0.00    0.00    2.00     6  postgres
07:35:20 PM 100998    585796    1.00    2.00    0.00    1.00    3.00     4  postgres
07:35:20 PM 100998    585797    2.00    1.00    0.00    0.00    3.00     6  postgres
07:35:20 PM 100998    585799    1.00    0.00    0.00    1.00    1.00     6  postgres
07:35:20 PM 100998    585800    1.00    1.00    0.00    0.00    2.00     5  postgres
07:35:20 PM 100998    585801    1.00    2.00    0.00    1.00    3.00     4  postgres
07:35:20 PM 100998    585802    2.00    1.00    0.00    0.00    3.00     6  postgres
07:35:20 PM 100998    585803    1.00    1.00    0.00    0.00    2.00     5  postgres
07:35:20 PM 100998    585804    2.00    1.00    0.00    0.00    3.00     6  postgres
07:35:20 PM 100998    585805    1.00    0.00    0.00    0.00    1.00     4  postgres
07:35:20 PM 100998    585807    1.00    1.00    0.00    0.00    2.00     6  postgres
07:35:20 PM 100998    585808    2.00    2.00    0.00    0.00    4.00     6  postgres
07:35:20 PM 100998    585811    1.00    1.00    0.00    0.00    2.00     4  postgres
07:35:20 PM 100998    585813    1.00    1.00    0.00    0.00    2.00     6  postgres
07:35:20 PM 100998    585815    1.00    1.00    0.00    0.00    2.00     5  postgres
07:35:20 PM 100998    585817    1.00    1.00    0.00    0.00    2.00     4  postgres
07:35:20 PM 100998    585832    1.00    0.00    0.00    0.00    1.00     6  postgres
07:35:20 PM 100998    585854    1.00    2.00    0.00    0.00    3.00     4  postgres
07:35:20 PM 100998    585868    1.00    1.00    0.00    0.00    2.00     6  postgres

07:35:20 PM   UID       PID    %usr %system  %guest   %wait    %CPU   CPU  Command
07:35:21 PM 100998    584842    0.00    0.00    0.00    0.00    0.00     6  postgres
07:35:21 PM 100998    584843    0.00    0.00    0.00    0.00    0.00     6  postgres
07:35:21 PM 100998    584845    0.00    0.00    0.00    0.00    0.00     4  postgres
07:35:21 PM 100998    584846    0.00    0.00    0.00    0.00    0.00     5  postgres
07:35:21 PM 100998    585785    1.00    1.00    0.00    0.00    2.00     6  postgres
07:35:21 PM 100998    585794    1.00    1.00    0.00    0.00    2.00     6  postgres
07:35:21 PM 100998    585796    1.00    1.00    0.00    0.00    2.00     5  postgres
07:35:21 PM 100998    585797    1.00    1.00    0.00    0.00    2.00     6  postgres
07:35:21 PM 100998    585799    2.00    1.00    0.00    0.00    3.00     5  postgres
07:35:21 PM 100998    585800    1.00    1.00    0.00    0.00    2.00     5  postgres
07:35:21 PM 100998    585801    1.00    0.00    0.00    0.00    1.00     4  postgres
07:35:21 PM 100998    585802    0.00    1.00    0.00    0.00    1.00     6  postgres
07:35:21 PM 100998    585803    1.00    1.00    0.00    0.00    2.00     5  postgres
07:35:21 PM 100998    585804    2.00    1.00    0.00    0.00    3.00     6  postgres
07:35:21 PM 100998    585805    2.00    1.00    0.00    0.00    3.00     6  postgres
07:35:21 PM 100998    585807    1.00    1.00    0.00    0.00    2.00     4  postgres
07:35:21 PM 100998    585808    1.00    0.00    0.00    0.00    1.00     4  postgres
07:35:21 PM 100998    585811    2.00    1.00    0.00    0.00    3.00     6  postgres
07:35:21 PM 100998    585813    1.00    1.00    0.00    0.00    2.00     6  postgres
07:35:21 PM 100998    585815    0.00    0.00    0.00    0.00    0.00     6  postgres
07:35:21 PM 100998    585817    1.00    1.00    0.00    0.00    2.00     6  postgres
07:35:21 PM 100998    585832    2.00    1.00    0.00    0.00    3.00     4  postgres
07:35:21 PM 100998    585854    1.00    0.00    0.00    0.00    1.00     6  postgres
07:35:21 PM 100998    585868    2.00    1.00    0.00    1.00    3.00     6  postgres

07:35:21 PM   UID       PID    %usr %system  %guest   %wait    %CPU   CPU  Command
07:35:22 PM 100998    584842    0.00    0.00    0.00    0.00    0.00     6  postgres
07:35:22 PM 100998    584843    0.00    0.00    0.00    0.00    0.00     6  postgres
07:35:22 PM 100998    584845    0.00    0.00    0.00    0.00    0.00     4  postgres
07:35:22 PM 100998    584846    0.00    0.00    0.00    0.00    0.00     5  postgres
07:35:22 PM 100998    585785    2.00    1.00    0.00    0.00    3.00     6  postgres
07:35:22 PM 100998    585794    1.00    1.00    0.00    0.00    2.00     4  postgres
07:35:22 PM 100998    585796    1.00    1.00    0.00    0.00    2.00     6  postgres
07:35:22 PM 100998    585797    2.00    1.00    0.00    0.00    3.00     5  postgres
07:35:22 PM 100998    585799    1.00    1.00    0.00    0.00    2.00     6  postgres
07:35:22 PM 100998    585800    1.00    1.00    0.00    0.00    2.00     5  postgres
07:35:22 PM 100998    585801    1.00    1.00    0.00    0.00    2.00     6  postgres
07:35:22 PM 100998    585802    2.00    1.00    0.00    1.00    3.00     6  postgres
07:35:22 PM 100998    585803    1.00    1.00    0.00    0.00    2.00     6  postgres
07:35:22 PM 100998    585804    2.00    0.00    0.00    0.00    2.00     6  postgres
07:35:22 PM 100998    585805    1.00    1.00    0.00    0.00    2.00     4  postgres
07:35:22 PM 100998    585807    1.00    0.00    0.00    0.00    1.00     6  postgres
07:35:22 PM 100998    585808    0.00    1.00    0.00    0.00    1.00     4  postgres
07:35:22 PM 100998    585811    1.00    0.00    0.00    0.00    1.00     4  postgres
07:35:22 PM 100998    585813    1.00    0.00    0.00    0.00    1.00     4  postgres
07:35:22 PM 100998    585815    1.00    1.00    0.00    0.00    2.00     6  postgres
07:35:22 PM 100998    585817    2.00    1.00    0.00    0.00    3.00     4  postgres
07:35:22 PM 100998    585832    1.00    1.00    0.00    0.00    2.00     6  postgres
07:35:22 PM 100998    585854    1.00    1.00    0.00    0.00    2.00     6  postgres
07:35:22 PM 100998    585868    0.00    1.00    0.00    0.00    1.00     4  postgres

07:35:22 PM   UID       PID    %usr %system  %guest   %wait    %CPU   CPU  Command
07:35:23 PM 100998    584842    0.00    0.00    0.00    0.00    0.00     6  postgres
07:35:23 PM 100998    584843    0.00    0.00    0.00    0.00    0.00     6  postgres
07:35:23 PM 100998    584845    0.00    0.00    0.00    0.00    0.00     4  postgres
07:35:23 PM 100998    584846    0.00    0.00    0.00    0.00    0.00     5  postgres
07:35:23 PM 100998    585785    2.00    1.00    0.00    0.00    3.00     4  postgres
07:35:23 PM 100998    585794    2.00    2.00    0.00    0.00    4.00     6  postgres
07:35:23 PM 100998    585796    2.00    1.00    0.00    0.00    3.00     6  postgres
07:35:23 PM 100998    585797    1.00    2.00    0.00    1.00    3.00     5  postgres
07:35:23 PM 100998    585799    1.00    1.00    0.00    0.00    2.00     4  postgres
07:35:23 PM 100998    585800    1.00    1.00    0.00    0.00    2.00     5  postgres
07:35:23 PM 100998    585801    1.00    0.00    0.00    0.00    1.00     4  postgres
07:35:23 PM 100998    585802    1.00    0.00    0.00    0.00    1.00     4  postgres
07:35:23 PM 100998    585803    2.00    0.00    0.00    0.00    2.00     4  postgres
07:35:23 PM 100998    585804    1.00    1.00    0.00    0.00    2.00     6  postgres
07:35:23 PM 100998    585805    1.00    1.00    0.00    0.00    2.00     6  postgres
07:35:23 PM 100998    585807    2.00    1.00    0.00    0.00    3.00     6  postgres
07:35:23 PM 100998    585808    1.00    1.00    0.00    0.00    2.00     4  postgres
07:35:23 PM 100998    585811    1.00    1.00    0.00    0.00    2.00     4  postgres
07:35:23 PM 100998    585813    1.00    1.00    0.00    0.00    2.00     4  postgres
07:35:23 PM 100998    585815    1.00    1.00    0.00    0.00    2.00     4  postgres
07:35:23 PM 100998    585817    1.00    0.00    0.00    0.00    1.00     4  postgres
07:35:23 PM 100998    585832    0.00    1.00    0.00    0.00    1.00     6  postgres
07:35:23 PM 100998    585854    1.00    1.00    0.00    0.00    2.00     4  postgres
07:35:23 PM 100998    585868    1.00    1.00    0.00    0.00    2.00     4  postgres

07:35:23 PM   UID       PID    %usr %system  %guest   %wait    %CPU   CPU  Command
07:35:24 PM 100998    584842    0.00    0.00    0.00    0.00    0.00     6  postgres
07:35:24 PM 100998    584843    0.00    0.00    0.00    0.00    0.00     6  postgres
07:35:24 PM 100998    584845    0.00    0.00    0.00    0.00    0.00     4  postgres
07:35:24 PM 100998    584846    0.00    0.00    0.00    0.00    0.00     5  postgres
07:35:24 PM 100998    585785    2.00    2.00    0.00    1.00    4.00     4  postgres
07:35:24 PM 100998    585794    2.00    1.00    0.00    1.00    3.00     4  postgres
07:35:24 PM 100998    585796    2.00    1.00    0.00    0.00    3.00     4  postgres
07:35:24 PM 100998    585797    1.00    1.00    0.00    0.00    2.00     4  postgres
07:35:24 PM 100998    585799    2.00    1.00    0.00    0.00    3.00     6  postgres
07:35:24 PM 100998    585800    1.00    2.00    0.00    0.00    3.00     5  postgres
07:35:24 PM 100998    585801    2.00    1.00    0.00    0.00    3.00     6  postgres
07:35:24 PM 100998    585802    2.00    2.00    0.00    0.00    4.00     6  postgres
07:35:24 PM 100998    585803    2.00    1.00    0.00    0.00    3.00     4  postgres
07:35:24 PM 100998    585804    1.00    1.00    0.00    0.00    2.00     4  postgres
07:35:24 PM 100998    585805    1.00    1.00    0.00    0.00    2.00     6  postgres
07:35:24 PM 100998    585807    1.00    1.00    0.00    0.00    2.00     6  postgres
07:35:24 PM 100998    585808    1.00    1.00    0.00    0.00    2.00     4  postgres
07:35:24 PM 100998    585811    1.00    2.00    0.00    0.00    3.00     4  postgres
07:35:24 PM 100998    585813    2.00    1.00    0.00    0.00    3.00     6  postgres
07:35:24 PM 100998    585815    2.00    1.00    0.00    0.00    3.00     4  postgres
07:35:24 PM 100998    585817    1.00    1.00    0.00    0.00    2.00     6  postgres
07:35:24 PM 100998    585832    1.00    1.00    0.00    0.00    2.00     4  postgres
07:35:24 PM 100998    585854    1.00    0.00    0.00    0.00    1.00     4  postgres
07:35:24 PM 100998    585868    1.00    0.00    0.00    0.00    1.00     6  postgres

07:35:24 PM   UID       PID    %usr %system  %guest   %wait    %CPU   CPU  Command
07:35:25 PM 100998    584842    0.00    0.00    0.00    0.00    0.00     6  postgres
07:35:25 PM 100998    584843    0.00    0.00    0.00    0.00    0.00     6  postgres
07:35:25 PM 100998    584845    0.00    0.00    0.00    0.00    0.00     4  postgres
07:35:25 PM 100998    584846    0.00    0.00    0.00    0.00    0.00     5  postgres
07:35:25 PM 100998    585785    1.00    1.00    0.00    0.00    2.00     4  postgres
07:35:25 PM 100998    585794    2.00    1.00    0.00    0.00    3.00     6  postgres
07:35:25 PM 100998    585796    1.00    1.00    0.00    1.00    2.00     4  postgres
07:35:25 PM 100998    585797    2.00    1.00    0.00    0.00    3.00     6  postgres
07:35:25 PM 100998    585799    1.00    1.00    0.00    1.00    2.00     6  postgres
07:35:25 PM 100998    585800    1.00    1.00    0.00    0.00    2.00     5  postgres
07:35:25 PM 100998    585801    1.00    1.00    0.00    0.00    2.00     5  postgres
07:35:25 PM 100998    585802    1.00    1.00    0.00    0.00    2.00     4  postgres
07:35:25 PM 100998    585803    1.00    1.00    0.00    1.00    2.00     4  postgres
07:35:25 PM 100998    585804    1.00    1.00    0.00    0.00    2.00     4  postgres
07:35:25 PM 100998    585805    1.00    1.00    0.00    0.00    2.00     4  postgres
07:35:25 PM 100998    585807    1.00    1.00    0.00    1.00    2.00     4  postgres
07:35:25 PM 100998    585808    1.00    1.00    0.00    0.00    2.00     4  postgres
07:35:25 PM 100998    585811    1.00    0.00    0.00    0.00    1.00     6  postgres
07:35:25 PM 100998    585813    1.00    1.00    0.00    0.00    2.00     6  postgres
07:35:25 PM 100998    585815    1.00    1.00    0.00    0.00    2.00     6  postgres
07:35:25 PM 100998    585817    1.00    1.00    0.00    0.00    2.00     6  postgres
07:35:25 PM 100998    585832    2.00    1.00    0.00    0.00    3.00     6  postgres
07:35:25 PM 100998    585854    1.00    2.00    0.00    0.00    3.00     6  postgres
07:35:25 PM 100998    585868    1.00    1.00    0.00    0.00    2.00     6  postgres

07:35:25 PM   UID       PID    %usr %system  %guest   %wait    %CPU   CPU  Command
07:35:26 PM 100998    584842    0.00    0.00    0.00    0.00    0.00     6  postgres
07:35:26 PM 100998    584843    0.00    0.00    0.00    0.00    0.00     6  postgres
07:35:26 PM 100998    584845    0.00    0.00    0.00    0.00    0.00     4  postgres
07:35:26 PM 100998    584846    0.00    0.00    0.00    0.00    0.00     5  postgres
07:35:26 PM 100998    585785    2.00    2.00    0.00    0.00    4.00     6  postgres
07:35:26 PM 100998    585794    1.00    2.00    0.00    0.00    3.00     6  postgres
07:35:26 PM 100998    585796    1.00    2.00    0.00    0.00    3.00     5  postgres
07:35:26 PM 100998    585797    2.00    1.00    0.00    0.00    3.00     4  postgres
07:35:26 PM 100998    585799    2.00    2.00    0.00    0.00    4.00     6  postgres
07:35:26 PM 100998    585800    1.00    1.00    0.00    0.00    2.00     5  postgres
07:35:26 PM 100998    585801    1.00    2.00    0.00    0.00    3.00     4  postgres
07:35:26 PM 100998    585802    2.00    1.00    0.00    0.00    3.00     6  postgres
07:35:26 PM 100998    585803    2.00    1.00    0.00    0.00    3.00     6  postgres
07:35:26 PM 100998    585804    2.00    1.00    0.00    1.00    3.00     6  postgres
07:35:26 PM 100998    585805    1.00    1.00    0.00    0.00    2.00     6  postgres
07:35:26 PM 100998    585807    1.00    1.00    0.00    0.00    2.00     6  postgres
07:35:26 PM 100998    585808    1.00    1.00    0.00    1.00    2.00     5  postgres
07:35:26 PM 100998    585811    1.00    1.00    0.00    1.00    2.00     6  postgres
07:35:26 PM 100998    585813    0.00    1.00    0.00    0.00    1.00     4  postgres
07:35:26 PM 100998    585815    2.00    0.00    0.00    0.00    2.00     6  postgres
07:35:26 PM 100998    585817    1.00    1.00    0.00    1.00    2.00     5  postgres
07:35:26 PM 100998    585832    2.00    1.00    0.00    0.00    3.00     4  postgres
07:35:26 PM 100998    585854    2.00    1.00    0.00    0.00    3.00     4  postgres
07:35:26 PM 100998    585868    2.00    2.00    0.00    0.00    4.00     6  postgres

07:35:26 PM   UID       PID    %usr %system  %guest   %wait    %CPU   CPU  Command
07:35:27 PM 100998    584842    0.00    0.00    0.00    0.00    0.00     6  postgres
07:35:27 PM 100998    584843    0.00    0.00    0.00    0.00    0.00     6  postgres
07:35:27 PM 100998    584845    0.00    0.00    0.00    0.00    0.00     4  postgres
07:35:27 PM 100998    584846    0.00    0.00    0.00    0.00    0.00     5  postgres
07:35:27 PM 100998    585785    1.00    0.00    0.00    0.00    1.00     4  postgres
07:35:27 PM 100998    585794    1.00    1.00    0.00    0.00    2.00     4  postgres
07:35:27 PM 100998    585796    1.00    1.00    0.00    0.00    2.00     6  postgres
07:35:27 PM 100998    585797    1.00    1.00    0.00    0.00    2.00     4  postgres
07:35:27 PM 100998    585799    2.00    1.00    0.00    0.00    3.00     6  postgres
07:35:27 PM 100998    585800    1.00    1.00    0.00    0.00    2.00     4  postgres
07:35:27 PM 100998    585801    1.00    0.00    0.00    0.00    1.00     6  postgres
07:35:27 PM 100998    585802    1.00    1.00    0.00    0.00    2.00     4  postgres
07:35:27 PM 100998    585803    1.00    1.00    0.00    0.00    2.00     6  postgres
07:35:27 PM 100998    585804    1.00    1.00    0.00    0.00    2.00     4  postgres
07:35:27 PM 100998    585805    1.00    1.00    0.00    0.00    2.00     5  postgres
07:35:27 PM 100998    585807    1.00    1.00    0.00    0.00    2.00     4  postgres
07:35:27 PM 100998    585808    1.00    1.00    0.00    0.00    2.00     5  postgres
07:35:27 PM 100998    585811    2.00    1.00    0.00    0.00    3.00     6  postgres
07:35:27 PM 100998    585813    0.00    0.00    0.00    0.00    0.00     4  postgres
07:35:27 PM 100998    585815    1.00    1.00    0.00    1.00    2.00     6  postgres
07:35:27 PM 100998    585817    1.00    0.00    0.00    0.00    1.00     4  postgres
07:35:27 PM 100998    585832    0.00    1.00    0.00    0.00    1.00     4  postgres
07:35:27 PM 100998    585854    1.00    0.00    0.00    0.00    1.00     6  postgres
07:35:27 PM 100998    585868    1.00    0.00    0.00    0.00    1.00     6  postgres

07:35:27 PM   UID       PID    %usr %system  %guest   %wait    %CPU   CPU  Command
07:35:28 PM 100998    584842    0.00    0.00    0.00    0.00    0.00     6  postgres
07:35:28 PM 100998    584843    0.00    0.00    0.00    0.00    0.00     6  postgres
07:35:28 PM 100998    584845    0.00    0.00    0.00    0.00    0.00     4  postgres
07:35:28 PM 100998    584846    0.00    0.00    0.00    0.00    0.00     5  postgres
07:35:28 PM 100998    585785    2.00    1.00    0.00    0.00    3.00     4  postgres
07:35:28 PM 100998    585794    1.00    1.00    0.00    0.00    2.00     6  postgres
07:35:28 PM 100998    585796    2.00    1.00    0.00    0.00    3.00     4  postgres
07:35:28 PM 100998    585797    1.00    1.00    0.00    1.00    2.00     6  postgres
07:35:28 PM 100998    585799    1.00    1.00    0.00    0.00    2.00     5  postgres
07:35:28 PM 100998    585800    2.00    1.00    0.00    0.00    3.00     6  postgres
07:35:28 PM 100998    585801    1.00    2.00    0.00    1.00    3.00     4  postgres
07:35:28 PM 100998    585802    1.00    1.00    0.00    0.00    2.00     4  postgres
07:35:28 PM 100998    585803    1.00    1.00    0.00    0.00    2.00     6  postgres
07:35:28 PM 100998    585804    1.00    1.00    0.00    0.00    2.00     6  postgres
07:35:28 PM 100998    585805    2.00    1.00    0.00    0.00    3.00     4  postgres
07:35:28 PM 100998    585807    1.00    1.00    0.00    0.00    2.00     6  postgres
07:35:28 PM 100998    585808    1.00    0.00    0.00    0.00    1.00     5  postgres
07:35:28 PM 100998    585811    1.00    1.00    0.00    0.00    2.00     6  postgres
07:35:28 PM 100998    585813    1.00    1.00    0.00    0.00    2.00     4  postgres
07:35:28 PM 100998    585815    1.00    1.00    0.00    0.00    2.00     4  postgres
07:35:28 PM 100998    585817    1.00    1.00    0.00    0.00    2.00     6  postgres
07:35:28 PM 100998    585832    1.00    1.00    0.00    0.00    2.00     4  postgres
07:35:28 PM 100998    585854    0.00    1.00    0.00    0.00    1.00     4  postgres
07:35:28 PM 100998    585868    1.00    1.00    0.00    0.00    2.00     4  postgres

07:35:28 PM   UID       PID    %usr %system  %guest   %wait    %CPU   CPU  Command
07:35:29 PM 100998    584842    0.00    0.00    0.00    0.00    0.00     6  postgres
07:35:29 PM 100998    584843    0.00    0.00    0.00    0.00    0.00     4  postgres
07:35:29 PM 100998    584845    0.00    0.00    0.00    0.00    0.00     4  postgres
07:35:29 PM 100998    584846    0.00    0.00    0.00    0.00    0.00     5  postgres
07:35:29 PM 100998    585785    1.00    1.00    0.00    0.00    2.00     4  postgres
07:35:29 PM 100998    585794    2.00    2.00    0.00    1.00    4.00     4  postgres
07:35:29 PM 100998    585796    2.00    1.00    0.00    0.00    3.00     6  postgres
07:35:29 PM 100998    585797    1.00    2.00    0.00    0.00    3.00     4  postgres
07:35:29 PM 100998    585799    1.00    1.00    0.00    0.00    2.00     5  postgres
07:35:29 PM 100998    585800    1.00    0.00    0.00    0.00    1.00     4  postgres
07:35:29 PM 100998    585801    2.00    1.00    0.00    0.00    3.00     6  postgres
07:35:29 PM 100998    585802    1.00    1.00    0.00    0.00    2.00     6  postgres
07:35:29 PM 100998    585803    2.00    1.00    0.00    0.00    3.00     4  postgres
07:35:29 PM 100998    585804    1.00    0.00    0.00    0.00    1.00     6  postgres
07:35:29 PM 100998    585805    1.00    0.00    0.00    0.00    1.00     6  postgres
07:35:29 PM 100998    585807    1.00    1.00    0.00    0.00    2.00     6  postgres
07:35:29 PM 100998    585808    1.00    1.00    0.00    0.00    2.00     4  postgres
07:35:29 PM 100998    585811    1.00    1.00    0.00    0.00    2.00     4  postgres
07:35:29 PM 100998    585813    1.00    1.00    0.00    0.00    2.00     4  postgres
07:35:29 PM 100998    585815    1.00    1.00    0.00    0.00    2.00     6  postgres
07:35:29 PM 100998    585817    1.00    1.00    0.00    0.00    2.00     6  postgres
07:35:29 PM 100998    585832    1.00    1.00    0.00    0.00    2.00     4  postgres
07:35:29 PM 100998    585854    1.00    1.00    0.00    0.00    2.00     4  postgres
07:35:29 PM 100998    585868    1.00    1.00    0.00    0.00    2.00     6  postgres

07:35:29 PM   UID       PID    %usr %system  %guest   %wait    %CPU   CPU  Command
07:35:30 PM 100998    584842    0.00    0.00    0.00    0.00    0.00     6  postgres
07:35:30 PM 100998    584843    0.00    0.00    0.00    0.00    0.00     4  postgres
07:35:30 PM 100998    584845    0.00    0.00    0.00    0.00    0.00     4  postgres
07:35:30 PM 100998    584846    0.00    0.00    0.00    0.00    0.00     5  postgres
07:35:30 PM 100998    585785    2.00    1.00    0.00    1.00    3.00     4  postgres
07:35:30 PM 100998    585794    2.00    0.00    0.00    0.00    2.00     6  postgres
07:35:30 PM 100998    585796    1.00    2.00    0.00    1.00    3.00     6  postgres
07:35:30 PM 100998    585797    1.00    1.00    0.00    0.00    2.00     6  postgres
07:35:30 PM 100998    585799    1.00    2.00    0.00    0.00    3.00     5  postgres
07:35:30 PM 100998    585800    1.00    1.00    0.00    0.00    2.00     4  postgres
07:35:30 PM 100998    585801    2.00    0.00    0.00    0.00    2.00     4  postgres
07:35:30 PM 100998    585802    1.00    1.00    0.00    1.00    2.00     4  postgres
07:35:30 PM 100998    585803    0.00    2.00    0.00    1.00    2.00     6  postgres
07:35:30 PM 100998    585804    2.00    2.00    0.00    0.00    4.00     4  postgres
07:35:30 PM 100998    585805    1.00    1.00    0.00    1.00    2.00     6  postgres
07:35:30 PM 100998    585807    2.00    2.00    0.00    0.00    4.00     6  postgres
07:35:30 PM 100998    585808    2.00    1.00    0.00    0.00    3.00     4  postgres
07:35:30 PM 100998    585811    2.00    1.00    0.00    0.00    3.00     6  postgres
07:35:30 PM 100998    585813    2.00    1.00    0.00    0.00    3.00     6  postgres
07:35:30 PM 100998    585815    1.00    1.00    0.00    0.00    2.00     4  postgres
07:35:30 PM 100998    585817    2.00    2.00    0.00    0.00    4.00     4  postgres
07:35:30 PM 100998    585832    1.00    1.00    0.00    0.00    2.00     4  postgres
07:35:30 PM 100998    585854    2.00    0.00    0.00    0.00    2.00     4  postgres
07:35:30 PM 100998    585868    1.00    2.00    0.00    0.00    3.00     6  postgres

07:35:30 PM   UID       PID    %usr %system  %guest   %wait    %CPU   CPU  Command
07:35:31 PM 100998    584842    0.00    0.00    0.00    0.00    0.00     6  postgres
07:35:31 PM 100998    584843    0.00    0.00    0.00    0.00    0.00     4  postgres
07:35:31 PM 100998    584845    0.00    0.00    0.00    0.00    0.00     4  postgres
07:35:31 PM 100998    584846    0.00    0.00    0.00    0.00    0.00     5  postgres
07:35:31 PM 100998    585785    2.00    1.00    0.00    0.00    3.00     4  postgres
07:35:31 PM 100998    585794    1.00    2.00    0.00    0.00    3.00     4  postgres
07:35:31 PM 100998    585796    2.00    1.00    0.00    0.00    3.00     6  postgres
07:35:31 PM 100998    585797    2.00    1.00    0.00    0.00    3.00     5  postgres
07:35:31 PM 100998    585799    1.00    0.00    0.00    0.00    1.00     4  postgres
07:35:31 PM 100998    585800    3.00    1.00    0.00    1.00    4.00     4  postgres
07:35:31 PM 100998    585801    1.00    1.00    0.00    0.00    2.00     4  postgres
07:35:31 PM 100998    585802    1.00    1.00    0.00    0.00    2.00     6  postgres
07:35:31 PM 100998    585803    1.00    1.00    0.00    0.00    2.00     5  postgres
07:35:31 PM 100998    585804    1.00    1.00    0.00    0.00    2.00     6  postgres
07:35:31 PM 100998    585805    1.00    1.00    0.00    0.00    2.00     4  postgres
07:35:31 PM 100998    585807    1.00    0.00    0.00    0.00    1.00     6  postgres
07:35:31 PM 100998    585808    1.00    1.00    0.00    0.00    2.00     4  postgres
07:35:31 PM 100998    585811    1.00    1.00    0.00    0.00    2.00     4  postgres
07:35:31 PM 100998    585813    1.00    1.00    0.00    0.00    2.00     4  postgres
07:35:31 PM 100998    585815    1.00    1.00    0.00    0.00    2.00     6  postgres
07:35:31 PM 100998    585817    1.00    0.00    0.00    0.00    1.00     4  postgres
07:35:31 PM 100998    585832    1.00    0.00    0.00    0.00    1.00     6  postgres
07:35:31 PM 100998    585854    1.00    1.00    0.00    0.00    2.00     4  postgres
07:35:31 PM 100998    585868    1.00    1.00    0.00    0.00    2.00     4  postgres

07:35:31 PM   UID       PID    %usr %system  %guest   %wait    %CPU   CPU  Command
07:35:32 PM 100998    584842    0.00    0.00    0.00    0.00    0.00     6  postgres
07:35:32 PM 100998    584843    0.00    0.00    0.00    0.00    0.00     4  postgres
07:35:32 PM 100998    584845    0.00    0.00    0.00    0.00    0.00     4  postgres
07:35:32 PM 100998    584846    0.00    0.00    0.00    0.00    0.00     5  postgres
07:35:32 PM 100998    585785    2.00    2.00    0.00    0.00    4.00     6  postgres
07:35:32 PM 100998    585794    2.00    1.00    0.00    0.00    3.00     6  postgres
07:35:32 PM 100998    585796    2.00    1.00    0.00    0.00    3.00     4  postgres
07:35:32 PM 100998    585797    1.00    2.00    0.00    0.00    3.00     5  postgres
07:35:32 PM 100998    585799    2.00    2.00    0.00    1.00    4.00     6  postgres
07:35:32 PM 100998    585800    0.00    2.00    0.00    0.00    2.00     4  postgres
07:35:32 PM 100998    585801    2.00    1.00    0.00    0.00    3.00     4  postgres
07:35:32 PM 100998    585802    2.00    1.00    0.00    0.00    3.00     4  postgres
07:35:32 PM 100998    585803    1.00    1.00    0.00    0.00    2.00     5  postgres
07:35:32 PM 100998    585804    1.00    0.00    0.00    0.00    1.00     4  postgres
07:35:32 PM 100998    585805    1.00    1.00    0.00    0.00    2.00     4  postgres
07:35:32 PM 100998    585807    1.00    1.00    0.00    0.00    2.00     6  postgres
07:35:32 PM 100998    585808    0.00    1.00    0.00    0.00    1.00     6  postgres
07:35:32 PM 100998    585811    1.00    1.00    0.00    0.00    2.00     6  postgres
07:35:32 PM 100998    585813    1.00    1.00    0.00    1.00    2.00     6  postgres
07:35:32 PM 100998    585815    1.00    1.00    0.00    0.00    2.00     4  postgres
07:35:32 PM 100998    585817    2.00    1.00    0.00    0.00    3.00     6  postgres
07:35:32 PM 100998    585832    1.00    1.00    0.00    0.00    2.00     6  postgres
07:35:32 PM 100998    585854    1.00    1.00    0.00    0.00    2.00     4  postgres
07:35:32 PM 100998    585868    1.00    0.00    0.00    0.00    1.00     4  postgres

07:35:32 PM   UID       PID    %usr %system  %guest   %wait    %CPU   CPU  Command
07:35:33 PM 100998    584842    0.00    0.00    0.00    0.00    0.00     6  postgres
07:35:33 PM 100998    584843    0.00    0.00    0.00    0.00    0.00     4  postgres
07:35:33 PM 100998    584845    0.00    0.00    0.00    0.00    0.00     4  postgres
07:35:33 PM 100998    584846    0.00    0.00    0.00    0.00    0.00     5  postgres
07:35:33 PM 100998    585785    2.00    1.00    0.00    1.00    3.00     4  postgres
07:35:33 PM 100998    585794    2.00    1.00    0.00    1.00    3.00     6  postgres
07:35:33 PM 100998    585796    1.00    1.00    0.00    0.00    2.00     6  postgres
07:35:33 PM 100998    585797    1.00    1.00    0.00    1.00    2.00     4  postgres
07:35:33 PM 100998    585799    1.00    1.00    0.00    0.00    2.00     6  postgres
07:35:33 PM 100998    585800    1.00    1.00    0.00    0.00    2.00     4  postgres
07:35:33 PM 100998    585801    1.00    1.00    0.00    1.00    2.00     6  postgres
07:35:33 PM 100998    585802    2.00    1.00    0.00    0.00    3.00     4  postgres
07:35:33 PM 100998    585803    2.00    1.00    0.00    0.00    3.00     5  postgres
07:35:33 PM 100998    585804    1.00    1.00    0.00    0.00    2.00     6  postgres
07:35:33 PM 100998    585805    2.00    1.00    0.00    0.00    3.00     6  postgres
07:35:33 PM 100998    585807    2.00    1.00    0.00    0.00    3.00     6  postgres
07:35:33 PM 100998    585808    2.00    2.00    0.00    0.00    4.00     6  postgres
07:35:33 PM 100998    585811    1.00    1.00    0.00    0.00    2.00     4  postgres
07:35:33 PM 100998    585813    1.00    1.00    0.00    0.00    2.00     5  postgres
07:35:33 PM 100998    585815    1.00    1.00    0.00    0.00    2.00     4  postgres
07:35:33 PM 100998    585817    1.00    2.00    0.00    0.00    3.00     4  postgres
07:35:33 PM 100998    585832    1.00    1.00    0.00    1.00    2.00     4  postgres
07:35:33 PM 100998    585854    1.00    1.00    0.00    1.00    2.00     6  postgres
07:35:33 PM 100998    585868    1.00    1.00    0.00    0.00    2.00     6  postgres

07:35:33 PM   UID       PID    %usr %system  %guest   %wait    %CPU   CPU  Command
07:35:34 PM 100998    584842    0.00    0.00    0.00    0.00    0.00     6  postgres
07:35:34 PM 100998    584843    0.00    0.00    0.00    0.00    0.00     4  postgres
07:35:34 PM 100998    584845    0.00    0.00    0.00    0.00    0.00     4  postgres
07:35:34 PM 100998    584846    0.00    0.00    0.00    0.00    0.00     5  postgres
07:35:34 PM 100998    585785    1.00    2.00    0.00    0.00    3.00     6  postgres
07:35:34 PM 100998    585794    2.00    1.00    0.00    0.00    3.00     6  postgres
07:35:34 PM 100998    585796    1.00    1.00    0.00    1.00    2.00     6  postgres
07:35:34 PM 100998    585797    2.00    1.00    0.00    0.00    3.00     4  postgres
07:35:34 PM 100998    585799    3.00    1.00    0.00    0.00    4.00     4  postgres
07:35:34 PM 100998    585800    2.00    1.00    0.00    0.00    3.00     4  postgres
07:35:34 PM 100998    585801    1.00    1.00    0.00    0.00    2.00     4  postgres
07:35:34 PM 100998    585802    1.00    1.00    0.00    0.00    2.00     5  postgres
07:35:34 PM 100998    585803    0.00    1.00    0.00    0.00    1.00     5  postgres
07:35:34 PM 100998    585804    1.00    1.00    0.00    0.00    2.00     4  postgres
07:35:34 PM 100998    585805    1.00    1.00    0.00    0.00    2.00     6  postgres
07:35:34 PM 100998    585807    1.00    2.00    0.00    0.00    3.00     6  postgres
07:35:34 PM 100998    585808    0.00    1.00    0.00    0.00    1.00     6  postgres
07:35:34 PM 100998    585811    1.00    1.00    0.00    1.00    2.00     6  postgres
07:35:34 PM 100998    585813    1.00    1.00    0.00    0.00    2.00     5  postgres
07:35:34 PM 100998    585815    1.00    0.00    0.00    0.00    1.00     6  postgres
07:35:34 PM 100998    585817    0.00    0.00    0.00    0.00    0.00     4  postgres
07:35:34 PM 100998    585832    1.00    0.00    0.00    0.00    1.00     6  postgres
07:35:34 PM 100998    585854    0.00    0.00    0.00    0.00    0.00     4  postgres
07:35:34 PM 100998    585868    1.00    1.00    0.00    0.00    2.00     4  postgres

07:35:34 PM   UID       PID    %usr %system  %guest   %wait    %CPU   CPU  Command
07:35:35 PM 100998    584842    0.00    0.00    0.00    0.00    0.00     6  postgres
07:35:35 PM 100998    584843    0.00    0.00    0.00    0.00    0.00     4  postgres
07:35:35 PM 100998    584845    0.00    0.00    0.00    0.00    0.00     4  postgres
07:35:35 PM 100998    584846    0.00    0.00    0.00    0.00    0.00     5  postgres
07:35:35 PM 100998    585785    1.00    0.00    0.00    0.00    1.00     6  postgres
07:35:35 PM 100998    585794    1.00    1.00    0.00    0.00    2.00     5  postgres
07:35:35 PM 100998    585796    1.00    1.00    0.00    0.00    2.00     6  postgres
07:35:35 PM 100998    585797    1.00    1.00    0.00    0.00    2.00     4  postgres
07:35:35 PM 100998    585799    1.00    0.00    0.00    0.00    1.00     4  postgres
07:35:35 PM 100998    585800    1.00    1.00    0.00    0.00    2.00     4  postgres
07:35:35 PM 100998    585801    1.00    1.00    0.00    0.00    2.00     6  postgres
07:35:35 PM 100998    585802    1.00    0.00    0.00    0.00    1.00     6  postgres
07:35:35 PM 100998    585803    1.00    1.00    0.00    0.00    2.00     4  postgres
07:35:35 PM 100998    585804    2.00    1.00    0.00    1.00    3.00     4  postgres
07:35:35 PM 100998    585805    1.00    0.00    0.00    0.00    1.00     6  postgres
07:35:35 PM 100998    585807    1.00    0.00    0.00    0.00    1.00     4  postgres
07:35:35 PM 100998    585808    2.00    0.00    0.00    0.00    2.00     4  postgres
07:35:35 PM 100998    585811    1.00    1.00    0.00    0.00    2.00     4  postgres
07:35:35 PM 100998    585813    0.00    1.00    0.00    0.00    1.00     5  postgres
07:35:35 PM 100998    585815    1.00    1.00    0.00    0.00    2.00     6  postgres
07:35:35 PM 100998    585817    1.00    0.00    0.00    0.00    1.00     4  postgres
07:35:35 PM 100998    585832    1.00    0.00    0.00    0.00    1.00     6  postgres
07:35:35 PM 100998    585854    1.00    1.00    0.00    0.00    2.00     4  postgres
07:35:35 PM 100998    585868    0.00    0.00    0.00    0.00    0.00     6  postgres

07:35:35 PM   UID       PID    %usr %system  %guest   %wait    %CPU   CPU  Command
07:35:36 PM 100998    584842    0.00    0.00    0.00    0.00    0.00     6  postgres
07:35:36 PM 100998    584843    0.00    0.00    0.00    0.00    0.00     4  postgres
07:35:36 PM 100998    584845    0.00    0.00    0.00    0.00    0.00     4  postgres
07:35:36 PM 100998    584846    0.00    0.00    0.00    0.00    0.00     5  postgres
07:35:36 PM 100998    585785    1.00    1.00    0.00    0.00    2.00     4  postgres
07:35:36 PM 100998    585794    1.00    1.00    0.00    0.00    2.00     5  postgres
07:35:36 PM 100998    585796    1.00    1.00    0.00    0.00    2.00     4  postgres
07:35:36 PM 100998    585797    1.00    1.00    0.00    0.00    2.00     4  postgres
07:35:36 PM 100998    585799    0.00    1.00    0.00    0.00    1.00     6  postgres
07:35:36 PM 100998    585800    1.00    1.00    0.00    0.00    2.00     4  postgres
07:35:36 PM 100998    585801    2.00    1.00    0.00    0.00    3.00     4  postgres
07:35:36 PM 100998    585802    1.00    1.00    0.00    0.00    2.00     6  postgres
07:35:36 PM 100998    585803    1.00    1.00    0.00    0.00    2.00     6  postgres
07:35:36 PM 100998    585804    1.00    1.00    0.00    0.00    2.00     6  postgres
07:35:36 PM 100998    585805    1.00    1.00    0.00    0.00    2.00     6  postgres
07:35:36 PM 100998    585807    1.00    1.00    0.00    0.00    2.00     4  postgres
07:35:36 PM 100998    585808    1.00    1.00    0.00    0.00    2.00     4  postgres
07:35:36 PM 100998    585811    1.00    0.00    0.00    0.00    1.00     6  postgres
07:35:36 PM 100998    585813    1.00    1.00    0.00    0.00    2.00     5  postgres
07:35:36 PM 100998    585815    1.00    1.00    0.00    0.00    2.00     4  postgres
07:35:36 PM 100998    585817    0.00    1.00    0.00    0.00    1.00     5  postgres
07:35:36 PM 100998    585832    0.00    1.00    0.00    0.00    1.00     4  postgres
07:35:36 PM 100998    585854    1.00    1.00    0.00    0.00    2.00     4  postgres
07:35:36 PM 100998    585868    1.00    1.00    0.00    1.00    2.00     4  postgres

07:35:36 PM   UID       PID    %usr %system  %guest   %wait    %CPU   CPU  Command
07:35:37 PM 100998    584842    0.00    0.00    0.00    0.00    0.00     6  postgres
07:35:37 PM 100998    584843    0.00    0.00    0.00    0.00    0.00     4  postgres
07:35:37 PM 100998    584845    0.00    0.00    0.00    0.00    0.00     4  postgres
07:35:37 PM 100998    584846    0.00    0.00    0.00    0.00    0.00     5  postgres
07:35:37 PM 100998    585785    3.00    2.00    0.00    0.00    5.00     6  postgres
07:35:37 PM 100998    585794    1.00    2.00    0.00    0.00    3.00     4  postgres
07:35:37 PM 100998    585796    2.00    1.00    0.00    0.00    3.00     4  postgres
07:35:37 PM 100998    585797    2.00    2.00    0.00    1.00    4.00     6  postgres
07:35:37 PM 100998    585799    2.00    2.00    0.00    0.00    4.00     6  postgres
07:35:37 PM 100998    585800    1.00    1.00    0.00    0.00    2.00     6  postgres
07:35:37 PM 100998    585801    1.00    1.00    0.00    0.00    2.00     4  postgres
07:35:37 PM 100998    585802    2.00    1.00    0.00    0.00    3.00     4  postgres
07:35:37 PM 100998    585803    2.00    1.00    0.00    0.00    3.00     5  postgres
07:35:37 PM 100998    585804    1.00    2.00    0.00    0.00    3.00     6  postgres
07:35:37 PM 100998    585805    1.00    1.00    0.00    0.00    2.00     4  postgres
07:35:37 PM 100998    585807    1.00    1.00    0.00    0.00    2.00     6  postgres
07:35:37 PM 100998    585808    0.00    0.00    0.00    0.00    0.00     5  postgres
07:35:37 PM 100998    585811    1.00    2.00    0.00    0.00    3.00     4  postgres
07:35:37 PM 100998    585813    1.00    1.00    0.00    0.00    2.00     5  postgres
07:35:37 PM 100998    585815    1.00    1.00    0.00    0.00    2.00     6  postgres
07:35:37 PM 100998    585817    1.00    1.00    0.00    0.00    2.00     5  postgres
07:35:37 PM 100998    585832    1.00    1.00    0.00    0.00    2.00     6  postgres
07:35:37 PM 100998    585854    1.00    0.00    0.00    0.00    1.00     4  postgres
07:35:37 PM 100998    585868    1.00    0.00    0.00    0.00    1.00     6  postgres

07:35:37 PM   UID       PID    %usr %system  %guest   %wait    %CPU   CPU  Command
07:35:38 PM 100998    584842    0.00    0.00    0.00    0.00    0.00     6  postgres
07:35:38 PM 100998    584843    0.00    0.00    0.00    0.00    0.00     4  postgres
07:35:38 PM 100998    584845    0.00    0.00    0.00    0.00    0.00     4  postgres
07:35:38 PM 100998    584846    0.00    0.00    0.00    0.00    0.00     5  postgres
07:35:38 PM 100998    585785    1.00    0.00    0.00    1.00    1.00     6  postgres
07:35:38 PM 100998    585794    1.00    1.00    0.00    0.00    2.00     4  postgres
07:35:38 PM 100998    585796    1.00    1.00    0.00    0.00    2.00     6  postgres
07:35:38 PM 100998    585797    2.00    1.00    0.00    0.00    3.00     5  postgres
07:35:38 PM 100998    585799    1.00    1.00    0.00    1.00    2.00     4  postgres
07:35:38 PM 100998    585800    2.00    1.00    0.00    1.00    3.00     4  postgres
07:35:38 PM 100998    585801    2.00    1.00    0.00    0.00    3.00     6  postgres
07:35:38 PM 100998    585802    1.00    1.00    0.00    0.00    2.00     4  postgres
07:35:38 PM 100998    585803    1.00    0.00    0.00    0.00    1.00     4  postgres
07:35:38 PM 100998    585804    2.00    0.00    0.00    0.00    2.00     4  postgres
07:35:38 PM 100998    585805    2.00    1.00    0.00    0.00    3.00     4  postgres
07:35:38 PM 100998    585807    1.00    1.00    0.00    0.00    2.00     4  postgres
07:35:38 PM 100998    585808    1.00    1.00    0.00    0.00    2.00     4  postgres
07:35:38 PM 100998    585811    1.00    0.00    0.00    0.00    1.00     4  postgres
07:35:38 PM 100998    585813    1.00    1.00    0.00    0.00    2.00     5  postgres
07:35:38 PM 100998    585815    1.00    2.00    0.00    0.00    3.00     4  postgres
07:35:38 PM 100998    585817    1.00    1.00    0.00    0.00    2.00     5  postgres
07:35:38 PM 100998    585832    1.00    1.00    0.00    0.00    2.00     6  postgres
07:35:38 PM 100998    585854    2.00    1.00    0.00    0.00    3.00     4  postgres
07:35:38 PM 100998    585868    2.00    1.00    0.00    0.00    3.00     6  postgres

07:35:38 PM   UID       PID    %usr %system  %guest   %wait    %CPU   CPU  Command
07:35:39 PM 100998    584842    0.00    0.00    0.00    0.00    0.00     6  postgres
07:35:39 PM 100998    584843    0.00    0.00    0.00    0.00    0.00     4  postgres
07:35:39 PM 100998    584845    0.00    0.00    0.00    0.00    0.00     4  postgres
07:35:39 PM 100998    584846    0.00    0.00    0.00    0.00    0.00     5  postgres
07:35:39 PM 100998    585785    0.00    1.00    0.00    0.00    1.00     4  postgres
07:35:39 PM 100998    585794    0.00    0.00    0.00    0.00    0.00     6  postgres
07:35:39 PM 100998    585796    1.00    0.00    0.00    0.00    1.00     6  postgres
07:35:39 PM 100998    585797    0.00    0.00    0.00    0.00    0.00     5  postgres
07:35:39 PM 100998    585799    0.00    0.00    0.00    0.00    0.00     4  postgres
07:35:39 PM 100998    585800    0.00    0.00    0.00    0.00    0.00     6  postgres
07:35:39 PM 100998    585801    0.00    0.00    0.00    0.00    0.00     6  postgres
07:35:39 PM 100998    585802    0.00    0.00    0.00    0.00    0.00     4  postgres
07:35:39 PM 100998    585803    0.00    1.00    0.00    0.00    1.00     6  postgres
07:35:39 PM 100998    585804    0.00    0.00    0.00    0.00    0.00     6  postgres
07:35:39 PM 100998    585805    0.00    1.00    0.00    0.00    1.00     6  postgres
07:35:39 PM 100998    585807    0.00    0.00    0.00    0.00    0.00     4  postgres
07:35:39 PM 100998    585808    0.00    0.00    0.00    0.00    0.00     6  postgres
07:35:39 PM 100998    585811    0.00    0.00    0.00    0.00    0.00     6  postgres
07:35:39 PM 100998    585813    0.00    0.00    0.00    0.00    0.00     5  postgres
07:35:39 PM 100998    585815    0.00    0.00    0.00    0.00    0.00     4  postgres
07:35:39 PM 100998    585817    0.00    0.00    0.00    0.00    0.00     5  postgres
07:35:39 PM 100998    585832    0.00    0.00    0.00    0.00    0.00     6  postgres
07:35:39 PM 100998    585854    0.00    0.00    0.00    0.00    0.00     4  postgres
07:35:39 PM 100998    585868    0.00    0.00    0.00    0.00    0.00     4  postgres

07:35:39 PM   UID       PID    %usr %system  %guest   %wait    %CPU   CPU  Command
07:35:40 PM 100998    584842    0.00    0.00    0.00    0.00    0.00     6  postgres
07:35:40 PM 100998    584843    0.00    0.00    0.00    0.00    0.00     4  postgres
07:35:40 PM 100998    584845    0.00    0.00    0.00    0.00    0.00     4  postgres
07:35:40 PM 100998    584846    0.00    0.00    0.00    0.00    0.00     5  postgres
07:35:40 PM 100998    585785    0.00    0.00    0.00    0.00    0.00     4  postgres
07:35:40 PM 100998    585794    0.00    0.00    0.00    0.00    0.00     6  postgres
07:35:40 PM 100998    585796    0.00    0.00    0.00    0.00    0.00     6  postgres
07:35:40 PM 100998    585797    0.00    0.00    0.00    0.00    0.00     5  postgres
07:35:40 PM 100998    585799    0.00    0.00    0.00    0.00    0.00     4  postgres
07:35:40 PM 100998    585800    0.00    0.00    0.00    0.00    0.00     6  postgres
07:35:40 PM 100998    585801    0.00    0.00    0.00    0.00    0.00     6  postgres
07:35:40 PM 100998    585802    0.00    0.00    0.00    0.00    0.00     4  postgres
07:35:40 PM 100998    585803    0.00    0.00    0.00    0.00    0.00     6  postgres
07:35:40 PM 100998    585804    0.00    0.00    0.00    0.00    0.00     6  postgres
07:35:40 PM 100998    585805    0.00    0.00    0.00    0.00    0.00     6  postgres
07:35:40 PM 100998    585807    0.00    0.00    0.00    0.00    0.00     4  postgres
07:35:40 PM 100998    585808    0.00    0.00    0.00    0.00    0.00     6  postgres
07:35:40 PM 100998    585811    0.00    0.00    0.00    0.00    0.00     6  postgres
07:35:40 PM 100998    585813    0.00    0.00    0.00    0.00    0.00     5  postgres
07:35:40 PM 100998    585815    0.00    0.00    0.00    0.00    0.00     4  postgres
07:35:40 PM 100998    585817    0.00    0.00    0.00    0.00    0.00     5  postgres
07:35:40 PM 100998    585832    0.00    0.00    0.00    0.00    0.00     6  postgres
07:35:40 PM 100998    585854    0.00    0.00    0.00    0.00    0.00     4  postgres
07:35:40 PM 100998    585868    0.00    0.00    0.00    0.00    0.00     4  postgres

07:35:40 PM   UID       PID    %usr %system  %guest   %wait    %CPU   CPU  Command
07:35:41 PM 100998    584842    0.00    0.00    0.00    0.00    0.00     6  postgres
07:35:41 PM 100998    584843    0.00    0.00    0.00    0.00    0.00     4  postgres
07:35:41 PM 100998    584845    0.00    0.00    0.00    0.00    0.00     4  postgres
07:35:41 PM 100998    584846    0.00    0.00    0.00    0.00    0.00     5  postgres
07:35:41 PM 100998    585785    0.00    0.00    0.00    0.00    0.00     4  postgres
07:35:41 PM 100998    585794    0.00    0.00    0.00    0.00    0.00     6  postgres
07:35:41 PM 100998    585796    0.00    0.00    0.00    0.00    0.00     6  postgres
07:35:41 PM 100998    585797    0.00    0.00    0.00    0.00    0.00     5  postgres
07:35:41 PM 100998    585799    0.00    0.00    0.00    0.00    0.00     4  postgres
07:35:41 PM 100998    585800    0.00    0.00    0.00    0.00    0.00     6  postgres
07:35:41 PM 100998    585801    0.00    0.00    0.00    0.00    0.00     6  postgres
07:35:41 PM 100998    585802    0.00    0.00    0.00    0.00    0.00     4  postgres
07:35:41 PM 100998    585803    0.00    0.00    0.00    0.00    0.00     6  postgres
07:35:41 PM 100998    585804    0.00    0.00    0.00    0.00    0.00     6  postgres
07:35:41 PM 100998    585805    0.00    0.00    0.00    0.00    0.00     6  postgres
07:35:41 PM 100998    585807    0.00    0.00    0.00    0.00    0.00     4  postgres
07:35:41 PM 100998    585808    0.00    0.00    0.00    0.00    0.00     6  postgres
07:35:41 PM 100998    585811    0.00    0.00    0.00    0.00    0.00     6  postgres
07:35:41 PM 100998    585813    0.00    0.00    0.00    0.00    0.00     5  postgres
07:35:41 PM 100998    585815    0.00    0.00    0.00    0.00    0.00     4  postgres
07:35:41 PM 100998    585817    0.00    0.00    0.00    0.00    0.00     5  postgres
07:35:41 PM 100998    585832    0.00    0.00    0.00    0.00    0.00     6  postgres
07:35:41 PM 100998    585854    0.00    0.00    0.00    0.00    0.00     4  postgres
07:35:41 PM 100998    585868    0.00    0.00    0.00    0.00    0.00     4  postgres
