Linux 5.14.0-570.60.1.el9_6.x86_64 *****) 	03/02/2026 	_x86_64_	(64 CPU)

08:40:01 PM   UID       PID    %usr %system  %guest   %wait    %CPU   CPU  Command
08:40:02 PM 100998    636535    0.00    0.00    0.00    0.00    0.00     6  postgres
08:40:02 PM 100998    636536    0.00    0.00    0.00    0.00    0.00     5  postgres
08:40:02 PM 100998    636538    0.00    0.00    0.00    0.00    0.00     6  postgres
08:40:02 PM 100998    636539    0.00    0.00    0.00    0.00    0.00     5  postgres
08:40:02 PM 100998    636605    0.00    0.00    0.00    0.00    0.00     6  postgres
08:40:02 PM 100998    636613    0.00    0.00    0.00    0.00    0.00     5  postgres
08:40:02 PM 100998    636615    0.00    0.00    0.00    0.00    0.00     6  postgres
08:40:02 PM 100998    636616    0.00    0.00    0.00    0.00    0.00     5  postgres
08:40:02 PM 100998    636617    0.00    0.00    0.00    0.00    0.00     5  postgres
08:40:02 PM 100998    636630    0.00    0.00    0.00    0.00    0.00     6  postgres
08:40:02 PM 100998    636631    0.00    0.00    0.00    0.00    0.00     6  postgres
08:40:02 PM 100998    636632    0.00    0.00    0.00    0.00    0.00     6  postgres
08:40:02 PM 100998    636633    0.00    0.00    0.00    0.00    0.00     6  postgres
08:40:02 PM 100998    636634    0.00    0.00    0.00    0.00    0.00     6  postgres
08:40:02 PM 100998    636635    0.00    0.00    0.00    0.00    0.00     6  postgres
08:40:02 PM 100998    636636    0.00    0.00    0.00    0.00    0.00     6  postgres
08:40:02 PM 100998    636638    0.00    0.00    0.00    0.00    0.00     6  postgres
08:40:02 PM 100998    636639    0.00    0.00    0.00    0.00    0.00     6  postgres
08:40:02 PM 100998    636640    0.00    0.00    0.00    0.00    0.00     6  postgres
08:40:02 PM 100998    636642    0.00    0.00    0.00    0.00    0.00     6  postgres
08:40:02 PM 100998    636644    0.00    0.00    0.00    0.00    0.00     6  postgres
08:40:02 PM 100998    636646    0.00    0.00    0.00    0.00    0.00     6  postgres
08:40:02 PM 100998    636648    0.00    0.00    0.00    0.00    0.00     6  postgres
08:40:02 PM 100998    636653    0.00    0.00    0.00    0.00    0.00     6  postgres

08:40:02 PM   UID       PID    %usr %system  %guest   %wait    %CPU   CPU  Command
08:40:03 PM 100998    636535    0.00    0.00    0.00    0.00    0.00     6  postgres
08:40:03 PM 100998    636536    0.00    0.00    0.00    0.00    0.00     5  postgres
08:40:03 PM 100998    636538    0.00    0.00    0.00    0.00    0.00     6  postgres
08:40:03 PM 100998    636539    0.00    0.00    0.00    0.00    0.00     5  postgres
08:40:03 PM 100998    636605    0.00    0.00    0.00    0.00    0.00     6  postgres
08:40:03 PM 100998    636613    0.00    0.00    0.00    0.00    0.00     5  postgres
08:40:03 PM 100998    636615    0.00    0.00    0.00    0.00    0.00     6  postgres
08:40:03 PM 100998    636616    0.00    0.00    0.00    0.00    0.00     5  postgres
08:40:03 PM 100998    636617    0.00    0.00    0.00    0.00    0.00     5  postgres
08:40:03 PM 100998    636630    0.00    0.00    0.00    0.00    0.00     6  postgres
08:40:03 PM 100998    636631    0.00    0.00    0.00    0.00    0.00     6  postgres
08:40:03 PM 100998    636632    0.00    0.00    0.00    0.00    0.00     6  postgres
08:40:03 PM 100998    636633    0.00    0.00    0.00    0.00    0.00     6  postgres
08:40:03 PM 100998    636634    0.00    0.00    0.00    0.00    0.00     6  postgres
08:40:03 PM 100998    636635    0.00    0.00    0.00    0.00    0.00     6  postgres
08:40:03 PM 100998    636636    0.00    0.00    0.00    0.00    0.00     6  postgres
08:40:03 PM 100998    636638    0.00    0.00    0.00    0.00    0.00     6  postgres
08:40:03 PM 100998    636639    0.00    0.00    0.00    0.00    0.00     6  postgres
08:40:03 PM 100998    636640    0.00    0.00    0.00    0.00    0.00     6  postgres
08:40:03 PM 100998    636642    0.00    0.00    0.00    0.00    0.00     6  postgres
08:40:03 PM 100998    636644    0.00    0.00    0.00    0.00    0.00     6  postgres
08:40:03 PM 100998    636646    0.00    0.00    0.00    0.00    0.00     6  postgres
08:40:03 PM 100998    636648    0.00    0.00    0.00    0.00    0.00     6  postgres
08:40:03 PM 100998    636653    0.00    0.00    0.00    0.00    0.00     6  postgres

08:40:03 PM   UID       PID    %usr %system  %guest   %wait    %CPU   CPU  Command
08:40:04 PM 100998    636535    0.00    0.00    0.00    0.00    0.00     6  postgres
08:40:04 PM 100998    636536    0.00    0.00    0.00    0.00    0.00     5  postgres
08:40:04 PM 100998    636538    0.00    0.00    0.00    0.00    0.00     6  postgres
08:40:04 PM 100998    636539    0.00    0.00    0.00    0.00    0.00     5  postgres
08:40:04 PM 100998    636605    0.00    0.00    0.00    0.00    0.00     6  postgres
08:40:04 PM 100998    636613    0.00    0.00    0.00    0.00    0.00     5  postgres
08:40:04 PM 100998    636615    0.00    0.00    0.00    0.00    0.00     6  postgres
08:40:04 PM 100998    636616    0.00    0.00    0.00    0.00    0.00     5  postgres
08:40:04 PM 100998    636617    0.00    0.00    0.00    0.00    0.00     5  postgres
08:40:04 PM 100998    636630    0.00    0.00    0.00    0.00    0.00     6  postgres
08:40:04 PM 100998    636631    0.00    0.00    0.00    0.00    0.00     6  postgres
08:40:04 PM 100998    636632    0.00    0.00    0.00    0.00    0.00     6  postgres
08:40:04 PM 100998    636633    0.00    0.00    0.00    0.00    0.00     6  postgres
08:40:04 PM 100998    636634    0.00    0.00    0.00    0.00    0.00     6  postgres
08:40:04 PM 100998    636635    0.00    0.00    0.00    0.00    0.00     6  postgres
08:40:04 PM 100998    636636    0.00    0.00    0.00    0.00    0.00     6  postgres
08:40:04 PM 100998    636638    0.00    0.00    0.00    0.00    0.00     6  postgres
08:40:04 PM 100998    636639    0.00    0.00    0.00    0.00    0.00     6  postgres
08:40:04 PM 100998    636640    0.00    0.00    0.00    0.00    0.00     6  postgres
08:40:04 PM 100998    636642    0.00    0.00    0.00    0.00    0.00     6  postgres
08:40:04 PM 100998    636644    0.00    0.00    0.00    0.00    0.00     6  postgres
08:40:04 PM 100998    636646    0.00    0.00    0.00    0.00    0.00     6  postgres
08:40:04 PM 100998    636648    0.00    0.00    0.00    0.00    0.00     6  postgres
08:40:04 PM 100998    636653    0.00    0.00    0.00    0.00    0.00     6  postgres

08:40:04 PM   UID       PID    %usr %system  %guest   %wait    %CPU   CPU  Command
08:40:05 PM 100998    636535    0.00    0.00    0.00    0.00    0.00     6  postgres
08:40:05 PM 100998    636536    0.00    0.00    0.00    0.00    0.00     5  postgres
08:40:05 PM 100998    636538    0.00    0.00    0.00    0.00    0.00     6  postgres
08:40:05 PM 100998    636539    0.00    0.00    0.00    0.00    0.00     5  postgres
08:40:05 PM 100998    636605    0.00    0.00    0.00    0.00    0.00     6  postgres
08:40:05 PM 100998    636613    0.00    0.00    0.00    0.00    0.00     5  postgres
08:40:05 PM 100998    636615    0.00    0.00    0.00    0.00    0.00     6  postgres
08:40:05 PM 100998    636616    0.00    0.00    0.00    0.00    0.00     5  postgres
08:40:05 PM 100998    636617    0.00    0.00    0.00    0.00    0.00     5  postgres
08:40:05 PM 100998    636630    0.00    0.00    0.00    0.00    0.00     6  postgres
08:40:05 PM 100998    636631    0.00    0.00    0.00    0.00    0.00     6  postgres
08:40:05 PM 100998    636632    0.00    0.00    0.00    0.00    0.00     6  postgres
08:40:05 PM 100998    636633    0.00    0.00    0.00    0.00    0.00     6  postgres
08:40:05 PM 100998    636634    0.00    0.00    0.00    0.00    0.00     6  postgres
08:40:05 PM 100998    636635    0.00    0.00    0.00    0.00    0.00     6  postgres
08:40:05 PM 100998    636636    0.00    0.00    0.00    0.00    0.00     6  postgres
08:40:05 PM 100998    636638    0.00    0.00    0.00    0.00    0.00     6  postgres
08:40:05 PM 100998    636639    0.00    0.00    0.00    0.00    0.00     6  postgres
08:40:05 PM 100998    636640    0.00    0.00    0.00    0.00    0.00     6  postgres
08:40:05 PM 100998    636642    0.00    0.00    0.00    0.00    0.00     6  postgres
08:40:05 PM 100998    636644    0.00    0.00    0.00    0.00    0.00     6  postgres
08:40:05 PM 100998    636646    0.00    0.00    0.00    0.00    0.00     6  postgres
08:40:05 PM 100998    636648    0.00    0.00    0.00    0.00    0.00     6  postgres
08:40:05 PM 100998    636653    0.00    0.00    0.00    0.00    0.00     6  postgres

08:40:05 PM   UID       PID    %usr %system  %guest   %wait    %CPU   CPU  Command
08:40:06 PM 100998    636535    0.00    0.00    0.00    0.00    0.00     6  postgres
08:40:06 PM 100998    636536    0.00    0.00    0.00    0.00    0.00     5  postgres
08:40:06 PM 100998    636538    0.00    0.00    0.00    0.00    0.00     6  postgres
08:40:06 PM 100998    636539    0.00    0.00    0.00    0.00    0.00     5  postgres
08:40:06 PM 100998    636605    0.00    0.00    0.00    0.00    0.00     4  postgres
08:40:06 PM 100998    636613    0.00    0.00    0.00    0.00    0.00     4  postgres
08:40:06 PM 100998    636615    0.00    0.00    0.00    0.00    0.00     6  postgres
08:40:06 PM 100998    636616    0.00    0.00    0.00    0.00    0.00     6  postgres
08:40:06 PM 100998    636617    0.00    0.00    0.00    0.00    0.00     6  postgres
08:40:06 PM 100998    636630    0.00    0.00    0.00    0.00    0.00     4  postgres
08:40:06 PM 100998    636631    0.00    0.00    0.00    0.00    0.00     4  postgres
08:40:06 PM 100998    636632    0.00    0.00    0.00    0.00    0.00     4  postgres
08:40:06 PM 100998    636633    0.00    0.00    0.00    0.00    0.00     6  postgres
08:40:06 PM 100998    636634    0.00    0.00    0.00    0.00    0.00     5  postgres
08:40:06 PM 100998    636635    0.00    0.00    0.00    0.00    0.00     5  postgres
08:40:06 PM 100998    636636    0.00    0.00    0.00    0.00    0.00     4  postgres
08:40:06 PM 100998    636638    0.00    0.00    0.00    0.00    0.00     6  postgres
08:40:06 PM 100998    636639    0.00    0.00    0.00    0.00    0.00     5  postgres
08:40:06 PM 100998    636640    0.00    0.00    0.00    0.00    0.00     6  postgres
08:40:06 PM 100998    636642    0.00    0.00    0.00    0.00    0.00     6  postgres
08:40:06 PM 100998    636644    0.00    0.00    0.00    0.00    0.00     6  postgres
08:40:06 PM 100998    636646    0.00    0.00    0.00    0.00    0.00     6  postgres
08:40:06 PM 100998    636648    0.00    0.00    0.00    0.00    0.00     4  postgres
08:40:06 PM 100998    636653    0.00    0.00    0.00    0.00    0.00     4  postgres

08:40:06 PM   UID       PID    %usr %system  %guest   %wait    %CPU   CPU  Command
08:40:07 PM 100998    636535    0.00    0.00    0.00    0.00    0.00     6  postgres
08:40:07 PM 100998    636536    0.00    0.00    0.00    0.00    0.00     5  postgres
08:40:07 PM 100998    636538    0.00    0.00    0.00    0.00    0.00     6  postgres
08:40:07 PM 100998    636539    0.00    0.00    0.00    0.00    0.00     5  postgres
08:40:07 PM 100998    636605    1.00    1.00    0.00    0.00    2.00     4  postgres
08:40:07 PM 100998    636613    1.00    1.00    0.00    0.00    2.00     6  postgres
08:40:07 PM 100998    636615    1.00    1.00    0.00    0.00    2.00     6  postgres
08:40:07 PM 100998    636616    1.00    1.00    0.00    0.00    2.00     4  postgres
08:40:07 PM 100998    636617    1.00    1.00    0.00    0.00    2.00     4  postgres
08:40:07 PM 100998    636630    1.00    0.00    0.00    0.00    1.00     4  postgres
08:40:07 PM 100998    636631    1.00    0.00    0.00    0.00    1.00     6  postgres
08:40:07 PM 100998    636632    1.00    1.00    0.00    0.00    2.00     6  postgres
08:40:07 PM 100998    636633    1.00    1.00    0.00    0.00    2.00     4  postgres
08:40:07 PM 100998    636634    1.00    1.00    0.00    0.00    2.00     5  postgres
08:40:07 PM 100998    636635    1.00    0.00    0.00    0.00    1.00     5  postgres
08:40:07 PM 100998    636636    1.00    0.00    0.00    0.00    1.00     6  postgres
08:40:07 PM 100998    636638    1.00    1.00    0.00    0.00    2.00     4  postgres
08:40:07 PM 100998    636639    1.00    1.00    0.00    0.00    2.00     5  postgres
08:40:07 PM 100998    636640    0.00    1.00    0.00    0.00    1.00     6  postgres
08:40:07 PM 100998    636642    1.00    0.00    0.00    0.00    1.00     4  postgres
08:40:07 PM 100998    636644    0.00    0.00    0.00    0.00    0.00     6  postgres
08:40:07 PM 100998    636646    1.00    0.00    0.00    0.00    1.00     4  postgres
08:40:07 PM 100998    636648    0.00    1.00    0.00    0.00    1.00     4  postgres
08:40:07 PM 100998    636653    0.00    0.00    0.00    0.00    0.00     6  postgres

08:40:07 PM   UID       PID    %usr %system  %guest   %wait    %CPU   CPU  Command
08:40:08 PM 100998    636535    0.00    0.00    0.00    0.00    0.00     6  postgres
08:40:08 PM 100998    636536    0.00    0.00    0.00    0.00    0.00     5  postgres
08:40:08 PM 100998    636538    0.00    0.00    0.00    0.00    0.00     6  postgres
08:40:08 PM 100998    636539    0.00    0.00    0.00    0.00    0.00     5  postgres
08:40:08 PM 100998    636605    1.00    1.00    0.00    0.00    2.00     6  postgres
08:40:08 PM 100998    636613    1.00    1.00    0.00    0.00    2.00     6  postgres
08:40:08 PM 100998    636615    1.00    0.00    0.00    0.00    1.00     6  postgres
08:40:08 PM 100998    636616    1.00    1.00    0.00    0.00    2.00     4  postgres
08:40:08 PM 100998    636617    1.00    0.00    0.00    0.00    1.00     6  postgres
08:40:08 PM 100998    636630    1.00    2.00    0.00    0.00    3.00     4  postgres
08:40:08 PM 100998    636631    1.00    1.00    0.00    0.00    2.00     4  postgres
08:40:08 PM 100998    636632    0.00    1.00    0.00    0.00    1.00     6  postgres
08:40:08 PM 100998    636633    1.00    0.00    0.00    0.00    1.00     4  postgres
08:40:08 PM 100998    636634    1.00    0.00    0.00    0.00    1.00     4  postgres
08:40:08 PM 100998    636635    1.00    1.00    0.00    0.00    2.00     5  postgres
08:40:08 PM 100998    636636    1.00    1.00    0.00    0.00    2.00     6  postgres
08:40:08 PM 100998    636638    0.00    0.00    0.00    0.00    0.00     6  postgres
08:40:08 PM 100998    636639    1.00    0.00    0.00    0.00    1.00     5  postgres
08:40:08 PM 100998    636640    1.00    0.00    0.00    0.00    1.00     4  postgres
08:40:08 PM 100998    636642    0.00    2.00    0.00    0.00    2.00     6  postgres
08:40:08 PM 100998    636644    1.00    1.00    0.00    0.00    2.00     6  postgres
08:40:08 PM 100998    636646    0.00    1.00    0.00    0.00    1.00     6  postgres
08:40:08 PM 100998    636648    1.00    0.00    0.00    0.00    1.00     4  postgres
08:40:08 PM 100998    636653    1.00    1.00    0.00    0.00    2.00     4  postgres

08:40:08 PM   UID       PID    %usr %system  %guest   %wait    %CPU   CPU  Command
08:40:09 PM 100998    636535    0.00    0.00    0.00    0.00    0.00     6  postgres
08:40:09 PM 100998    636536    0.00    0.00    0.00    0.00    0.00     5  postgres
08:40:09 PM 100998    636538    0.00    0.00    0.00    0.00    0.00     6  postgres
08:40:09 PM 100998    636539    0.00    0.00    0.00    0.00    0.00     5  postgres
08:40:09 PM 100998    636605    1.00    2.00    0.00    0.00    3.00     4  postgres
08:40:09 PM 100998    636613    0.00    1.00    0.00    0.00    1.00     6  postgres
08:40:09 PM 100998    636615    1.00    1.00    0.00    0.00    2.00     4  postgres
08:40:09 PM 100998    636616    0.00    1.00    0.00    0.00    1.00     6  postgres
08:40:09 PM 100998    636617    1.00    1.00    0.00    0.00    2.00     4  postgres
08:40:09 PM 100998    636630    0.00    1.00    0.00    0.00    1.00     6  postgres
08:40:09 PM 100998    636631    1.00    1.00    0.00    0.00    2.00     4  postgres
08:40:09 PM 100998    636632    1.00    1.00    0.00    0.00    2.00     5  postgres
08:40:09 PM 100998    636633    0.00    1.00    0.00    0.00    1.00     6  postgres
08:40:09 PM 100998    636634    0.00    1.00    0.00    0.00    1.00     4  postgres
08:40:09 PM 100998    636635    1.00    1.00    0.00    0.00    2.00     5  postgres
08:40:09 PM 100998    636636    1.00    1.00    0.00    0.00    2.00     4  postgres
08:40:09 PM 100998    636638    1.00    2.00    0.00    0.00    3.00     6  postgres
08:40:09 PM 100998    636639    1.00    1.00    0.00    0.00    2.00     5  postgres
08:40:09 PM 100998    636640    1.00    1.00    0.00    0.00    2.00     6  postgres
08:40:09 PM 100998    636642    1.00    0.00    0.00    0.00    1.00     4  postgres
08:40:09 PM 100998    636644    1.00    2.00    0.00    0.00    3.00     4  postgres
08:40:09 PM 100998    636646    1.00    1.00    0.00    0.00    2.00     4  postgres
08:40:09 PM 100998    636648    1.00    2.00    0.00    0.00    3.00     6  postgres
08:40:09 PM 100998    636653    1.00    1.00    0.00    0.00    2.00     6  postgres

08:40:09 PM   UID       PID    %usr %system  %guest   %wait    %CPU   CPU  Command
08:40:10 PM 100998    636535    0.00    0.00    0.00    0.00    0.00     6  postgres
08:40:10 PM 100998    636536    0.00    0.00    0.00    0.00    0.00     5  postgres
08:40:10 PM 100998    636538    0.00    0.00    0.00    0.00    0.00     6  postgres
08:40:10 PM 100998    636539    0.00    0.00    0.00    0.00    0.00     5  postgres
08:40:10 PM 100998    636605    1.00    1.00    0.00    0.00    2.00     6  postgres
08:40:10 PM 100998    636613    1.00    2.00    0.00    0.00    3.00     6  postgres
08:40:10 PM 100998    636615    1.00    1.00    0.00    0.00    2.00     6  postgres
08:40:10 PM 100998    636616    1.00    0.00    0.00    0.00    1.00     6  postgres
08:40:10 PM 100998    636617    1.00    1.00    0.00    0.00    2.00     6  postgres
08:40:10 PM 100998    636630    1.00    1.00    0.00    0.00    2.00     6  postgres
08:40:10 PM 100998    636631    1.00    1.00    0.00    0.00    2.00     6  postgres
08:40:10 PM 100998    636632    2.00    1.00    0.00    0.00    3.00     5  postgres
08:40:10 PM 100998    636633    1.00    1.00    0.00    0.00    2.00     4  postgres
08:40:10 PM 100998    636634    1.00    0.00    0.00    0.00    1.00     6  postgres
08:40:10 PM 100998    636635    1.00    1.00    0.00    0.00    2.00     5  postgres
08:40:10 PM 100998    636636    0.00    1.00    0.00    0.00    1.00     4  postgres
08:40:10 PM 100998    636638    1.00    0.00    0.00    0.00    1.00     5  postgres
08:40:10 PM 100998    636639    1.00    0.00    0.00    0.00    1.00     5  postgres
08:40:10 PM 100998    636640    0.00    1.00    0.00    0.00    1.00     4  postgres
08:40:10 PM 100998    636642    1.00    1.00    0.00    0.00    2.00     4  postgres
08:40:10 PM 100998    636644    1.00    0.00    0.00    0.00    1.00     4  postgres
08:40:10 PM 100998    636646    1.00    0.00    0.00    0.00    1.00     4  postgres
08:40:10 PM 100998    636648    0.00    1.00    0.00    0.00    1.00     6  postgres
08:40:10 PM 100998    636653    0.00    0.00    0.00    0.00    0.00     6  postgres

08:40:10 PM   UID       PID    %usr %system  %guest   %wait    %CPU   CPU  Command
08:40:11 PM 100998    636535    0.00    0.00    0.00    0.00    0.00     6  postgres
08:40:11 PM 100998    636536    0.00    0.00    0.00    0.00    0.00     5  postgres
08:40:11 PM 100998    636538    0.00    0.00    0.00    0.00    0.00     6  postgres
08:40:11 PM 100998    636539    0.00    0.00    0.00    0.00    0.00     5  postgres
08:40:11 PM 100998    636605    2.00    1.00    0.00    0.00    3.00     4  postgres
08:40:11 PM 100998    636613    1.00    0.00    0.00    0.00    1.00     6  postgres
08:40:11 PM 100998    636615    1.00    0.00    0.00    0.00    1.00     4  postgres
08:40:11 PM 100998    636616    0.00    2.00    0.00    0.00    2.00     6  postgres
08:40:11 PM 100998    636617    1.00    1.00    0.00    1.00    2.00     4  postgres
08:40:11 PM 100998    636630    1.00    1.00    0.00    0.00    2.00     6  postgres
08:40:11 PM 100998    636631    0.00    1.00    0.00    0.00    1.00     6  postgres
08:40:11 PM 100998    636632    1.00    1.00    0.00    0.00    2.00     4  postgres
08:40:11 PM 100998    636633    0.00    1.00    0.00    0.00    1.00     4  postgres
08:40:11 PM 100998    636634    1.00    1.00    0.00    0.00    2.00     4  postgres
08:40:11 PM 100998    636635    1.00    1.00    0.00    0.00    2.00     5  postgres
08:40:11 PM 100998    636636    1.00    1.00    0.00    0.00    2.00     6  postgres
08:40:11 PM 100998    636638    0.00    1.00    0.00    0.00    1.00     6  postgres
08:40:11 PM 100998    636639    1.00    1.00    0.00    0.00    2.00     5  postgres
08:40:11 PM 100998    636640    1.00    0.00    0.00    0.00    1.00     4  postgres
08:40:11 PM 100998    636642    1.00    1.00    0.00    0.00    2.00     6  postgres
08:40:11 PM 100998    636644    1.00    1.00    0.00    0.00    2.00     4  postgres
08:40:11 PM 100998    636646    1.00    1.00    0.00    0.00    2.00     4  postgres
08:40:11 PM 100998    636648    1.00    1.00    0.00    0.00    2.00     4  postgres
08:40:11 PM 100998    636653    0.00    1.00    0.00    0.00    1.00     6  postgres

08:40:11 PM   UID       PID    %usr %system  %guest   %wait    %CPU   CPU  Command
08:40:12 PM 100998    636535    0.00    0.00    0.00    0.00    0.00     6  postgres
08:40:12 PM 100998    636536    0.00    0.00    0.00    0.00    0.00     5  postgres
08:40:12 PM 100998    636538    0.00    0.00    0.00    0.00    0.00     6  postgres
08:40:12 PM 100998    636539    0.00    0.00    0.00    0.00    0.00     5  postgres
08:40:12 PM 100998    636605    1.00    1.00    0.00    0.00    2.00     4  postgres
08:40:12 PM 100998    636613    1.00    0.00    0.00    0.00    1.00     4  postgres
08:40:12 PM 100998    636615    1.00    1.00    0.00    0.00    2.00     6  postgres
08:40:12 PM 100998    636616    1.00    0.00    0.00    0.00    1.00     4  postgres
08:40:12 PM 100998    636617    1.00    1.00    0.00    0.00    2.00     4  postgres
08:40:12 PM 100998    636630    1.00    1.00    0.00    0.00    2.00     6  postgres
08:40:12 PM 100998    636631    1.00    1.00    0.00    0.00    2.00     6  postgres
08:40:12 PM 100998    636632    1.00    0.00    0.00    0.00    1.00     6  postgres
08:40:12 PM 100998    636633    1.00    0.00    0.00    0.00    1.00     6  postgres
08:40:12 PM 100998    636634    1.00    1.00    0.00    0.00    2.00     4  postgres
08:40:12 PM 100998    636635    1.00    0.00    0.00    0.00    1.00     5  postgres
08:40:12 PM 100998    636636    1.00    1.00    0.00    0.00    2.00     6  postgres
08:40:12 PM 100998    636638    1.00    0.00    0.00    0.00    1.00     6  postgres
08:40:12 PM 100998    636639    1.00    1.00    0.00    0.00    2.00     5  postgres
08:40:12 PM 100998    636640    1.00    1.00    0.00    0.00    2.00     4  postgres
08:40:12 PM 100998    636642    0.00    1.00    0.00    0.00    1.00     4  postgres
08:40:12 PM 100998    636644    0.00    1.00    0.00    0.00    1.00     4  postgres
08:40:12 PM 100998    636646    1.00    1.00    0.00    0.00    2.00     4  postgres
08:40:12 PM 100998    636648    1.00    1.00    0.00    0.00    2.00     4  postgres
08:40:12 PM 100998    636653    1.00    1.00    0.00    0.00    2.00     6  postgres

08:40:12 PM   UID       PID    %usr %system  %guest   %wait    %CPU   CPU  Command
08:40:13 PM 100998    636535    0.00    0.00    0.00    0.00    0.00     6  postgres
08:40:13 PM 100998    636536    0.00    0.00    0.00    0.00    0.00     5  postgres
08:40:13 PM 100998    636538    0.00    0.00    0.00    0.00    0.00     6  postgres
08:40:13 PM 100998    636539    0.00    0.00    0.00    0.00    0.00     5  postgres
08:40:13 PM 100998    636605    1.00    1.00    0.00    0.00    2.00     6  postgres
08:40:13 PM 100998    636613    0.00    1.00    0.00    0.00    1.00     6  postgres
08:40:13 PM 100998    636615    1.00    1.00    0.00    0.00    2.00     4  postgres
08:40:13 PM 100998    636616    2.00    1.00    0.00    0.00    3.00     6  postgres
08:40:13 PM 100998    636617    0.00    1.00    0.00    0.00    1.00     6  postgres
08:40:13 PM 100998    636630    0.00    0.00    0.00    0.00    0.00     4  postgres
08:40:13 PM 100998    636631    2.00    1.00    0.00    0.00    3.00     4  postgres
08:40:13 PM 100998    636632    1.00    1.00    0.00    1.00    2.00     6  postgres
08:40:13 PM 100998    636633    1.00    1.00    0.00    0.00    2.00     4  postgres
08:40:13 PM 100998    636634    1.00    1.00    0.00    0.00    2.00     4  postgres
08:40:13 PM 100998    636635    1.00    1.00    0.00    0.00    2.00     5  postgres
08:40:13 PM 100998    636636    1.00    0.00    0.00    0.00    1.00     6  postgres
08:40:13 PM 100998    636638    1.00    1.00    0.00    0.00    2.00     6  postgres
08:40:13 PM 100998    636639    2.00    1.00    0.00    0.00    3.00     4  postgres
08:40:13 PM 100998    636640    1.00    1.00    0.00    0.00    2.00     6  postgres
08:40:13 PM 100998    636642    0.00    1.00    0.00    0.00    1.00     4  postgres
08:40:13 PM 100998    636644    1.00    0.00    0.00    0.00    1.00     4  postgres
08:40:13 PM 100998    636646    1.00    0.00    0.00    0.00    1.00     6  postgres
08:40:13 PM 100998    636648    1.00    1.00    0.00    0.00    2.00     4  postgres
08:40:13 PM 100998    636653    1.00    1.00    0.00    1.00    2.00     4  postgres

08:40:13 PM   UID       PID    %usr %system  %guest   %wait    %CPU   CPU  Command
08:40:14 PM 100998    636535    0.00    0.00    0.00    0.00    0.00     6  postgres
08:40:14 PM 100998    636536    0.00    0.00    0.00    0.00    0.00     5  postgres
08:40:14 PM 100998    636538    0.00    0.00    0.00    0.00    0.00     6  postgres
08:40:14 PM 100998    636539    0.00    0.00    0.00    0.00    0.00     5  postgres
08:40:14 PM 100998    636605    0.00    1.00    0.00    0.00    1.00     5  postgres
08:40:14 PM 100998    636613    1.00    1.00    0.00    0.00    2.00     4  postgres
08:40:14 PM 100998    636615    1.00    1.00    0.00    0.00    2.00     6  postgres
08:40:14 PM 100998    636616    1.00    1.00    0.00    0.00    2.00     4  postgres
08:40:14 PM 100998    636617    1.00    1.00    0.00    0.00    2.00     4  postgres
08:40:14 PM 100998    636630    2.00    1.00    0.00    0.00    3.00     4  postgres
08:40:14 PM 100998    636631    0.00    1.00    0.00    0.00    1.00     6  postgres
08:40:14 PM 100998    636632    0.00    1.00    0.00    0.00    1.00     4  postgres
08:40:14 PM 100998    636633    1.00    1.00    0.00    0.00    2.00     4  postgres
08:40:14 PM 100998    636634    0.00    0.00    0.00    0.00    0.00     6  postgres
08:40:14 PM 100998    636635    1.00    2.00    0.00    0.00    3.00     5  postgres
08:40:14 PM 100998    636636    1.00    1.00    0.00    0.00    2.00     4  postgres
08:40:14 PM 100998    636638    0.00    0.00    0.00    0.00    0.00     6  postgres
08:40:14 PM 100998    636639    1.00    0.00    0.00    0.00    1.00     4  postgres
08:40:14 PM 100998    636640    0.00    1.00    0.00    0.00    1.00     4  postgres
08:40:14 PM 100998    636642    1.00    0.00    0.00    0.00    1.00     6  postgres
08:40:14 PM 100998    636644    1.00    1.00    0.00    0.00    2.00     4  postgres
08:40:14 PM 100998    636646    0.00    2.00    0.00    0.00    2.00     6  postgres
08:40:14 PM 100998    636648    0.00    1.00    0.00    0.00    1.00     5  postgres
08:40:14 PM 100998    636653    0.00    0.00    0.00    0.00    0.00     6  postgres

08:40:14 PM   UID       PID    %usr %system  %guest   %wait    %CPU   CPU  Command
08:40:15 PM 100998    636535    0.00    0.00    0.00    0.00    0.00     6  postgres
08:40:15 PM 100998    636536    0.00    0.00    0.00    0.00    0.00     5  postgres
08:40:15 PM 100998    636538    0.00    0.00    0.00    0.00    0.00     6  postgres
08:40:15 PM 100998    636539    0.00    0.00    0.00    0.00    0.00     5  postgres
08:40:15 PM 100998    636605    1.00    1.00    0.00    0.00    2.00     5  postgres
08:40:15 PM 100998    636613    1.00    1.00    0.00    0.00    2.00     4  postgres
08:40:15 PM 100998    636615    1.00    0.00    0.00    0.00    1.00     6  postgres
08:40:15 PM 100998    636616    0.00    0.00    0.00    0.00    0.00     4  postgres
08:40:15 PM 100998    636617    1.00    0.00    0.00    0.00    1.00     4  postgres
08:40:15 PM 100998    636630    0.00    1.00    0.00    0.00    1.00     4  postgres
08:40:15 PM 100998    636631    1.00    1.00    0.00    0.00    2.00     6  postgres
08:40:15 PM 100998    636632    1.00    1.00    0.00    0.00    2.00     6  postgres
08:40:15 PM 100998    636633    1.00    2.00    0.00    0.00    3.00     4  postgres
08:40:15 PM 100998    636634    1.00    1.00    0.00    0.00    2.00     5  postgres
08:40:15 PM 100998    636635    1.00    1.00    0.00    0.00    2.00     6  postgres
08:40:15 PM 100998    636636    1.00    1.00    0.00    0.00    2.00     6  postgres
08:40:15 PM 100998    636638    1.00    1.00    0.00    0.00    2.00     4  postgres
08:40:15 PM 100998    636639    0.00    1.00    0.00    0.00    1.00     6  postgres
08:40:15 PM 100998    636640    1.00    1.00    0.00    0.00    2.00     6  postgres
08:40:15 PM 100998    636642    1.00    0.00    0.00    0.00    1.00     6  postgres
08:40:15 PM 100998    636644    0.00    1.00    0.00    0.00    1.00     6  postgres
08:40:15 PM 100998    636646    1.00    0.00    0.00    0.00    1.00     4  postgres
08:40:15 PM 100998    636648    1.00    0.00    0.00    0.00    1.00     5  postgres
08:40:15 PM 100998    636653    1.00    1.00    0.00    0.00    2.00     4  postgres

08:40:15 PM   UID       PID    %usr %system  %guest   %wait    %CPU   CPU  Command
08:40:16 PM 100998    636535    0.00    0.00    0.00    0.00    0.00     6  postgres
08:40:16 PM 100998    636536    0.00    0.00    0.00    0.00    0.00     5  postgres
08:40:16 PM 100998    636538    0.00    0.00    0.00    0.00    0.00     6  postgres
08:40:16 PM 100998    636539    0.00    0.00    0.00    0.00    0.00     5  postgres
08:40:16 PM 100998    636605    2.00    1.00    0.00    0.00    3.00     5  postgres
08:40:16 PM 100998    636613    2.00    1.00    0.00    0.00    3.00     4  postgres
08:40:16 PM 100998    636615    1.00    1.00    0.00    0.00    2.00     6  postgres
08:40:16 PM 100998    636616    1.00    1.00    0.00    0.00    2.00     4  postgres
08:40:16 PM 100998    636617    1.00    2.00    0.00    0.00    3.00     6  postgres
08:40:16 PM 100998    636630    1.00    1.00    0.00    0.00    2.00     4  postgres
08:40:16 PM 100998    636631    1.00    1.00    0.00    0.00    2.00     4  postgres
08:40:16 PM 100998    636632    1.00    1.00    0.00    0.00    2.00     4  postgres
08:40:16 PM 100998    636633    0.00    1.00    0.00    0.00    1.00     4  postgres
08:40:16 PM 100998    636634    1.00    1.00    0.00    0.00    2.00     6  postgres
08:40:16 PM 100998    636635    1.00    1.00    0.00    0.00    2.00     5  postgres
08:40:16 PM 100998    636636    0.00    0.00    0.00    0.00    0.00     6  postgres
08:40:16 PM 100998    636638    1.00    1.00    0.00    0.00    2.00     6  postgres
08:40:16 PM 100998    636639    0.00    0.00    0.00    0.00    0.00     4  postgres
08:40:16 PM 100998    636640    1.00    1.00    0.00    0.00    2.00     5  postgres
08:40:16 PM 100998    636642    0.00    1.00    0.00    0.00    1.00     4  postgres
08:40:16 PM 100998    636644    1.00    1.00    0.00    0.00    2.00     6  postgres
08:40:16 PM 100998    636646    0.00    1.00    0.00    0.00    1.00     4  postgres
08:40:16 PM 100998    636648    1.00    1.00    0.00    0.00    2.00     5  postgres
08:40:16 PM 100998    636653    1.00    1.00    0.00    0.00    2.00     6  postgres

08:40:16 PM   UID       PID    %usr %system  %guest   %wait    %CPU   CPU  Command
08:40:17 PM 100998    636535    0.00    0.00    0.00    0.00    0.00     6  postgres
08:40:17 PM 100998    636536    0.00    0.00    0.00    0.00    0.00     5  postgres
08:40:17 PM 100998    636538    0.00    0.00    0.00    0.00    0.00     6  postgres
08:40:17 PM 100998    636539    0.00    0.00    0.00    0.00    0.00     5  postgres
08:40:17 PM 100998    636605    1.00    2.00    0.00    1.00    3.00     5  postgres
08:40:17 PM 100998    636613    0.00    1.00    0.00    0.00    1.00     4  postgres
08:40:17 PM 100998    636615    1.00    0.00    0.00    0.00    1.00     4  postgres
08:40:17 PM 100998    636616    0.00    0.00    0.00    0.00    0.00     4  postgres
08:40:17 PM 100998    636617    1.00    0.00    0.00    0.00    1.00     6  postgres
08:40:17 PM 100998    636630    0.00    1.00    0.00    0.00    1.00     6  postgres
08:40:17 PM 100998    636631    0.00    1.00    0.00    0.00    1.00     6  postgres
08:40:17 PM 100998    636632    1.00    1.00    0.00    0.00    2.00     4  postgres
08:40:17 PM 100998    636633    1.00    1.00    0.00    0.00    2.00     4  postgres
08:40:17 PM 100998    636634    1.00    1.00    0.00    0.00    2.00     6  postgres
08:40:17 PM 100998    636635    1.00    0.00    0.00    0.00    1.00     6  postgres
08:40:17 PM 100998    636636    1.00    1.00    0.00    0.00    2.00     4  postgres
08:40:17 PM 100998    636638    1.00    0.00    0.00    0.00    1.00     6  postgres
08:40:17 PM 100998    636639    1.00    1.00    0.00    0.00    2.00     6  postgres
08:40:17 PM 100998    636640    1.00    1.00    0.00    0.00    2.00     5  postgres
08:40:17 PM 100998    636642    0.00    0.00    0.00    0.00    0.00     6  postgres
08:40:17 PM 100998    636644    1.00    0.00    0.00    0.00    1.00     4  postgres
08:40:17 PM 100998    636646    1.00    1.00    0.00    0.00    2.00     4  postgres
08:40:17 PM 100998    636648    1.00    0.00    0.00    0.00    1.00     5  postgres
08:40:17 PM 100998    636653    1.00    1.00    0.00    0.00    2.00     4  postgres

08:40:17 PM   UID       PID    %usr %system  %guest   %wait    %CPU   CPU  Command
08:40:18 PM 100998    636535    0.00    0.00    0.00    0.00    0.00     6  postgres
08:40:18 PM 100998    636536    0.00    0.00    0.00    0.00    0.00     5  postgres
08:40:18 PM 100998    636538    0.00    0.00    0.00    0.00    0.00     6  postgres
08:40:18 PM 100998    636539    0.00    0.00    0.00    0.00    0.00     5  postgres
08:40:18 PM 100998    636605    1.00    1.00    0.00    0.00    2.00     5  postgres
08:40:18 PM 100998    636613    1.00    1.00    0.00    0.00    2.00     4  postgres
08:40:18 PM 100998    636615    0.00    2.00    0.00    0.00    2.00     6  postgres
08:40:18 PM 100998    636616    1.00    1.00    0.00    0.00    2.00     4  postgres
08:40:18 PM 100998    636617    1.00    1.00    0.00    0.00    2.00     4  postgres
08:40:18 PM 100998    636630    1.00    0.00    0.00    0.00    1.00     6  postgres
08:40:18 PM 100998    636631    1.00    1.00    0.00    0.00    2.00     4  postgres
08:40:18 PM 100998    636632    0.00    1.00    0.00    0.00    1.00     4  postgres
08:40:18 PM 100998    636633    0.00    1.00    0.00    0.00    1.00     4  postgres
08:40:18 PM 100998    636634    1.00    1.00    0.00    0.00    2.00     4  postgres
08:40:18 PM 100998    636635    0.00    1.00    0.00    0.00    1.00     4  postgres
08:40:18 PM 100998    636636    1.00    1.00    0.00    0.00    2.00     6  postgres
08:40:18 PM 100998    636638    1.00    1.00    0.00    0.00    2.00     6  postgres
08:40:18 PM 100998    636639    1.00    1.00    0.00    0.00    2.00     4  postgres
08:40:18 PM 100998    636640    0.00    0.00    0.00    0.00    0.00     5  postgres
08:40:18 PM 100998    636642    2.00    1.00    0.00    0.00    3.00     6  postgres
08:40:18 PM 100998    636644    0.00    1.00    0.00    0.00    1.00     6  postgres
08:40:18 PM 100998    636646    1.00    1.00    0.00    0.00    2.00     5  postgres
08:40:18 PM 100998    636648    1.00    2.00    0.00    0.00    3.00     6  postgres
08:40:18 PM 100998    636653    1.00    1.00    0.00    0.00    2.00     6  postgres

08:40:18 PM   UID       PID    %usr %system  %guest   %wait    %CPU   CPU  Command
08:40:19 PM 100998    636535    0.00    0.00    0.00    0.00    0.00     6  postgres
08:40:19 PM 100998    636536    0.00    0.00    0.00    0.00    0.00     5  postgres
08:40:19 PM 100998    636538    0.00    0.00    0.00    0.00    0.00     6  postgres
08:40:19 PM 100998    636539    0.00    0.00    0.00    0.00    0.00     5  postgres
08:40:19 PM 100998    636605    1.00    0.00    0.00    0.00    1.00     4  postgres
08:40:19 PM 100998    636613    1.00    0.00    0.00    0.00    1.00     4  postgres
08:40:19 PM 100998    636615    1.00    1.00    0.00    1.00    2.00     6  postgres
08:40:19 PM 100998    636616    0.00    0.00    0.00    0.00    0.00     4  postgres
08:40:19 PM 100998    636617    0.00    1.00    0.00    0.00    1.00     4  postgres
08:40:19 PM 100998    636630    2.00    1.00    0.00    1.00    3.00     4  postgres
08:40:19 PM 100998    636631    1.00    1.00    0.00    1.00    2.00     6  postgres
08:40:19 PM 100998    636632    1.00    1.00    0.00    0.00    2.00     6  postgres
08:40:19 PM 100998    636633    1.00    1.00    0.00    0.00    2.00     6  postgres
08:40:19 PM 100998    636634    1.00    1.00    0.00    0.00    2.00     4  postgres
08:40:19 PM 100998    636635    1.00    1.00    0.00    0.00    2.00     6  postgres
08:40:19 PM 100998    636636    1.00    1.00    0.00    0.00    2.00     6  postgres
08:40:19 PM 100998    636638    1.00    1.00    0.00    0.00    2.00     4  postgres
08:40:19 PM 100998    636639    1.00    1.00    0.00    0.00    2.00     4  postgres
08:40:19 PM 100998    636640    2.00    2.00    0.00    0.00    4.00     5  postgres
08:40:19 PM 100998    636642    0.00    1.00    0.00    0.00    1.00     4  postgres
08:40:19 PM 100998    636644    0.00    1.00    0.00    0.00    1.00     4  postgres
08:40:19 PM 100998    636646    1.00    1.00    0.00    0.00    2.00     5  postgres
08:40:19 PM 100998    636648    0.00    0.00    0.00    0.00    0.00     4  postgres
08:40:19 PM 100998    636653    0.00    1.00    0.00    0.00    1.00     4  postgres

08:40:19 PM   UID       PID    %usr %system  %guest   %wait    %CPU   CPU  Command
08:40:20 PM 100998    636535    0.00    0.00    0.00    0.00    0.00     6  postgres
08:40:20 PM 100998    636536    0.00    0.00    0.00    0.00    0.00     5  postgres
08:40:20 PM 100998    636538    0.00    0.00    0.00    0.00    0.00     6  postgres
08:40:20 PM 100998    636539    0.00    0.00    0.00    0.00    0.00     5  postgres
08:40:20 PM 100998    636605    1.00    2.00    0.00    0.00    3.00     6  postgres
08:40:20 PM 100998    636613    1.00    1.00    0.00    0.00    2.00     6  postgres
08:40:20 PM 100998    636615    1.00    1.00    0.00    0.00    2.00     6  postgres
08:40:20 PM 100998    636616    1.00    1.00    0.00    0.00    2.00     4  postgres
08:40:20 PM 100998    636617    1.00    0.00    0.00    0.00    1.00     6  postgres
08:40:20 PM 100998    636630    1.00    1.00    0.00    0.00    2.00     6  postgres
08:40:20 PM 100998    636631    1.00    2.00    0.00    0.00    3.00     6  postgres
08:40:20 PM 100998    636632    0.00    1.00    0.00    0.00    1.00     6  postgres
08:40:20 PM 100998    636633    1.00    1.00    0.00    0.00    2.00     6  postgres
08:40:20 PM 100998    636634    1.00    1.00    0.00    0.00    2.00     4  postgres
08:40:20 PM 100998    636635    1.00    0.00    0.00    1.00    1.00     4  postgres
08:40:20 PM 100998    636636    1.00    1.00    0.00    0.00    2.00     4  postgres
08:40:20 PM 100998    636638    0.00    0.00    0.00    0.00    0.00     4  postgres
08:40:20 PM 100998    636639    0.00    1.00    0.00    0.00    1.00     4  postgres
08:40:20 PM 100998    636640    1.00    1.00    0.00    0.00    2.00     5  postgres
08:40:20 PM 100998    636642    1.00    1.00    0.00    0.00    2.00     4  postgres
08:40:20 PM 100998    636644    2.00    1.00    0.00    0.00    3.00     6  postgres
08:40:20 PM 100998    636646    1.00    1.00    0.00    0.00    2.00     5  postgres
08:40:20 PM 100998    636648    1.00    1.00    0.00    0.00    2.00     4  postgres
08:40:20 PM 100998    636653    1.00    0.00    0.00    0.00    1.00     4  postgres

08:40:20 PM   UID       PID    %usr %system  %guest   %wait    %CPU   CPU  Command
08:40:21 PM 100998    636535    0.00    0.00    0.00    0.00    0.00     6  postgres
08:40:21 PM 100998    636536    0.00    0.00    0.00    0.00    0.00     5  postgres
08:40:21 PM 100998    636538    0.00    0.00    0.00    0.00    0.00     6  postgres
08:40:21 PM 100998    636539    0.00    0.00    0.00    0.00    0.00     5  postgres
08:40:21 PM 100998    636605    1.00    0.00    0.00    0.00    1.00     4  postgres
08:40:21 PM 100998    636613    1.00    0.00    0.00    0.00    1.00     6  postgres
08:40:21 PM 100998    636615    1.00    0.00    0.00    0.00    1.00     4  postgres
08:40:21 PM 100998    636616    1.00    1.00    0.00    0.00    2.00     6  postgres
08:40:21 PM 100998    636617    1.00    1.00    0.00    0.00    2.00     4  postgres
08:40:21 PM 100998    636630    1.00    1.00    0.00    0.00    2.00     6  postgres
08:40:21 PM 100998    636631    0.00    1.00    0.00    0.00    1.00     4  postgres
08:40:21 PM 100998    636632    1.00    1.00    0.00    0.00    2.00     6  postgres
08:40:21 PM 100998    636633    1.00    0.00    0.00    0.00    1.00     6  postgres
08:40:21 PM 100998    636634    0.00    0.00    0.00    0.00    0.00     4  postgres
08:40:21 PM 100998    636635    1.00    1.00    0.00    0.00    2.00     5  postgres
08:40:21 PM 100998    636636    1.00    0.00    0.00    0.00    1.00     6  postgres
08:40:21 PM 100998    636638    0.00    1.00    0.00    0.00    1.00     4  postgres
08:40:21 PM 100998    636639    1.00    1.00    0.00    0.00    2.00     6  postgres
08:40:21 PM 100998    636640    1.00    1.00    0.00    0.00    2.00     5  postgres
08:40:21 PM 100998    636642    1.00    0.00    0.00    0.00    1.00     6  postgres
08:40:21 PM 100998    636644    1.00    0.00    0.00    0.00    1.00     4  postgres
08:40:21 PM 100998    636646    1.00    1.00    0.00    0.00    2.00     5  postgres
08:40:21 PM 100998    636648    1.00    1.00    0.00    1.00    2.00     5  postgres
08:40:21 PM 100998    636653    2.00    1.00    0.00    0.00    3.00     5  postgres

08:40:21 PM   UID       PID    %usr %system  %guest   %wait    %CPU   CPU  Command
08:40:22 PM 100998    636535    0.00    0.00    0.00    0.00    0.00     6  postgres
08:40:22 PM 100998    636536    0.00    0.00    0.00    0.00    0.00     5  postgres
08:40:22 PM 100998    636538    0.00    0.00    0.00    0.00    0.00     6  postgres
08:40:22 PM 100998    636539    0.00    0.00    0.00    0.00    0.00     5  postgres
08:40:22 PM 100998    636605    1.00    2.00    0.00    0.00    3.00     6  postgres
08:40:22 PM 100998    636613    1.00    1.00    0.00    0.00    2.00     6  postgres
08:40:22 PM 100998    636615    1.00    1.00    0.00    0.00    2.00     4  postgres
08:40:22 PM 100998    636616    0.00    1.00    0.00    0.00    1.00     4  postgres
08:40:22 PM 100998    636617    0.00    1.00    0.00    0.00    1.00     6  postgres
08:40:22 PM 100998    636630    1.00    1.00    0.00    0.00    2.00     4  postgres
08:40:22 PM 100998    636631    1.00    0.00    0.00    0.00    1.00     4  postgres
08:40:22 PM 100998    636632    1.00    0.00    0.00    0.00    1.00     6  postgres
08:40:22 PM 100998    636633    1.00    1.00    0.00    0.00    2.00     4  postgres
08:40:22 PM 100998    636634    1.00    1.00    0.00    0.00    2.00     6  postgres
08:40:22 PM 100998    636635    2.00    1.00    0.00    0.00    3.00     5  postgres
08:40:22 PM 100998    636636    1.00    1.00    0.00    0.00    2.00     5  postgres
08:40:22 PM 100998    636638    1.00    1.00    0.00    0.00    2.00     4  postgres
08:40:22 PM 100998    636639    1.00    0.00    0.00    0.00    1.00     4  postgres
08:40:22 PM 100998    636640    0.00    1.00    0.00    0.00    1.00     4  postgres
08:40:22 PM 100998    636642    0.00    1.00    0.00    0.00    1.00     4  postgres
08:40:22 PM 100998    636644    1.00    1.00    0.00    0.00    2.00     4  postgres
08:40:22 PM 100998    636646    1.00    1.00    0.00    0.00    2.00     5  postgres
08:40:22 PM 100998    636648    1.00    1.00    0.00    0.00    2.00     4  postgres
08:40:22 PM 100998    636653    0.00    1.00    0.00    0.00    1.00     5  postgres

08:40:22 PM   UID       PID    %usr %system  %guest   %wait    %CPU   CPU  Command
08:40:23 PM 100998    636535    0.00    0.00    0.00    0.00    0.00     6  postgres
08:40:23 PM 100998    636536    0.00    0.00    0.00    0.00    0.00     5  postgres
08:40:23 PM 100998    636538    0.00    0.00    0.00    0.00    0.00     6  postgres
08:40:23 PM 100998    636539    0.00    0.00    0.00    0.00    0.00     5  postgres
08:40:23 PM 100998    636605    0.00    0.00    0.00    0.00    0.00     4  postgres
08:40:23 PM 100998    636613    0.00    1.00    0.00    0.00    1.00     4  postgres
08:40:23 PM 100998    636615    1.00    1.00    0.00    0.00    2.00     6  postgres
08:40:23 PM 100998    636616    1.00    1.00    0.00    0.00    2.00     4  postgres
08:40:23 PM 100998    636617    1.00    1.00    0.00    0.00    2.00     4  postgres
08:40:23 PM 100998    636630    0.00    0.00    0.00    0.00    0.00     6  postgres
08:40:23 PM 100998    636631    1.00    1.00    0.00    0.00    2.00     6  postgres
08:40:23 PM 100998    636632    1.00    1.00    0.00    0.00    2.00     4  postgres
08:40:23 PM 100998    636633    1.00    1.00    0.00    1.00    2.00     6  postgres
08:40:23 PM 100998    636634    1.00    0.00    0.00    0.00    1.00     6  postgres
08:40:23 PM 100998    636635    1.00    1.00    0.00    0.00    2.00     6  postgres
08:40:23 PM 100998    636636    1.00    1.00    0.00    0.00    2.00     4  postgres
08:40:23 PM 100998    636638    1.00    1.00    0.00    0.00    2.00     6  postgres
08:40:23 PM 100998    636639    1.00    1.00    0.00    0.00    2.00     6  postgres
08:40:23 PM 100998    636640    1.00    0.00    0.00    0.00    1.00     4  postgres
08:40:23 PM 100998    636642    1.00    1.00    0.00    0.00    2.00     6  postgres
08:40:23 PM 100998    636644    1.00    1.00    0.00    0.00    2.00     6  postgres
08:40:23 PM 100998    636646    1.00    1.00    0.00    1.00    2.00     5  postgres
08:40:23 PM 100998    636648    0.00    0.00    0.00    0.00    0.00     6  postgres
08:40:23 PM 100998    636653    1.00    0.00    0.00    0.00    1.00     5  postgres

08:40:23 PM   UID       PID    %usr %system  %guest   %wait    %CPU   CPU  Command
08:40:24 PM 100998    636535    0.00    0.00    0.00    0.00    0.00     6  postgres
08:40:24 PM 100998    636536    0.00    0.00    0.00    0.00    0.00     5  postgres
08:40:24 PM 100998    636538    0.00    0.00    0.00    0.00    0.00     6  postgres
08:40:24 PM 100998    636539    0.00    0.00    0.00    0.00    0.00     5  postgres
08:40:24 PM 100998    636605    1.00    2.00    0.00    0.00    3.00     4  postgres
08:40:24 PM 100998    636613    2.00    1.00    0.00    0.00    3.00     6  postgres
08:40:24 PM 100998    636615    1.00    1.00    0.00    0.00    2.00     4  postgres
08:40:24 PM 100998    636616    0.00    1.00    0.00    0.00    1.00     4  postgres
08:40:24 PM 100998    636617    2.00    1.00    0.00    0.00    3.00     6  postgres
08:40:24 PM 100998    636630    1.00    1.00    0.00    0.00    2.00     6  postgres
08:40:24 PM 100998    636631    1.00    1.00    0.00    0.00    2.00     4  postgres
08:40:24 PM 100998    636632    1.00    1.00    0.00    0.00    2.00     4  postgres
08:40:24 PM 100998    636633    0.00    1.00    0.00    0.00    1.00     6  postgres
08:40:24 PM 100998    636634    1.00    1.00    0.00    0.00    2.00     6  postgres
08:40:24 PM 100998    636635    0.00    1.00    0.00    0.00    1.00     4  postgres
08:40:24 PM 100998    636636    0.00    1.00    0.00    1.00    1.00     6  postgres
08:40:24 PM 100998    636638    1.00    0.00    0.00    0.00    1.00     6  postgres
08:40:24 PM 100998    636639    1.00    1.00    0.00    0.00    2.00     6  postgres
08:40:24 PM 100998    636640    1.00    1.00    0.00    1.00    2.00     6  postgres
08:40:24 PM 100998    636642    0.00    0.00    0.00    0.00    0.00     6  postgres
08:40:24 PM 100998    636644    0.00    0.00    0.00    0.00    0.00     4  postgres
08:40:24 PM 100998    636646    1.00    1.00    0.00    0.00    2.00     5  postgres
08:40:24 PM 100998    636648    1.00    1.00    0.00    0.00    2.00     6  postgres
08:40:24 PM 100998    636653    1.00    1.00    0.00    0.00    2.00     5  postgres

08:40:24 PM   UID       PID    %usr %system  %guest   %wait    %CPU   CPU  Command
08:40:25 PM 100998    636535    0.00    0.00    0.00    0.00    0.00     6  postgres
08:40:25 PM 100998    636536    0.00    0.00    0.00    0.00    0.00     5  postgres
08:40:25 PM 100998    636538    0.00    0.00    0.00    0.00    0.00     6  postgres
08:40:25 PM 100998    636539    0.00    0.00    0.00    0.00    0.00     5  postgres
08:40:25 PM 100998    636605    1.00    0.00    0.00    0.00    1.00     6  postgres
08:40:25 PM 100998    636613    1.00    1.00    0.00    1.00    2.00     4  postgres
08:40:25 PM 100998    636615    1.00    1.00    0.00    0.00    2.00     4  postgres
08:40:25 PM 100998    636616    1.00    2.00    0.00    0.00    3.00     6  postgres
08:40:25 PM 100998    636617    1.00    0.00    0.00    0.00    1.00     6  postgres
08:40:25 PM 100998    636630    1.00    1.00    0.00    0.00    2.00     6  postgres
08:40:25 PM 100998    636631    1.00    0.00    0.00    0.00    1.00     6  postgres
08:40:25 PM 100998    636632    1.00    1.00    0.00    0.00    2.00     6  postgres
08:40:25 PM 100998    636633    1.00    0.00    0.00    0.00    1.00     4  postgres
08:40:25 PM 100998    636634    0.00    1.00    0.00    0.00    1.00     6  postgres
08:40:25 PM 100998    636635    1.00    1.00    0.00    0.00    2.00     4  postgres
08:40:25 PM 100998    636636    1.00    0.00    0.00    0.00    1.00     4  postgres
08:40:25 PM 100998    636638    0.00    1.00    0.00    0.00    1.00     4  postgres
08:40:25 PM 100998    636639    1.00    1.00    0.00    0.00    2.00     4  postgres
08:40:25 PM 100998    636640    0.00    1.00    0.00    0.00    1.00     4  postgres
08:40:25 PM 100998    636642    1.00    1.00    0.00    0.00    2.00     5  postgres
08:40:25 PM 100998    636644    1.00    1.00    0.00    0.00    2.00     4  postgres
08:40:25 PM 100998    636646    1.00    1.00    0.00    0.00    2.00     5  postgres
08:40:25 PM 100998    636648    1.00    0.00    0.00    0.00    1.00     6  postgres
08:40:25 PM 100998    636653    0.00    0.00    0.00    0.00    0.00     4  postgres

08:40:25 PM   UID       PID    %usr %system  %guest   %wait    %CPU   CPU  Command
08:40:26 PM 100998    636535    0.00    0.00    0.00    0.00    0.00     6  postgres
08:40:26 PM 100998    636536    0.00    0.00    0.00    0.00    0.00     5  postgres
08:40:26 PM 100998    636538    0.00    0.00    0.00    0.00    0.00     6  postgres
08:40:26 PM 100998    636539    0.00    0.00    0.00    0.00    0.00     5  postgres
08:40:26 PM 100998    636605    1.00    1.00    0.00    0.00    2.00     4  postgres
08:40:26 PM 100998    636613    1.00    0.00    0.00    0.00    1.00     6  postgres
08:40:26 PM 100998    636615    0.00    1.00    0.00    0.00    1.00     4  postgres
08:40:26 PM 100998    636616    1.00    0.00    0.00    0.00    1.00     4  postgres
08:40:26 PM 100998    636617    1.00    2.00    0.00    0.00    3.00     4  postgres
08:40:26 PM 100998    636630    1.00    1.00    0.00    0.00    2.00     6  postgres
08:40:26 PM 100998    636631    1.00    2.00    0.00    0.00    3.00     4  postgres
08:40:26 PM 100998    636632    1.00    0.00    0.00    0.00    1.00     6  postgres
08:40:26 PM 100998    636633    1.00    1.00    0.00    0.00    2.00     6  postgres
08:40:26 PM 100998    636634    1.00    1.00    0.00    0.00    2.00     4  postgres
08:40:26 PM 100998    636635    1.00    1.00    0.00    0.00    2.00     4  postgres
08:40:26 PM 100998    636636    0.00    1.00    0.00    0.00    1.00     4  postgres
08:40:26 PM 100998    636638    1.00    0.00    0.00    0.00    1.00     4  postgres
08:40:26 PM 100998    636639    1.00    0.00    0.00    0.00    1.00     6  postgres
08:40:26 PM 100998    636640    1.00    1.00    0.00    0.00    2.00     6  postgres
08:40:26 PM 100998    636642    0.00    1.00    0.00    0.00    1.00     5  postgres
08:40:26 PM 100998    636644    1.00    2.00    0.00    0.00    3.00     6  postgres
08:40:26 PM 100998    636646    1.00    0.00    0.00    0.00    1.00     5  postgres
08:40:26 PM 100998    636648    0.00    1.00    0.00    0.00    1.00     4  postgres
08:40:26 PM 100998    636653    1.00    1.00    0.00    0.00    2.00     4  postgres

08:40:26 PM   UID       PID    %usr %system  %guest   %wait    %CPU   CPU  Command
08:40:27 PM 100998    636535    0.00    0.00    0.00    0.00    0.00     6  postgres
08:40:27 PM 100998    636536    0.00    0.00    0.00    0.00    0.00     5  postgres
08:40:27 PM 100998    636538    0.00    0.00    0.00    0.00    0.00     6  postgres
08:40:27 PM 100998    636539    0.00    0.00    0.00    0.00    0.00     5  postgres
08:40:27 PM 100998    636605    1.00    1.00    0.00    0.00    2.00     4  postgres
08:40:27 PM 100998    636613    0.00    1.00    0.00    0.00    1.00     4  postgres
08:40:27 PM 100998    636615    2.00    0.00    0.00    0.00    2.00     4  postgres
08:40:27 PM 100998    636616    1.00    1.00    0.00    1.00    2.00     6  postgres
08:40:27 PM 100998    636617    2.00    0.00    0.00    0.00    2.00     6  postgres
08:40:27 PM 100998    636630    1.00    0.00    0.00    0.00    1.00     6  postgres
08:40:27 PM 100998    636631    1.00    1.00    0.00    0.00    2.00     4  postgres
08:40:27 PM 100998    636632    0.00    1.00    0.00    0.00    1.00     6  postgres
08:40:27 PM 100998    636633    0.00    1.00    0.00    0.00    1.00     4  postgres
08:40:27 PM 100998    636634    1.00    0.00    0.00    0.00    1.00     4  postgres
08:40:27 PM 100998    636635    0.00    1.00    0.00    0.00    1.00     4  postgres
08:40:27 PM 100998    636636    1.00    0.00    0.00    0.00    1.00     4  postgres
08:40:27 PM 100998    636638    0.00    1.00    0.00    0.00    1.00     6  postgres
08:40:27 PM 100998    636639    0.00    1.00    0.00    1.00    1.00     4  postgres
08:40:27 PM 100998    636640    0.00    1.00    0.00    0.00    1.00     6  postgres
08:40:27 PM 100998    636642    1.00    0.00    0.00    0.00    1.00     5  postgres
08:40:27 PM 100998    636644    1.00    0.00    0.00    0.00    1.00     6  postgres
08:40:27 PM 100998    636646    1.00    1.00    0.00    0.00    2.00     4  postgres
08:40:27 PM 100998    636648    1.00    1.00    0.00    0.00    2.00     4  postgres
08:40:27 PM 100998    636653    1.00    0.00    0.00    0.00    1.00     4  postgres

08:40:27 PM   UID       PID    %usr %system  %guest   %wait    %CPU   CPU  Command
08:40:28 PM 100998    636535    0.00    0.00    0.00    0.00    0.00     6  postgres
08:40:28 PM 100998    636536    0.00    0.00    0.00    0.00    0.00     5  postgres
08:40:28 PM 100998    636538    0.00    0.00    0.00    0.00    0.00     6  postgres
08:40:28 PM 100998    636539    0.00    0.00    0.00    0.00    0.00     5  postgres
08:40:28 PM 100998    636605    1.00    1.00    0.00    0.00    2.00     6  postgres
08:40:28 PM 100998    636613    1.00    2.00    0.00    0.00    3.00     6  postgres
08:40:28 PM 100998    636615    0.00    1.00    0.00    0.00    1.00     4  postgres
08:40:28 PM 100998    636616    1.00    1.00    0.00    0.00    2.00     4  postgres
08:40:28 PM 100998    636617    0.00    1.00    0.00    0.00    1.00     4  postgres
08:40:28 PM 100998    636630    0.00    0.00    0.00    0.00    0.00     4  postgres
08:40:28 PM 100998    636631    1.00    0.00    0.00    0.00    1.00     6  postgres
08:40:28 PM 100998    636632    2.00    1.00    0.00    0.00    3.00     6  postgres
08:40:28 PM 100998    636633    1.00    0.00    0.00    0.00    1.00     6  postgres
08:40:28 PM 100998    636634    1.00    1.00    0.00    1.00    2.00     6  postgres
08:40:28 PM 100998    636635    0.00    0.00    0.00    0.00    0.00     6  postgres
08:40:28 PM 100998    636636    1.00    1.00    0.00    0.00    2.00     6  postgres
08:40:28 PM 100998    636638    1.00    0.00    0.00    0.00    1.00     4  postgres
08:40:28 PM 100998    636639    1.00    1.00    0.00    0.00    2.00     5  postgres
08:40:28 PM 100998    636640    1.00    0.00    0.00    0.00    1.00     6  postgres
08:40:28 PM 100998    636642    1.00    2.00    0.00    0.00    3.00     5  postgres
08:40:28 PM 100998    636644    0.00    1.00    0.00    0.00    1.00     6  postgres
08:40:28 PM 100998    636646    1.00    0.00    0.00    0.00    1.00     4  postgres
08:40:28 PM 100998    636648    0.00    1.00    0.00    0.00    1.00     4  postgres
08:40:28 PM 100998    636653    0.00    1.00    0.00    0.00    1.00     4  postgres

08:40:28 PM   UID       PID    %usr %system  %guest   %wait    %CPU   CPU  Command
08:40:29 PM 100998    636535    0.00    0.00    0.00    0.00    0.00     6  postgres
08:40:29 PM 100998    636536    0.00    0.00    0.00    0.00    0.00     5  postgres
08:40:29 PM 100998    636538    0.00    0.00    0.00    0.00    0.00     6  postgres
08:40:29 PM 100998    636539    0.00    0.00    0.00    0.00    0.00     5  postgres
08:40:29 PM 100998    636605    1.00    1.00    0.00    0.00    2.00     6  postgres
08:40:29 PM 100998    636613    1.00    0.00    0.00    0.00    1.00     4  postgres
08:40:29 PM 100998    636615    2.00    2.00    0.00    0.00    4.00     6  postgres
08:40:29 PM 100998    636616    1.00    1.00    0.00    0.00    2.00     4  postgres
08:40:29 PM 100998    636617    1.00    1.00    0.00    0.00    2.00     6  postgres
08:40:29 PM 100998    636630    1.00    1.00    0.00    0.00    2.00     6  postgres
08:40:29 PM 100998    636631    1.00    1.00    0.00    0.00    2.00     5  postgres
08:40:29 PM 100998    636632    0.00    1.00    0.00    0.00    1.00     6  postgres
08:40:29 PM 100998    636633    1.00    1.00    0.00    0.00    2.00     4  postgres
08:40:29 PM 100998    636634    1.00    1.00    0.00    0.00    2.00     6  postgres
08:40:29 PM 100998    636635    1.00    0.00    0.00    0.00    1.00     4  postgres
08:40:29 PM 100998    636636    0.00    0.00    0.00    0.00    0.00     4  postgres
08:40:29 PM 100998    636638    0.00    1.00    0.00    0.00    1.00     4  postgres
08:40:29 PM 100998    636639    2.00    1.00    0.00    0.00    3.00     5  postgres
08:40:29 PM 100998    636640    1.00    1.00    0.00    0.00    2.00     4  postgres
08:40:29 PM 100998    636642    1.00    0.00    0.00    0.00    1.00     5  postgres
08:40:29 PM 100998    636644    1.00    1.00    0.00    0.00    2.00     6  postgres
08:40:29 PM 100998    636646    0.00    1.00    0.00    0.00    1.00     4  postgres
08:40:29 PM 100998    636648    1.00    1.00    0.00    0.00    2.00     6  postgres
08:40:29 PM 100998    636653    1.00    1.00    0.00    0.00    2.00     6  postgres

08:40:29 PM   UID       PID    %usr %system  %guest   %wait    %CPU   CPU  Command
08:40:30 PM 100998    636535    0.00    0.00    0.00    0.00    0.00     6  postgres
08:40:30 PM 100998    636536    0.00    0.00    0.00    0.00    0.00     5  postgres
08:40:30 PM 100998    636538    0.00    0.00    0.00    0.00    0.00     6  postgres
08:40:30 PM 100998    636539    0.00    0.00    0.00    0.00    0.00     5  postgres
08:40:30 PM 100998    636605    1.00    1.00    0.00    0.00    2.00     6  postgres
08:40:30 PM 100998    636613    0.00    1.00    0.00    0.00    1.00     4  postgres
08:40:30 PM 100998    636615    0.00    0.00    0.00    0.00    0.00     6  postgres
08:40:30 PM 100998    636616    1.00    0.00    0.00    0.00    1.00     6  postgres
08:40:30 PM 100998    636617    1.00    1.00    0.00    0.00    2.00     6  postgres
08:40:30 PM 100998    636630    1.00    1.00    0.00    0.00    2.00     4  postgres
08:40:30 PM 100998    636631    1.00    1.00    0.00    0.00    2.00     5  postgres
08:40:30 PM 100998    636632    1.00    1.00    0.00    0.00    2.00     6  postgres
08:40:30 PM 100998    636633    1.00    1.00    0.00    0.00    2.00     4  postgres
08:40:30 PM 100998    636634    0.00    0.00    0.00    0.00    0.00     6  postgres
08:40:30 PM 100998    636635    1.00    1.00    0.00    0.00    2.00     4  postgres
08:40:30 PM 100998    636636    1.00    1.00    0.00    0.00    2.00     4  postgres
08:40:30 PM 100998    636638    1.00    1.00    0.00    1.00    2.00     6  postgres
08:40:30 PM 100998    636639    1.00    1.00    0.00    0.00    2.00     5  postgres
08:40:30 PM 100998    636640    0.00    0.00    0.00    0.00    0.00     6  postgres
08:40:30 PM 100998    636642    0.00    1.00    0.00    0.00    1.00     5  postgres
08:40:30 PM 100998    636644    0.00    0.00    0.00    0.00    0.00     4  postgres
08:40:30 PM 100998    636646    1.00    1.00    0.00    0.00    2.00     4  postgres
08:40:30 PM 100998    636648    0.00    1.00    0.00    0.00    1.00     4  postgres
08:40:30 PM 100998    636653    1.00    0.00    0.00    0.00    1.00     6  postgres

08:40:30 PM   UID       PID    %usr %system  %guest   %wait    %CPU   CPU  Command
08:40:31 PM 100998    636535    0.00    0.00    0.00    0.00    0.00     6  postgres
08:40:31 PM 100998    636536    0.00    0.00    0.00    0.00    0.00     5  postgres
08:40:31 PM 100998    636538    0.00    0.00    0.00    0.00    0.00     6  postgres
08:40:31 PM 100998    636539    0.00    0.00    0.00    0.00    0.00     5  postgres
08:40:31 PM 100998    636605    0.00    1.00    0.00    0.00    1.00     6  postgres
08:40:31 PM 100998    636613    1.00    2.00    0.00    0.00    3.00     4  postgres
08:40:31 PM 100998    636615    1.00    1.00    0.00    0.00    2.00     4  postgres
08:40:31 PM 100998    636616    1.00    1.00    0.00    0.00    2.00     4  postgres
08:40:31 PM 100998    636617    0.00    0.00    0.00    1.00    0.00     4  postgres
08:40:31 PM 100998    636630    1.00    0.00    0.00    0.00    1.00     4  postgres
08:40:31 PM 100998    636631    1.00    1.00    0.00    0.00    2.00     5  postgres
08:40:31 PM 100998    636632    1.00    1.00    0.00    0.00    2.00     4  postgres
08:40:31 PM 100998    636633    0.00    1.00    0.00    0.00    1.00     6  postgres
08:40:31 PM 100998    636634    1.00    1.00    0.00    0.00    2.00     6  postgres
08:40:31 PM 100998    636635    0.00    2.00    0.00    0.00    2.00     4  postgres
08:40:31 PM 100998    636636    1.00    1.00    0.00    0.00    2.00     4  postgres
08:40:31 PM 100998    636638    1.00    0.00    0.00    0.00    1.00     6  postgres
08:40:31 PM 100998    636639    0.00    0.00    0.00    0.00    0.00     5  postgres
08:40:31 PM 100998    636640    1.00    1.00    0.00    0.00    2.00     4  postgres
08:40:31 PM 100998    636642    1.00    1.00    0.00    0.00    2.00     5  postgres
08:40:31 PM 100998    636644    1.00    1.00    0.00    0.00    2.00     4  postgres
08:40:31 PM 100998    636646    0.00    0.00    0.00    0.00    0.00     6  postgres
08:40:31 PM 100998    636648    1.00    0.00    0.00    0.00    1.00     4  postgres
08:40:31 PM 100998    636653    0.00    1.00    0.00    0.00    1.00     4  postgres

08:40:31 PM   UID       PID    %usr %system  %guest   %wait    %CPU   CPU  Command
08:40:32 PM 100998    636535    0.00    0.00    0.00    0.00    0.00     6  postgres
08:40:32 PM 100998    636536    0.00    0.00    0.00    0.00    0.00     5  postgres
08:40:32 PM 100998    636538    0.00    0.00    0.00    0.00    0.00     6  postgres
08:40:32 PM 100998    636539    0.00    0.00    0.00    0.00    0.00     5  postgres
08:40:32 PM 100998    636605    1.00    1.00    0.00    0.00    2.00     6  postgres
08:40:32 PM 100998    636613    1.00    0.00    0.00    0.00    1.00     4  postgres
08:40:32 PM 100998    636615    0.00    1.00    0.00    0.00    1.00     6  postgres
08:40:32 PM 100998    636616    0.00    1.00    0.00    0.00    1.00     4  postgres
08:40:32 PM 100998    636617    1.00    1.00    0.00    0.00    2.00     6  postgres
08:40:32 PM 100998    636630    0.00    1.00    0.00    0.00    1.00     4  postgres
08:40:32 PM 100998    636631    1.00    1.00    0.00    0.00    2.00     5  postgres
08:40:32 PM 100998    636632    1.00    1.00    0.00    0.00    2.00     4  postgres
08:40:32 PM 100998    636633    1.00    1.00    0.00    0.00    2.00     6  postgres
08:40:32 PM 100998    636634    1.00    0.00    0.00    0.00    1.00     6  postgres
08:40:32 PM 100998    636635    1.00    0.00    0.00    0.00    1.00     6  postgres
08:40:32 PM 100998    636636    1.00    0.00    0.00    0.00    1.00     4  postgres
08:40:32 PM 100998    636638    0.00    1.00    0.00    0.00    1.00     4  postgres
08:40:32 PM 100998    636639    1.00    1.00    0.00    0.00    2.00     5  postgres
08:40:32 PM 100998    636640    0.00    1.00    0.00    0.00    1.00     6  postgres
08:40:32 PM 100998    636642    1.00    0.00    0.00    0.00    1.00     5  postgres
08:40:32 PM 100998    636644    1.00    1.00    0.00    1.00    2.00     4  postgres
08:40:32 PM 100998    636646    0.00    1.00    0.00    0.00    1.00     6  postgres
08:40:32 PM 100998    636648    0.00    1.00    0.00    0.00    1.00     6  postgres
08:40:32 PM 100998    636653    1.00    0.00    0.00    0.00    1.00     6  postgres

08:40:32 PM   UID       PID    %usr %system  %guest   %wait    %CPU   CPU  Command
08:40:33 PM 100998    636535    0.00    0.00    0.00    0.00    0.00     6  postgres
08:40:33 PM 100998    636536    0.00    0.00    0.00    0.00    0.00     5  postgres
08:40:33 PM 100998    636538    0.00    0.00    0.00    0.00    0.00     6  postgres
08:40:33 PM 100998    636539    0.00    0.00    0.00    0.00    0.00     5  postgres
08:40:33 PM 100998    636605    2.00    1.00    0.00    1.00    3.00     4  postgres
08:40:33 PM 100998    636613    1.00    1.00    0.00    0.00    2.00     6  postgres
08:40:33 PM 100998    636615    1.00    1.00    0.00    0.00    2.00     4  postgres
08:40:33 PM 100998    636616    1.00    1.00    0.00    0.00    2.00     6  postgres
08:40:33 PM 100998    636617    1.00    1.00    0.00    0.00    2.00     6  postgres
08:40:33 PM 100998    636630    2.00    1.00    0.00    0.00    3.00     6  postgres
08:40:33 PM 100998    636631    2.00    1.00    0.00    0.00    3.00     5  postgres
08:40:33 PM 100998    636632    1.00    0.00    0.00    0.00    1.00     6  postgres
08:40:33 PM 100998    636633    1.00    1.00    0.00    0.00    2.00     6  postgres
08:40:33 PM 100998    636634    0.00    2.00    0.00    0.00    2.00     6  postgres
08:40:33 PM 100998    636635    1.00    1.00    0.00    0.00    2.00     4  postgres
08:40:33 PM 100998    636636    1.00    1.00    0.00    0.00    2.00     4  postgres
08:40:33 PM 100998    636638    1.00    1.00    0.00    0.00    2.00     6  postgres
08:40:33 PM 100998    636639    2.00    1.00    0.00    0.00    3.00     6  postgres
08:40:33 PM 100998    636640    1.00    1.00    0.00    0.00    2.00     4  postgres
08:40:33 PM 100998    636642    0.00    1.00    0.00    0.00    1.00     5  postgres
08:40:33 PM 100998    636644    1.00    1.00    0.00    0.00    2.00     4  postgres
08:40:33 PM 100998    636646    1.00    1.00    0.00    0.00    2.00     6  postgres
08:40:33 PM 100998    636648    1.00    0.00    0.00    0.00    1.00     4  postgres
08:40:33 PM 100998    636653    1.00    1.00    0.00    0.00    2.00     4  postgres

08:40:33 PM   UID       PID    %usr %system  %guest   %wait    %CPU   CPU  Command
08:40:34 PM 100998    636535    0.00    0.00    0.00    0.00    0.00     6  postgres
08:40:34 PM 100998    636536    0.00    0.00    0.00    0.00    0.00     5  postgres
08:40:34 PM 100998    636538    0.00    0.00    0.00    0.00    0.00     6  postgres
08:40:34 PM 100998    636539    0.00    0.00    0.00    0.00    0.00     5  postgres
08:40:34 PM 100998    636605    0.00    1.00    0.00    0.00    1.00     4  postgres
08:40:34 PM 100998    636613    1.00    1.00    0.00    0.00    2.00     6  postgres
08:40:34 PM 100998    636615    1.00    1.00    0.00    0.00    2.00     6  postgres
08:40:34 PM 100998    636616    1.00    1.00    0.00    0.00    2.00     5  postgres
08:40:34 PM 100998    636617    1.00    0.00    0.00    0.00    1.00     6  postgres
08:40:34 PM 100998    636630    0.00    1.00    0.00    0.00    1.00     6  postgres
08:40:34 PM 100998    636631    1.00    1.00    0.00    0.00    2.00     5  postgres
08:40:34 PM 100998    636632    1.00    1.00    0.00    0.00    2.00     6  postgres
08:40:34 PM 100998    636633    1.00    0.00    0.00    0.00    1.00     4  postgres
08:40:34 PM 100998    636634    1.00    1.00    0.00    0.00    2.00     4  postgres
08:40:34 PM 100998    636635    1.00    1.00    0.00    0.00    2.00     6  postgres
08:40:34 PM 100998    636636    0.00    1.00    0.00    0.00    1.00     4  postgres
08:40:34 PM 100998    636638    1.00    1.00    0.00    0.00    2.00     6  postgres
08:40:34 PM 100998    636639    1.00    1.00    0.00    0.00    2.00     6  postgres
08:40:34 PM 100998    636640    1.00    1.00    0.00    0.00    2.00     6  postgres
08:40:34 PM 100998    636642    1.00    1.00    0.00    1.00    2.00     6  postgres
08:40:34 PM 100998    636644    1.00    1.00    0.00    0.00    2.00     5  postgres
08:40:34 PM 100998    636646    1.00    1.00    0.00    0.00    2.00     6  postgres
08:40:34 PM 100998    636648    1.00    1.00    0.00    0.00    2.00     6  postgres
08:40:34 PM 100998    636653    1.00    0.00    0.00    0.00    1.00     4  postgres

08:40:34 PM   UID       PID    %usr %system  %guest   %wait    %CPU   CPU  Command
08:40:35 PM 100998    636535    0.00    0.00    0.00    0.00    0.00     6  postgres
08:40:35 PM 100998    636536    0.00    0.00    0.00    0.00    0.00     5  postgres
08:40:35 PM 100998    636538    0.00    0.00    0.00    0.00    0.00     6  postgres
08:40:35 PM 100998    636539    0.00    0.00    0.00    0.00    0.00     5  postgres
08:40:35 PM 100998    636605    1.00    1.00    0.00    0.00    2.00     4  postgres
08:40:35 PM 100998    636613    1.00    0.00    0.00    0.00    1.00     4  postgres
08:40:35 PM 100998    636615    0.00    0.00    0.00    0.00    0.00     4  postgres
08:40:35 PM 100998    636616    0.00    0.00    0.00    0.00    0.00     5  postgres
08:40:35 PM 100998    636617    1.00    1.00    0.00    0.00    2.00     6  postgres
08:40:35 PM 100998    636630    1.00    0.00    0.00    0.00    1.00     6  postgres
08:40:35 PM 100998    636631    1.00    1.00    0.00    0.00    2.00     5  postgres
08:40:35 PM 100998    636632    0.00    0.00    0.00    0.00    0.00     4  postgres
08:40:35 PM 100998    636633    1.00    1.00    0.00    0.00    2.00     4  postgres
08:40:35 PM 100998    636634    0.00    0.00    0.00    0.00    0.00     6  postgres
08:40:35 PM 100998    636635    0.00    1.00    0.00    0.00    1.00     4  postgres
08:40:35 PM 100998    636636    2.00    0.00    0.00    0.00    2.00     6  postgres
08:40:35 PM 100998    636638    1.00    0.00    0.00    0.00    1.00     4  postgres
08:40:35 PM 100998    636639    1.00    0.00    0.00    0.00    1.00     6  postgres
08:40:35 PM 100998    636640    0.00    1.00    0.00    0.00    1.00     6  postgres
08:40:35 PM 100998    636642    1.00    0.00    0.00    0.00    1.00     4  postgres
08:40:35 PM 100998    636644    0.00    0.00    0.00    0.00    0.00     5  postgres
08:40:35 PM 100998    636646    0.00    0.00    0.00    0.00    0.00     4  postgres
08:40:35 PM 100998    636648    1.00    0.00    0.00    0.00    1.00     6  postgres
08:40:35 PM 100998    636653    0.00    1.00    0.00    0.00    1.00     4  postgres

08:40:35 PM   UID       PID    %usr %system  %guest   %wait    %CPU   CPU  Command
08:40:36 PM 100998    636535    0.00    0.00    0.00    0.00    0.00     6  postgres
08:40:36 PM 100998    636536    0.00    0.00    0.00    0.00    0.00     5  postgres
08:40:36 PM 100998    636538    0.00    0.00    0.00    0.00    0.00     6  postgres
08:40:36 PM 100998    636539    0.00    0.00    0.00    0.00    0.00     5  postgres
08:40:36 PM 100998    636605    2.00    1.00    0.00    0.00    3.00     6  postgres
08:40:36 PM 100998    636613    1.00    1.00    0.00    0.00    2.00     6  postgres
08:40:36 PM 100998    636615    2.00    1.00    0.00    0.00    3.00     6  postgres
08:40:36 PM 100998    636616    2.00    2.00    0.00    0.00    4.00     5  postgres
08:40:36 PM 100998    636617    0.00    1.00    0.00    0.00    1.00     6  postgres
08:40:36 PM 100998    636630    0.00    0.00    0.00    0.00    0.00     4  postgres
08:40:36 PM 100998    636631    1.00    0.00    0.00    1.00    1.00     5  postgres
08:40:36 PM 100998    636632    1.00    0.00    0.00    0.00    1.00     4  postgres
08:40:36 PM 100998    636633    0.00    1.00    0.00    0.00    1.00     6  postgres
08:40:36 PM 100998    636634    1.00    1.00    0.00    0.00    2.00     6  postgres
08:40:36 PM 100998    636635    0.00    1.00    0.00    0.00    1.00     4  postgres
08:40:36 PM 100998    636636    0.00    1.00    0.00    0.00    1.00     6  postgres
08:40:36 PM 100998    636638    1.00    1.00    0.00    0.00    2.00     6  postgres
08:40:36 PM 100998    636639    1.00    1.00    0.00    0.00    2.00     6  postgres
08:40:36 PM 100998    636640    1.00    0.00    0.00    0.00    1.00     4  postgres
08:40:36 PM 100998    636642    1.00    1.00    0.00    0.00    2.00     6  postgres
08:40:36 PM 100998    636644    2.00    1.00    0.00    0.00    3.00     5  postgres
08:40:36 PM 100998    636646    1.00    1.00    0.00    0.00    2.00     6  postgres
08:40:36 PM 100998    636648    0.00    1.00    0.00    0.00    1.00     4  postgres
08:40:36 PM 100998    636653    1.00    1.00    0.00    0.00    2.00     6  postgres

08:40:36 PM   UID       PID    %usr %system  %guest   %wait    %CPU   CPU  Command
08:40:37 PM 100998    636535    0.00    0.00    0.00    0.00    0.00     6  postgres
08:40:37 PM 100998    636536    0.00    0.00    0.00    0.00    0.00     5  postgres
08:40:37 PM 100998    636538    0.00    0.00    0.00    0.00    0.00     6  postgres
08:40:37 PM 100998    636539    0.00    0.00    0.00    0.00    0.00     5  postgres
08:40:37 PM 100998    636605    1.00    1.00    0.00    0.00    2.00     4  postgres
08:40:37 PM 100998    636613    1.00    2.00    0.00    0.00    3.00     6  postgres
08:40:37 PM 100998    636615    1.00    0.00    0.00    0.00    1.00     6  postgres
08:40:37 PM 100998    636616    1.00    1.00    0.00    0.00    2.00     5  postgres
08:40:37 PM 100998    636617    1.00    0.00    0.00    0.00    1.00     6  postgres
08:40:37 PM 100998    636630    1.00    2.00    0.00    0.00    3.00     6  postgres
08:40:37 PM 100998    636631    2.00    1.00    0.00    0.00    3.00     5  postgres
08:40:37 PM 100998    636632    1.00    1.00    0.00    0.00    2.00     6  postgres
08:40:37 PM 100998    636633    1.00    0.00    0.00    0.00    1.00     4  postgres
08:40:37 PM 100998    636634    1.00    1.00    0.00    0.00    2.00     4  postgres
08:40:37 PM 100998    636635    1.00    1.00    0.00    0.00    2.00     4  postgres
08:40:37 PM 100998    636636    1.00    1.00    0.00    0.00    2.00     6  postgres
08:40:37 PM 100998    636638    1.00    2.00    0.00    0.00    3.00     4  postgres
08:40:37 PM 100998    636639    0.00    0.00    0.00    0.00    0.00     6  postgres
08:40:37 PM 100998    636640    1.00    1.00    0.00    0.00    2.00     4  postgres
08:40:37 PM 100998    636642    0.00    1.00    0.00    0.00    1.00     4  postgres
08:40:37 PM 100998    636644    1.00    1.00    0.00    0.00    2.00     5  postgres
08:40:37 PM 100998    636646    1.00    1.00    0.00    0.00    2.00     4  postgres
08:40:37 PM 100998    636648    0.00    1.00    0.00    0.00    1.00     6  postgres
08:40:37 PM 100998    636653    1.00    1.00    0.00    0.00    2.00     4  postgres

08:40:37 PM   UID       PID    %usr %system  %guest   %wait    %CPU   CPU  Command
08:40:38 PM 100998    636535    0.00    0.00    0.00    0.00    0.00     6  postgres
08:40:38 PM 100998    636536    0.00    0.00    0.00    0.00    0.00     5  postgres
08:40:38 PM 100998    636538    0.00    0.00    0.00    0.00    0.00     6  postgres
08:40:38 PM 100998    636539    0.00    0.00    0.00    0.00    0.00     5  postgres
08:40:38 PM 100998    636605    0.00    0.00    0.00    0.00    0.00     4  postgres
08:40:38 PM 100998    636613    0.00    0.00    0.00    0.00    0.00     6  postgres
08:40:38 PM 100998    636615    0.00    1.00    0.00    0.00    1.00     4  postgres
08:40:38 PM 100998    636616    1.00    1.00    0.00    0.00    2.00     5  postgres
08:40:38 PM 100998    636617    0.00    1.00    0.00    0.00    1.00     6  postgres
08:40:38 PM 100998    636630    1.00    0.00    0.00    0.00    1.00     4  postgres
08:40:38 PM 100998    636631    1.00    1.00    0.00    0.00    2.00     5  postgres
08:40:38 PM 100998    636632    1.00    1.00    0.00    1.00    2.00     6  postgres
08:40:38 PM 100998    636633    1.00    1.00    0.00    0.00    2.00     6  postgres
08:40:38 PM 100998    636634    1.00    0.00    0.00    0.00    1.00     4  postgres
08:40:38 PM 100998    636635    1.00    1.00    0.00    0.00    2.00     4  postgres
08:40:38 PM 100998    636636    1.00    1.00    0.00    0.00    2.00     4  postgres
08:40:38 PM 100998    636638    0.00    0.00    0.00    0.00    0.00     6  postgres
08:40:38 PM 100998    636639    0.00    1.00    0.00    0.00    1.00     4  postgres
08:40:38 PM 100998    636640    1.00    0.00    0.00    0.00    1.00     5  postgres
08:40:38 PM 100998    636642    1.00    0.00    0.00    0.00    1.00     6  postgres
08:40:38 PM 100998    636644    1.00    1.00    0.00    0.00    2.00     5  postgres
08:40:38 PM 100998    636646    0.00    0.00    0.00    0.00    0.00     4  postgres
08:40:38 PM 100998    636648    1.00    0.00    0.00    0.00    1.00     4  postgres
08:40:38 PM 100998    636653    0.00    0.00    0.00    0.00    0.00     6  postgres

08:40:38 PM   UID       PID    %usr %system  %guest   %wait    %CPU   CPU  Command
08:40:39 PM 100998    636535    0.00    0.00    0.00    0.00    0.00     6  postgres
08:40:39 PM 100998    636536    0.00    0.00    0.00    0.00    0.00     5  postgres
08:40:39 PM 100998    636538    0.00    0.00    0.00    0.00    0.00     6  postgres
08:40:39 PM 100998    636539    0.00    0.00    0.00    0.00    0.00     5  postgres
08:40:39 PM 100998    636605    1.00    1.00    0.00    0.00    2.00     6  postgres
08:40:39 PM 100998    636613    1.00    1.00    0.00    0.00    2.00     6  postgres
08:40:39 PM 100998    636615    1.00    1.00    0.00    0.00    2.00     6  postgres
08:40:39 PM 100998    636616    2.00    1.00    0.00    0.00    3.00     5  postgres
08:40:39 PM 100998    636617    0.00    0.00    0.00    0.00    0.00     4  postgres
08:40:39 PM 100998    636630    1.00    1.00    0.00    0.00    2.00     4  postgres
08:40:39 PM 100998    636631    1.00    0.00    0.00    0.00    1.00     5  postgres
08:40:39 PM 100998    636632    0.00    1.00    0.00    0.00    1.00     4  postgres
08:40:39 PM 100998    636633    0.00    1.00    0.00    0.00    1.00     4  postgres
08:40:39 PM 100998    636634    1.00    1.00    0.00    0.00    2.00     4  postgres
08:40:39 PM 100998    636635    1.00    1.00    0.00    0.00    2.00     4  postgres
08:40:39 PM 100998    636636    1.00    1.00    0.00    0.00    2.00     4  postgres
08:40:39 PM 100998    636638    1.00    2.00    0.00    0.00    3.00     4  postgres
08:40:39 PM 100998    636639    1.00    1.00    0.00    0.00    2.00     4  postgres
08:40:39 PM 100998    636640    2.00    1.00    0.00    0.00    3.00     5  postgres
08:40:39 PM 100998    636642    1.00    1.00    0.00    0.00    2.00     4  postgres
08:40:39 PM 100998    636644    1.00    1.00    0.00    0.00    2.00     4  postgres
08:40:39 PM 100998    636646    1.00    1.00    0.00    0.00    2.00     4  postgres
08:40:39 PM 100998    636648    2.00    1.00    0.00    0.00    3.00     6  postgres
08:40:39 PM 100998    636653    1.00    1.00    0.00    0.00    2.00     6  postgres

08:40:39 PM   UID       PID    %usr %system  %guest   %wait    %CPU   CPU  Command
08:40:40 PM 100998    636535    0.00    0.00    0.00    0.00    0.00     6  postgres
08:40:40 PM 100998    636536    0.00    0.00    0.00    0.00    0.00     5  postgres
08:40:40 PM 100998    636538    0.00    0.00    0.00    0.00    0.00     6  postgres
08:40:40 PM 100998    636539    0.00    0.00    0.00    0.00    0.00     5  postgres
08:40:40 PM 100998    636605    1.00    1.00    0.00    0.00    2.00     4  postgres
08:40:40 PM 100998    636613    1.00    1.00    0.00    0.00    2.00     4  postgres
08:40:40 PM 100998    636615    1.00    1.00    0.00    0.00    2.00     5  postgres
08:40:40 PM 100998    636616    1.00    1.00    0.00    0.00    2.00     6  postgres
08:40:40 PM 100998    636617    1.00    1.00    0.00    0.00    2.00     6  postgres
08:40:40 PM 100998    636630    1.00    1.00    0.00    0.00    2.00     6  postgres
08:40:40 PM 100998    636631    1.00    1.00    0.00    0.00    2.00     5  postgres
08:40:40 PM 100998    636632    1.00    1.00    0.00    0.00    2.00     4  postgres
08:40:40 PM 100998    636633    1.00    1.00    0.00    0.00    2.00     6  postgres
08:40:40 PM 100998    636634    1.00    1.00    0.00    0.00    2.00     4  postgres
08:40:40 PM 100998    636635    0.00    0.00    0.00    0.00    0.00     6  postgres
08:40:40 PM 100998    636636    0.00    0.00    0.00    0.00    0.00     6  postgres
08:40:40 PM 100998    636638    0.00    0.00    0.00    0.00    0.00     6  postgres
08:40:40 PM 100998    636639    1.00    1.00    0.00    0.00    2.00     6  postgres
08:40:40 PM 100998    636640    1.00    2.00    0.00    0.00    3.00     5  postgres
08:40:40 PM 100998    636642    0.00    1.00    0.00    0.00    1.00     6  postgres
08:40:40 PM 100998    636644    0.00    1.00    0.00    0.00    1.00     4  postgres
08:40:40 PM 100998    636646    1.00    0.00    0.00    0.00    1.00     4  postgres
08:40:40 PM 100998    636648    0.00    1.00    0.00    0.00    1.00     4  postgres
08:40:40 PM 100998    636653    0.00    1.00    0.00    0.00    1.00     4  postgres

08:40:40 PM   UID       PID    %usr %system  %guest   %wait    %CPU   CPU  Command
08:40:41 PM 100998    636535    0.00    0.00    0.00    0.00    0.00     6  postgres
08:40:41 PM 100998    636536    0.00    0.00    0.00    0.00    0.00     5  postgres
08:40:41 PM 100998    636538    0.00    0.00    0.00    0.00    0.00     6  postgres
08:40:41 PM 100998    636539    0.00    0.00    0.00    0.00    0.00     5  postgres
08:40:41 PM 100998    636605    1.00    1.00    0.00    0.00    2.00     4  postgres
08:40:41 PM 100998    636613    1.00    1.00    0.00    0.00    2.00     4  postgres
08:40:41 PM 100998    636615    1.00    1.00    0.00    0.00    2.00     5  postgres
08:40:41 PM 100998    636616    1.00    0.00    0.00    0.00    1.00     6  postgres
08:40:41 PM 100998    636617    1.00    1.00    0.00    0.00    2.00     6  postgres
08:40:41 PM 100998    636630    0.00    0.00    0.00    0.00    0.00     6  postgres
08:40:41 PM 100998    636631    1.00    1.00    0.00    0.00    2.00     5  postgres
08:40:41 PM 100998    636632    1.00    1.00    0.00    0.00    2.00     6  postgres
08:40:41 PM 100998    636633    0.00    1.00    0.00    0.00    1.00     4  postgres
08:40:41 PM 100998    636634    0.00    0.00    0.00    0.00    0.00     4  postgres
08:40:41 PM 100998    636635    1.00    1.00    0.00    1.00    2.00     6  postgres
08:40:41 PM 100998    636636    1.00    1.00    0.00    0.00    2.00     4  postgres
08:40:41 PM 100998    636638    2.00    1.00    0.00    0.00    3.00     4  postgres
08:40:41 PM 100998    636639    1.00    0.00    0.00    0.00    1.00     4  postgres
08:40:41 PM 100998    636640    0.00    0.00    0.00    0.00    0.00     5  postgres
08:40:41 PM 100998    636642    1.00    1.00    0.00    0.00    2.00     6  postgres
08:40:41 PM 100998    636644    1.00    0.00    0.00    0.00    1.00     4  postgres
08:40:41 PM 100998    636646    0.00    1.00    0.00    0.00    1.00     4  postgres
08:40:41 PM 100998    636648    1.00    0.00    0.00    0.00    1.00     6  postgres
08:40:41 PM 100998    636653    1.00    0.00    0.00    0.00    1.00     6  postgres

08:40:41 PM   UID       PID    %usr %system  %guest   %wait    %CPU   CPU  Command
08:40:42 PM 100998    636535    0.00    0.00    0.00    0.00    0.00     6  postgres
08:40:42 PM 100998    636536    0.00    0.00    0.00    0.00    0.00     5  postgres
08:40:42 PM 100998    636538    0.00    0.00    0.00    0.00    0.00     6  postgres
08:40:42 PM 100998    636539    0.00    0.00    0.00    0.00    0.00     5  postgres
08:40:42 PM 100998    636605    1.00    1.00    0.00    0.00    2.00     4  postgres
08:40:42 PM 100998    636613    1.00    1.00    0.00    0.00    2.00     6  postgres
08:40:42 PM 100998    636615    1.00    1.00    0.00    1.00    2.00     5  postgres
08:40:42 PM 100998    636616    1.00    1.00    0.00    0.00    2.00     6  postgres
08:40:42 PM 100998    636617    0.00    1.00    0.00    0.00    1.00     4  postgres
08:40:42 PM 100998    636630    1.00    1.00    0.00    0.00    2.00     6  postgres
08:40:42 PM 100998    636631    1.00    1.00    0.00    0.00    2.00     4  postgres
08:40:42 PM 100998    636632    1.00    1.00    0.00    0.00    2.00     6  postgres
08:40:42 PM 100998    636633    0.00    0.00    0.00    0.00    0.00     6  postgres
08:40:42 PM 100998    636634    1.00    1.00    0.00    0.00    2.00     4  postgres
08:40:42 PM 100998    636635    0.00    0.00    0.00    0.00    0.00     6  postgres
08:40:42 PM 100998    636636    0.00    0.00    0.00    0.00    0.00     6  postgres
08:40:42 PM 100998    636638    0.00    0.00    0.00    0.00    0.00     5  postgres
08:40:42 PM 100998    636639    1.00    1.00    0.00    0.00    2.00     6  postgres
08:40:42 PM 100998    636640    1.00    2.00    0.00    0.00    3.00     5  postgres
08:40:42 PM 100998    636642    1.00    1.00    0.00    0.00    2.00     6  postgres
08:40:42 PM 100998    636644    1.00    1.00    0.00    0.00    2.00     6  postgres
08:40:42 PM 100998    636646    1.00    1.00    0.00    0.00    2.00     6  postgres
08:40:42 PM 100998    636648    0.00    1.00    0.00    0.00    1.00     6  postgres
08:40:42 PM 100998    636653    1.00    1.00    0.00    0.00    2.00     4  postgres

08:40:42 PM   UID       PID    %usr %system  %guest   %wait    %CPU   CPU  Command
08:40:43 PM 100998    636535    0.00    0.00    0.00    0.00    0.00     6  postgres
08:40:43 PM 100998    636536    0.00    0.00    0.00    0.00    0.00     5  postgres
08:40:43 PM 100998    636538    0.00    0.00    0.00    0.00    0.00     6  postgres
08:40:43 PM 100998    636539    0.00    0.00    0.00    0.00    0.00     5  postgres
08:40:43 PM 100998    636605    0.00    0.00    0.00    0.00    0.00     6  postgres
08:40:43 PM 100998    636613    1.00    1.00    0.00    0.00    2.00     4  postgres
08:40:43 PM 100998    636615    1.00    1.00    0.00    0.00    2.00     5  postgres
08:40:43 PM 100998    636616    1.00    1.00    0.00    0.00    2.00     6  postgres
08:40:43 PM 100998    636617    1.00    0.00    0.00    0.00    1.00     6  postgres
08:40:43 PM 100998    636630    1.00    1.00    0.00    0.00    2.00     6  postgres
08:40:43 PM 100998    636631    1.00    1.00    0.00    0.00    2.00     5  postgres
08:40:43 PM 100998    636632    0.00    0.00    0.00    0.00    0.00     4  postgres
08:40:43 PM 100998    636633    1.00    1.00    0.00    0.00    2.00     6  postgres
08:40:43 PM 100998    636634    1.00    0.00    0.00    0.00    1.00     6  postgres
08:40:43 PM 100998    636635    1.00    1.00    0.00    0.00    2.00     6  postgres
08:40:43 PM 100998    636636    1.00    1.00    0.00    0.00    2.00     4  postgres
08:40:43 PM 100998    636638    1.00    1.00    0.00    0.00    2.00     5  postgres
08:40:43 PM 100998    636639    1.00    1.00    0.00    0.00    2.00     6  postgres
08:40:43 PM 100998    636640    1.00    1.00    0.00    0.00    2.00     5  postgres
08:40:43 PM 100998    636642    0.00    1.00    0.00    0.00    1.00     6  postgres
08:40:43 PM 100998    636644    0.00    1.00    0.00    0.00    1.00     6  postgres
08:40:43 PM 100998    636646    0.00    0.00    0.00    0.00    0.00     4  postgres
08:40:43 PM 100998    636648    1.00    1.00    0.00    0.00    2.00     4  postgres
08:40:43 PM 100998    636653    1.00    0.00    0.00    0.00    1.00     4  postgres

08:40:43 PM   UID       PID    %usr %system  %guest   %wait    %CPU   CPU  Command
08:40:44 PM 100998    636535    0.00    0.00    0.00    0.00    0.00     6  postgres
08:40:44 PM 100998    636536    0.00    0.00    0.00    0.00    0.00     5  postgres
08:40:44 PM 100998    636538    0.00    0.00    0.00    0.00    0.00     6  postgres
08:40:44 PM 100998    636539    0.00    0.00    0.00    0.00    0.00     5  postgres
08:40:44 PM 100998    636605    1.00    1.00    0.00    0.00    2.00     4  postgres
08:40:44 PM 100998    636613    1.00    1.00    0.00    1.00    2.00     4  postgres
08:40:44 PM 100998    636615    1.00    1.00    0.00    0.00    2.00     5  postgres
08:40:44 PM 100998    636616    0.00    1.00    0.00    1.00    1.00     4  postgres
08:40:44 PM 100998    636617    1.00    1.00    0.00    0.00    2.00     4  postgres
08:40:44 PM 100998    636630    1.00    0.00    0.00    0.00    1.00     6  postgres
08:40:44 PM 100998    636631    1.00    1.00    0.00    0.00    2.00     5  postgres
08:40:44 PM 100998    636632    1.00    1.00    0.00    0.00    2.00     4  postgres
08:40:44 PM 100998    636633    1.00    0.00    0.00    0.00    1.00     6  postgres
08:40:44 PM 100998    636634    0.00    1.00    0.00    0.00    1.00     6  postgres
08:40:44 PM 100998    636635    0.00    1.00    0.00    0.00    1.00     4  postgres
08:40:44 PM 100998    636636    0.00    1.00    0.00    0.00    1.00     6  postgres
08:40:44 PM 100998    636638    2.00    1.00    0.00    0.00    3.00     5  postgres
08:40:44 PM 100998    636639    1.00    1.00    0.00    0.00    2.00     6  postgres
08:40:44 PM 100998    636640    1.00    1.00    0.00    0.00    2.00     5  postgres
08:40:44 PM 100998    636642    1.00    1.00    0.00    0.00    2.00     6  postgres
08:40:44 PM 100998    636644    1.00    0.00    0.00    0.00    1.00     4  postgres
08:40:44 PM 100998    636646    1.00    1.00    0.00    0.00    2.00     6  postgres
08:40:44 PM 100998    636648    0.00    1.00    0.00    0.00    1.00     4  postgres
08:40:44 PM 100998    636653    1.00    1.00    0.00    0.00    2.00     5  postgres

08:40:44 PM   UID       PID    %usr %system  %guest   %wait    %CPU   CPU  Command
08:40:45 PM 100998    636535    0.00    0.00    0.00    0.00    0.00     6  postgres
08:40:45 PM 100998    636536    0.00    0.00    0.00    0.00    0.00     5  postgres
08:40:45 PM 100998    636538    0.00    0.00    0.00    0.00    0.00     6  postgres
08:40:45 PM 100998    636539    0.00    0.00    0.00    0.00    0.00     5  postgres
08:40:45 PM 100998    636605    1.00    0.00    0.00    0.00    1.00     4  postgres
08:40:45 PM 100998    636613    1.00    0.00    0.00    0.00    1.00     6  postgres
08:40:45 PM 100998    636615    1.00    0.00    0.00    0.00    1.00     4  postgres
08:40:45 PM 100998    636616    2.00    1.00    0.00    0.00    3.00     6  postgres
08:40:45 PM 100998    636617    1.00    1.00    0.00    0.00    2.00     6  postgres
08:40:45 PM 100998    636630    0.00    1.00    0.00    0.00    1.00     6  postgres
08:40:45 PM 100998    636631    0.00    1.00    0.00    0.00    1.00     5  postgres
08:40:45 PM 100998    636632    1.00    1.00    0.00    0.00    2.00     6  postgres
08:40:45 PM 100998    636633    0.00    1.00    0.00    0.00    1.00     4  postgres
08:40:45 PM 100998    636634    1.00    1.00    0.00    0.00    2.00     6  postgres
08:40:45 PM 100998    636635    1.00    1.00    0.00    0.00    2.00     5  postgres
08:40:45 PM 100998    636636    1.00    0.00    0.00    0.00    1.00     6  postgres
08:40:45 PM 100998    636638    0.00    1.00    0.00    0.00    1.00     4  postgres
08:40:45 PM 100998    636639    0.00    0.00    0.00    0.00    0.00     6  postgres
08:40:45 PM 100998    636640    0.00    0.00    0.00    0.00    0.00     5  postgres
08:40:45 PM 100998    636642    0.00    0.00    0.00    0.00    0.00     6  postgres
08:40:45 PM 100998    636644    0.00    1.00    0.00    0.00    1.00     4  postgres
08:40:45 PM 100998    636646    0.00    1.00    0.00    0.00    1.00     4  postgres
08:40:45 PM 100998    636648    1.00    0.00    0.00    0.00    1.00     4  postgres
08:40:45 PM 100998    636653    0.00    0.00    0.00    0.00    0.00     5  postgres

08:40:45 PM   UID       PID    %usr %system  %guest   %wait    %CPU   CPU  Command
08:40:46 PM 100998    636535    0.00    0.00    0.00    0.00    0.00     6  postgres
08:40:46 PM 100998    636536    0.00    0.00    0.00    0.00    0.00     5  postgres
08:40:46 PM 100998    636538    0.00    0.00    0.00    0.00    0.00     6  postgres
08:40:46 PM 100998    636539    0.00    0.00    0.00    0.00    0.00     5  postgres
08:40:46 PM 100998    636605    1.00    1.00    0.00    0.00    2.00     4  postgres
08:40:46 PM 100998    636613    1.00    1.00    0.00    0.00    2.00     6  postgres
08:40:46 PM 100998    636615    1.00    1.00    0.00    0.00    2.00     4  postgres
08:40:46 PM 100998    636616    1.00    0.00    0.00    0.00    1.00     6  postgres
08:40:46 PM 100998    636617    1.00    1.00    0.00    0.00    2.00     4  postgres
08:40:46 PM 100998    636630    1.00    1.00    0.00    0.00    2.00     4  postgres
08:40:46 PM 100998    636631    1.00    0.00    0.00    0.00    1.00     5  postgres
08:40:46 PM 100998    636632    1.00    0.00    0.00    0.00    1.00     4  postgres
08:40:46 PM 100998    636633    2.00    1.00    0.00    0.00    3.00     4  postgres
08:40:46 PM 100998    636634    1.00    1.00    0.00    0.00    2.00     4  postgres
08:40:46 PM 100998    636635    1.00    1.00    0.00    0.00    2.00     5  postgres
08:40:46 PM 100998    636636    1.00    1.00    0.00    0.00    2.00     6  postgres
08:40:46 PM 100998    636638    1.00    0.00    0.00    0.00    1.00     6  postgres
08:40:46 PM 100998    636639    1.00    1.00    0.00    0.00    2.00     6  postgres
08:40:46 PM 100998    636640    1.00    1.00    0.00    0.00    2.00     5  postgres
08:40:46 PM 100998    636642    1.00    1.00    0.00    0.00    2.00     4  postgres
08:40:46 PM 100998    636644    1.00    0.00    0.00    0.00    1.00     4  postgres
08:40:46 PM 100998    636646    1.00    0.00    0.00    0.00    1.00     4  postgres
08:40:46 PM 100998    636648    1.00    1.00    0.00    0.00    2.00     4  postgres
08:40:46 PM 100998    636653    1.00    1.00    0.00    0.00    2.00     5  postgres

08:40:46 PM   UID       PID    %usr %system  %guest   %wait    %CPU   CPU  Command
08:40:47 PM 100998    636535    0.00    0.00    0.00    0.00    0.00     6  postgres
08:40:47 PM 100998    636536    0.00    0.00    0.00    0.00    0.00     5  postgres
08:40:47 PM 100998    636538    0.00    0.00    0.00    0.00    0.00     6  postgres
08:40:47 PM 100998    636539    0.00    0.00    0.00    0.00    0.00     5  postgres
08:40:47 PM 100998    636605    1.00    1.00    0.00    0.00    2.00     5  postgres
08:40:47 PM 100998    636613    1.00    1.00    0.00    0.00    2.00     6  postgres
08:40:47 PM 100998    636615    1.00    1.00    0.00    0.00    2.00     6  postgres
08:40:47 PM 100998    636616    1.00    2.00    0.00    0.00    3.00     4  postgres
08:40:47 PM 100998    636617    1.00    1.00    0.00    0.00    2.00     4  postgres
08:40:47 PM 100998    636630    1.00    0.00    0.00    0.00    1.00     4  postgres
08:40:47 PM 100998    636631    1.00    1.00    0.00    0.00    2.00     5  postgres
08:40:47 PM 100998    636632    1.00    1.00    0.00    0.00    2.00     4  postgres
08:40:47 PM 100998    636633    0.00    1.00    0.00    0.00    1.00     4  postgres
08:40:47 PM 100998    636634    1.00    0.00    0.00    0.00    1.00     6  postgres
08:40:47 PM 100998    636635    1.00    0.00    0.00    0.00    1.00     5  postgres
08:40:47 PM 100998    636636    1.00    0.00    0.00    0.00    1.00     6  postgres
08:40:47 PM 100998    636638    1.00    0.00    0.00    0.00    1.00     6  postgres
08:40:47 PM 100998    636639    1.00    1.00    0.00    0.00    2.00     6  postgres
08:40:47 PM 100998    636640    1.00    1.00    0.00    0.00    2.00     5  postgres
08:40:47 PM 100998    636642    1.00    1.00    0.00    0.00    2.00     4  postgres
08:40:47 PM 100998    636644    1.00    1.00    0.00    0.00    2.00     6  postgres
08:40:47 PM 100998    636646    0.00    1.00    0.00    0.00    1.00     4  postgres
08:40:47 PM 100998    636648    1.00    1.00    0.00    0.00    2.00     4  postgres
08:40:47 PM 100998    636653    1.00    0.00    0.00    0.00    1.00     5  postgres

08:40:47 PM   UID       PID    %usr %system  %guest   %wait    %CPU   CPU  Command
08:40:48 PM 100998    636535    0.00    0.00    0.00    0.00    0.00     6  postgres
08:40:48 PM 100998    636536    0.00    0.00    0.00    0.00    0.00     5  postgres
08:40:48 PM 100998    636538    0.00    0.00    0.00    0.00    0.00     6  postgres
08:40:48 PM 100998    636539    0.00    0.00    0.00    0.00    0.00     5  postgres
08:40:48 PM 100998    636605    1.00    1.00    0.00    0.00    2.00     5  postgres
08:40:48 PM 100998    636613    0.00    0.00    0.00    0.00    0.00     4  postgres
08:40:48 PM 100998    636615    1.00    1.00    0.00    0.00    2.00     6  postgres
08:40:48 PM 100998    636616    0.00    1.00    0.00    0.00    1.00     4  postgres
08:40:48 PM 100998    636617    1.00    0.00    0.00    0.00    1.00     6  postgres
08:40:48 PM 100998    636630    1.00    1.00    0.00    0.00    2.00     4  postgres
08:40:48 PM 100998    636631    2.00    0.00    0.00    0.00    2.00     5  postgres
08:40:48 PM 100998    636632    1.00    2.00    0.00    0.00    3.00     6  postgres
08:40:48 PM 100998    636633    1.00    1.00    0.00    0.00    2.00     4  postgres
08:40:48 PM 100998    636634    0.00    1.00    0.00    0.00    1.00     4  postgres
08:40:48 PM 100998    636635    0.00    1.00    0.00    0.00    1.00     5  postgres
08:40:48 PM 100998    636636    1.00    1.00    0.00    0.00    2.00     6  postgres
08:40:48 PM 100998    636638    1.00    2.00    0.00    0.00    3.00     6  postgres
08:40:48 PM 100998    636639    0.00    1.00    0.00    0.00    1.00     4  postgres
08:40:48 PM 100998    636640    1.00    0.00    0.00    0.00    1.00     5  postgres
08:40:48 PM 100998    636642    0.00    0.00    0.00    0.00    0.00     6  postgres
08:40:48 PM 100998    636644    0.00    1.00    0.00    0.00    1.00     6  postgres
08:40:48 PM 100998    636646    1.00    1.00    0.00    0.00    2.00     4  postgres
08:40:48 PM 100998    636648    0.00    0.00    0.00    0.00    0.00     6  postgres
08:40:48 PM 100998    636653    1.00    1.00    0.00    0.00    2.00     5  postgres

08:40:48 PM   UID       PID    %usr %system  %guest   %wait    %CPU   CPU  Command
08:40:49 PM 100998    636535    0.00    0.00    0.00    0.00    0.00     6  postgres
08:40:49 PM 100998    636536    0.00    0.00    0.00    0.00    0.00     5  postgres
08:40:49 PM 100998    636538    0.00    0.00    0.00    0.00    0.00     6  postgres
08:40:49 PM 100998    636539    0.00    0.00    0.00    0.00    0.00     5  postgres
08:40:49 PM 100998    636605    2.00    1.00    0.00    0.00    3.00     5  postgres
08:40:49 PM 100998    636613    1.00    1.00    0.00    0.00    2.00     6  postgres
08:40:49 PM 100998    636615    0.00    1.00    0.00    0.00    1.00     6  postgres
08:40:49 PM 100998    636616    1.00    0.00    0.00    0.00    1.00     4  postgres
08:40:49 PM 100998    636617    0.00    0.00    0.00    0.00    0.00     4  postgres
08:40:49 PM 100998    636630    1.00    1.00    0.00    0.00    2.00     6  postgres
08:40:49 PM 100998    636631    0.00    1.00    0.00    0.00    1.00     5  postgres
08:40:49 PM 100998    636632    1.00    0.00    0.00    0.00    1.00     6  postgres
08:40:49 PM 100998    636633    1.00    0.00    0.00    0.00    1.00     4  postgres
08:40:49 PM 100998    636634    1.00    0.00    0.00    0.00    1.00     6  postgres
08:40:49 PM 100998    636635    1.00    0.00    0.00    0.00    1.00     5  postgres
08:40:49 PM 100998    636636    0.00    1.00    0.00    0.00    1.00     6  postgres
08:40:49 PM 100998    636638    0.00    0.00    0.00    0.00    0.00     4  postgres
08:40:49 PM 100998    636639    1.00    1.00    0.00    0.00    2.00     4  postgres
08:40:49 PM 100998    636640    1.00    1.00    0.00    0.00    2.00     5  postgres
08:40:49 PM 100998    636642    1.00    1.00    0.00    0.00    2.00     4  postgres
08:40:49 PM 100998    636644    0.00    1.00    0.00    0.00    1.00     4  postgres
08:40:49 PM 100998    636646    0.00    0.00    0.00    0.00    0.00     4  postgres
08:40:49 PM 100998    636648    1.00    0.00    0.00    0.00    1.00     4  postgres
08:40:49 PM 100998    636653    0.00    1.00    0.00    0.00    1.00     5  postgres

08:40:49 PM   UID       PID    %usr %system  %guest   %wait    %CPU   CPU  Command
08:40:50 PM 100998    636535    0.00    0.00    0.00    0.00    0.00     6  postgres
08:40:50 PM 100998    636536    0.00    0.00    0.00    0.00    0.00     5  postgres
08:40:50 PM 100998    636538    0.00    0.00    0.00    0.00    0.00     6  postgres
08:40:50 PM 100998    636539    0.00    0.00    0.00    0.00    0.00     5  postgres
08:40:50 PM 100998    636605    0.00    1.00    0.00    0.00    1.00     5  postgres
08:40:50 PM 100998    636613    1.00    1.00    0.00    0.00    2.00     6  postgres
08:40:50 PM 100998    636615    2.00    1.00    0.00    0.00    3.00     6  postgres
08:40:50 PM 100998    636616    1.00    1.00    0.00    0.00    2.00     4  postgres
08:40:50 PM 100998    636617    1.00    1.00    0.00    0.00    2.00     4  postgres
08:40:50 PM 100998    636630    0.00    1.00    0.00    1.00    1.00     6  postgres
08:40:50 PM 100998    636631    1.00    1.00    0.00    0.00    2.00     5  postgres
08:40:50 PM 100998    636632    1.00    0.00    0.00    0.00    1.00     6  postgres
08:40:50 PM 100998    636633    0.00    1.00    0.00    0.00    1.00     6  postgres
08:40:50 PM 100998    636634    0.00    1.00    0.00    0.00    1.00     6  postgres
08:40:50 PM 100998    636635    2.00    2.00    0.00    0.00    4.00     5  postgres
08:40:50 PM 100998    636636    1.00    0.00    0.00    0.00    1.00     4  postgres
08:40:50 PM 100998    636638    1.00    2.00    0.00    0.00    3.00     4  postgres
08:40:50 PM 100998    636639    0.00    1.00    0.00    0.00    1.00     4  postgres
08:40:50 PM 100998    636640    1.00    2.00    0.00    0.00    3.00     4  postgres
08:40:50 PM 100998    636642    1.00    1.00    0.00    0.00    2.00     4  postgres
08:40:50 PM 100998    636644    1.00    1.00    0.00    0.00    2.00     6  postgres
08:40:50 PM 100998    636646    0.00    0.00    0.00    0.00    0.00     6  postgres
08:40:50 PM 100998    636648    0.00    1.00    0.00    0.00    1.00     4  postgres
08:40:50 PM 100998    636653    1.00    0.00    0.00    0.00    1.00     5  postgres

08:40:50 PM   UID       PID    %usr %system  %guest   %wait    %CPU   CPU  Command
08:40:51 PM 100998    636535    0.00    0.00    0.00    0.00    0.00     6  postgres
08:40:51 PM 100998    636536    0.00    0.00    0.00    0.00    0.00     5  postgres
08:40:51 PM 100998    636538    0.00    0.00    0.00    0.00    0.00     6  postgres
08:40:51 PM 100998    636539    0.00    0.00    0.00    0.00    0.00     5  postgres
08:40:51 PM 100998    636605    1.00    0.00    0.00    0.00    1.00     5  postgres
08:40:51 PM 100998    636613    1.00    1.00    0.00    0.00    2.00     6  postgres
08:40:51 PM 100998    636615    0.00    1.00    0.00    0.00    1.00     4  postgres
08:40:51 PM 100998    636616    1.00    1.00    0.00    0.00    2.00     6  postgres
08:40:51 PM 100998    636617    1.00    1.00    0.00    0.00    2.00     6  postgres
08:40:51 PM 100998    636630    2.00    0.00    0.00    0.00    2.00     5  postgres
08:40:51 PM 100998    636631    2.00    1.00    0.00    0.00    3.00     5  postgres
08:40:51 PM 100998    636632    1.00    1.00    0.00    0.00    2.00     6  postgres
08:40:51 PM 100998    636633    1.00    1.00    0.00    0.00    2.00     6  postgres
08:40:51 PM 100998    636634    1.00    1.00    0.00    0.00    2.00     6  postgres
08:40:51 PM 100998    636635    1.00    0.00    0.00    0.00    1.00     5  postgres
08:40:51 PM 100998    636636    0.00    1.00    0.00    0.00    1.00     4  postgres
08:40:51 PM 100998    636638    1.00    0.00    0.00    0.00    1.00     6  postgres
08:40:51 PM 100998    636639    1.00    1.00    0.00    0.00    2.00     4  postgres
08:40:51 PM 100998    636640    1.00    0.00    0.00    0.00    1.00     4  postgres
08:40:51 PM 100998    636642    0.00    0.00    0.00    0.00    0.00     6  postgres
08:40:51 PM 100998    636644    1.00    1.00    0.00    0.00    2.00     4  postgres
08:40:51 PM 100998    636646    0.00    0.00    0.00    0.00    0.00     4  postgres
08:40:51 PM 100998    636648    1.00    0.00    0.00    0.00    1.00     6  postgres
08:40:51 PM 100998    636653    1.00    1.00    0.00    0.00    2.00     5  postgres

08:40:51 PM   UID       PID    %usr %system  %guest   %wait    %CPU   CPU  Command
08:40:52 PM 100998    636535    0.00    0.00    0.00    0.00    0.00     6  postgres
08:40:52 PM 100998    636536    0.00    0.00    0.00    0.00    0.00     5  postgres
08:40:52 PM 100998    636538    0.00    0.00    0.00    0.00    0.00     6  postgres
08:40:52 PM 100998    636539    0.00    0.00    0.00    0.00    0.00     5  postgres
08:40:52 PM 100998    636605    1.00    2.00    0.00    1.00    3.00     5  postgres
08:40:52 PM 100998    636613    0.00    0.00    0.00    0.00    0.00     4  postgres
08:40:52 PM 100998    636615    1.00    1.00    0.00    0.00    2.00     6  postgres
08:40:52 PM 100998    636616    1.00    1.00    0.00    0.00    2.00     6  postgres
08:40:52 PM 100998    636617    1.00    1.00    0.00    0.00    2.00     4  postgres
08:40:52 PM 100998    636630    1.00    1.00    0.00    0.00    2.00     5  postgres
08:40:52 PM 100998    636631    1.00    1.00    0.00    0.00    2.00     5  postgres
08:40:52 PM 100998    636632    0.00    1.00    0.00    0.00    1.00     4  postgres
08:40:52 PM 100998    636633    1.00    1.00    0.00    1.00    2.00     6  postgres
08:40:52 PM 100998    636634    2.00    1.00    0.00    0.00    3.00     4  postgres
08:40:52 PM 100998    636635    1.00    1.00    0.00    0.00    2.00     4  postgres
08:40:52 PM 100998    636636    1.00    0.00    0.00    0.00    1.00     4  postgres
08:40:52 PM 100998    636638    2.00    1.00    0.00    1.00    3.00     4  postgres
08:40:52 PM 100998    636639    1.00    1.00    0.00    0.00    2.00     4  postgres
08:40:52 PM 100998    636640    1.00    1.00    0.00    0.00    2.00     5  postgres
08:40:52 PM 100998    636642    1.00    1.00    0.00    0.00    2.00     6  postgres
08:40:52 PM 100998    636644    1.00    1.00    0.00    0.00    2.00     4  postgres
08:40:52 PM 100998    636646    1.00    2.00    0.00    0.00    3.00     4  postgres
08:40:52 PM 100998    636648    0.00    1.00    0.00    0.00    1.00     4  postgres
08:40:52 PM 100998    636653    1.00    2.00    0.00    1.00    3.00     4  postgres

08:40:52 PM   UID       PID    %usr %system  %guest   %wait    %CPU   CPU  Command
08:40:53 PM 100998    636535    0.00    0.00    0.00    0.00    0.00     6  postgres
08:40:53 PM 100998    636536    0.00    0.00    0.00    0.00    0.00     5  postgres
08:40:53 PM 100998    636538    0.00    0.00    0.00    0.00    0.00     6  postgres
08:40:53 PM 100998    636539    0.00    0.00    0.00    0.00    0.00     5  postgres
08:40:53 PM 100998    636605    2.00    1.00    0.00    0.00    3.00     5  postgres
08:40:53 PM 100998    636613    1.00    1.00    0.00    0.00    2.00     4  postgres
08:40:53 PM 100998    636615    1.00    1.00    0.00    0.00    2.00     4  postgres
08:40:53 PM 100998    636616    1.00    0.00    0.00    0.00    1.00     6  postgres
08:40:53 PM 100998    636617    0.00    0.00    0.00    0.00    0.00     4  postgres
08:40:53 PM 100998    636630    0.00    0.00    0.00    0.00    0.00     5  postgres
08:40:53 PM 100998    636631    2.00    1.00    0.00    0.00    3.00     5  postgres
08:40:53 PM 100998    636632    1.00    1.00    0.00    0.00    2.00     4  postgres
08:40:53 PM 100998    636633    0.00    0.00    0.00    0.00    0.00     4  postgres
08:40:53 PM 100998    636634    0.00    0.00    0.00    0.00    0.00     4  postgres
08:40:53 PM 100998    636635    1.00    1.00    0.00    0.00    2.00     6  postgres
08:40:53 PM 100998    636636    1.00    1.00    0.00    0.00    2.00     6  postgres
08:40:53 PM 100998    636638    1.00    1.00    0.00    0.00    2.00     6  postgres
08:40:53 PM 100998    636639    1.00    0.00    0.00    0.00    1.00     6  postgres
08:40:53 PM 100998    636640    1.00    1.00    0.00    0.00    2.00     6  postgres
08:40:53 PM 100998    636642    1.00    1.00    0.00    0.00    2.00     4  postgres
08:40:53 PM 100998    636644    1.00    0.00    0.00    0.00    1.00     4  postgres
08:40:53 PM 100998    636646    0.00    0.00    0.00    0.00    0.00     6  postgres
08:40:53 PM 100998    636648    1.00    1.00    0.00    0.00    2.00     6  postgres
08:40:53 PM 100998    636653    1.00    1.00    0.00    0.00    2.00     4  postgres

08:40:53 PM   UID       PID    %usr %system  %guest   %wait    %CPU   CPU  Command
08:40:54 PM 100998    636535    0.00    0.00    0.00    0.00    0.00     6  postgres
08:40:54 PM 100998    636536    0.00    0.00    0.00    0.00    0.00     5  postgres
08:40:54 PM 100998    636538    0.00    0.00    0.00    0.00    0.00     6  postgres
08:40:54 PM 100998    636539    0.00    0.00    0.00    0.00    0.00     5  postgres
08:40:54 PM 100998    636605    0.00    1.00    0.00    0.00    1.00     5  postgres
08:40:54 PM 100998    636613    1.00    0.00    0.00    0.00    1.00     4  postgres
08:40:54 PM 100998    636615    1.00    1.00    0.00    0.00    2.00     5  postgres
08:40:54 PM 100998    636616    1.00    2.00    0.00    0.00    3.00     4  postgres
08:40:54 PM 100998    636617    1.00    1.00    0.00    0.00    2.00     6  postgres
08:40:54 PM 100998    636630    1.00    0.00    0.00    0.00    1.00     5  postgres
08:40:54 PM 100998    636631    1.00    1.00    0.00    1.00    2.00     5  postgres
08:40:54 PM 100998    636632    2.00    0.00    0.00    0.00    2.00     6  postgres
08:40:54 PM 100998    636633    1.00    1.00    0.00    0.00    2.00     4  postgres
08:40:54 PM 100998    636634    1.00    1.00    0.00    0.00    2.00     4  postgres
08:40:54 PM 100998    636635    0.00    0.00    0.00    0.00    0.00     4  postgres
08:40:54 PM 100998    636636    0.00    1.00    0.00    0.00    1.00     6  postgres
08:40:54 PM 100998    636638    1.00    1.00    0.00    0.00    2.00     4  postgres
08:40:54 PM 100998    636639    0.00    0.00    0.00    0.00    0.00     6  postgres
08:40:54 PM 100998    636640    2.00    1.00    0.00    0.00    3.00     6  postgres
08:40:54 PM 100998    636642    0.00    0.00    0.00    0.00    0.00     6  postgres
08:40:54 PM 100998    636644    0.00    1.00    0.00    0.00    1.00     4  postgres
08:40:54 PM 100998    636646    1.00    1.00    0.00    0.00    2.00     6  postgres
08:40:54 PM 100998    636648    0.00    0.00    0.00    0.00    0.00     6  postgres
08:40:54 PM 100998    636653    0.00    1.00    0.00    0.00    1.00     6  postgres

08:40:54 PM   UID       PID    %usr %system  %guest   %wait    %CPU   CPU  Command
08:40:55 PM 100998    636535    0.00    0.00    0.00    0.00    0.00     6  postgres
08:40:55 PM 100998    636536    0.00    0.00    0.00    0.00    0.00     5  postgres
08:40:55 PM 100998    636538    0.00    0.00    0.00    0.00    0.00     6  postgres
08:40:55 PM 100998    636539    0.00    0.00    0.00    0.00    0.00     5  postgres
08:40:55 PM 100998    636605    2.00    1.00    0.00    0.00    3.00     5  postgres
08:40:55 PM 100998    636613    1.00    1.00    0.00    0.00    2.00     6  postgres
08:40:55 PM 100998    636615    0.00    1.00    0.00    0.00    1.00     5  postgres
08:40:55 PM 100998    636616    1.00    0.00    0.00    0.00    1.00     6  postgres
08:40:55 PM 100998    636617    2.00    1.00    0.00    0.00    3.00     4  postgres
08:40:55 PM 100998    636630    2.00    1.00    0.00    0.00    3.00     5  postgres
08:40:55 PM 100998    636631    0.00    1.00    0.00    0.00    1.00     6  postgres
08:40:55 PM 100998    636632    0.00    1.00    0.00    0.00    1.00     4  postgres
08:40:55 PM 100998    636633    1.00    1.00    0.00    0.00    2.00     6  postgres
08:40:55 PM 100998    636634    1.00    1.00    0.00    0.00    2.00     6  postgres
08:40:55 PM 100998    636635    1.00    1.00    0.00    0.00    2.00     4  postgres
08:40:55 PM 100998    636636    1.00    1.00    0.00    0.00    2.00     4  postgres
08:40:55 PM 100998    636638    0.00    1.00    0.00    0.00    1.00     4  postgres
08:40:55 PM 100998    636639    0.00    1.00    0.00    0.00    1.00     6  postgres
08:40:55 PM 100998    636640    1.00    1.00    0.00    0.00    2.00     4  postgres
08:40:55 PM 100998    636642    1.00    2.00    0.00    0.00    3.00     6  postgres
08:40:55 PM 100998    636644    1.00    1.00    0.00    0.00    2.00     4  postgres
08:40:55 PM 100998    636646    0.00    0.00    0.00    0.00    0.00     6  postgres
08:40:55 PM 100998    636648    1.00    1.00    0.00    0.00    2.00     6  postgres
08:40:55 PM 100998    636653    1.00    1.00    0.00    0.00    2.00     4  postgres

08:40:55 PM   UID       PID    %usr %system  %guest   %wait    %CPU   CPU  Command
08:40:56 PM 100998    636535    0.00    0.00    0.00    0.00    0.00     6  postgres
08:40:56 PM 100998    636536    0.00    0.00    0.00    0.00    0.00     5  postgres
08:40:56 PM 100998    636538    0.00    0.00    0.00    0.00    0.00     6  postgres
08:40:56 PM 100998    636539    0.00    0.00    0.00    0.00    0.00     5  postgres
08:40:56 PM 100998    636605    1.00    0.00    0.00    0.00    1.00     4  postgres
08:40:56 PM 100998    636613    0.00    1.00    0.00    0.00    1.00     4  postgres
08:40:56 PM 100998    636615    2.00    1.00    0.00    0.00    3.00     5  postgres
08:40:56 PM 100998    636616    2.00    1.00    0.00    0.00    3.00     4  postgres
08:40:56 PM 100998    636617    1.00    2.00    0.00    0.00    3.00     6  postgres
08:40:56 PM 100998    636630    1.00    1.00    0.00    0.00    2.00     5  postgres
08:40:56 PM 100998    636631    1.00    0.00    0.00    0.00    1.00     4  postgres
08:40:56 PM 100998    636632    1.00    1.00    0.00    0.00    2.00     6  postgres
08:40:56 PM 100998    636633    1.00    1.00    0.00    0.00    2.00     4  postgres
08:40:56 PM 100998    636634    0.00    1.00    0.00    0.00    1.00     4  postgres
08:40:56 PM 100998    636635    0.00    0.00    0.00    0.00    0.00     4  postgres
08:40:56 PM 100998    636636    1.00    1.00    0.00    0.00    2.00     6  postgres
08:40:56 PM 100998    636638    1.00    1.00    0.00    0.00    2.00     6  postgres
08:40:56 PM 100998    636639    1.00    1.00    0.00    0.00    2.00     6  postgres
08:40:56 PM 100998    636640    0.00    0.00    0.00    1.00    0.00     4  postgres
08:40:56 PM 100998    636642    1.00    0.00    0.00    0.00    1.00     4  postgres
08:40:56 PM 100998    636644    1.00    0.00    0.00    0.00    1.00     4  postgres
08:40:56 PM 100998    636646    1.00    0.00    0.00    0.00    1.00     6  postgres
08:40:56 PM 100998    636648    1.00    1.00    0.00    0.00    2.00     4  postgres
08:40:56 PM 100998    636653    0.00    0.00    0.00    0.00    0.00     6  postgres

08:40:56 PM   UID       PID    %usr %system  %guest   %wait    %CPU   CPU  Command
08:40:57 PM 100998    636535    0.00    0.00    0.00    0.00    0.00     6  postgres
08:40:57 PM 100998    636536    0.00    0.00    0.00    0.00    0.00     5  postgres
08:40:57 PM 100998    636538    0.00    0.00    0.00    0.00    0.00     6  postgres
08:40:57 PM 100998    636539    0.00    0.00    0.00    0.00    0.00     5  postgres
08:40:57 PM 100998    636605    1.00    2.00    0.00    0.00    3.00     4  postgres
08:40:57 PM 100998    636613    1.00    2.00    0.00    0.00    3.00     6  postgres
08:40:57 PM 100998    636615    1.00    1.00    0.00    0.00    2.00     4  postgres
08:40:57 PM 100998    636616    0.00    2.00    0.00    0.00    2.00     6  postgres
08:40:57 PM 100998    636617    0.00    1.00    0.00    0.00    1.00     4  postgres
08:40:57 PM 100998    636630    1.00    1.00    0.00    0.00    2.00     5  postgres
08:40:57 PM 100998    636631    1.00    2.00    0.00    0.00    3.00     6  postgres
08:40:57 PM 100998    636632    1.00    1.00    0.00    0.00    2.00     6  postgres
08:40:57 PM 100998    636633    0.00    1.00    0.00    0.00    1.00     6  postgres
08:40:57 PM 100998    636634    1.00    1.00    0.00    0.00    2.00     6  postgres
08:40:57 PM 100998    636635    1.00    1.00    0.00    0.00    2.00     6  postgres
08:40:57 PM 100998    636636    2.00    1.00    0.00    1.00    3.00     6  postgres
08:40:57 PM 100998    636638    1.00    1.00    0.00    0.00    2.00     4  postgres
08:40:57 PM 100998    636639    1.00    0.00    0.00    0.00    1.00     6  postgres
08:40:57 PM 100998    636640    1.00    1.00    0.00    0.00    2.00     6  postgres
08:40:57 PM 100998    636642    1.00    1.00    0.00    0.00    2.00     6  postgres
08:40:57 PM 100998    636644    1.00    1.00    0.00    0.00    2.00     4  postgres
08:40:57 PM 100998    636646    1.00    1.00    0.00    0.00    2.00     6  postgres
08:40:57 PM 100998    636648    1.00    1.00    0.00    0.00    2.00     6  postgres
08:40:57 PM 100998    636653    1.00    1.00    0.00    0.00    2.00     4  postgres

08:40:57 PM   UID       PID    %usr %system  %guest   %wait    %CPU   CPU  Command
08:40:58 PM 100998    636535    0.00    0.00    0.00    0.00    0.00     6  postgres
08:40:58 PM 100998    636536    0.00    0.00    0.00    0.00    0.00     5  postgres
08:40:58 PM 100998    636538    0.00    0.00    0.00    0.00    0.00     6  postgres
08:40:58 PM 100998    636539    0.00    0.00    0.00    0.00    0.00     5  postgres
08:40:58 PM 100998    636605    1.00    0.00    0.00    0.00    1.00     6  postgres
08:40:58 PM 100998    636613    1.00    1.00    0.00    0.00    2.00     5  postgres
08:40:58 PM 100998    636615    1.00    1.00    0.00    0.00    2.00     4  postgres
08:40:58 PM 100998    636616    1.00    0.00    0.00    0.00    1.00     4  postgres
08:40:58 PM 100998    636617    1.00    1.00    0.00    1.00    2.00     6  postgres
08:40:58 PM 100998    636630    1.00    2.00    0.00    0.00    3.00     5  postgres
08:40:58 PM 100998    636631    1.00    0.00    0.00    0.00    1.00     4  postgres
08:40:58 PM 100998    636632    1.00    0.00    0.00    0.00    1.00     4  postgres
08:40:58 PM 100998    636633    1.00    1.00    0.00    0.00    2.00     4  postgres
08:40:58 PM 100998    636634    1.00    1.00    0.00    0.00    2.00     4  postgres
08:40:58 PM 100998    636635    1.00    0.00    0.00    0.00    1.00     6  postgres
08:40:58 PM 100998    636636    0.00    1.00    0.00    0.00    1.00     6  postgres
08:40:58 PM 100998    636638    1.00    0.00    0.00    0.00    1.00     6  postgres
08:40:58 PM 100998    636639    0.00    1.00    0.00    0.00    1.00     6  postgres
08:40:58 PM 100998    636640    1.00    1.00    0.00    0.00    2.00     6  postgres
08:40:58 PM 100998    636642    1.00    1.00    0.00    0.00    2.00     4  postgres
08:40:58 PM 100998    636644    1.00    1.00    0.00    0.00    2.00     4  postgres
08:40:58 PM 100998    636646    1.00    1.00    0.00    0.00    2.00     6  postgres
08:40:58 PM 100998    636648    0.00    1.00    0.00    0.00    1.00     6  postgres
08:40:58 PM 100998    636653    1.00    1.00    0.00    0.00    2.00     6  postgres

08:40:58 PM   UID       PID    %usr %system  %guest   %wait    %CPU   CPU  Command
08:40:59 PM 100998    636535    0.00    0.00    0.00    0.00    0.00     6  postgres
08:40:59 PM 100998    636536    0.00    0.00    0.00    0.00    0.00     5  postgres
08:40:59 PM 100998    636538    0.00    0.00    0.00    0.00    0.00     6  postgres
08:40:59 PM 100998    636539    0.00    0.00    0.00    0.00    0.00     5  postgres
08:40:59 PM 100998    636605    0.00    0.00    0.00    0.00    0.00     6  postgres
08:40:59 PM 100998    636613    1.00    1.00    0.00    0.00    2.00     5  postgres
08:40:59 PM 100998    636615    1.00    1.00    0.00    0.00    2.00     6  postgres
08:40:59 PM 100998    636616    1.00    1.00    0.00    0.00    2.00     6  postgres
08:40:59 PM 100998    636617    2.00    1.00    0.00    0.00    3.00     6  postgres
08:40:59 PM 100998    636630    1.00    0.00    0.00    0.00    1.00     4  postgres
08:40:59 PM 100998    636631    1.00    1.00    0.00    0.00    2.00     6  postgres
08:40:59 PM 100998    636632    1.00    1.00    0.00    0.00    2.00     4  postgres
08:40:59 PM 100998    636633    2.00    0.00    0.00    0.00    2.00     4  postgres
08:40:59 PM 100998    636634    1.00    1.00    0.00    0.00    2.00     4  postgres
08:40:59 PM 100998    636635    0.00    1.00    0.00    0.00    1.00     4  postgres
08:40:59 PM 100998    636636    1.00    1.00    0.00    0.00    2.00     4  postgres
08:40:59 PM 100998    636638    1.00    1.00    0.00    0.00    2.00     4  postgres
08:40:59 PM 100998    636639    1.00    1.00    0.00    0.00    2.00     6  postgres
08:40:59 PM 100998    636640    1.00    0.00    0.00    0.00    1.00     4  postgres
08:40:59 PM 100998    636642    1.00    1.00    0.00    0.00    2.00     6  postgres
08:40:59 PM 100998    636644    0.00    1.00    0.00    0.00    1.00     6  postgres
08:40:59 PM 100998    636646    1.00    1.00    0.00    0.00    2.00     6  postgres
08:40:59 PM 100998    636648    1.00    0.00    0.00    0.00    1.00     6  postgres
08:40:59 PM 100998    636653    1.00    1.00    0.00    0.00    2.00     6  postgres

08:40:59 PM   UID       PID    %usr %system  %guest   %wait    %CPU   CPU  Command
08:41:00 PM 100998    636535    0.00    0.00    0.00    0.00    0.00     6  postgres
08:41:00 PM 100998    636536    0.00    0.00    0.00    0.00    0.00     5  postgres
08:41:00 PM 100998    636538    0.00    0.00    0.00    0.00    0.00     6  postgres
08:41:00 PM 100998    636539    0.00    0.00    0.00    0.00    0.00     5  postgres
08:41:00 PM 100998    636605    0.00    1.00    0.00    0.00    1.00     4  postgres
08:41:00 PM 100998    636613    1.00    1.00    0.00    0.00    2.00     5  postgres
08:41:00 PM 100998    636615    0.00    1.00    0.00    0.00    1.00     6  postgres
08:41:00 PM 100998    636616    1.00    1.00    0.00    0.00    2.00     6  postgres
08:41:00 PM 100998    636617    1.00    1.00    0.00    0.00    2.00     6  postgres
08:41:00 PM 100998    636630    1.00    1.00    0.00    0.00    2.00     4  postgres
08:41:00 PM 100998    636631    1.00    1.00    0.00    0.00    2.00     5  postgres
08:41:00 PM 100998    636632    0.00    0.00    0.00    0.00    0.00     6  postgres
08:41:00 PM 100998    636633    1.00    0.00    0.00    0.00    1.00     4  postgres
08:41:00 PM 100998    636634    0.00    0.00    0.00    0.00    0.00     4  postgres
08:41:00 PM 100998    636635    1.00    1.00    0.00    0.00    2.00     4  postgres
08:41:00 PM 100998    636636    0.00    1.00    0.00    0.00    1.00     6  postgres
08:41:00 PM 100998    636638    1.00    1.00    0.00    0.00    2.00     6  postgres
08:41:00 PM 100998    636639    0.00    1.00    0.00    0.00    1.00     4  postgres
08:41:00 PM 100998    636640    0.00    0.00    0.00    0.00    0.00     4  postgres
08:41:00 PM 100998    636642    0.00    0.00    0.00    0.00    0.00     6  postgres
08:41:00 PM 100998    636644    1.00    1.00    0.00    0.00    2.00     6  postgres
08:41:00 PM 100998    636646    0.00    1.00    0.00    0.00    1.00     5  postgres
08:41:00 PM 100998    636648    1.00    1.00    0.00    0.00    2.00     6  postgres
08:41:00 PM 100998    636653    0.00    0.00    0.00    0.00    0.00     6  postgres

08:41:00 PM   UID       PID    %usr %system  %guest   %wait    %CPU   CPU  Command
08:41:01 PM 100998    636535    0.00    0.00    0.00    0.00    0.00     6  postgres
08:41:01 PM 100998    636536    0.00    0.00    0.00    0.00    0.00     5  postgres
08:41:01 PM 100998    636538    0.00    0.00    0.00    0.00    0.00     6  postgres
08:41:01 PM 100998    636539    0.00    0.00    0.00    0.00    0.00     5  postgres
08:41:01 PM 100998    636605    1.00    1.00    0.00    0.00    2.00     4  postgres
08:41:01 PM 100998    636613    1.00    1.00    0.00    0.00    2.00     5  postgres
08:41:01 PM 100998    636615    0.00    1.00    0.00    0.00    1.00     4  postgres
08:41:01 PM 100998    636616    0.00    2.00    0.00    0.00    2.00     4  postgres
08:41:01 PM 100998    636617    1.00    1.00    0.00    0.00    2.00     6  postgres
08:41:01 PM 100998    636630    1.00    1.00    0.00    0.00    2.00     6  postgres
08:41:01 PM 100998    636631    1.00    1.00    0.00    0.00    2.00     5  postgres
08:41:01 PM 100998    636632    1.00    1.00    0.00    0.00    2.00     6  postgres
08:41:01 PM 100998    636633    0.00    1.00    0.00    0.00    1.00     4  postgres
08:41:01 PM 100998    636634    1.00    1.00    0.00    0.00    2.00     4  postgres
08:41:01 PM 100998    636635    0.00    0.00    0.00    0.00    0.00     4  postgres
08:41:01 PM 100998    636636    1.00    1.00    0.00    0.00    2.00     6  postgres
08:41:01 PM 100998    636638    0.00    1.00    0.00    0.00    1.00     4  postgres
08:41:01 PM 100998    636639    1.00    1.00    0.00    1.00    2.00     4  postgres
08:41:01 PM 100998    636640    1.00    2.00    0.00    0.00    3.00     6  postgres
08:41:01 PM 100998    636642    1.00    2.00    0.00    0.00    3.00     6  postgres
08:41:01 PM 100998    636644    1.00    1.00    0.00    0.00    2.00     6  postgres
08:41:01 PM 100998    636646    1.00    1.00    0.00    0.00    2.00     5  postgres
08:41:01 PM 100998    636648    1.00    1.00    0.00    0.00    2.00     6  postgres
08:41:01 PM 100998    636653    1.00    1.00    0.00    0.00    2.00     4  postgres

08:41:01 PM   UID       PID    %usr %system  %guest   %wait    %CPU   CPU  Command
08:41:02 PM 100998    636535    0.00    0.00    0.00    0.00    0.00     6  postgres
08:41:02 PM 100998    636536    0.00    0.00    0.00    0.00    0.00     5  postgres
08:41:02 PM 100998    636538    0.00    0.00    0.00    0.00    0.00     6  postgres
08:41:02 PM 100998    636539    0.00    0.00    0.00    0.00    0.00     5  postgres
08:41:02 PM 100998    636605    1.00    0.00    0.00    0.00    1.00     6  postgres
08:41:02 PM 100998    636613    2.00    1.00    0.00    0.00    3.00     5  postgres
08:41:02 PM 100998    636615    2.00    1.00    0.00    0.00    3.00     5  postgres
08:41:02 PM 100998    636616    2.00    1.00    0.00    0.00    3.00     4  postgres
08:41:02 PM 100998    636617    1.00    0.00    0.00    0.00    1.00     6  postgres
08:41:02 PM 100998    636630    1.00    1.00    0.00    0.00    2.00     4  postgres
08:41:02 PM 100998    636631    1.00    2.00    0.00    0.00    3.00     6  postgres
08:41:02 PM 100998    636632    1.00    1.00    0.00    0.00    2.00     6  postgres
08:41:02 PM 100998    636633    1.00    1.00    0.00    0.00    2.00     6  postgres
08:41:02 PM 100998    636634    1.00    1.00    0.00    0.00    2.00     4  postgres
08:41:02 PM 100998    636635    1.00    1.00    0.00    0.00    2.00     6  postgres
08:41:02 PM 100998    636636    1.00    1.00    0.00    0.00    2.00     6  postgres
08:41:02 PM 100998    636638    1.00    1.00    0.00    0.00    2.00     4  postgres
08:41:02 PM 100998    636639    1.00    1.00    0.00    0.00    2.00     4  postgres
08:41:02 PM 100998    636640    1.00    0.00    0.00    0.00    1.00     6  postgres
08:41:02 PM 100998    636642    1.00    0.00    0.00    0.00    1.00     4  postgres
08:41:02 PM 100998    636644    1.00    1.00    0.00    0.00    2.00     4  postgres
08:41:02 PM 100998    636646    1.00    1.00    0.00    0.00    2.00     6  postgres
08:41:02 PM 100998    636648    1.00    0.00    0.00    0.00    1.00     6  postgres
08:41:02 PM 100998    636653    0.00    1.00    0.00    0.00    1.00     6  postgres

08:41:02 PM   UID       PID    %usr %system  %guest   %wait    %CPU   CPU  Command
08:41:03 PM 100998    636535    0.00    0.00    0.00    0.00    0.00     6  postgres
08:41:03 PM 100998    636536    0.00    0.00    0.00    0.00    0.00     5  postgres
08:41:03 PM 100998    636538    0.00    0.00    0.00    0.00    0.00     6  postgres
08:41:03 PM 100998    636539    0.00    0.00    0.00    0.00    0.00     5  postgres
08:41:03 PM 100998    636605    1.00    1.00    0.00    0.00    2.00     5  postgres
08:41:03 PM 100998    636613    1.00    2.00    0.00    0.00    3.00     5  postgres
08:41:03 PM 100998    636615    1.00    1.00    0.00    0.00    2.00     6  postgres
08:41:03 PM 100998    636616    1.00    1.00    0.00    1.00    2.00     6  postgres
08:41:03 PM 100998    636617    1.00    2.00    0.00    0.00    3.00     5  postgres
08:41:03 PM 100998    636630    1.00    0.00    0.00    0.00    1.00     6  postgres
08:41:03 PM 100998    636631    0.00    1.00    0.00    0.00    1.00     4  postgres
08:41:03 PM 100998    636632    1.00    1.00    0.00    0.00    2.00     4  postgres
08:41:03 PM 100998    636633    1.00    1.00    0.00    0.00    2.00     4  postgres
08:41:03 PM 100998    636634    0.00    0.00    0.00    0.00    0.00     4  postgres
08:41:03 PM 100998    636635    0.00    0.00    0.00    0.00    0.00     6  postgres
08:41:03 PM 100998    636636    1.00    0.00    0.00    0.00    1.00     6  postgres
08:41:03 PM 100998    636638    1.00    1.00    0.00    0.00    2.00     4  postgres
08:41:03 PM 100998    636639    0.00    1.00    0.00    0.00    1.00     6  postgres
08:41:03 PM 100998    636640    1.00    1.00    0.00    0.00    2.00     6  postgres
08:41:03 PM 100998    636642    1.00    2.00    0.00    0.00    3.00     6  postgres
08:41:03 PM 100998    636644    0.00    0.00    0.00    0.00    0.00     6  postgres
08:41:03 PM 100998    636646    1.00    1.00    0.00    0.00    2.00     6  postgres
08:41:03 PM 100998    636648    0.00    1.00    0.00    0.00    1.00     6  postgres
08:41:03 PM 100998    636653    1.00    0.00    0.00    0.00    1.00     4  postgres

08:41:03 PM   UID       PID    %usr %system  %guest   %wait    %CPU   CPU  Command
08:41:04 PM 100998    636535    0.00    0.00    0.00    0.00    0.00     6  postgres
08:41:04 PM 100998    636536    0.00    0.00    0.00    0.00    0.00     5  postgres
08:41:04 PM 100998    636538    0.00    0.00    0.00    0.00    0.00     6  postgres
08:41:04 PM 100998    636539    0.00    0.00    0.00    0.00    0.00     5  postgres
08:41:04 PM 100998    636605    1.00    1.00    0.00    0.00    2.00     5  postgres
08:41:04 PM 100998    636613    0.00    0.00    0.00    0.00    0.00     5  postgres
08:41:04 PM 100998    636615    1.00    1.00    0.00    1.00    2.00     6  postgres
08:41:04 PM 100998    636616    1.00    0.00    0.00    0.00    1.00     6  postgres
08:41:04 PM 100998    636617    1.00    1.00    0.00    0.00    2.00     4  postgres
08:41:04 PM 100998    636630    1.00    0.00    0.00    0.00    1.00     4  postgres
08:41:04 PM 100998    636631    1.00    1.00    0.00    0.00    2.00     6  postgres
08:41:04 PM 100998    636632    1.00    1.00    0.00    0.00    2.00     6  postgres
08:41:04 PM 100998    636633    0.00    0.00    0.00    0.00    0.00     4  postgres
08:41:04 PM 100998    636634    1.00    1.00    0.00    0.00    2.00     4  postgres
08:41:04 PM 100998    636635    1.00    1.00    0.00    0.00    2.00     4  postgres
08:41:04 PM 100998    636636    1.00    1.00    0.00    0.00    2.00     4  postgres
08:41:04 PM 100998    636638    0.00    0.00    0.00    0.00    0.00     4  postgres
08:41:04 PM 100998    636639    1.00    0.00    0.00    0.00    1.00     6  postgres
08:41:04 PM 100998    636640    0.00    0.00    0.00    0.00    0.00     4  postgres
08:41:04 PM 100998    636642    0.00    0.00    0.00    0.00    0.00     4  postgres
08:41:04 PM 100998    636644    1.00    1.00    0.00    0.00    2.00     4  postgres
08:41:04 PM 100998    636646    0.00    0.00    0.00    0.00    0.00     6  postgres
08:41:04 PM 100998    636648    1.00    1.00    0.00    0.00    2.00     6  postgres
08:41:04 PM 100998    636653    0.00    1.00    0.00    0.00    1.00     4  postgres

08:41:04 PM   UID       PID    %usr %system  %guest   %wait    %CPU   CPU  Command
08:41:05 PM 100998    636535    0.00    0.00    0.00    0.00    0.00     6  postgres
08:41:05 PM 100998    636536    0.00    0.00    0.00    0.00    0.00     5  postgres
08:41:05 PM 100998    636538    0.00    0.00    0.00    0.00    0.00     6  postgres
08:41:05 PM 100998    636539    0.00    0.00    0.00    0.00    0.00     5  postgres
08:41:05 PM 100998    636605    0.00    0.00    0.00    0.00    0.00     5  postgres
08:41:05 PM 100998    636613    2.00    1.00    0.00    0.00    3.00     5  postgres
08:41:05 PM 100998    636615    1.00    0.00    0.00    0.00    1.00     6  postgres
08:41:05 PM 100998    636616    0.00    1.00    0.00    0.00    1.00     4  postgres
08:41:05 PM 100998    636617    1.00    1.00    0.00    0.00    2.00     6  postgres
08:41:05 PM 100998    636630    1.00    1.00    0.00    0.00    2.00     4  postgres
08:41:05 PM 100998    636631    1.00    1.00    0.00    0.00    2.00     4  postgres
08:41:05 PM 100998    636632    1.00    0.00    0.00    0.00    1.00     4  postgres
08:41:05 PM 100998    636633    1.00    1.00    0.00    0.00    2.00     4  postgres
08:41:05 PM 100998    636634    0.00    1.00    0.00    1.00    1.00     4  postgres
08:41:05 PM 100998    636635    1.00    1.00    0.00    0.00    2.00     6  postgres
08:41:05 PM 100998    636636    0.00    1.00    0.00    0.00    1.00     6  postgres
08:41:05 PM 100998    636638    1.00    0.00    0.00    0.00    1.00     6  postgres
08:41:05 PM 100998    636639    1.00    1.00    0.00    0.00    2.00     6  postgres
08:41:05 PM 100998    636640    1.00    1.00    0.00    0.00    2.00     4  postgres
08:41:05 PM 100998    636642    1.00    2.00    0.00    1.00    3.00     6  postgres
08:41:05 PM 100998    636644    1.00    1.00    0.00    1.00    2.00     4  postgres
08:41:05 PM 100998    636646    1.00    1.00    0.00    0.00    2.00     6  postgres
08:41:05 PM 100998    636648    1.00    1.00    0.00    0.00    2.00     5  postgres
08:41:05 PM 100998    636653    1.00    1.00    0.00    0.00    2.00     6  postgres

08:41:05 PM   UID       PID    %usr %system  %guest   %wait    %CPU   CPU  Command
08:41:06 PM 100998    636535    0.00    0.00    0.00    0.00    0.00     6  postgres
08:41:06 PM 100998    636536    0.00    0.00    0.00    0.00    0.00     5  postgres
08:41:06 PM 100998    636538    0.00    0.00    0.00    0.00    0.00     4  postgres
08:41:06 PM 100998    636539    0.00    0.00    0.00    0.00    0.00     5  postgres
08:41:06 PM 100998    636605    2.00    2.00    0.00    0.00    4.00     5  postgres
08:41:06 PM 100998    636613    2.00    1.00    0.00    0.00    3.00     5  postgres
08:41:06 PM 100998    636615    0.00    1.00    0.00    0.00    1.00     4  postgres
08:41:06 PM 100998    636616    1.00    1.00    0.00    0.00    2.00     4  postgres
08:41:06 PM 100998    636617    1.00    0.00    0.00    0.00    1.00     4  postgres
08:41:06 PM 100998    636630    1.00    2.00    0.00    0.00    3.00     6  postgres
08:41:06 PM 100998    636631    0.00    1.00    0.00    0.00    1.00     6  postgres
08:41:06 PM 100998    636632    0.00    1.00    0.00    0.00    1.00     4  postgres
08:41:06 PM 100998    636633    1.00    1.00    0.00    0.00    2.00     6  postgres
08:41:06 PM 100998    636634    1.00    0.00    0.00    0.00    1.00     4  postgres
08:41:06 PM 100998    636635    1.00    1.00    0.00    0.00    2.00     6  postgres
08:41:06 PM 100998    636636    1.00    1.00    0.00    0.00    2.00     4  postgres
08:41:06 PM 100998    636638    1.00    1.00    0.00    0.00    2.00     4  postgres
08:41:06 PM 100998    636639    1.00    1.00    0.00    0.00    2.00     4  postgres
08:41:06 PM 100998    636640    1.00    1.00    0.00    0.00    2.00     4  postgres
08:41:06 PM 100998    636642    1.00    1.00    0.00    0.00    2.00     4  postgres
08:41:06 PM 100998    636644    1.00    1.00    0.00    0.00    2.00     6  postgres
08:41:06 PM 100998    636646    1.00    1.00    0.00    0.00    2.00     4  postgres
08:41:06 PM 100998    636648    1.00    1.00    0.00    0.00    2.00     5  postgres
08:41:06 PM 100998    636653    1.00    1.00    0.00    0.00    2.00     6  postgres

08:41:06 PM   UID       PID    %usr %system  %guest   %wait    %CPU   CPU  Command
08:41:07 PM 100998    636535    0.00    0.00    0.00    0.00    0.00     6  postgres
08:41:07 PM 100998    636536    0.00    0.00    0.00    0.00    0.00     5  postgres
08:41:07 PM 100998    636538    0.00    0.00    0.00    0.00    0.00     4  postgres
08:41:07 PM 100998    636539    0.00    0.00    0.00    0.00    0.00     5  postgres
08:41:07 PM 100998    636605    0.00    0.00    0.00    0.00    0.00     5  postgres
08:41:07 PM 100998    636613    1.00    1.00    0.00    0.00    2.00     5  postgres
08:41:07 PM 100998    636615    1.00    1.00    0.00    0.00    2.00     4  postgres
08:41:07 PM 100998    636616    1.00    0.00    0.00    0.00    1.00     4  postgres
08:41:07 PM 100998    636617    1.00    0.00    0.00    0.00    1.00     6  postgres
08:41:07 PM 100998    636630    0.00    0.00    0.00    0.00    0.00     4  postgres
08:41:07 PM 100998    636631    1.00    0.00    0.00    0.00    1.00     5  postgres
08:41:07 PM 100998    636632    1.00    0.00    0.00    0.00    1.00     6  postgres
08:41:07 PM 100998    636633    1.00    0.00    0.00    0.00    1.00     4  postgres
08:41:07 PM 100998    636634    1.00    1.00    0.00    0.00    2.00     6  postgres
08:41:07 PM 100998    636635    1.00    1.00    0.00    0.00    2.00     4  postgres
08:41:07 PM 100998    636636    1.00    1.00    0.00    0.00    2.00     6  postgres
08:41:07 PM 100998    636638    0.00    1.00    0.00    0.00    1.00     4  postgres
08:41:07 PM 100998    636639    0.00    1.00    0.00    0.00    1.00     6  postgres
08:41:07 PM 100998    636640    0.00    0.00    0.00    0.00    0.00     4  postgres
08:41:07 PM 100998    636642    1.00    0.00    0.00    0.00    1.00     6  postgres
08:41:07 PM 100998    636644    0.00    0.00    0.00    0.00    0.00     4  postgres
08:41:07 PM 100998    636646    1.00    0.00    0.00    0.00    1.00     6  postgres
08:41:07 PM 100998    636648    1.00    0.00    0.00    0.00    1.00     4  postgres
08:41:07 PM 100998    636653    0.00    0.00    0.00    0.00    0.00     4  postgres

08:41:07 PM   UID       PID    %usr %system  %guest   %wait    %CPU   CPU  Command
08:41:08 PM 100998    636535    0.00    0.00    0.00    0.00    0.00     6  postgres
08:41:08 PM 100998    636536    0.00    0.00    0.00    0.00    0.00     5  postgres
08:41:08 PM 100998    636538    0.00    0.00    0.00    0.00    0.00     4  postgres
08:41:08 PM 100998    636539    0.00    0.00    0.00    0.00    0.00     5  postgres
08:41:08 PM 100998    636605    3.00    2.00    0.00    0.00    5.00     5  postgres
08:41:08 PM 100998    636613    0.00    1.00    0.00    0.00    1.00     5  postgres
08:41:08 PM 100998    636615    1.00    1.00    0.00    0.00    2.00     6  postgres
08:41:08 PM 100998    636616    1.00    1.00    0.00    0.00    2.00     6  postgres
08:41:08 PM 100998    636617    1.00    1.00    0.00    0.00    2.00     6  postgres
08:41:08 PM 100998    636630    2.00    0.00    0.00    0.00    2.00     6  postgres
08:41:08 PM 100998    636631    1.00    1.00    0.00    1.00    2.00     5  postgres
08:41:08 PM 100998    636632    1.00    1.00    0.00    0.00    2.00     6  postgres
08:41:08 PM 100998    636633    1.00    1.00    0.00    0.00    2.00     6  postgres
08:41:08 PM 100998    636634    0.00    1.00    0.00    0.00    1.00     6  postgres
08:41:08 PM 100998    636635    0.00    0.00    0.00    0.00    0.00     6  postgres
08:41:08 PM 100998    636636    0.00    0.00    0.00    0.00    0.00     6  postgres
08:41:08 PM 100998    636638    1.00    0.00    0.00    0.00    1.00     4  postgres
08:41:08 PM 100998    636639    1.00    0.00    0.00    0.00    1.00     4  postgres
08:41:08 PM 100998    636640    1.00    1.00    0.00    0.00    2.00     4  postgres
08:41:08 PM 100998    636642    1.00    1.00    0.00    0.00    2.00     4  postgres
08:41:08 PM 100998    636644    1.00    1.00    0.00    0.00    2.00     6  postgres
08:41:08 PM 100998    636646    0.00    1.00    0.00    0.00    1.00     4  postgres
08:41:08 PM 100998    636648    0.00    2.00    0.00    0.00    2.00     6  postgres
08:41:08 PM 100998    636653    1.00    1.00    0.00    0.00    2.00     4  postgres

08:41:08 PM   UID       PID    %usr %system  %guest   %wait    %CPU   CPU  Command
08:41:09 PM 100998    636535    0.00    0.00    0.00    0.00    0.00     6  postgres
08:41:09 PM 100998    636536    0.00    0.00    0.00    0.00    0.00     5  postgres
08:41:09 PM 100998    636538    0.00    0.00    0.00    0.00    0.00     4  postgres
08:41:09 PM 100998    636539    0.00    0.00    0.00    0.00    0.00     5  postgres
08:41:09 PM 100998    636605    1.00    0.00    0.00    0.00    1.00     6  postgres
08:41:09 PM 100998    636613    1.00    0.00    0.00    0.00    1.00     5  postgres
08:41:09 PM 100998    636615    1.00    1.00    0.00    0.00    2.00     4  postgres
08:41:09 PM 100998    636616    1.00    2.00    0.00    0.00    3.00     4  postgres
08:41:09 PM 100998    636617    1.00    1.00    0.00    0.00    2.00     4  postgres
08:41:09 PM 100998    636630    1.00    1.00    0.00    0.00    2.00     4  postgres
08:41:09 PM 100998    636631    2.00    1.00    0.00    0.00    3.00     5  postgres
08:41:09 PM 100998    636632    1.00    1.00    0.00    1.00    2.00     6  postgres
08:41:09 PM 100998    636633    1.00    1.00    0.00    0.00    2.00     6  postgres
08:41:09 PM 100998    636634    1.00    0.00    0.00    0.00    1.00     6  postgres
08:41:09 PM 100998    636635    1.00    1.00    0.00    0.00    2.00     6  postgres
08:41:09 PM 100998    636636    1.00    1.00    0.00    0.00    2.00     6  postgres
08:41:09 PM 100998    636638    0.00    1.00    0.00    0.00    1.00     4  postgres
08:41:09 PM 100998    636639    1.00    1.00    0.00    0.00    2.00     6  postgres
08:41:09 PM 100998    636640    1.00    1.00    0.00    0.00    2.00     5  postgres
08:41:09 PM 100998    636642    0.00    1.00    0.00    0.00    1.00     6  postgres
08:41:09 PM 100998    636644    0.00    0.00    0.00    0.00    0.00     5  postgres
08:41:09 PM 100998    636646    1.00    1.00    0.00    0.00    2.00     4  postgres
08:41:09 PM 100998    636648    1.00    0.00    0.00    0.00    1.00     6  postgres
08:41:09 PM 100998    636653    1.00    1.00    0.00    0.00    2.00     4  postgres

08:41:09 PM   UID       PID    %usr %system  %guest   %wait    %CPU   CPU  Command
08:41:10 PM 100998    636535    0.00    0.00    0.00    0.00    0.00     6  postgres
08:41:10 PM 100998    636536    0.00    0.00    0.00    0.00    0.00     5  postgres
08:41:10 PM 100998    636538    0.00    0.00    0.00    0.00    0.00     4  postgres
08:41:10 PM 100998    636539    0.00    0.00    0.00    0.00    0.00     5  postgres
08:41:10 PM 100998    636605    1.00    1.00    0.00    0.00    2.00     4  postgres
08:41:10 PM 100998    636613    1.00    1.00    0.00    0.00    2.00     5  postgres
08:41:10 PM 100998    636615    1.00    1.00    0.00    0.00    2.00     6  postgres
08:41:10 PM 100998    636616    1.00    1.00    0.00    0.00    2.00     6  postgres
08:41:10 PM 100998    636617    1.00    1.00    0.00    0.00    2.00     6  postgres
08:41:10 PM 100998    636630    1.00    1.00    0.00    0.00    2.00     6  postgres
08:41:10 PM 100998    636631    1.00    1.00    0.00    0.00    2.00     5  postgres
08:41:10 PM 100998    636632    1.00    1.00    0.00    0.00    2.00     6  postgres
08:41:10 PM 100998    636633    0.00    0.00    0.00    0.00    0.00     4  postgres
08:41:10 PM 100998    636634    1.00    1.00    0.00    0.00    2.00     4  postgres
08:41:10 PM 100998    636635    1.00    1.00    0.00    0.00    2.00     6  postgres
08:41:10 PM 100998    636636    1.00    1.00    0.00    0.00    2.00     4  postgres
08:41:10 PM 100998    636638    1.00    0.00    0.00    0.00    1.00     6  postgres
08:41:10 PM 100998    636639    1.00    0.00    0.00    0.00    1.00     4  postgres
08:41:10 PM 100998    636640    1.00    1.00    0.00    0.00    2.00     5  postgres
08:41:10 PM 100998    636642    2.00    1.00    0.00    0.00    3.00     4  postgres
08:41:10 PM 100998    636644    0.00    1.00    0.00    0.00    1.00     4  postgres
08:41:10 PM 100998    636646    1.00    0.00    0.00    0.00    1.00     6  postgres
08:41:10 PM 100998    636648    1.00    1.00    0.00    0.00    2.00     4  postgres
08:41:10 PM 100998    636653    0.00    1.00    0.00    0.00    1.00     6  postgres

08:41:10 PM   UID       PID    %usr %system  %guest   %wait    %CPU   CPU  Command
08:41:11 PM 100998    636535    0.00    0.00    0.00    0.00    0.00     6  postgres
08:41:11 PM 100998    636536    0.00    0.00    0.00    0.00    0.00     5  postgres
08:41:11 PM 100998    636538    0.00    0.00    0.00    0.00    0.00     6  postgres
08:41:11 PM 100998    636539    0.00    0.00    0.00    0.00    0.00     5  postgres
08:41:11 PM 100998    636605    1.00    1.00    0.00    0.00    2.00     4  postgres
08:41:11 PM 100998    636613    1.00    0.00    0.00    0.00    1.00     5  postgres
08:41:11 PM 100998    636615    0.00    1.00    0.00    0.00    1.00     4  postgres
08:41:11 PM 100998    636616    0.00    0.00    0.00    0.00    0.00     6  postgres
08:41:11 PM 100998    636617    1.00    1.00    0.00    0.00    2.00     4  postgres
08:41:11 PM 100998    636630    0.00    1.00    0.00    0.00    1.00     4  postgres
08:41:11 PM 100998    636631    1.00    1.00    0.00    0.00    2.00     5  postgres
08:41:11 PM 100998    636632    1.00    0.00    0.00    0.00    1.00     6  postgres
08:41:11 PM 100998    636633    1.00    1.00    0.00    0.00    2.00     5  postgres
08:41:11 PM 100998    636634    1.00    1.00    0.00    0.00    2.00     4  postgres
08:41:11 PM 100998    636635    0.00    0.00    0.00    0.00    0.00     6  postgres
08:41:11 PM 100998    636636    1.00    0.00    0.00    0.00    1.00     6  postgres
08:41:11 PM 100998    636638    0.00    1.00    0.00    0.00    1.00     6  postgres
08:41:11 PM 100998    636639    0.00    2.00    0.00    0.00    2.00     5  postgres
08:41:11 PM 100998    636640    1.00    1.00    0.00    0.00    2.00     5  postgres
08:41:11 PM 100998    636642    0.00    1.00    0.00    0.00    1.00     6  postgres
08:41:11 PM 100998    636644    1.00    1.00    0.00    0.00    2.00     4  postgres
08:41:11 PM 100998    636646    0.00    1.00    0.00    0.00    1.00     6  postgres
08:41:11 PM 100998    636648    0.00    1.00    0.00    1.00    1.00     6  postgres
08:41:11 PM 100998    636653    1.00    1.00    0.00    0.00    2.00     6  postgres

08:41:11 PM   UID       PID    %usr %system  %guest   %wait    %CPU   CPU  Command
08:41:12 PM 100998    636535    0.00    0.00    0.00    0.00    0.00     6  postgres
08:41:12 PM 100998    636536    0.00    0.00    0.00    0.00    0.00     5  postgres
08:41:12 PM 100998    636538    0.00    0.00    0.00    0.00    0.00     6  postgres
08:41:12 PM 100998    636539    0.00    0.00    0.00    0.00    0.00     5  postgres
08:41:12 PM 100998    636605    1.00    1.00    0.00    0.00    2.00     5  postgres
08:41:12 PM 100998    636613    1.00    1.00    0.00    0.00    2.00     6  postgres
08:41:12 PM 100998    636615    1.00    2.00    0.00    0.00    3.00     4  postgres
08:41:12 PM 100998    636616    1.00    1.00    0.00    0.00    2.00     6  postgres
08:41:12 PM 100998    636617    1.00    1.00    0.00    0.00    2.00     4  postgres
08:41:12 PM 100998    636630    2.00    0.00    0.00    0.00    2.00     6  postgres
08:41:12 PM 100998    636631    1.00    1.00    0.00    0.00    2.00     6  postgres
08:41:12 PM 100998    636632    1.00    2.00    0.00    0.00    3.00     6  postgres
08:41:12 PM 100998    636633    2.00    1.00    0.00    0.00    3.00     4  postgres
08:41:12 PM 100998    636634    1.00    0.00    0.00    0.00    1.00     4  postgres
08:41:12 PM 100998    636635    1.00    2.00    0.00    1.00    3.00     6  postgres
08:41:12 PM 100998    636636    0.00    1.00    0.00    0.00    1.00     6  postgres
08:41:12 PM 100998    636638    1.00    1.00    0.00    0.00    2.00     6  postgres
08:41:12 PM 100998    636639    1.00    0.00    0.00    0.00    1.00     5  postgres
08:41:12 PM 100998    636640    0.00    0.00    0.00    0.00    0.00     4  postgres
08:41:12 PM 100998    636642    1.00    0.00    0.00    0.00    1.00     6  postgres
08:41:12 PM 100998    636644    1.00    0.00    0.00    0.00    1.00     6  postgres
08:41:12 PM 100998    636646    1.00    0.00    0.00    0.00    1.00     4  postgres
08:41:12 PM 100998    636648    1.00    1.00    0.00    0.00    2.00     6  postgres
08:41:12 PM 100998    636653    0.00    0.00    0.00    0.00    0.00     4  postgres

08:41:12 PM   UID       PID    %usr %system  %guest   %wait    %CPU   CPU  Command
08:41:13 PM 100998    636535    0.00    0.00    0.00    0.00    0.00     6  postgres
08:41:13 PM 100998    636536    0.00    0.00    0.00    0.00    0.00     5  postgres
08:41:13 PM 100998    636538    0.00    0.00    0.00    0.00    0.00     6  postgres
08:41:13 PM 100998    636539    0.00    0.00    0.00    0.00    0.00     5  postgres
08:41:13 PM 100998    636605    1.00    1.00    0.00    0.00    2.00     5  postgres
08:41:13 PM 100998    636613    1.00    0.00    0.00    1.00    1.00     4  postgres
08:41:13 PM 100998    636615    1.00    0.00    0.00    0.00    1.00     4  postgres
08:41:13 PM 100998    636616    1.00    1.00    0.00    0.00    2.00     6  postgres
08:41:13 PM 100998    636617    0.00    1.00    0.00    0.00    1.00     6  postgres
08:41:13 PM 100998    636630    1.00    1.00    0.00    0.00    2.00     4  postgres
08:41:13 PM 100998    636631    1.00    1.00    0.00    0.00    2.00     6  postgres
08:41:13 PM 100998    636632    1.00    1.00    0.00    0.00    2.00     6  postgres
08:41:13 PM 100998    636633    1.00    1.00    0.00    0.00    2.00     6  postgres
08:41:13 PM 100998    636634    1.00    2.00    0.00    0.00    3.00     6  postgres
08:41:13 PM 100998    636635    1.00    1.00    0.00    0.00    2.00     4  postgres
08:41:13 PM 100998    636636    2.00    1.00    0.00    0.00    3.00     6  postgres
08:41:13 PM 100998    636638    1.00    1.00    0.00    0.00    2.00     6  postgres
08:41:13 PM 100998    636639    1.00    1.00    0.00    0.00    2.00     5  postgres
08:41:13 PM 100998    636640    1.00    1.00    0.00    0.00    2.00     4  postgres
08:41:13 PM 100998    636642    1.00    1.00    0.00    0.00    2.00     4  postgres
08:41:13 PM 100998    636644    0.00    2.00    0.00    0.00    2.00     4  postgres
08:41:13 PM 100998    636646    1.00    1.00    0.00    0.00    2.00     4  postgres
08:41:13 PM 100998    636648    1.00    0.00    0.00    0.00    1.00     4  postgres
08:41:13 PM 100998    636653    1.00    0.00    0.00    0.00    1.00     5  postgres

08:41:13 PM   UID       PID    %usr %system  %guest   %wait    %CPU   CPU  Command
08:41:14 PM 100998    636535    0.00    0.00    0.00    0.00    0.00     6  postgres
08:41:14 PM 100998    636536    0.00    0.00    0.00    0.00    0.00     5  postgres
08:41:14 PM 100998    636538    0.00    0.00    0.00    0.00    0.00     6  postgres
08:41:14 PM 100998    636539    0.00    0.00    0.00    0.00    0.00     5  postgres
08:41:14 PM 100998    636605    1.00    1.00    0.00    0.00    2.00     5  postgres
08:41:14 PM 100998    636613    1.00    1.00    0.00    0.00    2.00     6  postgres
08:41:14 PM 100998    636615    1.00    2.00    0.00    0.00    3.00     4  postgres
08:41:14 PM 100998    636616    1.00    1.00    0.00    0.00    2.00     6  postgres
08:41:14 PM 100998    636617    1.00    1.00    0.00    0.00    2.00     6  postgres
08:41:14 PM 100998    636630    0.00    1.00    0.00    0.00    1.00     4  postgres
08:41:14 PM 100998    636631    1.00    1.00    0.00    0.00    2.00     6  postgres
08:41:14 PM 100998    636632    0.00    0.00    0.00    0.00    0.00     6  postgres
08:41:14 PM 100998    636633    0.00    0.00    0.00    0.00    0.00     4  postgres
08:41:14 PM 100998    636634    1.00    1.00    0.00    0.00    2.00     6  postgres
08:41:14 PM 100998    636635    0.00    1.00    0.00    0.00    1.00     4  postgres
08:41:14 PM 100998    636636    1.00    0.00    0.00    0.00    1.00     6  postgres
08:41:14 PM 100998    636638    0.00    1.00    0.00    0.00    1.00     4  postgres
08:41:14 PM 100998    636639    1.00    2.00    0.00    0.00    3.00     5  postgres
08:41:14 PM 100998    636640    1.00    1.00    0.00    0.00    2.00     5  postgres
08:41:14 PM 100998    636642    1.00    1.00    0.00    0.00    2.00     4  postgres
08:41:14 PM 100998    636644    1.00    0.00    0.00    0.00    1.00     4  postgres
08:41:14 PM 100998    636646    1.00    0.00    0.00    0.00    1.00     6  postgres
08:41:14 PM 100998    636648    1.00    0.00    0.00    0.00    1.00     4  postgres
08:41:14 PM 100998    636653    1.00    1.00    0.00    0.00    2.00     5  postgres

08:41:14 PM   UID       PID    %usr %system  %guest   %wait    %CPU   CPU  Command
08:41:15 PM 100998    636535    0.00    0.00    0.00    0.00    0.00     6  postgres
08:41:15 PM 100998    636536    0.00    0.00    0.00    0.00    0.00     4  postgres
08:41:15 PM 100998    636538    0.00    0.00    0.00    0.00    0.00     6  postgres
08:41:15 PM 100998    636539    0.00    0.00    0.00    0.00    0.00     5  postgres
08:41:15 PM 100998    636605    2.00    0.00    0.00    1.00    2.00     5  postgres
08:41:15 PM 100998    636613    1.00    1.00    0.00    0.00    2.00     4  postgres
08:41:15 PM 100998    636615    2.00    1.00    0.00    0.00    3.00     4  postgres
08:41:15 PM 100998    636616    1.00    0.00    0.00    0.00    1.00     6  postgres
08:41:15 PM 100998    636617    1.00    1.00    0.00    1.00    2.00     6  postgres
08:41:15 PM 100998    636630    2.00    1.00    0.00    0.00    3.00     6  postgres
08:41:15 PM 100998    636631    1.00    1.00    0.00    0.00    2.00     4  postgres
08:41:15 PM 100998    636632    1.00    1.00    0.00    0.00    2.00     6  postgres
08:41:15 PM 100998    636633    2.00    2.00    0.00    0.00    4.00     6  postgres
08:41:15 PM 100998    636634    0.00    0.00    0.00    0.00    0.00     6  postgres
08:41:15 PM 100998    636635    1.00    1.00    0.00    0.00    2.00     5  postgres
08:41:15 PM 100998    636636    0.00    0.00    0.00    0.00    0.00     6  postgres
08:41:15 PM 100998    636638    1.00    2.00    0.00    0.00    3.00     6  postgres
08:41:15 PM 100998    636639    2.00    0.00    0.00    0.00    2.00     5  postgres
08:41:15 PM 100998    636640    0.00    1.00    0.00    0.00    1.00     4  postgres
08:41:15 PM 100998    636642    1.00    1.00    0.00    0.00    2.00     4  postgres
08:41:15 PM 100998    636644    1.00    1.00    0.00    0.00    2.00     6  postgres
08:41:15 PM 100998    636646    0.00    1.00    0.00    0.00    1.00     6  postgres
08:41:15 PM 100998    636648    1.00    1.00    0.00    0.00    2.00     4  postgres
08:41:15 PM 100998    636653    0.00    0.00    0.00    0.00    0.00     5  postgres

08:41:15 PM   UID       PID    %usr %system  %guest   %wait    %CPU   CPU  Command
08:41:16 PM 100998    636535    0.00    0.00    0.00    0.00    0.00     6  postgres
08:41:16 PM 100998    636536    0.00    0.00    0.00    0.00    0.00     6  postgres
08:41:16 PM 100998    636538    0.00    0.00    0.00    0.00    0.00     6  postgres
08:41:16 PM 100998    636539    0.00    0.00    0.00    0.00    0.00     5  postgres
08:41:16 PM 100998    636605    1.00    1.00    0.00    0.00    2.00     5  postgres
08:41:16 PM 100998    636613    0.00    2.00    0.00    0.00    2.00     4  postgres
08:41:16 PM 100998    636615    0.00    1.00    0.00    0.00    1.00     4  postgres
08:41:16 PM 100998    636616    0.00    1.00    0.00    0.00    1.00     4  postgres
08:41:16 PM 100998    636617    1.00    0.00    0.00    0.00    1.00     4  postgres
08:41:16 PM 100998    636630    0.00    0.00    0.00    0.00    0.00     4  postgres
08:41:16 PM 100998    636631    0.00    0.00    0.00    0.00    0.00     6  postgres
08:41:16 PM 100998    636632    1.00    1.00    0.00    0.00    2.00     6  postgres
08:41:16 PM 100998    636633    1.00    1.00    0.00    0.00    2.00     6  postgres
08:41:16 PM 100998    636634    1.00    1.00    0.00    0.00    2.00     6  postgres
08:41:16 PM 100998    636635    1.00    1.00    0.00    0.00    2.00     5  postgres
08:41:16 PM 100998    636636    2.00    1.00    0.00    0.00    3.00     6  postgres
08:41:16 PM 100998    636638    1.00    1.00    0.00    1.00    2.00     4  postgres
08:41:16 PM 100998    636639    1.00    0.00    0.00    0.00    1.00     5  postgres
08:41:16 PM 100998    636640    1.00    2.00    0.00    0.00    3.00     6  postgres
08:41:16 PM 100998    636642    0.00    1.00    0.00    0.00    1.00     6  postgres
08:41:16 PM 100998    636644    0.00    0.00    0.00    0.00    0.00     4  postgres
08:41:16 PM 100998    636646    1.00    1.00    0.00    0.00    2.00     6  postgres
08:41:16 PM 100998    636648    0.00    1.00    0.00    0.00    1.00     6  postgres
08:41:16 PM 100998    636653    1.00    1.00    0.00    0.00    2.00     5  postgres

08:41:16 PM   UID       PID    %usr %system  %guest   %wait    %CPU   CPU  Command
08:41:17 PM 100998    636535    0.00    0.00    0.00    0.00    0.00     6  postgres
08:41:17 PM 100998    636536    0.00    0.00    0.00    0.00    0.00     4  postgres
08:41:17 PM 100998    636538    0.00    0.00    0.00    0.00    0.00     6  postgres
08:41:17 PM 100998    636539    0.00    0.00    0.00    0.00    0.00     5  postgres
08:41:17 PM 100998    636605    1.00    2.00    0.00    0.00    3.00     5  postgres
08:41:17 PM 100998    636613    1.00    0.00    0.00    0.00    1.00     4  postgres
08:41:17 PM 100998    636615    1.00    1.00    0.00    0.00    2.00     6  postgres
08:41:17 PM 100998    636616    1.00    1.00    0.00    0.00    2.00     4  postgres
08:41:17 PM 100998    636617    1.00    1.00    0.00    0.00    2.00     4  postgres
08:41:17 PM 100998    636630    1.00    1.00    0.00    1.00    2.00     5  postgres
08:41:17 PM 100998    636631    1.00    1.00    0.00    0.00    2.00     6  postgres
08:41:17 PM 100998    636632    0.00    1.00    0.00    0.00    1.00     4  postgres
08:41:17 PM 100998    636633    1.00    0.00    0.00    0.00    1.00     6  postgres
08:41:17 PM 100998    636634    1.00    1.00    0.00    0.00    2.00     6  postgres
08:41:17 PM 100998    636635    1.00    0.00    0.00    0.00    1.00     5  postgres
08:41:17 PM 100998    636636    0.00    1.00    0.00    0.00    1.00     6  postgres
08:41:17 PM 100998    636638    1.00    1.00    0.00    0.00    2.00     4  postgres
08:41:17 PM 100998    636639    2.00    1.00    0.00    0.00    3.00     5  postgres
08:41:17 PM 100998    636640    1.00    0.00    0.00    0.00    1.00     4  postgres
08:41:17 PM 100998    636642    1.00    0.00    0.00    0.00    1.00     4  postgres
08:41:17 PM 100998    636644    1.00    1.00    0.00    0.00    2.00     4  postgres
08:41:17 PM 100998    636646    1.00    0.00    0.00    0.00    1.00     6  postgres
08:41:17 PM 100998    636648    1.00    1.00    0.00    0.00    2.00     6  postgres
08:41:17 PM 100998    636653    0.00    0.00    0.00    0.00    0.00     5  postgres

08:41:17 PM   UID       PID    %usr %system  %guest   %wait    %CPU   CPU  Command
08:41:18 PM 100998    636535    0.00    0.00    0.00    0.00    0.00     6  postgres
08:41:18 PM 100998    636536    0.00    0.00    0.00    0.00    0.00     4  postgres
08:41:18 PM 100998    636538    0.00    0.00    0.00    0.00    0.00     6  postgres
08:41:18 PM 100998    636539    0.00    0.00    0.00    0.00    0.00     5  postgres
08:41:18 PM 100998    636605    1.00    0.00    0.00    0.00    1.00     6  postgres
08:41:18 PM 100998    636613    1.00    1.00    0.00    0.00    2.00     4  postgres
08:41:18 PM 100998    636615    0.00    1.00    0.00    0.00    1.00     4  postgres
08:41:18 PM 100998    636616    1.00    0.00    0.00    0.00    1.00     6  postgres
08:41:18 PM 100998    636617    0.00    0.00    0.00    0.00    0.00     6  postgres
08:41:18 PM 100998    636630    1.00    1.00    0.00    0.00    2.00     5  postgres
08:41:18 PM 100998    636631    2.00    1.00    0.00    0.00    3.00     6  postgres
08:41:18 PM 100998    636632    1.00    0.00    0.00    0.00    1.00     6  postgres
08:41:18 PM 100998    636633    1.00    2.00    0.00    0.00    3.00     6  postgres
08:41:18 PM 100998    636634    0.00    1.00    0.00    0.00    1.00     6  postgres
08:41:18 PM 100998    636635    0.00    1.00    0.00    0.00    1.00     5  postgres
08:41:18 PM 100998    636636    1.00    0.00    0.00    0.00    1.00     4  postgres
08:41:18 PM 100998    636638    0.00    0.00    0.00    0.00    0.00     4  postgres
08:41:18 PM 100998    636639    1.00    1.00    0.00    0.00    2.00     5  postgres
08:41:18 PM 100998    636640    1.00    1.00    0.00    0.00    2.00     4  postgres
08:41:18 PM 100998    636642    1.00    1.00    0.00    0.00    2.00     6  postgres
08:41:18 PM 100998    636644    0.00    0.00    0.00    0.00    0.00     4  postgres
08:41:18 PM 100998    636646    0.00    1.00    0.00    0.00    1.00     4  postgres
08:41:18 PM 100998    636648    0.00    0.00    0.00    0.00    0.00     6  postgres
08:41:18 PM 100998    636653    1.00    1.00    0.00    0.00    2.00     5  postgres

08:41:18 PM   UID       PID    %usr %system  %guest   %wait    %CPU   CPU  Command
08:41:19 PM 100998    636535    0.00    0.00    0.00    0.00    0.00     6  postgres
08:41:19 PM 100998    636536    0.00    0.00    0.00    0.00    0.00     4  postgres
08:41:19 PM 100998    636538    0.00    0.00    0.00    0.00    0.00     6  postgres
08:41:19 PM 100998    636539    0.00    0.00    0.00    0.00    0.00     5  postgres
08:41:19 PM 100998    636605    0.00    1.00    0.00    0.00    1.00     4  postgres
08:41:19 PM 100998    636613    0.00    1.00    0.00    0.00    1.00     6  postgres
08:41:19 PM 100998    636615    1.00    1.00    0.00    0.00    2.00     6  postgres
08:41:19 PM 100998    636616    1.00    1.00    0.00    0.00    2.00     4  postgres
08:41:19 PM 100998    636617    2.00    2.00    0.00    0.00    4.00     6  postgres
08:41:19 PM 100998    636630    1.00    1.00    0.00    0.00    2.00     4  postgres
08:41:19 PM 100998    636631    0.00    1.00    0.00    0.00    1.00     6  postgres
08:41:19 PM 100998    636632    1.00    1.00    0.00    0.00    2.00     5  postgres
08:41:19 PM 100998    636633    1.00    0.00    0.00    0.00    1.00     4  postgres
08:41:19 PM 100998    636634    1.00    1.00    0.00    0.00    2.00     5  postgres
08:41:19 PM 100998    636635    1.00    1.00    0.00    0.00    2.00     5  postgres
08:41:19 PM 100998    636636    1.00    1.00    0.00    0.00    2.00     6  postgres
08:41:19 PM 100998    636638    1.00    1.00    0.00    0.00    2.00     6  postgres
08:41:19 PM 100998    636639    1.00    0.00    0.00    1.00    1.00     5  postgres
08:41:19 PM 100998    636640    1.00    1.00    0.00    0.00    2.00     4  postgres
08:41:19 PM 100998    636642    0.00    1.00    0.00    0.00    1.00     6  postgres
08:41:19 PM 100998    636644    1.00    1.00    0.00    0.00    2.00     4  postgres
08:41:19 PM 100998    636646    0.00    1.00    0.00    0.00    1.00     4  postgres
08:41:19 PM 100998    636648    1.00    0.00    0.00    0.00    1.00     6  postgres
08:41:19 PM 100998    636653    1.00    1.00    0.00    0.00    2.00     5  postgres

08:41:19 PM   UID       PID    %usr %system  %guest   %wait    %CPU   CPU  Command
08:41:20 PM 100998    636535    0.00    0.00    0.00    0.00    0.00     6  postgres
08:41:20 PM 100998    636536    0.00    0.00    0.00    0.00    0.00     4  postgres
08:41:20 PM 100998    636538    0.00    0.00    0.00    0.00    0.00     6  postgres
08:41:20 PM 100998    636539    0.00    0.00    0.00    0.00    0.00     5  postgres
08:41:20 PM 100998    636605    1.00    1.00    0.00    0.00    2.00     4  postgres
08:41:20 PM 100998    636613    1.00    1.00    0.00    0.00    2.00     4  postgres
08:41:20 PM 100998    636615    1.00    1.00    0.00    0.00    2.00     6  postgres
08:41:20 PM 100998    636616    0.00    1.00    0.00    0.00    1.00     4  postgres
08:41:20 PM 100998    636617    0.00    1.00    0.00    0.00    1.00     6  postgres
08:41:20 PM 100998    636630    0.00    1.00    0.00    0.00    1.00     6  postgres
08:41:20 PM 100998    636631    1.00    1.00    0.00    0.00    2.00     4  postgres
08:41:20 PM 100998    636632    1.00    0.00    0.00    0.00    1.00     5  postgres
08:41:20 PM 100998    636633    0.00    1.00    0.00    0.00    1.00     6  postgres
08:41:20 PM 100998    636634    1.00    1.00    0.00    0.00    2.00     5  postgres
08:41:20 PM 100998    636635    1.00    0.00    0.00    0.00    1.00     5  postgres
08:41:20 PM 100998    636636    0.00    1.00    0.00    0.00    1.00     4  postgres
08:41:20 PM 100998    636638    0.00    1.00    0.00    0.00    1.00     6  postgres
08:41:20 PM 100998    636639    1.00    1.00    0.00    0.00    2.00     4  postgres
08:41:20 PM 100998    636640    1.00    1.00    0.00    0.00    2.00     6  postgres
08:41:20 PM 100998    636642    1.00    0.00    0.00    0.00    1.00     4  postgres
08:41:20 PM 100998    636644    1.00    0.00    0.00    0.00    1.00     4  postgres
08:41:20 PM 100998    636646    1.00    1.00    0.00    0.00    2.00     4  postgres
08:41:20 PM 100998    636648    0.00    1.00    0.00    0.00    1.00     6  postgres
08:41:20 PM 100998    636653    1.00    0.00    0.00    0.00    1.00     6  postgres

08:41:20 PM   UID       PID    %usr %system  %guest   %wait    %CPU   CPU  Command
08:41:21 PM 100998    636535    0.00    0.00    0.00    0.00    0.00     6  postgres
08:41:21 PM 100998    636536    0.00    0.00    0.00    0.00    0.00     4  postgres
08:41:21 PM 100998    636538    0.00    0.00    0.00    0.00    0.00     4  postgres
08:41:21 PM 100998    636539    0.00    0.00    0.00    0.00    0.00     5  postgres
08:41:21 PM 100998    636605    2.00    1.00    0.00    0.00    3.00     6  postgres
08:41:21 PM 100998    636613    1.00    1.00    0.00    0.00    2.00     4  postgres
08:41:21 PM 100998    636615    1.00    0.00    0.00    0.00    1.00     6  postgres
08:41:21 PM 100998    636616    1.00    1.00    0.00    0.00    2.00     4  postgres
08:41:21 PM 100998    636617    1.00    0.00    0.00    0.00    1.00     6  postgres
08:41:21 PM 100998    636630    1.00    2.00    0.00    0.00    3.00     4  postgres
08:41:21 PM 100998    636631    1.00    1.00    0.00    0.00    2.00     4  postgres
08:41:21 PM 100998    636632    1.00    1.00    0.00    0.00    2.00     5  postgres
08:41:21 PM 100998    636633    1.00    0.00    0.00    0.00    1.00     6  postgres
08:41:21 PM 100998    636634    2.00    0.00    0.00    0.00    2.00     5  postgres
08:41:21 PM 100998    636635    1.00    1.00    0.00    0.00    2.00     4  postgres
08:41:21 PM 100998    636636    2.00    1.00    0.00    0.00    3.00     4  postgres
08:41:21 PM 100998    636638    1.00    1.00    0.00    0.00    2.00     4  postgres
08:41:21 PM 100998    636639    0.00    1.00    0.00    0.00    1.00     6  postgres
08:41:21 PM 100998    636640    0.00    0.00    0.00    0.00    0.00     6  postgres
08:41:21 PM 100998    636642    0.00    1.00    0.00    0.00    1.00     6  postgres
08:41:21 PM 100998    636644    1.00    1.00    0.00    0.00    2.00     6  postgres
08:41:21 PM 100998    636646    1.00    0.00    0.00    0.00    1.00     6  postgres
08:41:21 PM 100998    636648    1.00    1.00    0.00    0.00    2.00     4  postgres
08:41:21 PM 100998    636653    1.00    1.00    0.00    0.00    2.00     6  postgres

08:41:21 PM   UID       PID    %usr %system  %guest   %wait    %CPU   CPU  Command
08:41:22 PM 100998    636535    0.00    0.00    0.00    0.00    0.00     6  postgres
08:41:22 PM 100998    636536    0.00    0.00    0.00    0.00    0.00     4  postgres
08:41:22 PM 100998    636538    0.00    0.00    0.00    0.00    0.00     4  postgres
08:41:22 PM 100998    636539    0.00    0.00    0.00    0.00    0.00     5  postgres
08:41:22 PM 100998    636605    0.00    1.00    0.00    0.00    1.00     4  postgres
08:41:22 PM 100998    636613    0.00    1.00    0.00    0.00    1.00     6  postgres
08:41:22 PM 100998    636615    1.00    1.00    0.00    0.00    2.00     6  postgres
08:41:22 PM 100998    636616    1.00    0.00    0.00    0.00    1.00     4  postgres
08:41:22 PM 100998    636617    1.00    1.00    0.00    0.00    2.00     6  postgres
08:41:22 PM 100998    636630    1.00    1.00    0.00    0.00    2.00     4  postgres
08:41:22 PM 100998    636631    0.00    0.00    0.00    0.00    0.00     6  postgres
08:41:22 PM 100998    636632    0.00    1.00    0.00    0.00    1.00     5  postgres
08:41:22 PM 100998    636633    0.00    1.00    0.00    0.00    1.00     6  postgres
08:41:22 PM 100998    636634    1.00    1.00    0.00    0.00    2.00     4  postgres
08:41:22 PM 100998    636635    0.00    1.00    0.00    0.00    1.00     4  postgres
08:41:22 PM 100998    636636    0.00    0.00    0.00    0.00    0.00     4  postgres
08:41:22 PM 100998    636638    1.00    1.00    0.00    0.00    2.00     6  postgres
08:41:22 PM 100998    636639    1.00    0.00    0.00    0.00    1.00     4  postgres
08:41:22 PM 100998    636640    1.00    1.00    0.00    1.00    2.00     6  postgres
08:41:22 PM 100998    636642    1.00    1.00    0.00    0.00    2.00     4  postgres
08:41:22 PM 100998    636644    0.00    1.00    0.00    0.00    1.00     6  postgres
08:41:22 PM 100998    636646    0.00    1.00    0.00    0.00    1.00     6  postgres
08:41:22 PM 100998    636648    0.00    0.00    0.00    0.00    0.00     6  postgres
08:41:22 PM 100998    636653    0.00    1.00    0.00    0.00    1.00     4  postgres

08:41:22 PM   UID       PID    %usr %system  %guest   %wait    %CPU   CPU  Command
08:41:23 PM 100998    636535    0.00    0.00    0.00    0.00    0.00     6  postgres
08:41:23 PM 100998    636536    0.00    0.00    0.00    0.00    0.00     4  postgres
08:41:23 PM 100998    636538    0.00    0.00    0.00    0.00    0.00     4  postgres
08:41:23 PM 100998    636539    0.00    0.00    0.00    0.00    0.00     5  postgres
08:41:23 PM 100998    636605    1.00    0.00    0.00    0.00    1.00     6  postgres
08:41:23 PM 100998    636613    1.00    1.00    0.00    0.00    2.00     6  postgres
08:41:23 PM 100998    636615    1.00    0.00    0.00    0.00    1.00     4  postgres
08:41:23 PM 100998    636616    0.00    1.00    0.00    0.00    1.00     4  postgres
08:41:23 PM 100998    636617    1.00    1.00    0.00    0.00    2.00     5  postgres
08:41:23 PM 100998    636630    0.00    0.00    0.00    0.00    0.00     6  postgres
08:41:23 PM 100998    636631    1.00    1.00    0.00    0.00    2.00     4  postgres
08:41:23 PM 100998    636632    1.00    0.00    0.00    0.00    1.00     5  postgres
08:41:23 PM 100998    636633    1.00    1.00    0.00    0.00    2.00     6  postgres
08:41:23 PM 100998    636634    0.00    1.00    0.00    0.00    1.00     6  postgres
08:41:23 PM 100998    636635    1.00    0.00    0.00    0.00    1.00     6  postgres
08:41:23 PM 100998    636636    1.00    1.00    0.00    0.00    2.00     6  postgres
08:41:23 PM 100998    636638    0.00    1.00    0.00    0.00    1.00     6  postgres
08:41:23 PM 100998    636639    0.00    1.00    0.00    0.00    1.00     6  postgres
08:41:23 PM 100998    636640    1.00    1.00    0.00    0.00    2.00     4  postgres
08:41:23 PM 100998    636642    0.00    1.00    0.00    0.00    1.00     4  postgres
08:41:23 PM 100998    636644    1.00    0.00    0.00    0.00    1.00     4  postgres
08:41:23 PM 100998    636646    1.00    0.00    0.00    0.00    1.00     6  postgres
08:41:23 PM 100998    636648    1.00    1.00    0.00    0.00    2.00     4  postgres
08:41:23 PM 100998    636653    1.00    0.00    0.00    0.00    1.00     4  postgres

08:41:23 PM   UID       PID    %usr %system  %guest   %wait    %CPU   CPU  Command
08:41:24 PM 100998    636535    0.00    0.00    0.00    0.00    0.00     6  postgres
08:41:24 PM 100998    636536    0.00    0.00    0.00    0.00    0.00     4  postgres
08:41:24 PM 100998    636538    0.00    0.00    0.00    0.00    0.00     4  postgres
08:41:24 PM 100998    636539    0.00    0.00    0.00    0.00    0.00     5  postgres
08:41:24 PM 100998    636605    2.00    1.00    0.00    0.00    3.00     6  postgres
08:41:24 PM 100998    636613    0.00    2.00    0.00    0.00    2.00     6  postgres
08:41:24 PM 100998    636615    0.00    2.00    0.00    0.00    2.00     6  postgres
08:41:24 PM 100998    636616    1.00    1.00    0.00    0.00    2.00     4  postgres
08:41:24 PM 100998    636617    0.00    1.00    0.00    0.00    1.00     5  postgres
08:41:24 PM 100998    636630    1.00    1.00    0.00    0.00    2.00     6  postgres
08:41:24 PM 100998    636631    0.00    1.00    0.00    0.00    1.00     4  postgres
08:41:24 PM 100998    636632    1.00    1.00    0.00    0.00    2.00     5  postgres
08:41:24 PM 100998    636633    1.00    1.00    0.00    0.00    2.00     4  postgres
08:41:24 PM 100998    636634    1.00    1.00    0.00    0.00    2.00     5  postgres
08:41:24 PM 100998    636635    1.00    1.00    0.00    0.00    2.00     6  postgres
08:41:24 PM 100998    636636    1.00    1.00    0.00    1.00    2.00     4  postgres
08:41:24 PM 100998    636638    1.00    0.00    0.00    0.00    1.00     6  postgres
08:41:24 PM 100998    636639    1.00    0.00    0.00    0.00    1.00     4  postgres
08:41:24 PM 100998    636640    0.00    1.00    0.00    0.00    1.00     4  postgres
08:41:24 PM 100998    636642    1.00    0.00    0.00    0.00    1.00     6  postgres
08:41:24 PM 100998    636644    0.00    1.00    0.00    0.00    1.00     6  postgres
08:41:24 PM 100998    636646    1.00    1.00    0.00    1.00    2.00     4  postgres
08:41:24 PM 100998    636648    1.00    1.00    0.00    0.00    2.00     4  postgres
08:41:24 PM 100998    636653    0.00    1.00    0.00    0.00    1.00     4  postgres

08:41:24 PM   UID       PID    %usr %system  %guest   %wait    %CPU   CPU  Command
08:41:25 PM 100998    636535    0.00    0.00    0.00    0.00    0.00     6  postgres
08:41:25 PM 100998    636536    0.00    0.00    0.00    0.00    0.00     4  postgres
08:41:25 PM 100998    636538    0.00    0.00    0.00    0.00    0.00     4  postgres
08:41:25 PM 100998    636539    0.00    0.00    0.00    0.00    0.00     5  postgres
08:41:25 PM 100998    636605    0.00    2.00    0.00    0.00    2.00     4  postgres
08:41:25 PM 100998    636613    1.00    1.00    0.00    0.00    2.00     6  postgres
08:41:25 PM 100998    636615    1.00    0.00    0.00    0.00    1.00     6  postgres
08:41:25 PM 100998    636616    1.00    1.00    0.00    0.00    2.00     4  postgres
08:41:25 PM 100998    636617    1.00    0.00    0.00    0.00    1.00     5  postgres
08:41:25 PM 100998    636630    2.00    1.00    0.00    0.00    3.00     4  postgres
08:41:25 PM 100998    636631    1.00    0.00    0.00    0.00    1.00     6  postgres
08:41:25 PM 100998    636632    2.00    0.00    0.00    0.00    2.00     5  postgres
08:41:25 PM 100998    636633    0.00    1.00    0.00    1.00    1.00     4  postgres
08:41:25 PM 100998    636634    1.00    0.00    0.00    0.00    1.00     5  postgres
08:41:25 PM 100998    636635    1.00    0.00    0.00    0.00    1.00     4  postgres
08:41:25 PM 100998    636636    1.00    1.00    0.00    0.00    2.00     6  postgres
08:41:25 PM 100998    636638    0.00    1.00    0.00    0.00    1.00     4  postgres
08:41:25 PM 100998    636639    1.00    1.00    0.00    0.00    2.00     4  postgres
08:41:25 PM 100998    636640    1.00    1.00    0.00    0.00    2.00     4  postgres
08:41:25 PM 100998    636642    1.00    1.00    0.00    0.00    2.00     6  postgres
08:41:25 PM 100998    636644    1.00    1.00    0.00    0.00    2.00     6  postgres
08:41:25 PM 100998    636646    1.00    0.00    0.00    0.00    1.00     4  postgres
08:41:25 PM 100998    636648    0.00    0.00    0.00    0.00    0.00     6  postgres
08:41:25 PM 100998    636653    1.00    1.00    0.00    0.00    2.00     4  postgres

08:41:25 PM   UID       PID    %usr %system  %guest   %wait    %CPU   CPU  Command
08:41:26 PM 100998    636535    0.00    0.00    0.00    0.00    0.00     6  postgres
08:41:26 PM 100998    636536    0.00    0.00    0.00    0.00    0.00     4  postgres
08:41:26 PM 100998    636538    0.00    0.00    0.00    0.00    0.00     4  postgres
08:41:26 PM 100998    636539    0.00    0.00    0.00    0.00    0.00     5  postgres
08:41:26 PM 100998    636605    1.00    0.00    0.00    0.00    1.00     4  postgres
08:41:26 PM 100998    636613    1.00    1.00    0.00    0.00    2.00     4  postgres
08:41:26 PM 100998    636615    1.00    1.00    0.00    0.00    2.00     4  postgres
08:41:26 PM 100998    636616    0.00    1.00    0.00    0.00    1.00     6  postgres
08:41:26 PM 100998    636617    1.00    1.00    0.00    0.00    2.00     5  postgres
08:41:26 PM 100998    636630    0.00    1.00    0.00    0.00    1.00     4  postgres
08:41:26 PM 100998    636631    1.00    1.00    0.00    0.00    2.00     4  postgres
08:41:26 PM 100998    636632    0.00    1.00    0.00    0.00    1.00     5  postgres
08:41:26 PM 100998    636633    1.00    1.00    0.00    0.00    2.00     6  postgres
08:41:26 PM 100998    636634    1.00    1.00    0.00    0.00    2.00     5  postgres
08:41:26 PM 100998    636635    0.00    1.00    0.00    0.00    1.00     4  postgres
08:41:26 PM 100998    636636    0.00    0.00    0.00    0.00    0.00     4  postgres
08:41:26 PM 100998    636638    1.00    1.00    0.00    0.00    2.00     6  postgres
08:41:26 PM 100998    636639    1.00    1.00    0.00    0.00    2.00     6  postgres
08:41:26 PM 100998    636640    1.00    1.00    0.00    0.00    2.00     6  postgres
08:41:26 PM 100998    636642    1.00    1.00    0.00    0.00    2.00     4  postgres
08:41:26 PM 100998    636644    1.00    0.00    0.00    0.00    1.00     6  postgres
08:41:26 PM 100998    636646    1.00    1.00    0.00    0.00    2.00     4  postgres
08:41:26 PM 100998    636648    1.00    1.00    0.00    0.00    2.00     6  postgres
08:41:26 PM 100998    636653    0.00    0.00    0.00    0.00    0.00     6  postgres

08:41:26 PM   UID       PID    %usr %system  %guest   %wait    %CPU   CPU  Command
08:41:27 PM 100998    636535    0.00    0.00    0.00    0.00    0.00     6  postgres
08:41:27 PM 100998    636536    0.00    0.00    0.00    0.00    0.00     6  postgres
08:41:27 PM 100998    636538    0.00    0.00    0.00    0.00    0.00     4  postgres
08:41:27 PM 100998    636539    0.00    0.00    0.00    0.00    0.00     5  postgres
08:41:27 PM 100998    636605    1.00    2.00    0.00    0.00    3.00     4  postgres
08:41:27 PM 100998    636613    1.00    1.00    0.00    0.00    2.00     6  postgres
08:41:27 PM 100998    636615    0.00    0.00    0.00    1.00    0.00     6  postgres
08:41:27 PM 100998    636616    1.00    0.00    0.00    0.00    1.00     4  postgres
08:41:27 PM 100998    636617    1.00    0.00    0.00    0.00    1.00     5  postgres
08:41:27 PM 100998    636630    1.00    0.00    0.00    0.00    1.00     6  postgres
08:41:27 PM 100998    636631    1.00    1.00    0.00    0.00    2.00     6  postgres
08:41:27 PM 100998    636632    2.00    1.00    0.00    0.00    3.00     5  postgres
08:41:27 PM 100998    636633    1.00    0.00    0.00    0.00    1.00     6  postgres
08:41:27 PM 100998    636634    0.00    1.00    0.00    0.00    1.00     5  postgres
08:41:27 PM 100998    636635    1.00    1.00    0.00    0.00    2.00     4  postgres
08:41:27 PM 100998    636636    1.00    1.00    0.00    0.00    2.00     6  postgres
08:41:27 PM 100998    636638    0.00    1.00    0.00    0.00    1.00     6  postgres
08:41:27 PM 100998    636639    0.00    1.00    0.00    0.00    1.00     4  postgres
08:41:27 PM 100998    636640    0.00    1.00    0.00    0.00    1.00     6  postgres
08:41:27 PM 100998    636642    0.00    0.00    0.00    0.00    0.00     6  postgres
08:41:27 PM 100998    636644    0.00    0.00    0.00    0.00    0.00     6  postgres
08:41:27 PM 100998    636646    1.00    0.00    0.00    0.00    1.00     5  postgres
08:41:27 PM 100998    636648    1.00    0.00    0.00    0.00    1.00     6  postgres
08:41:27 PM 100998    636653    1.00    1.00    0.00    0.00    2.00     6  postgres

08:41:27 PM   UID       PID    %usr %system  %guest   %wait    %CPU   CPU  Command
08:41:28 PM 100998    636535    0.00    0.00    0.00    0.00    0.00     6  postgres
08:41:28 PM 100998    636536    0.00    0.00    0.00    0.00    0.00     6  postgres
08:41:28 PM 100998    636538    0.00    0.00    0.00    0.00    0.00     4  postgres
08:41:28 PM 100998    636539    0.00    0.00    0.00    0.00    0.00     5  postgres
08:41:28 PM 100998    636605    1.00    0.00    0.00    0.00    1.00     4  postgres
08:41:28 PM 100998    636613    0.00    0.00    0.00    0.00    0.00     6  postgres
08:41:28 PM 100998    636615    2.00    1.00    0.00    0.00    3.00     4  postgres
08:41:28 PM 100998    636616    0.00    0.00    0.00    0.00    0.00     6  postgres
08:41:28 PM 100998    636617    1.00    1.00    0.00    0.00    2.00     5  postgres
08:41:28 PM 100998    636630    1.00    2.00    0.00    0.00    3.00     6  postgres
08:41:28 PM 100998    636631    0.00    1.00    0.00    0.00    1.00     4  postgres
08:41:28 PM 100998    636632    0.00    1.00    0.00    0.00    1.00     5  postgres
08:41:28 PM 100998    636633    1.00    1.00    0.00    0.00    2.00     4  postgres
08:41:28 PM 100998    636634    2.00    1.00    0.00    1.00    3.00     5  postgres
08:41:28 PM 100998    636635    1.00    1.00    0.00    0.00    2.00     6  postgres
08:41:28 PM 100998    636636    0.00    1.00    0.00    0.00    1.00     6  postgres
08:41:28 PM 100998    636638    1.00    0.00    0.00    0.00    1.00     4  postgres
08:41:28 PM 100998    636639    1.00    0.00    0.00    0.00    1.00     6  postgres
08:41:28 PM 100998    636640    1.00    1.00    0.00    0.00    2.00     6  postgres
08:41:28 PM 100998    636642    1.00    1.00    0.00    0.00    2.00     6  postgres
08:41:28 PM 100998    636644    1.00    1.00    0.00    0.00    2.00     6  postgres
08:41:28 PM 100998    636646    1.00    1.00    0.00    0.00    2.00     5  postgres
08:41:28 PM 100998    636648    0.00    1.00    0.00    0.00    1.00     6  postgres
08:41:28 PM 100998    636653    0.00    0.00    0.00    0.00    0.00     4  postgres

08:41:28 PM   UID       PID    %usr %system  %guest   %wait    %CPU   CPU  Command
08:41:29 PM 100998    636535    0.00    0.00    0.00    0.00    0.00     6  postgres
08:41:29 PM 100998    636536    0.00    0.00    0.00    0.00    0.00     6  postgres
08:41:29 PM 100998    636538    0.00    0.00    0.00    0.00    0.00     4  postgres
08:41:29 PM 100998    636539    0.00    0.00    0.00    0.00    0.00     5  postgres
08:41:29 PM 100998    636605    2.00    2.00    0.00    0.00    4.00     6  postgres
08:41:29 PM 100998    636613    1.00    1.00    0.00    0.00    2.00     4  postgres
08:41:29 PM 100998    636615    0.00    0.00    0.00    0.00    0.00     4  postgres
08:41:29 PM 100998    636616    1.00    1.00    0.00    0.00    2.00     4  postgres
08:41:29 PM 100998    636617    1.00    1.00    0.00    0.00    2.00     5  postgres
08:41:29 PM 100998    636630    1.00    1.00    0.00    0.00    2.00     6  postgres
08:41:29 PM 100998    636631    1.00    1.00    0.00    0.00    2.00     4  postgres
08:41:29 PM 100998    636632    2.00    1.00    0.00    0.00    3.00     5  postgres
08:41:29 PM 100998    636633    0.00    0.00    0.00    0.00    0.00     4  postgres
08:41:29 PM 100998    636634    1.00    1.00    0.00    0.00    2.00     4  postgres
08:41:29 PM 100998    636635    1.00    0.00    0.00    0.00    1.00     4  postgres
08:41:29 PM 100998    636636    1.00    1.00    0.00    0.00    2.00     6  postgres
08:41:29 PM 100998    636638    1.00    2.00    0.00    0.00    3.00     6  postgres
08:41:29 PM 100998    636639    0.00    0.00    0.00    0.00    0.00     6  postgres
08:41:29 PM 100998    636640    1.00    0.00    0.00    0.00    1.00     6  postgres
08:41:29 PM 100998    636642    1.00    0.00    0.00    0.00    1.00     4  postgres
08:41:29 PM 100998    636644    1.00    0.00    0.00    0.00    1.00     4  postgres
08:41:29 PM 100998    636646    1.00    1.00    0.00    0.00    2.00     6  postgres
08:41:29 PM 100998    636648    1.00    0.00    0.00    0.00    1.00     4  postgres
08:41:29 PM 100998    636653    1.00    1.00    0.00    0.00    2.00     4  postgres

08:41:29 PM   UID       PID    %usr %system  %guest   %wait    %CPU   CPU  Command
08:41:30 PM 100998    636535    0.00    0.00    0.00    0.00    0.00     6  postgres
08:41:30 PM 100998    636536    0.00    0.00    0.00    0.00    0.00     6  postgres
08:41:30 PM 100998    636538    0.00    0.00    0.00    0.00    0.00     4  postgres
08:41:30 PM 100998    636539    0.00    0.00    0.00    0.00    0.00     5  postgres
08:41:30 PM 100998    636605    1.00    0.00    0.00    0.00    1.00     4  postgres
08:41:30 PM 100998    636613    1.00    1.00    0.00    0.00    2.00     6  postgres
08:41:30 PM 100998    636615    1.00    1.00    0.00    0.00    2.00     6  postgres
08:41:30 PM 100998    636616    1.00    1.00    0.00    0.00    2.00     6  postgres
08:41:30 PM 100998    636617    1.00    1.00    0.00    0.00    2.00     5  postgres
08:41:30 PM 100998    636630    1.00    1.00    0.00    0.00    2.00     4  postgres
08:41:30 PM 100998    636631    1.00    0.00    0.00    0.00    1.00     5  postgres
08:41:30 PM 100998    636632    0.00    1.00    0.00    1.00    1.00     5  postgres
08:41:30 PM 100998    636633    0.00    1.00    0.00    0.00    1.00     4  postgres
08:41:30 PM 100998    636634    1.00    0.00    0.00    0.00    1.00     4  postgres
08:41:30 PM 100998    636635    0.00    1.00    0.00    0.00    1.00     4  postgres
08:41:30 PM 100998    636636    1.00    1.00    0.00    0.00    2.00     4  postgres
08:41:30 PM 100998    636638    1.00    0.00    0.00    0.00    1.00     6  postgres
08:41:30 PM 100998    636639    1.00    2.00    0.00    0.00    3.00     6  postgres
08:41:30 PM 100998    636640    1.00    1.00    0.00    0.00    2.00     4  postgres
08:41:30 PM 100998    636642    0.00    1.00    0.00    0.00    1.00     6  postgres
08:41:30 PM 100998    636644    0.00    1.00    0.00    0.00    1.00     4  postgres
08:41:30 PM 100998    636646    0.00    0.00    0.00    0.00    0.00     4  postgres
08:41:30 PM 100998    636648    1.00    1.00    0.00    0.00    2.00     6  postgres
08:41:30 PM 100998    636653    1.00    0.00    0.00    0.00    1.00     4  postgres

08:41:30 PM   UID       PID    %usr %system  %guest   %wait    %CPU   CPU  Command
08:41:31 PM 100998    636535    0.00    0.00    0.00    0.00    0.00     6  postgres
08:41:31 PM 100998    636536    0.00    0.00    0.00    0.00    0.00     6  postgres
08:41:31 PM 100998    636538    0.00    0.00    0.00    0.00    0.00     4  postgres
08:41:31 PM 100998    636539    0.00    0.00    0.00    0.00    0.00     5  postgres
08:41:31 PM 100998    636605    1.00    1.00    0.00    0.00    2.00     6  postgres
08:41:31 PM 100998    636613    1.00    1.00    0.00    0.00    2.00     6  postgres
08:41:31 PM 100998    636615    0.00    1.00    0.00    0.00    1.00     4  postgres
08:41:31 PM 100998    636616    0.00    1.00    0.00    0.00    1.00     4  postgres
08:41:31 PM 100998    636617    2.00    0.00    0.00    0.00    2.00     5  postgres
08:41:31 PM 100998    636630    1.00    1.00    0.00    0.00    2.00     4  postgres
08:41:31 PM 100998    636631    1.00    1.00    0.00    1.00    2.00     5  postgres
08:41:31 PM 100998    636632    1.00    0.00    0.00    0.00    1.00     5  postgres
08:41:31 PM 100998    636633    1.00    1.00    0.00    0.00    2.00     4  postgres
08:41:31 PM 100998    636634    0.00    1.00    0.00    0.00    1.00     4  postgres
08:41:31 PM 100998    636635    1.00    1.00    0.00    0.00    2.00     6  postgres
08:41:31 PM 100998    636636    1.00    1.00    0.00    0.00    2.00     4  postgres
08:41:31 PM 100998    636638    1.00    1.00    0.00    0.00    2.00     6  postgres
08:41:31 PM 100998    636639    1.00    0.00    0.00    0.00    1.00     6  postgres
08:41:31 PM 100998    636640    1.00    1.00    0.00    0.00    2.00     4  postgres
08:41:31 PM 100998    636642    1.00    1.00    0.00    0.00    2.00     4  postgres
08:41:31 PM 100998    636644    1.00    2.00    0.00    0.00    3.00     6  postgres
08:41:31 PM 100998    636646    1.00    1.00    0.00    0.00    2.00     4  postgres
08:41:31 PM 100998    636648    0.00    1.00    0.00    0.00    1.00     4  postgres
08:41:31 PM 100998    636653    0.00    1.00    0.00    0.00    1.00     6  postgres

08:41:31 PM   UID       PID    %usr %system  %guest   %wait    %CPU   CPU  Command
08:41:32 PM 100998    636535    0.00    0.00    0.00    0.00    0.00     6  postgres
08:41:32 PM 100998    636536    0.00    0.00    0.00    0.00    0.00     4  postgres
08:41:32 PM 100998    636538    0.00    0.00    0.00    0.00    0.00     4  postgres
08:41:32 PM 100998    636539    0.00    0.00    0.00    0.00    0.00     5  postgres
08:41:32 PM 100998    636605    1.00    1.00    0.00    0.00    2.00     6  postgres
08:41:32 PM 100998    636613    0.00    1.00    0.00    0.00    1.00     6  postgres
08:41:32 PM 100998    636615    1.00    1.00    0.00    0.00    2.00     4  postgres
08:41:32 PM 100998    636616    1.00    1.00    0.00    0.00    2.00     6  postgres
08:41:32 PM 100998    636617    1.00    1.00    0.00    0.00    2.00     5  postgres
08:41:32 PM 100998    636630    0.00    1.00    0.00    0.00    1.00     4  postgres
08:41:32 PM 100998    636631    1.00    1.00    0.00    0.00    2.00     5  postgres
08:41:32 PM 100998    636632    1.00    2.00    0.00    0.00    3.00     5  postgres
08:41:32 PM 100998    636633    1.00    1.00    0.00    0.00    2.00     6  postgres
08:41:32 PM 100998    636634    1.00    1.00    0.00    0.00    2.00     6  postgres
08:41:32 PM 100998    636635    1.00    1.00    0.00    0.00    2.00     4  postgres
08:41:32 PM 100998    636636    1.00    1.00    0.00    0.00    2.00     6  postgres
08:41:32 PM 100998    636638    0.00    1.00    0.00    0.00    1.00     5  postgres
08:41:32 PM 100998    636639    1.00    1.00    0.00    0.00    2.00     4  postgres
08:41:32 PM 100998    636640    1.00    1.00    0.00    0.00    2.00     4  postgres
08:41:32 PM 100998    636642    1.00    0.00    0.00    0.00    1.00     6  postgres
08:41:32 PM 100998    636644    1.00    0.00    0.00    0.00    1.00     6  postgres
08:41:32 PM 100998    636646    0.00    0.00    0.00    0.00    0.00     6  postgres
08:41:32 PM 100998    636648    1.00    0.00    0.00    0.00    1.00     6  postgres
08:41:32 PM 100998    636653    0.00    1.00    0.00    0.00    1.00     4  postgres

08:41:32 PM   UID       PID    %usr %system  %guest   %wait    %CPU   CPU  Command
08:41:33 PM 100998    636535    0.00    0.00    0.00    0.00    0.00     6  postgres
08:41:33 PM 100998    636536    0.00    0.00    0.00    0.00    0.00     6  postgres
08:41:33 PM 100998    636538    0.00    0.00    0.00    0.00    0.00     4  postgres
08:41:33 PM 100998    636539    0.00    0.00    0.00    0.00    0.00     5  postgres
08:41:33 PM 100998    636605    1.00    1.00    0.00    1.00    2.00     6  postgres
08:41:33 PM 100998    636613    1.00    1.00    0.00    0.00    2.00     6  postgres
08:41:33 PM 100998    636615    1.00    1.00    0.00    0.00    2.00     5  postgres
08:41:33 PM 100998    636616    1.00    1.00    0.00    0.00    2.00     6  postgres
08:41:33 PM 100998    636617    1.00    1.00    0.00    0.00    2.00     5  postgres
08:41:33 PM 100998    636630    1.00    0.00    0.00    1.00    1.00     4  postgres
08:41:33 PM 100998    636631    1.00    1.00    0.00    0.00    2.00     4  postgres
08:41:33 PM 100998    636632    1.00    0.00    0.00    0.00    1.00     5  postgres
08:41:33 PM 100998    636633    0.00    1.00    0.00    0.00    1.00     6  postgres
08:41:33 PM 100998    636634    1.00    1.00    0.00    0.00    2.00     6  postgres
08:41:33 PM 100998    636635    0.00    1.00    0.00    0.00    1.00     4  postgres
08:41:33 PM 100998    636636    1.00    0.00    0.00    0.00    1.00     5  postgres
08:41:33 PM 100998    636638    1.00    1.00    0.00    0.00    2.00     5  postgres
08:41:33 PM 100998    636639    1.00    1.00    0.00    0.00    2.00     6  postgres
08:41:33 PM 100998    636640    1.00    1.00    0.00    0.00    2.00     6  postgres
08:41:33 PM 100998    636642    0.00    1.00    0.00    0.00    1.00     4  postgres
08:41:33 PM 100998    636644    0.00    1.00    0.00    0.00    1.00     4  postgres
08:41:33 PM 100998    636646    1.00    1.00    0.00    0.00    2.00     4  postgres
08:41:33 PM 100998    636648    1.00    1.00    0.00    0.00    2.00     4  postgres
08:41:33 PM 100998    636653    1.00    1.00    0.00    0.00    2.00     4  postgres

08:41:33 PM   UID       PID    %usr %system  %guest   %wait    %CPU   CPU  Command
08:41:34 PM 100998    636535    0.00    0.00    0.00    0.00    0.00     6  postgres
08:41:34 PM 100998    636536    0.00    0.00    0.00    0.00    0.00     6  postgres
08:41:34 PM 100998    636538    0.00    0.00    0.00    0.00    0.00     4  postgres
08:41:34 PM 100998    636539    0.00    0.00    0.00    0.00    0.00     5  postgres
08:41:34 PM 100998    636605    1.00    1.00    0.00    0.00    2.00     4  postgres
08:41:34 PM 100998    636613    1.00    1.00    0.00    0.00    2.00     6  postgres
08:41:34 PM 100998    636615    0.00    1.00    0.00    0.00    1.00     5  postgres
08:41:34 PM 100998    636616    0.00    0.00    0.00    0.00    0.00     4  postgres
08:41:34 PM 100998    636617    1.00    1.00    0.00    0.00    2.00     5  postgres
08:41:34 PM 100998    636630    1.00    1.00    0.00    0.00    2.00     6  postgres
08:41:34 PM 100998    636631    1.00    0.00    0.00    0.00    1.00     6  postgres
08:41:34 PM 100998    636632    0.00    1.00    0.00    0.00    1.00     5  postgres
08:41:34 PM 100998    636633    1.00    0.00    0.00    0.00    1.00     4  postgres
08:41:34 PM 100998    636634    0.00    0.00    0.00    0.00    0.00     4  postgres
08:41:34 PM 100998    636635    0.00    0.00    0.00    0.00    0.00     6  postgres
08:41:34 PM 100998    636636    0.00    1.00    0.00    0.00    1.00     4  postgres
08:41:34 PM 100998    636638    1.00    0.00    0.00    0.00    1.00     5  postgres
08:41:34 PM 100998    636639    0.00    1.00    0.00    0.00    1.00     4  postgres
08:41:34 PM 100998    636640    1.00    1.00    0.00    0.00    2.00     6  postgres
08:41:34 PM 100998    636642    0.00    0.00    0.00    0.00    0.00     4  postgres
08:41:34 PM 100998    636644    0.00    1.00    0.00    0.00    1.00     6  postgres
08:41:34 PM 100998    636646    1.00    0.00    0.00    0.00    1.00     4  postgres
08:41:34 PM 100998    636648    0.00    1.00    0.00    0.00    1.00     4  postgres
08:41:34 PM 100998    636653    0.00    0.00    0.00    0.00    0.00     4  postgres

08:41:34 PM   UID       PID    %usr %system  %guest   %wait    %CPU   CPU  Command
08:41:35 PM 100998    636535    0.00    0.00    0.00    0.00    0.00     6  postgres
08:41:35 PM 100998    636536    0.00    0.00    0.00    0.00    0.00     6  postgres
08:41:35 PM 100998    636538    0.00    0.00    0.00    0.00    0.00     4  postgres
08:41:35 PM 100998    636539    0.00    0.00    0.00    0.00    0.00     5  postgres
08:41:35 PM 100998    636605    1.00    0.00    0.00    0.00    1.00     5  postgres
08:41:35 PM 100998    636613    1.00    0.00    0.00    0.00    1.00     6  postgres
08:41:35 PM 100998    636615    2.00    1.00    0.00    0.00    3.00     5  postgres
08:41:35 PM 100998    636616    1.00    1.00    0.00    0.00    2.00     4  postgres
08:41:35 PM 100998    636617    0.00    0.00    0.00    0.00    0.00     5  postgres
08:41:35 PM 100998    636630    1.00    0.00    0.00    0.00    1.00     4  postgres
08:41:35 PM 100998    636631    1.00    1.00    0.00    0.00    2.00     6  postgres
08:41:35 PM 100998    636632    1.00    1.00    0.00    0.00    2.00     5  postgres
08:41:35 PM 100998    636633    0.00    1.00    0.00    0.00    1.00     4  postgres
08:41:35 PM 100998    636634    1.00    1.00    0.00    0.00    2.00     4  postgres
08:41:35 PM 100998    636635    1.00    1.00    0.00    0.00    2.00     6  postgres
08:41:35 PM 100998    636636    1.00    1.00    0.00    0.00    2.00     6  postgres
08:41:35 PM 100998    636638    1.00    1.00    0.00    0.00    2.00     5  postgres
08:41:35 PM 100998    636639    2.00    1.00    0.00    0.00    3.00     6  postgres
08:41:35 PM 100998    636640    0.00    0.00    0.00    0.00    0.00     6  postgres
08:41:35 PM 100998    636642    2.00    2.00    0.00    1.00    4.00     4  postgres
08:41:35 PM 100998    636644    1.00    0.00    0.00    0.00    1.00     6  postgres
08:41:35 PM 100998    636646    0.00    1.00    0.00    0.00    1.00     6  postgres
08:41:35 PM 100998    636648    1.00    1.00    0.00    0.00    2.00     6  postgres
08:41:35 PM 100998    636653    0.00    1.00    0.00    0.00    1.00     4  postgres

08:41:35 PM   UID       PID    %usr %system  %guest   %wait    %CPU   CPU  Command
08:41:36 PM 100998    636535    0.00    0.00    0.00    0.00    0.00     6  postgres
08:41:36 PM 100998    636536    0.00    0.00    0.00    0.00    0.00     6  postgres
08:41:36 PM 100998    636538    0.00    0.00    0.00    0.00    0.00     4  postgres
08:41:36 PM 100998    636539    0.00    0.00    0.00    0.00    0.00     5  postgres
08:41:36 PM 100998    636605    1.00    2.00    0.00    0.00    3.00     5  postgres
08:41:36 PM 100998    636613    0.00    1.00    0.00    0.00    1.00     4  postgres
08:41:36 PM 100998    636615    1.00    1.00    0.00    0.00    2.00     4  postgres
08:41:36 PM 100998    636616    1.00    0.00    0.00    0.00    1.00     4  postgres
08:41:36 PM 100998    636617    1.00    1.00    0.00    0.00    2.00     5  postgres
08:41:36 PM 100998    636630    0.00    1.00    0.00    0.00    1.00     4  postgres
08:41:36 PM 100998    636631    1.00    1.00    0.00    0.00    2.00     4  postgres
08:41:36 PM 100998    636632    1.00    0.00    0.00    0.00    1.00     6  postgres
08:41:36 PM 100998    636633    1.00    0.00    0.00    0.00    1.00     6  postgres
08:41:36 PM 100998    636634    1.00    0.00    0.00    0.00    1.00     6  postgres
08:41:36 PM 100998    636635    0.00    0.00    0.00    0.00    0.00     4  postgres
08:41:36 PM 100998    636636    0.00    1.00    0.00    0.00    1.00     4  postgres
08:41:36 PM 100998    636638    1.00    0.00    0.00    0.00    1.00     5  postgres
08:41:36 PM 100998    636639    1.00    0.00    0.00    0.00    1.00     6  postgres
08:41:36 PM 100998    636640    1.00    1.00    0.00    0.00    2.00     6  postgres
08:41:36 PM 100998    636642    0.00    0.00    0.00    0.00    0.00     6  postgres
08:41:36 PM 100998    636644    0.00    1.00    0.00    0.00    1.00     5  postgres
08:41:36 PM 100998    636646    0.00    1.00    0.00    0.00    1.00     6  postgres
08:41:36 PM 100998    636648    1.00    0.00    0.00    0.00    1.00     4  postgres
08:41:36 PM 100998    636653    0.00    0.00    0.00    0.00    0.00     6  postgres

08:41:36 PM   UID       PID    %usr %system  %guest   %wait    %CPU   CPU  Command
08:41:37 PM 100998    636535    0.00    0.00    0.00    0.00    0.00     6  postgres
08:41:37 PM 100998    636536    0.00    0.00    0.00    0.00    0.00     4  postgres
08:41:37 PM 100998    636538    0.00    0.00    0.00    0.00    0.00     4  postgres
08:41:37 PM 100998    636539    0.00    0.00    0.00    0.00    0.00     5  postgres
08:41:37 PM 100998    636605    2.00    1.00    0.00    0.00    3.00     4  postgres
08:41:37 PM 100998    636613    1.00    0.00    0.00    0.00    1.00     4  postgres
08:41:37 PM 100998    636615    1.00    1.00    0.00    0.00    2.00     6  postgres
08:41:37 PM 100998    636616    1.00    1.00    0.00    0.00    2.00     4  postgres
08:41:37 PM 100998    636617    0.00    0.00    0.00    0.00    0.00     5  postgres
08:41:37 PM 100998    636630    1.00    1.00    0.00    0.00    2.00     5  postgres
08:41:37 PM 100998    636631    0.00    0.00    0.00    0.00    0.00     6  postgres
08:41:37 PM 100998    636632    1.00    1.00    0.00    0.00    2.00     6  postgres
08:41:37 PM 100998    636633    1.00    1.00    0.00    0.00    2.00     6  postgres
08:41:37 PM 100998    636634    0.00    1.00    0.00    0.00    1.00     4  postgres
08:41:37 PM 100998    636635    1.00    1.00    0.00    0.00    2.00     4  postgres
08:41:37 PM 100998    636636    1.00    1.00    0.00    0.00    2.00     6  postgres
08:41:37 PM 100998    636638    1.00    1.00    0.00    0.00    2.00     6  postgres
08:41:37 PM 100998    636639    0.00    1.00    0.00    0.00    1.00     4  postgres
08:41:37 PM 100998    636640    0.00    1.00    0.00    0.00    1.00     4  postgres
08:41:37 PM 100998    636642    1.00    1.00    0.00    0.00    2.00     6  postgres
08:41:37 PM 100998    636644    0.00    0.00    0.00    0.00    0.00     5  postgres
08:41:37 PM 100998    636646    1.00    1.00    0.00    0.00    2.00     4  postgres
08:41:37 PM 100998    636648    0.00    1.00    0.00    0.00    1.00     6  postgres
08:41:37 PM 100998    636653    1.00    1.00    0.00    0.00    2.00     4  postgres

08:41:37 PM   UID       PID    %usr %system  %guest   %wait    %CPU   CPU  Command
08:41:38 PM 100998    636535    0.00    0.00    0.00    0.00    0.00     6  postgres
08:41:38 PM 100998    636536    0.00    0.00    0.00    0.00    0.00     6  postgres
08:41:38 PM 100998    636538    0.00    0.00    0.00    0.00    0.00     4  postgres
08:41:38 PM 100998    636539    0.00    0.00    0.00    0.00    0.00     5  postgres
08:41:38 PM 100998    636605    1.00    1.00    0.00    0.00    2.00     5  postgres
08:41:38 PM 100998    636613    1.00    1.00    0.00    0.00    2.00     4  postgres
08:41:38 PM 100998    636615    1.00    1.00    0.00    0.00    2.00     4  postgres
08:41:38 PM 100998    636616    1.00    1.00    0.00    1.00    2.00     4  postgres
08:41:38 PM 100998    636617    2.00    1.00    0.00    0.00    3.00     5  postgres
08:41:38 PM 100998    636630    1.00    1.00    0.00    0.00    2.00     5  postgres
08:41:38 PM 100998    636631    1.00    1.00    0.00    0.00    2.00     4  postgres
08:41:38 PM 100998    636632    0.00    1.00    0.00    0.00    1.00     6  postgres
08:41:38 PM 100998    636633    0.00    0.00    0.00    0.00    0.00     6  postgres
08:41:38 PM 100998    636634    1.00    1.00    0.00    0.00    2.00     4  postgres
08:41:38 PM 100998    636635    1.00    0.00    0.00    0.00    1.00     4  postgres
08:41:38 PM 100998    636636    0.00    1.00    0.00    0.00    1.00     4  postgres
08:41:38 PM 100998    636638    0.00    1.00    0.00    0.00    1.00     4  postgres
08:41:38 PM 100998    636639    1.00    0.00    0.00    0.00    1.00     4  postgres
08:41:38 PM 100998    636640    0.00    1.00    0.00    0.00    1.00     4  postgres
08:41:38 PM 100998    636642    0.00    1.00    0.00    0.00    1.00     6  postgres
08:41:38 PM 100998    636644    1.00    1.00    0.00    0.00    2.00     6  postgres
08:41:38 PM 100998    636646    1.00    0.00    0.00    0.00    1.00     4  postgres
08:41:38 PM 100998    636648    1.00    0.00    0.00    0.00    1.00     6  postgres
08:41:38 PM 100998    636653    1.00    0.00    0.00    0.00    1.00     6  postgres

08:41:38 PM   UID       PID    %usr %system  %guest   %wait    %CPU   CPU  Command
08:41:39 PM 100998    636535    0.00    0.00    0.00    0.00    0.00     6  postgres
08:41:39 PM 100998    636536    0.00    0.00    0.00    0.00    0.00     6  postgres
08:41:39 PM 100998    636538    0.00    0.00    0.00    0.00    0.00     4  postgres
08:41:39 PM 100998    636539    0.00    0.00    0.00    0.00    0.00     5  postgres
08:41:39 PM 100998    636605    0.00    1.00    0.00    0.00    1.00     5  postgres
08:41:39 PM 100998    636613    1.00    1.00    0.00    1.00    2.00     5  postgres
08:41:39 PM 100998    636615    0.00    0.00    0.00    0.00    0.00     4  postgres
08:41:39 PM 100998    636616    0.00    1.00    0.00    0.00    1.00     6  postgres
08:41:39 PM 100998    636617    1.00    1.00    0.00    0.00    2.00     5  postgres
08:41:39 PM 100998    636630    1.00    1.00    0.00    0.00    2.00     5  postgres
08:41:39 PM 100998    636631    1.00    1.00    0.00    0.00    2.00     6  postgres
08:41:39 PM 100998    636632    1.00    1.00    0.00    0.00    2.00     4  postgres
08:41:39 PM 100998    636633    2.00    1.00    0.00    0.00    3.00     6  postgres
08:41:39 PM 100998    636634    0.00    0.00    0.00    0.00    0.00     4  postgres
08:41:39 PM 100998    636635    1.00    0.00    0.00    0.00    1.00     5  postgres
08:41:39 PM 100998    636636    1.00    1.00    0.00    0.00    2.00     4  postgres
08:41:39 PM 100998    636638    1.00    1.00    0.00    0.00    2.00     4  postgres
08:41:39 PM 100998    636639    1.00    1.00    0.00    0.00    2.00     5  postgres
08:41:39 PM 100998    636640    1.00    0.00    0.00    0.00    1.00     4  postgres
08:41:39 PM 100998    636642    1.00    1.00    0.00    0.00    2.00     4  postgres
08:41:39 PM 100998    636644    1.00    1.00    0.00    0.00    2.00     6  postgres
08:41:39 PM 100998    636646    1.00    1.00    0.00    0.00    2.00     6  postgres
08:41:39 PM 100998    636648    1.00    1.00    0.00    0.00    2.00     6  postgres
08:41:39 PM 100998    636653    0.00    1.00    0.00    0.00    1.00     4  postgres

08:41:39 PM   UID       PID    %usr %system  %guest   %wait    %CPU   CPU  Command
08:41:40 PM 100998    636535    0.00    0.00    0.00    0.00    0.00     6  postgres
08:41:40 PM 100998    636536    0.00    0.00    0.00    0.00    0.00     4  postgres
08:41:40 PM 100998    636538    0.00    0.00    0.00    0.00    0.00     4  postgres
08:41:40 PM 100998    636539    0.00    0.00    0.00    0.00    0.00     5  postgres
08:41:40 PM 100998    636605    1.00    1.00    0.00    0.00    2.00     5  postgres
08:41:40 PM 100998    636613    0.00    0.00    0.00    0.00    0.00     6  postgres
08:41:40 PM 100998    636615    1.00    1.00    0.00    0.00    2.00     4  postgres
08:41:40 PM 100998    636616    1.00    1.00    0.00    0.00    2.00     4  postgres
08:41:40 PM 100998    636617    1.00    1.00    0.00    1.00    2.00     5  postgres
08:41:40 PM 100998    636630    0.00    1.00    0.00    0.00    1.00     5  postgres
08:41:40 PM 100998    636631    0.00    1.00    0.00    0.00    1.00     6  postgres
08:41:40 PM 100998    636632    0.00    0.00    0.00    0.00    0.00     4  postgres
08:41:40 PM 100998    636633    1.00    1.00    0.00    0.00    2.00     4  postgres
08:41:40 PM 100998    636634    1.00    1.00    0.00    0.00    2.00     6  postgres
08:41:40 PM 100998    636635    0.00    1.00    0.00    0.00    1.00     5  postgres
08:41:40 PM 100998    636636    1.00    0.00    0.00    0.00    1.00     6  postgres
08:41:40 PM 100998    636638    1.00    0.00    0.00    0.00    1.00     4  postgres
08:41:40 PM 100998    636639    0.00    1.00    0.00    0.00    1.00     5  postgres
08:41:40 PM 100998    636640    0.00    1.00    0.00    0.00    1.00     4  postgres
08:41:40 PM 100998    636642    1.00    0.00    0.00    0.00    1.00     4  postgres
08:41:40 PM 100998    636644    1.00    0.00    0.00    0.00    1.00     4  postgres
08:41:40 PM 100998    636646    1.00    0.00    0.00    0.00    1.00     6  postgres
08:41:40 PM 100998    636648    0.00    1.00    0.00    0.00    1.00     6  postgres
08:41:40 PM 100998    636653    1.00    0.00    0.00    0.00    1.00     6  postgres

08:41:40 PM   UID       PID    %usr %system  %guest   %wait    %CPU   CPU  Command
08:41:41 PM 100998    636535    0.00    0.00    0.00    0.00    0.00     6  postgres
08:41:41 PM 100998    636536    0.00    0.00    0.00    0.00    0.00     4  postgres
08:41:41 PM 100998    636538    0.00    0.00    0.00    0.00    0.00     6  postgres
08:41:41 PM 100998    636539    0.00    0.00    0.00    0.00    0.00     5  postgres
08:41:41 PM 100998    636605    1.00    0.00    0.00    0.00    1.00     4  postgres
08:41:41 PM 100998    636613    1.00    1.00    0.00    0.00    2.00     4  postgres
08:41:41 PM 100998    636615    2.00    1.00    0.00    0.00    3.00     6  postgres
08:41:41 PM 100998    636616    1.00    1.00    0.00    0.00    2.00     4  postgres
08:41:41 PM 100998    636617    1.00    1.00    0.00    0.00    2.00     5  postgres
08:41:41 PM 100998    636630    1.00    1.00    0.00    0.00    2.00     5  postgres
08:41:41 PM 100998    636631    2.00    0.00    0.00    0.00    2.00     4  postgres
08:41:41 PM 100998    636632    1.00    1.00    0.00    0.00    2.00     4  postgres
08:41:41 PM 100998    636633    0.00    1.00    0.00    0.00    1.00     4  postgres
08:41:41 PM 100998    636634    1.00    2.00    0.00    0.00    3.00     4  postgres
08:41:41 PM 100998    636635    1.00    1.00    0.00    0.00    2.00     6  postgres
08:41:41 PM 100998    636636    0.00    1.00    0.00    0.00    1.00     6  postgres
08:41:41 PM 100998    636638    1.00    1.00    0.00    0.00    2.00     4  postgres
08:41:41 PM 100998    636639    1.00    1.00    0.00    0.00    2.00     5  postgres
08:41:41 PM 100998    636640    2.00    1.00    0.00    0.00    3.00     6  postgres
08:41:41 PM 100998    636642    0.00    1.00    0.00    0.00    1.00     4  postgres
08:41:41 PM 100998    636644    0.00    1.00    0.00    0.00    1.00     6  postgres
08:41:41 PM 100998    636646    0.00    1.00    0.00    0.00    1.00     4  postgres
08:41:41 PM 100998    636648    0.00    1.00    0.00    0.00    1.00     4  postgres
08:41:41 PM 100998    636653    1.00    1.00    0.00    0.00    2.00     4  postgres

08:41:41 PM   UID       PID    %usr %system  %guest   %wait    %CPU   CPU  Command
08:41:42 PM 100998    636535    0.00    0.00    0.00    0.00    0.00     6  postgres
08:41:42 PM 100998    636536    0.00    0.00    0.00    0.00    0.00     4  postgres
08:41:42 PM 100998    636538    0.00    0.00    0.00    0.00    0.00     6  postgres
08:41:42 PM 100998    636539    0.00    0.00    0.00    0.00    0.00     5  postgres
08:41:42 PM 100998    636605    1.00    2.00    0.00    0.00    3.00     4  postgres
08:41:42 PM 100998    636613    1.00    1.00    0.00    0.00    2.00     6  postgres
08:41:42 PM 100998    636615    1.00    1.00    0.00    0.00    2.00     4  postgres
08:41:42 PM 100998    636616    1.00    1.00    0.00    0.00    2.00     4  postgres
08:41:42 PM 100998    636617    1.00    1.00    0.00    0.00    2.00     5  postgres
08:41:42 PM 100998    636630    1.00    1.00    0.00    0.00    2.00     5  postgres
08:41:42 PM 100998    636631    1.00    1.00    0.00    0.00    2.00     6  postgres
08:41:42 PM 100998    636632    1.00    1.00    0.00    0.00    2.00     6  postgres
08:41:42 PM 100998    636633    1.00    0.00    0.00    0.00    1.00     4  postgres
08:41:42 PM 100998    636634    1.00    0.00    0.00    0.00    1.00     6  postgres
08:41:42 PM 100998    636635    1.00    1.00    0.00    0.00    2.00     4  postgres
08:41:42 PM 100998    636636    1.00    1.00    0.00    0.00    2.00     6  postgres
08:41:42 PM 100998    636638    1.00    1.00    0.00    0.00    2.00     6  postgres
08:41:42 PM 100998    636639    1.00    0.00    0.00    0.00    1.00     5  postgres
08:41:42 PM 100998    636640    0.00    1.00    0.00    0.00    1.00     6  postgres
08:41:42 PM 100998    636642    1.00    0.00    0.00    0.00    1.00     4  postgres
08:41:42 PM 100998    636644    1.00    1.00    0.00    0.00    2.00     4  postgres
08:41:42 PM 100998    636646    1.00    0.00    0.00    0.00    1.00     4  postgres
08:41:42 PM 100998    636648    1.00    1.00    0.00    0.00    2.00     6  postgres
08:41:42 PM 100998    636653    0.00    1.00    0.00    0.00    1.00     6  postgres

08:41:42 PM   UID       PID    %usr %system  %guest   %wait    %CPU   CPU  Command
08:41:43 PM 100998    636535    0.00    0.00    0.00    0.00    0.00     6  postgres
08:41:43 PM 100998    636536    0.00    0.00    0.00    0.00    0.00     4  postgres
08:41:43 PM 100998    636538    0.00    0.00    0.00    0.00    0.00     6  postgres
08:41:43 PM 100998    636539    0.00    0.00    0.00    0.00    0.00     5  postgres
08:41:43 PM 100998    636605    1.00    1.00    0.00    0.00    2.00     4  postgres
08:41:43 PM 100998    636613    1.00    1.00    0.00    0.00    2.00     6  postgres
08:41:43 PM 100998    636615    1.00    1.00    0.00    0.00    2.00     4  postgres
08:41:43 PM 100998    636616    1.00    1.00    0.00    0.00    2.00     6  postgres
08:41:43 PM 100998    636617    1.00    1.00    0.00    0.00    2.00     6  postgres
08:41:43 PM 100998    636630    1.00    0.00    0.00    0.00    1.00     5  postgres
08:41:43 PM 100998    636631    0.00    0.00    0.00    0.00    0.00     6  postgres
08:41:43 PM 100998    636632    1.00    0.00    0.00    0.00    1.00     6  postgres
08:41:43 PM 100998    636633    1.00    1.00    0.00    0.00    2.00     6  postgres
08:41:43 PM 100998    636634    1.00    1.00    0.00    0.00    2.00     4  postgres
08:41:43 PM 100998    636635    2.00    0.00    0.00    0.00    2.00     6  postgres
08:41:43 PM 100998    636636    1.00    1.00    0.00    0.00    2.00     6  postgres
08:41:43 PM 100998    636638    0.00    1.00    0.00    0.00    1.00     6  postgres
08:41:43 PM 100998    636639    1.00    1.00    0.00    0.00    2.00     5  postgres
08:41:43 PM 100998    636640    1.00    0.00    0.00    0.00    1.00     4  postgres
08:41:43 PM 100998    636642    1.00    2.00    0.00    0.00    3.00     4  postgres
08:41:43 PM 100998    636644    1.00    0.00    0.00    0.00    1.00     6  postgres
08:41:43 PM 100998    636646    1.00    0.00    0.00    0.00    1.00     4  postgres
08:41:43 PM 100998    636648    1.00    0.00    0.00    0.00    1.00     6  postgres
08:41:43 PM 100998    636653    0.00    0.00    0.00    0.00    0.00     4  postgres

08:41:43 PM   UID       PID    %usr %system  %guest   %wait    %CPU   CPU  Command
08:41:44 PM 100998    636535    0.00    0.00    0.00    0.00    0.00     6  postgres
08:41:44 PM 100998    636536    0.00    0.00    0.00    0.00    0.00     6  postgres
08:41:44 PM 100998    636538    0.00    0.00    0.00    0.00    0.00     6  postgres
08:41:44 PM 100998    636539    0.00    0.00    0.00    0.00    0.00     5  postgres
08:41:44 PM 100998    636605    0.00    1.00    0.00    0.00    1.00     6  postgres
08:41:44 PM 100998    636613    0.00    1.00    0.00    0.00    1.00     4  postgres
08:41:44 PM 100998    636615    0.00    1.00    0.00    1.00    1.00     6  postgres
08:41:44 PM 100998    636616    1.00    0.00    0.00    0.00    1.00     6  postgres
08:41:44 PM 100998    636617    1.00    1.00    0.00    0.00    2.00     6  postgres
08:41:44 PM 100998    636630    1.00    1.00    0.00    0.00    2.00     5  postgres
08:41:44 PM 100998    636631    1.00    1.00    0.00    0.00    2.00     4  postgres
08:41:44 PM 100998    636632    1.00    1.00    0.00    0.00    2.00     4  postgres
08:41:44 PM 100998    636633    1.00    1.00    0.00    0.00    2.00     4  postgres
08:41:44 PM 100998    636634    0.00    1.00    0.00    0.00    1.00     4  postgres
08:41:44 PM 100998    636635    0.00    1.00    0.00    1.00    1.00     4  postgres
08:41:44 PM 100998    636636    1.00    0.00    0.00    0.00    1.00     4  postgres
08:41:44 PM 100998    636638    2.00    1.00    0.00    0.00    3.00     4  postgres
08:41:44 PM 100998    636639    1.00    0.00    0.00    0.00    1.00     5  postgres
08:41:44 PM 100998    636640    1.00    1.00    0.00    0.00    2.00     6  postgres
08:41:44 PM 100998    636642    1.00    0.00    0.00    0.00    1.00     4  postgres
08:41:44 PM 100998    636644    1.00    2.00    0.00    0.00    3.00     6  postgres
08:41:44 PM 100998    636646    1.00    1.00    0.00    0.00    2.00     4  postgres
08:41:44 PM 100998    636648    0.00    1.00    0.00    0.00    1.00     6  postgres
08:41:44 PM 100998    636653    1.00    1.00    0.00    0.00    2.00     4  postgres

08:41:44 PM   UID       PID    %usr %system  %guest   %wait    %CPU   CPU  Command
08:41:45 PM 100998    636535    0.00    0.00    0.00    0.00    0.00     6  postgres
08:41:45 PM 100998    636536    0.00    0.00    0.00    0.00    0.00     4  postgres
08:41:45 PM 100998    636538    0.00    0.00    0.00    0.00    0.00     6  postgres
08:41:45 PM 100998    636539    0.00    0.00    0.00    0.00    0.00     5  postgres
08:41:45 PM 100998    636605    1.00    1.00    0.00    0.00    2.00     6  postgres
08:41:45 PM 100998    636613    2.00    2.00    0.00    0.00    4.00     6  postgres
08:41:45 PM 100998    636615    1.00    2.00    0.00    0.00    3.00     6  postgres
08:41:45 PM 100998    636616    0.00    2.00    0.00    0.00    2.00     6  postgres
08:41:45 PM 100998    636617    1.00    1.00    0.00    0.00    2.00     6  postgres
08:41:45 PM 100998    636630    2.00    1.00    0.00    0.00    3.00     5  postgres
08:41:45 PM 100998    636631    1.00    0.00    0.00    0.00    1.00     4  postgres
08:41:45 PM 100998    636632    0.00    1.00    0.00    0.00    1.00     4  postgres
08:41:45 PM 100998    636633    1.00    0.00    0.00    0.00    1.00     4  postgres
08:41:45 PM 100998    636634    2.00    0.00    0.00    0.00    2.00     6  postgres
08:41:45 PM 100998    636635    1.00    1.00    0.00    0.00    2.00     4  postgres
08:41:45 PM 100998    636636    1.00    1.00    0.00    0.00    2.00     6  postgres
08:41:45 PM 100998    636638    1.00    1.00    0.00    0.00    2.00     4  postgres
08:41:45 PM 100998    636639    0.00    1.00    0.00    0.00    1.00     5  postgres
08:41:45 PM 100998    636640    1.00    0.00    0.00    0.00    1.00     4  postgres
08:41:45 PM 100998    636642    1.00    1.00    0.00    0.00    2.00     6  postgres
08:41:45 PM 100998    636644    0.00    0.00    0.00    0.00    0.00     6  postgres
08:41:45 PM 100998    636646    0.00    1.00    0.00    0.00    1.00     6  postgres
08:41:45 PM 100998    636648    1.00    1.00    0.00    0.00    2.00     4  postgres
08:41:45 PM 100998    636653    1.00    0.00    0.00    0.00    1.00     4  postgres

08:41:45 PM   UID       PID    %usr %system  %guest   %wait    %CPU   CPU  Command
08:41:46 PM 100998    636535    0.00    0.00    0.00    0.00    0.00     6  postgres
08:41:46 PM 100998    636536    0.00    0.00    0.00    0.00    0.00     4  postgres
08:41:46 PM 100998    636538    0.00    0.00    0.00    0.00    0.00     6  postgres
08:41:46 PM 100998    636539    0.00    0.00    0.00    0.00    0.00     5  postgres
08:41:46 PM 100998    636605    1.00    1.00    0.00    0.00    2.00     4  postgres
08:41:46 PM 100998    636613    1.00    1.00    0.00    0.00    2.00     6  postgres
08:41:46 PM 100998    636615    1.00    0.00    0.00    0.00    1.00     4  postgres
08:41:46 PM 100998    636616    1.00    0.00    0.00    0.00    1.00     6  postgres
08:41:46 PM 100998    636617    0.00    1.00    0.00    0.00    1.00     4  postgres
08:41:46 PM 100998    636630    1.00    1.00    0.00    0.00    2.00     4  postgres
08:41:46 PM 100998    636631    1.00    1.00    0.00    0.00    2.00     4  postgres
08:41:46 PM 100998    636632    1.00    0.00    0.00    0.00    1.00     6  postgres
08:41:46 PM 100998    636633    2.00    1.00    0.00    0.00    3.00     4  postgres
08:41:46 PM 100998    636634    0.00    1.00    0.00    0.00    1.00     4  postgres
08:41:46 PM 100998    636635    1.00    1.00    0.00    0.00    2.00     4  postgres
08:41:46 PM 100998    636636    1.00    1.00    0.00    1.00    2.00     6  postgres
08:41:46 PM 100998    636638    1.00    0.00    0.00    1.00    1.00     6  postgres
08:41:46 PM 100998    636639    1.00    1.00    0.00    0.00    2.00     5  postgres
08:41:46 PM 100998    636640    0.00    1.00    0.00    0.00    1.00     4  postgres
08:41:46 PM 100998    636642    1.00    1.00    0.00    0.00    2.00     6  postgres
08:41:46 PM 100998    636644    1.00    1.00    0.00    0.00    2.00     4  postgres
08:41:46 PM 100998    636646    1.00    1.00    0.00    0.00    2.00     6  postgres
08:41:46 PM 100998    636648    0.00    1.00    0.00    0.00    1.00     6  postgres
08:41:46 PM 100998    636653    0.00    1.00    0.00    0.00    1.00     6  postgres

08:41:46 PM   UID       PID    %usr %system  %guest   %wait    %CPU   CPU  Command
08:41:47 PM 100998    636535    0.00    0.00    0.00    0.00    0.00     6  postgres
08:41:47 PM 100998    636536    0.00    0.00    0.00    0.00    0.00     4  postgres
08:41:47 PM 100998    636538    0.00    0.00    0.00    0.00    0.00     6  postgres
08:41:47 PM 100998    636539    0.00    0.00    0.00    0.00    0.00     5  postgres
08:41:47 PM 100998    636605    2.00    1.00    0.00    0.00    3.00     6  postgres
08:41:47 PM 100998    636613    1.00    2.00    0.00    0.00    3.00     4  postgres
08:41:47 PM 100998    636615    1.00    1.00    0.00    0.00    2.00     6  postgres
08:41:47 PM 100998    636616    1.00    1.00    0.00    0.00    2.00     6  postgres
08:41:47 PM 100998    636617    1.00    0.00    0.00    0.00    1.00     4  postgres
08:41:47 PM 100998    636630    1.00    1.00    0.00    0.00    2.00     4  postgres
08:41:47 PM 100998    636631    1.00    1.00    0.00    0.00    2.00     4  postgres
08:41:47 PM 100998    636632    0.00    1.00    0.00    0.00    1.00     4  postgres
08:41:47 PM 100998    636633    0.00    1.00    0.00    0.00    1.00     4  postgres
08:41:47 PM 100998    636634    1.00    0.00    0.00    0.00    1.00     6  postgres
08:41:47 PM 100998    636635    1.00    1.00    0.00    0.00    2.00     6  postgres
08:41:47 PM 100998    636636    1.00    1.00    0.00    0.00    2.00     6  postgres
08:41:47 PM 100998    636638    1.00    1.00    0.00    0.00    2.00     4  postgres
08:41:47 PM 100998    636639    2.00    1.00    0.00    0.00    3.00     5  postgres
08:41:47 PM 100998    636640    1.00    1.00    0.00    1.00    2.00     6  postgres
08:41:47 PM 100998    636642    1.00    0.00    0.00    0.00    1.00     4  postgres
08:41:47 PM 100998    636644    1.00    1.00    0.00    0.00    2.00     4  postgres
08:41:47 PM 100998    636646    1.00    1.00    0.00    0.00    2.00     6  postgres
08:41:47 PM 100998    636648    1.00    0.00    0.00    0.00    1.00     6  postgres
08:41:47 PM 100998    636653    1.00    0.00    0.00    0.00    1.00     6  postgres

08:41:47 PM   UID       PID    %usr %system  %guest   %wait    %CPU   CPU  Command
08:41:48 PM 100998    636535    0.00    0.00    0.00    0.00    0.00     6  postgres
08:41:48 PM 100998    636536    0.00    0.00    0.00    0.00    0.00     6  postgres
08:41:48 PM 100998    636538    0.00    0.00    0.00    0.00    0.00     6  postgres
08:41:48 PM 100998    636539    0.00    0.00    0.00    0.00    0.00     5  postgres
08:41:48 PM 100998    636605    1.00    0.00    0.00    1.00    1.00     4  postgres
08:41:48 PM 100998    636613    0.00    1.00    0.00    0.00    1.00     6  postgres
08:41:48 PM 100998    636615    0.00    2.00    0.00    0.00    2.00     6  postgres
08:41:48 PM 100998    636616    1.00    1.00    0.00    0.00    2.00     4  postgres
08:41:48 PM 100998    636617    0.00    2.00    0.00    0.00    2.00     6  postgres
08:41:48 PM 100998    636630    1.00    1.00    0.00    0.00    2.00     5  postgres
08:41:48 PM 100998    636631    1.00    0.00    0.00    0.00    1.00     4  postgres
08:41:48 PM 100998    636632    1.00    1.00    0.00    0.00    2.00     4  postgres
08:41:48 PM 100998    636633    1.00    1.00    0.00    0.00    2.00     6  postgres
08:41:48 PM 100998    636634    1.00    1.00    0.00    0.00    2.00     4  postgres
08:41:48 PM 100998    636635    1.00    0.00    0.00    0.00    1.00     4  postgres
08:41:48 PM 100998    636636    1.00    1.00    0.00    0.00    2.00     6  postgres
08:41:48 PM 100998    636638    0.00    1.00    0.00    0.00    1.00     6  postgres
08:41:48 PM 100998    636639    1.00    1.00    0.00    0.00    2.00     5  postgres
08:41:48 PM 100998    636640    1.00    0.00    0.00    0.00    1.00     6  postgres
08:41:48 PM 100998    636642    0.00    1.00    0.00    0.00    1.00     4  postgres
08:41:48 PM 100998    636644    1.00    0.00    0.00    0.00    1.00     4  postgres
08:41:48 PM 100998    636646    1.00    1.00    0.00    0.00    2.00     6  postgres
08:41:48 PM 100998    636648    0.00    1.00    0.00    0.00    1.00     6  postgres
08:41:48 PM 100998    636653    1.00    1.00    0.00    0.00    2.00     4  postgres

08:41:48 PM   UID       PID    %usr %system  %guest   %wait    %CPU   CPU  Command
08:41:49 PM 100998    636535    0.00    0.00    0.00    0.00    0.00     6  postgres
08:41:49 PM 100998    636536    0.00    0.00    0.00    0.00    0.00     4  postgres
08:41:49 PM 100998    636538    0.00    0.00    0.00    0.00    0.00     6  postgres
08:41:49 PM 100998    636539    0.00    0.00    0.00    0.00    0.00     5  postgres
08:41:49 PM 100998    636605    0.00    1.00    0.00    0.00    1.00     6  postgres
08:41:49 PM 100998    636613    1.00    1.00    0.00    0.00    2.00     4  postgres
08:41:49 PM 100998    636615    0.00    0.00    0.00    0.00    0.00     6  postgres
08:41:49 PM 100998    636616    1.00    2.00    0.00    0.00    3.00     4  postgres
08:41:49 PM 100998    636617    1.00    1.00    0.00    0.00    2.00     4  postgres
08:41:49 PM 100998    636630    1.00    1.00    0.00    0.00    2.00     5  postgres
08:41:49 PM 100998    636631    1.00    1.00    0.00    0.00    2.00     6  postgres
08:41:49 PM 100998    636632    1.00    1.00    0.00    0.00    2.00     6  postgres
08:41:49 PM 100998    636633    1.00    1.00    0.00    0.00    2.00     6  postgres
08:41:49 PM 100998    636634    1.00    1.00    0.00    0.00    2.00     4  postgres
08:41:49 PM 100998    636635    0.00    1.00    0.00    0.00    1.00     6  postgres
08:41:49 PM 100998    636636    0.00    0.00    0.00    0.00    0.00     6  postgres
08:41:49 PM 100998    636638    1.00    0.00    0.00    0.00    1.00     4  postgres
08:41:49 PM 100998    636639    1.00    1.00    0.00    1.00    2.00     5  postgres
08:41:49 PM 100998    636640    0.00    1.00    0.00    0.00    1.00     6  postgres
08:41:49 PM 100998    636642    1.00    1.00    0.00    0.00    2.00     6  postgres
08:41:49 PM 100998    636644    1.00    2.00    0.00    0.00    3.00     4  postgres
08:41:49 PM 100998    636646    1.00    1.00    0.00    0.00    2.00     4  postgres
08:41:49 PM 100998    636648    1.00    1.00    0.00    0.00    2.00     4  postgres
08:41:49 PM 100998    636653    0.00    0.00    0.00    0.00    0.00     6  postgres

08:41:49 PM   UID       PID    %usr %system  %guest   %wait    %CPU   CPU  Command
08:41:50 PM 100998    636535    0.00    0.00    0.00    0.00    0.00     6  postgres
08:41:50 PM 100998    636536    0.00    0.00    0.00    0.00    0.00     6  postgres
08:41:50 PM 100998    636538    0.00    0.00    0.00    0.00    0.00     6  postgres
08:41:50 PM 100998    636539    0.00    0.00    0.00    0.00    0.00     5  postgres
08:41:50 PM 100998    636605    1.00    1.00    0.00    0.00    2.00     6  postgres
08:41:50 PM 100998    636613    1.00    1.00    0.00    0.00    2.00     6  postgres
08:41:50 PM 100998    636615    2.00    1.00    0.00    0.00    3.00     6  postgres
08:41:50 PM 100998    636616    1.00    1.00    0.00    0.00    2.00     6  postgres
08:41:50 PM 100998    636617    1.00    1.00    0.00    0.00    2.00     4  postgres
08:41:50 PM 100998    636630    1.00    0.00    0.00    0.00    1.00     5  postgres
08:41:50 PM 100998    636631    0.00    1.00    0.00    0.00    1.00     6  postgres
08:41:50 PM 100998    636632    1.00    0.00    0.00    0.00    1.00     4  postgres
08:41:50 PM 100998    636633    1.00    0.00    0.00    1.00    1.00     6  postgres
08:41:50 PM 100998    636634    1.00    1.00    0.00    0.00    2.00     6  postgres
08:41:50 PM 100998    636635    1.00    1.00    0.00    0.00    2.00     6  postgres
08:41:50 PM 100998    636636    1.00    1.00    0.00    0.00    2.00     4  postgres
08:41:50 PM 100998    636638    0.00    1.00    0.00    0.00    1.00     6  postgres
08:41:50 PM 100998    636639    0.00    1.00    0.00    0.00    1.00     6  postgres
08:41:50 PM 100998    636640    1.00    0.00    0.00    0.00    1.00     4  postgres
08:41:50 PM 100998    636642    0.00    0.00    0.00    0.00    0.00     6  postgres
08:41:50 PM 100998    636644    0.00    0.00    0.00    0.00    0.00     4  postgres
08:41:50 PM 100998    636646    0.00    0.00    0.00    0.00    0.00     6  postgres
08:41:50 PM 100998    636648    1.00    1.00    0.00    0.00    2.00     6  postgres
08:41:50 PM 100998    636653    1.00    1.00    0.00    0.00    2.00     6  postgres

08:41:50 PM   UID       PID    %usr %system  %guest   %wait    %CPU   CPU  Command
08:41:51 PM 100998    636535    0.00    0.00    0.00    0.00    0.00     6  postgres
08:41:51 PM 100998    636536    0.00    0.00    0.00    0.00    0.00     6  postgres
08:41:51 PM 100998    636538    0.00    0.00    0.00    0.00    0.00     6  postgres
08:41:51 PM 100998    636539    0.00    0.00    0.00    0.00    0.00     5  postgres
08:41:51 PM 100998    636605    1.00    1.00    0.00    0.00    2.00     6  postgres
08:41:51 PM 100998    636613    1.00    1.00    0.00    0.00    2.00     6  postgres
08:41:51 PM 100998    636615    0.00    1.00    0.00    0.00    1.00     5  postgres
08:41:51 PM 100998    636616    1.00    0.00    0.00    0.00    1.00     4  postgres
08:41:51 PM 100998    636617    1.00    0.00    0.00    0.00    1.00     6  postgres
08:41:51 PM 100998    636630    1.00    1.00    0.00    0.00    2.00     5  postgres
08:41:51 PM 100998    636631    1.00    0.00    0.00    0.00    1.00     4  postgres
08:41:51 PM 100998    636632    1.00    1.00    0.00    0.00    2.00     4  postgres
08:41:51 PM 100998    636633    0.00    1.00    0.00    0.00    1.00     6  postgres
08:41:51 PM 100998    636634    1.00    0.00    0.00    0.00    1.00     6  postgres
08:41:51 PM 100998    636635    1.00    1.00    0.00    0.00    2.00     6  postgres
08:41:51 PM 100998    636636    0.00    1.00    0.00    0.00    1.00     6  postgres
08:41:51 PM 100998    636638    1.00    1.00    0.00    0.00    2.00     4  postgres
08:41:51 PM 100998    636639    1.00    0.00    0.00    0.00    1.00     4  postgres
08:41:51 PM 100998    636640    1.00    0.00    0.00    0.00    1.00     4  postgres
08:41:51 PM 100998    636642    0.00    1.00    0.00    0.00    1.00     6  postgres
08:41:51 PM 100998    636644    1.00    1.00    0.00    1.00    2.00     6  postgres
08:41:51 PM 100998    636646    1.00    0.00    0.00    0.00    1.00     6  postgres
08:41:51 PM 100998    636648    1.00    0.00    0.00    0.00    1.00     6  postgres
08:41:51 PM 100998    636653    1.00    0.00    0.00    0.00    1.00     5  postgres

08:41:51 PM   UID       PID    %usr %system  %guest   %wait    %CPU   CPU  Command
08:41:52 PM 100998    636535    0.00    0.00    0.00    0.00    0.00     6  postgres
08:41:52 PM 100998    636536    0.00    0.00    0.00    0.00    0.00     4  postgres
08:41:52 PM 100998    636538    0.00    0.00    0.00    0.00    0.00     6  postgres
08:41:52 PM 100998    636539    0.00    0.00    0.00    0.00    0.00     5  postgres
08:41:52 PM 100998    636605    1.00    0.00    0.00    0.00    1.00     4  postgres
08:41:52 PM 100998    636613    1.00    1.00    0.00    0.00    2.00     6  postgres
08:41:52 PM 100998    636615    1.00    1.00    0.00    0.00    2.00     5  postgres
08:41:52 PM 100998    636616    0.00    1.00    0.00    0.00    1.00     4  postgres
08:41:52 PM 100998    636617    1.00    1.00    0.00    0.00    2.00     6  postgres
08:41:52 PM 100998    636630    1.00    1.00    0.00    0.00    2.00     5  postgres
08:41:52 PM 100998    636631    0.00    1.00    0.00    0.00    1.00     4  postgres
08:41:52 PM 100998    636632    0.00    0.00    0.00    0.00    0.00     6  postgres
08:41:52 PM 100998    636633    1.00    0.00    0.00    0.00    1.00     6  postgres
08:41:52 PM 100998    636634    1.00    1.00    0.00    0.00    2.00     4  postgres
08:41:52 PM 100998    636635    0.00    0.00    0.00    0.00    0.00     6  postgres
08:41:52 PM 100998    636636    1.00    2.00    0.00    0.00    3.00     6  postgres
08:41:52 PM 100998    636638    1.00    1.00    0.00    0.00    2.00     6  postgres
08:41:52 PM 100998    636639    1.00    2.00    0.00    0.00    3.00     4  postgres
08:41:52 PM 100998    636640    1.00    1.00    0.00    0.00    2.00     6  postgres
08:41:52 PM 100998    636642    1.00    1.00    0.00    0.00    2.00     4  postgres
08:41:52 PM 100998    636644    1.00    1.00    0.00    0.00    2.00     4  postgres
08:41:52 PM 100998    636646    0.00    1.00    0.00    0.00    1.00     6  postgres
08:41:52 PM 100998    636648    0.00    1.00    0.00    0.00    1.00     4  postgres
08:41:52 PM 100998    636653    1.00    2.00    0.00    0.00    3.00     5  postgres

08:41:52 PM   UID       PID    %usr %system  %guest   %wait    %CPU   CPU  Command
08:41:53 PM 100998    636535    0.00    0.00    0.00    0.00    0.00     6  postgres
08:41:53 PM 100998    636536    0.00    0.00    0.00    0.00    0.00     4  postgres
08:41:53 PM 100998    636538    0.00    0.00    0.00    0.00    0.00     6  postgres
08:41:53 PM 100998    636539    0.00    0.00    0.00    0.00    0.00     5  postgres
08:41:53 PM 100998    636605    1.00    1.00    0.00    0.00    2.00     4  postgres
08:41:53 PM 100998    636613    1.00    0.00    0.00    0.00    1.00     6  postgres
08:41:53 PM 100998    636615    1.00    1.00    0.00    0.00    2.00     5  postgres
08:41:53 PM 100998    636616    1.00    1.00    0.00    0.00    2.00     4  postgres
08:41:53 PM 100998    636617    0.00    1.00    0.00    0.00    1.00     4  postgres
08:41:53 PM 100998    636630    1.00    1.00    0.00    0.00    2.00     5  postgres
08:41:53 PM 100998    636631    1.00    1.00    0.00    0.00    2.00     6  postgres
08:41:53 PM 100998    636632    1.00    1.00    0.00    0.00    2.00     6  postgres
08:41:53 PM 100998    636633    1.00    1.00    0.00    0.00    2.00     4  postgres
08:41:53 PM 100998    636634    0.00    1.00    0.00    0.00    1.00     4  postgres
08:41:53 PM 100998    636635    0.00    1.00    0.00    0.00    1.00     6  postgres
08:41:53 PM 100998    636636    0.00    0.00    0.00    0.00    0.00     6  postgres
08:41:53 PM 100998    636638    0.00    0.00    0.00    0.00    0.00     6  postgres
08:41:53 PM 100998    636639    1.00    0.00    0.00    0.00    1.00     6  postgres
08:41:53 PM 100998    636640    1.00    1.00    0.00    0.00    2.00     4  postgres
08:41:53 PM 100998    636642    1.00    0.00    0.00    0.00    1.00     6  postgres
08:41:53 PM 100998    636644    1.00    0.00    0.00    0.00    1.00     4  postgres
08:41:53 PM 100998    636646    1.00    1.00    0.00    0.00    2.00     6  postgres
08:41:53 PM 100998    636648    1.00    0.00    0.00    0.00    1.00     4  postgres
08:41:53 PM 100998    636653    0.00    0.00    0.00    0.00    0.00     5  postgres

08:41:53 PM   UID       PID    %usr %system  %guest   %wait    %CPU   CPU  Command
08:41:54 PM 100998    636535    0.00    0.00    0.00    0.00    0.00     6  postgres
08:41:54 PM 100998    636536    0.00    0.00    0.00    0.00    0.00     4  postgres
08:41:54 PM 100998    636538    0.00    0.00    0.00    0.00    0.00     6  postgres
08:41:54 PM 100998    636539    0.00    0.00    0.00    0.00    0.00     5  postgres
08:41:54 PM 100998    636605    1.00    1.00    0.00    0.00    2.00     6  postgres
08:41:54 PM 100998    636613    1.00    1.00    0.00    0.00    2.00     6  postgres
08:41:54 PM 100998    636615    1.00    2.00    0.00    0.00    3.00     4  postgres
08:41:54 PM 100998    636616    1.00    1.00    0.00    0.00    2.00     4  postgres
08:41:54 PM 100998    636617    1.00    1.00    0.00    0.00    2.00     6  postgres
08:41:54 PM 100998    636630    2.00    1.00    0.00    0.00    3.00     5  postgres
08:41:54 PM 100998    636631    2.00    1.00    0.00    0.00    3.00     5  postgres
08:41:54 PM 100998    636632    1.00    1.00    0.00    0.00    2.00     4  postgres
08:41:54 PM 100998    636633    0.00    1.00    0.00    0.00    1.00     4  postgres
08:41:54 PM 100998    636634    0.00    1.00    0.00    0.00    1.00     6  postgres
08:41:54 PM 100998    636635    1.00    1.00    0.00    0.00    2.00     4  postgres
08:41:54 PM 100998    636636    1.00    0.00    0.00    0.00    1.00     5  postgres
08:41:54 PM 100998    636638    1.00    1.00    0.00    0.00    2.00     6  postgres
08:41:54 PM 100998    636639    0.00    1.00    0.00    0.00    1.00     6  postgres
08:41:54 PM 100998    636640    0.00    1.00    0.00    0.00    1.00     6  postgres
08:41:54 PM 100998    636642    1.00    1.00    0.00    0.00    2.00     6  postgres
08:41:54 PM 100998    636644    1.00    2.00    0.00    0.00    3.00     4  postgres
08:41:54 PM 100998    636646    0.00    1.00    0.00    0.00    1.00     4  postgres
08:41:54 PM 100998    636648    0.00    1.00    0.00    0.00    1.00     4  postgres
08:41:54 PM 100998    636653    1.00    1.00    0.00    0.00    2.00     5  postgres

08:41:54 PM   UID       PID    %usr %system  %guest   %wait    %CPU   CPU  Command
08:41:55 PM 100998    636535    0.00    0.00    0.00    0.00    0.00     6  postgres
08:41:55 PM 100998    636536    0.00    0.00    0.00    0.00    0.00     4  postgres
08:41:55 PM 100998    636538    0.00    0.00    0.00    0.00    0.00     6  postgres
08:41:55 PM 100998    636539    0.00    0.00    0.00    0.00    0.00     5  postgres
08:41:55 PM 100998    636605    1.00    1.00    0.00    0.00    2.00     4  postgres
08:41:55 PM 100998    636613    1.00    0.00    0.00    0.00    1.00     6  postgres
08:41:55 PM 100998    636615    1.00    0.00    0.00    0.00    1.00     6  postgres
08:41:55 PM 100998    636616    1.00    0.00    0.00    0.00    1.00     4  postgres
08:41:55 PM 100998    636617    0.00    0.00    0.00    0.00    0.00     4  postgres
08:41:55 PM 100998    636630    1.00    0.00    0.00    1.00    1.00     5  postgres
08:41:55 PM 100998    636631    0.00    0.00    0.00    0.00    0.00     5  postgres
08:41:55 PM 100998    636632    1.00    0.00    0.00    0.00    1.00     4  postgres
08:41:55 PM 100998    636633    1.00    0.00    0.00    0.00    1.00     6  postgres
08:41:55 PM 100998    636634    0.00    1.00    0.00    0.00    1.00     5  postgres
08:41:55 PM 100998    636635    1.00    0.00    0.00    0.00    1.00     6  postgres
08:41:55 PM 100998    636636    1.00    2.00    0.00    0.00    3.00     5  postgres
08:41:55 PM 100998    636638    1.00    1.00    0.00    0.00    2.00     4  postgres
08:41:55 PM 100998    636639    1.00    0.00    0.00    0.00    1.00     4  postgres
08:41:55 PM 100998    636640    1.00    1.00    0.00    0.00    2.00     6  postgres
08:41:55 PM 100998    636642    1.00    0.00    0.00    0.00    1.00     4  postgres
08:41:55 PM 100998    636644    0.00    1.00    0.00    0.00    1.00     4  postgres
08:41:55 PM 100998    636646    1.00    1.00    0.00    0.00    2.00     4  postgres
08:41:55 PM 100998    636648    1.00    1.00    0.00    0.00    2.00     6  postgres
08:41:55 PM 100998    636653    1.00    1.00    0.00    1.00    2.00     5  postgres

08:41:55 PM   UID       PID    %usr %system  %guest   %wait    %CPU   CPU  Command
08:41:56 PM 100998    636535    0.00    0.00    0.00    0.00    0.00     6  postgres
08:41:56 PM 100998    636536    0.00    0.00    0.00    0.00    0.00     4  postgres
08:41:56 PM 100998    636538    0.00    0.00    0.00    0.00    0.00     6  postgres
08:41:56 PM 100998    636539    0.00    0.00    0.00    0.00    0.00     5  postgres
08:41:56 PM 100998    636605    1.00    1.00    0.00    0.00    2.00     6  postgres
08:41:56 PM 100998    636613    0.00    2.00    0.00    0.00    2.00     6  postgres
08:41:56 PM 100998    636615    2.00    1.00    0.00    0.00    3.00     6  postgres
08:41:56 PM 100998    636616    1.00    1.00    0.00    0.00    2.00     6  postgres
08:41:56 PM 100998    636617    1.00    1.00    0.00    0.00    2.00     6  postgres
08:41:56 PM 100998    636630    1.00    2.00    0.00    0.00    3.00     4  postgres
08:41:56 PM 100998    636631    1.00    1.00    0.00    0.00    2.00     5  postgres
08:41:56 PM 100998    636632    0.00    1.00    0.00    0.00    1.00     6  postgres
08:41:56 PM 100998    636633    0.00    1.00    0.00    0.00    1.00     6  postgres
08:41:56 PM 100998    636634    1.00    1.00    0.00    0.00    2.00     5  postgres
08:41:56 PM 100998    636635    1.00    2.00    0.00    0.00    3.00     4  postgres
08:41:56 PM 100998    636636    1.00    1.00    0.00    0.00    2.00     6  postgres
08:41:56 PM 100998    636638    1.00    1.00    0.00    0.00    2.00     6  postgres
08:41:56 PM 100998    636639    1.00    2.00    0.00    0.00    3.00     6  postgres
08:41:56 PM 100998    636640    1.00    1.00    0.00    0.00    2.00     4  postgres
08:41:56 PM 100998    636642    1.00    1.00    0.00    0.00    2.00     6  postgres
08:41:56 PM 100998    636644    1.00    0.00    0.00    0.00    1.00     6  postgres
08:41:56 PM 100998    636646    1.00    0.00    0.00    0.00    1.00     4  postgres
08:41:56 PM 100998    636648    0.00    0.00    0.00    0.00    0.00     6  postgres
08:41:56 PM 100998    636653    1.00    1.00    0.00    0.00    2.00     4  postgres

08:41:56 PM   UID       PID    %usr %system  %guest   %wait    %CPU   CPU  Command
08:41:57 PM 100998    636535    0.00    0.00    0.00    0.00    0.00     6  postgres
08:41:57 PM 100998    636536    0.00    0.00    0.00    0.00    0.00     4  postgres
08:41:57 PM 100998    636538    0.00    0.00    0.00    0.00    0.00     6  postgres
08:41:57 PM 100998    636539    0.00    0.00    0.00    0.00    0.00     5  postgres
08:41:57 PM 100998    636605    1.00    1.00    0.00    0.00    2.00     6  postgres
08:41:57 PM 100998    636613    1.00    0.00    0.00    0.00    1.00     4  postgres
08:41:57 PM 100998    636615    0.00    0.00    0.00    0.00    0.00     6  postgres
08:41:57 PM 100998    636616    1.00    1.00    0.00    0.00    2.00     4  postgres
08:41:57 PM 100998    636617    0.00    1.00    0.00    0.00    1.00     6  postgres
08:41:57 PM 100998    636630    1.00    1.00    0.00    0.00    2.00     6  postgres
08:41:57 PM 100998    636631    1.00    1.00    0.00    0.00    2.00     5  postgres
08:41:57 PM 100998    636632    1.00    1.00    0.00    0.00    2.00     6  postgres
08:41:57 PM 100998    636633    1.00    0.00    0.00    0.00    1.00     4  postgres
08:41:57 PM 100998    636634    1.00    1.00    0.00    1.00    2.00     4  postgres
08:41:57 PM 100998    636635    1.00    1.00    0.00    0.00    2.00     4  postgres
08:41:57 PM 100998    636636    1.00    1.00    0.00    0.00    2.00     6  postgres
08:41:57 PM 100998    636638    1.00    0.00    0.00    0.00    1.00     4  postgres
08:41:57 PM 100998    636639    1.00    1.00    0.00    0.00    2.00     4  postgres
08:41:57 PM 100998    636640    1.00    1.00    0.00    0.00    2.00     4  postgres
08:41:57 PM 100998    636642    0.00    1.00    0.00    0.00    1.00     4  postgres
08:41:57 PM 100998    636644    1.00    1.00    0.00    0.00    2.00     4  postgres
08:41:57 PM 100998    636646    1.00    2.00    0.00    1.00    3.00     4  postgres
08:41:57 PM 100998    636648    2.00    2.00    0.00    0.00    4.00     4  postgres
08:41:57 PM 100998    636653    1.00    0.00    0.00    0.00    1.00     4  postgres

08:41:57 PM   UID       PID    %usr %system  %guest   %wait    %CPU   CPU  Command
08:41:58 PM 100998    636535    0.00    0.00    0.00    0.00    0.00     6  postgres
08:41:58 PM 100998    636536    0.00    0.00    0.00    0.00    0.00     4  postgres
08:41:58 PM 100998    636538    0.00    0.00    0.00    0.00    0.00     6  postgres
08:41:58 PM 100998    636539    0.00    0.00    0.00    0.00    0.00     5  postgres
08:41:58 PM 100998    636605    1.00    1.00    0.00    0.00    2.00     4  postgres
08:41:58 PM 100998    636613    1.00    1.00    0.00    1.00    2.00     6  postgres
08:41:58 PM 100998    636615    2.00    1.00    0.00    0.00    3.00     5  postgres
08:41:58 PM 100998    636616    2.00    1.00    0.00    1.00    3.00     4  postgres
08:41:58 PM 100998    636617    1.00    1.00    0.00    0.00    2.00     6  postgres
08:41:58 PM 100998    636630    1.00    1.00    0.00    0.00    2.00     6  postgres
08:41:58 PM 100998    636631    1.00    0.00    0.00    0.00    1.00     4  postgres
08:41:58 PM 100998    636632    1.00    0.00    0.00    0.00    1.00     4  postgres
08:41:58 PM 100998    636633    1.00    1.00    0.00    0.00    2.00     5  postgres
08:41:58 PM 100998    636634    1.00    1.00    0.00    0.00    2.00     4  postgres
08:41:58 PM 100998    636635    0.00    0.00    0.00    0.00    0.00     6  postgres
08:41:58 PM 100998    636636    1.00    0.00    0.00    0.00    1.00     4  postgres
08:41:58 PM 100998    636638    1.00    0.00    0.00    0.00    1.00     4  postgres
08:41:58 PM 100998    636639    1.00    0.00    0.00    0.00    1.00     4  postgres
08:41:58 PM 100998    636640    1.00    1.00    0.00    0.00    2.00     4  postgres
08:41:58 PM 100998    636642    1.00    1.00    0.00    0.00    2.00     4  postgres
08:41:58 PM 100998    636644    1.00    1.00    0.00    0.00    2.00     6  postgres
08:41:58 PM 100998    636646    0.00    1.00    0.00    0.00    1.00     4  postgres
08:41:58 PM 100998    636648    1.00    0.00    0.00    0.00    1.00     4  postgres
08:41:58 PM 100998    636653    1.00    1.00    0.00    0.00    2.00     4  postgres

08:41:58 PM   UID       PID    %usr %system  %guest   %wait    %CPU   CPU  Command
08:41:59 PM 100998    636535    0.00    0.00    0.00    0.00    0.00     6  postgres
08:41:59 PM 100998    636536    0.00    0.00    0.00    0.00    0.00     4  postgres
08:41:59 PM 100998    636538    0.00    0.00    0.00    0.00    0.00     6  postgres
08:41:59 PM 100998    636539    0.00    0.00    0.00    0.00    0.00     5  postgres
08:41:59 PM 100998    636605    1.00    1.00    0.00    0.00    2.00     4  postgres
08:41:59 PM 100998    636613    1.00    1.00    0.00    0.00    2.00     6  postgres
08:41:59 PM 100998    636615    0.00    1.00    0.00    0.00    1.00     6  postgres
08:41:59 PM 100998    636616    1.00    1.00    0.00    0.00    2.00     4  postgres
08:41:59 PM 100998    636617    1.00    1.00    0.00    1.00    2.00     6  postgres
08:41:59 PM 100998    636630    1.00    1.00    0.00    0.00    2.00     6  postgres
08:41:59 PM 100998    636631    1.00    1.00    0.00    1.00    2.00     4  postgres
08:41:59 PM 100998    636632    1.00    2.00    0.00    0.00    3.00     6  postgres
08:41:59 PM 100998    636633    2.00    1.00    0.00    0.00    3.00     5  postgres
08:41:59 PM 100998    636634    1.00    2.00    0.00    0.00    3.00     4  postgres
08:41:59 PM 100998    636635    1.00    2.00    0.00    0.00    3.00     6  postgres
08:41:59 PM 100998    636636    0.00    1.00    0.00    0.00    1.00     6  postgres
08:41:59 PM 100998    636638    1.00    1.00    0.00    0.00    2.00     4  postgres
08:41:59 PM 100998    636639    1.00    1.00    0.00    0.00    2.00     4  postgres
08:41:59 PM 100998    636640    1.00    1.00    0.00    0.00    2.00     4  postgres
08:41:59 PM 100998    636642    2.00    1.00    0.00    0.00    3.00     4  postgres
08:41:59 PM 100998    636644    1.00    1.00    0.00    0.00    2.00     6  postgres
08:41:59 PM 100998    636646    1.00    0.00    0.00    0.00    1.00     4  postgres
08:41:59 PM 100998    636648    0.00    1.00    0.00    0.00    1.00     4  postgres
08:41:59 PM 100998    636653    0.00    1.00    0.00    0.00    1.00     6  postgres

08:41:59 PM   UID       PID    %usr %system  %guest   %wait    %CPU   CPU  Command
08:42:00 PM 100998    636535    0.00    0.00    0.00    0.00    0.00     6  postgres
08:42:00 PM 100998    636536    0.00    0.00    0.00    0.00    0.00     4  postgres
08:42:00 PM 100998    636538    0.00    0.00    0.00    0.00    0.00     6  postgres
08:42:00 PM 100998    636539    0.00    0.00    0.00    0.00    0.00     5  postgres
08:42:00 PM 100998    636605    1.00    2.00    0.00    0.00    3.00     4  postgres
08:42:00 PM 100998    636613    1.00    1.00    0.00    0.00    2.00     4  postgres
08:42:00 PM 100998    636615    1.00    1.00    0.00    0.00    2.00     4  postgres
08:42:00 PM 100998    636616    1.00    1.00    0.00    0.00    2.00     6  postgres
08:42:00 PM 100998    636617    1.00    1.00    0.00    0.00    2.00     4  postgres
08:42:00 PM 100998    636630    1.00    0.00    0.00    0.00    1.00     5  postgres
08:42:00 PM 100998    636631    1.00    1.00    0.00    0.00    2.00     5  postgres
08:42:00 PM 100998    636632    1.00    1.00    0.00    0.00    2.00     4  postgres
08:42:00 PM 100998    636633    1.00    1.00    0.00    0.00    2.00     5  postgres
08:42:00 PM 100998    636634    0.00    1.00    0.00    0.00    1.00     4  postgres
08:42:00 PM 100998    636635    1.00    0.00    0.00    0.00    1.00     4  postgres
08:42:00 PM 100998    636636    1.00    1.00    0.00    0.00    2.00     4  postgres
08:42:00 PM 100998    636638    0.00    1.00    0.00    0.00    1.00     4  postgres
08:42:00 PM 100998    636639    1.00    2.00    0.00    0.00    3.00     6  postgres
08:42:00 PM 100998    636640    0.00    0.00    0.00    0.00    0.00     6  postgres
08:42:00 PM 100998    636642    1.00    1.00    0.00    0.00    2.00     5  postgres
08:42:00 PM 100998    636644    1.00    1.00    0.00    0.00    2.00     4  postgres
08:42:00 PM 100998    636646    1.00    1.00    0.00    0.00    2.00     6  postgres
08:42:00 PM 100998    636648    1.00    1.00    0.00    0.00    2.00     6  postgres
08:42:00 PM 100998    636653    1.00    0.00    0.00    0.00    1.00     4  postgres

08:42:00 PM   UID       PID    %usr %system  %guest   %wait    %CPU   CPU  Command
08:42:01 PM 100998    636535    0.00    0.00    0.00    0.00    0.00     6  postgres
08:42:01 PM 100998    636536    0.00    0.00    0.00    0.00    0.00     4  postgres
08:42:01 PM 100998    636538    0.00    0.00    0.00    0.00    0.00     4  postgres
08:42:01 PM 100998    636539    0.00    0.00    0.00    0.00    0.00     5  postgres
08:42:01 PM 100998    636605    1.00    0.00    0.00    0.00    1.00     4  postgres
08:42:01 PM 100998    636613    1.00    1.00    0.00    0.00    2.00     6  postgres
08:42:01 PM 100998    636615    1.00    0.00    0.00    0.00    1.00     4  postgres
08:42:01 PM 100998    636616    0.00    0.00    0.00    0.00    0.00     6  postgres
08:42:01 PM 100998    636617    1.00    1.00    0.00    0.00    2.00     6  postgres
08:42:01 PM 100998    636630    1.00    1.00    0.00    0.00    2.00     5  postgres
08:42:01 PM 100998    636631    1.00    1.00    0.00    0.00    2.00     4  postgres
08:42:01 PM 100998    636632    1.00    1.00    0.00    0.00    2.00     4  postgres
08:42:01 PM 100998    636633    1.00    1.00    0.00    0.00    2.00     5  postgres
08:42:01 PM 100998    636634    1.00    1.00    0.00    0.00    2.00     4  postgres
08:42:01 PM 100998    636635    1.00    1.00    0.00    0.00    2.00     4  postgres
08:42:01 PM 100998    636636    1.00    0.00    0.00    0.00    1.00     6  postgres
08:42:01 PM 100998    636638    0.00    1.00    0.00    0.00    1.00     5  postgres
08:42:01 PM 100998    636639    1.00    0.00    0.00    0.00    1.00     4  postgres
08:42:01 PM 100998    636640    1.00    1.00    0.00    0.00    2.00     6  postgres
08:42:01 PM 100998    636642    1.00    2.00    0.00    1.00    3.00     5  postgres
08:42:01 PM 100998    636644    0.00    0.00    0.00    0.00    0.00     6  postgres
08:42:01 PM 100998    636646    1.00    0.00    0.00    0.00    1.00     6  postgres
08:42:01 PM 100998    636648    0.00    2.00    0.00    0.00    2.00     6  postgres
08:42:01 PM 100998    636653    1.00    2.00    0.00    0.00    3.00     6  postgres

08:42:01 PM   UID       PID    %usr %system  %guest   %wait    %CPU   CPU  Command
08:42:02 PM 100998    636535    0.00    0.00    0.00    0.00    0.00     6  postgres
08:42:02 PM 100998    636536    0.00    0.00    0.00    0.00    0.00     4  postgres
08:42:02 PM 100998    636538    0.00    0.00    0.00    0.00    0.00     4  postgres
08:42:02 PM 100998    636539    0.00    0.00    0.00    0.00    0.00     5  postgres
08:42:02 PM 100998    636605    1.00    2.00    0.00    0.00    3.00     6  postgres
08:42:02 PM 100998    636613    1.00    1.00    0.00    0.00    2.00     4  postgres
08:42:02 PM 100998    636615    1.00    1.00    0.00    0.00    2.00     6  postgres
08:42:02 PM 100998    636616    1.00    1.00    0.00    0.00    2.00     6  postgres
08:42:02 PM 100998    636617    1.00    1.00    0.00    0.00    2.00     4  postgres
08:42:02 PM 100998    636630    1.00    1.00    0.00    0.00    2.00     5  postgres
08:42:02 PM 100998    636631    1.00    0.00    0.00    0.00    1.00     6  postgres
08:42:02 PM 100998    636632    0.00    0.00    0.00    0.00    0.00     6  postgres
08:42:02 PM 100998    636633    1.00    1.00    0.00    0.00    2.00     5  postgres
08:42:02 PM 100998    636634    0.00    1.00    0.00    0.00    1.00     6  postgres
08:42:02 PM 100998    636635    0.00    1.00    0.00    0.00    1.00     4  postgres
08:42:02 PM 100998    636636    1.00    1.00    0.00    0.00    2.00     6  postgres
08:42:02 PM 100998    636638    1.00    1.00    0.00    0.00    2.00     5  postgres
08:42:02 PM 100998    636639    1.00    1.00    0.00    0.00    2.00     6  postgres
08:42:02 PM 100998    636640    1.00    1.00    0.00    0.00    2.00     4  postgres
08:42:02 PM 100998    636642    0.00    1.00    0.00    0.00    1.00     4  postgres
08:42:02 PM 100998    636644    1.00    1.00    0.00    0.00    2.00     4  postgres
08:42:02 PM 100998    636646    0.00    1.00    0.00    0.00    1.00     4  postgres
08:42:02 PM 100998    636648    0.00    1.00    0.00    1.00    1.00     6  postgres
08:42:02 PM 100998    636653    0.00    0.00    0.00    0.00    0.00     6  postgres

08:42:02 PM   UID       PID    %usr %system  %guest   %wait    %CPU   CPU  Command
08:42:03 PM 100998    636535    0.00    0.00    0.00    0.00    0.00     6  postgres
08:42:03 PM 100998    636536    0.00    0.00    0.00    0.00    0.00     4  postgres
08:42:03 PM 100998    636538    0.00    0.00    0.00    0.00    0.00     4  postgres
08:42:03 PM 100998    636539    0.00    0.00    0.00    0.00    0.00     5  postgres
08:42:03 PM 100998    636605    1.00    0.00    0.00    0.00    1.00     4  postgres
08:42:03 PM 100998    636613    0.00    0.00    0.00    0.00    0.00     6  postgres
08:42:03 PM 100998    636615    1.00    1.00    0.00    0.00    2.00     4  postgres
08:42:03 PM 100998    636616    1.00    1.00    0.00    0.00    2.00     6  postgres
08:42:03 PM 100998    636617    1.00    1.00    0.00    0.00    2.00     4  postgres
08:42:03 PM 100998    636630    1.00    1.00    0.00    0.00    2.00     5  postgres
08:42:03 PM 100998    636631    0.00    1.00    0.00    0.00    1.00     4  postgres
08:42:03 PM 100998    636632    1.00    1.00    0.00    0.00    2.00     6  postgres
08:42:03 PM 100998    636633    2.00    1.00    0.00    0.00    3.00     5  postgres
08:42:03 PM 100998    636634    1.00    2.00    0.00    0.00    3.00     6  postgres
08:42:03 PM 100998    636635    1.00    1.00    0.00    0.00    2.00     6  postgres
08:42:03 PM 100998    636636    0.00    1.00    0.00    0.00    1.00     4  postgres
08:42:03 PM 100998    636638    1.00    1.00    0.00    0.00    2.00     5  postgres
08:42:03 PM 100998    636639    0.00    1.00    0.00    0.00    1.00     6  postgres
08:42:03 PM 100998    636640    0.00    0.00    0.00    0.00    0.00     4  postgres
08:42:03 PM 100998    636642    1.00    1.00    0.00    0.00    2.00     4  postgres
08:42:03 PM 100998    636644    0.00    1.00    0.00    0.00    1.00     4  postgres
08:42:03 PM 100998    636646    1.00    0.00    0.00    0.00    1.00     6  postgres
08:42:03 PM 100998    636648    1.00    0.00    0.00    0.00    1.00     6  postgres
08:42:03 PM 100998    636653    1.00    1.00    0.00    0.00    2.00     4  postgres

08:42:03 PM   UID       PID    %usr %system  %guest   %wait    %CPU   CPU  Command
08:42:04 PM 100998    636535    0.00    0.00    0.00    0.00    0.00     6  postgres
08:42:04 PM 100998    636536    0.00    0.00    0.00    0.00    0.00     4  postgres
08:42:04 PM 100998    636538    0.00    0.00    0.00    0.00    0.00     4  postgres
08:42:04 PM 100998    636539    0.00    0.00    0.00    0.00    0.00     5  postgres
08:42:04 PM 100998    636605    0.00    1.00    0.00    0.00    1.00     6  postgres
08:42:04 PM 100998    636613    1.00    1.00    0.00    0.00    2.00     6  postgres
08:42:04 PM 100998    636615    1.00    1.00    0.00    0.00    2.00     6  postgres
08:42:04 PM 100998    636616    1.00    1.00    0.00    0.00    2.00     6  postgres
08:42:04 PM 100998    636617    1.00    0.00    0.00    0.00    1.00     6  postgres
08:42:04 PM 100998    636630    2.00    1.00    0.00    0.00    3.00     5  postgres
08:42:04 PM 100998    636631    1.00    1.00    0.00    0.00    2.00     6  postgres
08:42:04 PM 100998    636632    1.00    1.00    0.00    1.00    2.00     6  postgres
08:42:04 PM 100998    636633    0.00    1.00    0.00    0.00    1.00     5  postgres
08:42:04 PM 100998    636634    0.00    1.00    0.00    0.00    1.00     6  postgres
08:42:04 PM 100998    636635    0.00    1.00    0.00    0.00    1.00     5  postgres
08:42:04 PM 100998    636636    1.00    1.00    0.00    0.00    2.00     4  postgres
08:42:04 PM 100998    636638    2.00    1.00    0.00    0.00    3.00     5  postgres
08:42:04 PM 100998    636639    1.00    1.00    0.00    0.00    2.00     5  postgres
08:42:04 PM 100998    636640    1.00    1.00    0.00    0.00    2.00     4  postgres
08:42:04 PM 100998    636642    1.00    0.00    0.00    0.00    1.00     6  postgres
08:42:04 PM 100998    636644    1.00    1.00    0.00    0.00    2.00     4  postgres
08:42:04 PM 100998    636646    0.00    0.00    0.00    0.00    0.00     4  postgres
08:42:04 PM 100998    636648    1.00    1.00    0.00    0.00    2.00     6  postgres
08:42:04 PM 100998    636653    1.00    1.00    0.00    0.00    2.00     4  postgres

08:42:04 PM   UID       PID    %usr %system  %guest   %wait    %CPU   CPU  Command
08:42:05 PM 100998    636535    0.00    0.00    0.00    0.00    0.00     6  postgres
08:42:05 PM 100998    636536    0.00    0.00    0.00    0.00    0.00     4  postgres
08:42:05 PM 100998    636538    0.00    0.00    0.00    0.00    0.00     4  postgres
08:42:05 PM 100998    636539    0.00    0.00    0.00    0.00    0.00     5  postgres
08:42:05 PM 100998    636605    2.00    1.00    0.00    0.00    3.00     4  postgres
08:42:05 PM 100998    636613    1.00    0.00    0.00    0.00    1.00     4  postgres
08:42:05 PM 100998    636615    0.00    1.00    0.00    0.00    1.00     4  postgres
08:42:05 PM 100998    636616    1.00    1.00    0.00    0.00    2.00     4  postgres
08:42:05 PM 100998    636617    1.00    1.00    0.00    0.00    2.00     6  postgres
08:42:05 PM 100998    636630    1.00    1.00    0.00    1.00    2.00     5  postgres
08:42:05 PM 100998    636631    1.00    1.00    0.00    0.00    2.00     6  postgres
08:42:05 PM 100998    636632    1.00    2.00    0.00    0.00    3.00     6  postgres
08:42:05 PM 100998    636633    1.00    0.00    0.00    0.00    1.00     4  postgres
08:42:05 PM 100998    636634    1.00    0.00    0.00    0.00    1.00     4  postgres
08:42:05 PM 100998    636635    2.00    0.00    0.00    0.00    2.00     5  postgres
08:42:05 PM 100998    636636    1.00    1.00    0.00    0.00    2.00     6  postgres
08:42:05 PM 100998    636638    1.00    0.00    0.00    0.00    1.00     5  postgres
08:42:05 PM 100998    636639    0.00    0.00    0.00    0.00    0.00     5  postgres
08:42:05 PM 100998    636640    1.00    0.00    0.00    0.00    1.00     6  postgres
08:42:05 PM 100998    636642    1.00    1.00    0.00    0.00    2.00     6  postgres
08:42:05 PM 100998    636644    0.00    0.00    0.00    0.00    0.00     4  postgres
08:42:05 PM 100998    636646    0.00    1.00    0.00    0.00    1.00     6  postgres
08:42:05 PM 100998    636648    0.00    1.00    0.00    0.00    1.00     4  postgres
08:42:05 PM 100998    636653    1.00    0.00    0.00    0.00    1.00     6  postgres

08:42:05 PM   UID       PID    %usr %system  %guest   %wait    %CPU   CPU  Command
08:42:06 PM 100998    636535    0.00    0.00    0.00    0.00    0.00     6  postgres
08:42:06 PM 100998    636536    0.00    0.00    0.00    0.00    0.00     4  postgres
08:42:06 PM 100998    636538    0.00    0.00    0.00    0.00    0.00     4  postgres
08:42:06 PM 100998    636539    0.00    0.00    0.00    0.00    0.00     5  postgres
08:42:06 PM 100998    636605    1.00    1.00    0.00    0.00    2.00     4  postgres
08:42:06 PM 100998    636613    0.00    1.00    0.00    0.00    1.00     6  postgres
08:42:06 PM 100998    636615    2.00    1.00    0.00    1.00    3.00     6  postgres
08:42:06 PM 100998    636616    0.00    1.00    0.00    0.00    1.00     6  postgres
08:42:06 PM 100998    636617    1.00    1.00    0.00    0.00    2.00     6  postgres
08:42:06 PM 100998    636630    1.00    1.00    0.00    0.00    2.00     6  postgres
08:42:06 PM 100998    636631    1.00    1.00    0.00    0.00    2.00     6  postgres
08:42:06 PM 100998    636632    0.00    0.00    0.00    0.00    0.00     6  postgres
08:42:06 PM 100998    636633    1.00    1.00    0.00    0.00    2.00     6  postgres
08:42:06 PM 100998    636634    1.00    1.00    0.00    0.00    2.00     4  postgres
08:42:06 PM 100998    636635    0.00    1.00    0.00    0.00    1.00     5  postgres
08:42:06 PM 100998    636636    1.00    1.00    0.00    0.00    2.00     4  postgres
08:42:06 PM 100998    636638    0.00    1.00    0.00    0.00    1.00     5  postgres
08:42:06 PM 100998    636639    1.00    1.00    0.00    0.00    2.00     5  postgres
08:42:06 PM 100998    636640    1.00    1.00    0.00    0.00    2.00     4  postgres
08:42:06 PM 100998    636642    0.00    1.00    0.00    0.00    1.00     4  postgres
08:42:06 PM 100998    636644    1.00    1.00    0.00    0.00    2.00     4  postgres
08:42:06 PM 100998    636646    1.00    1.00    0.00    0.00    2.00     4  postgres
08:42:06 PM 100998    636648    1.00    1.00    0.00    0.00    2.00     4  postgres
08:42:06 PM 100998    636653    0.00    1.00    0.00    0.00    1.00     4  postgres

08:42:06 PM   UID       PID    %usr %system  %guest   %wait    %CPU   CPU  Command
08:42:07 PM 100998    636535    0.00    0.00    0.00    0.00    0.00     6  postgres
08:42:07 PM 100998    636536    0.00    0.00    0.00    0.00    0.00     4  postgres
08:42:07 PM 100998    636538    0.00    0.00    0.00    0.00    0.00     4  postgres
08:42:07 PM 100998    636539    0.00    0.00    0.00    0.00    0.00     5  postgres
08:42:07 PM 100998    636605    1.00    1.00    0.00    1.00    2.00     6  postgres
08:42:07 PM 100998    636613    2.00    1.00    0.00    0.00    3.00     6  postgres
08:42:07 PM 100998    636615    0.00    1.00    0.00    0.00    1.00     6  postgres
08:42:07 PM 100998    636616    1.00    1.00    0.00    0.00    2.00     4  postgres
08:42:07 PM 100998    636617    0.00    0.00    0.00    0.00    0.00     6  postgres
08:42:07 PM 100998    636630    1.00    1.00    0.00    0.00    2.00     4  postgres
08:42:07 PM 100998    636631    1.00    0.00    0.00    0.00    1.00     4  postgres
08:42:07 PM 100998    636632    1.00    1.00    0.00    0.00    2.00     4  postgres
08:42:07 PM 100998    636633    1.00    0.00    0.00    0.00    1.00     4  postgres
08:42:07 PM 100998    636634    1.00    1.00    0.00    0.00    2.00     6  postgres
08:42:07 PM 100998    636635    1.00    1.00    0.00    0.00    2.00     5  postgres
08:42:07 PM 100998    636636    1.00    0.00    0.00    0.00    1.00     6  postgres
08:42:07 PM 100998    636638    1.00    0.00    0.00    0.00    1.00     5  postgres
08:42:07 PM 100998    636639    1.00    1.00    0.00    0.00    2.00     5  postgres
08:42:07 PM 100998    636640    1.00    0.00    0.00    0.00    1.00     4  postgres
08:42:07 PM 100998    636642    1.00    0.00    0.00    0.00    1.00     4  postgres
08:42:07 PM 100998    636644    1.00    0.00    0.00    0.00    1.00     4  postgres
08:42:07 PM 100998    636646    1.00    0.00    0.00    0.00    1.00     6  postgres
08:42:07 PM 100998    636648    1.00    1.00    0.00    0.00    2.00     6  postgres
08:42:07 PM 100998    636653    1.00    1.00    0.00    0.00    2.00     6  postgres

08:42:07 PM   UID       PID    %usr %system  %guest   %wait    %CPU   CPU  Command
08:42:08 PM 100998    636535    0.00    0.00    0.00    0.00    0.00     6  postgres
08:42:08 PM 100998    636536    0.00    0.00    0.00    0.00    0.00     4  postgres
08:42:08 PM 100998    636538    0.00    0.00    0.00    0.00    0.00     4  postgres
08:42:08 PM 100998    636539    0.00    0.00    0.00    0.00    0.00     5  postgres
08:42:08 PM 100998    636605    0.00    0.00    0.00    0.00    0.00     6  postgres
08:42:08 PM 100998    636613    0.00    0.00    0.00    0.00    0.00     6  postgres
08:42:08 PM 100998    636615    1.00    0.00    0.00    0.00    1.00     4  postgres
08:42:08 PM 100998    636616    1.00    1.00    0.00    0.00    2.00     6  postgres
08:42:08 PM 100998    636617    1.00    2.00    0.00    0.00    3.00     6  postgres
08:42:08 PM 100998    636630    1.00    1.00    0.00    0.00    2.00     6  postgres
08:42:08 PM 100998    636631    1.00    1.00    0.00    0.00    2.00     4  postgres
08:42:08 PM 100998    636632    1.00    1.00    0.00    0.00    2.00     6  postgres
08:42:08 PM 100998    636633    0.00    1.00    0.00    0.00    1.00     4  postgres
08:42:08 PM 100998    636634    0.00    0.00    0.00    0.00    0.00     6  postgres
08:42:08 PM 100998    636635    1.00    1.00    0.00    0.00    2.00     5  postgres
08:42:08 PM 100998    636636    1.00    1.00    0.00    0.00    2.00     4  postgres
08:42:08 PM 100998    636638    1.00    1.00    0.00    0.00    2.00     5  postgres
08:42:08 PM 100998    636639    0.00    1.00    0.00    0.00    1.00     4  postgres
08:42:08 PM 100998    636640    0.00    1.00    0.00    0.00    1.00     6  postgres
08:42:08 PM 100998    636642    0.00    1.00    0.00    0.00    1.00     4  postgres
08:42:08 PM 100998    636644    0.00    1.00    0.00    0.00    1.00     4  postgres
08:42:08 PM 100998    636646    1.00    2.00    0.00    0.00    3.00     4  postgres
08:42:08 PM 100998    636648    0.00    0.00    0.00    0.00    0.00     4  postgres
08:42:08 PM 100998    636653    1.00    1.00    0.00    0.00    2.00     4  postgres

08:42:08 PM   UID       PID    %usr %system  %guest   %wait    %CPU   CPU  Command
08:42:09 PM 100998    636535    0.00    0.00    0.00    0.00    0.00     6  postgres
08:42:09 PM 100998    636536    0.00    0.00    0.00    0.00    0.00     4  postgres
08:42:09 PM 100998    636538    0.00    0.00    0.00    0.00    0.00     4  postgres
08:42:09 PM 100998    636539    0.00    0.00    0.00    0.00    0.00     5  postgres
08:42:09 PM 100998    636605    2.00    2.00    0.00    0.00    4.00     4  postgres
08:42:09 PM 100998    636613    1.00    1.00    0.00    0.00    2.00     6  postgres
08:42:09 PM 100998    636615    1.00    1.00    0.00    0.00    2.00     6  postgres
08:42:09 PM 100998    636616    0.00    1.00    0.00    0.00    1.00     4  postgres
08:42:09 PM 100998    636617    0.00    0.00    0.00    0.00    0.00     4  postgres
08:42:09 PM 100998    636630    0.00    0.00    0.00    0.00    0.00     6  postgres
08:42:09 PM 100998    636631    1.00    1.00    0.00    0.00    2.00     4  postgres
08:42:09 PM 100998    636632    1.00    0.00    0.00    0.00    1.00     4  postgres
08:42:09 PM 100998    636633    1.00    1.00    0.00    0.00    2.00     6  postgres
08:42:09 PM 100998    636634    1.00    1.00    0.00    0.00    2.00     6  postgres
08:42:09 PM 100998    636635    1.00    1.00    0.00    1.00    2.00     6  postgres
08:42:09 PM 100998    636636    1.00    1.00    0.00    0.00    2.00     4  postgres
08:42:09 PM 100998    636638    2.00    1.00    0.00    0.00    3.00     5  postgres
08:42:09 PM 100998    636639    1.00    0.00    0.00    0.00    1.00     4  postgres
08:42:09 PM 100998    636640    1.00    1.00    0.00    0.00    2.00     6  postgres
08:42:09 PM 100998    636642    1.00    0.00    0.00    0.00    1.00     6  postgres
08:42:09 PM 100998    636644    1.00    1.00    0.00    0.00    2.00     4  postgres
08:42:09 PM 100998    636646    1.00    1.00    0.00    0.00    2.00     6  postgres
08:42:09 PM 100998    636648    1.00    1.00    0.00    0.00    2.00     6  postgres
08:42:09 PM 100998    636653    1.00    0.00    0.00    0.00    1.00     6  postgres

08:42:09 PM   UID       PID    %usr %system  %guest   %wait    %CPU   CPU  Command
08:42:10 PM 100998    636535    0.00    0.00    0.00    0.00    0.00     6  postgres
08:42:10 PM 100998    636536    0.00    0.00    0.00    0.00    0.00     4  postgres
08:42:10 PM 100998    636538    0.00    0.00    0.00    0.00    0.00     4  postgres
08:42:10 PM 100998    636539    0.00    0.00    0.00    0.00    0.00     5  postgres
08:42:10 PM 100998    636605    1.00    0.00    0.00    0.00    1.00     6  postgres
08:42:10 PM 100998    636613    1.00    1.00    0.00    0.00    2.00     6  postgres
08:42:10 PM 100998    636615    1.00    0.00    0.00    0.00    1.00     4  postgres
08:42:10 PM 100998    636616    1.00    1.00    0.00    0.00    2.00     4  postgres
08:42:10 PM 100998    636617    1.00    1.00    0.00    0.00    2.00     6  postgres
08:42:10 PM 100998    636630    1.00    1.00    0.00    0.00    2.00     6  postgres
08:42:10 PM 100998    636631    0.00    1.00    0.00    0.00    1.00     4  postgres
08:42:10 PM 100998    636632    1.00    1.00    0.00    0.00    2.00     4  postgres
08:42:10 PM 100998    636633    1.00    2.00    0.00    0.00    3.00     4  postgres
08:42:10 PM 100998    636634    1.00    1.00    0.00    0.00    2.00     6  postgres
08:42:10 PM 100998    636635    1.00    1.00    0.00    0.00    2.00     6  postgres
08:42:10 PM 100998    636636    2.00    1.00    0.00    1.00    3.00     6  postgres
08:42:10 PM 100998    636638    1.00    1.00    0.00    0.00    2.00     4  postgres
08:42:10 PM 100998    636639    1.00    2.00    0.00    0.00    3.00     6  postgres
08:42:10 PM 100998    636640    0.00    0.00    0.00    0.00    0.00     4  postgres
08:42:10 PM 100998    636642    0.00    1.00    0.00    0.00    1.00     6  postgres
08:42:10 PM 100998    636644    1.00    1.00    0.00    0.00    2.00     4  postgres
08:42:10 PM 100998    636646    0.00    1.00    0.00    0.00    1.00     4  postgres
08:42:10 PM 100998    636648    0.00    1.00    0.00    0.00    1.00     4  postgres
08:42:10 PM 100998    636653    1.00    2.00    0.00    0.00    3.00     5  postgres

08:42:10 PM   UID       PID    %usr %system  %guest   %wait    %CPU   CPU  Command
08:42:11 PM 100998    636535    0.00    0.00    0.00    0.00    0.00     6  postgres
08:42:11 PM 100998    636536    0.00    0.00    0.00    0.00    0.00     4  postgres
08:42:11 PM 100998    636538    0.00    0.00    0.00    0.00    0.00     6  postgres
08:42:11 PM 100998    636539    0.00    0.00    0.00    0.00    0.00     5  postgres
08:42:11 PM 100998    636605    1.00    1.00    0.00    0.00    2.00     4  postgres
08:42:11 PM 100998    636613    1.00    1.00    0.00    0.00    2.00     4  postgres
08:42:11 PM 100998    636615    1.00    1.00    0.00    0.00    2.00     4  postgres
08:42:11 PM 100998    636616    1.00    1.00    0.00    0.00    2.00     4  postgres
08:42:11 PM 100998    636617    1.00    1.00    0.00    0.00    2.00     4  postgres
08:42:11 PM 100998    636630    1.00    1.00    0.00    0.00    2.00     6  postgres
08:42:11 PM 100998    636631    1.00    0.00    0.00    0.00    1.00     6  postgres
08:42:11 PM 100998    636632    0.00    1.00    0.00    0.00    1.00     6  postgres
08:42:11 PM 100998    636633    1.00    1.00    0.00    0.00    2.00     6  postgres
08:42:11 PM 100998    636634    1.00    2.00    0.00    0.00    3.00     6  postgres
08:42:11 PM 100998    636635    2.00    1.00    0.00    0.00    3.00     6  postgres
08:42:11 PM 100998    636636    0.00    1.00    0.00    0.00    1.00     6  postgres
08:42:11 PM 100998    636638    0.00    1.00    0.00    0.00    1.00     4  postgres
08:42:11 PM 100998    636639    1.00    0.00    0.00    0.00    1.00     6  postgres
08:42:11 PM 100998    636640    1.00    1.00    0.00    0.00    2.00     6  postgres
08:42:11 PM 100998    636642    0.00    0.00    0.00    0.00    0.00     6  postgres
08:42:11 PM 100998    636644    1.00    1.00    0.00    0.00    2.00     4  postgres
08:42:11 PM 100998    636646    1.00    1.00    0.00    0.00    2.00     6  postgres
08:42:11 PM 100998    636648    1.00    0.00    0.00    0.00    1.00     4  postgres
08:42:11 PM 100998    636653    2.00    0.00    0.00    0.00    2.00     5  postgres

08:42:11 PM   UID       PID    %usr %system  %guest   %wait    %CPU   CPU  Command
08:42:12 PM 100998    636535    0.00    0.00    0.00    0.00    0.00     6  postgres
08:42:12 PM 100998    636536    0.00    0.00    0.00    0.00    0.00     4  postgres
08:42:12 PM 100998    636538    0.00    0.00    0.00    0.00    0.00     6  postgres
08:42:12 PM 100998    636539    0.00    0.00    0.00    0.00    0.00     5  postgres
08:42:12 PM 100998    636605    0.00    0.00    0.00    0.00    0.00     4  postgres
08:42:12 PM 100998    636613    1.00    0.00    0.00    0.00    1.00     4  postgres
08:42:12 PM 100998    636615    1.00    1.00    0.00    0.00    2.00     4  postgres
08:42:12 PM 100998    636616    1.00    1.00    0.00    0.00    2.00     6  postgres
08:42:12 PM 100998    636617    0.00    0.00    0.00    0.00    0.00     6  postgres
08:42:12 PM 100998    636630    0.00    1.00    0.00    0.00    1.00     6  postgres
08:42:12 PM 100998    636631    1.00    1.00    0.00    0.00    2.00     6  postgres
08:42:12 PM 100998    636632    1.00    1.00    0.00    0.00    2.00     6  postgres
08:42:12 PM 100998    636633    1.00    0.00    0.00    1.00    1.00     6  postgres
08:42:12 PM 100998    636634    0.00    0.00    0.00    0.00    0.00     6  postgres
08:42:12 PM 100998    636635    0.00    0.00    0.00    0.00    0.00     6  postgres
08:42:12 PM 100998    636636    1.00    1.00    0.00    0.00    2.00     5  postgres
08:42:12 PM 100998    636638    1.00    0.00    0.00    0.00    1.00     6  postgres
08:42:12 PM 100998    636639    0.00    0.00    0.00    0.00    0.00     6  postgres
08:42:12 PM 100998    636640    1.00    1.00    0.00    0.00    2.00     4  postgres
08:42:12 PM 100998    636642    0.00    1.00    0.00    0.00    1.00     4  postgres
08:42:12 PM 100998    636644    0.00    1.00    0.00    0.00    1.00     4  postgres
08:42:12 PM 100998    636646    1.00    0.00    0.00    0.00    1.00     4  postgres
08:42:12 PM 100998    636648    0.00    1.00    0.00    0.00    1.00     4  postgres
08:42:12 PM 100998    636653    1.00    1.00    0.00    0.00    2.00     4  postgres

08:42:12 PM   UID       PID    %usr %system  %guest   %wait    %CPU   CPU  Command
08:42:13 PM 100998    636535    0.00    0.00    0.00    0.00    0.00     6  postgres
08:42:13 PM 100998    636536    0.00    0.00    0.00    0.00    0.00     4  postgres
08:42:13 PM 100998    636538    0.00    0.00    0.00    0.00    0.00     6  postgres
08:42:13 PM 100998    636539    0.00    0.00    0.00    0.00    0.00     5  postgres
08:42:13 PM 100998    636605    0.00    0.00    0.00    0.00    0.00     4  postgres
08:42:13 PM 100998    636613    0.00    0.00    0.00    0.00    0.00     4  postgres
08:42:13 PM 100998    636615    0.00    0.00    0.00    0.00    0.00     4  postgres
08:42:13 PM 100998    636616    0.00    0.00    0.00    0.00    0.00     6  postgres
08:42:13 PM 100998    636617    0.00    0.00    0.00    0.00    0.00     6  postgres
08:42:13 PM 100998    636630    0.00    0.00    0.00    0.00    0.00     6  postgres
08:42:13 PM 100998    636631    0.00    0.00    0.00    0.00    0.00     6  postgres
08:42:13 PM 100998    636632    0.00    0.00    0.00    0.00    0.00     6  postgres
08:42:13 PM 100998    636633    0.00    0.00    0.00    0.00    0.00     6  postgres
08:42:13 PM 100998    636634    0.00    0.00    0.00    0.00    0.00     6  postgres
08:42:13 PM 100998    636635    0.00    0.00    0.00    0.00    0.00     6  postgres
08:42:13 PM 100998    636636    0.00    0.00    0.00    0.00    0.00     5  postgres
08:42:13 PM 100998    636638    0.00    0.00    0.00    0.00    0.00     6  postgres
08:42:13 PM 100998    636639    0.00    0.00    0.00    0.00    0.00     6  postgres
08:42:13 PM 100998    636640    0.00    0.00    0.00    0.00    0.00     4  postgres
08:42:13 PM 100998    636642    0.00    0.00    0.00    0.00    0.00     4  postgres
08:42:13 PM 100998    636644    0.00    0.00    0.00    0.00    0.00     4  postgres
08:42:13 PM 100998    636646    0.00    0.00    0.00    0.00    0.00     4  postgres
08:42:13 PM 100998    636648    0.00    0.00    0.00    0.00    0.00     4  postgres
08:42:13 PM 100998    636653    0.00    0.00    0.00    0.00    0.00     4  postgres

08:42:13 PM   UID       PID    %usr %system  %guest   %wait    %CPU   CPU  Command
08:42:14 PM 100998    636535    0.00    0.00    0.00    0.00    0.00     6  postgres
08:42:14 PM 100998    636536    0.00    0.00    0.00    0.00    0.00     4  postgres
08:42:14 PM 100998    636538    0.00    0.00    0.00    0.00    0.00     6  postgres
08:42:14 PM 100998    636539    0.00    0.00    0.00    0.00    0.00     5  postgres
08:42:14 PM 100998    636605    0.00    0.00    0.00    0.00    0.00     4  postgres
08:42:14 PM 100998    636613    0.00    0.00    0.00    0.00    0.00     4  postgres
08:42:14 PM 100998    636615    0.00    0.00    0.00    0.00    0.00     4  postgres
08:42:14 PM 100998    636616    0.00    0.00    0.00    0.00    0.00     6  postgres
08:42:14 PM 100998    636617    0.00    0.00    0.00    0.00    0.00     6  postgres
08:42:14 PM 100998    636630    0.00    0.00    0.00    0.00    0.00     6  postgres
08:42:14 PM 100998    636631    0.00    0.00    0.00    0.00    0.00     6  postgres
08:42:14 PM 100998    636632    0.00    0.00    0.00    0.00    0.00     6  postgres
08:42:14 PM 100998    636633    0.00    0.00    0.00    0.00    0.00     6  postgres
08:42:14 PM 100998    636634    0.00    0.00    0.00    0.00    0.00     6  postgres
08:42:14 PM 100998    636635    0.00    0.00    0.00    0.00    0.00     6  postgres
08:42:14 PM 100998    636636    0.00    0.00    0.00    0.00    0.00     5  postgres
08:42:14 PM 100998    636638    0.00    0.00    0.00    0.00    0.00     6  postgres
08:42:14 PM 100998    636639    0.00    0.00    0.00    0.00    0.00     6  postgres
08:42:14 PM 100998    636640    0.00    0.00    0.00    0.00    0.00     4  postgres
08:42:14 PM 100998    636642    0.00    0.00    0.00    0.00    0.00     4  postgres
08:42:14 PM 100998    636644    0.00    0.00    0.00    0.00    0.00     4  postgres
08:42:14 PM 100998    636646    0.00    0.00    0.00    0.00    0.00     4  postgres
08:42:14 PM 100998    636648    0.00    0.00    0.00    0.00    0.00     4  postgres
08:42:14 PM 100998    636653    0.00    0.00    0.00    0.00    0.00     4  postgres

08:42:14 PM   UID       PID    %usr %system  %guest   %wait    %CPU   CPU  Command
08:42:15 PM 100998    636535    0.00    0.00    0.00    0.00    0.00     6  postgres
08:42:15 PM 100998    636536    0.00    0.00    0.00    0.00    0.00     4  postgres
08:42:15 PM 100998    636538    0.00    0.00    0.00    0.00    0.00     6  postgres
08:42:15 PM 100998    636539    0.00    0.00    0.00    0.00    0.00     5  postgres
08:42:15 PM 100998    636605    0.00    0.00    0.00    0.00    0.00     4  postgres
08:42:15 PM 100998    636613    0.00    0.00    0.00    0.00    0.00     4  postgres
08:42:15 PM 100998    636615    0.00    0.00    0.00    0.00    0.00     4  postgres
08:42:15 PM 100998    636616    0.00    0.00    0.00    0.00    0.00     6  postgres
08:42:15 PM 100998    636617    0.00    0.00    0.00    0.00    0.00     6  postgres
08:42:15 PM 100998    636630    0.00    0.00    0.00    0.00    0.00     6  postgres
08:42:15 PM 100998    636631    0.00    0.00    0.00    0.00    0.00     6  postgres
08:42:15 PM 100998    636632    0.00    0.00    0.00    0.00    0.00     6  postgres
08:42:15 PM 100998    636633    0.00    0.00    0.00    0.00    0.00     6  postgres
08:42:15 PM 100998    636634    0.00    0.00    0.00    0.00    0.00     6  postgres
08:42:15 PM 100998    636635    0.00    0.00    0.00    0.00    0.00     6  postgres
08:42:15 PM 100998    636636    0.00    0.00    0.00    0.00    0.00     5  postgres
08:42:15 PM 100998    636638    0.00    0.00    0.00    0.00    0.00     6  postgres
08:42:15 PM 100998    636639    0.00    0.00    0.00    0.00    0.00     6  postgres
08:42:15 PM 100998    636640    0.00    0.00    0.00    0.00    0.00     4  postgres
08:42:15 PM 100998    636642    0.00    0.00    0.00    0.00    0.00     4  postgres
08:42:15 PM 100998    636644    0.00    0.00    0.00    0.00    0.00     4  postgres
08:42:15 PM 100998    636646    0.00    0.00    0.00    0.00    0.00     4  postgres
08:42:15 PM 100998    636648    0.00    0.00    0.00    0.00    0.00     4  postgres
08:42:15 PM 100998    636653    0.00    0.00    0.00    0.00    0.00     4  postgres

08:42:15 PM   UID       PID    %usr %system  %guest   %wait    %CPU   CPU  Command
08:42:16 PM 100998    636535    0.00    0.00    0.00    0.00    0.00     6  postgres
08:42:16 PM 100998    636536    0.00    0.00    0.00    0.00    0.00     4  postgres
08:42:16 PM 100998    636538    0.00    0.00    0.00    0.00    0.00     6  postgres
08:42:16 PM 100998    636539    0.00    0.00    0.00    0.00    0.00     5  postgres
08:42:16 PM 100998    636605    0.00    0.00    0.00    0.00    0.00     4  postgres
08:42:16 PM 100998    636613    0.00    0.00    0.00    0.00    0.00     4  postgres
08:42:16 PM 100998    636615    0.00    0.00    0.00    0.00    0.00     4  postgres
08:42:16 PM 100998    636616    0.00    0.00    0.00    0.00    0.00     6  postgres
08:42:16 PM 100998    636617    0.00    0.00    0.00    0.00    0.00     6  postgres
08:42:16 PM 100998    636630    0.00    0.00    0.00    0.00    0.00     6  postgres
08:42:16 PM 100998    636631    0.00    0.00    0.00    0.00    0.00     6  postgres
08:42:16 PM 100998    636632    0.00    0.00    0.00    0.00    0.00     6  postgres
08:42:16 PM 100998    636633    0.00    0.00    0.00    0.00    0.00     6  postgres
08:42:16 PM 100998    636634    0.00    0.00    0.00    0.00    0.00     6  postgres
08:42:16 PM 100998    636635    0.00    0.00    0.00    0.00    0.00     6  postgres
08:42:16 PM 100998    636636    0.00    0.00    0.00    0.00    0.00     5  postgres
08:42:16 PM 100998    636638    0.00    0.00    0.00    0.00    0.00     6  postgres
08:42:16 PM 100998    636639    0.00    0.00    0.00    0.00    0.00     6  postgres
08:42:16 PM 100998    636640    0.00    0.00    0.00    0.00    0.00     4  postgres
08:42:16 PM 100998    636642    0.00    0.00    0.00    0.00    0.00     4  postgres
08:42:16 PM 100998    636644    0.00    0.00    0.00    0.00    0.00     4  postgres
08:42:16 PM 100998    636646    0.00    0.00    0.00    0.00    0.00     4  postgres
08:42:16 PM 100998    636648    0.00    0.00    0.00    0.00    0.00     4  postgres
08:42:16 PM 100998    636653    0.00    0.00    0.00    0.00    0.00     4  postgres

08:42:16 PM   UID       PID    %usr %system  %guest   %wait    %CPU   CPU  Command
08:42:17 PM 100998    636535    0.00    0.00    0.00    0.00    0.00     6  postgres
08:42:17 PM 100998    636536    0.00    0.00    0.00    0.00    0.00     4  postgres
08:42:17 PM 100998    636538    0.00    0.00    0.00    0.00    0.00     6  postgres
08:42:17 PM 100998    636539    0.00    0.00    0.00    0.00    0.00     5  postgres
08:42:17 PM 100998    636605    0.00    0.00    0.00    0.00    0.00     4  postgres
08:42:17 PM 100998    636613    0.00    0.00    0.00    0.00    0.00     4  postgres
08:42:17 PM 100998    636615    0.00    0.00    0.00    0.00    0.00     4  postgres
08:42:17 PM 100998    636616    0.00    0.00    0.00    0.00    0.00     6  postgres
08:42:17 PM 100998    636617    0.00    0.00    0.00    0.00    0.00     6  postgres
08:42:17 PM 100998    636630    0.00    0.00    0.00    0.00    0.00     6  postgres
08:42:17 PM 100998    636631    0.00    0.00    0.00    0.00    0.00     6  postgres
08:42:17 PM 100998    636632    0.00    0.00    0.00    0.00    0.00     6  postgres
08:42:17 PM 100998    636633    0.00    0.00    0.00    0.00    0.00     6  postgres
08:42:17 PM 100998    636634    0.00    0.00    0.00    0.00    0.00     6  postgres
08:42:17 PM 100998    636635    0.00    0.00    0.00    0.00    0.00     6  postgres
08:42:17 PM 100998    636636    0.00    0.00    0.00    0.00    0.00     5  postgres
08:42:17 PM 100998    636638    0.00    0.00    0.00    0.00    0.00     6  postgres
08:42:17 PM 100998    636639    0.00    0.00    0.00    0.00    0.00     6  postgres
08:42:17 PM 100998    636640    0.00    0.00    0.00    0.00    0.00     4  postgres
08:42:17 PM 100998    636642    0.00    0.00    0.00    0.00    0.00     4  postgres
08:42:17 PM 100998    636644    0.00    0.00    0.00    0.00    0.00     4  postgres
08:42:17 PM 100998    636646    0.00    0.00    0.00    0.00    0.00     4  postgres
08:42:17 PM 100998    636648    0.00    0.00    0.00    0.00    0.00     4  postgres
08:42:17 PM 100998    636653    0.00    0.00    0.00    0.00    0.00     4  postgres

08:42:17 PM   UID       PID    %usr %system  %guest   %wait    %CPU   CPU  Command
08:42:18 PM 100998    636535    0.00    0.00    0.00    0.00    0.00     6  postgres
08:42:18 PM 100998    636536    0.00    0.00    0.00    0.00    0.00     4  postgres
08:42:18 PM 100998    636538    0.00    0.00    0.00    0.00    0.00     6  postgres
08:42:18 PM 100998    636539    0.00    0.00    0.00    0.00    0.00     5  postgres
08:42:18 PM 100998    636605    0.00    0.00    0.00    0.00    0.00     4  postgres
08:42:18 PM 100998    636613    0.00    0.00    0.00    0.00    0.00     4  postgres
08:42:18 PM 100998    636615    0.00    0.00    0.00    0.00    0.00     4  postgres
08:42:18 PM 100998    636616    0.00    0.00    0.00    0.00    0.00     6  postgres
08:42:18 PM 100998    636617    0.00    0.00    0.00    0.00    0.00     6  postgres
08:42:18 PM 100998    636630    0.00    0.00    0.00    0.00    0.00     6  postgres
08:42:18 PM 100998    636631    0.00    0.00    0.00    0.00    0.00     6  postgres
08:42:18 PM 100998    636632    0.00    0.00    0.00    0.00    0.00     6  postgres
08:42:18 PM 100998    636633    0.00    0.00    0.00    0.00    0.00     6  postgres
08:42:18 PM 100998    636634    0.00    0.00    0.00    0.00    0.00     6  postgres
08:42:18 PM 100998    636635    0.00    0.00    0.00    0.00    0.00     6  postgres
08:42:18 PM 100998    636636    0.00    0.00    0.00    0.00    0.00     5  postgres
08:42:18 PM 100998    636638    0.00    0.00    0.00    0.00    0.00     6  postgres
08:42:18 PM 100998    636639    0.00    0.00    0.00    0.00    0.00     6  postgres
08:42:18 PM 100998    636640    0.00    0.00    0.00    0.00    0.00     4  postgres
08:42:18 PM 100998    636642    0.00    0.00    0.00    0.00    0.00     4  postgres
08:42:18 PM 100998    636644    0.00    0.00    0.00    0.00    0.00     4  postgres
08:42:18 PM 100998    636646    0.00    0.00    0.00    0.00    0.00     4  postgres
08:42:18 PM 100998    636648    0.00    0.00    0.00    0.00    0.00     4  postgres
08:42:18 PM 100998    636653    0.00    0.00    0.00    0.00    0.00     4  postgres

08:42:18 PM   UID       PID    %usr %system  %guest   %wait    %CPU   CPU  Command
08:42:19 PM 100998    636535    0.00    0.00    0.00    0.00    0.00     6  postgres
08:42:19 PM 100998    636536    0.00    0.00    0.00    0.00    0.00     4  postgres
08:42:19 PM 100998    636538    0.00    0.00    0.00    0.00    0.00     6  postgres
08:42:19 PM 100998    636539    0.00    0.00    0.00    0.00    0.00     5  postgres
08:42:19 PM 100998    636605    0.00    0.00    0.00    0.00    0.00     4  postgres
08:42:19 PM 100998    636613    0.00    0.00    0.00    0.00    0.00     4  postgres
08:42:19 PM 100998    636615    0.00    0.00    0.00    0.00    0.00     4  postgres
08:42:19 PM 100998    636616    0.00    0.00    0.00    0.00    0.00     6  postgres
08:42:19 PM 100998    636617    0.00    0.00    0.00    0.00    0.00     6  postgres
08:42:19 PM 100998    636630    0.00    0.00    0.00    0.00    0.00     6  postgres
08:42:19 PM 100998    636631    0.00    0.00    0.00    0.00    0.00     6  postgres
08:42:19 PM 100998    636632    0.00    0.00    0.00    0.00    0.00     6  postgres
08:42:19 PM 100998    636633    0.00    0.00    0.00    0.00    0.00     6  postgres
08:42:19 PM 100998    636634    0.00    0.00    0.00    0.00    0.00     6  postgres
08:42:19 PM 100998    636635    0.00    0.00    0.00    0.00    0.00     6  postgres
08:42:19 PM 100998    636636    0.00    0.00    0.00    0.00    0.00     5  postgres
08:42:19 PM 100998    636638    0.00    0.00    0.00    0.00    0.00     6  postgres
08:42:19 PM 100998    636639    0.00    0.00    0.00    0.00    0.00     6  postgres
08:42:19 PM 100998    636640    0.00    0.00    0.00    0.00    0.00     4  postgres
08:42:19 PM 100998    636642    0.00    0.00    0.00    0.00    0.00     4  postgres
08:42:19 PM 100998    636644    0.00    0.00    0.00    0.00    0.00     4  postgres
08:42:19 PM 100998    636646    0.00    0.00    0.00    0.00    0.00     4  postgres
08:42:19 PM 100998    636648    0.00    0.00    0.00    0.00    0.00     4  postgres
08:42:19 PM 100998    636653    0.00    0.00    0.00    0.00    0.00     4  postgres

08:42:19 PM   UID       PID    %usr %system  %guest   %wait    %CPU   CPU  Command
08:42:20 PM 100998    636535    0.00    0.00    0.00    0.00    0.00     6  postgres
08:42:20 PM 100998    636536    0.00    0.00    0.00    0.00    0.00     4  postgres
08:42:20 PM 100998    636538    0.00    0.00    0.00    0.00    0.00     6  postgres
08:42:20 PM 100998    636539    0.00    0.00    0.00    0.00    0.00     5  postgres
08:42:20 PM 100998    636605    0.00    0.00    0.00    0.00    0.00     4  postgres
08:42:20 PM 100998    636613    0.00    0.00    0.00    0.00    0.00     4  postgres
08:42:20 PM 100998    636615    0.00    0.00    0.00    0.00    0.00     4  postgres
08:42:20 PM 100998    636616    0.00    0.00    0.00    0.00    0.00     6  postgres
08:42:20 PM 100998    636617    0.00    0.00    0.00    0.00    0.00     6  postgres
08:42:20 PM 100998    636630    0.00    0.00    0.00    0.00    0.00     6  postgres
08:42:20 PM 100998    636631    0.00    0.00    0.00    0.00    0.00     6  postgres
08:42:20 PM 100998    636632    0.00    0.00    0.00    0.00    0.00     6  postgres
08:42:20 PM 100998    636633    0.00    0.00    0.00    0.00    0.00     6  postgres
08:42:20 PM 100998    636634    0.00    0.00    0.00    0.00    0.00     6  postgres
08:42:20 PM 100998    636635    0.00    0.00    0.00    0.00    0.00     6  postgres
08:42:20 PM 100998    636636    0.00    0.00    0.00    0.00    0.00     5  postgres
08:42:20 PM 100998    636638    0.00    0.00    0.00    0.00    0.00     6  postgres
08:42:20 PM 100998    636639    0.00    0.00    0.00    0.00    0.00     6  postgres
08:42:20 PM 100998    636640    0.00    0.00    0.00    0.00    0.00     4  postgres
08:42:20 PM 100998    636642    0.00    0.00    0.00    0.00    0.00     4  postgres
08:42:20 PM 100998    636644    0.00    0.00    0.00    0.00    0.00     4  postgres
08:42:20 PM 100998    636646    0.00    0.00    0.00    0.00    0.00     4  postgres
08:42:20 PM 100998    636648    0.00    0.00    0.00    0.00    0.00     4  postgres
08:42:20 PM 100998    636653    0.00    0.00    0.00    0.00    0.00     4  postgres

08:42:20 PM   UID       PID    %usr %system  %guest   %wait    %CPU   CPU  Command
08:42:21 PM 100998    636535    0.00    0.00    0.00    0.00    0.00     6  postgres
08:42:21 PM 100998    636536    0.00    0.00    0.00    0.00    0.00     4  postgres
08:42:21 PM 100998    636538    0.00    0.00    0.00    0.00    0.00     6  postgres
08:42:21 PM 100998    636539    0.00    0.00    0.00    0.00    0.00     5  postgres
08:42:21 PM 100998    636605    0.00    0.00    0.00    0.00    0.00     4  postgres
08:42:21 PM 100998    636613    0.00    0.00    0.00    0.00    0.00     4  postgres
08:42:21 PM 100998    636615    0.00    0.00    0.00    0.00    0.00     4  postgres
08:42:21 PM 100998    636616    0.00    0.00    0.00    0.00    0.00     6  postgres
08:42:21 PM 100998    636617    0.00    0.00    0.00    0.00    0.00     6  postgres
08:42:21 PM 100998    636630    0.00    0.00    0.00    0.00    0.00     6  postgres
08:42:21 PM 100998    636631    0.00    0.00    0.00    0.00    0.00     6  postgres
08:42:21 PM 100998    636632    0.00    0.00    0.00    0.00    0.00     6  postgres
08:42:21 PM 100998    636633    0.00    0.00    0.00    0.00    0.00     6  postgres
08:42:21 PM 100998    636634    0.00    0.00    0.00    0.00    0.00     6  postgres
08:42:21 PM 100998    636635    0.00    0.00    0.00    0.00    0.00     6  postgres
08:42:21 PM 100998    636636    0.00    0.00    0.00    0.00    0.00     5  postgres
08:42:21 PM 100998    636638    0.00    0.00    0.00    0.00    0.00     6  postgres
08:42:21 PM 100998    636639    0.00    0.00    0.00    0.00    0.00     6  postgres
08:42:21 PM 100998    636640    0.00    0.00    0.00    0.00    0.00     4  postgres
08:42:21 PM 100998    636642    0.00    0.00    0.00    0.00    0.00     4  postgres
08:42:21 PM 100998    636644    0.00    0.00    0.00    0.00    0.00     4  postgres
08:42:21 PM 100998    636646    0.00    0.00    0.00    0.00    0.00     4  postgres
08:42:21 PM 100998    636648    0.00    0.00    0.00    0.00    0.00     4  postgres
08:42:21 PM 100998    636653    0.00    0.00    0.00    0.00    0.00     4  postgres

08:42:21 PM   UID       PID    %usr %system  %guest   %wait    %CPU   CPU  Command
08:42:22 PM 100998    636535    0.00    0.00    0.00    0.00    0.00     6  postgres
08:42:22 PM 100998    636536    0.00    0.00    0.00    0.00    0.00     4  postgres
08:42:22 PM 100998    636538    0.00    0.00    0.00    0.00    0.00     6  postgres
08:42:22 PM 100998    636539    0.00    0.00    0.00    0.00    0.00     5  postgres
08:42:22 PM 100998    636605    0.00    0.00    0.00    0.00    0.00     4  postgres
08:42:22 PM 100998    636613    0.00    0.00    0.00    0.00    0.00     4  postgres
08:42:22 PM 100998    636615    0.00    0.00    0.00    0.00    0.00     4  postgres
08:42:22 PM 100998    636616    0.00    0.00    0.00    0.00    0.00     6  postgres
08:42:22 PM 100998    636617    0.00    0.00    0.00    0.00    0.00     6  postgres
08:42:22 PM 100998    636630    0.00    0.00    0.00    0.00    0.00     6  postgres
08:42:22 PM 100998    636631    0.00    0.00    0.00    0.00    0.00     6  postgres
08:42:22 PM 100998    636632    0.00    0.00    0.00    0.00    0.00     6  postgres
08:42:22 PM 100998    636633    0.00    0.00    0.00    0.00    0.00     6  postgres
08:42:22 PM 100998    636634    0.00    0.00    0.00    0.00    0.00     6  postgres
08:42:22 PM 100998    636635    0.00    0.00    0.00    0.00    0.00     6  postgres
08:42:22 PM 100998    636636    0.00    0.00    0.00    0.00    0.00     5  postgres
08:42:22 PM 100998    636638    0.00    0.00    0.00    0.00    0.00     6  postgres
08:42:22 PM 100998    636639    0.00    0.00    0.00    0.00    0.00     6  postgres
08:42:22 PM 100998    636640    0.00    0.00    0.00    0.00    0.00     4  postgres
08:42:22 PM 100998    636642    0.00    0.00    0.00    0.00    0.00     4  postgres
08:42:22 PM 100998    636644    0.00    0.00    0.00    0.00    0.00     4  postgres
08:42:22 PM 100998    636646    0.00    0.00    0.00    0.00    0.00     4  postgres
08:42:22 PM 100998    636648    0.00    0.00    0.00    0.00    0.00     4  postgres
08:42:22 PM 100998    636653    0.00    0.00    0.00    0.00    0.00     4  postgres

08:42:22 PM   UID       PID    %usr %system  %guest   %wait    %CPU   CPU  Command
08:42:23 PM 100998    636535    0.00    0.00    0.00    0.00    0.00     6  postgres
08:42:23 PM 100998    636536    0.00    0.00    0.00    0.00    0.00     4  postgres
08:42:23 PM 100998    636538    0.00    0.00    0.00    0.00    0.00     6  postgres
08:42:23 PM 100998    636539    0.00    0.00    0.00    0.00    0.00     5  postgres
08:42:23 PM 100998    636605    0.00    0.00    0.00    0.00    0.00     4  postgres
08:42:23 PM 100998    636613    0.00    0.00    0.00    0.00    0.00     4  postgres
08:42:23 PM 100998    636615    0.00    0.00    0.00    0.00    0.00     4  postgres
08:42:23 PM 100998    636616    0.00    0.00    0.00    0.00    0.00     6  postgres
08:42:23 PM 100998    636617    0.00    0.00    0.00    0.00    0.00     6  postgres
08:42:23 PM 100998    636630    0.00    0.00    0.00    0.00    0.00     6  postgres
08:42:23 PM 100998    636631    0.00    0.00    0.00    0.00    0.00     6  postgres
08:42:23 PM 100998    636632    0.00    0.00    0.00    0.00    0.00     6  postgres
08:42:23 PM 100998    636633    0.00    0.00    0.00    0.00    0.00     6  postgres
08:42:23 PM 100998    636634    0.00    0.00    0.00    0.00    0.00     6  postgres
08:42:23 PM 100998    636635    0.00    0.00    0.00    0.00    0.00     6  postgres
08:42:23 PM 100998    636636    0.00    0.00    0.00    0.00    0.00     5  postgres
08:42:23 PM 100998    636638    0.00    0.00    0.00    0.00    0.00     6  postgres
08:42:23 PM 100998    636639    0.00    0.00    0.00    0.00    0.00     6  postgres
08:42:23 PM 100998    636640    0.00    0.00    0.00    0.00    0.00     4  postgres
08:42:23 PM 100998    636642    0.00    0.00    0.00    0.00    0.00     4  postgres
08:42:23 PM 100998    636644    0.00    0.00    0.00    0.00    0.00     4  postgres
08:42:23 PM 100998    636646    0.00    0.00    0.00    0.00    0.00     4  postgres
08:42:23 PM 100998    636648    0.00    0.00    0.00    0.00    0.00     4  postgres
08:42:23 PM 100998    636653    0.00    0.00    0.00    0.00    0.00     4  postgres

08:42:23 PM   UID       PID    %usr %system  %guest   %wait    %CPU   CPU  Command
08:42:24 PM 100998    636535    0.00    0.00    0.00    0.00    0.00     6  postgres
08:42:24 PM 100998    636536    0.00    0.00    0.00    0.00    0.00     4  postgres
08:42:24 PM 100998    636538    0.00    0.00    0.00    0.00    0.00     6  postgres
08:42:24 PM 100998    636539    0.00    0.00    0.00    0.00    0.00     5  postgres
08:42:24 PM 100998    636605    0.00    0.00    0.00    0.00    0.00     4  postgres
08:42:24 PM 100998    636613    0.00    0.00    0.00    0.00    0.00     4  postgres
08:42:24 PM 100998    636615    0.00    0.00    0.00    0.00    0.00     4  postgres
08:42:24 PM 100998    636616    0.00    0.00    0.00    0.00    0.00     6  postgres
08:42:24 PM 100998    636617    0.00    0.00    0.00    0.00    0.00     6  postgres
08:42:24 PM 100998    636630    0.00    0.00    0.00    0.00    0.00     6  postgres
08:42:24 PM 100998    636631    0.00    0.00    0.00    0.00    0.00     6  postgres
08:42:24 PM 100998    636632    0.00    0.00    0.00    0.00    0.00     6  postgres
08:42:24 PM 100998    636633    0.00    0.00    0.00    0.00    0.00     6  postgres
08:42:24 PM 100998    636634    0.00    0.00    0.00    0.00    0.00     6  postgres
08:42:24 PM 100998    636635    0.00    0.00    0.00    0.00    0.00     6  postgres
08:42:24 PM 100998    636636    0.00    0.00    0.00    0.00    0.00     5  postgres
08:42:24 PM 100998    636638    0.00    0.00    0.00    0.00    0.00     6  postgres
08:42:24 PM 100998    636639    0.00    0.00    0.00    0.00    0.00     6  postgres
08:42:24 PM 100998    636640    0.00    0.00    0.00    0.00    0.00     4  postgres
08:42:24 PM 100998    636642    0.00    0.00    0.00    0.00    0.00     4  postgres
08:42:24 PM 100998    636644    0.00    0.00    0.00    0.00    0.00     4  postgres
08:42:24 PM 100998    636646    0.00    0.00    0.00    0.00    0.00     4  postgres
08:42:24 PM 100998    636648    0.00    0.00    0.00    0.00    0.00     4  postgres
08:42:24 PM 100998    636653    0.00    0.00    0.00    0.00    0.00     4  postgres

08:42:24 PM   UID       PID    %usr %system  %guest   %wait    %CPU   CPU  Command
08:42:25 PM 100998    636535    0.00    0.00    0.00    0.00    0.00     6  postgres
08:42:25 PM 100998    636536    0.00    0.00    0.00    0.00    0.00     4  postgres
08:42:25 PM 100998    636538    0.00    0.00    0.00    0.00    0.00     6  postgres
08:42:25 PM 100998    636539    0.00    0.00    0.00    0.00    0.00     5  postgres
08:42:25 PM 100998    636605    0.00    0.00    0.00    0.00    0.00     4  postgres
08:42:25 PM 100998    636613    0.00    0.00    0.00    0.00    0.00     4  postgres
08:42:25 PM 100998    636615    0.00    0.00    0.00    0.00    0.00     4  postgres
08:42:25 PM 100998    636616    0.00    0.00    0.00    0.00    0.00     6  postgres
08:42:25 PM 100998    636617    0.00    0.00    0.00    0.00    0.00     6  postgres
08:42:25 PM 100998    636630    0.00    0.00    0.00    0.00    0.00     6  postgres
08:42:25 PM 100998    636631    0.00    0.00    0.00    0.00    0.00     6  postgres
08:42:25 PM 100998    636632    0.00    0.00    0.00    0.00    0.00     6  postgres
08:42:25 PM 100998    636633    0.00    0.00    0.00    0.00    0.00     6  postgres
08:42:25 PM 100998    636634    0.00    0.00    0.00    0.00    0.00     6  postgres
08:42:25 PM 100998    636635    0.00    0.00    0.00    0.00    0.00     6  postgres
08:42:25 PM 100998    636636    0.00    0.00    0.00    0.00    0.00     5  postgres
08:42:25 PM 100998    636638    0.00    0.00    0.00    0.00    0.00     6  postgres
08:42:25 PM 100998    636639    0.00    0.00    0.00    0.00    0.00     6  postgres
08:42:25 PM 100998    636640    0.00    0.00    0.00    0.00    0.00     4  postgres
08:42:25 PM 100998    636642    0.00    0.00    0.00    0.00    0.00     4  postgres
08:42:25 PM 100998    636644    0.00    0.00    0.00    0.00    0.00     4  postgres
08:42:25 PM 100998    636646    0.00    0.00    0.00    0.00    0.00     4  postgres
08:42:25 PM 100998    636648    0.00    0.00    0.00    0.00    0.00     4  postgres
08:42:25 PM 100998    636653    0.00    0.00    0.00    0.00    0.00     4  postgres

08:42:25 PM   UID       PID    %usr %system  %guest   %wait    %CPU   CPU  Command
08:42:26 PM 100998    636535    0.00    0.00    0.00    0.00    0.00     6  postgres
08:42:26 PM 100998    636536    0.00    0.00    0.00    0.00    0.00     4  postgres
08:42:26 PM 100998    636538    0.00    0.00    0.00    0.00    0.00     6  postgres
08:42:26 PM 100998    636539    0.00    0.00    0.00    0.00    0.00     5  postgres
08:42:26 PM 100998    636605    0.00    0.00    0.00    0.00    0.00     4  postgres
08:42:26 PM 100998    636613    0.00    0.00    0.00    0.00    0.00     4  postgres
08:42:26 PM 100998    636615    0.00    0.00    0.00    0.00    0.00     4  postgres
08:42:26 PM 100998    636616    0.00    0.00    0.00    0.00    0.00     6  postgres
08:42:26 PM 100998    636617    0.00    0.00    0.00    0.00    0.00     6  postgres
08:42:26 PM 100998    636630    0.00    0.00    0.00    0.00    0.00     6  postgres
08:42:26 PM 100998    636631    0.00    0.00    0.00    0.00    0.00     6  postgres
08:42:26 PM 100998    636632    0.00    0.00    0.00    0.00    0.00     6  postgres
08:42:26 PM 100998    636633    0.00    0.00    0.00    0.00    0.00     6  postgres
08:42:26 PM 100998    636634    0.00    0.00    0.00    0.00    0.00     6  postgres
08:42:26 PM 100998    636635    0.00    0.00    0.00    0.00    0.00     6  postgres
08:42:26 PM 100998    636636    0.00    0.00    0.00    0.00    0.00     5  postgres
08:42:26 PM 100998    636638    0.00    0.00    0.00    0.00    0.00     6  postgres
08:42:26 PM 100998    636639    0.00    0.00    0.00    0.00    0.00     6  postgres
08:42:26 PM 100998    636640    0.00    0.00    0.00    0.00    0.00     4  postgres
08:42:26 PM 100998    636642    0.00    0.00    0.00    0.00    0.00     4  postgres
08:42:26 PM 100998    636644    0.00    0.00    0.00    0.00    0.00     4  postgres
08:42:26 PM 100998    636646    0.00    0.00    0.00    0.00    0.00     4  postgres
08:42:26 PM 100998    636648    0.00    0.00    0.00    0.00    0.00     4  postgres
08:42:26 PM 100998    636653    0.00    0.00    0.00    0.00    0.00     4  postgres

08:42:26 PM   UID       PID    %usr %system  %guest   %wait    %CPU   CPU  Command
08:42:27 PM 100998    636535    0.00    0.00    0.00    0.00    0.00     6  postgres
08:42:27 PM 100998    636536    0.00    0.00    0.00    0.00    0.00     4  postgres
08:42:27 PM 100998    636538    0.00    0.00    0.00    0.00    0.00     6  postgres
08:42:27 PM 100998    636539    0.00    0.00    0.00    0.00    0.00     5  postgres
08:42:27 PM 100998    636605    0.00    0.00    0.00    0.00    0.00     4  postgres
08:42:27 PM 100998    636613    0.00    0.00    0.00    0.00    0.00     4  postgres
08:42:27 PM 100998    636615    0.00    0.00    0.00    0.00    0.00     4  postgres
08:42:27 PM 100998    636616    0.00    0.00    0.00    0.00    0.00     6  postgres
08:42:27 PM 100998    636617    0.00    0.00    0.00    0.00    0.00     6  postgres
08:42:27 PM 100998    636630    0.00    0.00    0.00    0.00    0.00     6  postgres
08:42:27 PM 100998    636631    0.00    0.00    0.00    0.00    0.00     6  postgres
08:42:27 PM 100998    636632    0.00    0.00    0.00    0.00    0.00     6  postgres
08:42:27 PM 100998    636633    0.00    0.00    0.00    0.00    0.00     6  postgres
08:42:27 PM 100998    636634    0.00    0.00    0.00    0.00    0.00     6  postgres
08:42:27 PM 100998    636635    0.00    0.00    0.00    0.00    0.00     6  postgres
08:42:27 PM 100998    636636    0.00    0.00    0.00    0.00    0.00     5  postgres
08:42:27 PM 100998    636638    0.00    0.00    0.00    0.00    0.00     6  postgres
08:42:27 PM 100998    636639    0.00    0.00    0.00    0.00    0.00     6  postgres
08:42:27 PM 100998    636640    0.00    0.00    0.00    0.00    0.00     4  postgres
08:42:27 PM 100998    636642    0.00    0.00    0.00    0.00    0.00     4  postgres
08:42:27 PM 100998    636644    0.00    0.00    0.00    0.00    0.00     4  postgres
08:42:27 PM 100998    636646    0.00    0.00    0.00    0.00    0.00     4  postgres
08:42:27 PM 100998    636648    0.00    0.00    0.00    0.00    0.00     4  postgres
08:42:27 PM 100998    636653    0.00    0.00    0.00    0.00    0.00     4  postgres

08:42:27 PM   UID       PID    %usr %system  %guest   %wait    %CPU   CPU  Command
08:42:28 PM 100998    636535    0.00    0.00    0.00    0.00    0.00     6  postgres
08:42:28 PM 100998    636536    0.00    0.00    0.00    0.00    0.00     4  postgres
08:42:28 PM 100998    636538    0.00    0.00    0.00    0.00    0.00     6  postgres
08:42:28 PM 100998    636539    0.00    0.00    0.00    0.00    0.00     5  postgres
08:42:28 PM 100998    636605    0.00    0.00    0.00    0.00    0.00     4  postgres
08:42:28 PM 100998    636613    0.00    0.00    0.00    0.00    0.00     4  postgres
08:42:28 PM 100998    636615    0.00    0.00    0.00    0.00    0.00     4  postgres
08:42:28 PM 100998    636616    0.00    0.00    0.00    0.00    0.00     6  postgres
08:42:28 PM 100998    636617    0.00    0.00    0.00    0.00    0.00     6  postgres
08:42:28 PM 100998    636630    0.00    0.00    0.00    0.00    0.00     6  postgres
08:42:28 PM 100998    636631    0.00    0.00    0.00    0.00    0.00     6  postgres
08:42:28 PM 100998    636632    0.00    0.00    0.00    0.00    0.00     6  postgres
08:42:28 PM 100998    636633    0.00    0.00    0.00    0.00    0.00     6  postgres
08:42:28 PM 100998    636634    0.00    0.00    0.00    0.00    0.00     6  postgres
08:42:28 PM 100998    636635    0.00    0.00    0.00    0.00    0.00     6  postgres
08:42:28 PM 100998    636636    0.00    0.00    0.00    0.00    0.00     5  postgres
08:42:28 PM 100998    636638    0.00    0.00    0.00    0.00    0.00     6  postgres
08:42:28 PM 100998    636639    0.00    0.00    0.00    0.00    0.00     6  postgres
08:42:28 PM 100998    636640    0.00    0.00    0.00    0.00    0.00     4  postgres
08:42:28 PM 100998    636642    0.00    0.00    0.00    0.00    0.00     4  postgres
08:42:28 PM 100998    636644    0.00    0.00    0.00    0.00    0.00     4  postgres
08:42:28 PM 100998    636646    0.00    0.00    0.00    0.00    0.00     4  postgres
08:42:28 PM 100998    636648    0.00    0.00    0.00    0.00    0.00     4  postgres
08:42:28 PM 100998    636653    0.00    0.00    0.00    0.00    0.00     4  postgres

08:42:28 PM   UID       PID    %usr %system  %guest   %wait    %CPU   CPU  Command
08:42:29 PM 100998    636535    0.00    0.00    0.00    0.00    0.00     6  postgres
08:42:29 PM 100998    636536    0.00    0.00    0.00    0.00    0.00     4  postgres
08:42:29 PM 100998    636538    0.00    0.00    0.00    0.00    0.00     6  postgres
08:42:29 PM 100998    636539    0.00    0.00    0.00    0.00    0.00     5  postgres
08:42:29 PM 100998    636605    0.00    0.00    0.00    0.00    0.00     4  postgres
08:42:29 PM 100998    636613    0.00    0.00    0.00    0.00    0.00     4  postgres
08:42:29 PM 100998    636615    0.00    0.00    0.00    0.00    0.00     4  postgres
08:42:29 PM 100998    636616    0.00    0.00    0.00    0.00    0.00     6  postgres
08:42:29 PM 100998    636617    0.00    0.00    0.00    0.00    0.00     6  postgres
08:42:29 PM 100998    636630    0.00    0.00    0.00    0.00    0.00     6  postgres
08:42:29 PM 100998    636631    0.00    0.00    0.00    0.00    0.00     6  postgres
08:42:29 PM 100998    636632    0.00    0.00    0.00    0.00    0.00     6  postgres
08:42:29 PM 100998    636633    0.00    0.00    0.00    0.00    0.00     6  postgres
08:42:29 PM 100998    636634    0.00    0.00    0.00    0.00    0.00     6  postgres
08:42:29 PM 100998    636635    0.00    0.00    0.00    0.00    0.00     6  postgres
08:42:29 PM 100998    636636    0.00    0.00    0.00    0.00    0.00     5  postgres
08:42:29 PM 100998    636638    0.00    0.00    0.00    0.00    0.00     6  postgres
08:42:29 PM 100998    636639    0.00    0.00    0.00    0.00    0.00     6  postgres
08:42:29 PM 100998    636640    0.00    0.00    0.00    0.00    0.00     4  postgres
08:42:29 PM 100998    636642    0.00    0.00    0.00    0.00    0.00     4  postgres
08:42:29 PM 100998    636644    0.00    0.00    0.00    0.00    0.00     4  postgres
08:42:29 PM 100998    636646    0.00    0.00    0.00    0.00    0.00     4  postgres
08:42:29 PM 100998    636648    0.00    0.00    0.00    0.00    0.00     4  postgres
08:42:29 PM 100998    636653    0.00    0.00    0.00    0.00    0.00     4  postgres

08:42:29 PM   UID       PID    %usr %system  %guest   %wait    %CPU   CPU  Command
08:42:30 PM 100998    636535    0.00    0.00    0.00    0.00    0.00     6  postgres
08:42:30 PM 100998    636536    0.00    0.00    0.00    0.00    0.00     4  postgres
08:42:30 PM 100998    636538    0.00    0.00    0.00    0.00    0.00     6  postgres
08:42:30 PM 100998    636539    0.00    0.00    0.00    0.00    0.00     5  postgres
08:42:30 PM 100998    636605    0.00    0.00    0.00    0.00    0.00     4  postgres
08:42:30 PM 100998    636613    0.00    0.00    0.00    0.00    0.00     4  postgres
08:42:30 PM 100998    636615    0.00    0.00    0.00    0.00    0.00     4  postgres
08:42:30 PM 100998    636616    0.00    0.00    0.00    0.00    0.00     6  postgres
08:42:30 PM 100998    636617    0.00    0.00    0.00    0.00    0.00     6  postgres
08:42:30 PM 100998    636630    0.00    0.00    0.00    0.00    0.00     6  postgres
08:42:30 PM 100998    636631    0.00    0.00    0.00    0.00    0.00     6  postgres
08:42:30 PM 100998    636632    0.00    0.00    0.00    0.00    0.00     6  postgres
08:42:30 PM 100998    636633    0.00    0.00    0.00    0.00    0.00     6  postgres
08:42:30 PM 100998    636634    0.00    0.00    0.00    0.00    0.00     6  postgres
08:42:30 PM 100998    636635    0.00    0.00    0.00    0.00    0.00     6  postgres
08:42:30 PM 100998    636636    0.00    0.00    0.00    0.00    0.00     5  postgres
08:42:30 PM 100998    636638    0.00    0.00    0.00    0.00    0.00     6  postgres
08:42:30 PM 100998    636639    0.00    0.00    0.00    0.00    0.00     6  postgres
08:42:30 PM 100998    636640    0.00    0.00    0.00    0.00    0.00     4  postgres
08:42:30 PM 100998    636642    0.00    0.00    0.00    0.00    0.00     4  postgres
08:42:30 PM 100998    636644    0.00    0.00    0.00    0.00    0.00     4  postgres
08:42:30 PM 100998    636646    0.00    0.00    0.00    0.00    0.00     4  postgres
08:42:30 PM 100998    636648    0.00    0.00    0.00    0.00    0.00     4  postgres
08:42:30 PM 100998    636653    0.00    0.00    0.00    0.00    0.00     4  postgres

08:42:30 PM   UID       PID    %usr %system  %guest   %wait    %CPU   CPU  Command
08:42:31 PM 100998    636535    0.00    0.00    0.00    0.00    0.00     6  postgres
08:42:31 PM 100998    636536    0.00    0.00    0.00    0.00    0.00     4  postgres
08:42:31 PM 100998    636538    0.00    0.00    0.00    0.00    0.00     6  postgres
08:42:31 PM 100998    636539    0.00    0.00    0.00    0.00    0.00     5  postgres
08:42:31 PM 100998    636605    0.00    0.00    0.00    0.00    0.00     4  postgres
08:42:31 PM 100998    636613    0.00    0.00    0.00    0.00    0.00     4  postgres
08:42:31 PM 100998    636615    0.00    0.00    0.00    0.00    0.00     4  postgres
08:42:31 PM 100998    636616    0.00    0.00    0.00    0.00    0.00     6  postgres
08:42:31 PM 100998    636617    0.00    0.00    0.00    0.00    0.00     6  postgres
08:42:31 PM 100998    636630    0.00    0.00    0.00    0.00    0.00     6  postgres
08:42:31 PM 100998    636631    0.00    0.00    0.00    0.00    0.00     6  postgres
08:42:31 PM 100998    636632    0.00    0.00    0.00    0.00    0.00     6  postgres
08:42:31 PM 100998    636633    0.00    0.00    0.00    0.00    0.00     6  postgres
08:42:31 PM 100998    636634    0.00    0.00    0.00    0.00    0.00     6  postgres
08:42:31 PM 100998    636635    0.00    0.00    0.00    0.00    0.00     6  postgres
08:42:31 PM 100998    636636    0.00    0.00    0.00    0.00    0.00     5  postgres
08:42:31 PM 100998    636638    0.00    0.00    0.00    0.00    0.00     6  postgres
08:42:31 PM 100998    636639    0.00    0.00    0.00    0.00    0.00     6  postgres
08:42:31 PM 100998    636640    0.00    0.00    0.00    0.00    0.00     4  postgres
08:42:31 PM 100998    636642    0.00    0.00    0.00    0.00    0.00     4  postgres
08:42:31 PM 100998    636644    0.00    0.00    0.00    0.00    0.00     4  postgres
08:42:31 PM 100998    636646    0.00    0.00    0.00    0.00    0.00     4  postgres
08:42:31 PM 100998    636648    0.00    0.00    0.00    0.00    0.00     4  postgres
08:42:31 PM 100998    636653    0.00    0.00    0.00    0.00    0.00     4  postgres

08:42:31 PM   UID       PID    %usr %system  %guest   %wait    %CPU   CPU  Command
08:42:32 PM 100998    636535    0.00    0.00    0.00    0.00    0.00     6  postgres
08:42:32 PM 100998    636536    0.00    0.00    0.00    0.00    0.00     4  postgres
08:42:32 PM 100998    636538    0.00    0.00    0.00    0.00    0.00     6  postgres
08:42:32 PM 100998    636539    0.00    0.00    0.00    0.00    0.00     5  postgres
08:42:32 PM 100998    636605    0.00    0.00    0.00    0.00    0.00     4  postgres
08:42:32 PM 100998    636613    0.00    0.00    0.00    0.00    0.00     4  postgres
08:42:32 PM 100998    636615    0.00    0.00    0.00    0.00    0.00     4  postgres
08:42:32 PM 100998    636616    0.00    0.00    0.00    0.00    0.00     6  postgres
08:42:32 PM 100998    636617    0.00    0.00    0.00    0.00    0.00     6  postgres
08:42:32 PM 100998    636630    0.00    0.00    0.00    0.00    0.00     6  postgres
08:42:32 PM 100998    636631    0.00    0.00    0.00    0.00    0.00     6  postgres
08:42:32 PM 100998    636632    0.00    0.00    0.00    0.00    0.00     6  postgres
08:42:32 PM 100998    636633    0.00    0.00    0.00    0.00    0.00     6  postgres
08:42:32 PM 100998    636634    0.00    0.00    0.00    0.00    0.00     6  postgres
08:42:32 PM 100998    636635    0.00    0.00    0.00    0.00    0.00     6  postgres
08:42:32 PM 100998    636636    0.00    0.00    0.00    0.00    0.00     5  postgres
08:42:32 PM 100998    636638    0.00    0.00    0.00    0.00    0.00     6  postgres
08:42:32 PM 100998    636639    0.00    0.00    0.00    0.00    0.00     6  postgres
08:42:32 PM 100998    636640    0.00    0.00    0.00    0.00    0.00     4  postgres
08:42:32 PM 100998    636642    0.00    0.00    0.00    0.00    0.00     4  postgres
08:42:32 PM 100998    636644    0.00    0.00    0.00    0.00    0.00     4  postgres
08:42:32 PM 100998    636646    0.00    0.00    0.00    0.00    0.00     4  postgres
08:42:32 PM 100998    636648    0.00    0.00    0.00    0.00    0.00     4  postgres
08:42:32 PM 100998    636653    0.00    0.00    0.00    0.00    0.00     4  postgres

08:42:32 PM   UID       PID    %usr %system  %guest   %wait    %CPU   CPU  Command
08:42:33 PM 100998    636535    0.00    0.00    0.00    0.00    0.00     6  postgres
08:42:33 PM 100998    636536    0.00    0.00    0.00    0.00    0.00     4  postgres
08:42:33 PM 100998    636538    0.00    0.00    0.00    0.00    0.00     6  postgres
08:42:33 PM 100998    636539    0.00    0.00    0.00    0.00    0.00     5  postgres
08:42:33 PM 100998    636605    0.00    0.00    0.00    0.00    0.00     4  postgres
08:42:33 PM 100998    636613    0.00    0.00    0.00    0.00    0.00     4  postgres
08:42:33 PM 100998    636615    0.00    0.00    0.00    0.00    0.00     4  postgres
08:42:33 PM 100998    636616    0.00    0.00    0.00    0.00    0.00     6  postgres
08:42:33 PM 100998    636617    0.00    0.00    0.00    0.00    0.00     6  postgres
08:42:33 PM 100998    636630    0.00    0.00    0.00    0.00    0.00     6  postgres
08:42:33 PM 100998    636631    0.00    0.00    0.00    0.00    0.00     6  postgres
08:42:33 PM 100998    636632    0.00    0.00    0.00    0.00    0.00     6  postgres
08:42:33 PM 100998    636633    0.00    0.00    0.00    0.00    0.00     6  postgres
08:42:33 PM 100998    636634    0.00    0.00    0.00    0.00    0.00     6  postgres
08:42:33 PM 100998    636635    0.00    0.00    0.00    0.00    0.00     6  postgres
08:42:33 PM 100998    636636    0.00    0.00    0.00    0.00    0.00     5  postgres
08:42:33 PM 100998    636638    0.00    0.00    0.00    0.00    0.00     6  postgres
08:42:33 PM 100998    636639    0.00    0.00    0.00    0.00    0.00     6  postgres
08:42:33 PM 100998    636640    0.00    0.00    0.00    0.00    0.00     4  postgres
08:42:33 PM 100998    636642    0.00    0.00    0.00    0.00    0.00     4  postgres
08:42:33 PM 100998    636644    0.00    0.00    0.00    0.00    0.00     4  postgres
08:42:33 PM 100998    636646    0.00    0.00    0.00    0.00    0.00     4  postgres
08:42:33 PM 100998    636648    0.00    0.00    0.00    0.00    0.00     4  postgres
08:42:33 PM 100998    636653    0.00    0.00    0.00    0.00    0.00     4  postgres

08:42:33 PM   UID       PID    %usr %system  %guest   %wait    %CPU   CPU  Command
08:42:34 PM 100998    636535    0.00    0.00    0.00    0.00    0.00     6  postgres
08:42:34 PM 100998    636536    0.00    0.00    0.00    0.00    0.00     4  postgres
08:42:34 PM 100998    636538    0.00    0.00    0.00    0.00    0.00     6  postgres
08:42:34 PM 100998    636539    0.00    0.00    0.00    0.00    0.00     5  postgres
08:42:34 PM 100998    636605    0.00    0.00    0.00    0.00    0.00     4  postgres
08:42:34 PM 100998    636613    0.00    0.00    0.00    0.00    0.00     4  postgres
08:42:34 PM 100998    636615    0.00    0.00    0.00    0.00    0.00     4  postgres
08:42:34 PM 100998    636616    0.00    0.00    0.00    0.00    0.00     6  postgres
08:42:34 PM 100998    636617    0.00    0.00    0.00    0.00    0.00     6  postgres
08:42:34 PM 100998    636630    0.00    0.00    0.00    0.00    0.00     6  postgres
08:42:34 PM 100998    636631    0.00    0.00    0.00    0.00    0.00     6  postgres
08:42:34 PM 100998    636632    0.00    0.00    0.00    0.00    0.00     6  postgres
08:42:34 PM 100998    636633    0.00    0.00    0.00    0.00    0.00     6  postgres
08:42:34 PM 100998    636634    0.00    0.00    0.00    0.00    0.00     6  postgres
08:42:34 PM 100998    636635    0.00    0.00    0.00    0.00    0.00     6  postgres
08:42:34 PM 100998    636636    0.00    0.00    0.00    0.00    0.00     5  postgres
08:42:34 PM 100998    636638    0.00    0.00    0.00    0.00    0.00     6  postgres
08:42:34 PM 100998    636639    0.00    0.00    0.00    0.00    0.00     6  postgres
08:42:34 PM 100998    636640    0.00    0.00    0.00    0.00    0.00     4  postgres
08:42:34 PM 100998    636642    0.00    0.00    0.00    0.00    0.00     4  postgres
08:42:34 PM 100998    636644    0.00    0.00    0.00    0.00    0.00     4  postgres
08:42:34 PM 100998    636646    0.00    0.00    0.00    0.00    0.00     4  postgres
08:42:34 PM 100998    636648    0.00    0.00    0.00    0.00    0.00     4  postgres
08:42:34 PM 100998    636653    0.00    0.00    0.00    0.00    0.00     4  postgres

08:42:34 PM   UID       PID    %usr %system  %guest   %wait    %CPU   CPU  Command
08:42:35 PM 100998    636535    0.00    0.00    0.00    0.00    0.00     6  postgres
08:42:35 PM 100998    636536    0.00    0.00    0.00    0.00    0.00     4  postgres
08:42:35 PM 100998    636538    0.00    0.00    0.00    0.00    0.00     6  postgres
08:42:35 PM 100998    636539    0.00    0.00    0.00    0.00    0.00     5  postgres
08:42:35 PM 100998    636605    0.00    0.00    0.00    0.00    0.00     4  postgres
08:42:35 PM 100998    636613    0.00    0.00    0.00    0.00    0.00     4  postgres
08:42:35 PM 100998    636615    0.00    0.00    0.00    0.00    0.00     4  postgres
08:42:35 PM 100998    636616    0.00    0.00    0.00    0.00    0.00     6  postgres
08:42:35 PM 100998    636617    0.00    0.00    0.00    0.00    0.00     6  postgres
08:42:35 PM 100998    636630    0.00    0.00    0.00    0.00    0.00     6  postgres
08:42:35 PM 100998    636631    0.00    0.00    0.00    0.00    0.00     6  postgres
08:42:35 PM 100998    636632    0.00    0.00    0.00    0.00    0.00     6  postgres
08:42:35 PM 100998    636633    0.00    0.00    0.00    0.00    0.00     6  postgres
08:42:35 PM 100998    636634    0.00    0.00    0.00    0.00    0.00     6  postgres
08:42:35 PM 100998    636635    0.00    0.00    0.00    0.00    0.00     6  postgres
08:42:35 PM 100998    636636    0.00    0.00    0.00    0.00    0.00     5  postgres
08:42:35 PM 100998    636638    0.00    0.00    0.00    0.00    0.00     6  postgres
08:42:35 PM 100998    636639    0.00    0.00    0.00    0.00    0.00     6  postgres
08:42:35 PM 100998    636640    0.00    0.00    0.00    0.00    0.00     4  postgres
08:42:35 PM 100998    636642    0.00    0.00    0.00    0.00    0.00     4  postgres
08:42:35 PM 100998    636644    0.00    0.00    0.00    0.00    0.00     4  postgres
08:42:35 PM 100998    636646    0.00    0.00    0.00    0.00    0.00     4  postgres
08:42:35 PM 100998    636648    0.00    0.00    0.00    0.00    0.00     4  postgres
08:42:35 PM 100998    636653    0.00    0.00    0.00    0.00    0.00     4  postgres

08:42:35 PM   UID       PID    %usr %system  %guest   %wait    %CPU   CPU  Command
08:42:36 PM 100998    636535    0.00    0.00    0.00    0.00    0.00     6  postgres
08:42:36 PM 100998    636536    0.00    0.00    0.00    0.00    0.00     4  postgres
08:42:36 PM 100998    636538    0.00    0.00    0.00    0.00    0.00     6  postgres
08:42:36 PM 100998    636539    0.00    0.00    0.00    0.00    0.00     5  postgres
08:42:36 PM 100998    636605    0.00    0.00    0.00    0.00    0.00     4  postgres
08:42:36 PM 100998    636613    0.00    0.00    0.00    0.00    0.00     4  postgres
08:42:36 PM 100998    636615    0.00    0.00    0.00    0.00    0.00     4  postgres
08:42:36 PM 100998    636616    0.00    0.00    0.00    0.00    0.00     6  postgres
08:42:36 PM 100998    636617    0.00    0.00    0.00    0.00    0.00     6  postgres
08:42:36 PM 100998    636630    0.00    0.00    0.00    0.00    0.00     6  postgres
08:42:36 PM 100998    636631    0.00    0.00    0.00    0.00    0.00     6  postgres
08:42:36 PM 100998    636632    0.00    0.00    0.00    0.00    0.00     6  postgres
08:42:36 PM 100998    636633    0.00    0.00    0.00    0.00    0.00     6  postgres
08:42:36 PM 100998    636634    0.00    0.00    0.00    0.00    0.00     6  postgres
08:42:36 PM 100998    636635    0.00    0.00    0.00    0.00    0.00     6  postgres
08:42:36 PM 100998    636636    0.00    0.00    0.00    0.00    0.00     5  postgres
08:42:36 PM 100998    636638    0.00    0.00    0.00    0.00    0.00     6  postgres
08:42:36 PM 100998    636639    0.00    0.00    0.00    0.00    0.00     6  postgres
08:42:36 PM 100998    636640    0.00    0.00    0.00    0.00    0.00     4  postgres
08:42:36 PM 100998    636642    0.00    0.00    0.00    0.00    0.00     4  postgres
08:42:36 PM 100998    636644    0.00    0.00    0.00    0.00    0.00     4  postgres
08:42:36 PM 100998    636646    0.00    0.00    0.00    0.00    0.00     4  postgres
08:42:36 PM 100998    636648    0.00    0.00    0.00    0.00    0.00     4  postgres
08:42:36 PM 100998    636653    0.00    0.00    0.00    0.00    0.00     4  postgres

08:42:36 PM   UID       PID    %usr %system  %guest   %wait    %CPU   CPU  Command
08:42:37 PM 100998    636535    0.00    0.00    0.00    0.00    0.00     6  postgres
08:42:37 PM 100998    636536    0.00    0.00    0.00    0.00    0.00     4  postgres
08:42:37 PM 100998    636538    0.00    0.00    0.00    0.00    0.00     6  postgres
08:42:37 PM 100998    636539    0.00    0.00    0.00    0.00    0.00     5  postgres
08:42:37 PM 100998    636605    0.00    0.00    0.00    0.00    0.00     4  postgres
08:42:37 PM 100998    636613    0.00    0.00    0.00    0.00    0.00     4  postgres
08:42:37 PM 100998    636615    0.00    0.00    0.00    0.00    0.00     4  postgres
08:42:37 PM 100998    636616    0.00    0.00    0.00    0.00    0.00     6  postgres
08:42:37 PM 100998    636617    0.00    0.00    0.00    0.00    0.00     6  postgres
08:42:37 PM 100998    636630    0.00    0.00    0.00    0.00    0.00     6  postgres
08:42:37 PM 100998    636631    0.00    0.00    0.00    0.00    0.00     6  postgres
08:42:37 PM 100998    636632    0.00    0.00    0.00    0.00    0.00     6  postgres
08:42:37 PM 100998    636633    0.00    0.00    0.00    0.00    0.00     6  postgres
08:42:37 PM 100998    636634    0.00    0.00    0.00    0.00    0.00     6  postgres
08:42:37 PM 100998    636635    0.00    0.00    0.00    0.00    0.00     6  postgres
08:42:37 PM 100998    636636    0.00    0.00    0.00    0.00    0.00     5  postgres
08:42:37 PM 100998    636638    0.00    0.00    0.00    0.00    0.00     6  postgres
08:42:37 PM 100998    636639    0.00    0.00    0.00    0.00    0.00     6  postgres
08:42:37 PM 100998    636640    0.00    0.00    0.00    0.00    0.00     4  postgres
08:42:37 PM 100998    636642    0.00    0.00    0.00    0.00    0.00     4  postgres
08:42:37 PM 100998    636644    0.00    0.00    0.00    0.00    0.00     4  postgres
08:42:37 PM 100998    636646    0.00    0.00    0.00    0.00    0.00     4  postgres
08:42:37 PM 100998    636648    0.00    0.00    0.00    0.00    0.00     4  postgres
08:42:37 PM 100998    636653    0.00    0.00    0.00    0.00    0.00     4  postgres

08:42:37 PM   UID       PID    %usr %system  %guest   %wait    %CPU   CPU  Command
08:42:38 PM 100998    636535    0.00    0.00    0.00    0.00    0.00     6  postgres
08:42:38 PM 100998    636536    0.00    0.00    0.00    0.00    0.00     4  postgres
08:42:38 PM 100998    636538    0.00    0.00    0.00    0.00    0.00     6  postgres
08:42:38 PM 100998    636539    0.00    0.00    0.00    0.00    0.00     5  postgres
08:42:38 PM 100998    636605    0.00    0.00    0.00    0.00    0.00     4  postgres
08:42:38 PM 100998    636613    0.00    0.00    0.00    0.00    0.00     4  postgres
08:42:38 PM 100998    636615    0.00    0.00    0.00    0.00    0.00     4  postgres
08:42:38 PM 100998    636616    0.00    0.00    0.00    0.00    0.00     6  postgres
08:42:38 PM 100998    636617    0.00    0.00    0.00    0.00    0.00     6  postgres
08:42:38 PM 100998    636630    0.00    0.00    0.00    0.00    0.00     6  postgres
08:42:38 PM 100998    636631    0.00    0.00    0.00    0.00    0.00     6  postgres
08:42:38 PM 100998    636632    0.00    0.00    0.00    0.00    0.00     6  postgres
08:42:38 PM 100998    636633    0.00    0.00    0.00    0.00    0.00     6  postgres
08:42:38 PM 100998    636634    0.00    0.00    0.00    0.00    0.00     6  postgres
08:42:38 PM 100998    636635    0.00    0.00    0.00    0.00    0.00     6  postgres
08:42:38 PM 100998    636636    0.00    0.00    0.00    0.00    0.00     5  postgres
08:42:38 PM 100998    636638    0.00    0.00    0.00    0.00    0.00     6  postgres
08:42:38 PM 100998    636639    0.00    0.00    0.00    0.00    0.00     6  postgres
08:42:38 PM 100998    636640    0.00    0.00    0.00    0.00    0.00     4  postgres
08:42:38 PM 100998    636642    0.00    0.00    0.00    0.00    0.00     4  postgres
08:42:38 PM 100998    636644    0.00    0.00    0.00    0.00    0.00     4  postgres
08:42:38 PM 100998    636646    0.00    0.00    0.00    0.00    0.00     4  postgres
08:42:38 PM 100998    636648    0.00    0.00    0.00    0.00    0.00     4  postgres
08:42:38 PM 100998    636653    0.00    0.00    0.00    0.00    0.00     4  postgres

08:42:38 PM   UID       PID    %usr %system  %guest   %wait    %CPU   CPU  Command
08:42:39 PM 100998    636535    0.00    0.00    0.00    0.00    0.00     6  postgres
08:42:39 PM 100998    636536    0.00    0.00    0.00    0.00    0.00     4  postgres
08:42:39 PM 100998    636538    0.00    0.00    0.00    0.00    0.00     6  postgres
08:42:39 PM 100998    636539    0.00    0.00    0.00    0.00    0.00     5  postgres
08:42:39 PM 100998    636605    0.00    0.00    0.00    0.00    0.00     4  postgres
08:42:39 PM 100998    636613    0.00    0.00    0.00    0.00    0.00     4  postgres
08:42:39 PM 100998    636615    0.00    0.00    0.00    0.00    0.00     4  postgres
08:42:39 PM 100998    636616    0.00    0.00    0.00    0.00    0.00     6  postgres
08:42:39 PM 100998    636617    0.00    0.00    0.00    0.00    0.00     6  postgres
08:42:39 PM 100998    636630    0.00    0.00    0.00    0.00    0.00     6  postgres
08:42:39 PM 100998    636631    0.00    0.00    0.00    0.00    0.00     6  postgres
08:42:39 PM 100998    636632    0.00    0.00    0.00    0.00    0.00     6  postgres
08:42:39 PM 100998    636633    0.00    0.00    0.00    0.00    0.00     6  postgres
08:42:39 PM 100998    636634    0.00    0.00    0.00    0.00    0.00     6  postgres
08:42:39 PM 100998    636635    0.00    0.00    0.00    0.00    0.00     6  postgres
08:42:39 PM 100998    636636    0.00    0.00    0.00    0.00    0.00     5  postgres
08:42:39 PM 100998    636638    0.00    0.00    0.00    0.00    0.00     6  postgres
08:42:39 PM 100998    636639    0.00    0.00    0.00    0.00    0.00     6  postgres
08:42:39 PM 100998    636640    0.00    0.00    0.00    0.00    0.00     4  postgres
08:42:39 PM 100998    636642    0.00    0.00    0.00    0.00    0.00     4  postgres
08:42:39 PM 100998    636644    0.00    0.00    0.00    0.00    0.00     4  postgres
08:42:39 PM 100998    636646    0.00    0.00    0.00    0.00    0.00     4  postgres
08:42:39 PM 100998    636648    0.00    0.00    0.00    0.00    0.00     4  postgres
08:42:39 PM 100998    636653    0.00    0.00    0.00    0.00    0.00     4  postgres

08:42:39 PM   UID       PID    %usr %system  %guest   %wait    %CPU   CPU  Command
08:42:40 PM 100998    636535    0.00    0.00    0.00    0.00    0.00     6  postgres
08:42:40 PM 100998    636536    0.00    0.00    0.00    0.00    0.00     4  postgres
08:42:40 PM 100998    636538    0.00    0.00    0.00    0.00    0.00     6  postgres
08:42:40 PM 100998    636539    0.00    0.00    0.00    0.00    0.00     5  postgres
08:42:40 PM 100998    636605    0.00    0.00    0.00    0.00    0.00     4  postgres
08:42:40 PM 100998    636613    0.00    0.00    0.00    0.00    0.00     4  postgres
08:42:40 PM 100998    636615    0.00    0.00    0.00    0.00    0.00     4  postgres
08:42:40 PM 100998    636616    0.00    0.00    0.00    0.00    0.00     6  postgres
08:42:40 PM 100998    636617    0.00    0.00    0.00    0.00    0.00     6  postgres
08:42:40 PM 100998    636630    0.00    0.00    0.00    0.00    0.00     6  postgres
08:42:40 PM 100998    636631    0.00    0.00    0.00    0.00    0.00     6  postgres
08:42:40 PM 100998    636632    0.00    0.00    0.00    0.00    0.00     6  postgres
08:42:40 PM 100998    636633    0.00    0.00    0.00    0.00    0.00     6  postgres
08:42:40 PM 100998    636634    0.00    0.00    0.00    0.00    0.00     6  postgres
08:42:40 PM 100998    636635    0.00    0.00    0.00    0.00    0.00     6  postgres
08:42:40 PM 100998    636636    0.00    0.00    0.00    0.00    0.00     5  postgres
08:42:40 PM 100998    636638    0.00    0.00    0.00    0.00    0.00     6  postgres
08:42:40 PM 100998    636639    0.00    0.00    0.00    0.00    0.00     6  postgres
08:42:40 PM 100998    636640    0.00    0.00    0.00    0.00    0.00     4  postgres
08:42:40 PM 100998    636642    0.00    0.00    0.00    0.00    0.00     4  postgres
08:42:40 PM 100998    636644    0.00    0.00    0.00    0.00    0.00     4  postgres
08:42:40 PM 100998    636646    0.00    0.00    0.00    0.00    0.00     4  postgres
08:42:40 PM 100998    636648    0.00    0.00    0.00    0.00    0.00     4  postgres
08:42:40 PM 100998    636653    0.00    0.00    0.00    0.00    0.00     4  postgres

08:42:40 PM   UID       PID    %usr %system  %guest   %wait    %CPU   CPU  Command
08:42:41 PM 100998    636535    0.00    0.00    0.00    0.00    0.00     6  postgres
08:42:41 PM 100998    636536    0.00    0.00    0.00    0.00    0.00     4  postgres
08:42:41 PM 100998    636538    0.00    0.00    0.00    0.00    0.00     6  postgres
08:42:41 PM 100998    636539    0.00    0.00    0.00    0.00    0.00     5  postgres
08:42:41 PM 100998    636605    0.00    0.00    0.00    0.00    0.00     4  postgres
08:42:41 PM 100998    636613    0.00    0.00    0.00    0.00    0.00     4  postgres
08:42:41 PM 100998    636615    0.00    0.00    0.00    0.00    0.00     4  postgres
08:42:41 PM 100998    636616    0.00    0.00    0.00    0.00    0.00     6  postgres
08:42:41 PM 100998    636617    0.00    0.00    0.00    0.00    0.00     6  postgres
08:42:41 PM 100998    636630    0.00    0.00    0.00    0.00    0.00     6  postgres
08:42:41 PM 100998    636631    0.00    0.00    0.00    0.00    0.00     6  postgres
08:42:41 PM 100998    636632    0.00    0.00    0.00    0.00    0.00     6  postgres
08:42:41 PM 100998    636633    0.00    0.00    0.00    0.00    0.00     6  postgres
08:42:41 PM 100998    636634    0.00    0.00    0.00    0.00    0.00     6  postgres
08:42:41 PM 100998    636635    0.00    0.00    0.00    0.00    0.00     6  postgres
08:42:41 PM 100998    636636    0.00    0.00    0.00    0.00    0.00     5  postgres
08:42:41 PM 100998    636638    0.00    0.00    0.00    0.00    0.00     6  postgres
08:42:41 PM 100998    636639    0.00    0.00    0.00    0.00    0.00     6  postgres
08:42:41 PM 100998    636640    0.00    0.00    0.00    0.00    0.00     4  postgres
08:42:41 PM 100998    636642    0.00    0.00    0.00    0.00    0.00     4  postgres
08:42:41 PM 100998    636644    0.00    0.00    0.00    0.00    0.00     4  postgres
08:42:41 PM 100998    636646    0.00    0.00    0.00    0.00    0.00     4  postgres
08:42:41 PM 100998    636648    0.00    0.00    0.00    0.00    0.00     4  postgres
08:42:41 PM 100998    636653    0.00    0.00    0.00    0.00    0.00     4  postgres

08:42:41 PM   UID       PID    %usr %system  %guest   %wait    %CPU   CPU  Command
08:42:42 PM 100998    636535    0.00    0.00    0.00    0.00    0.00     6  postgres
08:42:42 PM 100998    636536    0.00    0.00    0.00    0.00    0.00     4  postgres
08:42:42 PM 100998    636538    0.00    0.00    0.00    0.00    0.00     6  postgres
08:42:42 PM 100998    636539    0.00    0.00    0.00    0.00    0.00     5  postgres
08:42:42 PM 100998    636605    0.00    0.00    0.00    0.00    0.00     4  postgres
08:42:42 PM 100998    636613    0.00    0.00    0.00    0.00    0.00     4  postgres
08:42:42 PM 100998    636615    0.00    0.00    0.00    0.00    0.00     4  postgres
08:42:42 PM 100998    636616    0.00    0.00    0.00    0.00    0.00     6  postgres
08:42:42 PM 100998    636617    0.00    0.00    0.00    0.00    0.00     6  postgres
08:42:42 PM 100998    636630    0.00    0.00    0.00    0.00    0.00     6  postgres
08:42:42 PM 100998    636631    0.00    0.00    0.00    0.00    0.00     6  postgres
08:42:42 PM 100998    636632    0.00    0.00    0.00    0.00    0.00     6  postgres
08:42:42 PM 100998    636633    0.00    0.00    0.00    0.00    0.00     6  postgres
08:42:42 PM 100998    636634    0.00    0.00    0.00    0.00    0.00     6  postgres
08:42:42 PM 100998    636635    0.00    0.00    0.00    0.00    0.00     6  postgres
08:42:42 PM 100998    636636    0.00    0.00    0.00    0.00    0.00     5  postgres
08:42:42 PM 100998    636638    0.00    0.00    0.00    0.00    0.00     6  postgres
08:42:42 PM 100998    636639    0.00    0.00    0.00    0.00    0.00     6  postgres
08:42:42 PM 100998    636640    0.00    0.00    0.00    0.00    0.00     4  postgres
08:42:42 PM 100998    636642    0.00    0.00    0.00    0.00    0.00     4  postgres
08:42:42 PM 100998    636644    0.00    0.00    0.00    0.00    0.00     4  postgres
08:42:42 PM 100998    636646    0.00    0.00    0.00    0.00    0.00     4  postgres
08:42:42 PM 100998    636648    0.00    0.00    0.00    0.00    0.00     4  postgres
08:42:42 PM 100998    636653    0.00    0.00    0.00    0.00    0.00     4  postgres

08:42:42 PM   UID       PID    %usr %system  %guest   %wait    %CPU   CPU  Command
08:42:43 PM 100998    636535    0.00    0.00    0.00    0.00    0.00     6  postgres
08:42:43 PM 100998    636536    0.00    0.00    0.00    0.00    0.00     4  postgres
08:42:43 PM 100998    636538    0.00    0.00    0.00    0.00    0.00     6  postgres
08:42:43 PM 100998    636539    0.00    0.00    0.00    0.00    0.00     5  postgres
08:42:43 PM 100998    636605    0.00    0.00    0.00    0.00    0.00     4  postgres
08:42:43 PM 100998    636613    0.00    0.00    0.00    0.00    0.00     4  postgres
08:42:43 PM 100998    636615    0.00    0.00    0.00    0.00    0.00     4  postgres
08:42:43 PM 100998    636616    0.00    0.00    0.00    0.00    0.00     6  postgres
08:42:43 PM 100998    636617    0.00    0.00    0.00    0.00    0.00     6  postgres
08:42:43 PM 100998    636630    0.00    0.00    0.00    0.00    0.00     6  postgres
08:42:43 PM 100998    636631    0.00    0.00    0.00    0.00    0.00     6  postgres
08:42:43 PM 100998    636632    0.00    0.00    0.00    0.00    0.00     6  postgres
08:42:43 PM 100998    636633    0.00    0.00    0.00    0.00    0.00     6  postgres
08:42:43 PM 100998    636634    0.00    0.00    0.00    0.00    0.00     6  postgres
08:42:43 PM 100998    636635    0.00    0.00    0.00    0.00    0.00     6  postgres
08:42:43 PM 100998    636636    0.00    0.00    0.00    0.00    0.00     5  postgres
08:42:43 PM 100998    636638    0.00    0.00    0.00    0.00    0.00     6  postgres
08:42:43 PM 100998    636639    0.00    0.00    0.00    0.00    0.00     6  postgres
08:42:43 PM 100998    636640    0.00    0.00    0.00    0.00    0.00     4  postgres
08:42:43 PM 100998    636642    0.00    0.00    0.00    0.00    0.00     4  postgres
08:42:43 PM 100998    636644    0.00    0.00    0.00    0.00    0.00     4  postgres
08:42:43 PM 100998    636646    0.00    0.00    0.00    0.00    0.00     4  postgres
08:42:43 PM 100998    636648    0.00    0.00    0.00    0.00    0.00     4  postgres
08:42:43 PM 100998    636653    0.00    0.00    0.00    0.00    0.00     4  postgres

08:42:43 PM   UID       PID    %usr %system  %guest   %wait    %CPU   CPU  Command
08:42:44 PM 100998    636535    0.00    0.00    0.00    0.00    0.00     6  postgres
08:42:44 PM 100998    636536    0.00    0.00    0.00    0.00    0.00     4  postgres
08:42:44 PM 100998    636538    0.00    0.00    0.00    0.00    0.00     6  postgres
08:42:44 PM 100998    636539    0.00    0.00    0.00    0.00    0.00     5  postgres
08:42:44 PM 100998    636605    0.00    0.00    0.00    0.00    0.00     4  postgres
08:42:44 PM 100998    636613    0.00    0.00    0.00    0.00    0.00     4  postgres
08:42:44 PM 100998    636615    0.00    0.00    0.00    0.00    0.00     4  postgres
08:42:44 PM 100998    636616    0.00    0.00    0.00    0.00    0.00     6  postgres
08:42:44 PM 100998    636617    0.00    0.00    0.00    0.00    0.00     6  postgres
08:42:44 PM 100998    636630    0.00    0.00    0.00    0.00    0.00     6  postgres
08:42:44 PM 100998    636631    0.00    0.00    0.00    0.00    0.00     6  postgres
08:42:44 PM 100998    636632    0.00    0.00    0.00    0.00    0.00     6  postgres
08:42:44 PM 100998    636633    0.00    0.00    0.00    0.00    0.00     6  postgres
08:42:44 PM 100998    636634    0.00    0.00    0.00    0.00    0.00     6  postgres
08:42:44 PM 100998    636635    0.00    0.00    0.00    0.00    0.00     6  postgres
08:42:44 PM 100998    636636    0.00    0.00    0.00    0.00    0.00     5  postgres
08:42:44 PM 100998    636638    0.00    0.00    0.00    0.00    0.00     6  postgres
08:42:44 PM 100998    636639    0.00    0.00    0.00    0.00    0.00     6  postgres
08:42:44 PM 100998    636640    0.00    0.00    0.00    0.00    0.00     4  postgres
08:42:44 PM 100998    636642    0.00    0.00    0.00    0.00    0.00     4  postgres
08:42:44 PM 100998    636644    0.00    0.00    0.00    0.00    0.00     4  postgres
08:42:44 PM 100998    636646    0.00    0.00    0.00    0.00    0.00     4  postgres
08:42:44 PM 100998    636648    0.00    0.00    0.00    0.00    0.00     4  postgres
08:42:44 PM 100998    636653    0.00    0.00    0.00    0.00    0.00     4  postgres

08:42:44 PM   UID       PID    %usr %system  %guest   %wait    %CPU   CPU  Command
08:42:45 PM 100998    636535    0.00    0.00    0.00    0.00    0.00     6  postgres
08:42:45 PM 100998    636536    0.00    0.00    0.00    0.00    0.00     4  postgres
08:42:45 PM 100998    636538    0.00    0.00    0.00    0.00    0.00     6  postgres
08:42:45 PM 100998    636539    0.00    0.00    0.00    0.00    0.00     5  postgres
08:42:45 PM 100998    636605    0.00    0.00    0.00    0.00    0.00     4  postgres
08:42:45 PM 100998    636613    0.00    0.00    0.00    0.00    0.00     4  postgres
08:42:45 PM 100998    636615    0.00    0.00    0.00    0.00    0.00     4  postgres
08:42:45 PM 100998    636616    0.00    0.00    0.00    0.00    0.00     6  postgres
08:42:45 PM 100998    636617    0.00    0.00    0.00    0.00    0.00     6  postgres
08:42:45 PM 100998    636630    0.00    0.00    0.00    0.00    0.00     6  postgres
08:42:45 PM 100998    636631    0.00    0.00    0.00    0.00    0.00     6  postgres
08:42:45 PM 100998    636632    0.00    0.00    0.00    0.00    0.00     6  postgres
08:42:45 PM 100998    636633    0.00    0.00    0.00    0.00    0.00     6  postgres
08:42:45 PM 100998    636634    0.00    0.00    0.00    0.00    0.00     6  postgres
08:42:45 PM 100998    636635    0.00    0.00    0.00    0.00    0.00     6  postgres
08:42:45 PM 100998    636636    0.00    0.00    0.00    0.00    0.00     5  postgres
08:42:45 PM 100998    636638    0.00    0.00    0.00    0.00    0.00     6  postgres
08:42:45 PM 100998    636639    0.00    0.00    0.00    0.00    0.00     6  postgres
08:42:45 PM 100998    636640    0.00    0.00    0.00    0.00    0.00     4  postgres
08:42:45 PM 100998    636642    0.00    0.00    0.00    0.00    0.00     4  postgres
08:42:45 PM 100998    636644    0.00    0.00    0.00    0.00    0.00     4  postgres
08:42:45 PM 100998    636646    0.00    0.00    0.00    0.00    0.00     4  postgres
08:42:45 PM 100998    636648    0.00    0.00    0.00    0.00    0.00     4  postgres
08:42:45 PM 100998    636653    0.00    0.00    0.00    0.00    0.00     4  postgres

08:42:45 PM   UID       PID    %usr %system  %guest   %wait    %CPU   CPU  Command
08:42:46 PM 100998    636535    0.00    0.00    0.00    0.00    0.00     6  postgres
08:42:46 PM 100998    636536    0.00    0.00    0.00    0.00    0.00     4  postgres
08:42:46 PM 100998    636538    0.00    0.00    0.00    0.00    0.00     6  postgres
08:42:46 PM 100998    636539    0.00    0.00    0.00    0.00    0.00     5  postgres
08:42:46 PM 100998    636605    0.00    0.00    0.00    0.00    0.00     4  postgres
08:42:46 PM 100998    636613    0.00    0.00    0.00    0.00    0.00     4  postgres
08:42:46 PM 100998    636615    0.00    0.00    0.00    0.00    0.00     4  postgres
08:42:46 PM 100998    636616    0.00    0.00    0.00    0.00    0.00     6  postgres
08:42:46 PM 100998    636617    0.00    0.00    0.00    0.00    0.00     6  postgres
08:42:46 PM 100998    636630    0.00    0.00    0.00    0.00    0.00     6  postgres
08:42:46 PM 100998    636631    0.00    0.00    0.00    0.00    0.00     6  postgres
08:42:46 PM 100998    636632    0.00    0.00    0.00    0.00    0.00     6  postgres
08:42:46 PM 100998    636633    0.00    0.00    0.00    0.00    0.00     6  postgres
08:42:46 PM 100998    636634    0.00    0.00    0.00    0.00    0.00     6  postgres
08:42:46 PM 100998    636635    0.00    0.00    0.00    0.00    0.00     6  postgres
08:42:46 PM 100998    636636    0.00    0.00    0.00    0.00    0.00     5  postgres
08:42:46 PM 100998    636638    0.00    0.00    0.00    0.00    0.00     6  postgres
08:42:46 PM 100998    636639    0.00    0.00    0.00    0.00    0.00     6  postgres
08:42:46 PM 100998    636640    0.00    0.00    0.00    0.00    0.00     4  postgres
08:42:46 PM 100998    636642    0.00    0.00    0.00    0.00    0.00     4  postgres
08:42:46 PM 100998    636644    0.00    0.00    0.00    0.00    0.00     4  postgres
08:42:46 PM 100998    636646    0.00    0.00    0.00    0.00    0.00     4  postgres
08:42:46 PM 100998    636648    0.00    0.00    0.00    0.00    0.00     4  postgres
08:42:46 PM 100998    636653    0.00    0.00    0.00    0.00    0.00     4  postgres

08:42:46 PM   UID       PID    %usr %system  %guest   %wait    %CPU   CPU  Command
08:42:47 PM 100998    636535    0.00    0.00    0.00    0.00    0.00     6  postgres
08:42:47 PM 100998    636536    0.00    0.00    0.00    0.00    0.00     4  postgres
08:42:47 PM 100998    636538    0.00    0.00    0.00    0.00    0.00     6  postgres
08:42:47 PM 100998    636539    0.00    0.00    0.00    0.00    0.00     5  postgres
08:42:47 PM 100998    636605    1.00    0.00    0.00    0.00    1.00     6  postgres
08:42:47 PM 100998    636613    0.00    1.00    0.00    0.00    1.00     6  postgres
08:42:47 PM 100998    636615    0.00    0.00    0.00    0.00    0.00     6  postgres
08:42:47 PM 100998    636616    0.00    0.00    0.00    0.00    0.00     4  postgres
08:42:47 PM 100998    636617    1.00    0.00    0.00    0.00    1.00     6  postgres
08:42:47 PM 100998    636630    1.00    0.00    0.00    0.00    1.00     4  postgres
08:42:47 PM 100998    636631    0.00    0.00    0.00    0.00    0.00     6  postgres
08:42:47 PM 100998    636632    0.00    0.00    0.00    0.00    0.00     6  postgres
08:42:47 PM 100998    636633    0.00    0.00    0.00    0.00    0.00     4  postgres
08:42:47 PM 100998    636634    0.00    0.00    0.00    0.00    0.00     6  postgres
08:42:47 PM 100998    636635    0.00    1.00    0.00    0.00    1.00     6  postgres
08:42:47 PM 100998    636636    0.00    0.00    0.00    0.00    0.00     5  postgres
08:42:47 PM 100998    636638    0.00    1.00    0.00    0.00    1.00     4  postgres
08:42:47 PM 100998    636639    1.00    0.00    0.00    0.00    1.00     4  postgres
08:42:47 PM 100998    636640    0.00    0.00    0.00    0.00    0.00     6  postgres
08:42:47 PM 100998    636642    0.00    0.00    0.00    0.00    0.00     4  postgres
08:42:47 PM 100998    636644    1.00    0.00    0.00    0.00    1.00     6  postgres
08:42:47 PM 100998    636646    0.00    0.00    0.00    0.00    0.00     4  postgres
08:42:47 PM 100998    636648    0.00    0.00    0.00    0.00    0.00     6  postgres
08:42:47 PM 100998    636653    0.00    0.00    0.00    0.00    0.00     6  postgres

08:42:47 PM   UID       PID    %usr %system  %guest   %wait    %CPU   CPU  Command
08:42:48 PM 100998    636535    0.00    0.00    0.00    0.00    0.00     6  postgres
08:42:48 PM 100998    636536    0.00    0.00    0.00    0.00    0.00     4  postgres
08:42:48 PM 100998    636538    0.00    0.00    0.00    0.00    0.00     6  postgres
08:42:48 PM 100998    636539    0.00    0.00    0.00    0.00    0.00     5  postgres
08:42:48 PM 100998    636605    0.00    1.00    0.00    0.00    1.00     4  postgres
08:42:48 PM 100998    636613    0.00    1.00    0.00    0.00    1.00     4  postgres
08:42:48 PM 100998    636615    1.00    0.00    0.00    0.00    1.00     4  postgres
08:42:48 PM 100998    636616    1.00    1.00    0.00    0.00    2.00     6  postgres
08:42:48 PM 100998    636617    0.00    1.00    0.00    0.00    1.00     4  postgres
08:42:48 PM 100998    636630    1.00    1.00    0.00    0.00    2.00     6  postgres
08:42:48 PM 100998    636631    0.00    0.00    0.00    0.00    0.00     4  postgres
08:42:48 PM 100998    636632    0.00    0.00    0.00    0.00    0.00     6  postgres
08:42:48 PM 100998    636633    1.00    1.00    0.00    0.00    2.00     4  postgres
08:42:48 PM 100998    636634    1.00    1.00    0.00    0.00    2.00     4  postgres
08:42:48 PM 100998    636635    1.00    1.00    0.00    0.00    2.00     4  postgres
08:42:48 PM 100998    636636    1.00    1.00    0.00    0.00    2.00     5  postgres
08:42:48 PM 100998    636638    1.00    1.00    0.00    0.00    2.00     6  postgres
08:42:48 PM 100998    636639    0.00    1.00    0.00    1.00    1.00     6  postgres
08:42:48 PM 100998    636640    1.00    1.00    0.00    0.00    2.00     6  postgres
08:42:48 PM 100998    636642    1.00    0.00    0.00    0.00    1.00     6  postgres
08:42:48 PM 100998    636644    0.00    1.00    0.00    0.00    1.00     4  postgres
08:42:48 PM 100998    636646    1.00    1.00    0.00    0.00    2.00     4  postgres
08:42:48 PM 100998    636648    1.00    1.00    0.00    0.00    2.00     6  postgres
08:42:48 PM 100998    636653    0.00    1.00    0.00    0.00    1.00     4  postgres

08:42:48 PM   UID       PID    %usr %system  %guest   %wait    %CPU   CPU  Command
08:42:49 PM 100998    636535    0.00    0.00    0.00    0.00    0.00     6  postgres
08:42:49 PM 100998    636536    0.00    0.00    0.00    0.00    0.00     4  postgres
08:42:49 PM 100998    636538    0.00    0.00    0.00    0.00    0.00     6  postgres
08:42:49 PM 100998    636539    0.00    0.00    0.00    0.00    0.00     5  postgres
08:42:49 PM 100998    636605    1.00    1.00    0.00    0.00    2.00     6  postgres
08:42:49 PM 100998    636613    1.00    0.00    0.00    0.00    1.00     6  postgres
08:42:49 PM 100998    636615    1.00    1.00    0.00    0.00    2.00     4  postgres
08:42:49 PM 100998    636616    1.00    1.00    0.00    0.00    2.00     6  postgres
08:42:49 PM 100998    636617    0.00    1.00    0.00    0.00    1.00     4  postgres
08:42:49 PM 100998    636630    1.00    1.00    0.00    0.00    2.00     6  postgres
08:42:49 PM 100998    636631    2.00    1.00    0.00    0.00    3.00     6  postgres
08:42:49 PM 100998    636632    1.00    2.00    0.00    0.00    3.00     5  postgres
08:42:49 PM 100998    636633    1.00    1.00    0.00    0.00    2.00     6  postgres
08:42:49 PM 100998    636634    1.00    1.00    0.00    0.00    2.00     4  postgres
08:42:49 PM 100998    636635    0.00    0.00    0.00    0.00    0.00     6  postgres
08:42:49 PM 100998    636636    2.00    2.00    0.00    0.00    4.00     5  postgres
08:42:49 PM 100998    636638    1.00    0.00    0.00    0.00    1.00     4  postgres
08:42:49 PM 100998    636639    1.00    1.00    0.00    0.00    2.00     4  postgres
08:42:49 PM 100998    636640    0.00    0.00    0.00    0.00    0.00     6  postgres
08:42:49 PM 100998    636642    2.00    1.00    0.00    0.00    3.00     6  postgres
08:42:49 PM 100998    636644    1.00    1.00    0.00    0.00    2.00     6  postgres
08:42:49 PM 100998    636646    0.00    2.00    0.00    0.00    2.00     4  postgres
08:42:49 PM 100998    636648    1.00    0.00    0.00    0.00    1.00     6  postgres
08:42:49 PM 100998    636653    1.00    1.00    0.00    0.00    2.00     6  postgres

08:42:49 PM   UID       PID    %usr %system  %guest   %wait    %CPU   CPU  Command
08:42:50 PM 100998    636535    0.00    0.00    0.00    0.00    0.00     6  postgres
08:42:50 PM 100998    636536    0.00    0.00    0.00    0.00    0.00     4  postgres
08:42:50 PM 100998    636538    0.00    0.00    0.00    0.00    0.00     6  postgres
08:42:50 PM 100998    636539    0.00    0.00    0.00    0.00    0.00     5  postgres
08:42:50 PM 100998    636605    1.00    1.00    0.00    0.00    2.00     4  postgres
08:42:50 PM 100998    636613    1.00    1.00    0.00    0.00    2.00     4  postgres
08:42:50 PM 100998    636615    0.00    1.00    0.00    0.00    1.00     6  postgres
08:42:50 PM 100998    636616    1.00    0.00    0.00    0.00    1.00     4  postgres
08:42:50 PM 100998    636617    1.00    0.00    0.00    0.00    1.00     6  postgres
08:42:50 PM 100998    636630    1.00    1.00    0.00    0.00    2.00     5  postgres
08:42:50 PM 100998    636631    1.00    1.00    0.00    0.00    2.00     6  postgres
08:42:50 PM 100998    636632    1.00    0.00    0.00    0.00    1.00     5  postgres
08:42:50 PM 100998    636633    0.00    1.00    0.00    0.00    1.00     4  postgres
08:42:50 PM 100998    636634    1.00    0.00    0.00    0.00    1.00     4  postgres
08:42:50 PM 100998    636635    1.00    1.00    0.00    0.00    2.00     4  postgres
08:42:50 PM 100998    636636    1.00    1.00    0.00    0.00    2.00     5  postgres
08:42:50 PM 100998    636638    0.00    1.00    0.00    0.00    1.00     6  postgres
08:42:50 PM 100998    636639    1.00    1.00    0.00    0.00    2.00     4  postgres
08:42:50 PM 100998    636640    1.00    1.00    0.00    0.00    2.00     4  postgres
08:42:50 PM 100998    636642    0.00    1.00    0.00    0.00    1.00     4  postgres
08:42:50 PM 100998    636644    1.00    0.00    0.00    0.00    1.00     6  postgres
08:42:50 PM 100998    636646    1.00    1.00    0.00    0.00    2.00     6  postgres
08:42:50 PM 100998    636648    1.00    1.00    0.00    0.00    2.00     4  postgres
08:42:50 PM 100998    636653    1.00    0.00    0.00    0.00    1.00     4  postgres

08:42:50 PM   UID       PID    %usr %system  %guest   %wait    %CPU   CPU  Command
08:42:51 PM 100998    636535    0.00    0.00    0.00    0.00    0.00     6  postgres
08:42:51 PM 100998    636536    0.00    0.00    0.00    0.00    0.00     4  postgres
08:42:51 PM 100998    636538    0.00    0.00    0.00    0.00    0.00     6  postgres
08:42:51 PM 100998    636539    0.00    0.00    0.00    0.00    0.00     5  postgres
08:42:51 PM 100998    636605    1.00    1.00    0.00    0.00    2.00     4  postgres
08:42:51 PM 100998    636613    0.00    0.00    0.00    0.00    0.00     6  postgres
08:42:51 PM 100998    636615    1.00    1.00    0.00    0.00    2.00     4  postgres
08:42:51 PM 100998    636616    1.00    1.00    0.00    0.00    2.00     6  postgres
08:42:51 PM 100998    636617    1.00    1.00    0.00    0.00    2.00     6  postgres
08:42:51 PM 100998    636630    0.00    1.00    0.00    0.00    1.00     5  postgres
08:42:51 PM 100998    636631    0.00    1.00    0.00    0.00    1.00     6  postgres
08:42:51 PM 100998    636632    1.00    1.00    0.00    0.00    2.00     5  postgres
08:42:51 PM 100998    636633    1.00    2.00    0.00    0.00    3.00     6  postgres
08:42:51 PM 100998    636634    1.00    2.00    0.00    1.00    3.00     4  postgres
08:42:51 PM 100998    636635    0.00    0.00    0.00    0.00    0.00     6  postgres
08:42:51 PM 100998    636636    1.00    1.00    0.00    0.00    2.00     4  postgres
08:42:51 PM 100998    636638    1.00    1.00    0.00    0.00    2.00     4  postgres
08:42:51 PM 100998    636639    1.00    0.00    0.00    0.00    1.00     6  postgres
08:42:51 PM 100998    636640    0.00    1.00    0.00    0.00    1.00     4  postgres
08:42:51 PM 100998    636642    1.00    1.00    0.00    0.00    2.00     4  postgres
08:42:51 PM 100998    636644    0.00    1.00    0.00    0.00    1.00     4  postgres
08:42:51 PM 100998    636646    0.00    1.00    0.00    0.00    1.00     6  postgres
08:42:51 PM 100998    636648    0.00    1.00    0.00    0.00    1.00     6  postgres
08:42:51 PM 100998    636653    1.00    1.00    0.00    0.00    2.00     6  postgres

08:42:51 PM   UID       PID    %usr %system  %guest   %wait    %CPU   CPU  Command
08:42:52 PM 100998    636535    0.00    0.00    0.00    0.00    0.00     6  postgres
08:42:52 PM 100998    636536    0.00    0.00    0.00    0.00    0.00     4  postgres
08:42:52 PM 100998    636538    0.00    0.00    0.00    0.00    0.00     6  postgres
08:42:52 PM 100998    636539    0.00    0.00    0.00    0.00    0.00     5  postgres
08:42:52 PM 100998    636605    1.00    1.00    0.00    0.00    2.00     6  postgres
08:42:52 PM 100998    636613    1.00    1.00    0.00    0.00    2.00     4  postgres
08:42:52 PM 100998    636615    1.00    1.00    0.00    0.00    2.00     6  postgres
08:42:52 PM 100998    636616    1.00    1.00    0.00    0.00    2.00     4  postgres
08:42:52 PM 100998    636617    1.00    1.00    0.00    0.00    2.00     4  postgres
08:42:52 PM 100998    636630    1.00    1.00    0.00    0.00    2.00     6  postgres
08:42:52 PM 100998    636631    1.00    1.00    0.00    0.00    2.00     6  postgres
08:42:52 PM 100998    636632    1.00    2.00    0.00    0.00    3.00     5  postgres
08:42:52 PM 100998    636633    1.00    1.00    0.00    0.00    2.00     6  postgres
08:42:52 PM 100998    636634    1.00    1.00    0.00    0.00    2.00     4  postgres
08:42:52 PM 100998    636635    1.00    1.00    0.00    0.00    2.00     6  postgres
08:42:52 PM 100998    636636    0.00    0.00    0.00    0.00    0.00     6  postgres
08:42:52 PM 100998    636638    1.00    1.00    0.00    0.00    2.00     6  postgres
08:42:52 PM 100998    636639    1.00    1.00    0.00    0.00    2.00     4  postgres
08:42:52 PM 100998    636640    1.00    1.00    0.00    0.00    2.00     4  postgres
08:42:52 PM 100998    636642    1.00    0.00    0.00    0.00    1.00     4  postgres
08:42:52 PM 100998    636644    1.00    0.00    0.00    0.00    1.00     4  postgres
08:42:52 PM 100998    636646    2.00    0.00    0.00    0.00    2.00     5  postgres
08:42:52 PM 100998    636648    2.00    1.00    0.00    0.00    3.00     4  postgres
08:42:52 PM 100998    636653    1.00    1.00    0.00    0.00    2.00     4  postgres

08:42:52 PM   UID       PID    %usr %system  %guest   %wait    %CPU   CPU  Command
08:42:53 PM 100998    636535    0.00    0.00    0.00    0.00    0.00     6  postgres
08:42:53 PM 100998    636536    0.00    0.00    0.00    0.00    0.00     4  postgres
08:42:53 PM 100998    636538    0.00    0.00    0.00    0.00    0.00     6  postgres
08:42:53 PM 100998    636539    0.00    0.00    0.00    0.00    0.00     5  postgres
08:42:53 PM 100998    636605    0.00    0.00    0.00    0.00    0.00     6  postgres
08:42:53 PM 100998    636613    1.00    1.00    0.00    0.00    2.00     4  postgres
08:42:53 PM 100998    636615    1.00    1.00    0.00    0.00    2.00     6  postgres
08:42:53 PM 100998    636616    1.00    1.00    0.00    0.00    2.00     6  postgres
08:42:53 PM 100998    636617    1.00    1.00    0.00    0.00    2.00     4  postgres
08:42:53 PM 100998    636630    1.00    0.00    0.00    0.00    1.00     4  postgres
08:42:53 PM 100998    636631    1.00    1.00    0.00    0.00    2.00     4  postgres
08:42:53 PM 100998    636632    1.00    1.00    0.00    0.00    2.00     5  postgres
08:42:53 PM 100998    636633    1.00    0.00    0.00    0.00    1.00     4  postgres
08:42:53 PM 100998    636634    1.00    0.00    0.00    0.00    1.00     6  postgres
08:42:53 PM 100998    636635    1.00    1.00    0.00    0.00    2.00     6  postgres
08:42:53 PM 100998    636636    1.00    1.00    0.00    0.00    2.00     6  postgres
08:42:53 PM 100998    636638    1.00    0.00    0.00    0.00    1.00     4  postgres
08:42:53 PM 100998    636639    0.00    1.00    0.00    0.00    1.00     4  postgres
08:42:53 PM 100998    636640    1.00    0.00    0.00    0.00    1.00     4  postgres
08:42:53 PM 100998    636642    0.00    1.00    0.00    0.00    1.00     4  postgres
08:42:53 PM 100998    636644    1.00    1.00    0.00    0.00    2.00     4  postgres
08:42:53 PM 100998    636646    1.00    1.00    0.00    0.00    2.00     5  postgres
08:42:53 PM 100998    636648    1.00    0.00    0.00    0.00    1.00     4  postgres
08:42:53 PM 100998    636653    1.00    0.00    0.00    0.00    1.00     4  postgres

08:42:53 PM   UID       PID    %usr %system  %guest   %wait    %CPU   CPU  Command
08:42:54 PM 100998    636535    0.00    0.00    0.00    0.00    0.00     6  postgres
08:42:54 PM 100998    636536    0.00    0.00    0.00    0.00    0.00     6  postgres
08:42:54 PM 100998    636538    0.00    0.00    0.00    0.00    0.00     6  postgres
08:42:54 PM 100998    636539    0.00    0.00    0.00    0.00    0.00     5  postgres
08:42:54 PM 100998    636605    2.00    2.00    0.00    0.00    4.00     6  postgres
08:42:54 PM 100998    636613    1.00    1.00    0.00    0.00    2.00     4  postgres
08:42:54 PM 100998    636615    1.00    1.00    0.00    0.00    2.00     6  postgres
08:42:54 PM 100998    636616    0.00    1.00    0.00    1.00    1.00     4  postgres
08:42:54 PM 100998    636617    1.00    0.00    0.00    0.00    1.00     4  postgres
08:42:54 PM 100998    636630    1.00    1.00    0.00    0.00    2.00     6  postgres
08:42:54 PM 100998    636631    0.00    1.00    0.00    0.00    1.00     4  postgres
08:42:54 PM 100998    636632    1.00    1.00    0.00    0.00    2.00     5  postgres
08:42:54 PM 100998    636633    1.00    1.00    0.00    0.00    2.00     4  postgres
08:42:54 PM 100998    636634    1.00    1.00    0.00    0.00    2.00     4  postgres
08:42:54 PM 100998    636635    1.00    0.00    0.00    0.00    1.00     6  postgres
08:42:54 PM 100998    636636    1.00    0.00    0.00    0.00    1.00     6  postgres
08:42:54 PM 100998    636638    1.00    1.00    0.00    0.00    2.00     6  postgres
08:42:54 PM 100998    636639    1.00    1.00    0.00    0.00    2.00     6  postgres
08:42:54 PM 100998    636640    1.00    1.00    0.00    0.00    2.00     4  postgres
08:42:54 PM 100998    636642    1.00    1.00    0.00    0.00    2.00     6  postgres
08:42:54 PM 100998    636644    0.00    1.00    0.00    0.00    1.00     4  postgres
08:42:54 PM 100998    636646    1.00    2.00    0.00    0.00    3.00     5  postgres
08:42:54 PM 100998    636648    0.00    1.00    0.00    0.00    1.00     6  postgres
08:42:54 PM 100998    636653    0.00    1.00    0.00    1.00    1.00     6  postgres

08:42:54 PM   UID       PID    %usr %system  %guest   %wait    %CPU   CPU  Command
08:42:55 PM 100998    636535    0.00    0.00    0.00    0.00    0.00     6  postgres
08:42:55 PM 100998    636536    0.00    0.00    0.00    0.00    0.00     6  postgres
08:42:55 PM 100998    636538    0.00    0.00    0.00    0.00    0.00     6  postgres
08:42:55 PM 100998    636539    0.00    0.00    0.00    0.00    0.00     5  postgres
08:42:55 PM 100998    636605    0.00    1.00    0.00    0.00    1.00     4  postgres
08:42:55 PM 100998    636613    0.00    0.00    0.00    0.00    0.00     4  postgres
08:42:55 PM 100998    636615    1.00    1.00    0.00    0.00    2.00     4  postgres
08:42:55 PM 100998    636616    1.00    0.00    0.00    0.00    1.00     4  postgres
08:42:55 PM 100998    636617    0.00    1.00    0.00    0.00    1.00     4  postgres
08:42:55 PM 100998    636630    1.00    1.00    0.00    0.00    2.00     6  postgres
08:42:55 PM 100998    636631    1.00    1.00    0.00    0.00    2.00     4  postgres
08:42:55 PM 100998    636632    1.00    1.00    0.00    0.00    2.00     5  postgres
08:42:55 PM 100998    636633    1.00    1.00    0.00    0.00    2.00     6  postgres
08:42:55 PM 100998    636634    1.00    1.00    0.00    0.00    2.00     4  postgres
08:42:55 PM 100998    636635    0.00    1.00    0.00    0.00    1.00     6  postgres
08:42:55 PM 100998    636636    1.00    1.00    0.00    0.00    2.00     6  postgres
08:42:55 PM 100998    636638    0.00    1.00    0.00    0.00    1.00     4  postgres
08:42:55 PM 100998    636639    1.00    1.00    0.00    0.00    2.00     6  postgres
08:42:55 PM 100998    636640    1.00    1.00    0.00    0.00    2.00     5  postgres
08:42:55 PM 100998    636642    1.00    1.00    0.00    0.00    2.00     6  postgres
08:42:55 PM 100998    636644    1.00    0.00    0.00    1.00    1.00     4  postgres
08:42:55 PM 100998    636646    1.00    1.00    0.00    0.00    2.00     4  postgres
08:42:55 PM 100998    636648    1.00    0.00    0.00    0.00    1.00     6  postgres
08:42:55 PM 100998    636653    0.00    1.00    0.00    0.00    1.00     6  postgres

08:42:55 PM   UID       PID    %usr %system  %guest   %wait    %CPU   CPU  Command
08:42:56 PM 100998    636535    0.00    0.00    0.00    0.00    0.00     6  postgres
08:42:56 PM 100998    636536    0.00    0.00    0.00    0.00    0.00     6  postgres
08:42:56 PM 100998    636538    0.00    0.00    0.00    0.00    0.00     6  postgres
08:42:56 PM 100998    636539    0.00    0.00    0.00    0.00    0.00     5  postgres
08:42:56 PM 100998    636605    0.00    1.00    0.00    0.00    1.00     6  postgres
08:42:56 PM 100998    636613    2.00    1.00    0.00    0.00    3.00     4  postgres
08:42:56 PM 100998    636615    1.00    0.00    0.00    0.00    1.00     4  postgres
08:42:56 PM 100998    636616    1.00    1.00    0.00    0.00    2.00     6  postgres
08:42:56 PM 100998    636617    1.00    1.00    0.00    0.00    2.00     4  postgres
08:42:56 PM 100998    636630    1.00    1.00    0.00    0.00    2.00     6  postgres
08:42:56 PM 100998    636631    0.00    1.00    0.00    0.00    1.00     6  postgres
08:42:56 PM 100998    636632    2.00    2.00    0.00    0.00    4.00     4  postgres
08:42:56 PM 100998    636633    0.00    0.00    0.00    0.00    0.00     4  postgres
08:42:56 PM 100998    636634    0.00    0.00    0.00    0.00    0.00     4  postgres
08:42:56 PM 100998    636635    1.00    1.00    0.00    0.00    2.00     4  postgres
08:42:56 PM 100998    636636    1.00    1.00    0.00    0.00    2.00     4  postgres
08:42:56 PM 100998    636638    1.00    1.00    0.00    0.00    2.00     4  postgres
08:42:56 PM 100998    636639    0.00    1.00    0.00    0.00    1.00     6  postgres
08:42:56 PM 100998    636640    1.00    1.00    0.00    0.00    2.00     5  postgres
08:42:56 PM 100998    636642    1.00    0.00    0.00    0.00    1.00     6  postgres
08:42:56 PM 100998    636644    1.00    1.00    0.00    0.00    2.00     6  postgres
08:42:56 PM 100998    636646    1.00    1.00    0.00    0.00    2.00     4  postgres
08:42:56 PM 100998    636648    0.00    1.00    0.00    0.00    1.00     4  postgres
08:42:56 PM 100998    636653    1.00    0.00    0.00    0.00    1.00     4  postgres

08:42:56 PM   UID       PID    %usr %system  %guest   %wait    %CPU   CPU  Command
08:42:57 PM 100998    636535    0.00    0.00    0.00    0.00    0.00     6  postgres
08:42:57 PM 100998    636536    0.00    0.00    0.00    0.00    0.00     6  postgres
08:42:57 PM 100998    636538    0.00    0.00    0.00    0.00    0.00     6  postgres
08:42:57 PM 100998    636539    0.00    0.00    0.00    0.00    0.00     5  postgres
08:42:57 PM 100998    636605    1.00    1.00    0.00    0.00    2.00     4  postgres
08:42:57 PM 100998    636613    1.00    2.00    0.00    0.00    3.00     6  postgres
08:42:57 PM 100998    636615    1.00    1.00    0.00    0.00    2.00     6  postgres
08:42:57 PM 100998    636616    1.00    1.00    0.00    0.00    2.00     6  postgres
08:42:57 PM 100998    636617    1.00    0.00    0.00    0.00    1.00     6  postgres
08:42:57 PM 100998    636630    1.00    1.00    0.00    1.00    2.00     6  postgres
08:42:57 PM 100998    636631    1.00    1.00    0.00    0.00    2.00     4  postgres
08:42:57 PM 100998    636632    1.00    1.00    0.00    0.00    2.00     6  postgres
08:42:57 PM 100998    636633    1.00    1.00    0.00    0.00    2.00     4  postgres
08:42:57 PM 100998    636634    1.00    1.00    0.00    0.00    2.00     4  postgres
08:42:57 PM 100998    636635    1.00    1.00    0.00    0.00    2.00     4  postgres
08:42:57 PM 100998    636636    1.00    1.00    0.00    0.00    2.00     5  postgres
08:42:57 PM 100998    636638    1.00    0.00    0.00    0.00    1.00     6  postgres
08:42:57 PM 100998    636639    1.00    1.00    0.00    0.00    2.00     6  postgres
08:42:57 PM 100998    636640    0.00    1.00    0.00    0.00    1.00     5  postgres
08:42:57 PM 100998    636642    0.00    1.00    0.00    0.00    1.00     4  postgres
08:42:57 PM 100998    636644    0.00    1.00    0.00    0.00    1.00     4  postgres
08:42:57 PM 100998    636646    0.00    1.00    0.00    0.00    1.00     4  postgres
08:42:57 PM 100998    636648    1.00    0.00    0.00    0.00    1.00     4  postgres
08:42:57 PM 100998    636653    0.00    1.00    0.00    0.00    1.00     4  postgres

08:42:57 PM   UID       PID    %usr %system  %guest   %wait    %CPU   CPU  Command
08:42:58 PM 100998    636535    0.00    0.00    0.00    0.00    0.00     6  postgres
08:42:58 PM 100998    636536    0.00    0.00    0.00    0.00    0.00     6  postgres
08:42:58 PM 100998    636538    0.00    0.00    0.00    0.00    0.00     6  postgres
08:42:58 PM 100998    636539    0.00    0.00    0.00    0.00    0.00     5  postgres
08:42:58 PM 100998    636605    1.00    0.00    0.00    0.00    1.00     4  postgres
08:42:58 PM 100998    636613    0.00    1.00    0.00    0.00    1.00     4  postgres
08:42:58 PM 100998    636615    2.00    1.00    0.00    0.00    3.00     5  postgres
08:42:58 PM 100998    636616    1.00    1.00    0.00    0.00    2.00     6  postgres
08:42:58 PM 100998    636617    2.00    1.00    0.00    0.00    3.00     4  postgres
08:42:58 PM 100998    636630    1.00    0.00    0.00    0.00    1.00     6  postgres
08:42:58 PM 100998    636631    1.00    1.00    0.00    0.00    2.00     4  postgres
08:42:58 PM 100998    636632    1.00    0.00    0.00    0.00    1.00     4  postgres
08:42:58 PM 100998    636633    1.00    1.00    0.00    0.00    2.00     4  postgres
08:42:58 PM 100998    636634    1.00    1.00    0.00    0.00    2.00     6  postgres
08:42:58 PM 100998    636635    0.00    0.00    0.00    0.00    0.00     4  postgres
08:42:58 PM 100998    636636    1.00    1.00    0.00    0.00    2.00     5  postgres
08:42:58 PM 100998    636638    1.00    1.00    0.00    0.00    2.00     4  postgres
08:42:58 PM 100998    636639    0.00    0.00    0.00    0.00    0.00     6  postgres
08:42:58 PM 100998    636640    1.00    1.00    0.00    0.00    2.00     5  postgres
08:42:58 PM 100998    636642    1.00    1.00    0.00    0.00    2.00     6  postgres
08:42:58 PM 100998    636644    1.00    0.00    0.00    0.00    1.00     6  postgres
08:42:58 PM 100998    636646    1.00    1.00    0.00    0.00    2.00     4  postgres
08:42:58 PM 100998    636648    1.00    1.00    0.00    0.00    2.00     6  postgres
08:42:58 PM 100998    636653    1.00    1.00    0.00    0.00    2.00     4  postgres

08:42:58 PM   UID       PID    %usr %system  %guest   %wait    %CPU   CPU  Command
08:42:59 PM 100998    636535    0.00    0.00    0.00    0.00    0.00     6  postgres
08:42:59 PM 100998    636536    0.00    0.00    0.00    0.00    0.00     6  postgres
08:42:59 PM 100998    636538    0.00    0.00    0.00    0.00    0.00     6  postgres
08:42:59 PM 100998    636539    0.00    0.00    0.00    0.00    0.00     5  postgres
08:42:59 PM 100998    636605    1.00    1.00    0.00    0.00    2.00     6  postgres
08:42:59 PM 100998    636613    2.00    0.00    0.00    0.00    2.00     4  postgres
08:42:59 PM 100998    636615    1.00    1.00    0.00    0.00    2.00     5  postgres
08:42:59 PM 100998    636616    0.00    0.00    0.00    0.00    0.00     6  postgres
08:42:59 PM 100998    636617    0.00    1.00    0.00    0.00    1.00     4  postgres
08:42:59 PM 100998    636630    0.00    1.00    0.00    0.00    1.00     6  postgres
08:42:59 PM 100998    636631    0.00    0.00    0.00    0.00    0.00     4  postgres
08:42:59 PM 100998    636632    1.00    1.00    0.00    0.00    2.00     4  postgres
08:42:59 PM 100998    636633    1.00    1.00    0.00    0.00    2.00     4  postgres
08:42:59 PM 100998    636634    1.00    0.00    0.00    0.00    1.00     6  postgres
08:42:59 PM 100998    636635    2.00    1.00    0.00    0.00    3.00     6  postgres
08:42:59 PM 100998    636636    1.00    1.00    0.00    0.00    2.00     6  postgres
08:42:59 PM 100998    636638    1.00    0.00    0.00    0.00    1.00     4  postgres
08:42:59 PM 100998    636639    1.00    1.00    0.00    0.00    2.00     4  postgres
08:42:59 PM 100998    636640    1.00    1.00    0.00    0.00    2.00     5  postgres
08:42:59 PM 100998    636642    1.00    1.00    0.00    0.00    2.00     4  postgres
08:42:59 PM 100998    636644    1.00    1.00    0.00    0.00    2.00     6  postgres
08:42:59 PM 100998    636646    1.00    1.00    0.00    0.00    2.00     6  postgres
08:42:59 PM 100998    636648    1.00    0.00    0.00    0.00    1.00     6  postgres
08:42:59 PM 100998    636653    1.00    1.00    0.00    0.00    2.00     4  postgres

08:42:59 PM   UID       PID    %usr %system  %guest   %wait    %CPU   CPU  Command
08:43:00 PM 100998    636535    0.00    0.00    0.00    0.00    0.00     6  postgres
08:43:00 PM 100998    636536    0.00    0.00    0.00    0.00    0.00     6  postgres
08:43:00 PM 100998    636538    0.00    0.00    0.00    0.00    0.00     6  postgres
08:43:00 PM 100998    636539    0.00    0.00    0.00    0.00    0.00     5  postgres
08:43:00 PM 100998    636605    1.00    1.00    0.00    0.00    2.00     6  postgres
08:43:00 PM 100998    636613    0.00    1.00    0.00    0.00    1.00     4  postgres
08:43:00 PM 100998    636615    1.00    1.00    0.00    1.00    2.00     5  postgres
08:43:00 PM 100998    636616    1.00    1.00    0.00    0.00    2.00     5  postgres
08:43:00 PM 100998    636617    1.00    0.00    0.00    0.00    1.00     6  postgres
08:43:00 PM 100998    636630    1.00    1.00    0.00    0.00    2.00     4  postgres
08:43:00 PM 100998    636631    1.00    1.00    0.00    0.00    2.00     4  postgres
08:43:00 PM 100998    636632    0.00    1.00    0.00    0.00    1.00     6  postgres
08:43:00 PM 100998    636633    1.00    0.00    0.00    0.00    1.00     4  postgres
08:43:00 PM 100998    636634    0.00    1.00    0.00    0.00    1.00     6  postgres
08:43:00 PM 100998    636635    0.00    1.00    0.00    0.00    1.00     4  postgres
08:43:00 PM 100998    636636    0.00    1.00    0.00    0.00    1.00     4  postgres
08:43:00 PM 100998    636638    0.00    1.00    0.00    1.00    1.00     4  postgres
08:43:00 PM 100998    636639    0.00    0.00    0.00    0.00    0.00     4  postgres
08:43:00 PM 100998    636640    1.00    0.00    0.00    0.00    1.00     5  postgres
08:43:00 PM 100998    636642    0.00    1.00    0.00    0.00    1.00     4  postgres
08:43:00 PM 100998    636644    0.00    1.00    0.00    0.00    1.00     4  postgres
08:43:00 PM 100998    636646    0.00    0.00    0.00    0.00    0.00     6  postgres
08:43:00 PM 100998    636648    1.00    1.00    0.00    0.00    2.00     6  postgres
08:43:00 PM 100998    636653    0.00    0.00    0.00    0.00    0.00     6  postgres

08:43:00 PM   UID       PID    %usr %system  %guest   %wait    %CPU   CPU  Command
08:43:01 PM 100998    636535    0.00    0.00    0.00    0.00    0.00     6  postgres
08:43:01 PM 100998    636536    0.00    0.00    0.00    0.00    0.00     6  postgres
08:43:01 PM 100998    636538    0.00    0.00    0.00    0.00    0.00     6  postgres
08:43:01 PM 100998    636539    0.00    0.00    0.00    0.00    0.00     5  postgres
08:43:01 PM 100998    636605    2.00    1.00    0.00    0.00    3.00     4  postgres
08:43:01 PM 100998    636613    1.00    1.00    0.00    0.00    2.00     6  postgres
08:43:01 PM 100998    636615    1.00    1.00    0.00    0.00    2.00     5  postgres
08:43:01 PM 100998    636616    1.00    0.00    0.00    0.00    1.00     5  postgres
08:43:01 PM 100998    636617    1.00    1.00    0.00    0.00    2.00     4  postgres
08:43:01 PM 100998    636630    1.00    1.00    0.00    0.00    2.00     4  postgres
08:43:01 PM 100998    636631    1.00    0.00    0.00    0.00    1.00     4  postgres
08:43:01 PM 100998    636632    1.00    1.00    0.00    0.00    2.00     5  postgres
08:43:01 PM 100998    636633    0.00    1.00    0.00    0.00    1.00     6  postgres
08:43:01 PM 100998    636634    1.00    1.00    0.00    0.00    2.00     6  postgres
08:43:01 PM 100998    636635    1.00    1.00    0.00    0.00    2.00     4  postgres
08:43:01 PM 100998    636636    2.00    1.00    0.00    0.00    3.00     4  postgres
08:43:01 PM 100998    636638    1.00    0.00    0.00    0.00    1.00     4  postgres
08:43:01 PM 100998    636639    0.00    1.00    0.00    0.00    1.00     6  postgres
08:43:01 PM 100998    636640    1.00    1.00    0.00    0.00    2.00     5  postgres
08:43:01 PM 100998    636642    1.00    0.00    0.00    0.00    1.00     4  postgres
08:43:01 PM 100998    636644    1.00    1.00    0.00    0.00    2.00     4  postgres
08:43:01 PM 100998    636646    1.00    1.00    0.00    1.00    2.00     6  postgres
08:43:01 PM 100998    636648    0.00    1.00    0.00    0.00    1.00     6  postgres
08:43:01 PM 100998    636653    1.00    1.00    0.00    0.00    2.00     4  postgres

08:43:01 PM   UID       PID    %usr %system  %guest   %wait    %CPU   CPU  Command
08:43:02 PM 100998    636535    0.00    0.00    0.00    0.00    0.00     6  postgres
08:43:02 PM 100998    636536    0.00    0.00    0.00    0.00    0.00     6  postgres
08:43:02 PM 100998    636538    0.00    0.00    0.00    0.00    0.00     6  postgres
08:43:02 PM 100998    636539    0.00    0.00    0.00    0.00    0.00     5  postgres
08:43:02 PM 100998    636605    1.00    1.00    0.00    0.00    2.00     6  postgres
08:43:02 PM 100998    636613    2.00    1.00    0.00    0.00    3.00     4  postgres
08:43:02 PM 100998    636615    1.00    1.00    0.00    0.00    2.00     4  postgres
08:43:02 PM 100998    636616    1.00    1.00    0.00    0.00    2.00     5  postgres
08:43:02 PM 100998    636617    1.00    0.00    0.00    0.00    1.00     4  postgres
08:43:02 PM 100998    636630    1.00    0.00    0.00    0.00    1.00     6  postgres
08:43:02 PM 100998    636631    1.00    1.00    0.00    0.00    2.00     4  postgres
08:43:02 PM 100998    636632    1.00    1.00    0.00    1.00    2.00     5  postgres
08:43:02 PM 100998    636633    1.00    1.00    0.00    0.00    2.00     6  postgres
08:43:02 PM 100998    636634    0.00    0.00    0.00    0.00    0.00     4  postgres
08:43:02 PM 100998    636635    1.00    1.00    0.00    0.00    2.00     4  postgres
08:43:02 PM 100998    636636    1.00    1.00    0.00    0.00    2.00     6  postgres
08:43:02 PM 100998    636638    1.00    1.00    0.00    0.00    2.00     4  postgres
08:43:02 PM 100998    636639    1.00    0.00    0.00    0.00    1.00     4  postgres
08:43:02 PM 100998    636640    1.00    1.00    0.00    0.00    2.00     5  postgres
08:43:02 PM 100998    636642    0.00    0.00    0.00    0.00    0.00     6  postgres
08:43:02 PM 100998    636644    0.00    0.00    0.00    0.00    0.00     6  postgres
08:43:02 PM 100998    636646    1.00    1.00    0.00    0.00    2.00     6  postgres
08:43:02 PM 100998    636648    1.00    1.00    0.00    0.00    2.00     6  postgres
08:43:02 PM 100998    636653    0.00    0.00    0.00    0.00    0.00     4  postgres

08:43:02 PM   UID       PID    %usr %system  %guest   %wait    %CPU   CPU  Command
08:43:03 PM 100998    636535    0.00    0.00    0.00    0.00    0.00     6  postgres
08:43:03 PM 100998    636536    0.00    0.00    0.00    0.00    0.00     6  postgres
08:43:03 PM 100998    636538    0.00    0.00    0.00    0.00    0.00     6  postgres
08:43:03 PM 100998    636539    0.00    0.00    0.00    0.00    0.00     5  postgres
08:43:03 PM 100998    636605    0.00    1.00    0.00    0.00    1.00     6  postgres
08:43:03 PM 100998    636613    1.00    0.00    0.00    1.00    1.00     4  postgres
08:43:03 PM 100998    636615    1.00    1.00    0.00    0.00    2.00     6  postgres
08:43:03 PM 100998    636616    2.00    2.00    0.00    0.00    4.00     5  postgres
08:43:03 PM 100998    636617    0.00    0.00    0.00    0.00    0.00     6  postgres
08:43:03 PM 100998    636630    0.00    1.00    0.00    0.00    1.00     6  postgres
08:43:03 PM 100998    636631    1.00    0.00    0.00    0.00    1.00     4  postgres
08:43:03 PM 100998    636632    1.00    1.00    0.00    0.00    2.00     5  postgres
08:43:03 PM 100998    636633    0.00    1.00    0.00    0.00    1.00     4  postgres
08:43:03 PM 100998    636634    0.00    1.00    0.00    0.00    1.00     4  postgres
08:43:03 PM 100998    636635    0.00    0.00    0.00    0.00    0.00     6  postgres
08:43:03 PM 100998    636636    0.00    1.00    0.00    0.00    1.00     4  postgres
08:43:03 PM 100998    636638    0.00    0.00    0.00    0.00    0.00     4  postgres
08:43:03 PM 100998    636639    1.00    1.00    0.00    0.00    2.00     4  postgres
08:43:03 PM 100998    636640    1.00    1.00    0.00    0.00    2.00     5  postgres
08:43:03 PM 100998    636642    1.00    1.00    0.00    0.00    2.00     4  postgres
08:43:03 PM 100998    636644    0.00    1.00    0.00    0.00    1.00     4  postgres
08:43:03 PM 100998    636646    1.00    0.00    0.00    0.00    1.00     6  postgres
08:43:03 PM 100998    636648    0.00    0.00    0.00    0.00    0.00     6  postgres
08:43:03 PM 100998    636653    1.00    1.00    0.00    0.00    2.00     4  postgres

08:43:03 PM   UID       PID    %usr %system  %guest   %wait    %CPU   CPU  Command
08:43:04 PM 100998    636535    0.00    0.00    0.00    0.00    0.00     6  postgres
08:43:04 PM 100998    636536    0.00    0.00    0.00    0.00    0.00     6  postgres
08:43:04 PM 100998    636538    0.00    0.00    0.00    0.00    0.00     6  postgres
08:43:04 PM 100998    636539    0.00    0.00    0.00    0.00    0.00     5  postgres
08:43:04 PM 100998    636605    1.00    0.00    0.00    0.00    1.00     6  postgres
08:43:04 PM 100998    636613    1.00    1.00    0.00    0.00    2.00     6  postgres
08:43:04 PM 100998    636615    0.00    1.00    0.00    0.00    1.00     6  postgres
08:43:04 PM 100998    636616    1.00    0.00    0.00    0.00    1.00     5  postgres
08:43:04 PM 100998    636617    1.00    2.00    0.00    0.00    3.00     4  postgres
08:43:04 PM 100998    636630    1.00    1.00    0.00    0.00    2.00     6  postgres
08:43:04 PM 100998    636631    0.00    2.00    0.00    1.00    2.00     4  postgres
08:43:04 PM 100998    636632    1.00    1.00    0.00    0.00    2.00     4  postgres
08:43:04 PM 100998    636633    1.00    0.00    0.00    0.00    1.00     6  postgres
08:43:04 PM 100998    636634    1.00    1.00    0.00    0.00    2.00     4  postgres
08:43:04 PM 100998    636635    0.00    0.00    0.00    0.00    0.00     4  postgres
08:43:04 PM 100998    636636    0.00    0.00    0.00    0.00    0.00     4  postgres
08:43:04 PM 100998    636638    1.00    1.00    0.00    0.00    2.00     6  postgres
08:43:04 PM 100998    636639    0.00    0.00    0.00    0.00    0.00     4  postgres
08:43:04 PM 100998    636640    1.00    0.00    0.00    0.00    1.00     5  postgres
08:43:04 PM 100998    636642    1.00    1.00    0.00    0.00    2.00     6  postgres
08:43:04 PM 100998    636644    1.00    0.00    0.00    0.00    1.00     4  postgres
08:43:04 PM 100998    636646    0.00    0.00    0.00    0.00    0.00     6  postgres
08:43:04 PM 100998    636648    1.00    1.00    0.00    0.00    2.00     4  postgres
08:43:04 PM 100998    636653    1.00    0.00    0.00    0.00    1.00     5  postgres

08:43:04 PM   UID       PID    %usr %system  %guest   %wait    %CPU   CPU  Command
08:43:05 PM 100998    636535    0.00    0.00    0.00    0.00    0.00     6  postgres
08:43:05 PM 100998    636536    0.00    0.00    0.00    0.00    0.00     6  postgres
08:43:05 PM 100998    636538    0.00    0.00    0.00    0.00    0.00     6  postgres
08:43:05 PM 100998    636539    0.00    0.00    0.00    0.00    0.00     5  postgres
08:43:05 PM 100998    636605    1.00    1.00    0.00    0.00    2.00     4  postgres
08:43:05 PM 100998    636613    1.00    1.00    0.00    0.00    2.00     4  postgres
08:43:05 PM 100998    636615    1.00    0.00    0.00    0.00    1.00     4  postgres
08:43:05 PM 100998    636616    1.00    1.00    0.00    0.00    2.00     5  postgres
08:43:05 PM 100998    636617    1.00    1.00    0.00    1.00    2.00     6  postgres
08:43:05 PM 100998    636630    1.00    0.00    0.00    0.00    1.00     4  postgres
08:43:05 PM 100998    636631    1.00    0.00    0.00    0.00    1.00     5  postgres
08:43:05 PM 100998    636632    1.00    0.00    0.00    0.00    1.00     4  postgres
08:43:05 PM 100998    636633    1.00    1.00    0.00    0.00    2.00     6  postgres
08:43:05 PM 100998    636634    1.00    0.00    0.00    0.00    1.00     4  postgres
08:43:05 PM 100998    636635    1.00    2.00    0.00    0.00    3.00     4  postgres
08:43:05 PM 100998    636636    1.00    1.00    0.00    0.00    2.00     4  postgres
08:43:05 PM 100998    636638    1.00    0.00    0.00    0.00    1.00     4  postgres
08:43:05 PM 100998    636639    1.00    1.00    0.00    0.00    2.00     6  postgres
08:43:05 PM 100998    636640    1.00    2.00    0.00    1.00    3.00     6  postgres
08:43:05 PM 100998    636642    0.00    1.00    0.00    0.00    1.00     6  postgres
08:43:05 PM 100998    636644    0.00    1.00    0.00    0.00    1.00     6  postgres
08:43:05 PM 100998    636646    1.00    1.00    0.00    0.00    2.00     6  postgres
08:43:05 PM 100998    636648    0.00    1.00    0.00    0.00    1.00     4  postgres
08:43:05 PM 100998    636653    0.00    1.00    0.00    0.00    1.00     5  postgres

08:43:05 PM   UID       PID    %usr %system  %guest   %wait    %CPU   CPU  Command
08:43:06 PM 100998    636535    0.00    0.00    0.00    0.00    0.00     6  postgres
08:43:06 PM 100998    636536    0.00    0.00    0.00    0.00    0.00     6  postgres
08:43:06 PM 100998    636538    0.00    0.00    0.00    0.00    0.00     6  postgres
08:43:06 PM 100998    636539    0.00    0.00    0.00    0.00    0.00     5  postgres
08:43:06 PM 100998    636605    1.00    1.00    0.00    1.00    2.00     6  postgres
08:43:06 PM 100998    636613    0.00    1.00    0.00    0.00    1.00     4  postgres
08:43:06 PM 100998    636615    0.00    1.00    0.00    0.00    1.00     4  postgres
08:43:06 PM 100998    636616    0.00    1.00    0.00    0.00    1.00     5  postgres
08:43:06 PM 100998    636617    0.00    1.00    0.00    0.00    1.00     6  postgres
08:43:06 PM 100998    636630    0.00    1.00    0.00    0.00    1.00     6  postgres
08:43:06 PM 100998    636631    1.00    1.00    0.00    0.00    2.00     5  postgres
08:43:06 PM 100998    636632    1.00    1.00    0.00    0.00    2.00     4  postgres
08:43:06 PM 100998    636633    0.00    1.00    0.00    0.00    1.00     4  postgres
08:43:06 PM 100998    636634    0.00    1.00    0.00    0.00    1.00     4  postgres
08:43:06 PM 100998    636635    1.00    0.00    0.00    0.00    1.00     5  postgres
08:43:06 PM 100998    636636    1.00    1.00    0.00    1.00    2.00     6  postgres
08:43:06 PM 100998    636638    0.00    1.00    0.00    0.00    1.00     6  postgres
08:43:06 PM 100998    636639    1.00    0.00    0.00    0.00    1.00     6  postgres
08:43:06 PM 100998    636640    0.00    0.00    0.00    0.00    0.00     4  postgres
08:43:06 PM 100998    636642    1.00    1.00    0.00    0.00    2.00     4  postgres
08:43:06 PM 100998    636644    1.00    1.00    0.00    0.00    2.00     4  postgres
08:43:06 PM 100998    636646    1.00    0.00    0.00    0.00    1.00     6  postgres
08:43:06 PM 100998    636648    1.00    0.00    0.00    0.00    1.00     4  postgres
08:43:06 PM 100998    636653    1.00    0.00    0.00    0.00    1.00     5  postgres

08:43:06 PM   UID       PID    %usr %system  %guest   %wait    %CPU   CPU  Command
08:43:07 PM 100998    636535    0.00    0.00    0.00    0.00    0.00     6  postgres
08:43:07 PM 100998    636536    0.00    0.00    0.00    0.00    0.00     6  postgres
08:43:07 PM 100998    636538    0.00    0.00    0.00    0.00    0.00     6  postgres
08:43:07 PM 100998    636539    0.00    0.00    0.00    0.00    0.00     5  postgres
08:43:07 PM 100998    636605    0.00    1.00    0.00    0.00    1.00     4  postgres
08:43:07 PM 100998    636613    2.00    1.00    0.00    0.00    3.00     4  postgres
08:43:07 PM 100998    636615    1.00    1.00    0.00    0.00    2.00     6  postgres
08:43:07 PM 100998    636616    2.00    1.00    0.00    0.00    3.00     5  postgres
08:43:07 PM 100998    636617    1.00    0.00    0.00    0.00    1.00     4  postgres
08:43:07 PM 100998    636630    1.00    0.00    0.00    0.00    1.00     6  postgres
08:43:07 PM 100998    636631    1.00    1.00    0.00    0.00    2.00     4  postgres
08:43:07 PM 100998    636632    0.00    1.00    0.00    0.00    1.00     4  postgres
08:43:07 PM 100998    636633    1.00    1.00    0.00    0.00    2.00     4  postgres
08:43:07 PM 100998    636634    1.00    1.00    0.00    0.00    2.00     6  postgres
08:43:07 PM 100998    636635    1.00    1.00    0.00    0.00    2.00     5  postgres
08:43:07 PM 100998    636636    1.00    1.00    0.00    0.00    2.00     4  postgres
08:43:07 PM 100998    636638    1.00    1.00    0.00    0.00    2.00     4  postgres
08:43:07 PM 100998    636639    1.00    1.00    0.00    0.00    2.00     4  postgres
08:43:07 PM 100998    636640    1.00    0.00    0.00    0.00    1.00     6  postgres
08:43:07 PM 100998    636642    0.00    1.00    0.00    0.00    1.00     6  postgres
08:43:07 PM 100998    636644    1.00    0.00    0.00    0.00    1.00     4  postgres
08:43:07 PM 100998    636646    1.00    1.00    0.00    0.00    2.00     6  postgres
08:43:07 PM 100998    636648    1.00    1.00    0.00    0.00    2.00     4  postgres
08:43:07 PM 100998    636653    0.00    1.00    0.00    0.00    1.00     5  postgres

08:43:07 PM   UID       PID    %usr %system  %guest   %wait    %CPU   CPU  Command
08:43:08 PM 100998    636535    0.00    0.00    0.00    0.00    0.00     6  postgres
08:43:08 PM 100998    636536    0.00    0.00    0.00    0.00    0.00     6  postgres
08:43:08 PM 100998    636538    0.00    0.00    0.00    0.00    0.00     6  postgres
08:43:08 PM 100998    636539    0.00    0.00    0.00    0.00    0.00     5  postgres
08:43:08 PM 100998    636605    1.00    2.00    0.00    0.00    3.00     4  postgres
08:43:08 PM 100998    636613    0.00    1.00    0.00    0.00    1.00     4  postgres
08:43:08 PM 100998    636615    1.00    0.00    0.00    0.00    1.00     4  postgres
08:43:08 PM 100998    636616    0.00    1.00    0.00    0.00    1.00     6  postgres
08:43:08 PM 100998    636617    0.00    1.00    0.00    0.00    1.00     6  postgres
08:43:08 PM 100998    636630    2.00    1.00    0.00    0.00    3.00     6  postgres
08:43:08 PM 100998    636631    1.00    0.00    0.00    0.00    1.00     4  postgres
08:43:08 PM 100998    636632    0.00    1.00    0.00    0.00    1.00     6  postgres
08:43:08 PM 100998    636633    1.00    0.00    0.00    1.00    1.00     6  postgres
08:43:08 PM 100998    636634    1.00    1.00    0.00    0.00    2.00     6  postgres
08:43:08 PM 100998    636635    1.00    1.00    0.00    0.00    2.00     5  postgres
08:43:08 PM 100998    636636    1.00    1.00    0.00    0.00    2.00     5  postgres
08:43:08 PM 100998    636638    0.00    0.00    0.00    0.00    0.00     4  postgres
08:43:08 PM 100998    636639    0.00    1.00    0.00    0.00    1.00     5  postgres
08:43:08 PM 100998    636640    1.00    2.00    0.00    0.00    3.00     6  postgres
08:43:08 PM 100998    636642    1.00    1.00    0.00    1.00    2.00     4  postgres
08:43:08 PM 100998    636644    0.00    1.00    0.00    0.00    1.00     4  postgres
08:43:08 PM 100998    636646    1.00    0.00    0.00    0.00    1.00     6  postgres
08:43:08 PM 100998    636648    0.00    1.00    0.00    0.00    1.00     6  postgres
08:43:08 PM 100998    636653    2.00    1.00    0.00    0.00    3.00     5  postgres

08:43:08 PM   UID       PID    %usr %system  %guest   %wait    %CPU   CPU  Command
08:43:09 PM 100998    636535    0.00    0.00    0.00    0.00    0.00     6  postgres
08:43:09 PM 100998    636536    0.00    0.00    0.00    0.00    0.00     6  postgres
08:43:09 PM 100998    636538    0.00    0.00    0.00    0.00    0.00     6  postgres
08:43:09 PM 100998    636539    0.00    0.00    0.00    0.00    0.00     5  postgres
08:43:09 PM 100998    636605    1.00    0.00    0.00    0.00    1.00     6  postgres
08:43:09 PM 100998    636613    1.00    0.00    0.00    0.00    1.00     4  postgres
08:43:09 PM 100998    636615    1.00    1.00    0.00    0.00    2.00     6  postgres
08:43:09 PM 100998    636616    2.00    1.00    0.00    0.00    3.00     4  postgres
08:43:09 PM 100998    636617    1.00    1.00    0.00    0.00    2.00     4  postgres
08:43:09 PM 100998    636630    1.00    1.00    0.00    0.00    2.00     6  postgres
08:43:09 PM 100998    636631    1.00    1.00    0.00    0.00    2.00     4  postgres
08:43:09 PM 100998    636632    1.00    0.00    0.00    0.00    1.00     6  postgres
08:43:09 PM 100998    636633    1.00    2.00    0.00    0.00    3.00     4  postgres
08:43:09 PM 100998    636634    0.00    1.00    0.00    0.00    1.00     4  postgres
08:43:09 PM 100998    636635    1.00    1.00    0.00    0.00    2.00     5  postgres
08:43:09 PM 100998    636636    1.00    1.00    0.00    0.00    2.00     6  postgres
08:43:09 PM 100998    636638    1.00    1.00    0.00    0.00    2.00     5  postgres
08:43:09 PM 100998    636639    1.00    1.00    0.00    0.00    2.00     6  postgres
08:43:09 PM 100998    636640    0.00    0.00    0.00    0.00    0.00     6  postgres
08:43:09 PM 100998    636642    1.00    1.00    0.00    0.00    2.00     6  postgres
08:43:09 PM 100998    636644    1.00    0.00    0.00    0.00    1.00     4  postgres
08:43:09 PM 100998    636646    1.00    1.00    0.00    0.00    2.00     6  postgres
08:43:09 PM 100998    636648    1.00    1.00    0.00    0.00    2.00     4  postgres
08:43:09 PM 100998    636653    0.00    1.00    0.00    0.00    1.00     5  postgres

08:43:09 PM   UID       PID    %usr %system  %guest   %wait    %CPU   CPU  Command
08:43:10 PM 100998    636535    0.00    0.00    0.00    0.00    0.00     6  postgres
08:43:10 PM 100998    636536    0.00    0.00    0.00    0.00    0.00     6  postgres
08:43:10 PM 100998    636538    0.00    0.00    0.00    0.00    0.00     6  postgres
08:43:10 PM 100998    636539    0.00    0.00    0.00    0.00    0.00     5  postgres
08:43:10 PM 100998    636605    1.00    1.00    0.00    0.00    2.00     6  postgres
08:43:10 PM 100998    636613    0.00    1.00    0.00    0.00    1.00     4  postgres
08:43:10 PM 100998    636615    1.00    0.00    0.00    0.00    1.00     4  postgres
08:43:10 PM 100998    636616    1.00    1.00    0.00    0.00    2.00     6  postgres
08:43:10 PM 100998    636617    1.00    1.00    0.00    0.00    2.00     4  postgres
08:43:10 PM 100998    636630    1.00    1.00    0.00    0.00    2.00     4  postgres
08:43:10 PM 100998    636631    1.00    1.00    0.00    0.00    2.00     4  postgres
08:43:10 PM 100998    636632    0.00    1.00    0.00    0.00    1.00     4  postgres
08:43:10 PM 100998    636633    1.00    0.00    0.00    0.00    1.00     4  postgres
08:43:10 PM 100998    636634    1.00    1.00    0.00    0.00    2.00     6  postgres
08:43:10 PM 100998    636635    1.00    1.00    0.00    1.00    2.00     5  postgres
08:43:10 PM 100998    636636    1.00    1.00    0.00    0.00    2.00     4  postgres
08:43:10 PM 100998    636638    1.00    1.00    0.00    0.00    2.00     5  postgres
08:43:10 PM 100998    636639    1.00    0.00    0.00    0.00    1.00     4  postgres
08:43:10 PM 100998    636640    1.00    1.00    0.00    0.00    2.00     4  postgres
08:43:10 PM 100998    636642    1.00    0.00    0.00    0.00    1.00     4  postgres
08:43:10 PM 100998    636644    1.00    1.00    0.00    0.00    2.00     6  postgres
08:43:10 PM 100998    636646    0.00    1.00    0.00    0.00    1.00     6  postgres
08:43:10 PM 100998    636648    1.00    0.00    0.00    0.00    1.00     4  postgres
08:43:10 PM 100998    636653    1.00    0.00    0.00    0.00    1.00     5  postgres

08:43:10 PM   UID       PID    %usr %system  %guest   %wait    %CPU   CPU  Command
08:43:11 PM 100998    636535    0.00    0.00    0.00    0.00    0.00     6  postgres
08:43:11 PM 100998    636536    0.00    0.00    0.00    0.00    0.00     6  postgres
08:43:11 PM 100998    636538    0.00    0.00    0.00    0.00    0.00     4  postgres
08:43:11 PM 100998    636539    0.00    0.00    0.00    0.00    0.00     5  postgres
08:43:11 PM 100998    636605    1.00    1.00    0.00    0.00    2.00     6  postgres
08:43:11 PM 100998    636613    1.00    1.00    0.00    0.00    2.00     4  postgres
08:43:11 PM 100998    636615    2.00    1.00    0.00    0.00    3.00     4  postgres
08:43:11 PM 100998    636616    1.00    0.00    0.00    0.00    1.00     6  postgres
08:43:11 PM 100998    636617    1.00    2.00    0.00    0.00    3.00     6  postgres
08:43:11 PM 100998    636630    1.00    1.00    0.00    0.00    2.00     4  postgres
08:43:11 PM 100998    636631    1.00    0.00    0.00    0.00    1.00     4  postgres
08:43:11 PM 100998    636632    1.00    1.00    0.00    0.00    2.00     6  postgres
08:43:11 PM 100998    636633    1.00    1.00    0.00    0.00    2.00     4  postgres
08:43:11 PM 100998    636634    1.00    0.00    0.00    0.00    1.00     6  postgres
08:43:11 PM 100998    636635    0.00    1.00    0.00    0.00    1.00     5  postgres
08:43:11 PM 100998    636636    0.00    1.00    0.00    0.00    1.00     6  postgres
08:43:11 PM 100998    636638    1.00    0.00    0.00    0.00    1.00     5  postgres
08:43:11 PM 100998    636639    1.00    0.00    0.00    0.00    1.00     6  postgres
08:43:11 PM 100998    636640    1.00    0.00    0.00    0.00    1.00     6  postgres
08:43:11 PM 100998    636642    0.00    1.00    0.00    0.00    1.00     6  postgres
08:43:11 PM 100998    636644    1.00    1.00    0.00    0.00    2.00     6  postgres
08:43:11 PM 100998    636646    0.00    0.00    0.00    0.00    0.00     4  postgres
08:43:11 PM 100998    636648    0.00    1.00    0.00    0.00    1.00     6  postgres
08:43:11 PM 100998    636653    1.00    1.00    0.00    0.00    2.00     5  postgres

08:43:11 PM   UID       PID    %usr %system  %guest   %wait    %CPU   CPU  Command
08:43:12 PM 100998    636535    0.00    0.00    0.00    0.00    0.00     6  postgres
08:43:12 PM 100998    636536    0.00    0.00    0.00    0.00    0.00     6  postgres
08:43:12 PM 100998    636538    0.00    0.00    0.00    0.00    0.00     4  postgres
08:43:12 PM 100998    636539    0.00    0.00    0.00    0.00    0.00     5  postgres
08:43:12 PM 100998    636605    1.00    1.00    0.00    0.00    2.00     6  postgres
08:43:12 PM 100998    636613    1.00    1.00    0.00    0.00    2.00     6  postgres
08:43:12 PM 100998    636615    1.00    1.00    0.00    0.00    2.00     4  postgres
08:43:12 PM 100998    636616    0.00    1.00    0.00    0.00    1.00     6  postgres
08:43:12 PM 100998    636617    0.00    0.00    0.00    0.00    0.00     6  postgres
08:43:12 PM 100998    636630    0.00    1.00    0.00    0.00    1.00     4  postgres
08:43:12 PM 100998    636631    2.00    1.00    0.00    0.00    3.00     4  postgres
08:43:12 PM 100998    636632    1.00    1.00    0.00    0.00    2.00     6  postgres
08:43:12 PM 100998    636633    1.00    0.00    0.00    0.00    1.00     6  postgres
08:43:12 PM 100998    636634    0.00    1.00    0.00    0.00    1.00     4  postgres
08:43:12 PM 100998    636635    1.00    0.00    0.00    0.00    1.00     5  postgres
08:43:12 PM 100998    636636    2.00    0.00    0.00    0.00    2.00     4  postgres
08:43:12 PM 100998    636638    1.00    1.00    0.00    0.00    2.00     5  postgres
08:43:12 PM 100998    636639    0.00    1.00    0.00    0.00    1.00     4  postgres
08:43:12 PM 100998    636640    0.00    1.00    0.00    0.00    1.00     6  postgres
08:43:12 PM 100998    636642    1.00    1.00    0.00    0.00    2.00     4  postgres
08:43:12 PM 100998    636644    1.00    0.00    0.00    0.00    1.00     6  postgres
08:43:12 PM 100998    636646    1.00    1.00    0.00    0.00    2.00     6  postgres
08:43:12 PM 100998    636648    1.00    0.00    0.00    0.00    1.00     6  postgres
08:43:12 PM 100998    636653    1.00    1.00    0.00    0.00    2.00     5  postgres

08:43:12 PM   UID       PID    %usr %system  %guest   %wait    %CPU   CPU  Command
08:43:13 PM 100998    636535    0.00    0.00    0.00    0.00    0.00     6  postgres
08:43:13 PM 100998    636536    0.00    0.00    0.00    0.00    0.00     6  postgres
08:43:13 PM 100998    636538    0.00    0.00    0.00    0.00    0.00     4  postgres
08:43:13 PM 100998    636539    0.00    0.00    0.00    0.00    0.00     5  postgres
08:43:13 PM 100998    636605    1.00    1.00    0.00    0.00    2.00     4  postgres
08:43:13 PM 100998    636613    1.00    1.00    0.00    0.00    2.00     4  postgres
08:43:13 PM 100998    636615    1.00    1.00    0.00    0.00    2.00     4  postgres
08:43:13 PM 100998    636616    1.00    1.00    0.00    0.00    2.00     6  postgres
08:43:13 PM 100998    636617    1.00    1.00    0.00    0.00    2.00     6  postgres
08:43:13 PM 100998    636630    1.00    1.00    0.00    0.00    2.00     6  postgres
08:43:13 PM 100998    636631    0.00    1.00    0.00    0.00    1.00     6  postgres
08:43:13 PM 100998    636632    1.00    1.00    0.00    0.00    2.00     5  postgres
08:43:13 PM 100998    636633    1.00    1.00    0.00    0.00    2.00     6  postgres
08:43:13 PM 100998    636634    1.00    1.00    0.00    0.00    2.00     4  postgres
08:43:13 PM 100998    636635    1.00    1.00    0.00    0.00    2.00     5  postgres
08:43:13 PM 100998    636636    0.00    1.00    0.00    0.00    1.00     4  postgres
08:43:13 PM 100998    636638    1.00    1.00    0.00    0.00    2.00     5  postgres
08:43:13 PM 100998    636639    1.00    0.00    0.00    0.00    1.00     4  postgres
08:43:13 PM 100998    636640    1.00    1.00    0.00    0.00    2.00     6  postgres
08:43:13 PM 100998    636642    1.00    0.00    0.00    0.00    1.00     4  postgres
08:43:13 PM 100998    636644    1.00    1.00    0.00    0.00    2.00     6  postgres
08:43:13 PM 100998    636646    0.00    0.00    0.00    0.00    0.00     4  postgres
08:43:13 PM 100998    636648    1.00    1.00    0.00    0.00    2.00     6  postgres
08:43:13 PM 100998    636653    1.00    0.00    0.00    0.00    1.00     5  postgres

08:43:13 PM   UID       PID    %usr %system  %guest   %wait    %CPU   CPU  Command
08:43:14 PM 100998    636535    0.00    0.00    0.00    0.00    0.00     6  postgres
08:43:14 PM 100998    636536    0.00    0.00    0.00    0.00    0.00     6  postgres
08:43:14 PM 100998    636538    0.00    0.00    0.00    0.00    0.00     4  postgres
08:43:14 PM 100998    636539    0.00    0.00    0.00    0.00    0.00     5  postgres
08:43:14 PM 100998    636605    1.00    1.00    0.00    0.00    2.00     5  postgres
08:43:14 PM 100998    636613    1.00    1.00    0.00    0.00    2.00     4  postgres
08:43:14 PM 100998    636615    1.00    1.00    0.00    0.00    2.00     4  postgres
08:43:14 PM 100998    636616    1.00    1.00    0.00    0.00    2.00     6  postgres
08:43:14 PM 100998    636617    1.00    2.00    0.00    0.00    3.00     6  postgres
08:43:14 PM 100998    636630    1.00    1.00    0.00    0.00    2.00     4  postgres
08:43:14 PM 100998    636631    0.00    1.00    0.00    0.00    1.00     4  postgres
08:43:14 PM 100998    636632    1.00    1.00    0.00    0.00    2.00     5  postgres
08:43:14 PM 100998    636633    1.00    0.00    0.00    0.00    1.00     6  postgres
08:43:14 PM 100998    636634    0.00    1.00    0.00    0.00    1.00     4  postgres
08:43:14 PM 100998    636635    1.00    1.00    0.00    0.00    2.00     4  postgres
08:43:14 PM 100998    636636    1.00    0.00    0.00    0.00    1.00     5  postgres
08:43:14 PM 100998    636638    1.00    1.00    0.00    0.00    2.00     5  postgres
08:43:14 PM 100998    636639    1.00    1.00    0.00    0.00    2.00     4  postgres
08:43:14 PM 100998    636640    1.00    1.00    0.00    0.00    2.00     4  postgres
08:43:14 PM 100998    636642    0.00    1.00    0.00    0.00    1.00     6  postgres
08:43:14 PM 100998    636644    0.00    0.00    0.00    0.00    0.00     4  postgres
08:43:14 PM 100998    636646    1.00    2.00    0.00    0.00    3.00     6  postgres
08:43:14 PM 100998    636648    0.00    1.00    0.00    0.00    1.00     4  postgres
08:43:14 PM 100998    636653    1.00    1.00    0.00    0.00    2.00     5  postgres

08:43:14 PM   UID       PID    %usr %system  %guest   %wait    %CPU   CPU  Command
08:43:15 PM 100998    636535    0.00    0.00    0.00    0.00    0.00     6  postgres
08:43:15 PM 100998    636536    0.00    0.00    0.00    0.00    0.00     6  postgres
08:43:15 PM 100998    636538    0.00    0.00    0.00    0.00    0.00     4  postgres
08:43:15 PM 100998    636539    0.00    0.00    0.00    0.00    0.00     5  postgres
08:43:15 PM 100998    636605    1.00    1.00    0.00    0.00    2.00     5  postgres
08:43:15 PM 100998    636613    1.00    0.00    0.00    0.00    1.00     4  postgres
08:43:15 PM 100998    636615    0.00    1.00    0.00    0.00    1.00     6  postgres
08:43:15 PM 100998    636616    1.00    0.00    0.00    0.00    1.00     6  postgres
08:43:15 PM 100998    636617    1.00    0.00    0.00    0.00    1.00     6  postgres
08:43:15 PM 100998    636630    1.00    1.00    0.00    0.00    2.00     4  postgres
08:43:15 PM 100998    636631    1.00    0.00    0.00    0.00    1.00     4  postgres
08:43:15 PM 100998    636632    1.00    0.00    0.00    0.00    1.00     5  postgres
08:43:15 PM 100998    636633    0.00    1.00    0.00    0.00    1.00     4  postgres
08:43:15 PM 100998    636634    0.00    1.00    0.00    0.00    1.00     4  postgres
08:43:15 PM 100998    636635    0.00    1.00    0.00    0.00    1.00     6  postgres
08:43:15 PM 100998    636636    1.00    1.00    0.00    0.00    2.00     5  postgres
08:43:15 PM 100998    636638    1.00    1.00    0.00    0.00    2.00     4  postgres
08:43:15 PM 100998    636639    1.00    1.00    0.00    0.00    2.00     6  postgres
08:43:15 PM 100998    636640    0.00    1.00    0.00    0.00    1.00     4  postgres
08:43:15 PM 100998    636642    0.00    0.00    0.00    0.00    0.00     6  postgres
08:43:15 PM 100998    636644    1.00    1.00    0.00    0.00    2.00     4  postgres
08:43:15 PM 100998    636646    0.00    0.00    0.00    0.00    0.00     4  postgres
08:43:15 PM 100998    636648    1.00    0.00    0.00    0.00    1.00     6  postgres
08:43:15 PM 100998    636653    1.00    1.00    0.00    0.00    2.00     5  postgres

08:43:15 PM   UID       PID    %usr %system  %guest   %wait    %CPU   CPU  Command
08:43:16 PM 100998    636535    0.00    0.00    0.00    0.00    0.00     6  postgres
08:43:16 PM 100998    636536    0.00    0.00    0.00    0.00    0.00     6  postgres
08:43:16 PM 100998    636538    0.00    0.00    0.00    0.00    0.00     4  postgres
08:43:16 PM 100998    636539    0.00    0.00    0.00    0.00    0.00     5  postgres
08:43:16 PM 100998    636605    2.00    2.00    0.00    0.00    4.00     5  postgres
08:43:16 PM 100998    636613    1.00    1.00    0.00    0.00    2.00     6  postgres
08:43:16 PM 100998    636615    1.00    1.00    0.00    0.00    2.00     6  postgres
08:43:16 PM 100998    636616    1.00    1.00    0.00    1.00    2.00     4  postgres
08:43:16 PM 100998    636617    1.00    1.00    0.00    0.00    2.00     6  postgres
08:43:16 PM 100998    636630    0.00    0.00    0.00    0.00    0.00     5  postgres
08:43:16 PM 100998    636631    0.00    1.00    0.00    0.00    1.00     4  postgres
08:43:16 PM 100998    636632    1.00    1.00    0.00    0.00    2.00     5  postgres
08:43:16 PM 100998    636633    1.00    1.00    0.00    0.00    2.00     4  postgres
08:43:16 PM 100998    636634    1.00    1.00    0.00    0.00    2.00     4  postgres
08:43:16 PM 100998    636635    1.00    1.00    0.00    0.00    2.00     5  postgres
08:43:16 PM 100998    636636    1.00    1.00    0.00    0.00    2.00     6  postgres
08:43:16 PM 100998    636638    0.00    0.00    0.00    0.00    0.00     6  postgres
08:43:16 PM 100998    636639    1.00    0.00    0.00    0.00    1.00     6  postgres
08:43:16 PM 100998    636640    2.00    1.00    0.00    0.00    3.00     4  postgres
08:43:16 PM 100998    636642    1.00    1.00    0.00    0.00    2.00     6  postgres
08:43:16 PM 100998    636644    1.00    0.00    0.00    0.00    1.00     4  postgres
08:43:16 PM 100998    636646    1.00    1.00    0.00    0.00    2.00     4  postgres
08:43:16 PM 100998    636648    0.00    1.00    0.00    0.00    1.00     6  postgres
08:43:16 PM 100998    636653    1.00    1.00    0.00    0.00    2.00     5  postgres

08:43:16 PM   UID       PID    %usr %system  %guest   %wait    %CPU   CPU  Command
08:43:17 PM 100998    636535    0.00    0.00    0.00    0.00    0.00     6  postgres
08:43:17 PM 100998    636536    0.00    0.00    0.00    0.00    0.00     6  postgres
08:43:17 PM 100998    636538    0.00    0.00    0.00    0.00    0.00     4  postgres
08:43:17 PM 100998    636539    0.00    0.00    0.00    0.00    0.00     5  postgres
08:43:17 PM 100998    636605    0.00    0.00    0.00    0.00    0.00     5  postgres
08:43:17 PM 100998    636613    0.00    1.00    0.00    0.00    1.00     4  postgres
08:43:17 PM 100998    636615    1.00    1.00    0.00    1.00    2.00     5  postgres
08:43:17 PM 100998    636616    0.00    1.00    0.00    0.00    1.00     6  postgres
08:43:17 PM 100998    636617    0.00    0.00    0.00    0.00    0.00     4  postgres
08:43:17 PM 100998    636630    1.00    1.00    0.00    0.00    2.00     5  postgres
08:43:17 PM 100998    636631    1.00    0.00    0.00    0.00    1.00     6  postgres
08:43:17 PM 100998    636632    1.00    1.00    0.00    0.00    2.00     4  postgres
08:43:17 PM 100998    636633    1.00    0.00    0.00    0.00    1.00     6  postgres
08:43:17 PM 100998    636634    2.00    0.00    0.00    0.00    2.00     5  postgres
08:43:17 PM 100998    636635    1.00    0.00    0.00    0.00    1.00     5  postgres
08:43:17 PM 100998    636636    1.00    1.00    0.00    0.00    2.00     6  postgres
08:43:17 PM 100998    636638    1.00    1.00    0.00    0.00    2.00     4  postgres
08:43:17 PM 100998    636639    0.00    1.00    0.00    0.00    1.00     6  postgres
08:43:17 PM 100998    636640    0.00    0.00    0.00    0.00    0.00     4  postgres
08:43:17 PM 100998    636642    1.00    0.00    0.00    0.00    1.00     6  postgres
08:43:17 PM 100998    636644    0.00    1.00    0.00    0.00    1.00     6  postgres
08:43:17 PM 100998    636646    1.00    1.00    0.00    0.00    2.00     6  postgres
08:43:17 PM 100998    636648    1.00    1.00    0.00    0.00    2.00     4  postgres
08:43:17 PM 100998    636653    1.00    1.00    0.00    0.00    2.00     5  postgres

08:43:17 PM   UID       PID    %usr %system  %guest   %wait    %CPU   CPU  Command
08:43:18 PM 100998    636535    0.00    0.00    0.00    0.00    0.00     6  postgres
08:43:18 PM 100998    636536    0.00    0.00    0.00    0.00    0.00     6  postgres
08:43:18 PM 100998    636538    0.00    0.00    0.00    0.00    0.00     4  postgres
08:43:18 PM 100998    636539    0.00    0.00    0.00    0.00    0.00     5  postgres
08:43:18 PM 100998    636605    2.00    1.00    0.00    1.00    3.00     5  postgres
08:43:18 PM 100998    636613    1.00    2.00    0.00    0.00    3.00     4  postgres
08:43:18 PM 100998    636615    1.00    1.00    0.00    0.00    2.00     5  postgres
08:43:18 PM 100998    636616    1.00    0.00    0.00    0.00    1.00     6  postgres
08:43:18 PM 100998    636617    1.00    1.00    0.00    0.00    2.00     4  postgres
08:43:18 PM 100998    636630    2.00    1.00    0.00    0.00    3.00     5  postgres
08:43:18 PM 100998    636631    1.00    1.00    0.00    0.00    2.00     4  postgres
08:43:18 PM 100998    636632    1.00    1.00    0.00    0.00    2.00     6  postgres
08:43:18 PM 100998    636633    1.00    1.00    0.00    0.00    2.00     6  postgres
08:43:18 PM 100998    636634    0.00    0.00    0.00    0.00    0.00     5  postgres
08:43:18 PM 100998    636635    1.00    0.00    0.00    0.00    1.00     6  postgres
08:43:18 PM 100998    636636    1.00    0.00    0.00    0.00    1.00     6  postgres
08:43:18 PM 100998    636638    1.00    0.00    0.00    0.00    1.00     5  postgres
08:43:18 PM 100998    636639    1.00    0.00    0.00    0.00    1.00     6  postgres
08:43:18 PM 100998    636640    1.00    1.00    0.00    0.00    2.00     4  postgres
08:43:18 PM 100998    636642    1.00    1.00    0.00    0.00    2.00     4  postgres
08:43:18 PM 100998    636644    1.00    1.00    0.00    0.00    2.00     6  postgres
08:43:18 PM 100998    636646    0.00    1.00    0.00    0.00    1.00     4  postgres
08:43:18 PM 100998    636648    1.00    0.00    0.00    0.00    1.00     6  postgres
08:43:18 PM 100998    636653    1.00    0.00    0.00    0.00    1.00     5  postgres

08:43:18 PM   UID       PID    %usr %system  %guest   %wait    %CPU   CPU  Command
08:43:19 PM 100998    636535    0.00    0.00    0.00    0.00    0.00     6  postgres
08:43:19 PM 100998    636536    0.00    0.00    0.00    0.00    0.00     6  postgres
08:43:19 PM 100998    636538    0.00    0.00    0.00    0.00    0.00     4  postgres
08:43:19 PM 100998    636539    0.00    0.00    0.00    0.00    0.00     5  postgres
08:43:19 PM 100998    636605    1.00    0.00    0.00    0.00    1.00     5  postgres
08:43:19 PM 100998    636613    1.00    1.00    0.00    0.00    2.00     4  postgres
08:43:19 PM 100998    636615    1.00    1.00    0.00    0.00    2.00     5  postgres
08:43:19 PM 100998    636616    1.00    1.00    0.00    0.00    2.00     4  postgres
08:43:19 PM 100998    636617    1.00    1.00    0.00    0.00    2.00     6  postgres
08:43:19 PM 100998    636630    1.00    0.00    0.00    0.00    1.00     5  postgres
08:43:19 PM 100998    636631    0.00    0.00    0.00    0.00    0.00     6  postgres
08:43:19 PM 100998    636632    0.00    1.00    0.00    0.00    1.00     6  postgres
08:43:19 PM 100998    636633    0.00    1.00    0.00    0.00    1.00     6  postgres
08:43:19 PM 100998    636634    1.00    1.00    0.00    0.00    2.00     5  postgres
08:43:19 PM 100998    636635    0.00    1.00    0.00    0.00    1.00     6  postgres
08:43:19 PM 100998    636636    2.00    2.00    0.00    0.00    4.00     4  postgres
08:43:19 PM 100998    636638    0.00    1.00    0.00    0.00    1.00     5  postgres
08:43:19 PM 100998    636639    0.00    1.00    0.00    0.00    1.00     6  postgres
08:43:19 PM 100998    636640    1.00    1.00    0.00    0.00    2.00     6  postgres
08:43:19 PM 100998    636642    0.00    1.00    0.00    0.00    1.00     4  postgres
08:43:19 PM 100998    636644    1.00    0.00    0.00    0.00    1.00     4  postgres
08:43:19 PM 100998    636646    1.00    0.00    0.00    0.00    1.00     6  postgres
08:43:19 PM 100998    636648    0.00    1.00    0.00    0.00    1.00     6  postgres
08:43:19 PM 100998    636653    1.00    1.00    0.00    0.00    2.00     5  postgres

08:43:19 PM   UID       PID    %usr %system  %guest   %wait    %CPU   CPU  Command
08:43:20 PM 100998    636535    0.00    0.00    0.00    0.00    0.00     6  postgres
08:43:20 PM 100998    636536    0.00    0.00    0.00    0.00    0.00     6  postgres
08:43:20 PM 100998    636538    0.00    0.00    0.00    0.00    0.00     4  postgres
08:43:20 PM 100998    636539    0.00    0.00    0.00    0.00    0.00     5  postgres
08:43:20 PM 100998    636605    1.00    1.00    0.00    0.00    2.00     5  postgres
08:43:20 PM 100998    636613    1.00    1.00    0.00    0.00    2.00     5  postgres
08:43:20 PM 100998    636615    1.00    0.00    0.00    0.00    1.00     5  postgres
08:43:20 PM 100998    636616    1.00    1.00    0.00    0.00    2.00     6  postgres
08:43:20 PM 100998    636617    1.00    1.00    0.00    0.00    2.00     6  postgres
08:43:20 PM 100998    636630    1.00    1.00    0.00    0.00    2.00     5  postgres
08:43:20 PM 100998    636631    0.00    0.00    0.00    0.00    0.00     4  postgres
08:43:20 PM 100998    636632    1.00    1.00    0.00    0.00    2.00     6  postgres
08:43:20 PM 100998    636633    1.00    0.00    0.00    0.00    1.00     6  postgres
08:43:20 PM 100998    636634    1.00    1.00    0.00    0.00    2.00     5  postgres
08:43:20 PM 100998    636635    1.00    0.00    0.00    0.00    1.00     6  postgres
08:43:20 PM 100998    636636    0.00    0.00    0.00    0.00    0.00     4  postgres
08:43:20 PM 100998    636638    1.00    1.00    0.00    0.00    2.00     5  postgres
08:43:20 PM 100998    636639    1.00    0.00    0.00    0.00    1.00     6  postgres
08:43:20 PM 100998    636640    1.00    2.00    0.00    0.00    3.00     6  postgres
08:43:20 PM 100998    636642    1.00    1.00    0.00    0.00    2.00     4  postgres
08:43:20 PM 100998    636644    0.00    1.00    0.00    0.00    1.00     4  postgres
08:43:20 PM 100998    636646    1.00    1.00    0.00    0.00    2.00     6  postgres
08:43:20 PM 100998    636648    1.00    0.00    0.00    0.00    1.00     4  postgres
08:43:20 PM 100998    636653    1.00    1.00    0.00    0.00    2.00     6  postgres

08:43:20 PM   UID       PID    %usr %system  %guest   %wait    %CPU   CPU  Command
08:43:21 PM 100998    636535    0.00    0.00    0.00    0.00    0.00     6  postgres
08:43:21 PM 100998    636536    0.00    0.00    0.00    0.00    0.00     6  postgres
08:43:21 PM 100998    636538    0.00    0.00    0.00    0.00    0.00     4  postgres
08:43:21 PM 100998    636539    0.00    0.00    0.00    0.00    0.00     5  postgres
08:43:21 PM 100998    636605    1.00    1.00    0.00    0.00    2.00     5  postgres
08:43:21 PM 100998    636613    1.00    0.00    0.00    1.00    1.00     5  postgres
08:43:21 PM 100998    636615    2.00    1.00    0.00    0.00    3.00     5  postgres
08:43:21 PM 100998    636616    0.00    0.00    0.00    0.00    0.00     6  postgres
08:43:21 PM 100998    636617    1.00    1.00    0.00    0.00    2.00     6  postgres
08:43:21 PM 100998    636630    0.00    0.00    0.00    0.00    0.00     5  postgres
08:43:21 PM 100998    636631    1.00    1.00    0.00    0.00    2.00     5  postgres
08:43:21 PM 100998    636632    1.00    0.00    0.00    0.00    1.00     6  postgres
08:43:21 PM 100998    636633    1.00    1.00    0.00    0.00    2.00     4  postgres
08:43:21 PM 100998    636634    1.00    0.00    0.00    0.00    1.00     6  postgres
08:43:21 PM 100998    636635    0.00    0.00    0.00    0.00    0.00     6  postgres
08:43:21 PM 100998    636636    1.00    1.00    0.00    0.00    2.00     6  postgres
08:43:21 PM 100998    636638    1.00    1.00    0.00    0.00    2.00     5  postgres
08:43:21 PM 100998    636639    1.00    1.00    0.00    0.00    2.00     6  postgres
08:43:21 PM 100998    636640    1.00    0.00    0.00    0.00    1.00     6  postgres
08:43:21 PM 100998    636642    1.00    0.00    0.00    0.00    1.00     6  postgres
08:43:21 PM 100998    636644    1.00    0.00    0.00    0.00    1.00     6  postgres
08:43:21 PM 100998    636646    0.00    0.00    0.00    0.00    0.00     6  postgres
08:43:21 PM 100998    636648    1.00    1.00    0.00    0.00    2.00     6  postgres
08:43:21 PM 100998    636653    0.00    1.00    0.00    0.00    1.00     4  postgres

08:43:21 PM   UID       PID    %usr %system  %guest   %wait    %CPU   CPU  Command
08:43:22 PM 100998    636535    0.00    0.00    0.00    0.00    0.00     6  postgres
08:43:22 PM 100998    636536    0.00    0.00    0.00    0.00    0.00     6  postgres
08:43:22 PM 100998    636538    0.00    0.00    0.00    0.00    0.00     4  postgres
08:43:22 PM 100998    636539    0.00    0.00    0.00    0.00    0.00     5  postgres
08:43:22 PM 100998    636605    1.00    1.00    0.00    0.00    2.00     5  postgres
08:43:22 PM 100998    636613    2.00    1.00    0.00    0.00    3.00     5  postgres
08:43:22 PM 100998    636615    0.00    1.00    0.00    0.00    1.00     5  postgres
08:43:22 PM 100998    636616    1.00    1.00    0.00    0.00    2.00     6  postgres
08:43:22 PM 100998    636617    0.00    1.00    0.00    0.00    1.00     4  postgres
08:43:22 PM 100998    636630    2.00    1.00    0.00    1.00    3.00     5  postgres
08:43:22 PM 100998    636631    1.00    1.00    0.00    0.00    2.00     5  postgres
08:43:22 PM 100998    636632    0.00    2.00    0.00    0.00    2.00     4  postgres
08:43:22 PM 100998    636633    1.00    1.00    0.00    0.00    2.00     6  postgres
08:43:22 PM 100998    636634    0.00    1.00    0.00    0.00    1.00     6  postgres
08:43:22 PM 100998    636635    0.00    0.00    0.00    0.00    0.00     4  postgres
08:43:22 PM 100998    636636    1.00    1.00    0.00    0.00    2.00     4  postgres
08:43:22 PM 100998    636638    1.00    0.00    0.00    0.00    1.00     5  postgres
08:43:22 PM 100998    636639    1.00    0.00    0.00    0.00    1.00     4  postgres
08:43:22 PM 100998    636640    0.00    0.00    0.00    0.00    0.00     4  postgres
08:43:22 PM 100998    636642    1.00    0.00    0.00    0.00    1.00     4  postgres
08:43:22 PM 100998    636644    1.00    1.00    0.00    0.00    2.00     4  postgres
08:43:22 PM 100998    636646    1.00    1.00    0.00    0.00    2.00     4  postgres
08:43:22 PM 100998    636648    0.00    0.00    0.00    0.00    0.00     6  postgres
08:43:22 PM 100998    636653    1.00    1.00    0.00    0.00    2.00     6  postgres

08:43:22 PM   UID       PID    %usr %system  %guest   %wait    %CPU   CPU  Command
08:43:23 PM 100998    636535    0.00    0.00    0.00    0.00    0.00     6  postgres
08:43:23 PM 100998    636536    0.00    0.00    0.00    0.00    0.00     6  postgres
08:43:23 PM 100998    636538    0.00    0.00    0.00    0.00    0.00     4  postgres
08:43:23 PM 100998    636539    0.00    0.00    0.00    0.00    0.00     5  postgres
08:43:23 PM 100998    636605    1.00    1.00    0.00    0.00    2.00     6  postgres
08:43:23 PM 100998    636613    0.00    1.00    0.00    0.00    1.00     4  postgres
08:43:23 PM 100998    636615    2.00    1.00    0.00    1.00    3.00     5  postgres
08:43:23 PM 100998    636616    0.00    1.00    0.00    0.00    1.00     4  postgres
08:43:23 PM 100998    636617    1.00    1.00    0.00    0.00    2.00     6  postgres
08:43:23 PM 100998    636630    1.00    1.00    0.00    0.00    2.00     5  postgres
08:43:23 PM 100998    636631    1.00    1.00    0.00    0.00    2.00     5  postgres
08:43:23 PM 100998    636632    1.00    0.00    0.00    0.00    1.00     4  postgres
08:43:23 PM 100998    636633    0.00    0.00    0.00    0.00    0.00     4  postgres
08:43:23 PM 100998    636634    1.00    1.00    0.00    0.00    2.00     5  postgres
08:43:23 PM 100998    636635    1.00    1.00    0.00    0.00    2.00     6  postgres
08:43:23 PM 100998    636636    1.00    1.00    0.00    0.00    2.00     6  postgres
08:43:23 PM 100998    636638    0.00    1.00    0.00    0.00    1.00     5  postgres
08:43:23 PM 100998    636639    0.00    1.00    0.00    0.00    1.00     6  postgres
08:43:23 PM 100998    636640    1.00    1.00    0.00    0.00    2.00     4  postgres
08:43:23 PM 100998    636642    0.00    0.00    0.00    0.00    0.00     4  postgres
08:43:23 PM 100998    636644    0.00    1.00    0.00    0.00    1.00     6  postgres
08:43:23 PM 100998    636646    0.00    1.00    0.00    0.00    1.00     4  postgres
08:43:23 PM 100998    636648    1.00    1.00    0.00    0.00    2.00     6  postgres
08:43:23 PM 100998    636653    0.00    0.00    0.00    0.00    0.00     6  postgres

08:43:23 PM   UID       PID    %usr %system  %guest   %wait    %CPU   CPU  Command
08:43:24 PM 100998    636535    0.00    0.00    0.00    0.00    0.00     6  postgres
08:43:24 PM 100998    636536    0.00    0.00    0.00    0.00    0.00     6  postgres
08:43:24 PM 100998    636538    0.00    0.00    0.00    0.00    0.00     4  postgres
08:43:24 PM 100998    636539    0.00    0.00    0.00    0.00    0.00     5  postgres
08:43:24 PM 100998    636605    0.00    0.00    0.00    0.00    0.00     6  postgres
08:43:24 PM 100998    636613    0.00    0.00    0.00    0.00    0.00     4  postgres
08:43:24 PM 100998    636615    0.00    0.00    0.00    0.00    0.00     5  postgres
08:43:24 PM 100998    636616    0.00    0.00    0.00    0.00    0.00     4  postgres
08:43:24 PM 100998    636617    0.00    0.00    0.00    0.00    0.00     6  postgres
08:43:24 PM 100998    636630    0.00    0.00    0.00    0.00    0.00     5  postgres
08:43:24 PM 100998    636631    0.00    0.00    0.00    0.00    0.00     5  postgres
08:43:24 PM 100998    636632    0.00    0.00    0.00    0.00    0.00     4  postgres
08:43:24 PM 100998    636633    0.00    0.00    0.00    0.00    0.00     4  postgres
08:43:24 PM 100998    636634    0.00    0.00    0.00    0.00    0.00     5  postgres
08:43:24 PM 100998    636635    0.00    0.00    0.00    0.00    0.00     6  postgres
08:43:24 PM 100998    636636    0.00    0.00    0.00    0.00    0.00     6  postgres
08:43:24 PM 100998    636638    0.00    0.00    0.00    0.00    0.00     5  postgres
08:43:24 PM 100998    636639    0.00    0.00    0.00    0.00    0.00     6  postgres
08:43:24 PM 100998    636640    0.00    0.00    0.00    0.00    0.00     4  postgres
08:43:24 PM 100998    636642    0.00    0.00    0.00    0.00    0.00     4  postgres
08:43:24 PM 100998    636644    0.00    0.00    0.00    0.00    0.00     6  postgres
08:43:24 PM 100998    636646    0.00    0.00    0.00    0.00    0.00     4  postgres
08:43:24 PM 100998    636648    0.00    0.00    0.00    0.00    0.00     6  postgres
08:43:24 PM 100998    636653    0.00    0.00    0.00    0.00    0.00     6  postgres

08:43:24 PM   UID       PID    %usr %system  %guest   %wait    %CPU   CPU  Command
08:43:25 PM 100998    636535    0.00    0.00    0.00    0.00    0.00     6  postgres
08:43:25 PM 100998    636536    0.00    0.00    0.00    0.00    0.00     6  postgres
08:43:25 PM 100998    636538    0.00    0.00    0.00    0.00    0.00     4  postgres
08:43:25 PM 100998    636539    0.00    0.00    0.00    0.00    0.00     5  postgres
08:43:25 PM 100998    636605    0.00    0.00    0.00    0.00    0.00     6  postgres
08:43:25 PM 100998    636613    0.00    0.00    0.00    0.00    0.00     4  postgres
08:43:25 PM 100998    636615    0.00    0.00    0.00    0.00    0.00     5  postgres
08:43:25 PM 100998    636616    0.00    0.00    0.00    0.00    0.00     4  postgres
08:43:25 PM 100998    636617    0.00    0.00    0.00    0.00    0.00     6  postgres
08:43:25 PM 100998    636630    0.00    0.00    0.00    0.00    0.00     5  postgres
08:43:25 PM 100998    636631    0.00    0.00    0.00    0.00    0.00     5  postgres
08:43:25 PM 100998    636632    0.00    0.00    0.00    0.00    0.00     4  postgres
08:43:25 PM 100998    636633    0.00    0.00    0.00    0.00    0.00     4  postgres
08:43:25 PM 100998    636634    0.00    0.00    0.00    0.00    0.00     5  postgres
08:43:25 PM 100998    636635    0.00    0.00    0.00    0.00    0.00     6  postgres
08:43:25 PM 100998    636636    0.00    0.00    0.00    0.00    0.00     6  postgres
08:43:25 PM 100998    636638    0.00    0.00    0.00    0.00    0.00     5  postgres
08:43:25 PM 100998    636639    0.00    0.00    0.00    0.00    0.00     6  postgres
08:43:25 PM 100998    636640    0.00    0.00    0.00    0.00    0.00     4  postgres
08:43:25 PM 100998    636642    0.00    0.00    0.00    0.00    0.00     4  postgres
08:43:25 PM 100998    636644    0.00    0.00    0.00    0.00    0.00     6  postgres
08:43:25 PM 100998    636646    0.00    0.00    0.00    0.00    0.00     4  postgres
08:43:25 PM 100998    636648    0.00    0.00    0.00    0.00    0.00     6  postgres
08:43:25 PM 100998    636653    0.00    0.00    0.00    0.00    0.00     6  postgres

08:43:25 PM   UID       PID    %usr %system  %guest   %wait    %CPU   CPU  Command
08:43:26 PM 100998    636535    0.00    0.00    0.00    0.00    0.00     6  postgres
08:43:26 PM 100998    636536    0.00    0.00    0.00    0.00    0.00     6  postgres
08:43:26 PM 100998    636538    0.00    0.00    0.00    0.00    0.00     4  postgres
08:43:26 PM 100998    636539    0.00    0.00    0.00    0.00    0.00     5  postgres
08:43:26 PM 100998    636605    0.00    0.00    0.00    0.00    0.00     6  postgres
08:43:26 PM 100998    636613    0.00    0.00    0.00    0.00    0.00     4  postgres
08:43:26 PM 100998    636615    0.00    0.00    0.00    0.00    0.00     5  postgres
08:43:26 PM 100998    636616    0.00    0.00    0.00    0.00    0.00     4  postgres
08:43:26 PM 100998    636617    0.00    0.00    0.00    0.00    0.00     6  postgres
08:43:26 PM 100998    636630    0.00    0.00    0.00    0.00    0.00     5  postgres
08:43:26 PM 100998    636631    0.00    0.00    0.00    0.00    0.00     5  postgres
08:43:26 PM 100998    636632    0.00    0.00    0.00    0.00    0.00     4  postgres
08:43:26 PM 100998    636633    0.00    0.00    0.00    0.00    0.00     4  postgres
08:43:26 PM 100998    636634    0.00    0.00    0.00    0.00    0.00     5  postgres
08:43:26 PM 100998    636635    0.00    0.00    0.00    0.00    0.00     6  postgres
08:43:26 PM 100998    636636    0.00    0.00    0.00    0.00    0.00     6  postgres
08:43:26 PM 100998    636638    0.00    0.00    0.00    0.00    0.00     5  postgres
08:43:26 PM 100998    636639    0.00    0.00    0.00    0.00    0.00     6  postgres
08:43:26 PM 100998    636640    0.00    0.00    0.00    0.00    0.00     4  postgres
08:43:26 PM 100998    636642    0.00    0.00    0.00    0.00    0.00     4  postgres
08:43:26 PM 100998    636644    0.00    0.00    0.00    0.00    0.00     6  postgres
08:43:26 PM 100998    636646    0.00    0.00    0.00    0.00    0.00     4  postgres
08:43:26 PM 100998    636648    0.00    0.00    0.00    0.00    0.00     6  postgres
08:43:26 PM 100998    636653    0.00    0.00    0.00    0.00    0.00     6  postgres
